floating_base_joint_x,floating_base_joint_y,floating_base_joint_z,floating_base_joint_qw,floating_base_joint_qx,floating_base_joint_qy,floating_base_joint_qz,left_hip_pitch_joint_q,left_hip_roll_joint_q,left_hip_yaw_joint_q,left_knee_joint_q,left_ankle_pitch_joint_q,left_ankle_roll_joint_q,right_hip_pitch_joint_q,right_hip_roll_joint_q,right_hip_yaw_joint_q,right_knee_joint_q,right_ankle_pitch_joint_q,right_ankle_roll_joint_q,floating_base_joint_vx,floating_base_joint_vy,floating_base_joint_vz,floating_base_joint_wx,floating_base_joint_wy,floating_base_joint_wz,left_hip_pitch_joint_dq,left_hip_roll_joint_dq,left_hip_yaw_joint_dq,left_knee_joint_dq,left_ankle_pitch_joint_dq,left_ankle_roll_joint_dq,right_hip_pitch_joint_dq,right_hip_roll_joint_dq,right_hip_yaw_joint_dq,right_knee_joint_dq,right_ankle_pitch_joint_dq,right_ankle_roll_joint_dq,floating_base_joint_acc_x,floating_base_joint_acc_y,floating_base_joint_acc_z,floating_base_joint_alpha_x,floating_base_joint_alpha_y,floating_base_joint_alpha_z,left_hip_pitch_joint_ddq,left_hip_roll_joint_ddq,left_hip_yaw_joint_ddq,left_knee_joint_ddq,left_ankle_pitch_joint_ddq,left_ankle_roll_joint_ddq,right_hip_pitch_joint_ddq,right_hip_roll_joint_ddq,right_hip_yaw_joint_ddq,right_knee_joint_ddq,right_ankle_pitch_joint_ddq,right_ankle_roll_joint_ddq,fallover
-0.0027421307328519655,8.737507702648877e-10,0.7906008645183167,0.9999831152630317,1.597928729102787e-08,0.0058111262972002755,-4.862312507598205e-09,-0.05757097643335702,-0.0006896505052695505,-0.0029780136412001384,0.12569670047223272,-0.07618242263391398,2.7516392895085615e-05,-0.057570981578436965,0.0006892804977533147,0.0029781814403752106,0.12569668590940763,-0.07618243825327659,-2.7555718382952283e-05,-0.16201217655187258,-1.3815040528913289e-07,-0.20886621142642928,-6.422664153380801e-07,0.6749498579004031,-1.6199792552671605e-06,-3.3278256815342258,-0.000836878563749633,0.014219305791013027,6.7477049258397415,-4.853138256753754,0.007068559153738307,-3.327826241084361,0.000842126993623165,-0.014222935012854362,6.747702736553316,-4.853140604694491,-0.007083299973987094,1.2119119216013121,-9.626814352933029e-06,-8.495753051281897,-0.000638222426356262,-7.456164679069914,-0.0001893507676475863,41.22852759103926,4.45100488663683,17.560690904562144,-197.71694488381587,-60.2461452427941,1.4446619671613052,41.228509608719094,-4.449010304663,-17.568464364197563,-197.71723314588044,-60.24609536149466,-1.447843887750788,0.0
-0.005076720844871598,0.00021943499641189512,0.7873651532141542,0.9999262346850932,0.0019694638304248993,0.01049810680923916,-0.005782400378209844,-0.08951503266167388,-0.0026820049344237107,0.006924971531065204,0.18014533217148698,-0.12304256565351221,0.00992183834252238,-0.13144186497398597,-0.001755918218997482,0.0071040624714352974,0.263070758743848,-0.1504102004395052,-0.01938550525250277,-0.07128136680292455,0.02095366221255385,-0.10808085768392658,0.42532302369226005,0.2581062557801561,-0.8194776177665509,-0.675870898066008,-0.3086384243758471,0.8230813631870425,1.0797230249370136,-0.8146324562507063,0.30649203248152307,-3.4195232053605236,-0.315308181897499,0.3047123679973509,6.277214629208911,-2.6520709130939433,-1.1324927029087775,5.967043351350155,0.37185402138938356,4.488219381673865,18.83711333864747,-28.035987631478065,-14.546367622394929,90.11857768783476,-18.472735315276026,19.957994973111486,-118.92074427173883,79.73724408619123,-3.0364652648121577,72.97646812325048,-19.662668087694986,-28.81174977943695,-108.09936595642564,72.48989313300383,11.397213698111676,0.0
-0.005923111594249233,-7.779009893053382e-05,0.7862399588948573,0.9997807019962415,0.0060310306904340525,0.012230791326199463,-0.015892838898339368,-0.08868219671569426,-0.006368720680252459,0.027124898081700266,0.17634436402198708,-0.12464236825086199,0.014691919061361742,-0.2103277895466694,-0.015911543911268932,-0.0519883532364954,0.43893113895648106,-0.26286647900574495,-0.034158296019692926,0.003183950219401802,-0.05792308235536764,-0.014062548395385266,0.31798681049322464,0.011086627842530498,-1.0352323456844736,0.6270002919589701,-0.0051969149307319745,0.9877273849700005,-0.9086531994961606,0.22210320742861314,0.18733985003207956,-3.3773272696717656,-0.24259131686619992,-3.2760272621167807,8.107543388808619,-5.179725513991755,-0.5661035961807903,5.848233752818925,-5.720032733227753,4.483245656892522,-17.314965898690915,-21.47591618995875,3.728663275556138,58.72767895508732,25.87154073239539,-12.399069156801378,-54.803442005419434,15.510055001236022,-6.414712771123984,109.66638239817556,98.47853232356077,72.15034349455354,-208.1171160766786,118.33991204252492,16.324726426471667,0.0
-0.004622102929714847,-0.002164974707160652,0.7870693005496243,0.9995942156104664,0.00804788368504489,0.009800841620678485,-0.02550645388553373,-0.053194683210700776,-0.00437709292371106,0.04312560476969641,0.1250976764906862,-0.10430026800703233,0.020927063032905605,-0.26819102231366676,-0.008395361371199584,-0.08863546107061442,0.6072817997106311,-0.32514887472728987,-0.036207820577071004,0.1146130706391872,-0.15251805413775063,0.07662061309109454,0.0417819184339046,-0.44768971321148626,-0.7200601275447536,2.360636338605664,0.2664166198688205,0.46410116863522033,-3.2274773971507384,1.278761161969394,0.3513218077252319,-2.035038756347117,0.8892453933181572,-1.197624743651296,7.2208915404086955,-2.071479013678892,-0.00029930798846659456,4.906498963098553,-5.9658466190635195,2.974547166007438,-26.038969397781614,-19.54545045648979,36.940183866345016,35.910313859987724,24.92621165783453,-48.90477431417138,-23.835160509961025,4.47671741459189,0.8903926828967204,112.6974336040133,56.98417661411291,36.27792662518763,-200.63237763484184,73.02989629601346,3.345204200227469,0.0
-0.0024251545694989026,-0.0060338107658411445,0.7888752923511338,0.9995235647915728,0.0066249674205362714,0.0062124720642026555,-0.029498447821446297,-0.02989211934741589,0.006113275540423275,0.05432783763622691,0.10647256612709194,-0.1044523615625436,0.05896793592684304,-0.29089954288021375,0.018959269519851135,-0.10394786120282641,0.6995281663241707,-0.37038045182712726,-0.03946512229002771,0.11202868799640033,-0.22475656037822947,0.09519942231187843,-0.26767736428129696,-0.3245690163163824,-0.1836855917462324,0.5375437551412937,0.713858229461721,0.4595914501646963,0.22543762512673612,-0.5109114435444845,2.336290132191947,-0.46521666934436046,1.6703073370510397,-0.578788656724708,2.762074505171688,-2.084592042557961,-0.16234569382665803,0.5125508585095647,-3.1453507434651327,0.08014108540133422,-13.964384849940805,3.6486907190904074,19.689481708633483,-47.75694458404548,18.49498654534449,-18.305665847584088,83.79832339511063,-28.125749691893592,4.340620870231405,64.54251520941756,24.377176938684027,10.625385270647039,-172.78754691648442,30.256337098366604,3.5688066318919995,0.0
-0.00011846261118252224,-0.010347716519081515,0.7903158381981149,0.9994125510574547,0.004740194642807196,0.003092255365302877,-0.0338012026462719,-0.00818122506948303,0.019060826072190794,0.06662868310058166,0.08790656030397043,-0.09682853603106376,0.08506890999675089,-0.3148574997115549,0.04884453240107174,-0.08040025699281077,0.800276781584472,-0.3938465937217469,-0.06021999677712978,0.12300653242436323,-0.21310158014145444,0.06500345531148345,-0.1536805982703839,-0.33235184676128404,-0.4180017847665159,1.2831294820594188,0.5888442696613306,0.5227803667060471,-1.309719789417135,0.5955269840549372,0.9912311184932789,-1.2030094121852475,0.9961137745767028,1.5607103736755699,5.279867610261423,-0.632204344961959,-1.0680816563526851,1.0163542769452216,-0.1068816059706364,-0.13229391960762804,-1.5298115744890532,-1.650936628724112,14.89181869466582,4.761548205839878,-5.170990183195254,-25.021070923733912,-7.747989278252064,-3.5009999606904643,-11.212175993569836,33.25310864111601,-75.72984716180292,-16.374826503582113,-69.58632256714353,40.45754883962457,15.839644962198811,0.0
0.001353521994917258,-0.015044057601794947,0.7916854791911493,0.9994428787290301,0.0022441387375847755,0.003829616124784402,-0.03307914810712177,-0.02064268626106725,0.043007799262116106,0.09967527485852543,0.12113616109483565,-0.11879928966130329,0.1286592597372164,-0.3287132322193803,0.05424143898698521,-0.07854496033671768,0.8458637099750912,-0.43317045332572734,-0.05964868713432436,0.04693319029240789,-0.2537360994776876,0.05240437916218366,-0.3509602445379897,0.31742895209395217,0.3729849591134907,-1.5541943008045758,1.580525966541915,2.064588374754787,2.8244462446703906,-1.2437262586602926,2.3376319390723985,-0.40891333656318896,-0.08267447787002963,-0.6169831805102559,0.5177686909933104,-2.1332820816852633,0.22586294135061544,-1.914592566438556,-0.4077418205155653,-1.426705905017562,-1.9466849664068508,23.229842159153417,20.15963223529896,-66.687621999375,-54.439793262242524,-223.72030661065884,62.65596863916743,-131.72208563749695,-192.0981487828714,20.41818535885985,-38.56723013365887,-41.61392110860062,-140.7745024964644,18.5113156250739,2.021356595812246,0.0
0.003471063026787429,-0.019498424769360232,0.791698438045946,0.9994532212167025,0.0012670765928372387,0.004058997711187174,-0.032789901708385694,-0.03009287492620977,0.07033294605690496,0.14440363357254773,0.15536042604943545,-0.1418024233191469,0.12381476298056349,-0.3194844885705284,0.06471931013599899,-0.019244535477094822,0.8139072907168542,-0.47439368833099177,-0.05171599226585012,0.1395852998543186,-0.1881303221335641,-0.050707482040784985,0.14692439721935133,-0.1540933898610439,-0.09950780114851508,0.10854330463927765,1.0757110408475885,2.3916200262503344,1.0655373337475735,-0.5331544515991967,-0.7339978853953669,0.9026708904256243,0.2650117112315481,4.554761636539356,-2.429800205324514,-1.88039561171412,0.30651016897648964,2.684946090983233,4.5792385862872615,-6.0828789643949,30.446018112910174,-14.048019218428301,-3.9492964602071434,39.801556534263284,-54.57070724718939,-31.52962341196817,-45.11037404752541,51.88814037109916,-27.728552503161218,29.632075741190214,-83.3305767910582,78.33092091872417,-31.858805305966627,26.337887714130474,-14.181201587550275,0.0
0.005073483187521447,-0.022538969353646802,0.7899573080648113,0.9996012974816919,0.004723766487917379,0.006173283735159383,-0.027144477725863193,-0.09326180756734906,0.08006428253162148,0.15900415259674114,0.31190783400342953,-0.2316504176628801,0.09717960258731806,-0.27119215964441595,0.03813063474336276,0.029899325567269208,0.608143092734355,-0.5767958729636775,0.015386056709296315,0.05492261996135382,-0.10454553091291859,-0.17646325517548994,0.5913971511255252,0.41359669582056313,0.5501085304884955,-3.996834490899658,-0.2784492815512072,0.047263507150680305,9.739560856083353,-4.464284703145654,-0.5573983920003985,2.567342935303809,-2.3459818767102183,1.3277191221642375,-12.763489859046773,-5.540301422688249,3.4176020651954837,-1.5377358851584595,6.285845985575597,-12.876493573920738,35.97383609142872,14.475294051133869,-38.333926211145965,22.16377031405818,-98.08663064938676,-14.524657061780907,-49.92274189394711,125.52676455455321,51.95177031771179,-62.19513760588973,-90.18830974717709,-85.11731949914825,8.946145755957346,43.06893698453495,-58.484280679526556,0.0
0.007020199262576197,-0.023975233259165805,0.784472649972028,0.9994884452134839,0.01298797617540983,0.007082368910241494,-0.02835490099115097,-0.13414029032462932,0.054056860473690564,0.1281407069928834,0.4187151946329024,-0.2809985493078903,0.11025872359793452,-0.24454980044501468,0.008548669879752063,0.10399803067732578,0.45693640599310315,-0.5263261746124626,0.032480793505450224,0.11419480423536774,-0.0718665028948907,-0.2945238298708124,0.7683797209362893,-0.062476709870281824,-0.7437220101690155,-0.7407891992090792,-1.2609575705655853,-1.5464060921205813,2.6330395263231794,-1.8488951239792148,0.7494905831693743,-0.4223801416899272,-0.9789561723762822,1.9133927939905813,-1.7395019691914866,6.371666083525121,0.4883055687729533,2.3668516639384087,-1.885101678741986,1.5089335869909914,-21.730761480012557,-21.0938602803181,-62.1246779127635,127.79575733934561,49.8931808162783,41.35734506757917,-231.12921800897345,30.905312677076015,-11.891315946362816,-160.05802003932325,104.87637526761661,-153.32641852303192,536.3259979341167,158.2075353845662,-19.376341128721727,0.0
0.008963053956620984,-0.026065527842414036,0.7814937472708072,0.999293890348773,0.013820492004601214,0.009323395909534788,-0.033671783455561946,-0.1723238168030961,0.039718010809150404,0.09894065184781388,0.5165137743054302,-0.30774745156490724,0.09220964123873811,-0.25059647422506875,0.01387694445597693,0.12758892551943282,0.425457261519966,-0.3807107691704053,0.04479519235255633,0.10555873235085045,-0.11612182622746417,-0.03504154915428229,-0.3671200959901316,0.3529961280319024,-0.43243194829781334,-2.1418665268794954,-0.4610267407263292,-1.1121843200806745,4.940228315491008,-0.818099384744177,-1.0395589148638398,0.10684963512592714,1.0147863798394523,1.0153739991992354,-1.9789054090451412,6.40376334451253,0.4458016913133198,2.055309036641171,-0.20616944301234127,11.900854388065474,-41.01060648208449,10.169221433138436,7.8813496178484765,12.269711280658736,12.157767921856177,42.59962638255405,-91.14294547798241,44.53167077520831,18.06847767573737,59.920594273267966,57.92500007693377,-7.632481091758303,-75.1401978133287,-163.98925453484816,-25.340586095138274,0.0
0.01126001963852805,-0.028315543178398395,0.7814093603318107,0.9991576721430687,0.008013675033561814,0.013705240808125704,-0.03784036977211871,-0.21162659774760909,0.033626191879586265,0.07654570457824823,0.6012491711381509,-0.3265537265999469,0.07856448421837364,-0.24952610781206316,0.03544646642815845,0.1357256653009436,0.3939739898536305,-0.2908817713749894,0.04243857130567336,0.12978325722138864,-0.10678030078417271,0.018282065034047165,-0.7331953920996399,0.42886663341696657,-0.4541678108286782,-1.6174715177870664,-0.1569372499916084,-0.9005603865683114,3.209620009920635,-0.8160328690732257,-0.5150137778291851,0.15445095160603528,1.1086982212478254,0.09634938335847193,-1.53810755176958,3.1950322825536124,-0.3053877989386209,1.9139303667754626,0.8430948062476059,2.1576097937656495,-12.889288611774681,0.5978506885298822,-4.425312900592504,45.976831447412806,15.988455603385123,32.55750021025907,-129.2242159354748,16.616376395832123,13.461239687852009,16.560524470808886,1.7957340823423413,-23.758029507510578,-9.175424751294342,-125.66275351338061,-6.8167104228020605,0.0
0.015100911425648636,-0.029491286229260227,0.7817355502084128,0.9989197589609506,0.0028344426456591086,0.015458871263217627,-0.04372990271601334,-0.2180716613605161,0.020408864011963516,0.06433807877288845,0.6195209983099171,-0.36996637619164696,0.06929151318430236,-0.23265389562144428,0.04886864893851464,0.137753897270646,0.34631153981862256,-0.19475788606459263,0.03727599273691438,0.22519312899549973,-0.023390069943576834,0.006494653913323523,-0.36446312016074717,0.005885775055705901,-0.7144194309242182,0.3554551427869141,-0.9575059531835464,-0.3141392364993525,-0.2153941994799182,-2.2904404177297,-0.3909710927571739,1.0346630711948843,0.423210901845081,0.1558655461900501,-2.333983460247568,4.618663410536225,-0.19277731934170184,2.549031858793735,3.599074178259138,-1.7210414121758375,14.463903195344209,-10.937748898541235,-12.022673601708497,48.95418765586534,-24.879467498692463,35.25817287805288,-71.82019294110327,24.595281907313232,8.004525730293299,1.1774347422449045,-20.841367235955392,7.933933606314556,38.85450810119704,-77.36618460399093,8.073250221663525,0.0
0.02017914690223542,-0.029333464022333226,0.7815927194115683,0.9985250158497202,-2.5761161776638895e-05,0.014491311810457565,-0.052323932771642025,-0.1959298373730059,-0.0019855525307443905,0.06533314139755866,0.5870948178079871,-0.4025826784812555,0.0664868991010268,-0.2138895014622924,0.052706824612244886,0.13779623604191069,0.3125360781264756,-0.1281166680413992,0.035586686089746335,0.26189406534754883,0.02074967545219897,-0.009715658319961991,-0.2933487151209176,-0.13568966768012386,-0.9420071194662712,1.3430917071670787,-1.0774332405238625,0.2678566047643252,-1.9392293251693167,-1.3429916055411955,-0.06450551303542901,0.7055361336211705,0.4005932863098045,0.31608547811322496,-0.8435026169033175,1.397443420269754,-0.19744022687992985,0.06936291958111127,0.7338550993804206,0.46925003580992763,-9.311526358637959,1.2499903072075367,-2.736071202434574,2.5458620559586205,13.145414790995394,14.632855214294244,15.938980672317413,24.124357307399237,2.123762260421134,-24.252810114056714,37.37823349075484,45.100253417523376,82.77190718423799,-212.8786706042209,-19.90165256139182,0.0
0.025673101181993493,-0.028815351873346506,0.7813909633863991,0.9980080850347409,-0.004177042818897036,0.013078925285860112,-0.06157398989789303,-0.16128710082069458,-0.019662437710933515,0.0752010698999959,0.5352427858546392,-0.41439369113232283,0.0661244263093806,-0.2014020616373943,0.06416033108889709,0.145415941678881,0.30492257739996925,-0.12575142959705135,0.032047606195004325,0.27654427198137727,0.029194563536806543,-0.018062637922529923,-0.48899503927856297,-0.14188352754934663,-0.850692310309749,1.737735810946099,-0.7618507662489185,0.4860756376610508,-2.3686312334917425,-0.40315258252383074,-0.002733591813470564,0.5645800664725393,0.6605794603899852,0.3074200667564997,-0.20885028002616746,-0.3753194909553733,-0.16105136404572976,-0.35663724774160493,0.3364457629168405,-1.3288431209126261,-11.047000935753378,5.202144669674172,13.582935961515341,-17.866027285593653,11.869191916823306,-10.638538397990237,66.37236928461834,7.0011010761686405,0.6639183262379751,-7.272312837853379,6.301152227774876,-15.779318625787072,8.177435828412403,-24.5999288639014,1.6779021618219694,0.0
0.03144074277532463,-0.028119205991537694,0.7807612058371887,0.9974175963978851,-0.010089041587715272,0.012000761926478346,-0.0700880257168925,-0.11829575685220059,-0.03208296080405627,0.0851051004474151,0.47198376403016284,-0.4134850041720764,0.07084123937257726,-0.19026621424325674,0.07904089201986761,0.15134434613719236,0.30192572139657653,-0.13561469385008862,0.028642451521437615,0.2853466392232494,0.037960695776609016,-0.0484951523777407,-0.6623833865437578,-0.0792234847750227,-0.7987834923107892,2.0931400772893665,-0.5054743407868697,0.3427015417470283,-2.88311286080707,0.05495692798620753,0.2377009881429082,0.4568535967694298,0.8018787414579368,0.18391866471133622,-0.0855884358915013,-0.5342747370699042,-0.1739234801204113,-1.0941660519569891,0.29779108462914744,-2.143049994001241,-10.917425235778914,10.48037149563209,11.313757273500723,-28.691331804412847,13.945033141986979,-22.89750705538041,80.97711168272959,-6.292691913320459,-4.597026834756715,-16.40620204958846,5.585629068433441,-17.979241570013325,7.034979515302653,-0.7794139535907242,0.3162473703579718,0.0
0.03720555096006037,-0.02731086443316277,0.7792217597826656,0.9966670680069046,-0.017791214213435727,0.01220072916932641,-0.07867255210725903,-0.06935254698307568,-0.03801766227223516,0.09225175448368006,0.3983411920652943,-0.40206141927842387,0.0805450075217169,-0.18523566070536093,0.09764142656946759,0.15465164457898503,0.3058241398178014,-0.1483100011886298,0.024653859545084734,0.2787139244349565,0.041135080473268776,-0.10423847896935413,-0.8617029993086658,0.07263647068431499,-0.840296025114107,2.317049521336527,-0.1326521851945335,0.1779203103011857,-3.2949664078958443,0.5108239660598735,0.4554305317667805,0.04585708144714151,1.0250582088352402,0.06502976113307968,0.339643132741561,-0.5772843983086332,-0.1957995721916125,-1.68472770719236,0.10208240622413838,-3.116244857022052,-11.728039137757621,13.81817508476825,8.30170722493935,-36.90594834458128,18.984596788372354,-24.02098200452913,96.53470175739437,-17.62288101461248,-8.63709103130595,-23.965280210752077,8.704868542274312,-15.922585958287272,8.93285666862355,16.680753470614018,2.099148704240988,0.0
0.042650935867965714,-0.026145998088501612,0.7767466451350434,0.9956631857568391,-0.025827613479343835,0.014465937280913296,-0.08819575709232666,-0.027789644600885427,-0.03831077780813973,0.09464679585642369,0.32926602892430334,-0.3573513425631244,0.0985566480581889,-0.19386193320982065,0.1098830547649211,0.14127884922271516,0.32232934519063755,-0.15956655201623202,0.02820531987421272,0.2685242492534205,0.0872353997132725,-0.10681123418596121,-0.6076407605675866,0.28065261129447955,-1.0344549461428938,1.1798324128871507,-0.06684794611318351,-0.14328251652289015,-2.3302695791541685,3.739068275336093,0.8579562433331577,-0.6554291546736792,-0.028852333341439232,-1.3161415576299342,0.8025746442226003,-0.19783444044048715,0.6064698867740138,0.3148002690410583,3.0922837257673432,2.407326937633,23.970761445849156,7.84981246236056,-10.170700466094836,-95.76234183349145,8.870489241481874,27.361199898206284,152.1713503536906,20.51994452789948,-61.36576300370688,-11.802382503543232,-58.35297005030763,-38.80935102638521,-10.2121644942525,25.224942519658143,21.437843730629588,0.0
0.048468425334295705,-0.023762515511347376,0.775408208928237,0.9943809944468666,-0.02871121210417729,0.01742706168554241,-0.10039124316083675,-0.011651296266984192,-0.03815432895033624,0.10900595923391043,0.3018987921071679,-0.32122280436697365,0.10977540119468673,-0.2118579222809162,0.09629728580983275,0.10519990363549801,0.3485971053846087,-0.18768862634837066,0.031202314286741115,0.31922648852551927,0.1450277144859725,-0.040422413711985586,-0.04774596841244442,0.2850004163109064,-1.3786147170159475,0.7626738793321657,-0.11426464788184665,1.2004680635969593,-0.9187938948555167,0.04739476492770969,0.42845497718914294,-0.8542406140680144,-1.138101370466919,-1.9215957701939914,1.2539779711328498,-1.4720036109266235,0.047051604051172105,3.3726280054105278,2.0696684639246157,1.6264785309872525,21.590246963959153,-3.5625027407138217,-16.479051378473812,14.616927206654593,-18.60713973358196,32.97822184340285,2.144452903218702,-96.74872174995211,-10.802933967683057,14.510770145376885,-23.64458625506578,29.647480297783808,-17.20444380013438,29.573483345973045,4.341896700690305,0.0
0.05519649587311889,-0.020879054445895308,0.7745947990444881,0.9929971842867312,-0.02850799669648756,0.020032981206986645,-0.11288297385760922,0.0006891579244900623,-0.041764042397064,0.1313374080676463,0.29017566374000436,-0.332365669131423,0.11557061713845464,-0.23128699518502846,0.06837681316826191,0.0605620450526593,0.38049881868321805,-0.22708127308539056,0.03692089548836518,0.35527516049806496,0.13656469305676897,-0.04458277077642031,0.02625210834985224,0.2859174288207977,-1.1328917613475804,0.59503612771078,-0.21296936310770895,1.0088468124750385,-0.47087490918975244,-0.7595680282972505,0.215342669213641,-0.8575446214753648,-1.3645622147712841,-2.0365918243760217,1.514644957948292,-1.7767615358508213,0.4512171729048216,2.274870379034236,-1.3404131961626387,-0.6505838920361559,-0.9912833716272859,-2.61922097253844,13.627222208206359,1.3792632018756719,-1.1580557916116145,-14.374574821149507,6.5482697528093,-7.763511618955394,-6.07298212889169,23.52492185859983,20.4050979348619,48.65880663852848,-26.261782911193958,43.80506782278773,7.481143479211076,0.0
0.0628064374279126,-0.01843914803695801,0.7736382730252623,0.9917183515534651,-0.028460921905328757,0.022189085310557497,-0.12325717670568888,0.014989056069699629,-0.0456962284543488,0.1500497604216509,0.2783692331734316,-0.34613239032443965,0.1188448490055968,-0.247475798227283,0.040057121309191875,0.011278811189667181,0.41711265236623013,-0.26347054124701713,0.039158896747670195,0.4035389129637214,0.10431417450342767,-0.0530476907202494,-0.04358072744876262,0.2024937303683975,-0.9480754507164955,0.7954258843927687,-0.15964679992666786,0.8400497805894936,-0.6083833790190899,-0.6622718986346113,0.12468383264951644,-0.5501211045261966,-1.2295955913122865,-2.3850220459543636,1.6149537215457357,-1.7078616437556307,0.2925465814940574,2.5321664440980096,-2.344323285374198,-0.7241709022027603,-5.849121886444606,-4.790686908387796,10.382946328822618,5.787618322429529,6.229162031785508,-12.100892222291069,4.909377489591529,-0.2791055268870961,-4.2348503909115545,38.371917750205405,39.844713866813144,44.78698966257359,-47.82372638556244,23.85839464553666,13.763923708576812,0.0
0.07167206806554975,-0.016734387163521342,0.7724189602680158,0.9904040048286301,-0.02909545243585899,0.022844563422779317,-0.13315963273074322,0.037114569288281184,-0.04862292874125933,0.16847493500273705,0.2613535538588642,-0.3572512745850009,0.11860573681135511,-0.24653806590209187,0.017261847859771518,-0.05021672869001673,0.4339802074574183,-0.28370312806418335,0.03584544988943229,0.4674608368302815,0.06689725487786943,-0.07122424564860978,-0.07519873700112045,0.033895915695618395,-1.0443774029641268,1.223773623045578,-0.11066058087646227,0.963883108076129,-0.8707494358031925,-0.5603024651699632,-0.06824062990587594,0.40472428983046693,-0.6939299823983794,-2.649385086314332,0.43434069415971355,-0.746024660038618,-0.20625171000412207,2.0613202011516765,-2.1138311163208807,-1.4040315740335376,-3.1742014917795216,-2.852976845467607,-4.553087801495234,2.897656297231413,5.001966241259621,2.766634313410657,9.816948709607965,-6.188649670239,-2.803779246386959,29.47851467987017,66.4738194547041,92.59318829595311,-32.15617090936811,17.89384355410039,4.263834116361925,0.0
0.08161192986311351,-0.015705719827186475,0.770565404038818,0.9893698101667207,-0.030262809108667587,0.021599083938945777,-0.14058812427981734,0.05740647300175514,-0.050043649143319116,0.18105063775879504,0.2616029158273537,-0.37809392904224803,0.10165069510145895,-0.22222970026063887,0.014900376472036332,-0.06417456140025804,0.4075413525404749,-0.2435768885568653,0.021338025707075402,0.5085589839918487,0.04372099070602329,-0.10337525458625732,-0.12415382781187045,-0.17218426560391192,-0.575293653194999,0.8754880609472963,-0.020174892075898426,0.4323858911285271,0.44800022188358946,-1.2315728470840104,-1.067984190761501,1.238682763894907,0.14876666458890578,0.2936189108861851,-1.314388794269755,3.1630917630814364,-0.3146834933923451,1.046429988484562,-0.5962568831168424,-1.1974454472409872,-4.537740051661758,-4.387250139428799,18.677812801085263,-9.325018562470358,3.685143934952942,-19.338095677848532,28.54314971392017,-9.345340081276833,2.416116801830634,-13.874682557277982,9.086763722626628,43.35275730396342,47.361953874447615,9.288281389642016,38.709348003952954,0.0
0.09149661124567361,-0.01451669824600918,0.7689968801377263,0.9888038450226957,-0.0325689626117067,0.020580870757999838,-0.14416187603375655,0.045209275117303126,-0.057233193722823546,0.14065222056455215,0.3485824971634793,-0.4188966081115759,0.08825481780770975,-0.19805078483781577,0.02082037546478572,-0.051430802366789624,0.3824163175418239,-0.1957169217005085,0.0209069920047201,0.5017904383970315,0.06617553380434442,-0.038058314489994804,-0.34796629843175264,-0.15298566339062794,-0.43719502095414187,-0.8060258650521147,-0.15384811206807852,-2.307066114867804,5.133967238131709,-1.157677020357281,-0.6443991243950019,1.1682575397485095,0.38025061457810844,0.6069641938772554,-0.7591519517932971,0.1327924634742756,0.1857928788224632,2.5616623500823192,0.48455210112756447,4.405538614833055,-13.70240341127792,-9.845168383446392,-16.67216015157668,37.41216479907308,38.62601606471927,59.384697660089344,-52.56207530008243,78.75032550279438,11.291863897992839,20.07210412929858,13.167174041918557,3.199795746409695,7.2347100018082555,-147.57478375275213,13.211635251273444,0.0
0.1017726593464002,-0.012634977644335117,0.7690559616398384,0.9877222073984947,-0.036751496971626114,0.01950672330645845,-0.150577741476071,0.022233472788027342,-0.0626068620019965,0.08811733191836707,0.4794183673678691,-0.4514543277816161,0.07790472377588885,-0.17205537533455278,0.030118421605592843,-0.034520893487753786,0.3620307784498705,-0.20403888032730397,0.023291753121920687,0.5418395189297291,0.11721260614831817,0.032153079434286844,-0.36792661436202817,-0.19676616931269644,-0.9571856929760025,-0.7664545001079988,-0.2364731662567015,-2.0066768425530412,5.9374235256603844,-1.331330405616432,-0.4091953362297881,1.5079794815385132,0.5043219741411167,1.1572131382794855,-1.3294915746349822,-0.45608653731127996,0.12377924428529141,3.8449783532528947,2.7159342219413016,2.7341371190024675,6.506048547411757,-7.717248023505423,-37.468063942046236,70.81521549662116,6.389194502159366,96.86544351108057,-150.4672055272372,40.93899813568243,11.478370929201297,23.91842774708861,0.03800007846309261,40.29342342510804,-34.148091425263075,15.305173655121633,3.741262569902822,0.0
0.11297271472043088,-0.009641908363335085,0.7699216320673451,0.9860039910973881,-0.03997980554311278,0.017852412483333156,-0.16086962440834068,0.00961200704313943,-0.07092124821757521,0.051100810998347346,0.5855194028431236,-0.4745228643724922,0.06721906345299658,-0.14150720922479104,0.036646302768686315,-0.010061620214035163,0.3332024432878338,-0.21071824754682308,0.026763189372065215,0.5795374659941248,0.17632322867036074,0.04950742441566706,-0.18223030799395815,-0.15768004970117735,-1.1817305233651179,-0.3181692246081996,-0.4576822478384438,-1.3377136850572913,4.179740162164574,-0.9215168742503881,-0.46798632556745595,1.5234852843682267,0.17270193735263223,1.3601410064584425,-1.478506632540506,-0.23438572932706137,0.1925573472920504,2.2093535613750253,3.0164344672834678,0.38019460454813836,12.620056965831374,2.1450307881677353,-15.527466644343708,39.63594312057323,-0.5160715302635899,68.92739581547461,-147.35872573340373,22.18883190733093,10.98063873570843,-4.616741017353804,-18.567079298740957,18.482647721031565,2.0554965166670254,9.173942297594346,1.9365698168612426,0.0
0.12455031789012516,-0.0055636175113879345,0.7706032528394787,0.9841603669850807,-0.04109156105547156,0.016903679473611852,-0.17162203030516823,-0.00023678448407660777,-0.08088365359129095,0.024070203709557453,0.6640789768743308,-0.48955241385864856,0.062343527863088964,-0.11697361285579652,0.035322833518414996,0.015365778405843425,0.31132878068609104,-0.21714217449712303,0.02878776602476088,0.5849458097619891,0.2245800269389346,0.023124984262753927,0.005879921620765404,-0.012415113111537777,-1.0642300366255346,-0.42810187218188206,-0.4053828008796393,-1.039155024322617,3.1775112799577205,-0.576064214984987,-0.16125146274304158,1.043116650649753,-0.24937048665159706,1.2559735539218322,-0.8422309388627134,-0.37686508278282815,0.11110866706626893,0.9576849259063911,2.1783193346444785,-1.1331098528538348,10.047980580086342,4.924854071991942,2.1505809033761794,15.632912021396475,16.702174749887593,47.12813495184991,-107.30380078248737,15.915275889829545,5.436572230621968,-17.629742784235926,-19.652077873620684,0.3042890696830774,24.50801074452717,-5.878060760556443,5.611991875854487,0.0
0.13630096549658047,-0.0007671379207189044,0.7707522815278591,0.9824946536819378,-0.04089245659715417,0.016651183319307882,-0.18098287370335522,-0.010550859235857918,-0.0845627537209104,0.006928154770183748,0.7247159274001814,-0.5065150032999993,0.06283997997484224,-0.09906554827471539,0.027909542509647115,0.03815700243451767,0.29901044779848834,-0.22513273901559458,0.029779831742263698,0.5950121173209628,0.2521307263612063,-0.0030825878851960344,0.0662323613567028,0.02959297461175222,-0.8839138282286391,-0.43375338637082733,0.016693636899404354,-0.6270473060622571,2.474606124876674,-0.7674331978912566,0.05992320517755062,0.8117462126500945,-0.4746130683479646,1.0705287200212787,-0.45543217185216456,-0.4449987325765215,0.017053055438258493,1.0762814634225828,1.373551144547589,-1.059759103094548,4.269990819466833,0.4853613342583617,6.480671895927105,15.667113500088494,22.4864038348038,26.986866027192463,-81.7444270548554,16.30822912538618,0.20785666649881585,-7.5367840446547465,-11.863405978944584,-6.733876973015129,16.237418546301917,-6.626512263111326,-2.0018269620420805,0.0
0.14835256550572665,0.004431182935534497,0.7703944772078932,0.9810360984963269,-0.040555670675354094,0.016384646455795987,-0.1888251953095629,-0.017180649657328174,-0.07759951008780192,-0.0010526820954573192,0.7661061535737498,-0.5246926019296114,0.06469969737327282,-0.08353050205049971,0.017547959689091487,0.05713815576817962,0.29220264830418785,-0.23395250345275406,0.02998295734910325,0.6106573769644307,0.2676473793136185,-0.02966815443732364,0.03925798513525583,0.0016598508518464428,-0.7319994788575931,-0.20258445330629635,0.5684979242860687,-0.27511312166778007,1.5679446468782474,-0.8117033585435045,0.08838982537809999,0.7537825862136448,-0.5658323582701811,0.8627740048712047,-0.24626423582700946,-0.4821189933674782,0.0012172188726890924,0.9524007373480156,0.9823240418141312,-1.3120794777397222,0.05281689901228165,-1.0325824993185575,7.350380201269917,15.06378953629884,20.19803107090003,7.99655735438463,-61.392989116439,16.334731602681344,-1.4069288662773356,-2.7650271675126037,-6.158819996202696,-9.165488854003733,10.53625580478923,-7.026466543209855,-0.7232755033093363,0.0
0.1607496188974408,0.009929416484944177,0.7694638215516374,0.9797353798332605,-0.040631643138831455,0.01584937988695064,-0.19549028680733763,-0.01719771567806876,-0.060788647935688035,-0.004935165285820206,0.7862917215126332,-0.5418789100640206,0.06661196206247884,-0.0689267413573445,0.005944809501722742,0.07273616311266212,0.28968893244305616,-0.2444076053156342,0.029992150173228243,0.6266697806615282,0.2828271288405397,-0.06064277889566318,-0.010542523999019976,-0.03595657238932484,-0.6275265839591674,0.12488979355775559,1.0002649917166786,-0.21417464887834248,0.606067212892327,-0.7628009234701317,0.08502688629293602,0.7063993298462599,-0.6043372049388106,0.705313367672015,-0.03668614142445954,-0.5822329619057738,0.0014391680433626405,0.6810559665650783,1.03922865094989,-1.5728477361758728,-1.7595300551314919,-0.26728931110227067,6.854237641330547,10.116435750956557,13.316405415486814,-7.8869824612294135,-38.402284834952404,14.599055049246537,-1.472152110485708,-3.020470296996846,-3.469101331221519,-8.898439389801453,8.637539923859164,-7.546391553779026,0.4159614438944109,0.0
0.17344010323790937,0.015789514813017755,0.767884149799679,0.9785529352190319,-0.04125549317977464,0.015209808327404201,-0.20124810306523377,-0.011349480817635746,-0.03717533058291343,-0.010002702503676226,0.7900192633238573,-0.5566343497519592,0.0683335960340633,-0.05547884307486289,-0.006279718343340814,0.08553980900212958,0.2910895449800138,-0.2572379196312721,0.03010209282799264,0.6391967532323722,0.3036980225182651,-0.0944615176594908,-0.06790436738233119,-0.045514465910873776,-0.5474133138363143,0.35822173759090237,1.2755634090548045,-0.34682765888479256,-0.0183470853482966,-0.6440772215830131,0.0768557027495285,0.6304374983175366,-0.6275006757979975,0.5768728202745983,0.15122456295228698,-0.70252998524511,0.01871957959663028,0.41716863692527023,1.3862597979810778,-1.7316984450659143,-2.235690493644168,1.5875927296291965,5.584532121850789,2.4521395611722303,6.804295506243397,-13.560201753664174,-13.719674875764369,12.631338070315667,-1.1019706071668274,-5.500120254581088,-2.7266726878492435,-7.47482214126879,7.999923547739368,-6.852169968486873,3.3359655343943735,0.0
0.1863569822917217,0.022143379548044944,0.7656103889268517,0.9774473103864074,-0.04240163446126538,0.014800064870240394,-0.20634877003080887,-0.001788455663218294,-0.009290288909039872,-0.018120899035936014,0.783755873928976,-0.5686413432997067,0.06893759553096816,-0.04389397037564672,-0.01899756122123891,0.09608826411808578,0.2958896920442848,-0.2724680520617211,0.03099511729965574,0.6496044190407236,0.33174681298757985,-0.12979984905210548,-0.12339504875132734,-0.021215017032774994,-0.49338448700870996,0.4990668483222105,1.4440378596534433,-0.4983568710417997,-0.39354973776451246,-0.5209125463597366,0.01401184995097342,0.5270523857200629,-0.6546579158452625,0.47867081242160475,0.2964564825838485,-0.8094098380023588,0.08795552885934807,0.3449464292393002,1.7676164266535004,-1.7824329582319831,-2.1227263261695475,3.028574299645455,4.153884596576962,-2.458099463501507,2.2514390213397055,-12.117541063828387,1.2116020209494156,10.175811094950532,-0.7290890604997812,-6.1429328164344925,-3.0127284432684633,-5.733381777258775,4.7485052830484875,-4.916562417907841,6.0190164027973,0.0
0.19949689309299465,0.029121264854404277,0.7626258330114959,0.9763611318986579,-0.043954477717200416,0.014871818186270007,-0.21110607056646669,0.010946884651365904,0.02103058733396154,-0.029031942681918412,0.7678588450896279,-0.5780484061967377,0.06838082360472876,-0.03480417250061915,-0.032326865683221635,0.10506471452981327,0.3037722930059784,-0.2900404776502678,0.032653126600834505,0.6604448653087378,0.36579225103462915,-0.16578507064464662,-0.17201553764186342,0.02961012305965863,-0.4655530089806631,0.634142851258506,1.5342999211707686,-0.6238404009395909,-0.8499717250464381,-0.41476761765146253,-0.02665734941369159,0.38664371163136635,-0.6882875475582372,0.4092326145708323,0.4434631152094234,-0.9173154140849955,0.13134102194558492,0.2494277556998521,2.106988578734765,-1.8294002192050938,-2.1371550125580807,4.888281387720177,3.7293986158230514,-7.596945479539416,-0.6959594093547806,-10.00396985390473,10.713957651426593,7.02636839825204,1.183087658383652,-8.034003859377602,-3.32244773338248,-5.10157603870679,3.2251586127129284,-2.8783324870483495,7.772265878749055,0.0
0.21289105068327296,0.03682234209079492,0.7589135654536615,0.9752494083173605,-0.045785133013228174,0.015633310528841853,-0.21574965300900972,0.027690249343115664,0.05244909631418408,-0.04176507034262183,0.7369802430325988,-0.5837121202237993,0.06508592445865077,-0.028935218149233367,-0.04648279599842749,0.1129058876886347,0.31491602996725154,-0.30984453029872305,0.03509474002092291,0.6723401839876306,0.404275553882207,-0.20329062975495518,-0.21448824637991337,0.10872667245861868,-0.4476001618719096,0.8051699412574537,1.5655407460234514,-0.7005795597863289,-1.6133536049299073,-0.250425625795881,-0.1608739822293035,0.20199553467666106,-0.733244626306905,0.34878159959337485,0.6078160833727969,-1.0185462055591568,0.18760411461980747,0.04417227251090368,2.3930666706553447,-1.9773794458411624,-2.564424218744902,7.310431483479136,5.2232727012579945,-15.60384819929634,-2.7309247772279694,-8.868525717667321,22.571286427874437,2.142964092059049,3.6857988451598547,-10.65489544245691,-3.516145064772103,-6.327231112317365,2.345847098698515,-0.945130159783007,10.175406942231389,0.0
0.2265632521565326,0.04527637884462786,0.7543824313977867,0.974106777258413,-0.047857655442498905,0.01735363456338661,-0.22028273350904112,0.05021213216905512,0.08402559016489165,-0.05548335421800117,0.6811481841878636,-0.5814313076992316,0.05752815435065503,-0.027015585171740897,-0.06160266997698706,0.11942800477906249,0.32951769569229356,-0.33162047244552767,0.040559984686577705,0.6840226585662169,0.44221262249357324,-0.24815527521766484,-0.27105780355548975,0.21778109212270239,-0.4094378326534495,1.052413177381099,1.562776587296382,-0.7575234644864647,-2.875528228463806,0.11979943612613557,-0.3580077546100928,-0.019744388801215308,-0.7747471307284668,0.2569179417760809,0.7842809894859578,-1.1121818190562553,0.3863800586699499,-0.40152255065719755,2.4786963750667104,-2.4381812004421577,-4.481185839669665,10.342924959662735,9.351840441635963,-28.33538451424315,-2.890243456676867,-10.45738513688392,43.635928702569224,-7.358031716388192,7.588430947638689,-13.752247671759289,-2.2148577081922167,-10.331731860464073,2.1210735917731514,-0.024378632279614454,13.525585516659445,0.0
0.24044218125364344,0.05433914499935807,0.7487098507285144,0.9729040288679269,-0.05056980691852729,0.020457066391298052,-0.2246818944094943,0.08235591626098164,0.1147709572998513,-0.07225381774038148,0.5843446615502136,-0.5560865540627954,0.03978381862035818,-0.031907433162351645,-0.0769623660958522,0.12184094786191138,0.3519538770987538,-0.3555645311975638,0.056657630647810535,0.6912164968552437,0.4729791030672564,-0.3168011668231361,-0.3824291657333836,0.36510521050742595,-0.38491997952937096,1.5064589631627658,1.216557686031594,-1.37152836285942,-4.450701148553428,-0.21465268265781035,-1.7680681626602537,-0.4283430610963934,-0.7662597679505507,0.038883463246857354,1.2560710494743044,-1.284432646958565,0.9311267723692367,0.9887650339781051,4.944360350358127,-2.983303438608922,4.580686408306554,11.669609192899216,3.0631152656597624,-33.68418501775383,-177.73290890465398,-237.05884625945197,345.456122901071,-856.1460258295583,-497.87438436273317,-15.893361412175283,-16.349707465049576,0.40525482035418214,0.9053883593638427,-4.383760209416325,17.6909657850831,0.0
0.2551535968073482,0.06423666676632753,0.742092853572493,0.9707213355906147,-0.053179795492249805,0.024052481746457476,-0.2330096051719981,0.13698307857958905,0.1111975701425714,-0.09711951317571792,0.4873521499446999,-0.6060833291176165,-0.0026287970825997035,-0.047819537095864534,-0.10027276086635895,0.09438384123466619,0.39090731607805684,-0.37926618482059776,0.08988326350426888,0.7524552497684215,0.5004138885272321,-0.3439504056930501,-0.3549528154220618,0.37772982443945036,-1.1460102507598937,3.2207378404795475,-0.6036037113808099,-0.20403630720556235,-4.982926257263101,-3.213343742006968,-0.514959680221293,-0.9348968318291135,-1.3874011125214785,-2.671598717065785,2.079757976149873,-1.1950569736485213,1.3864820332278762,0.19751926652056317,-0.0002901385225428403,-1.346292714036434,-8.805046587298184,10.39212073631936,-25.553046013984158,8.708099377167892,-4.359848181361456,124.39497969787587,0.8968205630394266,-2.2725540905395123,129.53015159133065,-8.713552858717467,-2.7219796188557748,-71.02404712694555,-15.925949269947349,0.9956942545278956,-58.296019062832784,0.0
0.27022332424497386,0.07407927162996429,0.7363155230365028,0.9675693448843836,-0.05549786575221043,0.028585515497125506,-0.24477013306512374,0.17772114015026177,0.09673896269645682,-0.07761452338134991,0.4322317430049086,-0.6493410279671284,0.009111095816843627,-0.06930137157337198,-0.12406460380780487,0.05791258312979221,0.4328962102166949,-0.39939744073444533,0.09225154909852129,0.7753129042388206,0.4756659187984092,-0.22304113637823136,-0.24514370077450234,0.4329795352279549,-1.2778692850583468,1.1468236913012435,-0.9441776703383897,1.3568418517857463,-0.8499428668092462,-1.166413770268871,1.1525832765614874,-0.8817560129653811,-1.229061661817649,-1.6379100282388814,1.7000172570313525,-0.5254700610438561,-0.27992350847171454,3.2792064420212688,-2.6807531075957485,5.669628896282911,5.806650628384462,-7.543834186740329,-16.632354790812947,-45.68530148690951,-17.316159209649744,26.390594559857107,119.19418807395371,87.64252350309442,33.344569623521,38.91844918219517,-25.35360638794534,-90.24138544786095,-61.41971593051924,44.18049795438937,-32.14579582178451,0.0
0.28579247877447606,0.08262706527015694,0.7325037528336396,0.9635952032333643,-0.05898668510019075,0.0319362264668816,-0.25881447549470316,0.19337378755342033,0.08199653474531281,-0.04389007515202817,0.43696229942061365,-0.6628735988241248,0.03252876508771046,-0.09105410192018873,-0.14457013746768976,0.0045127354872300345,0.4845673743736814,-0.4111549079818884,0.07351448192024106,0.7903429738875664,0.3773149165456215,-0.16384976763193046,-0.5587567854403019,0.18739321587695965,-1.5550958577658247,0.7575359824588863,-0.5016936395255385,1.885522079758924,0.7105321044652868,-0.33693831269526986,1.0908690456033863,-0.8815886564055005,-0.43063297881008084,-2.4142785217059126,2.5711605245106024,-0.35724079438712475,-0.9065415052272753,2.4297853012308708,-5.066010563588469,3.42929507284841,-15.953357427881373,-18.098369206751695,-10.714863310719238,10.131443318829607,20.394107671822667,6.13275364596985,33.30969952244638,40.14240110849587,-6.500049964666773,43.509933858593115,27.424890967693855,-11.125840819355965,-51.280462126507224,-251.21901007568567,4.8687299837979126,0.0
0.30200776184120115,0.08871776607700103,0.7297590479157996,0.9592402510842526,-0.06668626851678376,0.032435152107938126,-0.27268854614534577,0.20851582361008747,0.07595397898679643,-0.01438461267934635,0.46430866130130904,-0.6633721316327351,0.052562762182047605,-0.09741410286272985,-0.1331924253205989,-0.03173474264659976,0.5369584056155954,-0.42378386025799414,0.05237814614607153,0.8336751391918394,0.24300397757567763,-0.11426799214158453,-0.8632694249141041,-0.27122271755284655,-1.396963636609911,0.8957034727157436,-0.14150784288035861,1.1937184863756225,1.657600433796093,0.26814595794869495,0.9213687517774121,0.2997418005986406,1.4223863963188976,-1.2679132026823465,2.258552629335854,-0.36414003545820084,-0.9082837451709739,2.958414515275213,-6.580277512863792,2.6158981126975642,-11.707772207569215,-23.704114476854027,7.906523248728927,23.028888885015526,14.705636078075587,-27.901226640318054,16.389763759950995,36.44658457232927,-8.31912211812179,73.81565315395584,83.16860548483743,43.81508407667494,-61.45421377894834,17.92719594296269,20.974256387175643,0.0
0.31909262622529,0.09278534002974237,0.7279428989694854,0.9547898843153345,-0.07648944024069534,0.030421990128303114,-0.2856573906927827,0.22672115800769302,0.07209168499946764,0.0038016519214353886,0.5019335919898746,-0.6493479518596184,0.07248472075994554,-0.08807209379873754,-0.09674176651900909,-0.049182107198711064,0.5835208276108612,-0.45131103255634425,0.029920545243356383,0.87607879237606,0.16930898873105976,-0.07084944536709811,-0.8666206120756917,-0.4420843794002385,-1.408431843426262,1.007152464770304,-0.2423163021561294,0.7134408974910311,1.9110787252899069,1.0900633981770322,0.9871322321942255,0.7338371249168087,2.1677165077064724,-0.5806682469973161,2.046866731692509,-1.0462480004724257,-0.9762979364821424,2.8005558518778266,-3.578509914628048,2.249906961667565,2.7528331713613694,-8.946070028824924,0.5928946716400851,14.848172016879426,-8.613423856650327,-21.104242541913784,-5.864932065155136,46.26398863851261,-3.990307837437493,34.974657355452045,27.09362389038983,14.04016494125479,-49.64773513544144,35.18225098459257,21.602986191394677,0.0
0.33696427901921755,0.09571206383424824,0.7269443610332694,0.9500733132347864,-0.08568630905924368,0.0277100115517642,-0.2987485751910481,0.24575788465213838,0.06341700168382847,0.011799214020489727,0.5405823439521026,-0.6177019424779792,0.09382160109619507,-0.07468157639397151,-0.04984698352736316,-0.054209840820181265,0.6261029504232846,-0.48097378427578386,0.01026391669396618,0.9139546360159797,0.1287607390654351,-0.03084651766395114,-0.7259813282166637,-0.3860346320303925,-1.44905615798591,0.9649891320599705,-0.6014431906717205,0.21423090033252623,1.8343856836005796,2.0363413781933475,1.1344797432175453,0.7310442007878448,2.346710399592866,-0.2334079478153495,1.8372335819536287,-1.3523832637760813,-0.8401673701016624,2.576955598666986,-1.7721727735736748,2.1537986732983785,9.029755417023306,2.5196899200790903,-1.9100081783001404,3.7792553792413273,-19.635370456948973,-15.164479152200489,-17.48248258203244,52.661543161630064,7.7152722508263665,10.934108710183187,-9.716442718492553,-12.45869041014914,-48.768390425774314,28.21450843886134,18.614778988779758,0.0
0.3554681337408073,0.09812712317632391,0.7266003426596632,0.944952654309923,-0.09288786871895215,0.026032977632771837,-0.3126637315600492,0.2613622933414695,0.047019972128012934,0.012686811923457358,0.5765520041194628,-0.5674070675099188,0.12089606902813345,-0.06619635802740347,-0.004367517311136156,-0.05727462315109966,0.6646356956930708,-0.5132811342022889,-0.0038029449545092745,0.9393940260319419,0.11332366367534337,-0.005982780761709802,-0.5723824263664231,-0.13621120641260326,-1.548772770692994,0.6932738010621051,-1.018886748666204,-0.09808971800652617,1.6521037478553557,3.03659305510107,1.9178258454356116,0.29515791331015945,2.137869958096089,-0.24404733349241026,1.6632042564398388,-1.4382675586811993,-0.5772480492229314,1.7186413693735618,-1.09037322334743,1.2537622325421882,6.515734775236318,10.84341174632895,-3.604139537385648,-5.891464546450225,-2.0173333274631204,16.023607607530693,-19.899815291337823,-0.9699689620843417,-140.80119760665823,-7.859611171393553,-17.837344119733412,-17.633504432895204,-46.71215681677294,30.41671366208459,13.246949174356438,0.0
0.37435312338266447,0.1003205219292268,0.7265388546386433,0.9393577175797436,-0.09807422650587355,0.02674449473931764,-0.327525963123214,0.2691325414196998,0.023729188124310224,0.008239900200281845,0.6106778601997586,-0.49973603712533515,0.16047216157451158,-0.06795775887134238,0.03513443516253039,-0.06468071977030362,0.6980304823987034,-0.5451015236647241,-0.01516467427600507,0.9540208514777659,0.10318142110216416,-7.145056598626797e-05,-0.496376476884535,0.1879467814069571,-1.613989174260669,0.2503245739293856,-1.2094282621716352,-0.14554167720876987,1.5801469695311208,3.564743742578612,1.712241195448185,-0.2712975210838712,1.8278653745610143,-0.502478087081993,1.386523545623173,-1.4022359437977912,-0.48143642354012667,1.4579295120015778,-0.9846383566967375,0.4042472388946675,3.055009771949072,12.473356754923488,-2.4333292103842497,-8.517196545976333,11.154938772837282,37.105486858666225,-22.170369041337818,-30.13006585852481,-185.6701397410631,-12.584866576782078,-17.180930377216338,-14.808165732296613,-45.99636537220228,29.02069338769531,11.12158674977858,0.0
0.39357470719070203,0.10225411644361405,0.7263979134645304,0.9333742758195865,-0.1018966224999301,0.030053961825047992,-0.34282108882037626,0.26881218117617495,-0.0019190811216243412,0.004138077099722972,0.6426200710163856,-0.4226764978696388,0.19803353663349452,-0.07979844560052057,0.06843553785675413,-0.07809177509900732,0.7260449297557099,-0.5721115595264241,-0.02669494476303981,0.972881133333292,0.08683624584265497,-0.011877299139967646,-0.4843216694009416,0.45033789768537263,-1.6050484506006917,-0.11155336326284057,-1.2510530068318053,-0.05728850873566202,1.442304711369152,3.9399802382992752,1.5923991931314396,-0.7207090772415201,1.5523836650972276,-0.7558941924574478,1.1552532864899099,-1.1514485910126504,-0.5047195185029367,1.7136634282958993,-1.3323366496325384,-0.547697652048629,-0.022965003024774503,8.670874625850736,1.1255494009871498,-3.4293915639307233,7.0010678628491,24.170224643517596,-26.649562457514342,4.418155848702508,-42.32576525764938,-6.552282423926254,-11.756789662120513,-5.425152469541168,-39.86488906689472,24.823679196004324,11.401618082419905,0.0
0.4132643557873687,0.10385118959731332,0.7258446226174168,0.9271502459529233,-0.10481781985387324,0.03550115743686963,-0.35797390113129524,0.26234301887991535,-0.026307790485679584,0.005200745928747785,0.6713027227444556,-0.3457802131554631,0.21475883643323934,-0.09950352717635995,0.09661733351270547,-0.09425642040209443,0.7494333622509083,-0.5910103763633244,-0.03847593211567136,1.0003434736703116,0.06975629243747694,-0.0399512138376009,-0.47644848661729744,0.6503579645013029,-1.553060803487388,-0.37754177247235443,-1.1655570363962373,0.22435820617577526,1.2665352642706362,3.8355438044919787,0.4838022249544906,-1.0681406885488351,1.3072585017815357,-0.8026787057378744,0.9554774190143407,-0.7679647682707648,-0.5141076856920539,2.1621007454852585,-1.3984167009508612,-1.3824797101932027,-0.060716628610455244,5.117040006069646,3.9495767734799005,1.1760115717982356,7.907778281492309,23.104638789535727,-27.20471014395865,0.9444270146063464,-29.274388128754147,-1.2236367809106738,-10.635655444514743,3.8760928192120394,-35.07289654064546,17.646792220779467,11.526285367717476,0.0
0.43355981905516894,0.10512848890413617,0.724553217050847,0.9207224324399594,-0.10700683712823607,0.042607617528377384,-0.37283284476855305,0.25128771998907384,-0.048783429811300724,0.013074452057718764,0.6960900055376648,-0.27026816203058374,0.215029188611098,-0.12658768188992617,0.12063596435434638,-0.10934481515626743,0.7707431839807737,-0.6019962061406394,-0.049456824977155874,1.032954392252277,0.053561071088576016,-0.0838970372176796,-0.47542157441480465,0.8044293222522395,-1.5110792295459228,-0.5766526155198215,-1.0710806989564547,0.5440738868215839,1.0817078654542978,3.7718228570768044,-0.19483688759382248,-1.432094700434016,1.121817514885985,-0.7040382454167501,0.8992551458628135,-0.4207623965831097,-0.4729802457243358,2.428609916853101,-1.504356757679717,-2.15149696806145,-0.7228892134649322,2.0473387882820124,5.094243852460769,4.8150752920753455,6.640241642585538,15.248715416079182,-24.679046784055867,0.6957534355600845,-16.943540404371706,1.0826265608480234,-8.726790222240956,6.092120751123627,-32.048456988702426,10.589958982114709,10.625297462003187,0.0
0.4545266417600219,0.10610336749152646,0.722192783423702,0.914019507007492,-0.10867510259953583,0.05102838868347485,-0.387497311517294,0.2369757563389858,-0.06972541291764542,0.026239386470957707,0.7171158329038605,-0.1970187985677641,0.20227212488664195,-0.16178151637218147,0.14184837276271497,-0.12152047361101556,0.7918218976386079,-0.6073873528811712,-0.05900941467635764,1.0674865830940363,0.03842161768036,-0.14490926571911347,-0.4865412430874235,0.9264212232522906,-1.4922643342201865,-0.7073110432846369,-1.0182664135710264,0.7293944368055378,0.9031253728335739,3.637443199124399,-0.7678804216668499,-1.8491930487202575,1.0064470110341661,-0.559610297097857,0.8952666032328791,-0.1933981138013838,-0.4080429666648698,2.546681655738423,-1.5815994356780159,-2.978233462633553,-1.5864326543119918,-0.3602079692925477,5.166207915969629,8.767538826306186,3.747934265646794,5.091806243132381,-22.99883684455755,-1.2330345572719636,-7.084429697326144,1.4423045676051354,-6.659837513855777,3.475616096078654,-32.99152900357984,5.229897848514821,9.17336771529311,0.0
0.47618799879211177,0.10679650772869255,0.718388840649185,0.9069800185208708,-0.11002223404133957,0.06049211206739564,-0.4020237037763569,0.22084293860857968,-0.09064542985088053,0.04059210612535557,0.7345870146890361,-0.12787658068282512,0.17911975656533347,-0.20586444258299175,0.16150491152545468,-0.1307189307894422,0.8128311223403237,-0.6092190570744506,-0.0669526679147439,1.1023138384331894,0.024324251203292607,-0.2259641744562849,-0.5073952781038273,1.0181550560942176,-1.4809864557800598,-0.7622809486743062,-1.0466770029713017,0.7137735638981474,0.7292071026189033,3.3910876977380626,-1.2104900645193561,-2.3001326644049613,0.9509712807134583,-0.43420155597772897,0.8788338050307584,-0.05137284657783661,-0.33749864415316627,2.5494082727035488,-1.6527656477853703,-3.9484972868037946,-2.3690752640807347,-2.553115461962694,5.303436842901605,13.142347559148982,1.6297511176638277,-0.8672209514977104,-22.480682328350568,-4.75418163933361,1.9704201255824048,1.91700954695566,-4.669481605017957,-0.7588172438241494,-35.15167826959217,1.646922678680748,7.5968151195951386,0.0
0.49851735204643244,0.10725185259550699,0.7127131827888527,0.8995870220450742,-0.11116272798940845,0.07081032938914432,-0.416379556325511,0.20377068625786465,-0.11304325686330896,0.052884016085489524,0.749268156984455,-0.06484555592736853,0.14688698417898705,-0.2595477901118858,0.18036375966913648,-0.13831763203605915,0.8334137984346535,-0.6095673511236895,-0.07318140043205086,1.134546487391537,0.013127190934666785,-0.3295078252418395,-0.5301217744406754,1.0936372710399214,-1.469734828089488,-0.7888901891493579,-1.1363073894735907,0.5890399419155423,0.603129971412041,3.0657771969199343,-1.6035103096088512,-2.788773048755567,0.9266445509863748,-0.3916753211515922,0.8439347579309125,-0.004635383008140237,-0.26170592931818576,2.4177635829380155,-1.6606543321933815,-5.03455150615093,-2.8030845094145516,-4.2078417314887835,5.202480114267588,16.407872362398404,1.360658384311902,-0.12665918923606878,-21.619199019505007,-6.895108515581625,10.69420566737433,2.1405139526853656,-2.736913104261548,-4.817310328511666,-37.15232057167338,0.5695254720637943,6.0094500813946565,0.0
0.5214278152166314,0.10755622638748344,0.7046975784415906,0.8918652994528266,-0.11209869768544733,0.08186915725029098,-0.4304737050044691,0.18494446876403428,-0.13748706100872832,0.06281708495281145,0.7641587946321593,-0.008961063299679717,0.10586951610013835,-0.3236724864478075,0.19808227042840232,-0.14795100901715144,0.8542478436604195,-0.609576316676049,-0.07766255017467415,1.1619360882201297,0.006498618251028423,-0.4567344742900031,-0.5462239278144477,1.155628320950059,-1.4525746898117304,-0.8851218083500382,-1.234416223073374,0.5174918863776448,0.6778771332463396,2.6881194561718247,-1.9759415843306944,-3.3094020092612446,0.8737665099596374,-0.5500765421768873,0.8621670296597235,0.0014520784149938317,-0.1831513820357486,2.3039711565666323,-1.7056467590023794,-6.111113598058652,-2.716083895234198,-6.504947305392202,4.337608949339734,18.424160739461474,2.5058903938541115,6.810268024457692,-17.51208120076043,-9.99954351654133,21.014346926020696,4.414914600339046,-0.2547924969158733,-6.920579749299531,-38.513670195005105,0.013513922797655134,4.596311691863672,0.0
0.5447241794617711,0.10777843097223044,0.693742577001298,0.8838678390492994,-0.11297945589748562,0.093465145213396,-0.4441593771042883,0.1622760202654547,-0.16170829169135162,0.07554115335189913,0.7872025323283625,0.06313297471657649,0.047176323157326935,-0.39982018594291163,0.21317765197505792,-0.16674217562659052,0.8839902471167413,-0.6114681315660782,-0.0819485583010694,1.1693824167783056,-0.002626054587503185,-0.6221359068654698,-0.6140857026638076,1.1754633264511127,-1.3863742138805903,-1.0128286510097664,-1.0642581582403619,0.7437105866890034,1.0269945444007886,4.453778184038642,-3.07538112189634,-4.060490443735783,1.0344085840352646,-0.3564094217513202,2.214861485669618,0.9006885180281932,-0.19602407276630068,0.951417569235118,-2.9099373995774376,-7.79241777801897,-7.879857220150988,-12.414492980781015,19.82977358944772,18.815679330643047,8.696887473864818,7.62946346122844,24.51010822560568,-323.74250456582473,114.99667063711854,-73.98222450322865,136.2882685325939,424.45089696063167,409.5457365723213,561.4623426100452,-3.141840474693941,0.0
0.567516553947291,0.10775957155112142,0.679165298459955,0.8777942812258641,-0.11491377948945868,0.10677605086195913,-0.45262666524735634,0.12890903715202157,-0.17331072503860936,0.09541592419878382,0.8555683880322337,0.15986684998947837,-0.03915805567881209,-0.4904744413350277,0.2348150763131649,-0.15489422087395202,0.9690765500090571,-0.5868478566985739,-0.10562915615621836,1.1349792595479016,-0.02405516989593321,-0.8009358588094381,-0.9046865768958925,1.1551704878140796,-0.5430755664310059,-1.4919922796199834,-0.1330477280226995,1.0228104277192793,3.9214512523650797,5.099257284323963,-4.004604876064197,-4.1209728020734255,0.7597906622554891,0.05048964618023913,3.7516379326645297,0.6480865904070874,-1.1042551308432706,0.3958665863449521,-4.184261143944956,-7.715738985565555,-16.767999572388625,-18.706714062134832,34.61186103237712,59.59506125649726,41.8846024817381,-12.760685974925835,-19.321556048362876,-52.216267918788574,77.4735348702714,23.169180690328126,19.771646003719916,102.1970760786475,158.28398811035464,387.73526143935294,73.40227172534989,0.0
0.5893032203421721,0.10766710200779273,0.6623951793724886,0.8759462880429535,-0.11837224490921329,0.12441109706103283,-0.4508081532392626,0.07514118592285576,-0.15729567756068458,0.11884938982524734,1.0230184260967865,0.17336313408065612,-0.09614086042175445,-0.5616565088008143,0.2356693401002913,-0.16140431165247524,1.0576409435076561,-0.6391483002469136,-0.14283088744655187,1.0874366530390451,-0.015103893037281078,-0.8466128440726784,-1.3172065938905726,1.4144256692428723,0.6227867021817137,-2.580597641587995,1.3306791952392558,1.0901605954114053,9.079524514512206,0.11422387390173475,-2.2622345459790956,-2.700292743968301,-0.3225865731486925,-0.557988912702045,3.951554861831259,-3.49391867504823,-1.2308919981332385,1.9400409094975175,-2.38805979687278,0.5710901358050074,-17.100348599936847,-5.6699487652655565,23.41768826166597,72.63084674869668,40.699520037938,-22.20085010100717,-86.33899688566375,21.293970468342064,50.685128812802596,92.4084712345181,-32.43810382899961,-29.92140965336429,-57.28202001371593,51.599771910408855,120.95848781790558,0.0
0.6134251689024375,0.10662643391925299,0.6489963991746599,0.8758119932109625,-0.1251325657349656,0.14136212528238556,-0.4441980899059255,0.04772550738579433,-0.14565421842911658,0.10753128301656771,1.1258621492785579,0.022047059904399178,-0.09450779154498785,-0.575697460979542,0.22365235177078063,-0.16503400148831054,1.0889388818015706,-0.6812682616234328,-0.05647614499565608,1.289740390331392,-0.07224014184122496,-0.5311037577903225,-1.5392700435394162,0.9240462634133547,0.7134112423156732,-0.7253412194062065,0.19722587092830618,-1.488637398060545,2.2537976175205348,-8.430240149174573,0.4867416344010004,0.4074527905130386,-0.659245650692838,-0.09201102053224842,0.2320616216130905,-1.5426617778718448,5.438974503866482,8.207752853530296,-1.4593603586495834,14.632459946635215,-10.994437280840296,-14.189667835804196,2.3503575811725756,43.82356117711707,-23.729968356191407,-70.48726682886992,-266.9481099196566,90.01853043323246,2.1828903213447863,92.69635768232688,4.024611638593349,2.357537098580225,-118.98656531536017,39.8076059782061,-16.75088378119084,0.0
0.6404387876664038,0.10693975316022605,0.6414428681506583,0.8787824092000721,-0.1301018211944575,0.15806056315589143,-0.4310821868011302,-0.0076886855891828525,-0.17171387073164468,0.03467500756859085,1.2221387864744,-0.25005000071231936,-0.06804126045365233,-0.5562156507244786,0.19150728249242394,-0.1697711895954959,1.0678687311143489,-0.6941336579746743,0.10206334530367783,1.4228669405316074,0.06494139330967612,-0.25122726761629566,-1.130949234023155,0.983951968656302,1.6803577216190175,-3.7075307508616495,-2.0327666897587147,-4.205473400179262,5.1305184885673,-12.705403445046414,1.3397000221912696,1.4493580636530814,-2.0181796640256766,-0.24095321705939543,-1.7438123165195445,-0.2788178589514444,7.138900469153606,9.334349266029571,4.028352094531173,14.041680251079095,21.796645365102503,-14.760963655115749,4.5891679361092,-56.68386370005768,-39.093386316211436,26.22020601506061,-64.42046181241344,251.26028337789543,-17.753018977753797,32.68970315538942,-15.299794450057396,-4.506680307514668,-9.900678127151124,1.503461752059454,-471.8528166799802,0.0
0.6714960647504906,0.10831727859066621,0.6379776949971188,0.883707101015315,-0.13335164369743444,0.16641976387468982,-0.416633605137887,-0.07460200948944483,-0.22300878590727155,-0.03708308277124043,1.3269810829424882,-0.4675909653303727,-0.032828536245042894,-0.5089934359292522,0.15071386708019172,-0.16786640033847,1.035108274303256,-0.7088853460798604,0.16874542354971073,1.6760838884100575,0.061724860240799324,-0.1135402402272799,-0.5413904336917754,-0.2928746737446273,1.3049226540546328,-2.7275510281271,-2.7477584799306065,-2.651863496050676,4.596422712957495,-8.971657501262618,1.6018315637000775,3.37092851463027,-2.0428339460557363,0.5535481756538909,-1.8920981805969237,-0.8497897909496739,1.9138150358273878,14.69127563203726,-1.4523783605319136,6.087892718696233,30.962664260786887,-74.34046535564079,-32.999084802819176,86.37172566421084,-2.5821048803807316,128.98143494763082,-112.62677890034313,205.7661104653199,-30.68328350934814,128.50185538338988,0.29489140202477687,61.18550624771897,-49.62755861780023,2.275716172571419,-65.82498665379438,0.0
0.7063432232827888,0.11053844632219773,0.6361451801626566,0.8879334049365187,-0.13525676021554908,0.1646753593175602,-0.40762961527281866,-0.14246081846035982,-0.26649418300469563,-0.043287042529416835,1.4119998007179173,-0.5817436772944174,-0.01820971335036894,-0.4428323314811772,0.13086221865530523,-0.10207979829591435,0.9944334587639778,-0.7268309938175017,0.16731563741378597,1.8042055568436062,0.14266997392318181,-0.08136092676889745,0.10623854282453239,-0.5888663550127126,0.711056384243999,-3.72117491868365,-1.8444395932138318,1.2296127690303547,3.545159211142983,-4.21043693654871,0.4507416934631639,3.5798693098270333,-0.16650660816425789,5.675338609035494,-2.5848421383668665,-1.1518766815280548,-0.9457985300206714,7.531662637566002,3.3452677341229404,0.49758981412429704,34.02618055049086,-21.147054584314674,-13.856730535706454,-22.797753135317773,21.45391069981772,136.86843391758526,-105.43750764941421,113.11834689960135,-17.442448973765213,39.1611475185165,45.71800233804579,201.03860139314344,-45.136289507013075,-1.9414200918510405,-26.175727746190812,0.0
0.7423376042646818,0.11533037300444689,0.6340861347638229,0.8921503850181702,-0.13105044139715966,0.16166325667402462,-0.40094695879017334,-0.24920804176393635,-0.28641877255280257,0.012950747184676481,1.4810895649301885,-0.6613307749713749,0.017909473579714792,-0.40188105386642053,0.11669991096569303,0.014520499689161819,0.9914060890513009,-0.723178005184888,0.11577255623980474,1.817184061438529,0.29478794720920576,-0.11156705405068011,0.666412673421815,-0.13688958562319067,0.930701578706115,-6.164590951773862,-0.48618274949932677,3.483100525792064,2.7743980795094254,-3.4066460384818176,1.7316078634816667,1.369842416905072,-1.2647828489135802,5.5671939641796255,1.113075184037353,1.3898228623552438,-2.6158079327718893,3.497018476467528,4.195091668798738,-0.45406280313960645,20.14168734672063,1.034796831079814,21.710280982917336,-53.62307138137361,41.09560217037874,26.112968169470548,-110.92594440481557,70.51006189905445,-38.46851184125268,-31.793997854154956,-69.99890757214307,-58.00517929946397,91.53307992369797,136.8878229316962,31.868614260948977,0.0
0.7781351864970761,0.12223309570554011,0.6315680819660405,0.8989349687034891,-0.12214106009630289,0.16214905592252174,-0.3882076340620362,-0.4052468120114805,-0.2802417701741457,0.07553649666561912,1.5435823882965864,-0.714777260858181,0.049001299740665374,-0.3886334752424796,0.07045486176956932,0.09122430458411648,1.0364660491038278,-0.6179386181060913,0.02066067360637637,1.7912588067506097,0.36124853962682313,-0.13188979998421196,0.6102725480059712,0.16314941337039424,1.9881152182118857,-8.566240325698342,0.8418782073899655,2.546171123323213,2.6517560056163023,-2.15274306359285,1.282290398993198,0.46859257875197274,-2.9775122599563293,2.6585941521842535,2.62073135531913,6.612409157830323,-3.7497562022273287,1.5708049419939496,-0.22632579372032535,0.4971364256209545,-12.18527454329304,-8.359881728930372,38.24650066863834,-42.84997112363597,58.3581123641788,-84.07509520871731,-100.43430473090497,49.26550397021157,-30.70827152048858,-6.081478251477138,-42.67849851371471,-120.80113869597727,41.73382096409621,-361.5822244816374,192.73681040601537,0.0
0.8131427600850513,0.12955731421916847,0.6283853204804236,0.9080896441965136,-0.11372672299360821,0.16720338889050218,-0.36671849874762996,-0.6048971157356601,-0.24255539866735604,0.09997565881782583,1.6178665599437885,-0.7669445532382446,0.08212451759874886,-0.38646060527111026,-0.004507368192157706,0.11688822071823325,1.095330798377597,-0.4964693591026251,-0.11354581431807688,1.7614875675071973,0.3498899085013649,-0.2080739280297107,0.21092145119465033,0.29485161024769846,2.751735205144057,-10.456872689756773,2.4310872476784025,0.14161776205848842,3.5259912295960487,-2.371724119950627,1.496847494314612,0.6350571330365661,-4.561922070967738,0.9365722736900959,1.6994745095963504,16.071481087395625,-10.01870045860991,5.189843864053243,-3.250494288150405,-11.518711557354115,9.385256515289731,-32.49700184027577,26.208837108681685,0.7679811221332988,13.078590942483359,-109.4769370457162,-82.53046733857455,43.18841559553992,-28.26108253574759,168.84229587135067,-145.1837270792061,48.546240070938545,-348.814205108269,2430.7979546135934,-669.8877086212792,0.0
0.8474911623737461,0.13689509048763615,0.6203787413804057,0.9137268002311281,-0.10592753954277392,0.17276368543864268,-0.35218659812584474,-0.8238222930689252,-0.14529506672416045,0.09691662051309338,1.7188438926268865,-0.8147317885450316,0.0934531462279995,-0.401996017272804,-0.13564266503763134,0.14003731754442258,1.152715029117378,-0.25317878367924385,-0.30139316021058965,1.7260199817220747,0.36866575826153203,-0.5656590208077363,0.5441866702038272,0.4909835335406948,0.6999522824683873,-10.659717227128287,6.634671758123224,-0.7398156994500159,5.24518221649218,-2.102719387096048,0.31262666184696747,-1.4255379334193963,-8.17796519460001,2.0340216047946225,2.4801191205416417,11.56383430577689,-6.022705124194893,3.9422179674413633,-0.641994670702313,-18.914809520160762,32.53829329875345,-20.962955209536982,-125.27805766649779,81.54157797788821,181.4475659372441,-94.82014077246174,-44.64761010262268,39.475863239742694,-9.94530439435197,-53.690493829593834,-170.68136498092008,142.87080460168346,-83.4830644589167,-190.4303606428781,827.4774167333272,0.0
0.8827175710163436,0.1452248643040167,0.6053588601870661,0.9061673993269016,-0.09586860247108035,0.17099923926688998,-0.37473872982053136,-0.9936323674090399,0.08130173163976878,0.08369853105939117,1.7331851843984394,-0.7262414161343963,0.14110380468257402,-0.49972485488865814,-0.3427567737891316,0.23384148375891584,1.2100233475517492,-0.19451187834130715,-0.3318237344199886,1.8124537056023229,0.4218890748292957,-0.936439505554379,1.9106992969056336,0.36464697836032645,-4.277706054485046,-6.3339278010512885,14.55776695345231,-1.184061536071402,-1.9149399365183162,5.317026633387705,2.339523856564326,-7.776475548523764,-12.061191905222111,6.702013284429362,1.8671547099463182,0.6571478217980843,0.26057999722646963,7.461277558101602,-3.13329193131724,-24.117737092007914,67.60384220585927,-44.65403352768268,-202.89954948752722,263.997947047022,294.6888916753941,-100.01422984187093,-208.66835297233456,-61.559696799159234,-49.69861581000204,-332.58363628263146,-179.6894824421887,200.38533236174166,-192.65003112404844,-86.88450847684143,91.80072672315771,0.0
0.9227485573769452,0.15312246946322955,0.5882031754931348,0.8899684483672498,-0.08172155712139528,0.15514665181064252,-0.42095993211277305,-0.9754363064226776,0.33886494616186746,0.24913584616168188,1.784047301990151,-0.9028903632721925,-0.01332870517792747,-0.6912822399916404,-0.5816245751849985,0.38370321879578023,1.1343112695592177,-0.25784472580295037,-0.31006951823989376,2.0788978280948824,0.35218250545063917,-0.7585474263070642,2.7518057600487698,-0.5324340102210328,-4.4976217185712475,5.289803832713896,9.603778923864107,11.690805837690162,2.3300287623369487,-9.795816580917936,-7.4133449178820685,-11.358042838497813,-11.29562045178011,7.314342169336351,-6.73804517510902,-3.967944804984585,1.2438695677257288,1.463021619758615,-6.417179714602854,13.939858273251229,-1.596589417491015,-33.70742761546975,69.80841467865947,216.27029857181856,-487.0739014110705,114.54745682602487,-26.45912392947281,1054.9509415386342,754.2740584682448,-198.93046543072987,127.38500282105664,-75.7565856592846,-168.4213654207802,-1.4824446068893025,-9.495655052269385,0.0
0.9643916317279062,0.1571202189218982,0.5820920942131578,0.8859625850588856,-0.07852913983463573,0.13702737668075007,-0.43603551473773267,-0.8683855443531844,0.3366305102821493,0.3231757406036436,1.798990182170706,-0.9834052842346472,-0.1844912666356187,-0.7933694124647385,-0.733754728344579,0.42360455884499776,0.9463250798237327,-0.4763410599269913,-0.19934176884121002,2.063414773432037,0.11712098706481579,0.06710473510739849,0.11187193600768924,-1.738280941583753,-0.15232379836850551,5.050208901119559,-6.144263555645553,-2.3251043919173577,-1.0626996751635716,-1.4939644887255383,-7.5636671397645765,-0.39110776554685,-3.8628172691656557,-1.2315324118753224,-9.090321080020118,-11.33357852328802,5.4563779844532325,-2.6438124677431496,-6.331972159947042,41.08804930840207,-118.45448647580604,-37.655057542794395,87.66875173241881,-34.36448181358064,-510.3874686649459,-590.5966620641018,-227.25733609757432,146.44545993863824,170.549039896141,476.3636438166202,484.0464145222146,-238.02246023094634,204.8395346258829,147.12598361925774,-106.35266666364322,0.0
1.0003019639877875,0.15703148164693523,0.5907807948720692,0.8805994405644716,-0.1058426997540545,0.1314391555338696,-0.4427930629299151,-0.7839797055549437,0.22044672817146022,0.19651595796775126,1.753155217804843,-0.9901627277234173,-0.2051751642698343,-0.8063790956755265,-0.6347716094784163,0.3979912884791669,0.992328408261304,-0.5876182526801985,-0.12958287977534144,1.6520473918646896,-0.09971651278736206,0.7418384518211696,-3.654555073542475,-1.5767745071329073,-2.0245809081522164,4.362357352589056,-5.442935173622233,-9.048600594238522,-3.361283376545836,-0.02831786129134944,1.3567540926818702,0.05707212779874196,10.315405034873582,-2.8808499384813344,7.402967662029998,-3.0565152794343318,2.642012511292551,-10.593864427898309,-10.779956043921311,34.09650555698298,-143.2927171050705,-15.02210390574978,-80.87144974338776,87.93489559139506,56.48244635809609,-239.14161460207708,-126.34373391638307,5.344163260519632,157.06586642976282,129.88628798471183,462.63469713295603,-279.1526917689742,238.09183385859245,183.2906315344041,-60.15494863941219,0.0
1.032654974439959,0.15526601512285612,0.6104118924132522,0.8696703714862865,-0.14563525494399648,0.13524299562552583,-0.4518552308101961,-0.6885220049953688,0.06536087932266266,-0.03654933045158788,1.6635007189431383,-0.9825571995376099,-0.24022306811717864,-0.8185597108676538,-0.38165750766591117,0.3108395882410841,1.2030932843746287,-0.5801735116929216,-0.10602530321652472,1.632902496796784,-0.09145194560553031,1.1581729607773488,-3.4985252647212985,-0.9930958367091871,-1.7742568479283636,5.887973006263731,-8.555121705190665,-12.434045534583847,-5.558293205221606,0.6454902463930171,-2.124792090182923,-0.7442827559928712,13.887712690237457,-5.938664676395361,10.311229609324357,1.388561824732788,0.8011886073095598,4.098404860097205,-1.2598234313368022,16.966843026648036,32.567911686546665,14.564850324208415,-21.231719938926297,161.22236104424348,12.462411068283874,10.672601294696236,-113.97863551137203,27.5703516294929,12.370964665327639,-3.0491819089441137,100.30756079256943,-172.5997673297666,-192.23403887834908,30.116931791408092,-14.687673855402892,0.0
1.0651712551994872,0.1529697009363308,0.6342788672490774,0.8575549375859209,-0.17935570633112652,0.14108213020695923,-0.46100639058990983,-0.5655507684916874,-0.06796205068261799,-0.23538227608898127,1.5562314133815391,-0.9563943512482429,-0.23272655748630633,-0.8360645545912225,-0.09339120517782051,0.14559272320218797,1.3670789720640093,-0.6003682999138189,-0.12884685736139648,1.6363854753281415,-0.1181887689907413,1.1865492424532076,-2.835905180719818,-0.471529706607644,-1.712170952497906,5.847344835050906,-4.8113979208586795,-6.671634467684205,-5.147555885305109,1.4586399946332038,0.3644284683272475,-1.158434221629198,14.487036683536846,-9.614755681017197,5.7735685245303,-1.3809466059248894,-1.2284554736695539,2.732589457105001,1.2010499587827865,-4.117805805604993,65.29087702020023,29.037734036797094,0.16568854689678425,-82.19701335016505,204.37047012165604,461.7873186923886,-6.682329574653742,1.3586509982171049,-93.28309686755301,-44.66213510114217,-26.58682487791014,-101.82055449888472,-294.37980365700673,10.930422528425874,31.148936509762244,0.0
1.100593600444632,0.1523025407984351,0.6547950905366825,0.851016916524868,-0.19666401741049538,0.14330478229442228,-0.46535707947340677,-0.4985154073448689,-0.09657478824478688,-0.15935003543418066,1.4101609139347675,-0.8141862855690446,-0.1919703158860145,-0.824592688007177,0.12343555145223248,-0.027643195760530648,1.3327321730358714,-0.43703493658422476,-0.24895288029149182,1.8642201735250588,0.05042414308069018,0.8565906022670468,-0.6077381462620607,-0.31971587980546246,-0.03919464317481702,1.3111562551946676,0.14885894947848338,10.746288841634394,-7.901042962699324,7.583466903968282,1.8904527949026664,1.594106668790063,7.812558105241228,-7.2155090967104805,-4.887397182182897,8.96340867052851,-5.896115207103996,9.23738372063023,10.254938326113551,-21.15924332364635,116.95693775451828,19.20562661551495,105.02046424434704,-196.95138371271932,70.69832313008615,611.2309892161994,31.156664785510213,-93.02583335078867,-59.06729026550566,84.97639423785346,-340.3923792814443,183.3578639222274,-143.92783300467013,-156.32283433684483,116.66728977991967,0.0
1.1358013114833032,0.15476277411845457,0.6666818813850739,0.8607278447199838,-0.19982179617954995,0.15303376485289266,-0.4424923659343967,-0.5722827628995608,-0.10993033699165254,0.03214525484758314,1.5835298370296342,-0.8169767430878608,-0.055183559545880036,-0.7507076857192869,0.18409357468319773,-0.19100953564398482,1.0780710920998062,-0.32145444769422676,-0.3095903966844228,1.717323657392056,0.15907842882889453,0.39284938721010065,-0.7416792596177523,0.2534620843920116,4.252980968134931,-6.20059233965776,-1.6405867216187184,8.505930961559624,17.327382472607134,-1.5970987911457935,6.546712750492369,4.865692124651118,0.044268282535925185,-7.748494289096063,-15.617642061682952,3.90650833366205,-0.5985805509590096,-0.4181691193434478,2.330830079809855,-20.97371797176579,41.150852684352536,4.108242030254852,149.81153693436082,-128.47476235887572,-129.32857532708707,-92.00904703745665,496.4931045051138,25.412849536731144,-141.20184874086607,80.10312548170664,-256.2773578882652,139.84051899329012,-41.86332176188205,-165.51228830879313,141.11736198322734,0.0
1.1742720725762112,0.15886229037112196,0.6745111842289767,0.881124589591292,-0.1893795006309211,0.16168886361168744,-0.4020094199671474,-0.6110874630807777,-0.18233296482901667,0.14974222032043413,1.6715524522988254,-0.8096924918511187,0.037265879774022,-0.6517519403756684,0.15072335281970559,-0.27732641497300603,0.7537004337338016,-0.24525782457022333,-0.2799937110325331,2.0162591442661415,0.23565698715358066,0.3530269559686173,0.9794661951103092,0.04924102822458169,5.01256002244352,0.7397466241510318,-3.4410326070720463,4.023425945716181,-2.9946578681174056,0.4309138584501707,3.5471383406389996,3.502115088965334,-2.6881822581079264,-0.3026447880351024,-13.22704285743572,2.9827437209138914,1.7785938297078652,5.940799506273074,3.794548779552654,-6.591538390323439,63.68500136458283,6.479525299470755,36.078732673804616,224.0591187032107,54.36250971446093,-225.50289647464578,-569.8595858741204,-21.95652838727685,-72.84961214831512,-223.49157024681244,-95.12943068111475,515.4106130266907,448.925315863804,-98.64470920349979,-51.62951967226633,0.0
1.2115441012771584,0.16124921932258124,0.678645229759851,0.9015435137580893,-0.17806543546674117,0.16991917978326385,-0.35586439247913143,-0.5868008203651315,-0.1872614758180282,0.2009897633353923,1.806283297297034,-0.7815060447252594,0.061121880793588414,-0.6357876456573156,0.12533754333979105,-0.2026067220080854,0.630120905667989,-0.19690168072504444,-0.20092569830163917,1.7940183904592406,0.03965973667362217,0.14573229405347915,-0.16591660096521027,-0.07405697649843902,5.4264307579709765,2.212055856473329,1.8818626890311696,0.9540036592789154,11.793202441606628,1.7804988121080565,0.6354023151655983,-0.6576041551400977,-1.0454622441964645,4.580097587129014,-0.8282673169050349,3.1573443664316856,4.239097693002462,-3.0845345304591,-7.761539977416819,-2.8748256927154285,-43.61775785573979,-7.841458340322676,23.337263982246004,163.34405357280204,209.0676738370995,-215.2280380745329,326.699722077106,25.379381562101763,-17.604869976417167,-69.46332251040167,-33.036569968524404,-58.09980600647851,349.814593938393,-55.01170590306452,-83.25381898414291,0.0
1.2465053862495172,0.1621862614027103,0.6804730265904702,0.9186579947978869,-0.1677155782977027,0.18480558527283888,-0.30624478614689327,-0.5320485846224591,-0.10754140664328096,0.17739730066327164,2.014027242660368,-0.714361946450645,0.07032481107376494,-0.6823877968439263,0.10642732583507673,-0.03676164478942762,0.6342338489214818,-0.30498169830131094,-0.2224453689137327,1.7262177135073742,0.06331545695263706,0.036096595957389344,-0.02275953773371664,1.0328456742063776,5.683868639316227,2.9596655837124244,5.445831388191106,-3.0757809866364454,8.63421987048971,3.3428211247641144,0.3939319317332361,-3.1464798698133993,-2.228675750464618,8.863836626761497,-0.5500549015634553,-7.370504202676696,-2.2936056296771152,-1.7068894418992566,2.502886096020277,-7.565339305643396,16.79625012101828,55.090077839762365,16.2009368699768,1.426955863002524,147.69951353250525,-210.61370294077784,-233.83606313035838,-51.17341859098229,-4.256804804661803,-80.9612104585057,-239.12397971547958,-126.24939897955744,-89.78598829958945,51.38027399510352,8.261566526341515,0.0
1.280640494548797,0.16164660687958984,0.679201813821122,0.9351065981683488,-0.1530639316191016,0.20582043188392002,-0.2445097804146855,-0.477265885556051,0.023308616679164115,-0.012734433323324867,2.0813993955509993,-0.8251102844602157,0.08580867800458149,-0.7819772945820807,-0.013585653877286621,0.06004733369530902,0.7777407554780351,-0.3172746519609174,-0.2800294921465163,1.7007398079889797,-0.1336090678491009,-0.14851183567523826,-0.4653667271965176,0.9511207527995317,7.631566523512944,2.162961425964313,8.152987540729937,-13.880266816248952,-1.017266182982811,-7.103171070437466,0.8808996772317383,-5.113631583737718,-8.498872969436674,2.4340292574361015,9.47109207186041,1.5440473471952858,-1.3321054922622688,-0.08853347807359845,-13.38929106859333,-11.394991483117657,-42.5189949075267,-17.062864556317926,75.73246237026251,-96.57053822592519,233.70457632953622,-367.3758189812507,-485.986538549306,35.29870027719238,7.633791602672404,66.08364853699045,-229.93275973683447,-170.59179190217577,9.85323682268637,87.98494321634314,198.11574372334724,0.0
1.3168926050549346,0.15798049506373898,0.6746996456885983,0.9441427193228913,-0.14297716161034896,0.22477432107462253,-0.19398082738473432,-0.40454016157883266,0.20842367005511894,-0.25024272825587857,1.7620016223911068,-0.9843700983119977,-0.10982522624469154,-0.89803344624061,-0.16690405627405142,0.07144686182542453,0.9437639191491564,-0.3732097990980712,-0.1537514627783218,1.8416077656348218,-0.21270156016765004,-0.31793453005970557,-0.48096672450776895,1.3051653549131021,3.7386963201206207,4.52149861710274,10.238787696691105,-8.699630291090344,-24.55265968908614,-1.965688987699759,-10.208000239978533,-6.61502263870964,-6.231480871104667,0.03008478682911976,6.50218761894648,-3.3520385397441568,6.682787244817078,-1.6980250232963099,-0.9053701818117972,-13.739740397368763,-9.800424603422027,39.396116893049324,-177.89148815465114,89.14948051137648,68.11888225252345,397.2307126579936,-598.4840306284708,449.1476799804931,178.86422277698728,-117.31020784173577,193.3993620536771,-8.097854968233625,-230.71522424257606,36.000699682716984,-116.11650112654738,0.0
1.3567010127896644,0.1541848781490199,0.6648134635962277,0.9439336510500428,-0.1411927959645916,0.23102735126265642,-0.18889208493634144,-0.23360684659046962,0.44629428659230025,-0.1852265399471124,1.1542140835319497,-0.758701380550946,-0.2347149414014487,-1.0185420203421671,-0.18443188339477945,0.1421092243402498,1.0744257467068203,-0.3722737301271341,-0.03925041119397356,2.038395986986649,-0.11651103410042302,-0.6724924429914116,0.24704751803260216,0.2553668752536116,-1.2633519948963454,11.092487450334097,11.129817525728996,10.879833924597873,-29.78986567035941,12.968520844719816,-4.78546800143197,-5.691056407579806,2.2315422173073465,4.4820024399842895,5.950758518542095,0.88510180678211,4.704346744741394,-0.8394571308064089,12.80892032431531,-21.106455039708354,35.43087568092474,-4.127436528289758,-144.62077985735579,171.31202445349825,-291.745437927958,599.2648865762073,511.4052149138239,-175.3531092885749,103.77959200091234,20.980741201653082,238.77918504142198,-20.72349635408854,-108.17996114150202,19.274069496726373,-109.62432880388056,0.0
1.398562313474015,0.15394812631314578,0.6477003403455035,0.9389722927520795,-0.13928675644876026,0.22669478637284063,-0.21803602168737699,0.04480739091305371,0.5222285741224597,0.006956120755175462,0.6729068549227258,-0.49325525531128994,-0.31861913228680133,-1.1480988456929946,-0.1137186076626477,0.16685730009352698,1.2350764138881607,-0.45576855119088927,-0.04008893388652162,2.1255278628663454,0.035955617121533154,-0.9279855842354329,1.152333727061039,0.22802258577684031,-4.242674780663988,14.133711044984992,-1.5933440026919665,6.245298366504954,-14.194525170332298,0.11455326344130401,-0.7809270391140204,-6.576792050949127,5.338237449403874,-1.12006525764098,7.731033975684416,-4.548520286340209,-0.804909466068462,4.789361951486705,-0.1879890027972183,-0.6497876917410044,12.26701269731855,12.08314098041278,-172.41864104528057,-62.06347445024656,-461.30642395595703,-458.9015878862299,895.5066793123873,-903.8799488378132,213.4186985931505,45.53179207646782,271.31863689621423,-250.0076657808655,-157.43493190206783,78.56039078799947,5.644326357208632,0.0
1.4435974336482928,0.15007223325679914,0.6287727928141837,0.9269241690301641,-0.15042950974117567,0.21176893683341627,-0.2708070620556507,0.38424365357577617,0.4423761503979189,0.05767868598818938,0.40317984656608674,-0.5339504275168292,-0.28250229492375406,-1.2385992863012605,0.04921652189273474,0.05491905970344611,1.4155850420196443,-0.5888728856715923,-0.14824853300715626,2.285331534167396,-0.3598511934944057,-0.9559175311836682,-0.39578494422360366,-1.0534739272914613,-6.530832830991017,17.63471661432924,-5.1343650485704115,-0.05620839063878741,-13.106957338429092,0.18721281453091576,3.3679781905055393,-2.957303178689561,10.130842488487293,-8.831473390799697,8.415071179325405,-6.011507892158247,-5.311341963003929,-1.4100559391458947,-15.843356089577346,0.05341531728404414,-75.32273530704512,-18.353743295948036,-59.94273717325962,-70.66866959874693,-62.388318111869125,-211.0433804274181,91.58066022879159,464.80618138019923,154.34587243742462,157.30140633907968,180.42074673663652,-319.33066950492986,-182.59737546445575,139.7257422208222,113.19152708698923,0.0
1.4878495856563105,0.144203204167316,0.6096378816930555,0.9086747237716027,-0.16714200189869205,0.1993357046030702,-0.3265563878571303,0.6170142824815477,0.3343014316418079,0.08631247387320665,0.36757705813200625,-0.2865846088955598,-0.19885196908901157,-1.288341756962982,0.22249921798772876,-0.17093434741553865,1.4969020870799812,-0.6345515364347976,-0.1917270044713184,2.183919841406266,-0.21399685839499408,-0.988301406109435,-0.07484933868533057,0.1291967210055439,-5.927598024792083,7.919943038041219,-6.3455056736529585,1.8833067636987433,2.753398556670355,36.25485484861913,1.8306085654144524,-2.0527828030086894,7.6176587512768705,-12.16996735018799,1.3695763635765237,-1.1959318406935944,-1.196035598737379,-2.76357118905892,11.065403280903961,-6.435972842940669,36.35402249671464,58.572014621338774,42.439730206486324,-358.3242343116387,-117.58701226213888,8.194992065146899,194.34608553638435,3034.2274935009464,-245.0082413258309,40.657508037255944,-109.6916651793265,-12.67226929733758,-225.42597128783385,42.715638988085644,55.473736871241066,0.0
1.5323111383555963,0.14694112089055986,0.5911750775924743,0.8855106115706622,-0.16571103748630148,0.19805114157651182,-0.386246752958786,0.6618599017089328,0.13194428205215597,0.09490861076279364,0.5161379059698811,0.16832355183237863,-0.28640826079680765,-1.2688460085521267,0.3416147869351213,-0.39666582661206007,1.3294312184181984,-0.5200991970588921,-0.17824033614403342,2.28938110561914,0.396828387333817,-0.9283515404430045,1.9108092503137692,2.382980633101425,-6.188626381720249,-1.357937113535929,-12.662824690831654,0.7834768905211299,8.173852705061439,17.132177398960696,-3.3620053814695514,3.1818361979460517,4.099727278245612,-10.522025546197646,-12.344736570551385,6.3912482878462,1.0607262338911143,8.38793354155947,25.766265534096938,-5.06630289887943,107.91178359602694,109.10132921082322,0.9001125528722727,-337.2896995697488,-238.6189437975427,130.488132787166,-99.70512125068346,-408.46846337749173,467.3486755264211,184.2929210266537,-173.86467810324916,122.8546284174045,-146.5536649893524,-98.82747293964172,12.44568472883591,0.0
1.5786374227522362,0.15448638198413744,0.5774395534251517,0.8605512671596077,-0.15692441114779535,0.20324876409644732,-0.43990474613168046,0.6713780662429003,-0.10024578256690836,0.10285141505624111,0.45581460300804244,0.32550488871081235,-0.27699649069568283,-1.1865533212255512,0.4179854440614303,-0.48054975298071567,1.0505370458734604,-0.2113413504630862,-0.1708005132902976,2.2595191223056026,0.3478733216180914,-0.36401953973379275,0.31751224872719463,1.7859327714537006,-4.404316718048043,0.7511294300082724,-9.181205486812342,0.22561149893408936,-7.4665794488362325,3.805945906721754,1.0277242746137074,1.0535729048853928,2.1013595528935296,0.3502488061775969,-3.087999947104325,8.61855918617349,1.3741720482538653,-14.209183069333848,-3.8676486431074246,49.91547082973408,-145.06113187048663,-40.10314466162053,122.53295225298714,-62.96442663546296,393.24809595060333,36.853948678932916,-170.1402956010008,-273.3546677330337,-15.307593474835215,-263.50947034304073,-139.16075871507996,174.96226104804026,949.6592187283305,-1686.3739062536326,114.61063940622114,1.0
1.6218609383534737,0.16489012484009935,0.5779288570034091,0.8361802360188856,-0.15661258666485756,0.21627472072972403,-0.4790619539921991,0.6012891060248173,-0.22492831458855725,0.2160296108207591,0.42374847611421645,-0.05048393938776937,-0.27018442241441004,-1.2028007642279739,0.43190493975867894,-0.46976098888677753,1.0790374822874902,-0.17764705970619388,-0.1428900771186372,2.1120655829864106,0.6489742245054627,0.32591445588680845,-0.4951515712470935,2.6042564988654906,-4.241472449848714,-6.488473508425571,-5.047064755377805,6.991020770754425,0.12126252338210436,-21.63319959046914,0.04438083560071103,-1.1211339465416308,0.21477536437655698,0.4004362811081023,1.8126585933392052,-0.13202571041310077,1.322110755786141,-3.8004979893143083,14.111645319329364,31.27278405708766,-37.719577769822436,44.36050565603569,-5.26062889475843,-323.6940731544103,57.46364295261059,-80.78074498635766,63.46781235269579,294.7064207230343,-17.343646980927716,27.254201200554554,-17.767752313976672,-20.327236638913817,-136.74230950480833,7.414224742008724,-5.052553940057489,1.0
1.6622677438525788,0.18109987131240446,0.5907602545246482,0.8111498198574066,-0.1562883831919702,0.2420040188187604,-0.508963619426877,0.3676506441376723,-0.29337030070161957,0.2986725069149158,0.5642825429939705,-0.5254981416400692,-0.2611565366792124,-1.2179039802752736,0.4263872841833884,-0.4636311726924735,1.0678147176413317,-0.16505752527479106,-0.14122852187954313,1.973283773269663,0.8965814990435103,0.8381037271791943,-1.3141683676936413,3.3775741731707427,-2.930051907813781,-13.9295487640591,-2.2543693232130932,2.5524275346722214,7.746292713385095,-20.533509854065745,0.4126266480464708,-0.15316045766211858,-0.19597296607200937,0.30464385955611945,-2.6463673801929435,1.633236012557189,-0.29184438984964006,-3.4556823563368195,6.581609598173484,17.07576542014835,-35.48406384482397,5.355332765344509,14.88338134380966,-125.41848724124354,120.39561218033252,-126.76698548022067,-178.60572552074973,456.44643965849383,-12.514833395167702,80.2019335354203,33.68807101255908,0.7002074659738948,-225.99790091665776,134.58594999597324,-6.265991212009843,0.0
1.69936517638173,0.20365127934116617,0.6102974019032636,0.795135273915877,-0.14672339981033078,0.2810608018192587,-0.5169496743431975,-0.0224615349793185,-0.3238233030164984,0.26687599436126974,0.8833782712398119,-0.8037369678218761,-0.15278733589588897,-1.229233709059469,0.3706089443047204,-0.47665265209744717,0.9926066551287624,-0.10698178332929921,-0.17704173264229142,1.7928324076830728,1.2047933870624117,1.0311080372331252,-1.279805557687986,4.203246188527111,0.4848247502643529,-20.480408774472735,-0.878001711807719,-2.199205730809245,15.510385825162237,-10.042502321690234,5.452852560506981,-0.5218930151401723,-3.6442131484886753,-0.7733265490684124,-4.49580137238958,3.906564659297027,-1.9783666231855932,-4.032870083449112,1.3231658229263652,2.5556340397724546,5.346845719286867,-36.07501343752546,70.78333113987644,94.22130413070195,64.51383548945815,35.70716505407759,-421.32402800902804,290.98939640832157,-97.70918046247137,15.54761979677076,-8.19513783365236,49.15499387147863,-50.55210031778055,121.43080349583568,27.46101124202971,0.0
1.736886524096324,0.22431478058418822,0.6298851054669916,0.7925166145976814,-0.13951088056681046,0.30592150960272296,-0.5087889147303568,-0.3161399813589433,-0.34167376449338516,0.21017357257666272,1.0082427616184926,-0.8353641821385851,-0.028240342761473386,-1.2193304379066237,0.29188074773673844,-0.4695532898743509,0.9353761210925852,0.008269562103483199,-0.09276937994756723,1.9415708481455276,0.900195854212741,0.94662979260767,-0.7865189508479457,0.7649004947146848,1.5458713061414473,-10.378952782759844,-0.6945122038894255,-3.129515651566957,1.1280715534024535,0.3640936852921513,5.563571324763576,1.5715025601420296,-4.454087746180182,0.5677513682463007,-1.5705666013203763,6.8214756094815385,6.766095068876458,6.701452140072327,-14.518666755224052,-2.94584404505454,18.538722662790963,-169.64977396761677,49.29772075190125,445.9592562258553,41.16397369967132,-6.305852162694778,-391.90332732058334,34.61544558963262,-106.49377822753739,124.78003066775419,-42.457268993933795,9.742917007872624,130.47254105047068,42.592158356698704,-0.6613390384389959,0.0
1.7731815115292129,0.24026167083748368,0.6495971906532143,0.8083324627824087,-0.13969489661414478,0.3178131681954034,-0.4754773975634267,-0.5100194979295819,-0.3041525072788087,0.16601534782082014,1.1403247165801271,-0.7521507242509853,0.08835903243698628,-1.1743676826007647,0.2194780672084402,-0.3849048083223515,0.8768594588997928,0.0515158966440199,-0.11094200745551697,1.7895099875121627,0.6945729693512921,0.9716744227339393,-1.6994287321118973,-0.8565535019564533,5.050685863069682,-8.110492960534142,2.962224817785044,-1.8187999356710152,7.925455356949699,4.514379071877204,5.075996777058817,3.547242551254045,-3.397498957857214,7.749250449354326,-4.8501342194571455,6.503947342837925,-5.4503270021458015,4.369932095914517,-12.945862893287314,-7.309529347854468,-5.485934081172026,-111.98129342270533,158.48342405733143,242.35673162932093,27.694617752635516,9.767819936692913,-43.96918517494487,-62.47739966724766,-101.49952831122826,225.05420168085072,-53.903780734828274,433.0172202946562,-222.38279943652097,754.3938002616156,-404.96224916021185,0.0
1.809208031323793,0.25203789567194773,0.666965586542988,0.843406053746829,-0.13748116249246803,0.3244711734597381,-0.4055657974442378,-0.6351777448944823,-0.24530133148681174,0.11172974678267214,1.2959119115088436,-0.7088778698019561,0.1489539008599485,-1.0745061096521074,0.10389937157861662,-0.16813093399126358,0.7626409167459549,-0.12670363719899896,-0.1781211488754015,1.8483524134515987,0.5094537718950924,0.7558248755205177,-1.8716585842735043,-1.9691560008456261,9.152346319441413,-4.6450682788949145,2.786843944050175,-3.0021273614239647,6.731408499991739,1.3097188549294152,2.305339901868534,6.362877183574748,-8.312458441545292,11.906864708032284,-6.17948304784836,-11.318737126238055,-2.69834640019366,7.949448565760337,-8.256122404969368,-15.405367294111665,12.958483385930077,-58.614156975422894,158.91917316556666,182.11153556292624,-24.402041999454536,2.099096987710563,-159.9279705348237,-53.035749477337994,-50.26757096191153,160.64184529146007,-325.00191541925085,-5.271643882231028,-3.237544901312943,94.93544138043414,46.38739120733936,0.0
1.8458047291698556,0.2595722995500958,0.677951715221208,0.8806089099921004,-0.1358230432658969,0.3254508180152832,-0.3164835123883972,-0.7173170978213185,-0.17713708617237073,0.04096977498146444,1.4911931685335342,-0.744897426272775,0.1644524975164051,-0.924588970835542,-0.03985184804144706,0.11636526695567517,0.613125069875341,-0.3632264377029234,-0.19778970747585395,1.8632216999177895,0.29872924370900894,0.3585774315381216,-2.375094152795079,-2.55632672745441,8.849522446715438,-3.252891305338509,3.587973341084446,-3.958856742272156,10.366180003133465,-2.1798981647904583,0.4401295911071313,8.311481470645584,-7.823038227263935,13.092876794397238,-7.197149030862372,-10.666368872884105,-0.6595999986157797,6.690041774755983,-6.149834145016495,-22.55929462743865,10.361880674303428,-32.798377584542614,-49.78609701426715,125.84913638345031,7.730647615842923,-34.97687578622869,-50.305861883617006,30.996269944270182,-7.890182840088757,62.7889417968768,-161.56434095374868,-348.93578649180773,99.39223128914416,183.94525778029762,12.393829902005562,0.0
1.8848833677318069,0.2635124219536878,0.6829148628722771,0.9067946006471383,-0.14040027895719998,0.3180047544311765,-0.23850427682769754,-0.7140970220331312,-0.07346390165771287,-0.05350373252757008,1.445237538441179,-0.845242538676121,0.024798567123707448,-0.8153878802889809,-0.19066555106189167,0.2670183124769614,0.7016121399545402,-0.4432485250164547,-0.14732045099362373,1.9927921702668285,0.10947106267361735,0.17399516758843975,-2.612910742963995,-2.6872588292000614,6.153163164301188,2.0450931096675022,7.213102583496074,-4.5165464673797375,-9.657617853254141,-5.148887657057131,-7.32525776588085,3.9422097656302477,-6.78952495313714,3.1335905660500902,9.226657485521681,-1.238367429708444,2.747768956523715,1.8433233125462523,-9.64714659833371,-8.4498973355622,-42.19409626567747,9.830476349879216,-157.54814656889843,143.0112666958473,251.43521588553438,68.79381918178284,-585.2337754603433,72.10237222642628,118.36232072247076,-116.26100655568493,128.0360878580005,-384.3583701914638,212.42612096431156,164.9820284866964,-46.09211936948558,0.0
1.9264543354684682,0.2644031374967723,0.6848210660983929,0.9213053122557429,-0.15641206970519952,0.30478219174366916,-0.18395543388496952,-0.6199087583898792,0.11367101690217433,-0.055718554470044535,1.0445999621360096,-0.9056738501296264,-0.16247161867321333,-0.7517293761228471,-0.2818546152890156,0.2934306632405437,0.9535392001844205,-0.44358259301243075,-0.09493550651130471,2.1068351102158775,0.0021894384244830704,-0.0011286396647469839,-2.9360259133636877,-2.7820127374281194,3.4361724033281185,5.997740714376192,10.512634939740437,3.2373872880197556,-24.08622394009044,-0.7054260230771698,-8.489933411632917,3.0313631722373158,-2.6568946122208286,0.3276369977851388,12.755950353197706,0.5715189612657474,2.2154814287108078,-0.3780322590652777,-2.733964237810654,-13.7761966361887,-37.783888438575126,11.6195710753083,-118.14988453699799,57.80849831356182,38.223007664585026,293.7785720765237,-71.19703143671204,158.99505083658343,163.45109477279885,-2.349126287430308,208.67800997857987,-77.82675525195658,-129.9044645676023,28.880766209646094,-48.321482883771765,0.0
1.971071989772744,0.26757354084233315,0.6830850957824031,0.9299600330581242,-0.174417434386781,0.2867573778303308,-0.150076986098258,-0.47684981629743706,0.21640841138575023,-0.0037934663763642797,0.7478469569742797,-0.8756749538918904,-0.288251287804175,-0.6771645664215556,-0.31543522783170014,0.3169118753761613,1.1174493141231228,-0.4490483548475539,-0.08431555216104508,2.318451451377142,0.2931769500076282,-0.07293427999239877,-1.6178963636242416,-2.535710726464424,1.6850908409110372,7.30015929162538,0.9968919920538706,0.7509813242740753,-6.420072071063398,-0.7882080103950169,-2.6288118360957577,3.6976142848659177,-0.7400293556769919,1.8742849377188886,4.909578400101617,-0.5278080454947699,0.12257053209039714,8.224697194811377,12.52658152424686,9.600571663924594,60.47102353168861,47.34912071575861,-77.58989754161398,9.883125162727001,-278.77887762940526,-118.00780030822821,428.464098503217,-60.349615196987756,391.47647411350084,-46.61316091065582,128.1134657376046,61.952803927462114,-316.5827906597259,-11.727092502504451,-16.906128276498045,0.0
2.016131334013026,0.2740079116037945,0.6824330725801561,0.9331402212239636,-0.189707495819888,0.27204133829008803,-0.13875843695132958,-0.3590238603804933,0.2228619108400804,-0.0009911715437799032,0.7130050408493566,-0.8786728249450789,-0.3032765575030786,-0.6542593404520689,-0.2693603358003181,0.37140411896815323,1.2661759463561015,-0.503348336092197,-0.10109183287305941,2.225250444744564,0.3480758901304134,0.00437980319253648,-1.3774082451704734,-1.4137741648122135,-0.6026970645032943,5.236793615356715,0.23359823236239188,0.13411327150219882,0.11710882622801869,0.8514576332926621,0.019400448949415935,-0.5313660281875594,4.171076865365244,2.534855223790718,7.807279429279077,-2.711342029554152,-0.9276089585263669,-1.3444320322507182,3.4404393760507235,4.395909212133427,11.921802710728162,47.680610756178126,-104.96173355653089,-50.005610631483165,4.164899009374508,19.433208915061147,111.44460487919547,156.26360153627522,43.824752777306685,-158.1938068842572,158.16916294899679,-82.90678642483849,-72.02238953013834,54.97403902789352,10.972548004408099,0.0
2.061781023404046,0.2766673333423478,0.6838195067914848,0.9307630512246721,-0.2202037851634644,0.25345519119229654,-0.14474426251944253,-0.22389303449177034,0.2483723031649672,-0.043312877055007054,0.7057804733395167,-0.8417413621787028,-0.2664268654932013,-0.6776069053214024,-0.10848908185428568,0.32916672437107386,1.5268619024091545,-0.6359927588177879,-0.15435646432147537,2.3515561959208737,-0.00881311961812016,0.11792075060376567,-3.2313658624771966,-2.4501797656521287,-2.690066603125175,8.018908160492856,2.0152008900446075,-3.269761322568402,-0.6195175958733169,2.8669057751375093,2.1518870870619504,-1.108312128017647,10.516835195909014,-6.212450694934082,13.956254107500158,-6.246508130571877,-2.5294893485090855,8.846382453094664,-12.86984086276501,4.41581226616863,-68.40500611894686,-52.45645281564624,-102.71166766330413,141.21539014292256,57.028139044960106,-70.64432372727069,-4.001937791012036,128.10345091692375,-12.432859580625301,39.99626295613342,234.94820975122698,-440.6343200407091,-123.5341082886566,149.1336790749334,59.758336173208235,0.0
2.110460285269725,0.2766770572048735,0.6855679950360077,0.9243394968446094,-0.26052214011122266,0.22368541141399725,-0.1664017602234821,-0.038505751833887276,0.264601309847348,-0.07980393206721728,0.6983767351403163,-0.7324639373173975,-0.19871700633112357,-0.7079908827796081,0.09788765142067327,0.11013505692192307,1.745050474127455,-0.6845222154294098,-0.21097541915266257,2.490778486656368,0.021246107406592628,0.034951331580975534,-2.5672153601675674,-2.8563022825089184,-4.827002627671698,10.193530694168087,-0.6799996596601224,-0.6544798417735278,-0.17350036318867706,14.05825108915015,1.605072844467077,-1.5736984889484402,10.517757531429204,-13.668421379656445,7.804031329321303,-1.1518996157056978,-2.3239408954911482,3.1493143506661396,3.9259277656118505,-13.922909414400339,49.195908593475366,-12.540683079722525,-130.77752465487947,121.30180027050423,-266.94745915715583,84.03581136793144,-133.36083519913862,3986.261630011798,-1028.64927498369,-1.501585780949158,46.434858169508665,-197.7677586159025,-354.51981639692644,61.68841672339999,72.57861852611748,0.0
2.160503456191071,0.2796929036794544,0.6851880410479878,0.9118867229514427,-0.2936524464590719,0.18908007267830737,-0.21559121343284418,0.15831518756653093,0.21179207763771757,0.0001681504030751086,0.6625170895014104,-0.214947166374177,-0.16025216601366907,-0.754594221448009,0.3142345560133509,-0.17528698996526165,1.7496150375749129,-0.6736428408316637,-0.2275028439803272,2.4780358262953013,0.2617343959369695,-0.11438610893706709,-0.9521736803653733,-1.4993286937768253,-7.510643183068856,8.825879252000105,-5.323963186480041,5.685401940167901,-2.9703995854233844,38.40811536339027,-1.1322226934831487,-3.109870968974314,11.222852755891912,-13.57645499260741,-4.383439960768435,0.7325260578224506,-0.27019628610500784,-8.57691659747929,12.728396121790446,-19.649443432916296,90.32121477575217,87.68666483347239,-101.9497736999178,-170.29660586908068,-381.41457038400097,29.728016376494416,-236.61171692502836,2332.2299785791647,-531.0262358486883,-125.50978891363,44.694248432004954,148.44207379497516,-351.81750882894676,-23.261435149767646,34.493920750349574,0.0
2.2100006487917807,0.2908445920129858,0.67877742448388,0.8970141438638533,-0.30149903119589,0.15952637252931975,-0.28109659614405613,0.27118732467638357,0.021076377671843515,0.12442377569375411,0.6116108364588423,0.18776456563508287,-0.3085969262663121,-0.7909316691842928,0.4860592041338932,-0.3429200632348282,1.528394115523376,-0.5426158681409073,-0.22347438563897315,2.4472597802930407,0.7684707156214982,-0.5031812678120678,1.9738235174426393,0.1711983272093352,-6.875784619607305,2.915405371598396,-11.101878594093584,8.202654448189318,-2.3452201656133527,13.110596552426447,-3.8697548278952825,-1.8611302919034398,7.286788036168122,-1.7602753727834592,-12.656285160486929,7.214730200356775,-0.32633152291029277,-2.9786954516488344,27.759751316269487,-21.640128413038468,143.84947018446013,103.21099068374727,61.357144072605514,-395.66054281822085,-457.86225961249727,-318.61146097603495,82.00553657690457,-389.2160621877592,556.7588581793946,77.817290616275,-406.9382484121204,157.39049914528223,-60.91978518693918,-521.4124119963601,303.2062186733896,0.0
2.262420842791433,0.3102847881355703,0.6671796498612632,0.8855814563828843,-0.28226752677112027,0.13240928271938593,-0.3442939286293353,0.31690888575205584,-0.25161708275840783,0.29925189668746227,0.44088900052397617,0.09572884859697078,-0.29241174904206607,-0.7008037067619813,0.5512084810391619,-0.3208343264476873,1.1360932049980814,-0.24516711386210416,-0.251261032076877,2.694427141468821,1.1317494641826849,-0.6859154055776502,4.086230765941743,0.506472567413056,-5.973765750836031,0.34010706836915894,-15.421501040967131,8.39454997015192,-10.597559426240903,-8.53943391143389,1.375295414767715,8.43571882146521,-0.7012606501246422,2.093852935711062,-21.637847401146523,14.246548059281963,-1.2399902114697632,3.180254017348997,15.77866799396961,-15.240665139628616,98.08101555434679,45.87861902700455,65.53312580886312,-307.04236810231004,-150.72781571916497,-47.53386749132801,16.157264874827256,-37.8098395486105,-26.667003288701146,277.8101008919338,-456.91875387857516,-16.636083337017205,54.91906155870666,-309.0380412624539,43.77097751865262,0.0
2.3151676676890816,0.33475173665500846,0.6556853421127691,0.883754507995215,-0.24660815282289705,0.11977488171171413,-0.3792312833487747,0.2261281597697317,-0.5220851210180689,0.3927652868559918,0.3586348410126307,-0.1284374338004321,-0.09293470385312563,-0.5134611094463233,0.44995747422005566,-0.28651572176736073,0.8089621126624893,-0.21703424747073807,-0.2891588956005115,2.5883070935707604,1.2324966908439159,-0.4022636825749448,3.5443565957230327,1.4275568174380056,-1.3147698110365726,-7.204744181475239,-11.043047965769938,3.2896827190339466,-0.8029588348139836,-10.066471974046044,9.904073127642794,8.68502662130463,-6.009643127888345,3.1548898953327384,-8.22153554313331,-13.978219473410814,0.9477871286163937,-5.1820165339623845,-3.3124462961520735,24.426247405445245,-74.07062551104686,14.04299347147151,152.43868893135215,-200.65577269893333,319.50240153752617,-70.66717808118095,225.5789965463411,217.88910462059368,-192.89025763843674,-21.776812146912043,97.49648449880786,249.2824450092034,217.94390490954652,-969.4296499104673,142.70341443158802,0.0
2.3617308896882436,0.35864473560083204,0.6534758861170015,0.894106776182283,-0.2192649980977798,0.1317020791846854,-0.36762820312448236,-0.020162164906864698,-0.5965850956701361,0.46236283650273413,0.7051267990914555,-0.4235903163647122,0.04314471132279469,-0.4696306998751936,0.3079942542934022,-0.2847477956647437,0.805561485346649,-0.4079503213579624,-0.26290697416707914,2.2933255680670017,1.0115707785071921,0.02976402229291346,0.9715893120288912,0.9662134397776123,4.945876186498861,-6.923154075303542,0.11060451398509291,2.060253409548811,16.02777693142312,-12.808861738124888,5.373986864181948,-0.8229465603492776,-8.240893838935918,-3.266057562715685,5.118575539658356,-5.418527960914856,0.2369191432399086,5.010771723533761,-20.783431529687444,11.62226242710516,-77.86439863974586,-105.11658694062466,297.836671153669,769.0081133684192,221.14557302554599,-377.56819251153337,-428.4553640812389,265.68021605728507,-97.5608159627781,-106.29188534053404,-44.21745378540092,-90.69614848611758,277.48247213832576,347.466041133204,-102.6351225374245,0.0
2.4047372316457514,0.3773406320274095,0.6560046461171292,0.9198399556862311,-0.2003742227538307,0.1593156383704579,-0.2972594054854503,-0.13148618407293453,-0.5659636380335261,0.3968155992221145,1.1074058217904297,-0.6065550479729428,0.15745588164047972,-0.5538099509194746,0.1470995520440172,-0.3148790874787489,0.9730168955435543,-0.40859078771096474,-0.2626321001926076,2.1045646859634997,0.8908006395968937,0.246748521702358,-0.020296517668303656,1.4643184630881592,9.753725910980073,-4.744223658566278,2.73229996740764,-5.792789716389399,21.006654845870326,-6.256318430115503,5.108596836011695,-4.801267184636853,-7.77062101988714,0.32797696477527,8.308617997980495,3.031857944999375,0.15280106199841326,-0.7470143052553441,-1.1452229221812442,16.954062656362566,-18.712008991335974,20.478903517700246,111.43088577013897,-23.496433341576747,149.59495476602288,-144.8307766294782,-5.659065166485377,293.39469132226844,-88.167221873736,92.83118222858245,19.19384936398496,221.96151615043226,-210.21135165371476,155.11562564032826,80.91371756602031,0.0
2.4453590178564117,0.3921667297965029,0.6668540666795036,0.9420498734320286,-0.1843935743297577,0.20524474908171378,-0.19082882037831506,-0.23054856558633513,-0.40018234660868357,0.25472840969682337,1.5516581249982553,-0.7214164143495484,0.1724096824704534,-0.6249329662459258,0.04783530200839662,-0.2253059002498993,1.0322576076740972,-0.31208427764633784,-0.2635446328124204,2.0498699852261875,0.6385253671193738,0.717710318231303,-1.6711207986723597,2.7201912517840143,12.718730993657356,-5.1498905696095845,12.029740424669615,-8.558493135049833,19.246571631559256,-4.692257776079179,0.04855973314339131,-2.1615814800406192,-3.765394120299934,7.734818762789287,-2.44018901238241,11.233341607429061,-0.29367766442297855,8.008296277327037,-8.208552665916063,9.698320047580914,-18.982394219509942,36.86327814988498,93.04955828845645,-72.1184063477228,326.94719971307387,-171.76715532508493,-557.3631472967303,107.46606747273032,-6.021524605967094,225.1373822093424,-20.14140028517453,407.7755784220282,-950.6168689033645,1396.7669999046168,-46.62415064650369,0.0
2.4868555107833745,0.39954976340273163,0.6783377037718171,0.9492861989419503,-0.17198394056859573,0.25701146126109375,-0.05676570677159984,-0.3615866185576553,-0.09218365593289021,-0.00701815859170845,1.8899653009348336,-0.717126620518401,0.2168573178676932,-0.6547351374138682,-0.09173542650742306,-0.1369033724695287,1.0559902892452455,-0.337893484892849,-0.27324889099857474,2.12656431586671,0.17141014510204367,0.38941490320057454,-2.993150781373113,2.2926110399812374,14.040867944680091,-8.461563148123439,17.79077977846281,-16.443220227813132,12.860756047051371,1.2757534420756464,2.406737374476214,-0.7689630767814327,-8.805836113692564,2.6563594805892303,2.6719707332826745,-3.7391657169275283,-0.49587077408999575,7.658495781696226,-18.48500779095849,-28.178867750106136,-43.88767693148059,-35.70544246273565,-89.9138514350773,-268.4435224126583,219.5568996360876,-318.6640519597704,-591.1855448387815,-3.9697156635920514,-24.88286704104497,88.40614784042103,-137.7943608307536,-105.73265422803816,79.21738385553203,9.238280852674222,6.40320559088201,0.0
2.5350952181927484,0.4008376375288948,0.6793444147928124,0.9416149598377052,-0.1732293487918324,0.2847429731199832,0.0476896150727555,-0.5287959676862867,0.3374348956280171,-0.2793980037427434,1.7961785640013002,-0.646397990256218,0.03689903056343194,-0.6439310498721827,-0.20351284960577165,-0.014639633626964771,1.1459567393006769,-0.41936399417538783,-0.251869324801818,2.5904198347964122,0.06701407779999499,-0.2983483328892519,-2.999524242435368,0.014266741140154193,7.2737152943190395,-8.205768887220833,23.79944897272568,-9.206445176145158,-15.0909839266231,3.2956389567388946,-9.883497377121598,1.5282049220417941,-4.109052531561511,7.516470850681644,5.095444793851276,-3.4430871721583274,1.0670640361450876,14.550443478394053,10.873616997116255,-43.69723656347145,50.550423571222005,-118.60590411422434,-334.5047800852453,60.191239596163314,142.79294874354102,598.0092964528654,-801.0428246980925,-87.33353943010351,132.76943588377932,92.28958832621039,32.92134663020533,59.17841663485297,-7.844367578952922,92.0530585508249,-32.57740461375817,0.0
2.591426276769488,0.4059501340606885,0.6674267056753291,0.939411830554771,-0.18004536232998172,0.2770206579388821,0.09137086621187798,-0.5693046202319524,0.7688681213934914,-0.2770818770617258,1.2315076438866743,-0.32056809439496675,-0.0593927324595679,-0.6082694512495355,-0.22862424561837394,0.15683133461708698,1.3357700542416595,-0.5227118813793518,-0.17616225796195623,2.8950961615437563,0.4689173609661009,-0.779805611279025,-1.011309672448573,-2.0663809590996136,1.9133935019679322,4.099620852354707,17.838385507964446,7.207423172032947,-32.76447313655208,16.753535180128935,-3.4851775521399055,1.7440192391136953,-0.48421839424618607,7.9875922713562355,10.940646262598293,-4.516307914748227,3.59938857542655,-0.959141452218856,26.977087059151785,-14.796488900824654,115.34256936933375,-29.209336388256556,-126.07950559595857,718.7282893588646,-627.9466323229863,627.0354004819042,-2.6852627996365905,-330.1715470776301,67.06635438994346,-43.920825619690106,-19.2845593809984,-147.66269491995584,14.080961830956772,126.7118477893133,-79.93833579138405,0.0
2.6505357559592335,0.4257127508496745,0.6505961637582868,0.9474768061966662,-0.16448308920550544,0.2547087951325415,0.10176661911897908,-0.2793103399923479,0.8963034935855403,-0.10067510340152112,0.6434062201280861,-0.17138631511809807,-0.3048092948535158,-0.5326338529092374,-0.2931214965127538,0.30310079739311774,1.3610425158334227,-0.5863477404527009,-0.13334709317191143,2.9244391467549815,1.325227685604418,-0.8938966822528304,2.5513384865648785,-2.746000867611703,-0.1792511082748322,19.347161690921585,-3.220429142900943,3.7865121786532,-23.101636797674523,3.514629570478774,-9.789835650297377,3.8105967480117777,-4.638844095760173,6.890890594216838,-4.076239247243708,-2.763884947318044,1.554686364297711,-6.512153429124482,28.286254925885466,-7.463663456643646,123.9959986392653,9.560952679551603,-188.10199781830292,190.40712510027524,-894.4946737577897,-940.9984882428737,916.2850942670042,-275.3815087800392,1314.0187430602728,-117.82746249026648,-41.069837854579035,-27.58163357789761,-390.59508080795575,27.88356016825625,-44.91580941672896,0.0
2.7080572636426625,0.4519420906711902,0.6318738042601031,0.9568805675215888,-0.14452376692986132,0.23409768997577834,0.09322409473934112,0.03704228110182721,0.7898525868304973,-0.14635088420871242,0.313783901853772,0.008625394833016681,-0.3074717767959548,-0.4769722667848577,-0.365351790207632,0.3514838150647996,1.2524931782137374,-0.6022759130965378,-0.15361728437831784,2.832562361023472,1.2423392911985878,-0.9553312797403085,1.4295499443010193,-1.7524488355969159,-1.4119487721581163,12.284597349946974,-4.62274231455611,-2.9677403686772443,-7.565659186897886,6.1449177800949295,1.296134645404133,1.5317973674884775,-1.855316787611891,-0.6650023498292218,-5.238548041530722,-0.3045315269385453,-1.2506196794035378,-2.2693906137671522,-12.37176765277695,1.2423153276655068,-83.90412794719087,60.204808110280325,-76.01314341411529,-353.2005866788502,224.09942116558878,350.1729668066427,1047.706294675126,-561.6399077060754,-33.22986137947954,-137.8497057518289,255.8574673426289,-311.20856101735717,90.18903261544766,12.357993898857488,25.164000132466544,0.0
2.766509424106033,0.4730885613527559,0.6139734680942853,0.9621241645169752,-0.14672339385855246,0.2168447703719449,0.07594526522093666,0.2592458099292593,0.7342877082991941,-0.20273058745686676,0.24242231942101938,0.13710372403069018,-0.2944794627120809,-0.4396217277551149,-0.3443973613155561,0.2673622699091515,1.1161778021852506,-0.6746793794233783,-0.1820227316652942,2.9591383438511634,0.9045416546676825,-0.8550651930188876,-0.8539397619579089,-1.1716985669227011,-2.4024785186033064,10.03702351067999,-1.3212176759996406,-1.393984387152417,-1.53564507659107,8.240939648248705,0.39200866239147186,1.6856585479022865,3.4011792903341145,-6.496256557895089,-7.107711884824849,-3.9309942371918978,-1.1510683342172108,0.6839966107014785,-16.677073250572583,3.134035118490619,-93.79396634115635,48.68336376180836,-36.08791011148752,-144.3018169497327,145.70701972999865,187.20020595778584,192.16371079152785,306.02439768040114,-11.500111449666953,-53.98662132322446,250.5617184159688,-203.43252563451168,38.935860860669294,53.76041177200501,38.6790302833287,0.0
2.8282749395593365,0.49075553763694346,0.5961559207097944,0.9659426629285616,-0.16365147107935235,0.1958485219850281,0.042618357363020234,0.5104228218183356,0.6847666735390391,-0.1922576382551763,0.1916745475016367,0.45702241155945134,-0.1559605940058077,-0.38602683311984537,-0.25862654978291855,0.10473149296637158,0.9016063615236924,-0.6554932710790667,-0.2137133004177571,3.082311273674931,0.8868950004007122,-0.9686032901328431,-0.9263061716859627,-1.3668702383483233,-5.021458285406705,12.755355545673485,-4.8255141381831725,-0.1467162844471791,-1.6006719355385426,23.92814309192627,9.731387665211857,2.3495961060936565,4.764107336717392,-8.825638672944233,-11.051805443368497,1.9052595385388396,-1.2801073267166516,-6.927604766807296,0.707628372851668,-11.268567744378345,18.973524442212625,35.54683843141332,-117.81521105889682,-103.45228699494824,-289.8148369977218,-69.51280675934846,232.5005333951863,175.90077540053304,-33.06118141374087,-107.6288726988749,58.50778012759146,-20.918095676629576,150.26397517832848,-12.266233341137173,45.13301449805585,0.0
2.8859396403780253,0.511492595762984,0.5766562640101617,0.9661613106978978,-0.17215027227565072,0.19199648838488043,-0.005826998696895592,0.6392843036237251,0.5446078841746445,-0.18966786653423343,0.22682038803542154,0.6315184359583499,-0.17700904263084336,-0.3710904265419998,-0.22326268788790302,-0.03278097347173449,0.7200088935161288,-0.575862096193701,-0.2650713059275927,2.766981793041273,1.1947689349632185,-0.9920776663305071,0.8642310054594432,1.806776235883357,-4.8612113291687535,2.4202941163864105,-8.259774314793544,1.249483084106596,2.2234562280195393,1.399142067482772,-2.731862750485634,-0.31044185768502575,-1.576646325643729,-3.385129136719975,-2.6006366153003584,-0.944580846478754,-3.0389427559280597,-9.871950755168411,14.408955603453602,3.2866917955408064,46.0698856833733,146.80173946818184,6.354264648587422,-383.7449557587472,-48.955580757765546,156.1603424700326,-80.81379205492006,-427.11882366325915,13.133195215399521,-84.00726834315651,-76.8731042336578,796.2051260798207,381.48755231611244,-230.85449601355288,220.2851675572718,1.0
2.943452899149152,0.5355079631755137,0.5590255083762775,0.9607386780525643,-0.17936627669155375,0.20642142927200083,-0.04689482718726405,0.6613842600873753,0.45594339926095906,0.02332602497151124,0.152691714719241,0.6189089633401423,-0.14721738239628984,-0.31388470476900665,-0.24145475349304032,-0.04648929891905518,0.6088999017388206,-0.6159724171028447,-0.2837719880258219,2.9235363971466573,1.2204841201465648,-0.7872067516470611,-0.6168503475714088,2.6698537719719613,-3.0304936289621165,-0.7077982925752271,-3.7592168228832694,10.492026238301746,-5.532706845620045,-1.3219687931860484,1.8224219760707763,4.466112714254828,-0.6521637399684114,-0.32552520066257085,-8.148742623502775,-1.2038952580062645,-0.023358852896056687,2.250593185527344,1.740986871169325,8.268010243585286,-57.033697086995815,60.194643069833084,92.46527722165597,-246.26918384088032,-33.77477536657607,-392.5609509055159,-49.27716470796379,-22.08763737829161,-36.64032347567321,129.92434361588516,17.82042261409185,-55.28837302144253,-302.91624716146686,177.87943025108993,48.25290904795503,1.0
2.999008351075338,0.562144011293972,0.5437983420111274,0.9517347582004032,-0.17924682123110033,0.24105651522791258,-0.06295461522351997,0.5091672058740467,0.35184323735341305,-0.010872358337541566,0.2509648680560078,0.5962983116677264,-0.0676092690741214,-0.24797967281564692,-0.261697614670123,0.05604417602283273,0.44882298745585053,-0.5874248744057962,-0.28273447362625,2.6991088943770216,1.3811138374808722,-0.8106496751601656,0.32134893018313987,4.382749055538162,0.3551412696753012,-10.19587393321924,-4.45483070880437,-2.8013161733642784,10.51872077489713,-0.5951612467380026,2.856656630421623,2.744937133732582,-1.7774675223091738,7.59354392479677,-7.407953370047339,3.2724221954619783,0.04228123937360052,-4.98256551545864,3.89409880786466,-11.195946983077189,30.07640725920346,35.601267358295836,112.57039508002886,-36.97587441394789,91.62778242353573,177.74960331348447,221.3843179266508,57.50171194205117,-175.7360746413325,-33.34179887901635,-144.0103989137787,86.18760897960014,124.0685364578569,182.6243427231822,-3.8270137811798715,1.0
3.0519084935588636,0.5869074361804504,0.5217217021455445,0.9411321851136804,-0.17681690840468667,0.28023584803381096,-0.06688692340157802,0.42395535840680426,0.30062341732259523,-0.03045945467391757,0.31960861073149627,0.599152134242291,-0.07833526890856403,-0.26657961498217386,-0.3307421615509424,0.14943047953199887,0.5289576467457552,-0.6205593090443812,-0.2854381245431406,2.6478226762371815,1.1226420760507856,-1.30266156018376,-0.5415092292168715,3.739723625528452,0.42724289042223873,-0.08800291787688563,-1.0300074407507251,-0.45914907640379476,-2.3643951461811064,0.09107407854762709,0.3175647405369326,-2.1497513177301464,-4.742540837257017,1.8697622597434091,7.765605926099344,-1.9365749407393729,-0.18481166802416138,0.6234304200952667,-16.297242007205007,-17.956149899877428,-66.77403893655367,-31.803127693314412,29.23110073929094,413.883031577353,270.63525105982853,-74.95363538116938,-954.7970187892936,-59.61409998726314,589.092590550341,-37.471387583898995,-94.33345404282515,-250.09841689004548,97.84813528577807,77.49812216245977,-0.5354251398768816,1.0
3.1044332358796023,0.608294926272787,0.49183832753771406,0.9251465401792346,-0.1965791622479781,0.3077974978540616,-0.10354328794786008,0.5155627219696022,0.23569567160438137,-0.062066507838119615,0.19871981615717446,0.6010807313368366,-0.2628770166222951,-0.35982032684284904,-0.36448584993294764,0.20933705388976936,0.6479069756091187,-0.9299032384313386,-0.28020262576132354,2.573711842788284,1.0369849905394746,-1.6286362352072985,-1.9567305042010215,3.5439101348266995,-6.754751336337009,7.106923162821714,-4.72846690812601,-1.582607533650905,-6.66460691368336,0.05253034038949415,-9.476181684017467,-7.059747882551969,0.5797680461202592,2.666751045941055,3.8934608738783476,-11.752473958904668,0.37896142045025266,-8.593819160501354,-3.1225676709984063,-13.493785625692718,-86.620557362036,4.767718217728731,-329.73065033470533,187.0076642677751,-150.72622602418255,63.77598172822363,80.65646245579731,-5.926511088199294,172.53122625746667,-291.77447279403907,248.53845433018543,-125.18709011339138,-223.55038508367969,1547.200957233879,0.22810619293223544,1.0
3.1524583549023264,0.6260003829417718,0.4598028488401599,0.8928622663174594,-0.25011502044045913,0.33436827319149215,-0.16863364972465555,0.6103318588782853,0.14976538405702922,-0.1920627497253568,0.21701468173390365,0.5915701154331356,-0.3226612892582465,-0.5497785617216496,-0.3151171920887924,0.10220329062090348,0.7465221550268187,-0.9827349327447795,-0.2167908264475775,2.3064229160595917,0.7442529087416718,-1.5954711385774027,-5.453049320675172,4.299599468880395,-8.329096224953815,4.482410334069927,-3.019875432485485,-5.882047129325715,3.7838214866600475,-0.5621971321640257,-0.3092685884041578,-9.808769363840863,5.3567656975473685,-8.794337951934802,4.467844483692309,0.9705465073141832,3.2709068396728185,-8.348507039328748,-16.092638955576213,0.013612571257185353,-174.61402513257872,-5.231765130498515,-94.47723237516423,62.71814151488911,167.1566730756671,265.4345001745368,118.8235084127402,6.909970237795054,149.37173410148168,79.95986753286219,390.74691793440263,-194.94485658056783,-144.98437471204335,184.42188964033215,-45.6701241168926,1.0
3.1946914243752,0.6403562332281437,0.4261732606271974,0.8408107871089004,-0.3251387359756403,0.36064494018995175,-0.2392848715754083,0.6681214397842429,0.07735753144779647,-0.2668374974399292,0.4331338317943329,0.586446636706412,-0.31042108952475744,-0.7777920046946031,-0.1376513473895234,-0.000567462700559962,0.8705914085372967,-0.9437665156270942,-0.2503222126353942,1.9895735052269121,0.6805355790902462,-1.7734820549954255,-6.618787783036116,4.591827125406894,-9.30825722142575,3.0413815065012018,-3.3879940328673914,-0.9633192476726617,11.988728764871455,-0.0532399218919551,0.8659932551183054,-11.791923543990833,10.665931227686151,-3.957447635515497,5.530496092369754,2.032637739419127,-2.2493466476463255,-10.916585947757625,-5.509083128345332,-10.58180114767192,-59.71824686976117,-17.455397144976196,12.38328303868936,95.42952629345461,71.77540111966674,287.28019615337763,-128.59297988217116,16.501570356967413,1.6662575099208783,15.19734200619456,107.96279690109859,8.566374022688308,-195.42556290142588,-24.672290189373573,35.820742519370924,1.0
3.2335485414534193,0.6562918291220006,0.38856027128403253,0.7768858705394561,-0.39399760735027034,0.38888651191668927,-0.29996918242993525,0.7014664457766266,0.009836765907638476,-0.24022680575993427,0.6584331145617515,0.5112455980027159,-0.2999620562728374,-1.005378430444874,0.04950753148903145,-0.05794598890758133,0.8698885487365149,-0.7588807140962825,-0.2901399917302652,1.9276775385803842,0.8628503675760802,-1.981532057337131,-6.211053610669884,5.17186112731173,-7.081391056418857,1.1378925256831063,-3.105555272282531,2.166421936321211,9.046949493870368,-3.768931118140664,0.3348029589619836,-11.147253654654877,7.764271657362996,-2.043276171945619,-2.9697536790681123,9.659889046556016,-0.4532856501617242,-0.1396165360672152,5.397186697992984,-11.722741257423632,20.488688906847877,9.533071749032668,144.12742732488823,-32.41861567224535,44.74605209634409,13.535669697824833,-299.6163703413301,76.86526397600309,-15.077297621073555,16.06974623575731,-214.36501214799432,98.33374943218448,-203.32806822622882,-150.5726817757019,98.52637995365703,1.0
3.275530535196294,0.6761841602508526,0.34837796324290893,0.718475117523132,-0.4393917646911872,0.4297142743101821,-0.3256900751876845,0.6762942671114501,-0.009552940599105286,-0.20680973632381286,0.8350053974667683,0.37415551277621667,-0.29866501468755624,-1.162075551534459,0.10335778823822248,-0.1309610872647966,0.7296106779758171,-0.49423373051280955,-0.29660388721941777,2.244206647951131,1.0692620696502309,-2.0552082686469895,-5.91505939209126,4.883745104433003,-1.6043234671851125,-2.506135754484898,0.606797072087575,0.8211551994696198,7.190960105611191,-6.390410992181681,-0.03997777148778205,-5.659471810790787,-0.4895506227617321,-3.1208387993792295,-7.726641951724896,12.102490693754323,-0.23075772030867522,16.221331835836544,6.118055225141737,-6.523893015592573,26.60832698413548,-21.017395707559412,236.08844359871833,-103.06940696836145,160.6234714956979,-121.17770230414514,-241.50575927435747,128.9846275022237,-5.113529435061867,201.05741500807983,-282.72970897948323,182.48584734617677,84.98417814077683,-258.95041979193996,8.594161525333746,1.0
3.3237905620620696,0.7007505663837899,0.3018841239513953,0.6710496863457807,-0.46112401089629235,0.4722008299323181,-0.33776225550137423,0.6008184586644646,-0.043899901598857004,-0.16880708350542914,0.9304279566677935,-0.031382520099840175,-0.29681086601636536,-1.2360786058796709,0.10985397827606054,-0.0016962774440156224,0.5468742566157175,-0.3357730471194684,-0.302822853187298,2.5391197620900026,1.3460950026701342,-2.562217726555885,-3.403464298784639,4.937004194091418,-1.0959988513401724,-4.916922007080533,-3.6083910133938235,2.1657051292506284,2.114976317794713,-20.73605728151461,0.1226094099362354,-2.282781447818094,-0.463071844280289,11.644794200545888,-8.573254265628451,5.700855934480812,-0.3105536361260383,12.554725954842302,12.373114819341259,-26.64121116499126,116.66044562135454,4.522292918298075,61.73794616466969,-147.64891669439254,-194.35324222678358,-3.4013599469480713,-278.8827832009544,303.3108107281365,-0.6045310374478763,147.85990874922592,-198.6211408162142,337.8690656510809,160.20551500518056,-183.93568333194636,3.3862415746752803,1.0
3.377853712823175,0.729672083964635,0.2501820415482271,0.6370502566241802,-0.45708855454950476,0.5210065090483279,-0.3373266093331284,0.49259275814826237,-0.047576788794964145,-0.09195112585853756,0.8107162207132947,-0.5396073511394244,-0.28610212252802847,-1.2331980315666644,0.009622025227256109,0.23002066720888079,0.35391339568733804,0.038512787308684265,-0.31026425711710737,2.583328104101103,1.7436471978832777,-2.046921147370948,-2.8297395519012336,5.406245201645122,0.21929168218194706,-7.00842542695542,2.293082116954158,7.4506684267956675,-9.416299371537217,-24.01753765927725,0.5963161956962783,0.5193784605021461,-3.906175825144513,12.167948104311527,-9.11927419161373,20.000248317067015,-0.3468198296092435,-56.41859919496158,75.2536695125434,164.1105593244769,-17.616349024322787,110.30139279827847,-765.1861843252714,-329.087648540727,254.66006267202442,909.4325641740976,-53.959658495830745,315.3101121944191,-8.597056091990712,-205.4495527469574,1024.9343121513805,119.29583290625594,97.05409345030692,-127.62638243897716,5.809336163891861,1.0
3.4238073081492915,0.7713722825143065,0.23363794218309414,0.5761856696910758,-0.4743137032608065,0.5544105783602307,-0.3683279727959048,0.24512100969212672,0.04409803412831892,0.020571135805418715,0.8319172803001377,-0.9117106525084108,-0.14803237030719277,-1.2160360247188742,0.03284925775655252,0.5636382003759518,0.16579259484867084,0.3641749582704439,-0.32462393956393143,2.2422472011798695,2.1610480088789528,-0.35607425798108777,-3.675822242443793,6.508675145338749,-4.689049042249431,-15.052880737630908,5.581505707272624,0.6078960696454809,5.317926172223114,-12.313230201236241,7.07843841856999,1.3130288567141954,1.1011380246874567,15.768030474431614,-8.500130400145768,12.425627450830376,-0.769792590000433,4.260574448333377,-6.128127787993571,20.574076931080615,-29.12435724503745,23.938814807794557,-43.214057475567124,-185.94813205030226,98.26658129628584,-643.1771596416012,141.43866345416507,1606.5771703274484,-119.59596985883519,58.23110704345946,-221.66488334812965,-354.5455603668763,125.07695564253865,-384.6433585444132,7.3907206000258165,1.0
3.4696862059632387,0.8116280528330306,0.2288859476081235,0.5014963724854865,-0.49747397090332346,0.5839919282570409,-0.39996807921158023,-0.09979693885182414,0.21936591773028558,-0.04163094114087676,1.0123840066846688,-0.9745329843629639,0.02584015876998564,-1.1654853763654025,-0.01955710125688664,0.7375456578738814,-0.028148053647561413,0.4989316534148767,-0.3317306149216154,2.3071688100624703,1.8620809049088398,-0.16310451233218126,-4.714116420329296,6.418539540687598,-3.9809826750744626,-18.459413260249345,11.424867660840215,-5.9340406306006965,9.022793050256235,0.5657160704737046,7.803589068684134,3.4298482940939428,-4.818988825252685,4.964811971256903,-8.7919909975195,4.163408281248314,-0.16472684572180518,-0.9576649979615987,-18.792407816131306,6.6879349778656385,-54.54670256026163,-14.790857375850669,71.90356472455457,-114.49268845085203,282.12603672012807,-289.5819033990422,-203.1943169643615,196.36451419283907,-147.0778343717049,112.61095583866827,-186.5008676619789,-282.179225845003,216.53213356619207,-178.24169290502687,12.679011007180728,1.0
3.505092182251225,0.8446823630862597,0.23930246651016254,0.43711237013585974,-0.5006194228342452,0.6223226269575347,-0.4135547331756613,-0.507287782294835,0.46824671233523985,-0.23515907553569892,1.0500683913444815,-0.9533834474719132,0.145403121445488,-1.1092961021689611,-0.16792440288397545,0.7715128075457768,-0.10858937337336491,0.5719604250110674,-0.33078583279729296,1.2485377612520439,1.4431820115918197,0.9997132044220732,-3.2656667327374205,6.042527719482678,1.0966867864283927,-22.039398251398417,11.009376839882705,-9.074461103841077,-0.8937287387212072,2.031044381117008,0.6330848258747608,2.6469698103493813,-10.638989772500798,0.34091226199204033,-0.9691202075021712,0.8905484115154022,0.12294406881560495,-56.767059733175984,-33.86182026713995,-2.5152565482060276,188.82838878330725,-60.001021152992976,259.8651381045803,389.9828297363015,-790.8387626682363,1490.08670596181,1032.5313059800924,510.02171970168763,-2515.0443273168958,90.4310978156063,-525.3287530464266,-45.50523810206008,177.69559683262756,-201.122363043142,3.5986278550161166,1.0
3.526388092838966,0.8674197982459126,0.25992060162042424,0.40384841584388753,-0.46418378680844186,0.6720062599741305,-0.4121255338366447,-0.8501021632249746,0.5547870203729581,-0.24164820891253197,1.015796369367273,-0.928896725995701,0.14869742841648478,-1.067820898268542,-0.41463230147824276,0.6708545394708855,0.10392701136550313,0.549843909860085,-0.3277712514777037,1.0517819606449146,0.8480336426400101,1.0587073581505257,-1.7854037166816439,5.34303343078966,5.500245593817553,-13.490224635400661,-0.2211602643760805,2.812692018279482,-4.586860817125833,0.47504216820525863,3.3136651058143274,4.203485677876355,-14.1995842966654,-5.629531709313207,14.007903301664467,-0.8365815208471532,0.14924378190737558,4.921554785680338,-36.15396788519836,4.413263942023814,26.131593078574973,-45.02682468791523,224.5798767580132,411.8509514039818,-456.9304956364185,79.05968787097946,-412.0231500885001,-75.10679346352079,306.39853809620945,458.80509993723075,-196.25499039653806,131.00799209910485,-9.703602319682517,41.63189332397183,-1.2251232362754885,1.0
3.5493791818566627,0.8785304192710089,0.2813339082168432,0.3969301345078635,-0.3950365118726242,0.7332965063865935,-0.3855760059032421,-1.0651598013290187,0.4496821966564886,-0.17889740986003377,0.881609013702719,-0.9318630080072315,-0.03117750977661353,-0.8052516231131503,-0.677557071783725,0.5823154881618692,0.3715158330188294,0.49755380449119424,-0.3251716564829526,1.2343882270919155,0.2828623652936789,1.075188583317292,-2.550211796960852,3.639781200409296,10.84800950194044,-8.793663261239326,-8.761882277279401,3.325304905335329,-8.372804886655299,-0.2854463141920478,-10.07527724666093,24.546499409226175,-10.317029229464094,-5.083450474677495,10.830490550256282,-2.2456116621791673,0.12246088690749074,6.184502954691402,-34.767817628206316,2.0657664836293477,-95.1783364014746,-110.05693924606477,287.1521618990171,187.8372937865204,-320.7080772690245,56.31442876421151,-109.63647700858567,1.656845641774888,135.43335090979275,1562.8522841566084,600.5229853934287,-291.1619944555682,-304.94855487846513,69.27252324563138,-0.2886443603772673,1.0
3.5718862613671782,0.8750778425672886,0.3062811491914458,0.3895483670451616,-0.346909117762228,0.779264894091869,-0.3473504837795246,-1.2049498426786602,0.3601545826487674,-0.10862571551731232,0.8437574683030193,-0.9257403172202873,-0.23662795279769777,-0.2279368166748098,-0.5933027357089047,0.4820694916121407,0.580379135986124,0.46224750847071494,-0.3177867239946662,0.9784599340279312,-0.4566758411223049,1.3783863864034003,-2.849423059146235,2.1816662517884855,4.274744104612519,-5.93381132889046,-3.150459156164204,2.1133357440636495,1.825640870414984,0.4780267593347523,-8.787608754670924,27.978507355881394,12.880738929830775,-5.10334953048089,7.544273087740793,-1.0011911076440205,0.40776408478256276,-21.35864269465555,-20.72158710928553,12.55243669214971,44.218784614716355,-53.50227974760456,-81.36710234746027,89.9529224621773,-99.77790797913923,-226.47317528899816,240.89690036984751,3.262778336321849,195.45258417295454,-314.2329886430842,606.1690738217263,-32.840608598361285,-482.2072664871998,56.31253720554013,-4.263237345622896,1.0
3.5862832745411293,0.8660102607167753,0.33452605796414153,0.3868164409891224,-0.30930935886200517,0.8062327358749377,-0.32355762563181484,-1.2833935602312743,0.24322546839813056,-0.0677525246282277,0.8741554195991725,-0.9154757689045436,-0.299167089428141,0.24934869525456105,-0.2986213596879271,0.352303214725385,0.6114287921342194,0.4103001075351935,-0.3083083739118974,0.5286987362973956,-0.30282223411689696,1.4273728641158197,-0.018167618070636715,1.7694248386416964,4.659482325078964,-2.7295642978866326,-7.774694388097322,2.3412621628073143,0.844770317995634,0.4666438675633502,-0.5438380010596789,19.22805023089268,14.955233446957392,-6.580069875100511,-1.46659606055719,-3.059097263060123,0.4362006908169026,-16.962090117436173,27.692700078553685,0.07779085712294354,174.39193986014345,43.631638494577764,-103.31433556080226,95.33482355181366,-115.95343884798496,62.572604972949094,-95.90531805719527,-8.936217060043646,149.44327191109699,-626.7840781233552,-106.18806366651657,58.2450816622916,-140.2858814736286,-15.03495832892705,-8.360139315877282,1.0
3.595874070919598,0.8658518021895539,0.3629408526359225,0.37860901639905864,-0.27161352192317506,0.8222632993538624,-0.3267481812428756,-1.3455734216567694,0.029868020831544526,-0.12692607021615168,0.9423548083848807,-0.5039296271167716,-0.29365352262727507,0.49631283080639665,-0.04971710239860562,0.12440318033169272,0.5516187605207685,0.3127080747894057,-0.29508975208326377,0.49981819877125006,0.2142571122113026,1.3909819233272311,1.6824590751672626,3.2843504962898318,1.4010745505463642,-2.972042627156138,-11.073217364325696,-4.6288961320878235,4.081477923443787,22.999364140071968,0.5359371486429932,7.52203955094855,10.922135247880828,-12.139565299773412,-2.363822239488596,-4.889998390925906,0.6702392559176584,6.490403971685908,22.544789591964527,-5.65430710796854,72.30015922161691,77.3375770466708,-220.71613277775762,39.968821847943026,73.73648446900667,-28.123844974443806,-3.9451454283851355,-299.7272902002282,6.432263741048927,-464.26487388685206,-132.2577593522781,143.87363544085093,183.9693435044204,66.59713962993234,-8.029809837633199,1.0
3.603336482281751,0.8731525607031907,0.3878811946470007,0.3513495481807307,-0.27855620298700484,0.8139235702428961,-0.36944330901197336,-1.4198400744196897,0.013677359018473712,0.018027612956137563,1.1573293067157921,-0.2350314045099328,-0.15429850309141607,0.639358711826708,0.07717283272905118,-0.04773724625504558,0.4724796557926171,0.5127128947749939,-0.2815225769597355,0.3443154067079513,0.5085985137036865,1.1008812659993135,3.7140948498249733,2.7580723975068375,-6.830325856834443,-3.0960291411123317,5.3546714406007565,12.214670670954078,12.395833098939704,10.053592402147995,6.8648979093319165,6.424598182308554,2.5302042437940497,-5.467208716640928,-2.365442758409831,11.549128024622076,0.5991638660164442,1.397771037133882,15.46619944831629,-19.162989026932113,92.24721652154872,9.507755383525597,-356.26316428686044,158.75449511770495,508.3803376814644,228.37356362091475,-35.04315212360625,-210.56587368513098,-151.59111312218107,-92.74358023954281,-424.0798917427232,351.5291886104205,270.78908196550054,-163.13503054234928,-12.795760467718527,1.0
3.611193152793301,0.8879616353506894,0.40300706582615037,0.2925046621969377,-0.33689566397869003,0.7703814483281857,-0.45547201698587325,-1.4563516918332298,0.1662702379220162,0.22075989005283866,1.3898677548416276,-0.3840151839621197,0.19845207430565792,0.7017812893365757,-0.012520601345949123,-0.09715306897769904,0.5816266807314582,0.6629219314475454,-0.2797845362189339,0.4176470616599734,0.8614774660371202,0.4612623733470878,5.750961719876623,4.0817550973961465,-13.962942689061153,-0.978760370966641,8.366362424344352,7.951050280597278,9.60238364536092,-10.182679266372055,16.82953206564951,1.4222888334613075,-9.601733271136705,-0.25631565837595366,8.25539265235166,1.5094346350654781,-0.10659908167026166,1.0837631963363412,7.878823669370923,-32.87507670019915,69.55833658060777,65.86602670873265,-252.6451085670238,62.77211895430399,10.600055848829342,-265.74095195526206,-274.43020435157945,95.58655567747583,-330.08299676725926,-138.73026718781966,-513.9979941248122,225.69034093550792,26.214460046765467,-354.9739143484125,-9.147137625461225,1.0
3.6229241876971225,0.9051030451504937,0.4084917668486311,0.2131343665374204,-0.3949762376128991,0.7069170333435831,-0.5466587797617064,-1.4408064133008138,0.2336458702990083,0.29438438047857135,1.3866842526897099,-0.4953327814963145,0.3276062347130547,0.6911919849111563,-0.1514780661175301,0.008989536931118109,0.7686649450614801,0.6549585733296369,-0.2756726528447501,0.6538948693007607,0.7988034124713886,0.14332291771199065,5.284375026407841,4.85266292108036,-12.114824114672048,1.6677246779719468,-0.28410191736440027,0.38518194764256364,-5.311904440336507,-4.261760465495105,1.3621608925149753,-0.6791974967226891,-5.313634975876381,7.112050938579511,7.986901501947483,-1.0563493778176136,0.2822558414150625,2.611009126555545,-10.15668329052223,-11.886043834204346,-33.484973245700935,-10.28405362546356,84.694038517584,66.10200719012326,-351.15773895554236,-351.7553244232999,-363.18182158398247,68.93509057315714,-311.8164251178299,66.3446007845853,141.91777234353458,42.10388551815265,-253.4797685134621,-23.045044266281394,-0.7702624044830055,1.0
3.6412920761977796,0.9211938980941753,0.40996229779999976,0.11273501480145032,-0.44121666997587683,0.6388345655530493,-0.6200879489457609,-1.4178702827980696,0.20421066180833666,0.16815407117010292,1.1799375004393435,-0.45669842341553923,0.32266681859420143,0.5687737766891249,-0.20633270878330706,0.18774351272969542,1.084245351245476,0.6156460989180759,-0.12461696854467545,1.0272038571269515,0.7322004536969411,0.045715491630283704,2.94111798047145,6.2685133370539505,-13.536900020443012,1.4030905219082834,-2.0620880255169314,-11.097945364687348,-11.355805778771396,2.7894220178193545,-0.7806585187856134,-7.644259140062677,-1.0024320012639767,8.057774157522168,16.39279879458513,-1.9714011449573352,7.610080947631443,5.467318225444301,-12.58637084889146,-0.5061985423662864,-106.94551467388821,-10.938476810622198,-29.67982148915418,89.26244916198439,-18.56100510706786,-442.58248290145764,96.48361208458887,-48.11930716937664,-16.60833880102505,2.4176281874072103,167.293232626876,-205.70325743842056,-254.04556412775094,33.35318771839454,-149.9527774733649,1.0
