floating_base_joint_x,floating_base_joint_y,floating_base_joint_z,floating_base_joint_qw,floating_base_joint_qx,floating_base_joint_qy,floating_base_joint_qz,left_hip_pitch_joint_q,left_hip_roll_joint_q,left_hip_yaw_joint_q,left_knee_joint_q,left_ankle_pitch_joint_q,left_ankle_roll_joint_q,right_hip_pitch_joint_q,right_hip_roll_joint_q,right_hip_yaw_joint_q,right_knee_joint_q,right_ankle_pitch_joint_q,right_ankle_roll_joint_q,floating_base_joint_vx,floating_base_joint_vy,floating_base_joint_vz,floating_base_joint_wx,floating_base_joint_wy,floating_base_joint_wz,left_hip_pitch_joint_dq,left_hip_roll_joint_dq,left_hip_yaw_joint_dq,left_knee_joint_dq,left_ankle_pitch_joint_dq,left_ankle_roll_joint_dq,right_hip_pitch_joint_dq,right_hip_roll_joint_dq,right_hip_yaw_joint_dq,right_knee_joint_dq,right_ankle_pitch_joint_dq,right_ankle_roll_joint_dq,floating_base_joint_acc_x,floating_base_joint_acc_y,floating_base_joint_acc_z,floating_base_joint_alpha_x,floating_base_joint_alpha_y,floating_base_joint_alpha_z,left_hip_pitch_joint_ddq,left_hip_roll_joint_ddq,left_hip_yaw_joint_ddq,left_knee_joint_ddq,left_ankle_pitch_joint_ddq,left_ankle_roll_joint_ddq,right_hip_pitch_joint_ddq,right_hip_roll_joint_ddq,right_hip_yaw_joint_ddq,right_knee_joint_ddq,right_ankle_pitch_joint_ddq,right_ankle_roll_joint_ddq,fallover
-0.0024006416156966575,-0.00023642646863540642,0.793525027038715,0.9999827708949279,-0.0003138963590934569,0.005797784783923897,-0.0008631766779464227,-0.06341168514646019,0.00012989612178685578,-0.012840074794237032,0.1237683558628673,-0.14636923045791522,-0.10440055442731294,-0.06419939631951013,0.0020008962309808077,-0.005528765368384677,0.12414265212247394,-0.1479798872974177,-0.10502326506717334,-0.13196629721553532,-0.021988309403325128,0.08804760741230942,-0.05271372897922705,0.66964781720198,-0.19328171460051968,-4.062793348601873,0.13005795827460467,-0.5752876955786581,7.461834285877637,-6.857927259984722,-5.22407815605631,-4.149837365194603,0.16695102799238914,-0.4952076168825285,7.517422130105759,-7.003783004478189,-5.319518370461378,4.474726720139973,-1.0413491822090322,3.7107056508843392,-1.4141932614262145,-17.3988631573379,-10.317617808372662,12.32810633921546,27.51986360840185,64.2092670006543,3.0062326728060214,42.927245329158666,-24.397783207544776,9.008198705312786,16.864820087558197,23.55732821207283,5.803608746572031,39.75717487850388,-31.616638667003908,0.0
-0.003201131835935518,-0.0014052697939804261,0.7947374240410038,0.9999517488697881,-0.003841987068481163,0.00846861816083089,-0.0031656869813646775,-0.11921143583376773,0.017195297348340043,-0.015403767236067992,0.22974823632067534,-0.1931923819627404,-0.2309977215750141,-0.12701231246576755,0.013856582871743187,-0.01790107858438623,0.25478014892276074,-0.2797906720602173,-0.2229298515904916,0.045964100260666454,-0.08067287181638112,0.03166857840859166,-0.5293213670317374,-0.11188883057657197,-0.20416018436645872,-1.693820952834263,1.2880536367329127,0.3109902283912678,3.887391297502051,-0.8118998864276554,-5.717099749704458,-1.9422129223618598,0.8219645804485364,-0.6737196395544731,5.182754411268943,-6.171114247640513,-5.65930000008771,9.836735284498516,-1.9337492645513812,-3.317294012459794,-15.109221686729548,-43.02023723324013,6.447798215940786,119.92806364589309,33.62580650527788,33.583002063637345,-133.9493808837005,85.11674151880362,113.13835948716677,148.41061075624236,16.372917109782417,-6.518680181169152,-175.4776870587913,63.41326166048065,66.21104827996749,0.0
-0.0018317010515417895,-0.0030955406260682375,0.7935766898868188,0.9999175857484123,-0.009599495134071821,0.0068421469280507555,-0.005084921794108984,-0.15546862916981588,0.041054075379673635,-0.0305885886857184,0.3194130260267248,-0.1752048532012216,-0.2931139418607706,-0.16341575966544608,0.026041740331503367,-0.037879581041887274,0.35685782441089237,-0.4008334097043951,-0.2999306136087001,0.11054989265010834,-0.08899422694152197,-0.13428185472592546,-0.6211483034363894,-0.30769393422048447,-0.2518283839820645,-1.317913948438719,1.325627721176948,-1.262876408533741,3.9701172905175772,0.9967491547051462,-0.8280706435987418,-1.2927274257494752,0.5359378166919154,-0.8544417938684478,4.2887721549113555,-5.100593754117351,-1.1427535669932316,5.643154198176924,-0.6673622710625469,-8.149984418135165,-6.088132327958951,-19.89703103705928,-10.474567881922724,83.12636956914042,32.53948056587187,-17.128936526393716,-114.58798243925906,-17.716636999123857,168.6444058560786,73.63694518546504,-5.569055215661002,6.226514813948988,-113.16359406553583,143.2646441463622,214.2050495620933,0.0
0.0006723061566297888,-0.004453414480223502,0.7889764970597479,0.9998434683432366,-0.01475209068407309,0.003889679636824307,-0.00896019107717399,-0.17638508642992493,0.06047319188337177,-0.062126267156583155,0.3916600235006395,-0.21425509337272447,-0.2917618116726942,-0.19309416313882066,0.02885149277732763,-0.04994352936042534,0.4491394674180753,-0.4654316966486668,-0.3007805186939116,0.150455957152715,-0.04655101995284245,-0.2916341042936334,-0.3858740297501083,-0.33471543388081926,-0.5046596798349817,-0.5673645428525389,0.5995346144189458,-1.4873401062445653,2.9709214532496127,-3.6615627550386245,0.3792829942164066,-1.2532329181377257,-0.22731556537633352,-0.41534730020660815,3.973968864701054,-2.266982970526116,0.352404646564242,3.386827786806466,2.1548235944839798,-5.960102141715915,13.91319390961568,-6.724075089245794,-11.408145319956898,63.494030047499024,-27.101013444347146,57.27226142488814,-83.45401505828715,-62.07140483529987,12.025216788989788,43.86236223410288,-38.745165907934826,21.324319541138088,-117.37061890297055,71.85377317756799,16.201006694576158,0.0
0.0037601962372302445,-0.005255711360815232,0.7821887310176356,0.999740263995984,-0.017290375507548052,0.001138417782271336,-0.014803765230569223,-0.18682022806157653,0.06474545625937879,-0.09106513634812921,0.44991244050132173,-0.2802588828782945,-0.2824788053656804,-0.2225628109812491,0.023746922260635638,-0.04667748241292061,0.5327679331263394,-0.5180183911704203,-0.2926192742382678,0.1615222931416924,-0.039027445017592456,-0.33947291989995865,-0.08770522739613545,-0.23133247825565023,-0.554361665378586,-0.7771208497076534,0.10279274748494208,-0.500300806234945,3.259224095490753,-2.7065640117165253,0.5070511892327213,-1.321854497275931,-0.44035371952321584,0.3064227623029645,3.4198781002482552,-2.271946158516849,0.37580766706561475,1.2784828026504373,-0.145312133579844,2.8276813449398617,21.845350607928708,1.7685370318804006,8.787831637858908,-39.26742383350404,-12.24874533582084,111.52293993226526,57.98673115327945,75.1655835488132,1.5967359031180806,35.00861264618354,-28.697918898681028,4.3486228389923545,-126.37931901619467,51.78480023584933,-7.196581488019435,0.0
0.0070530179024662935,-0.0064564989289885135,0.7755100354588051,0.9996681386172089,-0.017125463451371482,-0.0008427494762074273,-0.01922552752205812,-0.20906284346655515,0.06497458488615081,-0.09290127003496573,0.5243217830935337,-0.32759168590215654,-0.27365923651651863,-0.25226287568645345,0.015200587078193465,-0.04088208462755447,0.6084982806904168,-0.5779429985318684,-0.28634100269555,0.18430830120122815,-0.08086390177987185,-0.32041350814900343,0.08387071403124727,-0.23274334542003378,-0.3691333835448844,-1.0157342506591716,-0.02490801194012626,0.05523296056961825,3.6081843996346663,-2.1350368213044852,0.36704684626488,-1.2513377339522669,-0.3745714509361997,0.2422551160366537,3.243960884747342,-2.7127227231608995,0.25136509114558225,3.115392485645947,-2.518842650326762,2.06241116028437,5.9241276206671305,-8.928726304269876,7.125288869958055,32.20475172950764,-1.661726970339633,7.437273290057781,-41.37990900930575,25.201795711459045,-8.837791541494044,44.266264848741706,8.561471175152759,-5.729589179626048,-99.50854916521564,55.1653773496586,-7.063438833974921,0.0
0.010941735146322141,-0.00859934959694584,0.7690590758224816,0.9996125679298776,-0.015824263094337928,-0.0030503934835461053,-0.022693651838197965,-0.22761548508377527,0.06464741512916332,-0.09054152754542576,0.5922339029027107,-0.3678520571362273,-0.26794652116479317,-0.28158701310746465,0.00911270095486701,-0.03540534623236651,0.6844762453026803,-0.6343604667834006,-0.2829088458731649,0.21481590392219607,-0.13119873653400926,-0.31265260264274586,0.16052727988138552,-0.24963669752719672,-0.3132056057208228,-0.6855233456700524,0.003143535153279196,0.12687882884453505,3.030723964162751,-1.874089227056291,0.2550903808981256,-1.2903892459557078,-0.2479036342808313,0.2134195620205535,3.3741969988536042,-2.420285146269922,0.12069242388711784,2.9088134259376583,-2.818591517792505,1.822516966346948,2.2817472976861173,-7.075825171106471,5.057850637324273,35.984306112344,2.5783799541444985,-0.9327875330317924,-50.43425886467887,17.453736746880168,1.803565569293143,37.79980352071953,6.720029808291166,-9.559117516156517,-91.59699987182537,54.38180926992386,-4.552423445896492,0.0
0.015402201476852518,-0.011730360638866585,0.7627246791316192,0.9995531248734527,-0.013873029028015061,-0.00519925358347875,-0.025962615112487947,-0.23953129457337366,0.06529528048351518,-0.08653988557503478,0.6478375221634112,-0.40342856516537745,-0.2595524465732022,-0.311445562930149,0.005377470338555722,-0.029146957991912442,0.7582320277652257,-0.6789363122839407,-0.28152513635366605,0.23934026518725418,-0.17969478252203883,-0.309108952665556,0.21686287203745883,-0.21316241772664016,-0.3160886193156767,-0.41405799508109636,0.06160484457589866,0.21398594607724716,2.4748388696430568,-1.6785843122158184,0.4992923870487336,-1.35910700299561,-0.159294222817298,0.2745217624483981,3.201653032804512,-1.8558730201946378,0.04126375206374332,2.3419601880936325,-2.721205299303029,1.5313385480474206,1.358267189735656,-3.3882329317881665,3.1023620754587546,26.010298598404923,3.4706354549720735,-0.8543525167882757,-38.90322608785644,12.282309313024342,5.483576229571932,30.76413132863524,2.100034369123712,-9.55030931869546,-91.87972564390556,43.14540963565411,-2.1652707358769665,0.0
0.020432449862015735,-0.015882603537861917,0.7564916305348076,0.9994856581098143,-0.01155281028279128,-0.0072156741796191365,-0.02903249650815456,-0.24601241374007307,0.0671818204582694,-0.08189710779330976,0.6935438647132914,-0.4358260328909982,-0.24623674178783259,-0.3395954938543506,0.0040839996472396235,-0.021267020473000293,0.8220819326326694,-0.7101408138068828,-0.2810928551080079,0.26835776094398445,-0.2321856362178694,-0.3050262337481842,0.24202064596026954,-0.20551170339092475,-0.2820937672185513,-0.1734537374947561,0.12459710898876486,0.2118138799791009,2.0579294641250336,-1.55654341234043,0.7175688926097912,-1.2324943933224537,-0.03055591827397189,0.3588328826019261,2.666671551464638,-1.269347775138735,0.011708037149730314,2.2541964473315406,-2.833081648952794,1.2758456200087904,0.3817019341955172,-3.3955074727973815,4.468745804025668,21.0438134588862,3.404690626976505,-4.026738710419744,-29.235609687949633,8.03048226139723,1.4886580693866198,30.68485394723518,1.2378633974494266,-10.638341004902351,-84.16201014155673,30.040678979117814,-0.6823761783927703,0.0
0.0261257441835291,-0.021084542817969777,0.75037359581898,0.9994215150912491,-0.008959955126264657,-0.009373590264501989,-0.03144026371394083,-0.2477525486360101,0.07004785928042499,-0.07825482631707857,0.732136605166452,-0.4666251128857834,-0.23378161443639472,-0.36200216724409756,0.005167070004938672,-0.011989015424954242,0.8687169998002295,-0.7227402449371512,-0.28095600117448755,0.3019803513892027,-0.28348839331719705,-0.30130159305784593,0.28045306492844346,-0.22268567303758255,-0.19912819089838946,0.03621806852712221,0.15113331041844338,0.14461247369045455,1.7601825250650993,-1.497416310448235,0.6032534660258008,-0.914876425189001,0.06585236911533876,0.4280602264631688,1.8113513505108845,-0.3950830487693373,0.004221085951728113,2.1380810881143524,-2.635608193742035,0.8477083829213409,1.9741409135984296,-2.8553577927443627,5.872412387882244,16.50979620391966,0.39041940790957896,-4.7461819005590815,-22.251122448229015,6.324813989280155,-0.4554906443410035,28.305077904126037,-2.2407104629354038,-10.579713599650782,-68.63535643906836,13.504415929591273,-0.2005004838174251,0.0
0.03260055879524189,-0.027274273605249637,0.7443281140386615,0.999371836955444,-0.005873418049253813,-0.011987487462557749,-0.0328288684705562,-0.2450362136876875,0.07302747434643178,-0.07646723093640843,0.7658632122145812,-0.49718171068629213,-0.22904503358173886,-0.37414604937321555,0.009146636565526946,0.0007784085538016117,0.8893387666341102,-0.7029148043897442,-0.2808738234417663,0.34262987222344243,-0.3293558307237453,-0.302223386450674,0.3577846592195383,-0.2757299328484817,-0.09361959905019387,0.24848935269363526,0.12028755201162916,0.05776500374068324,1.5635018995490932,-1.5066130136793858,0.1641107479819378,-0.3636746986412907,0.20494544746813792,0.6536264713872981,0.5118064079453433,1.1737380370751505,0.003783856383451917,2.1194856296417677,-2.1268212578637993,0.06667725150398904,5.6559733951216815,-2.7298115248898713,5.77513834318892,13.804044340932444,-4.75215676142855,-2.65601931986394,-16.82932997487622,4.732039240576475,2.1019312872666154,24.848384231364705,-6.000691672216416,-8.198037059689621,-47.18489707044254,-14.253454707095191,-0.055575698553967406,0.0
0.04005932463735346,-0.034310931416861194,0.7382758464158264,0.9993234331931471,-0.0021158021688602027,-0.01556809267976172,-0.03325407858533241,-0.23747067852944315,0.07575596392459745,-0.07695849242844008,0.7974380074656224,-0.5302053962017699,-0.24440391939159484,-0.37447767325758774,0.017414666125765935,0.013305203226576997,0.8938412945437918,-0.5965007101324666,-0.27978500110097754,0.3988568101684071,-0.3685689686492132,-0.30054393493462717,0.42053752667624006,-0.4011500312921133,-0.008453389359905653,0.5418123945031121,0.11530113195144458,-0.0529239149750974,1.4519087695618533,-1.6444521179479048,-0.8763093601611472,0.16590764920278428,0.5377521076872445,0.6104337745158701,0.48932156097791224,5.8961686336786565,0.07254476434948415,2.9337881870989433,-1.7695438876004213,0.4889129734604421,4.160895366416354,-5.826646492107357,5.730550773579128,20.32880246403828,-4.109909333935837,-2.632008408166825,-20.82932070535717,6.557524970872771,11.205145612957107,20.337928458109566,10.82761384575469,3.9298780892922296,26.403362254273194,-60.88777697375684,-0.34140767409422645,0.0
0.04862598497981051,-0.04167605612060448,0.7320847260174151,0.9992451985586261,0.002305532755902319,-0.019971817496396472,-0.033239196472464386,-0.22525790361688958,0.07661118656113033,-0.07993383497673003,0.8284115501782502,-0.5693012571269482,-0.2780386068049285,-0.3661749368693866,0.032711155881682503,0.030870132260250916,0.8932227988080584,-0.43948457721079515,-0.27698717596923983,0.4470142183900214,-0.35903736701637645,-0.3039676566003686,0.4798130886433477,-0.4151737516286383,-0.04187832832640556,0.7605632740310007,-0.03998558218067523,-0.06677217121507496,1.2885828711382592,-1.8187556495948096,-0.6296206768009798,0.3006300217742056,0.5091082690806676,0.6258624309419257,1.3148864495476817,2.2789456238141463,0.1984118572889792,1.4862430347593922,0.754662901690097,2.8366392889899976,-4.076702353239477,3.981275524531835,-6.771259904498107,17.73574296556898,1.4557536945047542,8.771748945421251,-40.70636904404309,25.132034722361947,98.81650376354662,-20.47759961408378,-36.32276789597274,-48.17894359048228,176.3001500664446,-762.7323413191887,6.411136594164072,0.0
0.05775506928094881,-0.04835658499836506,0.7268946554051925,0.9990664405542546,0.006711991845961379,-0.02313016275901982,-0.03586352038567645,-0.20780212790459085,0.06262861864109712,-0.09398373738694911,0.8655091083364456,-0.6862256196115344,-0.2823551420414946,-0.3629182053079547,0.041557090695607396,0.042951771298014446,0.933135354057287,-0.46885616284180626,-0.26922930787931887,0.4650485945493238,-0.320730768232537,-0.21302361521251634,0.38715000633612817,-0.20633079339209595,-0.4740760270670863,1.0797856126527956,-1.0403663405386854,-1.055800807364018,1.5462097757659292,-6.236447248327867,-0.04354674704161927,0.16923199894361005,0.5097109417154914,0.6515022818785626,1.9728217953589684,-2.701913521073072,0.4288560710022357,0.8569778852039984,0.9587894095887115,5.503914356005809,-8.770137706262496,11.724663883586935,-23.132284548246812,23.819820223039876,-21.612406391690694,-24.376516190178876,-61.6180944308697,70.33287879018361,10.208582850200548,5.559415477158888,14.668497404105887,7.771874258701734,-33.584879196564394,-35.012789636731796,-5.277091618481416,0.0
0.0673790781144182,-0.054692721904018256,0.7230460107080655,0.9988236464708065,0.009645246444144289,-0.02557490622069783,-0.04005267336392118,-0.187507668542094,0.04121100044330879,-0.1121851075431418,0.8981693586643815,-0.816954368444355,-0.2820903640587353,-0.3546886688427247,0.05039389207541419,0.05151163387361321,0.9665301772904896,-0.5229418639264911,-0.25195124242327843,0.493380028664835,-0.31661554472326076,-0.17359024054706987,0.20903358285368598,-0.25017296287914254,-0.38339587866115177,0.9694608850560933,-1.0074221798767868,-0.6631509824270371,1.390004894660072,-5.786532053127661,0.03450580535895911,0.6005889368731646,0.44525677163749555,0.2760767936991329,1.3623663742083914,-2.504214540225459,0.8650876087433856,1.2093648939045354,-0.13941401773288553,2.1194721029121695,-9.538135215099517,-0.2174698610901698,2.2979753747574185,-16.373922212279698,-13.264127560803164,-57.91806060215727,32.34996428524957,195.78534634548555,5.832202164304421,18.8570318689424,4.682541859547998,-12.789437293936068,-36.415169975118886,32.75289551774929,-12.595671383321957,0.0
0.07731253870973157,-0.06125972946514425,0.719313962901034,0.9986526399242323,0.010531975794868904,-0.02803200394883828,-0.04238147015893094,-0.1763715054100006,0.03181021870867467,-0.11186112522574879,0.9274992535123124,-0.9020196788883527,-0.28050931298440324,-0.342234342754088,0.057077183600317445,0.04744593095913947,0.9932524936512169,-0.5651713587096959,-0.2297914579448559,0.5018415635064111,-0.3362922478338079,-0.19292657933088223,0.014243566573534898,-0.2453439553157263,-0.10319367722963779,0.3151573714842961,-0.05587133521337026,0.7073774354878699,1.0125627834146826,-1.5782424483883124,0.06443896783387867,0.7144880139960905,0.2204421288830056,-0.6158631135258413,1.191781418025538,-1.8973169525938194,1.0399739322797312,0.6227208866102464,-0.6093151502245083,-0.6564472318989019,-7.330418344216146,0.26158700695003495,18.395601801711717,-15.256805059953008,63.1952810952062,171.475102936042,-142.78327615997,245.64387696728735,-8.97618073148704,15.201869494801059,-17.080265097513294,-49.658000351479,-24.42388527335266,13.310869656943517,-15.688945134048275,0.0
0.0875776240004852,-0.06855538678106173,0.7149212617706265,0.9985876051442818,0.008689245033726051,-0.031107890190070202,-0.042185199310591975,-0.1747236219254026,0.04349659125611336,-0.09546937733479563,0.9505098126037043,-0.9052168637279155,-0.2769037922576218,-0.3310246204427109,0.061390477509243084,0.02619784776182899,1.0260132376591649,-0.5859429823503887,-0.18501607121639477,0.5288416237619129,-0.38849232709155224,-0.23500342462374577,-0.31376866100266326,-0.3941414591934807,0.1387462998274896,0.05043914737997197,1.0716961201676243,0.9998346937425275,0.8686292117261234,0.360159384016618,0.17848235678691646,0.5655501973871604,0.3230767697138561,-1.2824409508382943,1.8323794261317532,-0.5737160440809869,2.3528831946107656,1.843906862588237,-2.348289404469534,-0.9639156482854717,-13.511863646537421,-8.542500657612711,19.25267173334978,21.87556826758599,77.59985569719376,149.6493751254146,-253.1488443069879,8.968489317677097,-14.918909530763953,8.977305500381338,12.599125936957796,-17.092675937072986,7.470294419337551,38.50343089504872,-15.551278991115135,0.0
0.0986623285975351,-0.07682916573384731,0.7094898341323509,0.9983530701256718,0.0039376695822831865,-0.03601874890019528,-0.044477992946738605,-0.15921745536420806,0.06574643937436205,-0.09136431185001162,0.9620453007117928,-0.8701014009664229,-0.273041424957165,-0.337629771035959,0.08178335008963634,0.016493505024733252,1.096721050857845,-0.5591429739949582,-0.11264575628328297,0.5815740715832067,-0.4377357618324349,-0.29087394506578873,-0.6018622872073313,-0.6344657555190909,-0.39614023431072865,1.3437021700792664,1.217700031018009,-0.20634290889285828,0.3615496263201998,1.7997491448560528,0.16830361701563223,-0.7324283999225009,1.5066267253461278,-0.12286178214916316,4.373749807332299,2.5279404423840846,3.6663549983409163,3.431782386182613,-2.8191269136143964,-1.2120366069552044,-16.331964923750004,-14.77043646824957,-12.068164461163983,54.54588938217062,12.529770200988084,-33.0468693551655,-15.956188332913058,-40.083829315305756,-3.994143073778623,-19.97683409946257,45.57180720987658,19.986492337071205,51.44798845388356,108.28741130616042,-26.413994730511455,0.0
0.10963937164379008,-0.08570119641004824,0.7013968221293708,0.9978175958012211,-0.0015288592791270787,-0.03837803124646032,-0.053710658313040734,-0.12859345269631772,0.06575102243117725,-0.14138926203035693,0.9395594468404148,-0.6875992898611836,-0.27460868230730406,-0.39491450747848406,0.12166730111986813,0.01142192751244183,1.2544312534335944,-0.5508585405413887,-0.11518543007689651,0.5327049130731589,-0.47563364857380463,-0.47545916308962793,-0.6755266219113117,-0.03498490709155348,-1.178899354425237,1.483561287006365,0.25624795663045613,-2.601186660786577,-0.4998611255784948,3.8673705836263355,-0.05730005720553643,-3.8822012768960126,2.4998487278846038,-0.5437898081871327,8.505456321998137,0.03809021462531322,-0.7647666113082878,-1.690337949052216,-6.415873621376263,-3.124164399797439,-15.53416876865439,21.041673601081257,-9.27656357543491,-112.43619367231864,173.92638325893734,279.2795189175327,357.6399642916091,-1052.29214282402,18.65323266276013,-60.12743220289411,51.87071836797205,-52.303702529601416,-89.70592936927422,-4.101913106312483,1.6128809080712583,0.0
0.11994062184937573,-0.095361334369357,0.6922083370823713,0.996950207372148,-0.005316448146497204,-0.03515790834189053,-0.06946899222502072,-0.11119459104155495,0.08788840090392769,-0.1481594037558886,0.9583115387250934,-0.7161879550117124,-0.26858370664937414,-0.4970795617004104,0.1527979708367652,-0.0025866261600598138,1.4141596939362866,-0.7823353296810661,-0.1529846139368512,0.5195413732006536,-0.49149657787913303,-0.4298917229035389,-0.31386188336261156,0.4693899893863547,-1.7987208798704553,0.7706094220533382,1.4288565832880733,0.6620551252232338,1.224287373072317,-3.397193809821982,0.25995561550866664,-5.788643340991609,0.8462741580550581,-0.7249047794858572,6.394330166304538,-12.744966024848738,-1.8335826176720094,1.8761485781764229,-1.145537258752599,3.9565551330644015,13.871841633299832,10.565161502882738,-19.16969873100156,13.789909486270664,13.758422826207077,62.60527139219356,-18.783944567307053,-82.58034666996564,-13.165364562164903,-52.865750932407636,-74.82917135484728,4.781824392476378,-231.4042943556768,159.926574184097,33.12581100682252,0.0
0.13127554063383046,-0.10554018510177648,0.6851713466166851,0.9960049692258722,-0.006873002818660892,-0.0309818141028958,-0.08346849887542736,-0.08900352798388454,0.10516756579487561,-0.15647940680657152,0.9730541136914581,-0.7821961838559682,-0.2617800155632898,-0.5926300541458049,0.15525713586188308,-0.008057242641656,1.434840624108889,-0.9349518487511784,-0.21941799619595545,0.6051342330441221,-0.5126214193300693,-0.31287343878569474,-0.124391478017835,0.3649956489092223,-1.150106120405854,1.7500383880648345,0.08516169307281801,-1.892307305357722,-0.25490044895186753,-3.4672927907478712,0.03522541716185476,-4.217480620650553,-0.47824857697985385,0.19588911857366076,-2.0788090233150625,-2.288790950305081,-3.095645094928709,4.077137982953676,0.17196806059996636,1.9776633379946515,14.601807295774117,-3.873171378134116,22.163393191151254,83.96066813051523,-92.31073805026638,-171.44782788865618,-132.7110939964213,-33.57009323000163,-41.61554071965672,45.6926020943236,-66.18157794352612,54.747227276924136,-242.27879307276743,409.3528582497354,63.27524468355323,0.0
0.14319543264417836,-0.11539068975165698,0.6786680942887795,0.9954155954508884,-0.005361859550275248,-0.024891739754733824,-0.09219242966371217,-0.06615902228059885,0.099779069403357,-0.1972304190964604,0.9770193417402004,-0.8366106648464215,-0.2707496995877767,-0.6752520379296033,0.11531565008666929,-0.023513335593510987,1.339279388068258,-0.933222897062092,-0.27364601968097324,0.6003053483510538,-0.47795182935763736,-0.3496987918420633,0.2668595430675348,0.7707970428302867,-0.7522647140069016,0.8348621024937173,-0.49378214761030176,-1.831962875485572,0.38677993876836575,-2.189061085657449,-0.17041974505990157,-4.113659508097192,-2.90460697429947,-1.1682996787101267,-5.892013171659597,0.9304756469716708,-1.57664995437028,1.488518626222728,1.1637034172113019,-3.833749102717178,23.350538586726753,10.459906486969194,6.274133081425624,-19.807270646743227,-14.10902655379419,46.75769524159377,9.38432219215797,41.02019035542429,18.679922020430364,-2.370917043491576,-69.96234315020986,-10.271500252606755,-39.56403307403519,32.93479105971926,221.44887559873183,0.0
0.15709597190172522,-0.12470121462279617,0.6722681432798748,0.994541110754383,-0.00020740665435970538,-0.02310851863697713,-0.10175427444742072,-0.0432117447437908,0.07301780314271412,-0.24286656112174912,1.0114928661106672,-0.8467665759803787,-0.2728324570144556,-0.7112674413141654,0.062051762289351955,-0.04628360432257737,1.1909879839791764,-0.6926494659726505,-0.26085001497934013,0.7895086231279741,-0.46845582066748814,-0.30727833948907524,0.6444690859707055,-0.27249721945450245,-1.2046776396969041,1.66132896645169,-1.6569597988999645,-1.9907104669428182,2.3086788998550754,0.5536996551836608,-0.07233889583182061,-0.5555493678482596,-2.299375295433608,-1.303066116360454,-3.0352643502330117,16.42694332718957,1.8667019115361938,9.784994296024575,-1.5641137494757753,2.9281186480412065,10.176825277314018,-51.601345861964035,-35.937987909676494,63.29037496134186,2.272600473191714,80.27150539942693,27.227807780225973,107.61484932303715,1.7509095642927806,121.69108576386448,76.1361192376399,18.65500647996169,448.4166616449772,-189.84969236483565,16.972121351132245,0.0
0.17369772389680602,-0.13421073597278707,0.6677941372844396,0.9932206696727163,0.004806614565046676,-0.02973660741661671,-0.11227346957608705,-0.007598124776604674,0.05457807444619381,-0.24651008827096027,1.056649813844953,-0.9220623977356934,-0.2730707819623857,-0.6943355097101838,0.02723981951305583,-0.0711951064496231,1.1394379288309426,-0.2896501839058202,-0.23646984124449907,0.8229976028155987,-0.5036455202632181,-0.1290020742667664,0.32309274120377623,-0.738529335634315,-1.046941996105397,1.6151448003545619,-0.17655561864005417,1.033716122054069,1.954361538413994,-1.3338530362799592,0.00699740127832752,1.1263820187030276,-0.17581248506992064,-0.35615807212266837,0.48315045463660855,6.254998576847948,1.7797885416006662,-4.218467956601473,-3.0623089395068988,13.778220228400615,-33.597136703195716,-0.16769090917585477,-3.5569702103201664,-36.566624149267675,80.12205667398364,100.63840980104845,-45.93110833638139,253.56505687776314,0.7264823602576254,1.2882634000111233,178.1608768429385,91.9043800446275,272.5827462282413,-1483.5887145488732,27.13294533698268,0.0
0.1905345148549406,-0.1444824812723317,0.6678198351726812,0.9913852579386603,0.00550047683244291,-0.041118447297461336,-0.12423481149966183,0.03617431526396426,0.054976875118231704,-0.2147237321809213,1.065343412744817,-0.9232097225305269,-0.2715847785606413,-0.6574733644327847,0.046621354516661676,-0.06293584965498918,1.1713955490051466,-0.3232067418845254,-0.1983293862352571,0.8457694130732073,-0.5112995976053489,0.10683180345267537,0.047727573068622374,-1.3788813047299406,-1.2053784241718883,2.361654594983577,-0.056565525076814144,1.6567091833714187,-0.26942704016933466,0.40960308735806705,0.08871576135402386,2.505305655824254,1.4198630286393221,0.6635905885790777,1.5233318002413576,-4.4917036696239485,1.673306382693418,-0.12709507456697983,0.8867350639909556,11.242172706202718,-10.696042589407886,-22.062244016462785,10.810483330679322,-1.816050249167776,-24.798475120653364,-19.45417935871309,-39.852240883869435,19.7832534462254,-0.5129082868478794,76.83470279806808,17.954214548285563,5.139930147921789,-60.39645000666096,-109.2933056465822,-38.96525717879956,0.0
0.20692009617956916,-0.1546379296512029,0.6713411459864629,0.9896792838639178,0.003503078607147713,-0.05501584411345271,-0.13227206971753178,0.06850600884333923,0.05326363499150306,-0.1845441849709384,1.0588067410534319,-0.91547376139875,-0.27256900300129683,-0.5979779987781177,0.07179185079712448,-0.055297716330427994,1.1890663904500116,-0.41315036783182524,-0.18004417404161246,0.7972920569641945,-0.5007678987388666,0.22746257274955498,-0.11469892261843727,-1.4216448477602524,-0.44237125797812044,0.9577129558058536,-0.21761300047183188,1.2155359557708842,-0.27059190664362326,0.3301359232917997,-0.09233141429770939,3.32969707731231,1.0444606070450275,0.14219426956433542,0.26855393344608225,-4.060993173766526,0.4998638125877875,-2.409185007172509,1.0939884585810462,5.191086371039251,-4.349185117685174,0.7736045922664636,40.57317596518037,-75.37159041393711,-21.631540315421976,-41.89297738631005,10.59411471836036,-7.8289832150917595,-1.0268721157579828,35.16616325071341,-27.639674597600905,-25.605007865216198,-69.76842718249061,69.10676519034598,-33.267098810614904,0.0
0.2227314402101605,-0.16427288307535368,0.6768215546167125,0.9889393934190958,0.000684491145789179,-0.07070084391402487,-0.13038327456229626,0.07283778203899584,0.044987644242331974,-0.16506058880929955,1.075348525516226,-0.9119360314805888,-0.2738874080005731,-0.520984570739946,0.08021983737483651,-0.063345733972862,1.1847996400738563,-0.48400438391389866,-0.20255237697658013,0.7920831778868733,-0.4658664455473619,0.31038441439541853,0.008440684614010485,-1.7426703749942591,0.6455623505059729,-0.20512226711503495,-0.5910070250463754,0.8108227789371164,1.2410207694995656,0.09988364647556226,-0.04911456712934636,4.2957392014241425,0.019310282730019723,-0.6548118100131709,-0.6601330711663558,-3.0699023651026636,-1.476954239578547,0.6056514446667242,1.8391918204690096,3.7392765699595305,9.038577536073067,-16.52733204408529,43.18684975310248,-34.35313773509852,-21.14541814097804,-14.344120719202397,12.279445752447801,-5.6232033311147,1.5327077760800027,47.648404756158406,-37.16300382391841,-17.924896076409723,-48.421962322041296,50.76999849458297,-5.547148205026565,0.0
0.2382768941158296,-0.17353613138073298,0.6835373225669606,0.988738939842352,-0.002788792472786631,-0.08766590803713746,-0.12125271149128834,0.05824762582697635,0.031895999690016746,-0.1544864745151039,1.0893450232722413,-0.9099801209770885,-0.27428507758587417,-0.4304449678484814,0.08150696458814331,-0.07676383508244472,1.1585700944616157,-0.530324280132623,-0.21346304694037102,0.764369415369556,-0.4579837541060669,0.34719786317627904,-0.09199101440046628,-1.6867500781881102,1.109316437500915,-1.1619341684692495,-0.7305239829181971,0.35243455475581853,0.2937379478734741,0.08458687517825243,-0.007566436923667206,4.604469096767896,0.10853420004889591,-0.7086818882637247,-1.6906773185672659,-1.8134475981887943,-0.3982103094080328,-1.5320269458707723,0.7889458732703488,0.4125341197793793,-2.751781611521849,6.002462322071124,16.16712907577836,-48.781929978268195,-9.694669088111631,-14.203648072587997,-39.313216281151426,-1.9600452581481704,0.7384477605797706,-0.8003673977501691,8.467035924064517,-0.12350821332891104,-30.274013920548768,49.82068738810403,-8.077781328669811,0.0
0.25298389420403844,-0.18286022531170545,0.6903884663017944,0.9886935190096466,-0.007988529158033662,-0.10238985738054555,-0.10925944341705147,0.02297075614365794,0.021902979172216827,-0.14360334951036413,1.0766994039780509,-0.9080815638573695,-0.2751613088449337,-0.34261094073191645,0.0949550450235926,-0.08227862739593973,1.118104736975303,-0.5542244331297289,-0.22002398413194282,0.7082122257642885,-0.47592950309746557,0.3257620216252658,-0.34275507073677597,-1.367729408860846,1.363762329126344,-2.331473537589368,-0.3788181521648903,0.5602484642751439,-1.076771219432012,0.0864977750061106,-0.05103342026501882,4.157370084929723,1.4792932090526898,0.6224284636952566,-2.310294324219973,-0.8980998015311965,-0.486229727065314,-3.176498456920497,-1.0530278642568252,-2.9659795690104303,-11.539120020479647,18.485488049780066,19.491706677256566,-67.92713223145806,5.069603389897832,-10.182270795158047,-27.04836764176725,-1.7205742455054556,0.36787258085970775,-32.50291417190239,100.1667962556483,121.54933544935515,-25.1139531333557,24.842167575542618,-17.043287927832647,0.0
0.2665861007263988,-0.19226952866476307,0.6963566043012828,0.9888637009214815,-0.014752440079035822,-0.11313421461098822,-0.09555938465655711,-0.03398068052672989,0.012670482036848733,-0.12933122669211156,1.0490443801265745,-0.905088491162882,-0.2756487784149665,-0.26842136369312775,0.13219420107191784,-0.061263553798022966,1.0717373114195121,-0.5618104178630512,-0.22450112928982324,0.6630570603250117,-0.47005936063733467,0.2612923684752998,-0.4928096053983518,-0.988161498708735,1.4402046040913423,-3.4146793267862363,-0.686587503514775,0.14091067082031078,1.4326686958893662,0.3540948469445428,0.07217479645242139,3.3095287951666723,2.1716178250514173,1.3307117839381621,-2.16148570240989,-0.007784918989657788,-0.2515082774907012,0.3535782169655211,-1.1590519720515475,-4.879585850470254,-13.455502229974638,7.513032184156778,-12.254811360731797,-59.2031310272843,-36.407663543268484,-164.566843012385,800.6352072324365,48.531770510930436,21.79479009489186,-31.80962456719131,50.16916004676267,46.71785718369596,20.977322731229005,33.28510338837553,-10.495649407169,0.0
0.2798319324253978,-0.2015471123796929,0.7013667801275295,0.9887378993904921,-0.021320575427211223,-0.1204340271198377,-0.08624641722429784,-0.09376605561828144,-2.1624309579530016e-05,-0.12582846508372764,1.091610135937896,-0.8977458626283102,-0.27389439557505124,-0.2172194321138364,0.1792283143272609,-0.023239403731315837,1.042035665264203,-0.5391091306397272,-0.20019339313443207,0.6560683385176138,-0.45373276370126053,0.2474416829189817,-0.4286904451698941,-0.6293085343696965,0.7196132797209494,-2.587877969454129,-0.5816959809841196,0.5044328700897511,0.6747209482160081,0.25243924297902454,0.051444780343564894,1.9590988314463487,2.1846382551572368,1.7896326722370757,-0.8814041827695238,1.8752563389726167,1.4091550596295477,-0.29018707490809803,0.06058031390396697,-3.023000551680892,-4.184195959193508,17.438662472263726,-25.922529695382003,-23.11666600708224,-25.20020801717559,-115.58763456981258,556.7946940353123,42.219820463058696,19.713353281198806,-63.9636046324139,-17.279804153342127,-43.79659753440008,71.68150959059027,60.432919695358414,-25.9365128029154,0.0
0.29273135776843473,-0.2103551542792201,0.7060759678083807,0.9883729492381976,-0.025863403273776946,-0.12412008018338985,-0.08392975205822019,-0.1385983900376615,-0.007278089658069003,-0.10943584839760098,1.1073606774896416,-0.8922888803622757,-0.27043096598926014,-0.1981213757432074,0.21449080069031004,0.0028374902566880396,1.0492113338961815,-0.4754393233517487,-0.1458471061596008,0.6391554098752228,-0.4285723692632054,0.23805016730363734,-0.3532372853730055,-0.2677849239604266,-0.017369960706634047,-1.798946549041251,-0.2030629624546718,1.1720340516402894,-0.5244295100603602,0.16590720075391552,0.11303905457478378,0.3271464626910558,1.3112829435318945,0.40396025105935124,1.222062533219456,3.59176139797809,1.0065542204868951,-0.84605296518539,1.7059328010063883,1.4484413596588654,6.3989558496479075,15.33636990244247,-21.493390476331502,69.14895080104175,22.75548298547057,86.87923821010186,-432.17636095936035,-32.101740756506125,-16.378168501391073,-54.99360569269148,-51.324963623315085,-92.9529230880726,64.44056605003394,36.244918521231654,-167.58493281983456,0.0
0.30553584049903076,-0.2189532160199826,0.7105628755255002,0.9876752907233738,-0.0291996902575494,-0.12549429838996443,-0.08885988552194654,-0.161883187637533,-0.002333677055021051,-0.08175109469500255,1.0967348117801001,-0.875022647059922,-0.25039722437907336,-0.20996421645048724,0.24289825693246436,0.011360459499855168,1.1012288690558125,-0.38603761942138975,-0.11649391301460013,0.6480434429003544,-0.42991481523464253,0.22178631088057638,-0.3948906970656336,-0.11008108122251925,-0.687539806679979,-0.535079583293043,0.4925059360331696,1.4612863164279095,-1.3905529397579852,0.6470700096142741,0.6942877920171134,-1.0092831386650427,1.3491176776256175,0.2108717475054946,3.0877696381712365,5.056057084609889,1.498258224582909,1.467594500596443,-0.6454217325821375,-1.6539151570231843,-7.1171360895955145,2.9823847234819865,-15.733764584849519,19.541497410350658,1.9117338610267893,-72.4130405961935,314.674581393279,93.72599855630415,295.5135188377369,-25.55087452871161,-6.616625838188227,-35.45912214860237,16.697727516950575,46.255866761465086,-4.659199257685939,0.0
0.31818623084016,-0.22772081399033978,0.7133202348616978,0.9866265253024873,-0.03197454409396693,-0.12334471031127034,-0.10164551410540823,-0.15249098005306744,0.015452304877312067,-0.06376249477210884,1.0556735303893163,-0.7479325956640303,-0.2327701376884706,-0.26268380751848414,0.2663085951125968,0.00916754170250145,1.194904002975479,-0.34571498918667415,-0.02300376217505852,0.626104740804524,-0.4512060901058066,0.07974404481889849,-0.550839207043063,0.4231780318821198,-1.5141917697321186,1.0995822127605597,1.24958992091099,0.693627160554677,-2.244571104951194,6.453135832754592,0.6807625614083317,-3.55931921038923,1.0254506938019738,-0.4788484346577908,4.754201694803623,1.1808930576010566,4.540712604073131,-0.4425205100343095,-1.563699585100064,-5.556558613393955,-11.40610752494338,20.05346017007558,-18.451286759705734,39.69300394176506,32.54100581509628,-9.10042966683524,8.738100552500665,-155.36109152760295,-17.2720732687089,-75.5293710500702,-17.96282780325073,-42.73251420809068,-69.45946566186204,-33.6986131152224,-85.26884094137178,0.0
0.3294318813700385,-0.23708880950102523,0.713246036652943,0.9854472044917205,-0.03693663744883827,-0.11404248813821101,-0.12051474130857702,-0.13199983331507326,0.05569554858067905,-0.07021160314421268,1.002447188605002,-0.5071806363292396,-0.25570522797038514,-0.379200559107429,0.26706359937077373,-0.01366906760166026,1.3258482874387025,-0.6025472683844972,-0.02327044729712263,0.5168100162004149,-0.46201155934179533,-0.0354200457628833,-0.9748307002826114,1.2622260723682506,-1.898638350731888,0.9279555584129145,1.6244579866916071,-1.1349122413413175,-1.5163085011322985,1.613468290454597,-0.7913918343935721,-7.331980970208276,-0.8434393126098113,-1.3373422085190605,6.163919680167911,-14.179756116456227,-0.7622483309647735,-3.5166988026144073,0.312499214734798,-1.2466842738493735,-17.166227798213043,27.858805806344314,-7.332013409996534,2.8170645343116236,-50.71676295884958,-81.5552028629255,100.86755608847163,-1031.0204161548322,60.059025353206636,-126.08910585020813,-86.94354187861174,7.311143175454157,-152.87268926860364,194.13752807487853,1.747727262315168,0.0
0.33985823349929645,-0.24542210290217684,0.7124491685749719,0.9842980560870352,-0.03990754677771293,-0.10003515568033083,-0.13984881880616992,-0.1122334327701471,0.05160203510720758,-0.13434458954674638,0.9844674223311447,-0.5746700511078888,-0.2792597296351891,-0.5318736376053801,0.23414062883584935,-0.030585734723008764,1.4019036138177192,-0.8554824748714313,-0.09907552664330985,0.5328399031530608,-0.40128365471993316,-0.04272609525848496,-0.5229399248672183,1.4394785126631717,-1.804065645724214,0.9826469321752408,-0.6165096503840672,-3.22334705066135,-0.650248477678395,-4.7904408551844515,-0.423606889732471,-7.694455953666931,-2.0169330566834343,-0.27896698661366176,1.7892260983203556,-10.730894595719281,-3.7697975625360263,0.2560594649844168,-1.8609882111193563,0.7110410034032935,8.95088016544614,0.017943630944719374,16.330301713317297,-116.02027528014202,134.06738486628348,320.3594623912438,171.37327001012952,133.590816616235,81.14251640998236,6.285571927211874,-19.71093992461738,55.89452282270742,-228.50732034820783,223.52319514088973,68.23330580681353,0.0
0.35070141709107383,-0.2524669812584702,0.711754414986419,0.9830710633294405,-0.036760061716314275,-0.08544893487453002,-0.15785582610643378,-0.11011175882495522,0.024179783034186983,-0.19439716380613214,0.9984668999063341,-0.6342049337838765,-0.283218599105992,-0.6768065668468871,0.18419400524537433,-0.018729653523779997,1.3558051135392077,-0.9293356910655526,-0.17198117776160926,0.5750051234766135,-0.3082798687843292,-0.0439483669218581,0.3311294574274177,1.5220319311127182,-1.9020157614464304,0.19822068082680752,-2.3395254306491258,-3.496642303493637,0.8186397927642006,-2.1087947129666382,-0.09758398054813458,-6.845485184474647,-2.775400181397054,1.319277781065902,-4.479435826058572,-0.41565749964872084,-3.1015734079279724,5.040547869214861,4.344211022226789,-2.2126198315489303,46.136293238427115,-9.179205525023367,-24.89752636610218,36.55007885091791,-89.48803091970646,-20.57391305203119,-15.931070364113449,75.56107966557462,8.685985397191338,44.311386859134856,-18.353151106469397,73.74029207422032,-152.33496957613255,185.4493164203569,67.52310828234484,0.0
0.3644662610250067,-0.25770442420052664,0.710672061213795,0.9808660825094663,-0.02666122685413532,-0.07925773118064158,-0.1758098950948523,-0.09379426886269626,-0.04095430510736123,-0.26015524470386,1.0334929829511292,-0.6617477449289011,-0.28466855443445727,-0.7529452452958675,0.1220832370916794,0.02780765192736752,1.1554467626988059,-0.7536799871300116,-0.24643181671463749,0.7877415603966904,-0.23011292521304993,-0.09650909743899783,1.1270589955096686,0.2443601403186615,-1.8807821972112477,1.3333129506385362,-3.6913433264026008,-2.4223353247564354,2.2251022924077533,-0.8405094646672727,-0.05241889055774317,-1.8225006392570562,-3.376450997754371,2.9753987064859824,-12.019778243465923,9.787307307079253,-3.24466334369874,11.42123183626268,2.689354350143203,-7.208381722394767,45.52098980287405,-62.97653785033919,-4.775523222633116,56.471934483180824,-23.877220718609955,139.24824994592618,29.33158935689293,57.79248478676358,1.9402060944297423,170.633109196617,-26.817807004557785,59.78131297617954,-30.701920797206284,-133.3749245933518,72.95376616195338,0.0
0.38316214153474804,-0.26287348647874953,0.7079235071993584,0.9773911338489645,-0.014863821419950319,-0.0903333967334988,-0.19059253847100055,-0.04479541731949934,-0.09672626494935838,-0.25116443571240016,1.0871671744200724,-0.8330180942928648,-0.2817069406073638,-0.7197848281837624,0.048767395073511605,0.08736074180697895,0.8559203951629349,-0.3235358685491089,-0.27689344262150306,1.0565997369670093,-0.28457653991743964,-0.20396274818538615,1.4007093953498009,-1.7129649653359302,-1.344794842811869,3.2790199615733635,-2.3840659150891685,2.2583804474091527,2.674078095761353,-9.197964777652262,0.19548721943199987,3.6815994933876914,-3.9391150252394853,3.07845813083605,-14.441420044767154,21.480948651383795,-0.3568860278954028,12.864525411408446,-3.340775857656715,-9.570715019739035,20.899693067650375,-86.39858570571666,36.69523924216504,83.14582325190415,26.168370572469854,154.30832447126338,-19.01063454249517,131.06416757141872,-0.7282027325872524,150.4828683720653,-23.676398542879777,25.828457430745445,267.4636392135635,-397.0348978832845,75.03885865043914,0.0
0.4065156448222844,-0.27108109992713936,0.7032189871155853,0.9729803747867923,-0.007249125963032138,-0.11785792988114571,-0.19840904419067223,0.0572554679758829,-0.10200475169238378,-0.16968836278428392,1.032319779439738,-0.931585779719674,-0.27894499326259575,-0.6110349845735857,-0.012033791216967724,0.17231584040337866,0.6223338740035563,0.02578391852016408,-0.27584905624643397,1.2173674899245859,-0.494130124039008,-0.2993358426596495,1.006577445944586,-3.0114636891390463,-0.3498339522936883,5.6359684606181,0.82504170946414,4.49975290192992,-4.766272719256888,-1.0659525667595244,0.09945266819037438,6.081671501910824,-2.6965398179864932,4.6424731581738605,-8.227263711774581,14.013925722653962,0.1861321549320305,2.225967093834152,-7.801004219600479,-9.4461688423789,-24.89252280514393,-28.01394089337287,87.1215842179858,-9.762877595109945,79.15511850060575,-31.560161451579816,-54.64028940795014,258.5378281014266,-3.530180622623516,22.47941483340625,11.649418579859308,-13.918265759425863,429.9370351230364,-348.68198478165255,3.988592812176968,0.0
0.42924453918422645,-0.2807827327469175,0.6933146769802502,0.9720293930832008,-0.0036341393012494735,-0.14363225199665422,-0.18578328288684431,0.11108302575736079,-0.08647140266691648,-0.10196045073031715,1.022535903241297,-0.9229997103267703,-0.2812616756284675,-0.527465580457386,-0.0863592244787953,0.23949749914735222,0.5966392401077941,0.18512620154598464,-0.2790918141254398,1.0801324604723188,-0.486948926150208,-0.6193660535613918,0.9715148944124663,-2.06947061093042,2.255724888495701,0.7822459992200652,0.7941533344676427,2.168653265019084,1.6853961551344077,0.9146107690422957,-0.1793333887533572,3.414236208517397,-4.324986339481674,2.3797943572848466,2.059286724512786,6.009311153752771,-0.2673329208958986,-5.205617533167866,-1.1280479008155222,-11.405673428640773,-10.66812764956374,35.740305015112995,113.38468302174552,-171.99768984373088,6.992186956948977,-147.63204140120243,135.5513271608245,13.682056276272492,-0.9787669280994622,-24.059257686797586,-48.055745474100014,-94.84793171400655,211.74717704842834,-108.36676011658156,-1.9146896197338488,0.0
0.4486479390820157,-0.29031203459028565,0.6788728838664355,0.9744917526459361,-0.0040082667206209005,-0.15841143730993715,-0.15892002501997005,0.08419987363383057,-0.07610396848025423,-0.08962348795315356,1.1056118214492432,-0.9089836984069873,-0.2822132882163215,-0.4743448262241787,-0.16664179498372766,0.24417356081969196,0.6431287522669753,0.12458358106410694,-0.2725980693506619,0.8165012415953257,-0.4519153823996434,-0.7339659791229508,0.1709023934014848,-0.7243939744601101,2.459493295119794,-2.8973831648764485,0.6984800552540449,-0.006385434181353761,4.532275976774555,0.5408630487388176,0.003527581096074604,0.5021455611720987,-2.4029129112171574,-0.7498469454544029,4.829196776778467,-8.451431723194634,2.309359106737861,-23.912682799708442,6.989906159615306,6.698541279854646,-64.70765173982787,93.85083527246337,-66.91623019854323,-171.81611401971864,37.96953012858497,-26.092549409318114,-72.41146392520609,-15.890765582557774,2.5633098486378096,-455.196881268177,252.25790690140664,-63.50562440974467,530.191315227085,324.2171094850283,332.91774805236986,0.0
0.4619501465103166,-0.2982134439446003,0.6659767888334092,0.9771596757676965,-0.011634937774050337,-0.16034872926346747,-0.13896719505032346,0.01295355767152007,-0.06166395350329753,-0.10882282255952752,1.1799732003597405,-0.900746518781528,-0.28213481367219206,-0.5065568709998023,-0.1819770428924994,0.21823859361282688,0.7849193097888972,0.0014450622442575087,-0.2640479529589973,0.5953983001592494,-0.35902999283791204,-0.5726738345365022,-0.8013367180118753,-0.14106515918592522,1.9233072250221752,-3.652196157224725,0.8973783619507464,-1.22137038108529,4.342199566591396,0.44420861935812994,0.024844535421897615,-1.977442292913639,0.008797009255364557,-1.5518937399640806,7.133911042626071,-4.659499468672069,-0.26174399931360043,-3.655586167800263,2.909917509295386,7.87802717056058,-44.12067627288342,-3.574380859622451,-21.218844230567417,26.25661856267168,53.57827557170797,55.132800914166296,342.88391646243934,23.481369792404653,5.32407836860095,38.66610350821859,60.59025485797221,-16.603136286662952,-90.733260732584,138.8856545258919,-5.2151725844857255,0.0
0.4737307854226374,-0.3040538703778978,0.6567534582394825,0.9791990384067655,-0.022151264902230256,-0.16091443184533233,-0.12159403879462913,-0.04185280863075285,-0.04112262102733221,-0.12408161939966875,1.27603931281933,-0.896063948102853,-0.28002699256575864,-0.5333116972662996,-0.18740134328788297,0.18548908109790885,0.9028724322961145,-0.07217676239267463,-0.271233519260418,0.5910040025638259,-0.23193301635145983,-0.3461359453982637,-0.6088049402206535,-0.27965693131232283,1.8277949979825219,-1.6282608664580267,1.0587412446308524,-0.3760240533342854,3.92635503810466,-0.23694254812236326,0.14145097332936987,-0.6148988880337054,-0.550513079208605,-1.5593651142015634,4.643249617971639,-2.9713995040516035,-0.3619233416499587,0.23204159517454104,7.030269955738883,13.580490126864513,18.659305395637762,-10.432830112793832,-8.22404617954169,132.53305105534974,0.4524933322985625,39.85248379622054,-164.43237046616383,-37.07179709692335,0.41629565860134776,84.40029716296415,-32.15227579642085,16.467013613696825,-143.97510349772259,69.32210459471371,3.9494403920631727,0.0
0.485047076570596,-0.3073731586112272,0.6526458908818257,0.9807719823737276,-0.030122501446415286,-0.16124747130377576,-0.10572703767465409,-0.053891781334515436,-0.020353388373471566,-0.1313093827577092,1.3166281745969357,-0.9034137431872178,-0.2778798528628107,-0.5337262298550135,-0.2010790893735549,0.15697689311529875,0.9651721048447691,-0.11886721061208012,-0.2775018627007602,0.5395530099079283,-0.10768941462837398,-0.09684195270195281,-0.41839103704337216,0.010053735622357937,1.6103322691118378,-0.020734517718805343,0.9044478336056075,-0.3588860582223575,0.7297919600869739,-0.4267224232551522,0.08284592066090875,0.34497740926478915,-0.7999815352485059,-1.2938595671167596,1.991936551901948,-1.8331592252652713,-0.26061750083415625,-3.4110186520265615,6.74248575525753,11.397891126601682,12.549157323172583,19.704674441224743,-8.966145354471138,41.91539743882291,-23.14972643733407,-0.07572012756451077,-114.14130215725731,-4.679451242868117,-1.9583076729367452,29.892692293377543,-12.733883868426014,16.431456561758313,-113.27917508566863,53.43461212589086,6.168899814714848,0.0
0.4953352058051246,-0.30845541487991485,0.6531853309003439,0.9820856965628336,-0.03623378693436371,-0.15954210711802194,-0.0934939214464318,-0.043755216501338186,-0.007592344979049533,-0.1419636189814097,1.3118830722108,-0.9128386633513581,-0.27710947820128756,-0.5186750267094474,-0.21136973585076843,0.13799486033453595,0.9830015065641268,-0.14469836581182666,-0.28190447378773514,0.4895835522173452,-0.008730509495360235,0.11789859439735467,-0.3999687304738453,0.1890677794943869,1.0938525691349912,0.7432855640318363,0.40576977588830787,-0.6575138307933222,-0.8570958041899769,-0.4392711845316832,0.01946487859920427,0.9697094397094981,-0.34425705987712196,-0.7235644479669802,0.0842981397874811,-0.872489619310588,-0.1871188940838811,-3.079953530680727,5.081302685408655,9.099110121744003,2.4683689797080586,14.512974830294581,-23.774962247123405,12.165691680620327,-24.870370649813818,-10.47113686008758,-57.143420682026054,9.207727177076997,-1.4825923581717941,14.389574774443922,15.300687746059616,21.73831492232277,-81.33399342890864,44.06395958149014,3.4744531354680386,0.0
0.5046928226787454,-0.3081202196973939,0.6578873752090956,0.983233547702486,-0.04204473450092568,-0.15646626993500898,-0.08367996980016094,-0.024827328313811833,0.009285035702425438,-0.14425567709609183,1.2771070444176342,-0.9201475492007963,-0.2760644971862573,-0.4899130038421162,-0.2177576150979286,0.12067466366644669,0.9663352632397845,-0.15568556297671024,-0.2843365408281332,0.44539554686167915,0.03909502633292371,0.3137863404811933,-0.45395863312543305,0.31818839016664535,1.1007851757635623,0.9392154097014396,1.0590830206067645,0.16483196358062333,-2.216257932758196,-0.24808259222451962,0.04723691089530223,1.6928916455087872,-0.29075707503596193,-0.9164817213324438,-1.4915916351116865,-0.2982046339636976,-0.09307071975361227,-2.8565141679668824,2.5741882088900425,7.221764152296068,-0.3427260279298949,14.129507837878423,5.163374187183165,-13.686660302923872,12.256238882862029,17.696263445899145,-35.307854043794855,16.041497073503383,-2.234620677775907,17.547179563409255,4.301814402798078,0.5675860825816716,-64.77217118200919,26.53396896032604,1.687901832633524,0.0
0.5132201981059695,-0.3073802569583308,0.6657545192162704,0.9845965519676323,-0.04899061973977322,-0.15111131622813684,-0.07304053079464348,-0.009871067272574332,0.031088507731676335,-0.1468436416533999,1.231707369778278,-0.9163571192593931,-0.2744132883295709,-0.4493969164461752,-0.21349543664964252,0.11209147704741977,0.9221302501898831,-0.15862123682349855,-0.2842563601495214,0.4140657337160277,0.032046404920007446,0.43504712812522967,-0.6382806863525028,0.5773053230660008,1.2817741271716352,0.48601198070150503,0.8518823618467262,-0.7679335432782882,-2.0078964660462506,0.5642967528980944,0.05771594937142244,2.346222512059917,0.8310857231692738,0.3659055644221562,-2.876740505422077,-0.31777061779501137,0.01280748422176142,-1.4753886318593472,-0.7828180994365843,2.9931660914754312,-8.044469275635247,18.221309226370224,12.86781191029905,-33.83000973330075,-13.294338452978922,-49.55900095018025,22.520618989093798,25.027801720978673,-3.92990684536524,23.512348856652878,63.41875707783173,86.18225049555842,-62.156488933749166,-16.8576819551131,-1.2168911590305131,0.0
0.5215195427590937,-0.30699899111452617,0.674629815143462,0.986016318857131,-0.05582121378480598,-0.14311787262335052,-0.06459942395091992,-0.001246971062320859,0.04504885527692659,-0.16175977823781504,1.1905767476743867,-0.9008795169814988,-0.2740234436459719,-0.41435549536137156,-0.17953865396866775,0.14847113954797636,0.8777099734443201,-0.1576826532921892,-0.28441536199448736,0.4134638646909667,0.012615946099026753,0.44167005416451555,-0.5464842959945955,0.8568110978244298,0.833667835898846,0.30793352706542604,0.6075850308220109,-0.7022795713843403,-2.0650741162569983,0.8478632247322763,-0.001476998646495694,1.1868818635487304,1.9236631838453353,2.245972530076151,-1.5289457878342823,0.21382585793424763,-0.01991716313506837,-0.3529542948536652,-0.366832372822108,-0.779347142294819,6.562100314760652,17.111735462056856,-10.082947953893786,-19.369702411290234,-8.958509911566551,5.023240040310433,1.569125037470109,4.525101464195724,-1.5502810315776752,-66.91665673027877,-9.515398592022356,-9.281230452214292,83.56845299659386,13.675458549424384,-0.9021576762620269,0.0
0.5301439457380384,-0.3073248238073196,0.6830408591393727,0.9869903682669203,-0.05919241403045141,-0.13389468553328734,-0.06647168010153065,0.01218531889474437,0.051854218952189175,-0.16693404696242328,1.1441403048700234,-0.8797915220659743,-0.2750480831217937,-0.4216314230206549,-0.11896523158826199,0.19079214459808955,0.9355339163597821,-0.21522040805423526,-0.28239064515404255,0.4483485864658289,-0.03638890463017061,0.4181813373889561,-0.3267413744396638,0.9348719370542067,-0.6620705796429567,0.9210085382125585,0.1545063036209208,-0.029030757498538555,-2.4802145038248216,1.2480819824223128,-0.06265404434147889,-1.020111812251161,3.5786539777821966,1.159798624801822,4.580677219456401,-2.627595867639826,0.1372326211020702,2.0860528999185197,-1.654517490228239,0.5549266518254679,9.044259139510944,1.2430309584615278,-54.42235639031938,22.340587351953513,-25.487749835280127,10.483956346097104,-8.241159792035585,28.55927918148317,0.11000124880442466,-33.22570165686831,35.73733268578416,-141.8552705131528,59.24628650681477,81.37604291180354,-0.028979171953854466,0.0
0.5397094086196939,-0.3084481315492043,0.6904133597548379,0.9866776452011795,-0.05861066414992233,-0.12517233530783511,-0.08581317487276152,0.046681467193604456,0.03519233992666389,-0.18579622347864114,1.0867086769045744,-0.8607330369075957,-0.27720115715282506,-0.47673728907818025,-0.04675317260199856,0.15319504032310288,1.090480791732613,-0.4350414116009589,-0.27863174567066357,0.5068640577373528,-0.0627321062692073,0.3409758604393229,-0.24354115944171842,0.9885091536242403,-2.8897315100519982,2.719624967145669,-1.993081679764429,-2.4861405872075553,-3.632626747807998,0.45363650936795097,-0.13430548456346736,-3.476966923654313,3.962594546363737,-3.6007923948089413,7.976334480910766,-11.115399909823802,0.18299049401935408,2.8881732583134934,-0.8399558701731725,-2.724981414208764,-3.5313666518195124,2.3490903468043713,-114.58298906836647,98.042908351816,-108.74413161636846,-150.2322750477513,-69.06517744637286,-39.02379014849174,-0.5029257613394228,-36.44185690443219,72.69688022399082,-129.39994825591396,-106.24938420929485,199.4138039356842,-2.6896230079689554,0.0
0.5501241993588998,-0.30886341697089437,0.6961514886395261,0.9838935512776723,-0.05335850941499907,-0.11615137234621195,-0.124960825578704,0.10035703971784743,-0.026903358209600985,-0.2513139735064423,1.027929663437483,-0.8411708853101972,-0.2818459218130873,-0.5491884241708265,0.022198877428859384,0.04603660180213554,1.1957448293297026,-0.6936006421090446,-0.2783767641723854,0.5300493566869825,0.004738474775011397,0.24230930277524973,0.046122986289545594,1.2514250945584715,-4.79568646882866,2.4926491163287436,-3.5515492838150635,-3.0998050194224875,-2.3324952594153547,1.4945304587571742,-0.24048825760280043,-3.6515680084071978,3.61008153885114,-5.942742961762902,3.045785841038752,-11.72955127477257,-0.04559134221231389,1.0804808393083618,2.3233958195722155,-5.170264422180909,11.023517522358762,12.813934433283011,-102.31194732815152,-34.670257384795434,-19.786286229246993,80.3082708600718,70.30504285711278,62.161625342423186,2.6571508225705154,3.191506387979799,55.062518329020826,-9.384572778948062,-230.8023847772879,215.04556050491706,-2.0677707607572318,0.0
0.5609552392564433,-0.3079585472086397,0.7012111302981948,0.9777377829320487,-0.04432185819734843,-0.10628696866047636,-0.1754066161979717,0.13268278553206847,-0.11393347681318437,-0.3238983834827927,1.017221004261915,-0.7794365280735446,-0.28911200304125556,-0.5845307023150286,0.10096455330147558,-0.051901446339971624,1.1129866343737942,-0.7962499353806173,-0.28563484343724177,0.5612422554014523,0.07858482112936316,0.2338474086222137,0.33629662176928443,1.3062253519589766,-5.431579814836348,0.9270254269096752,-4.706161520802778,-3.0524670265738423,0.5565233329335999,4.102276607358494,-0.36736889383081034,-0.7759776193855854,4.160702915661142,-3.7780075036731633,-7.519187207055746,-3.0973004593941074,-0.4236633779433187,3.1599481346578093,3.8959193808766694,-4.148529327736609,29.37819178978126,1.677204587099108,-41.70829969920629,-74.501331666956,-22.207559808891844,130.6786293909121,90.56146570630379,91.55467968814325,4.361904933734354,68.51915353048089,12.992278718180108,135.76827818529466,-187.47208380048738,99.48919979459468,3.378643594487948,0.0
0.5721884757405015,-0.3048184264622955,0.7050409001564942,0.9705689629014197,-0.02956129591275217,-0.0960008298483976,-0.21887407042598675,0.11074560732789154,-0.17762362327159148,-0.3068361806479346,1.0638782519722527,-0.7261521911084313,-0.2958584635853627,-0.5601111597122854,0.14884665370402356,-0.09381855560707783,0.8669513544697641,-0.5493624598063768,-0.2990343005161909,0.5707002088951627,0.22388706133446348,0.137926163263998,1.2158609098978277,1.446885727543697,-3.846196919746381,-2.3062550324448745,-2.367583099592363,3.2333728421695955,2.8264287104963715,1.9842667422573501,-0.2887942188452384,1.1018069366315597,1.2773695638413742,0.6289482002411123,-10.650816708047246,17.437628856316557,-0.6136927198762933,-1.8174153988737898,6.998788911864846,-4.284924345982601,40.651839921647436,12.552774330451506,55.157780971953876,-112.9795503630738,85.2083158853413,198.00135321006255,-10.091197300637413,-51.34521296460049,6.248595227249222,-280.3275628486537,-66.95445579764987,469.8866079757776,834.6526849905727,460.6992208686989,27.028157174731316,0.0
0.5841525810347031,-0.30035600938904133,0.706901079863667,0.9655515922249407,-0.011751646768688912,-0.09059511265954864,-0.24364840880315494,0.054365348631760554,-0.17372436519514634,-0.18471429994642363,1.146865018435263,-0.8856258868055359,-0.2927039027052702,-0.5469402027710555,0.1300930961379967,-0.07852632564624402,0.7421276235875369,-0.16608971198143935,-0.30660881784090116,0.6480803034573284,0.21372301953868278,0.07126216306047375,1.5263959723105323,0.4087300556463566,-1.74700635304705,-2.5021915015126615,1.5154314525243777,6.88147706661566,4.210188386062372,-9.182037124748058,0.287888996978648,0.9896622151311478,-2.8383450994272437,-0.16796024382269154,-3.8591043731102808,17.02945807283319,-0.22958072693188997,7.01124129159775,-1.7996409429013047,-1.7929227160401329,20.621799751475134,-66.4313934717468,96.68169336687602,80.41896547439995,89.01055373129613,-24.496128816847552,-48.084037299059545,113.38579799632122,2.191945645416869,70.26853241017214,-197.71266113361193,-137.71324109123356,186.7199044846507,-342.6926748210086,13.298046085556441,0.0
0.5978603279783244,-0.2976437984800102,0.7077939047713119,0.963168343040273,0.0023350719650525997,-0.09498941157951021,-0.25155178809094375,0.02793743730515699,-0.1213273343439532,-0.07973987345462914,1.1747445496651046,-0.9362947882201205,-0.2893700251656503,-0.5301088392917731,0.06643330518182951,-0.08955339819437651,0.7290574960251145,0.007673640604328544,-0.3050352261541263,0.679003421314252,0.05760898578727196,0.028129061035662532,1.127424562429203,-0.40658820922997585,-0.28934208087026747,-0.7057553305786571,3.4724683534360294,3.549228863732483,-0.1045450396442861,0.17537168897213673,0.10302673934287512,0.5420477817062721,-2.4883756826877885,-0.10844043101848702,1.5783703438034664,2.266178255143247,0.28861995397163664,-4.577526004172684,-9.601471519344702,-0.4193859652664268,-45.52539212396921,-25.255983649604396,73.61698557261329,33.89777817113752,99.20634184999166,-211.96622903863735,-112.24769414392966,146.07830658530003,-4.879021184862222,-56.63635050184265,154.1972240010428,104.330040540037,242.45278057456912,-762.3345688959917,18.48612877663243,0.0
0.6111207704108246,-0.29702487707221925,0.7072917573226867,0.962359263149306,0.010506821495721536,-0.10115791389954894,-0.25203438612275203,0.01583795208660612,-0.06321217611980266,-0.04783636719856622,1.134875135961895,-0.9216279441303568,-0.29109613535400214,-0.5343379117612379,0.034914126230494016,-0.0757328365546564,0.7961462702771478,-0.03610263312446576,-0.2977081171923099,0.6438493657600296,0.013331397463434827,-0.06566543588872306,0.7426196391489842,-0.36992119034346455,0.07416878552093012,-0.768831407589386,2.4606937363314856,0.012980520787551797,-2.8356949482983267,0.8432228323167941,-0.14030019578086383,-0.4690130449551342,-1.1259306177114043,0.8785341834074921,3.8701656294906273,-3.718622532859274,0.3305444398961961,-2.5517093104152417,-1.6440946809312182,-4.331300927635292,-24.62411345560757,3.7993565349420266,28.729247955459318,-34.98868208707198,-43.180406194198966,-165.9594842011698,-42.20356872428583,-5.929725199237,-0.6053113843715988,-7.9340789694552765,30.160701722323388,-10.94963147539966,7.362805779697766,-61.51971619000147,-7.8063611287684065,0.0
0.6232478995504656,-0.29702315697940657,0.706501662208262,0.9621288449177907,0.013629937740257562,-0.10465961390701499,-0.2513337935717934,0.0012983403180830844,-0.01586477806066435,-0.06120460716592912,1.0387421700784134,-0.9096205742930189,-0.29275832461907897,-0.5380891339347137,0.02243949663299573,-0.060777209789394625,0.8539756527838792,-0.10229758209100247,-0.29264197083112237,0.5668831037842192,-0.003316635375348426,-0.032801861629813814,0.10382918168355769,-0.12562161123189383,0.0759377857264685,-1.0430318426037322,2.2736454243796027,-1.225248791965978,-5.262570003056549,0.4381556506873755,-0.0494320721942479,-0.06406238221682337,-0.31855201463595506,0.5084300209151581,2.1945420802864506,-2.836165188989633,0.19191394247939192,-4.807254063237875,0.13125730457718782,-0.23593862363486914,-32.59539496055107,16.774577270418895,8.282711820859488,-57.07478528138727,-10.444174668182589,-58.07772048121347,28.775798947625994,-15.173572897193928,2.83225214759948,6.255766321130858,27.8394988236852,-33.11420703160028,-67.44125661026932,57.47435516637224,-6.067590332066753,0.0
0.634121948414646,-0.2968830300589125,0.7059972685657532,0.9622161434544214,0.012871312828594123,-0.10457174258653568,-0.2510760307838719,-0.018507108290162277,0.026147121148685636,-0.084618671454401,0.9099130443347943,-0.8983398165353038,-0.29288271359415496,-0.538203606236637,0.018313685953862166,-0.055233876581864336,0.8879883805291274,-0.14979265099365738,-0.290486749119639,0.5167995672327176,0.017995302842020364,-0.03548497779204489,-0.2504658390557422,0.11416483066986807,0.07485529891509454,-1.4609300416441373,2.1583465861584457,-0.5735992019806114,-4.646148538445673,1.4265763246108905,0.022234777411180205,-0.05023800729821735,-0.10676589112990797,0.04948636747058255,1.3940431897489487,-2.0158005112832162,0.06879509501865196,-2.843191502165393,0.2644246355285801,-3.15052588804406,-27.053062231212305,10.71180334587735,11.107164075480664,-137.19529534188052,99.7977654927646,343.946045588556,997.5649067622439,498.1944910763104,6.640014399046249,-5.558361640072651,15.843081772160401,-33.78039062474165,-22.956323753938545,31.945576678675547,-2.514040330486161,0.0
0.64508508645725,-0.2963778078202401,0.7053073706839784,0.9618617829982216,0.010809747768183319,-0.10379171418713899,-0.2528484522926039,-0.038561496472422636,0.0647911502421461,-0.05835859573286155,0.8946755179299538,-0.8285395428341973,-0.2916351428891546,-0.5371235077845452,0.018317843922919318,-0.050531782957053725,0.9160141412098683,-0.1868392208349312,-0.28922889331122925,0.5805847579854192,0.03199594593503712,-0.01746156353610641,-0.18800871222385854,-0.08346520352952494,-0.34489352916619176,-0.20414819633755021,1.2342935872985537,1.6305657302859042,0.3550433259604097,2.552597952905194,0.0645557996350784,0.21883387879845825,0.044715317344901265,0.4136579276982664,1.3298234032480327,-1.7282684237138113,0.05679193119201334,3.63227682047946,0.8590213930886549,2.7096344266803083,6.61612586135303,-10.526056273142236,-18.418143610588416,104.99513416248675,-109.03639474144722,-48.5979442504955,8.876782069570345,-156.36788904717636,-0.8981233178199786,20.512624566210242,2.168869450245706,19.556884352156576,-12.740477474132028,13.421573927989284,-0.8490535091744947,0.0
0.6575956652495945,-0.2956549987223054,0.7048722683279308,0.9604407699940375,0.010734028853541706,-0.1055341503417526,-0.2574895164263506,-0.024722365181103816,0.06258820787766821,-0.04314650871227496,0.8704255249281289,-0.6597272187823848,-0.2911907060893302,-0.5325491713570774,0.01855004210700201,-0.03497298506788148,0.9487343962150816,-0.2227536931540459,-0.2885752599773361,0.6499645037937745,0.033379034908233005,-0.03278468133800384,0.056462532341009286,-0.23061036661746037,-0.5388554632107823,1.1736421421093455,-0.8305955925607503,0.19351226574300942,-1.330727120285526,7.292468435040691,0.043036850460012877,0.23247648009095598,0.009867238722072156,0.9238368454141664,1.7725691566142932,-1.818378553365533,0.01952054943033973,1.008860694528501,-2.217249559652275,-0.6457674942855117,-1.1342977616175611,-1.981482583408419,-0.4951097405169869,25.0015820151043,23.375833351640726,29.537678229933046,180.20158462244478,-1046.2090778395116,17.859892258899936,6.411306858445979,5.429475682893572,1.1005830417048237,-2.698992324754894,4.052563604455336,-1.3124204279836313,0.0
0.6706617127109925,-0.2960222647616415,0.7045517018087685,0.9589811073433645,0.011597025844876072,-0.10808727908986136,-0.26179741184549243,0.0017648443705712428,0.0465090884166393,-0.04357046156825779,0.8622015936637655,-0.6220671818225298,-0.2895106225340665,-0.5312326336686264,0.024564884673584864,-0.013781215741818443,1.0078813738488115,-0.3006996819273496,-0.28762108841956957,0.6566383231227356,-0.06165715669199223,0.0079953501622695,0.13245913701938442,-0.25092903148579865,-0.35982137504568695,1.4872098060455001,-0.7971993352605955,-0.20621267455547246,-0.23663812570969928,-0.32325619957855756,0.07417934881132328,0.25222145099648885,0.45927832298286375,0.9894953761839725,3.1090531398691885,-3.916262921405116,0.04082432262678105,0.3244196099490209,-4.7652881300812,2.9064218865507674,1.7383135469582536,0.4418593825263315,13.103421803848898,18.66560848072571,1.4357292784775155,-19.01714755052733,-12.899813066768868,-121.02251495828872,-3.5818822875249277,38.54474329748459,10.272205575166936,-26.25285410587388,-31.567632774582034,58.6331822013668,-1.6413226105065626,0.0
0.6831531946562572,-0.29781725655513147,0.7039552581574094,0.9580431241990188,0.012570310988380257,-0.10755425731442683,-0.26538168962869474,0.02608432986221576,0.03631388979936591,-0.04561082081429695,0.8572295925332409,-0.6489013534852613,-0.28911810597742277,-0.5428220235695072,0.029015470260582446,-0.015322428349487929,1.0912513217503124,-0.49342537253621893,-0.2868486953353133,0.5967622827873784,-0.1139627329517947,-0.05277004148803101,-0.07312293198400852,0.3131401939031443,-0.41109567653565865,1.1003868955977099,-0.3656749374524685,-0.2953496361238513,-0.506404708400412,-1.8735942112197739,-0.014009375826211317,-1.0644826399438514,0.19905662228750876,-0.7264588194013428,4.000711861587164,-9.566381361791851,0.03162555408294971,-3.233322268681512,-2.8320851165927596,-2.118488255128686,-15.145767032920588,27.471101908062348,-3.596577950049797,-12.596045634258646,17.146169172901747,-23.52088927398517,-32.55746738363063,-37.376642236856114,-2.605939511544932,-41.279010439744155,9.975198486844162,-53.980335059328695,-73.0768039094654,162.65726335907107,-0.8655710916443353,0.0
0.6948899108387867,-0.3003765940521011,0.7026600786008588,0.9567927693911485,0.013740905426028988,-0.10272384212529428,-0.27167369437968564,0.04637918383826704,0.028631607868573845,-0.049944018695940125,0.845824822478841,-0.6840721476008215,-0.28787675091045933,-0.5664688586172548,0.03217132249993238,-0.03761874417387333,1.1372209571760332,-0.6754161658813689,-0.28603932008758465,0.5769455907634015,-0.14152666676538772,-0.07280793082894978,-0.08251677908422222,0.5985152938021577,-0.8386581807122903,0.7713007035200277,-0.2302721977739499,0.24588300288810094,-0.35479480171803696,-1.4566110234525824,0.08732086110954147,-1.317030615293586,0.21703232298933567,-1.2503292132007298,1.0547900204457856,-7.871051800988572,0.039269532401435284,-0.8355210836836655,-1.53189098216794,-0.9954917694661536,1.2519766416919764,12.610001287306016,-20.180338382774703,-24.285778441261357,10.695342324603418,39.64686329259986,21.156793406775165,33.270009521385234,0.15639797561270224,-17.55699411076094,12.038354124160795,-1.3492544196217438,-118.02788077481135,156.52190425298605,-0.5251841257934668,0.0
0.7067823408139275,-0.3034206076135042,0.7012761221524729,0.9542102433301044,0.016211762992474166,-0.09751130949037896,-0.28233231268498116,0.06164252516183713,0.009304951005761565,-0.06885182899142298,0.8479658128791068,-0.700886222514377,-0.2863616128597196,-0.5789180828327833,0.03996184395167553,-0.06461604182482905,1.1006367507609087,-0.7525206252638049,-0.28583739168350725,0.6140376491167177,-0.15896770617486708,-0.08146065086307865,0.08725795956356566,0.4678264084764632,-1.4326624422321508,0.8650436914215417,-1.4478654740756784,-1.5006974165492677,0.2779839058864068,-0.518155565481933,0.05861034279714894,-0.3122314104946765,0.5775691800169257,-1.2675337817634738,-3.1122348046968886,-2.499041330985016,0.0006963571783082987,2.4058742606504846,-0.6341739450448389,-2.368860437143508,13.628787352598039,-5.802927492488197,-39.17822824305288,12.355399470094843,-37.05948484715669,-11.961464713374582,13.641912735422501,28.048901825650436,-2.0076678115895,14.896347004804825,22.514560604922735,19.134916793513366,-65.4239708538135,75.8005857267129,-0.3359592284942099,0.0
0.7192534702035652,-0.30615188362025103,0.7000933355502524,0.9505745232795283,0.020700206725022992,-0.0944654210851104,-0.29505230274080496,0.06253547456369499,-0.033397914944538726,-0.1144947736421649,0.8910688405882798,-0.6859330857920815,-0.28805283795886455,-0.5829783070432052,0.05518564224152751,-0.05082492828610652,1.0435324186798052,-0.5332215009528585,-0.2860342125709904,0.6470812743081702,-0.12847656038431993,-0.04044191588765751,0.342819278037479,0.20452082982442127,-1.3711363367434224,-0.20428098401413225,-2.357684174937403,-2.1000511238516237,2.9285195161472957,1.579852719117067,-0.13374513586986925,0.1035290297068956,0.5423285057865962,1.2964243320302584,-2.2528224207398533,13.131879854753462,0.003227648210740558,3.4418725070887666,0.22568671783793928,2.173202597569757,12.507664643895776,-21.127908019062268,-5.565774009591936,-0.37692862994120535,-2.5216936893686066,70.69488568787725,34.013754634354925,77.49399080360772,-1.8210459414942626,47.98539913801865,-41.22669603010003,16.76840958990197,61.57652496441839,-107.88450541157397,0.9699913182162787,0.0
0.7325862995842624,-0.3084653187914941,0.6987673531714467,0.9484787690741319,0.0250415454718202,-0.09541336041364905,-0.3010934012405068,0.049104530678357676,-0.06601019599832236,-0.1299542647614471,0.990590223304799,-0.8288682912675213,-0.2877066941787018,-0.5645193419495179,0.03328167919650998,-0.050256591047120214,0.9828089045554103,-0.20607894711344293,-0.28877993166249916,0.6757608771612512,-0.12463011987858974,-0.0731319171464454,0.38662646710537374,-0.17856228501787608,-0.3115731372543016,-0.6425412889555943,-0.9274741538742968,0.2716805561515784,5.117813400614022,-8.159546883163172,0.0640031177185889,1.0731825034744797,-1.4869721250666224,-0.2789222125461231,-1.4297694683387034,9.938191687652107,-0.03549816379114536,-3.4805950020036738,-3.6114931947879856,2.0189066922646126,-19.693496723863376,-13.514597458719905,19.982570190714597,13.99731235343519,116.42447437248296,111.306570852496,-68.34207821601589,104.35014140449132,1.1709478454712343,-80.34931992328433,119.81614620977976,76.4375463289048,455.1708937979237,-1713.5334018430867,33.851581314557734,0.0
0.7457081394340133,-0.31185574877621164,0.6982686276018875,0.9474549780681931,0.02540537971858386,-0.09954033618280647,-0.3029444712942747,0.04721477940684853,-0.06829388845004121,-0.11930858797928665,1.0488313231460353,-0.9220646096689491,-0.28691265382700487,-0.5456743256293343,0.023082287601158345,-0.04569051479580269,0.9991990732777516,-0.19524333352558354,-0.2881667078372113,0.6357662645118316,-0.195648182226383,0.022690437109110676,-0.05362064185061419,-0.5298721606106882,-0.054037424999243557,0.17053945625568964,0.39864353501738964,0.4968752771448104,1.4585688362363218,-1.1349242780833517,0.026101543063653157,1.0860433164904422,-0.04238405141807555,0.3237891967271268,1.4383112390927013,-3.0315205391125395,0.02936695264761783,-2.4403347533606428,-2.1214713710650583,5.3929972513329485,-21.357089002612117,-11.877192228481693,20.13279109640133,16.99962270279764,45.207704313184834,-20.645223744084564,-128.60783057912013,239.90710617654022,-0.9995767915497403,29.5854626358515,29.863331136215784,-10.099539612918356,0.6420331135290548,-164.79443351176135,-2.3314431723421447,0.0
0.7573404306344275,-0.315785756185231,0.6990756858507661,0.9477318827874506,0.02154989407000407,-0.10188968178022258,-0.30159305887312865,0.03954684065714772,-0.048010280438598965,-0.10893227396878853,1.05975837524415,-0.920769245242454,-0.28730236045060853,-0.5264326417924502,0.02627189576764984,-0.04394473000207609,1.0240024095756959,-0.26354477593851594,-0.28778995636991606,0.5412306873160125,-0.1925396249248307,0.05264291595392307,-0.4438833151715416,-0.1766772120449439,0.3893641209749459,-0.8555942947887435,1.3360940755070012,0.3295791056007608,-0.011313557938547006,0.48831471907627516,-0.03285776776014599,0.9110492214276634,0.22007765331641116,-0.1682300019594712,0.9231811675236256,-3.1966834148921484,0.008221200834642707,-4.115091481547805,0.7753843403346535,1.1281075470178215,-16.049774393025885,16.7175301515198,23.44823863236325,-52.95670478176259,22.104268408540804,-34.1101343172924,-48.29615747662491,16.240031961346943,-0.20292698445802398,-3.481193067386858,0.6053217799975199,-30.65505230948913,-41.12242031780915,49.72128547732099,-0.9897315818367965,0.0
0.7676275794343631,-0.3193669166474179,0.7005198799339964,0.9497629308070419,0.015521541642376749,-0.10122885096922646,-0.295740049268463,0.01425583145454228,-0.021596250141301496,-0.10880860863671292,1.0504065801929052,-0.9117457065903453,-0.28741554540667624,-0.5062487041771163,0.027069276758088085,-0.05473531594860325,1.0337489151758268,-0.3169567147176571,-0.2877613624894899,0.49569443825328885,-0.1662779273250991,0.08432713831292629,-0.5955606394667523,-0.02147485350449555,0.8814143995067714,-1.5916491337646486,1.2414283376620523,-0.2559447693180171,-0.7098044966428084,0.3811792221682862,0.005024486599593769,1.066700394481878,-0.07582298969665681,-0.7758595108662653,0.1807439667375777,-2.2337568126709724,-0.0009650449559787681,-1.7287713093233696,1.5625856215842702,0.9932506944135701,-5.139375547073536,6.079696502781157,19.765873172382516,-34.49526775804577,-14.048127106785943,-27.24435278015299,-17.33738003899993,-9.306312705666068,0.5620769659801841,4.570073945207896,-10.549015493748449,-20.75541127148511,-28.669725272621374,45.71583632633955,-0.1461513272200894,0.0
0.7775453658678706,-0.3223370780260735,0.7023610432158273,0.9522825399235011,0.009242186191930369,-0.09948515874003236,-0.2884011951114451,-0.014942996228324509,-0.002709584300575441,-0.11631581703197988,1.0082037174417464,-0.9042269240585968,-0.28758966495161903,-0.4850774359586961,0.025824964685885302,-0.06887280011925558,1.0340080958788487,-0.3537930817897962,-0.2880704368612844,0.49263052379998207,-0.13012036633102148,0.08915285838933891,-0.5689228663231656,0.06755355240663108,0.8133129049815822,-1.533266501752,0.6936418584965137,-0.4627514788914339,-2.5872552363723362,0.3265459142518528,-0.011169045678881773,0.9958000285668813,-0.06220173594317559,-0.6735551034082908,-0.06843929316190729,-1.5626576496600744,-0.01948249089052259,-0.5178634827171893,2.2610359689827404,-0.9617500615135258,0.49360354578530563,6.43567407544958,-1.5790645122161124,-19.198765935407188,-27.523758599046822,-7.112167460389126,-7.067517998488624,-7.433450636781501,0.14954298801513224,-10.365064349984285,-0.088320685252175,2.8977425984490854,-4.6851479175062964,26.93059573506894,0.006832653871181188,0.0
0.7872047013203808,-0.32440200773203287,0.7037630045337062,0.9547787091607024,0.003488846794052685,-0.09639698657858284,-0.2812348937454927,-0.0528446971472403,0.00896759503849311,-0.1192439691221622,0.9638036398978793,-0.8992606981367729,-0.2878098056626637,-0.4686337810668023,0.023962715490825126,-0.08259760842670809,1.0328976238332035,-0.38008764820264185,-0.2881276852958876,0.47837017984897184,-0.08209230143903538,0.0535085337906311,-0.5660361869024313,0.21239890102988457,0.7904657721030509,-2.15106391477397,0.4346081037570545,0.02607569093432569,-1.810361641627634,0.18832913712151225,-0.009793877847255342,0.7021960791079815,-0.0998351419209728,-0.6691454732141691,-0.02409417870054514,-1.1646976052416174,0.004496179746313565,-0.1751200187196036,2.2185808006685055,-1.8257273352963588,0.16006140680949804,3.515250044119649,-3.8862654486641883,-22.794318878816505,-20.097737181659493,13.851246524474973,49.37104578922748,-6.064155064371771,0.16344605215700003,-10.577044904949682,0.9939046229042157,4.218984891055957,4.568112755862694,12.820467952577554,0.5003007050558118,0.0
0.797125641645075,-0.3259138179836912,0.704659050842504,0.9566190088475433,-0.0019450196236049152,-0.09345464422836439,-0.27593933804798026,-0.09362646692331958,0.01741029639023731,-0.11633564449662565,0.9837440996713175,-0.8923515696038077,-0.28687507206436774,-0.4537341987674107,0.023291831448166395,-0.09337424661004504,1.0330176515460336,-0.40144345783147223,-0.2877405268121899,0.522624782064209,-0.07456582648158304,0.052049706135058764,-0.5011778624789924,0.039683706301306174,0.3771716177319893,-1.5092719267663304,0.38477761657615533,0.2536364312249631,2.0826571229371074,0.34625349969612973,0.053354560289274204,0.8767708420024343,0.040683627724646315,-0.326753562305971,-0.009296023664964119,-1.0092349985520181,0.023071541634725783,3.4925257889060917,0.11672610182612465,1.7060511847962117,8.652247619667085,-13.805466981423924,-28.692869366970612,86.2894580694462,-7.2695547617645815,16.595633663132812,-10.919623486218192,-9.051748406247054,-2.2580248121016453,18.30157227659565,7.111192144366983,29.059224278837803,-3.8011061891871747,5.356549647943476,-0.10718478147375017,0.0
0.8076352805424529,-0.3271523685432114,0.705752127785115,0.9575404245344638,-0.0063257340562544164,-0.09128695906479839,-0.2733916816139639,-0.11800984914016446,0.02620649532838725,-0.10769514978011582,1.0047152946020654,-0.8884160578194452,-0.2868233691498046,-0.4379300505599357,0.02378272364133969,-0.09800432544690148,1.0326820735145006,-0.4190703969847615,-0.28687494314535084,0.5260335911953888,-0.049266072445588456,0.0523711820336797,-0.42075191822856867,0.15108271710591353,0.28430154900841587,-1.0994047547928139,0.4063259682012221,0.46130044964251965,0.5824349645875555,0.13973999874206444,-0.010244933779082949,0.6995558745431363,-0.0011563875896652659,-0.17447024202819353,-0.004870737832935895,-0.8223136238432119,0.04505991144111129,0.2699273078177482,1.1006495898976036,-0.8204661679654184,1.668778938541849,4.907737556431032,-3.8620880652929728,-3.954995937200369,-4.999037767288063,-9.426404144998026,156.6549501922062,9.066775233383458,3.525552611899361,-8.779573228539823,0.183940149774564,5.634969180473496,2.9339291515905277,2.8202669205769184,-0.5258235559272998,0.0
0.8181515060693431,-0.32781991633644525,0.7068961274828377,0.9584449569354839,-0.009748672433895681,-0.08826397438994532,-0.27110459003050313,-0.13970932109024642,0.03396471786734577,-0.09691372986210807,1.0186713262017446,-0.8872948199151839,-0.2864812288435264,-0.42496112821901916,0.02302535018986334,-0.1005456413443466,1.0314386068778314,-0.43358266700542714,-0.28514900573479635,0.5272102034674244,-0.019055313060761574,0.06279681354240989,-0.3512750021598828,0.2403287358543794,0.2760630373707554,-0.9961172607062613,0.3054587729996681,0.5597414145478599,0.22010674864756385,-0.0068684429375247096,0.015168308223081187,0.6122519239127221,-0.08418427487501536,-0.0831349860579422,-0.09935402631939716,-0.6825350779956442,0.09027652604638794,0.1536029575157844,1.9034001683895565,1.0041152082427083,6.15418305652536,4.639314131129912,1.5198869275914633,23.87597387552786,-14.107994173198286,9.303638917846822,-207.9838214074344,-15.363774234081596,-4.431400181797517,-4.245308526350883,-8.48820117295428,5.06688480705646,-4.276834022041668,3.4457759307766693,-1.0363884361003608,0.0
0.8288665223013386,-0.3280047257670327,0.7084064671713972,0.9592730072464188,-0.012378821659957892,-0.0851703093792354,-0.2690503312448605,-0.15498980051078456,0.03925428438564583,-0.08604763601041206,1.025360184706537,-0.8857066797102311,-0.2858681548694985,-0.4117692172227399,0.020949034181674712,-0.1007593440133361,1.0279311819713401,-0.4459905221829674,-0.28288541531194916,0.5428577720956909,0.00014045004045264023,0.0853389052082951,-0.28311368480256616,0.22795991516596453,0.2307096979662679,-0.565692320488367,0.18800265200771082,0.503165840059602,0.23114328879795937,0.09583583869062486,0.029160583079112685,0.6891263116652572,-0.13450957793429974,0.042348857183469514,-0.22730144612928133,-0.5957705275841659,0.10585039512455165,0.845580982376708,0.9966871646977256,0.7867454110454674,3.1967258380675814,-0.1962102036878493,-1.7574098710967658,14.93406671965669,-10.674529938563612,-11.85183181230464,60.878815967471105,4.650889944116457,0.9958888178215102,2.5417535304220773,-2.708115525796812,5.572329082719674,-4.258057626823183,0.8707678332296267,-2.0953189639899907,0.0
0.8396997603923755,-0.3278056894293518,0.7103750977795953,0.9601841804414628,-0.014666472057768632,-0.08191556102668501,-0.2666853484708517,-0.16521548920529602,0.044238592138616376,-0.07458492291341541,1.02637395457562,-0.8844931295051117,-0.28496289209073494,-0.3977515598608997,0.01804859880284686,-0.09989741599998193,1.0211484284951258,-0.4556447534848729,-0.28001345161130925,0.5419325303134329,0.01866192144607354,0.10693121354667019,-0.28395621967571977,0.27801928484931354,0.31193217950166724,-0.49228423750614636,0.23380555241841539,0.5205044477700207,0.23742405828282184,0.058356076992506466,0.05055047159838748,0.7025065495272297,-0.15830909937779133,0.04688541461905592,-0.4077218804761077,-0.4290384681657218,0.13720208769750725,0.2290106747994095,0.9670806785686222,0.9072296271012943,0.7773482159122164,2.0341063428384776,3.2223225018549098,4.132477337671192,-5.452300145438871,-11.032760950017854,37.97066843641127,0.6850494282940514,-0.09156331256960437,0.04329696096735847,-1.1812108000627695,2.4093648562047387,-5.880266717161467,4.46435168850061,-2.4951583492034546,0.0
0.8507008606911348,-0.3272914368405632,0.7127368701269496,0.9613287382679447,-0.01678269980635147,-0.07874997881411572,-0.26337015549250914,-0.17143012964410814,0.049368376425008,-0.06229374148378481,1.022113632761961,-0.8832943441239867,-0.2835238748732355,-0.38231976111455007,0.014199153189887953,-0.09814215285072075,1.0121704972384822,-0.46375568008234175,-0.27651002439467554,0.5561695138356073,0.03229251607713974,0.12406966305547089,-0.23974082837036617,0.23977900332681,0.4268698841605384,-0.22755650380661643,0.21315819940261513,0.5597328717021655,-0.16160240592077424,0.06709999311923129,0.07541633494953852,0.792940883547507,-0.20841208285412502,0.1396937966292279,-0.4472022518611849,-0.3735888315697293,0.1655672819531623,0.6760874119760978,0.7480775089504587,0.41626373822020657,1.867856890491983,-0.8734070258759246,6.5327844674435385,3.9762073548402577,-8.687420738911564,-15.709759120639738,49.074969837914615,2.372886257577536,0.12255961413689287,0.10233424795405607,-0.4519662490421493,7.48293511524054,2.745807575347091,4.550028436067209,-3.049317196558862,0.0
0.8620303069839266,-0.32664132227871967,0.7153296000759615,0.9626664696509979,-0.018802750376083453,-0.07615704590688138,-0.2590749488984167,-0.17112031357898266,0.055003463224672464,-0.04936420773634348,1.0133029379453637,-0.8814786684575081,-0.28125433158374336,-0.3662492484686716,0.013661079857549625,-0.08764397623853504,1.0041287841417923,-0.4694767603564673,-0.2719447683437011,0.5734079230970457,0.03503442299646432,0.13098538885851277,-0.2162322049217112,0.18315454824907115,0.5386514023290878,0.11681695302414216,0.25733763718770153,0.5703866780369169,-0.3416632182988564,0.09812202935062006,0.11624127479407995,0.7814361283436401,0.0341435671164441,0.6898190440725903,-0.3261913683088525,-0.20129140276105598,0.220817734320088,0.7660338331168745,0.41352448184027435,0.0910461710798586,1.4190403145721666,-0.9855522732310013,9.679007165046292,8.798374420332475,-7.13893564506471,-14.99551994993351,18.741850279690166,-0.9202008099642378,-1.6272888980082032,-3.665544395355157,0.22311795407428736,7.7231724482375315,10.516860873167793,10.733980739019163,-3.689866851658622,0.0
0.873773360386635,-0.3260201714085236,0.7179597361517406,0.9639919207756744,-0.021065477234767944,-0.0741930368985646,-0.25450189709286375,-0.16046881701156834,0.061683023674269186,-0.03704776774458419,0.9998643292231019,-0.8787459626649055,-0.2779468524538857,-0.354452905371481,0.017355167771108206,-0.06585751855682638,1.005257439849119,-0.46125875292001106,-0.24310788838598227,0.5948387930755643,0.028767782671625504,0.13075628768596048,-0.255909461592031,0.11221165473501211,0.5243375447371006,0.7643100201140234,0.3449123472801901,0.5451361335904413,-0.8832335102722736,0.1236673236291048,0.15729852719484774,0.44365996621887815,0.22599095115963438,1.135607286863764,0.3462917948246246,0.7658878536154505,1.5664512033986198,0.5918108275373597,-0.153022118426476,-0.1790670371839077,-3.646046958277915,-0.42010458500726466,8.257131331997162,16.490878964218407,-2.5496640345882264,-15.945340721161052,-16.087468613829213,-3.4272769414948887,-3.1310849459611263,-15.009007005017898,-1.8008920930783407,-12.526056398204881,28.747033248245923,32.79081728185612,-16.13115869434952,0.0
0.8857942694257559,-0.32564687722522717,0.7206207852675875,0.9649289207155856,-0.02440214194727598,-0.07242030253394828,-0.2511414207492112,-0.13983372586866905,0.06641099819352628,-0.030614847250386743,0.974771686329272,-0.8568548777244488,-0.27375275937880217,-0.35700164968701387,0.029593892567900664,-0.030150805757122746,1.0287698726186663,-0.41856892026746395,-0.17604130220940564,0.6040340332325239,0.007287783551700095,0.13703129904394645,-0.43910462019013935,0.06742648698788405,0.3369500567849047,1.1352181278657947,0.17936320711366066,0.07777494313719915,-1.275049500975616,1.154013861655875,0.20345309613598936,-0.4687650725974689,0.8160383425994445,1.8453512312064955,1.6923741178437084,2.9713502139704833,3.45512695276966,0.27612491905525843,-1.4509279909206345,0.6808529416006885,-12.973634023421948,-2.1230001314108002,1.4009227658871704,5.656274696170916,-3.369100642697232,-30.199564017437748,9.103226475064075,-22.645955482704988,-3.222784306996893,-27.395975937213098,13.47056548744225,-22.786299384548308,42.254581279876504,79.74666743503366,-34.49027564525038,0.0
0.8982331275781202,-0.32549603243746855,0.7228314918416923,0.9646974668440499,-0.0280184443720944,-0.07055680817840285,-0.25218148437051663,-0.11379356837840146,0.046289595942915096,-0.050543574573341715,0.9325391968945004,-0.738672083293302,-0.271421088384585,-0.3803884531072537,0.06050478280759987,0.02765009732928713,1.081686002167096,-0.34650042749871507,-0.12075152155620643,0.6385836558313592,-0.0011898323802620047,0.08340785853566886,-0.44186525311685143,0.0855898018203104,-0.3266242455542787,1.4580313865779881,-1.6422862231951927,-1.6599400998135114,-2.2125853639540938,6.654057096329737,0.07889351888014146,-1.4597274985409696,1.9053345534418864,3.1098509650628654,3.0628311710375082,3.9571179036921147,2.1452880777392904,1.9500476977383883,-1.6112563556296122,-3.2504457534009776,-8.89940134660829,-2.0086468121580534,-21.87522518215511,17.979734508831854,-44.21923325757872,-55.71579450241432,15.293366635671408,-56.39419038808678,-2.414245411032858,-11.66800856218176,22.305802350840406,-19.81089451005024,18.989643545716227,26.85531111443381,-63.95200713966322,0.0
0.9104540266621445,-0.3252766887719673,0.723202373660023,0.9629310807450103,-0.03029138800621546,-0.06534596765591769,-0.2599539768093853,-0.08537538169658827,-0.002986825724338237,-0.12585177599253547,0.8872219535053305,-0.5380753738407517,-0.27376496864220173,-0.44391443177314266,0.08398867736469534,0.0461267761302357,1.1799489763979896,-0.5171136245571561,-0.1561734990045213,0.5885939703018196,0.005463924514911383,0.0013182490755094956,-0.4393996755721726,0.6944341437500001,-1.202341182332995,1.5772281446244873,-2.4925510357182143,-4.811812668763855,-1.4933199240451847,0.738754644838191,-0.1244069838438825,-4.209438132236605,0.9022278230984916,-0.4098170002063123,4.749745063044885,-10.109843377999422,-2.1838148608457923,-1.596952059326332,-1.2676642256375334,-0.7967804266834123,-6.015942341485772,20.143923483401128,-56.03070924486965,39.00307577498674,28.526136641494556,-27.916546986050914,24.136222890622783,-774.5594611125741,-4.380428426107882,-88.01003237289366,-7.5850603703572945,-114.42885514468546,-100.73185111961527,121.26922446751453,33.701372181652644,0.0
0.9219401211808136,-0.32454198769228554,0.7224073941428305,0.9584600504731283,-0.028949837896763746,-0.05548594623341047,-0.2782760289773116,-0.060936302151879694,-0.0552556046017557,-0.21832814613371251,0.8748297848407187,-0.5936033799017936,-0.2760285703369101,-0.5484579709736022,0.09834883458296213,0.021411657980042912,1.253006602359636,-0.7667319151518046,-0.23098302677612345,0.5723416783120976,0.05257692456346953,-0.06955304154500716,-0.1442150733923849,1.1908983904095907,-2.458115778536076,1.1141562012567146,-2.4186453911174497,-3.8392936731030973,-0.4356185684873862,-3.9518308365581487,-0.09058069586795998,-5.841350641847741,0.8461225664836489,-1.615047922524642,2.354464960006341,-11.45651635017139,-3.463875969126279,0.5897645745206457,1.0849320644148073,-3.2729934499616458,11.413303396064268,13.36038686257388,-68.71337079075113,-3.937230873491977,40.675604227846975,130.06014148463476,-7.638776059241815,-35.687014082691185,1.5595561906583397,-50.90850421976875,31.876546766972513,-25.969448947174897,-157.61869680930292,206.78539581318992,70.16024497611247,0.0
0.9343833822341113,-0.32361236673738497,0.7212004684371323,0.9506329665374871,-0.024480898497069616,-0.04698176695568275,-0.30576193699450904,-0.035631606007648524,-0.1037478009250954,-0.28096021000697835,0.8714128616952732,-0.6566232315717618,-0.2804590265877986,-0.645630339999531,0.12346549419078207,-0.0011075067975264304,1.2281724129949592,-0.8998833013526613,-0.304620335052604,0.6668993869879568,0.04307112167718018,-0.06561228664910292,0.19875813198419315,0.7898879635590771,-3.1830029842791636,1.372151006570451,-2.369701001732151,-2.2285635035936537,-0.06759229491692166,-2.369426874137847,-0.2464325676223058,-4.224865506642377,1.5098867240024954,-0.7250792777726055,-3.093889605591532,-3.0239916291919537,-1.0176038436083736,5.644106325202989,-0.12276624234322289,-2.0291400345154758,23.390775606436673,-22.311842664690317,-39.276595865676576,31.280494780728723,-12.85669030492305,63.60376255566747,-18.735988574091856,71.02423442553837,0.6982993148818062,56.76885665406305,19.48169658912011,35.8415994953812,-119.9379399851006,432.4719750398739,195.7905840089644,0.0
0.9482961429411098,-0.32174457854035343,0.7198056691183282,0.9411612767555244,-0.015874832261289065,-0.04139112891172716,-0.33503763263848296,-0.03171585500010602,-0.15637360494952632,-0.3011867696513158,0.9018641789833614,-0.6686638763563688,-0.28952301089251464,-0.7062999161656806,0.13362737799622781,-0.02092785880200498,1.0704146427194474,-0.8370175081187137,-0.3075088002786833,0.7394512183047559,0.12791294384576762,-0.09500856571566793,0.8208110964165826,0.7725379754840981,-3.09572954401944,-0.4189028470853975,-2.9041579619713915,0.08896168709525665,2.3167559966193885,0.5295010060552865,-0.47272563001727924,-2.3440942733339813,-0.22028843382705268,-1.0011328413860094,-9.610181728697043,4.176209233089335,0.19088303640044613,6.384216523721756,3.0853897794140344,-4.313854999498519,43.419457309699226,-12.534030661568206,-3.9286617563220267,-40.31297831777108,-34.95076980504189,121.79524445387534,49.368452549404076,100.9583284230371,5.441152081404496,50.480402414693714,-69.71995034267331,16.052879744895485,-26.809478081494746,-37.8351397882178,15.976145790546921,0.0
0.9653928559667859,-0.31944058611061527,0.7165512004597224,0.9325336523608133,-0.0043784639020662056,-0.046140448550972574,-0.3580961815992657,-0.03776935685349332,-0.2101228329562672,-0.25387451229377406,0.9956218353180453,-0.6832745192693948,-0.29362977611957264,-0.6959497042507453,0.10908593380326842,-0.02520542935383685,0.8245083990948613,-0.5097490078506276,-0.3052197424078023,0.9647045066201945,0.09578791656869518,-0.23781832518440477,1.5023187699450107,-0.767906484282768,-2.0740013642053294,0.31134157168837606,-2.7966518888858594,3.540078232239475,5.232463641460865,-0.8319671488930296,-0.08875132321424117,2.2569015940400625,-1.9916866028066178,0.7168541022888977,-11.94809568310949,17.229580201606648,0.07983343159721334,12.553736921888733,-2.7759946997849703,-9.503017745669984,44.42194059036736,-78.32004158593952,45.65731268194355,97.3330006427629,-28.417303450973876,78.46919427346519,-26.818919859580795,18.656346238782994,7.165233696492684,137.57183626908915,-74.98762329785424,129.28181446810044,211.3055432354071,-280.862632327329,-2.6747486878144326,0.0
0.985618953972247,-0.3192140787874733,0.7109695761790205,0.9267376342593957,0.0046787878406465075,-0.06516053141275742,-0.36998590694463857,-0.011439031495017973,-0.2191758736313359,-0.13799116565582828,1.057447236401394,-0.796953733096268,-0.2918903972843187,-0.6371252322436305,0.05872553888273607,-0.00851056581915652,0.6650470625309695,-0.08566215527517514,-0.30163660620931204,1.0281099436077048,-0.043602941924585054,-0.2997011006398854,1.403583076355469,-1.9244471233864244,-0.8004546065837728,2.0037339228251403,0.8572166045808955,6.307187115743024,1.7880332301209834,-6.0833039958250845,0.13273889590524474,2.871823010957869,-2.9721227553609544,0.13841147691694217,-3.816389144989542,20.763720446098635,0.2582610481620647,1.0018498073144166,-5.648135533971772,-1.6063735656313978,-11.101084607107364,-44.98250962426243,68.80257710057211,68.18651942767198,97.49361615914498,-44.92531609892341,-104.77566479668683,83.64079503064899,0.08824645096469252,13.15231422110821,-34.87538336686832,-59.65948597456247,331.3426259797266,-345.614650010476,0.5914235335183137,0.0
1.0049449038894973,-0.3205706670961676,0.7035006996307097,0.9260437337775206,0.00860322822311857,-0.08749282103765721,-0.3670340500040843,0.01458454239400282,-0.17640925273499905,-0.03048707879230987,1.0991443394888796,-0.8683355900337415,-0.29110264417080733,-0.6130896094105065,-0.00408116572758175,-0.01334176805714766,0.7076759554303915,0.09950415913369012,-0.29798665633352,0.8820641506025892,-0.08556995884889082,-0.388336618332183,0.8832015531791302,-1.849261433749276,0.9956618535875155,0.6672471629691471,3.1497181696970538,3.9745533654816536,2.053537975635998,-2.494945392530481,0.0001962487833750779,0.03285366639640039,-2.5939438057218283,-0.0036916655245289864,5.783370435940169,0.25666490919884355,0.2453891857373516,-11.420361069315213,-1.3910988247528646,2.2620667739485674,-49.03074103149688,12.857518097775051,80.77664775287101,-77.35139557143883,104.18635846411888,-201.59171646225067,-29.954198997088593,77.0151070149092,-2.2597863643630554,-94.81596546656536,79.38776360393088,25.316716422269682,280.0111840125847,-863.6229943109727,6.056253809266541,0.0
1.020897531889134,-0.32137711758266563,0.6961809841579643,0.9288985839063095,0.007721519103643649,-0.10295820640052362,-0.35565068071686623,0.005677278960453905,-0.12486327227766877,0.002978650916118628,1.1178210303868195,-0.8952016217016358,-0.2901375064825823,-0.6245071473657771,-0.04249145290596588,-0.005807827282516949,0.8357298003709628,0.02187892324853862,-0.29405022428619526,0.7341315904740386,-0.005625033880508717,-0.3419093778722426,0.3298615231802372,-1.1277589104593144,1.372132288170959,-1.3406165694633683,2.139992891154229,-0.056828207261537755,0.07609077521461458,-0.26282620953187913,0.060722003333791366,-0.6051754812197666,-1.5774051163158984,0.39623443662469643,5.89533951824541,-5.069095070796529,0.13287557521160345,-6.696653634238624,3.634655144330003,2.8117404816195646,-29.493244583735784,30.034795998259177,22.070374440920865,-96.45098438650753,-40.72540436703583,-170.0294360919652,-86.1050716469399,62.85233595406164,0.02801727024021399,21.17036652282669,28.527654388542054,-12.840494905744006,-108.09149220875537,-14.984488033891205,-7.0550572309911495,0.0
1.034316653246236,-0.32119095427164374,0.690849412921033,0.933118136869789,0.001999833244847224,-0.11116179535248151,-0.3419497018066543,-0.024584598988279024,-0.08070253166689823,-0.02479780133377298,1.072317134155255,-0.895998241899187,-0.28938645783349987,-0.6240751010867132,-0.06754451359297227,-0.007302318333804415,0.919906219151721,-0.0695564644245598,-0.2933833131961862,0.6154987802724374,0.028557158110355772,-0.21951198923040902,-0.4519717072296909,-0.7026967774893585,1.5862234135969993,-1.887384772305666,2.337259681411551,-2.2062057732333744,-3.326874738717415,0.045613085116697656,0.027868528718458355,0.35029024334626907,-1.0151202735265634,-0.4867783795945386,3.0569441946251628,-3.834318173530844,-0.004178068470350866,-6.209731169699772,2.6373686724703758,4.112615960065879,-38.30874310665724,24.113493426164034,9.063314516084521,-55.88899983727475,19.450194310428884,-67.21303981956467,-54.079519197036944,4.052928552420266,-0.5731731816292761,21.7325508512984,24.532142038195193,-46.7133762746709,-106.34202506080369,97.5325043401292,-1.611675614230843,0.0
1.0464178638278756,-0.32008995838673177,0.6875019392004713,0.9366501088551182,-0.007213052714463301,-0.11441431274598006,-0.3309741840251273,-0.057055888096435525,-0.02854684682096468,-0.03846073638857218,1.0173917901330514,-0.8643811183810471,-0.2890411795684945,-0.6135216839652899,-0.08047229767688723,-0.01647270484024555,0.964805941729471,-0.130480760573975,-0.29488027475912854,0.6093156289877429,0.07010555415481952,-0.12439433609119419,-0.7567863587623839,-0.5344571951857432,0.993783995999935,-1.447783465832375,2.9409989236616716,1.3736907345485676,0.9739448826603472,2.420350942822785,0.0263999363522928,0.7300362768407733,-0.3753022747715484,-0.4262089240951173,1.6600050490869607,-2.479226778714662,-0.08907110103766193,2.5782572743353698,1.7239917858510994,6.783100806881329,-5.278983747734608,-2.8292814959163595,-33.48405335865256,73.4491186903492,-34.105729462330025,104.64609621760496,277.2145592899276,-152.4469517072199,-1.8939498091317373,32.03058313386752,24.037631493657727,15.673944635585238,-64.01225440249581,56.999026262926186,0.7427519229152068,0.0
1.0596948913810327,-0.31880678293637443,0.6869100495720319,0.9372235692963139,-0.016332808035718096,-0.11798143489204825,-0.3277584500176301,-0.05533163754662626,0.01055361941105612,-0.0101443564075836,1.030017563431729,-0.7951173850833836,-0.28861041964731105,-0.5920095861908107,-0.07733799064572032,-0.012797725639903886,0.9879867122895358,-0.17562573677651536,-0.2951513669321696,0.7041393013536636,0.06862658068078696,0.05017807134521542,-0.6214998235597078,-0.6597618323242938,0.039582781938258815,1.0460317750771368,0.811007302003808,0.8606405722392775,0.36270216924881726,1.7818679881629218,0.03149871517049095,1.3184378705445696,0.4280295385809756,0.5911835076100138,0.6987169126900463,-1.9637149140425376,0.007260016316998976,3.8795436725755494,0.9173302972180143,8.971399667867466,9.783248885925023,1.0546265467874003,-36.50484021548028,84.78693482502028,-132.01816443461058,-79.64798981149308,-36.72599402648763,-257.57335195760845,2.1171480609043987,23.31897063306394,20.87141336795147,38.4274761149053,-54.44760730284016,38.64306399654503,0.17368342444858242,0.0
1.0743384333638024,-0.31794540503449226,0.6901929091246496,0.9358333072388174,-0.02285311283336872,-0.12327486024365615,-0.32938892684513393,-0.018180038105492083,0.012114440646383394,0.0006176298003544987,1.0196626678291385,-0.7754644888188487,-0.28826463991171664,-0.5625756515704933,-0.06631240850455414,0.005976330331184242,1.008447402287888,-0.2600091667571457,-0.2930044582432165,0.7443555523620421,0.02267067509722993,0.24923978822101414,-0.36478469131070307,-0.7125485530631932,-0.188407103307837,2.3210380367799033,-0.25817438987751207,0.3950741881060507,-1.2655102481438845,0.7165048062026943,0.01141882289282245,1.6860806318513109,0.6021007305536681,1.0926743935148127,0.7800029770567696,-4.646163197341287,0.11269758022621307,0.5288589887307011,-2.0145315574423277,8.49138242348304,8.202055626480398,7.106916679336424,0.23838734639087678,33.9324119313938,-23.164167319834863,-11.386220498301341,-78.89809285153915,-6.952856269291513,-0.8190650783176913,23.525374057928722,-0.27668201990601204,7.010438943358794,-48.30100661548863,14.995267037739719,-2.83995815874241,0.0
1.0885793763371636,-0.31804865688737033,0.6953721576154401,0.9345823331256746,-0.02863658764410413,-0.12598757927427617,-0.33145578638195355,0.02351122982532224,0.010276276406053518,0.0065052782756949284,0.9924229127273555,-0.7658380837999244,-0.29063016964942584,-0.5409602972745108,-0.04619089014201812,0.027784867756381632,1.050107415230032,-0.44188206912499817,-0.2898877053995015,0.6826717634053593,-0.023046450495421672,0.2695222035308519,-0.5851905970993256,-0.21582336199262803,-0.09973952560425442,1.8127329547562674,0.02906375733186675,0.1275504193492792,-1.42358815438982,0.4039561635396614,-0.15448192110035483,0.801422753078833,1.1616357794342906,0.7514117328672805,2.134321412204929,-9.195237214783091,0.14217222747222988,-3.429634397592643,-1.5465610448300078,1.1746431883133628,-11.654327844564087,28.797624378949134,10.337991443522839,-36.94126647635071,10.726711909484003,-25.22886532175774,-2.241293127328843,-0.9233546224454455,-0.1665518301665292,-26.052925993506385,4.6355336599430075,-61.01632265750737,-33.440334564885795,133.99640191240874,-2.882137438516017,0.0
1.1018769172881666,-0.31860526833305824,0.7004192477432009,0.9330700386203304,-0.033416633211170894,-0.1237675142959844,-0.336073256982578,0.05447317540603666,0.00873693944689271,0.008619266742911125,0.9645742861315151,-0.7575319672714383,-0.29380132491147704,-0.5352320665782989,-0.0200878646615958,0.0244043536471051,1.0930250778779356,-0.6236368514774221,-0.28750242836318557,0.6493005273312611,-0.029237086159126426,0.23901340949747185,-0.5815962645236461,0.265944103015865,-0.6664570724625797,1.2874031130582269,-0.18730456369682524,0.035896192208404926,-1.3237435690727877,0.4719407468215478,-0.14267451406983864,-0.0667992036752566,1.417440152405242,-0.932570844540943,1.7943524941728828,-7.9258474062229505,0.09766488690719431,-1.7593657057727086,0.01683407021886585,-1.5048466022320381,0.4554559075649659,25.227603438904787,-27.792541715344584,-31.530664906242308,-13.890735265313248,-10.238138392393237,10.359812719762463,8.45708615547078,2.5964548912666556,-37.030885536616225,17.41600971258594,-69.91056755485802,-51.523306430052784,162.72891100853272,-2.473604742597715,0.0
1.1150213921601486,-0.31870718294841655,0.7044242000861567,0.929600996138044,-0.03381861003268626,-0.11837340208196453,-0.3473989454131294,0.07391802793590951,-0.01440723463555616,-0.009574960676016207,0.9447627773135513,-0.7430773590097645,-0.295997220967129,-0.5501372983716956,0.006848233056272215,-0.007721040343210473,1.1372255361020187,-0.7477294488236661,-0.28609390617363617,0.6642900574506445,0.010540854941361826,0.17215996932015784,-0.2280676685476665,0.6480339050177472,-1.5912842200950994,0.8297750220255558,-1.7854578935082974,-1.4394970358217856,-0.9057139692257815,0.8366039504671791,-0.09144179049539314,-1.1390818841390826,1.467828184878767,-1.9184208317223836,2.1343281230936997,-4.985591057037413,0.05261505279671541,0.722715200652068,1.379406214568658,-2.830399063810537,13.538115021847663,16.7697215101896,-51.55154354869459,-14.773820530859894,-46.051203382924655,-16.96439018731682,7.582683848629407,13.454093147391609,1.795178556872979,-32.042208438834,26.470528669121236,-17.3318868357974,-36.67136294063755,118.36178858681903,-1.6345860799184497,0.0
1.1287033411804688,-0.3179294915671573,0.7076228722473248,0.9230071662340343,-0.028805044887576656,-0.11174513246648919,-0.3670709275326623,0.08502920548958978,-0.06537984654181117,-0.04866719574730286,0.9338757238501997,-0.7163661322759918,-0.29866173318022476,-0.5684114297287607,0.03660544395592337,-0.04869852433067462,1.133889497364167,-0.8107400422679142,-0.2866976737044075,0.7028788269722649,0.0592927647747015,0.14214467754236035,0.1652853748874505,0.880605794369547,-2.559695979509275,0.3397432941914193,-2.9071557191614716,-1.7517251536505762,-0.3082199749263975,1.700651044870621,-0.13538082555379688,-0.8639341062658211,1.591255099531021,-1.969766496995929,-1.3856118012764187,-2.3603470142941627,-0.05348234891451332,2.3655573233497003,2.085142126962951,-2.5457254494135397,21.701813656963225,10.340252630351793,-54.59519686844059,-24.179297528305074,-22.49261196290191,64.97433120131282,21.917410451695257,37.78220887120054,1.3404922197740414,-3.8678200837353205,14.978374285839093,19.75885096966545,-84.77535462165385,58.22438343013193,-0.26453597478948476,0.0
1.143677236378044,-0.3154436548288681,0.710438742516479,0.9143049298280469,-0.01665038816617198,-0.10610427518132441,-0.39052675024163297,0.07205032111227627,-0.145626430729235,-0.0938958460026566,0.958031260297062,-0.6532301780925612,-0.3015466607899424,-0.5643599598532254,0.05365206713385593,-0.07241502994147597,1.0244925151655437,-0.7366965772982392,-0.29232100957314605,0.7989130617991445,0.16753309448792328,0.11778800504128253,1.0468306105753031,0.9507920439024763,-2.7581852169295984,-1.1678918537871914,-4.572801423628207,-1.7705704336350758,1.8640798702460526,3.9984579004980074,-0.14469366008671733,0.6937802372783437,0.27768581422882677,-0.45856907275007175,-6.93426239049639,4.57677327861881,-0.3221604072473625,6.365608681778925,4.021489883137004,-4.090912029170818,48.159587122908235,-1.4809657898524224,-24.909998763948177,-38.51173533953045,-38.595945593730875,111.85145668631748,31.107522470545156,69.51012310810856,0.23224959993366917,23.887192938184448,-62.25776990981773,81.542389794714,-28.637229251993347,-52.88093453052086,2.7534039272311004,0.0
1.159251276122722,-0.3113707478395881,0.710509112432998,0.9097717403033239,-0.0008730420246016338,-0.10136917513123357,-0.4025405677398202,0.01300273680753438,-0.1991332452967099,-0.08611282461870123,1.0823792532398355,-0.6993460725137041,-0.2991101645601924,-0.5590804050783694,0.01704935955541926,-0.08658775900157928,0.9142252068926092,-0.4521603039675862,-0.3006779120291427,0.7789755142171517,0.21262533744717985,-0.05591369898934549,1.1858360408746955,0.9240500426291535,-0.6456712073459121,-3.3961120704920287,-1.276676015266969,1.7145192048946873,7.185757787481252,-3.303036776854212,0.19558818521106183,-0.5233932582922999,-3.190969474252465,-0.5643885130638936,-2.9352235740883055,15.695810295989649,-0.3405279148886812,1.958079553238653,-1.3332179809747422,-4.357304995961687,7.81405038013528,-26.825887077793087,73.38254838766053,25.762683067637617,135.39082183803427,90.68559731835813,-49.23086085617378,33.24056614115858,0.73589321855616,-36.051815536800845,-145.21728410654322,-41.01021097851708,240.58960799677064,-137.10971491143425,12.24661268351487,0.0
1.1747286503637768,-0.3086072239168655,0.7087707606228285,0.9107766406687877,0.009740040945456644,-0.10081330257207444,-0.40028454933830315,-0.040659858229505075,-0.18040107170165104,-0.04110193391734475,1.2036036186403427,-0.8347262430137903,-0.2947426537930643,-0.5580816130144025,-0.05682980841499876,-0.10739650707023074,0.871369624359528,-0.15562376371349088,-0.30309538573447264,0.7802590915996727,0.07479059945274792,-0.11177333355247397,0.8304706325951093,0.0996246215176092,0.6965821172369293,-1.9371837354465649,2.3310329158767673,2.109509197442288,4.7060621739030815,-6.6992068839016685,0.1959860182787267,0.659241492373615,-3.9984103656272367,-1.4315656083144612,-1.517971886625955,12.798930626701718,-0.020872921474506097,1.2101261359729127,-6.990980197505939,-3.0098796035330833,-12.284721661583525,-43.9885414911619,54.87750829414751,86.70706389869109,124.4489189613009,-53.33463650323115,-165.97708123012,107.10934655658619,-4.250544723531958,70.88764536481708,-19.639393023769465,-33.690363609502924,64.77379060188218,-259.20710387051423,6.670800884767284,0.0
1.1899209709801069,-0.30858966289909473,0.7068917975438026,0.9111622873151362,0.012789016736096833,-0.1039168789299957,-0.3985235369448337,-0.05156067757462138,-0.12762211598313783,-0.029063895483606262,1.1980005477884101,-0.9082870654843851,-0.2937814569380539,-0.5576811257896839,-0.08950109206702174,-0.0973560060121728,0.9001414587184144,-0.1147183287811687,-0.29605183608307856,0.7321391303163544,-0.039834253500844526,-0.08317943963207006,0.04461571381252999,-0.27217530898200354,-0.10900571870006469,0.03541802705556066,2.844743549606356,-0.604873577687637,-2.9192397236030025,-0.9815702179037264,-0.007384821373772367,-0.14519433760905176,-0.3116294506011431,1.2530314669438576,2.4298354276356355,-2.2782627602545378,0.41169232590327226,-3.8686234665355923,-3.241670604001686,0.4614085644345528,-44.311683811141485,-6.549495688267294,-14.993597812926424,25.850327811873335,21.040942581130935,-130.98813192126812,-182.36797339920548,200.66428713373074,-2.457994496821382,1.2446459422582805,113.7513074278251,35.06369685756184,30.696048685406307,-231.64603666691772,-4.6873904638848325,0.0
1.2035281405515548,-0.3090151469628124,0.7058697301413411,0.9106695331810395,0.009948087024837689,-0.10326310438992112,-0.399898447323979,-0.05865864025453964,-0.06508606327795091,-0.04734514098801187,1.1057098917214776,-0.9108890859137927,-0.2935679507683798,-0.5605363661393153,-0.08803701406643455,-0.07894915636811728,0.9389958921650834,-0.16975763529549487,-0.29154505456994684,0.6357065953087111,0.0016636606603662287,-0.03853656707409084,-0.5817135572791099,0.13650723662750458,-0.035168924994802675,-0.9430266234771318,3.25013287105635,-1.261220964713099,-4.99756467891967,0.1926672777348961,0.018300845946197807,-0.15591308983691154,0.29370943598568033,0.5641865045423456,1.4668635301414537,-2.5884648793013887,0.12592209953118094,-4.884312418187959,3.0869879351367127,0.4390345835380134,-30.654825906589263,22.593144770007086,13.457881386632428,-82.07964072622825,4.927159123478629,-43.89893533886529,26.808263451272783,14.919735308692335,0.41377832511303086,-3.438566703594495,18.195463044018055,-42.799703551033026,-53.50398457506496,45.188455261083874,-7.52572593897048,0.0
1.2161199408028374,-0.3084118894483176,0.7055587319601586,0.9108553787598151,0.00495828541238736,-0.0984479022465489,-0.40078161750925556,-0.07409807092901119,-0.004073129775581706,-0.07044812166902896,0.9614305211423038,-0.9024168662991129,-0.29338197873079314,-0.5625150552314202,-0.08408505916060495,-0.07317070575433694,0.9603369118679862,-0.21336212550598774,-0.29235501846924017,0.6161779874265085,0.06334785782953789,-0.016746556915432552,-0.7441959067793182,0.3757136174324498,0.07933113824108856,-1.1067897171325412,2.833519139842243,-1.1712477958868388,-7.43343916431032,0.4535896452305578,0.007395598534987355,-0.16479799783020982,0.120913704323045,0.055380937756051435,0.8179095320200191,-1.8061196326322264,-0.09228180954850801,-1.812708794637511,4.307321342944467,-1.3629189138042819,-10.789697913952077,17.238598808232716,16.700904763528282,-67.7971770867508,-28.913534234646082,-8.331455292079799,84.04846622497027,-4.966383473497956,0.022163686311553847,-13.833732088845967,-8.638973040887876,-25.360052904450487,-21.188812373147194,41.049108549970526,-1.1498664083257397,0.0
1.2296087786836203,-0.3072136290388732,0.7050226511978387,0.910181579551835,0.00014523931548302146,-0.09436240744414301,-0.4033177496855474,-0.08803066054333346,0.045544055097463294,-0.04398003484961049,0.8939091998218351,-0.8006176916482751,-0.2931572567762103,-0.5632528811766502,-0.07989071969692155,-0.0640435840372497,0.9804580433565865,-0.24905641410547427,-0.2933808211157676,0.731186145599114,0.054978508423137486,-0.012934439920719376,-0.47917890366027155,-0.029451059350373655,-0.42750809498708797,-0.20041676365180244,1.5646119429181822,2.0467541913360354,-0.48360274428064415,5.217294622883994,0.040755030828790687,0.19113022075203434,0.16634225060561042,0.7551252137248666,1.0310698512273846,-1.6911386852528683,-0.029617628543314477,6.573157130107054,-0.6430450821784754,3.2761724044326948,19.51148467543924,-23.207868304133388,-23.200022371109203,76.19186788271934,-148.52603129956023,-49.68197569002791,158.32178308302568,-184.4177271993863,4.798410250634639,31.900179440639974,-9.079646575493653,33.798830763296266,-7.0089726526919724,13.580601441277832,1.6819957493344515,0.0
1.2447823872401256,-0.3071639823472916,0.70540903725285,0.9069247472791528,-0.0037528126256661113,-0.09507660977930794,-0.41040694127038785,-0.07497387617526158,0.05827779520033897,-0.012504315468395179,0.8641038023066068,-0.5696838019535705,-0.29240073754632384,-0.5581762537128577,-0.056363975740909976,-0.026306039955667996,1.0142942764664318,-0.3272318523316145,-0.29245809196049066,0.7727129225976995,-0.042896669265700356,0.06334224239031591,-0.3231480904966836,-0.4133587256684562,-0.8785502888296087,1.2747871096558914,0.08296133819900928,1.2389118416242941,-0.25864228346082446,3.5856444771961384,0.13763398689977135,0.5588268864064964,1.7632577182737983,2.503133878193274,1.5642096694816872,-4.112556903654779,0.04582586248133698,0.8940042303726302,-5.209519428374367,6.8922636861933455,10.039508378831707,-15.92618067773372,-6.034366338093952,67.4555911521405,-37.153051896904856,-17.743641234093392,80.66374640953335,-758.984196566556,8.968654240829341,49.0401055067847,41.28615703873043,44.667702254817094,-47.06984009351176,42.7261554344356,-2.7272050103881655,0.0
1.2600276270765536,-0.30891384172575126,0.7073514660057644,0.9031042688475236,-0.007451108201519062,-0.09783141544331628,-0.4180624053036903,-0.043675608554429673,0.05669456073507339,0.007420250248595274,0.8665823487779964,-0.5780552394640524,-0.29188529507360195,-0.5499294515568768,-0.022391541924732875,0.014733045923343971,1.0709860822081099,-0.4952824614982098,-0.2909456184630865,0.7530890871784046,-0.12127614671856149,0.12905983551481198,-0.29248583202137124,-0.4317918247081307,-0.7337342725972797,1.779182893504619,-0.21756888802323518,0.6929847579345807,0.017503228111699645,-1.809298212055316,-0.03253423180084205,0.5523602388256275,1.40283623098638,1.041720139687098,2.79098491166127,-8.534118023561422,0.07562763990715231,-1.0761648815023617,-3.431871095129623,3.4734229767019564,-0.07073238159081319,2.843937302713279,9.856679661105181,19.13081352856184,-17.325164969971993,-40.496350299765034,-31.708688936866352,-46.86344928967438,-4.232743186465694,27.77519486817126,-44.487838447676225,-146.94771062098562,-60.94860766107719,111.10169893830027,-0.7848186421220673,0.0
1.274883198613103,-0.3114292598301608,0.7099439051015087,0.89887019097918,-0.009731558495284391,-0.09931403996672891,-0.4267017670502351,-0.008999569911911521,0.048431521317712084,0.019227028901499462,0.8630269067120265,-0.6138831090803255,-0.29394272203519634,-0.5419451764313127,-0.0011849935412803411,0.010698032551883178,1.1099582364308727,-0.6655793016415146,-0.28888867655671663,0.7326266157056273,-0.1265881422876817,0.12680412909762342,-0.18551998099906528,-0.10457675661848478,-1.1106463197983596,1.6441420449440127,-0.6098590559290515,0.4287145126398427,-0.3489590558332941,-1.5220942509404667,-0.1222954780677751,0.21068208958822007,0.897871731445807,-0.9768946229124856,1.2633366462556532,-7.419410198136092,0.10047329848950881,-1.2088075583365545,0.0965266081928704,-0.6479618664654595,5.182281924892191,19.074486636138932,-20.297592421403433,-13.589958880813935,-24.36734702844525,-22.882889630840545,-18.239983914183586,40.95738813432097,-0.05066562861469315,-25.357051367208825,-7.812541933034417,-65.11672272974893,-69.95515649769516,150.31683890495032,-1.4388453462585167,0.0
1.2896740788721326,-0.31344431848014265,0.7121616782044484,0.8931360077073592,-0.007669989753415725,-0.0986356418052754,-0.4387712993797624,0.016086318739006938,0.0141575271803029,-0.002184180805840581,0.8617470078947679,-0.6293955796972982,-0.29530538840403386,-0.5410186531913278,0.012147122348161662,-0.018433569548980667,1.1133596031976976,-0.7570065934946918,-0.28709851253123525,0.7450165744429026,-0.08397763475124605,0.0935494324111016,0.19736093864055462,0.2685545380234995,-1.6267667149516454,1.013035691010405,-2.279978979287337,-1.572394915614225,0.03980250934925047,-0.27306662197084847,-0.045434240399230316,-0.14119362557100945,0.6629030001794112,-1.5895990578214658,-0.4184676168270094,-3.3484823838361617,0.07612908189873012,0.5716852397131892,1.5638073572495843,-2.2259391224267198,17.863633771232458,17.814678703875263,-36.22461959761874,-24.11362797473429,-36.198309864578874,2.5014173432175113,6.717501408673512,48.781389161789726,1.3162801217397526,-25.017420039215196,12.082373120879108,3.007245705720667,-43.30532159652649,88.9216091406044,-1.6580393587815019,0.0
1.3048458926038755,-0.3142454220491086,0.7139994699500648,0.8866724729506731,-0.00045781709188717713,-0.09696036305708625,-0.45211768834108623,0.013736243798817709,-0.04478255226256342,-0.04488943668969292,0.8950376832676937,-0.6072892907557659,-0.29712967971652066,-0.5312015895093396,0.022312471440888902,-0.025136285597831196,1.034733275567382,-0.668833441572166,-0.2884767624315112,0.7733855755141729,-0.013337635134820794,0.08091194049364606,0.6315512554781841,0.4925218068705616,-1.55279592139798,-0.7142094630217147,-3.1540302017752673,-1.7673104836520415,2.4050611268277136,1.910240442737268,-0.10780551341245152,0.04461298619755244,0.7007595709194373,1.8063748934738202,-2.969124920045517,7.500260839507896,-0.08181422135596211,1.7718294725398502,2.021170404432678,-0.5344622313264393,18.022101357234522,4.065054742628373,-0.320079390426419,-40.41711255235256,3.2729727636080512,87.00531503634623,36.37373253745874,71.22644015360092,-0.7092425141885066,-87.08324820287963,6.7547206026767235,216.4184443681646,283.1520349526566,117.03333983383197,4.614173812715974,0.0
1.320587958163824,-0.31424112795689974,0.7142767314760986,0.8834916127090192,0.007371803077081936,-0.09650584024280995,-0.45833922981918107,-0.014190422990748982,-0.0954456756162785,-0.06994250776936779,0.9957646144551248,-0.6905552447976518,-0.296463778442071,-0.5302109936405343,0.006097085715123298,-0.0018569763856479847,0.9763835038121093,-0.3732767857469358,-0.2926135093765445,0.8147097988386661,-0.011153184849840094,-0.030257594162581197,0.6433395673083108,0.14406563212283222,-0.27806785544535306,-1.2920987055808724,-1.9635063359104368,-0.6044710318406947,5.420607465236919,-4.907715783951271,0.07624348952248573,0.39269505721109527,-1.979015489163952,0.4178947278390117,-2.452325167707629,15.026567757104768,-0.21439757736716902,3.7848503732984753,-2.5623213569951684,-4.283593017197131,5.042968497651651,-30.31585006064684,42.722137967214444,49.889963821299155,66.74567184776875,77.27775622020502,-58.850633300656014,63.36276225205181,1.0099571467877504,54.45582247663044,-113.9768716197137,-82.83035050651253,61.18280536629213,-206.3892500895609,3.381461937930559,0.0
1.3365540548858814,-0.31513708214884967,0.7133644663937768,0.8846465233813313,0.010741550439368013,-0.0993391528475461,-0.45543043428718627,-0.03566346357577598,-0.10854319924602332,-0.07077220300765609,1.093704775081709,-0.855504498896062,-0.2933837252843652,-0.5188211999341583,-0.034459361293624466,-0.00015984964532857063,0.9641952724849804,-0.22559095971925,-0.2950905191193622,0.7658963907998476,-0.0700890053392594,-0.029209134455781598,0.22038720845060922,-0.2308430820828358,0.6307600972649761,-0.8423061984747823,0.48302626312067865,0.24209223361400073,3.9067418664404734,-7.94248702224375,0.1599305363200399,0.5438541910597381,-1.5400939659148225,0.13648401494806978,1.107638382053382,0.16301652851356652,-0.01391230672189806,-3.5556912231419457,-2.2856027618368198,3.537620784493761,-26.740609167833497,-15.55089965576807,35.63934380928408,29.095796648065654,114.82875325599016,8.832445836855968,-135.8022468500471,135.35515888584177,-2.113357807934277,17.478574503205447,43.08944850934048,-7.762139181073803,93.51229544136694,-479.31067144972224,5.14993002081274,0.0
1.3512482368207368,-0.3167123589437943,0.7133565701336259,0.8871819030756672,0.008951862535636604,-0.10066729768093055,-0.450215759597329,-0.046379259997461446,-0.08876301807513773,-0.07668834269670544,1.1121238198878343,-0.9240322826843931,-0.29171821758876765,-0.5081614101532278,-0.052475700721050074,0.006081694731565881,0.9910493437757434,-0.26882302820891973,-0.29381323909449275,0.707730454756295,-0.07684938755952232,0.015633176686988732,-0.2727407093040387,-0.08018637941605809,0.6198436735015499,-0.54777662247836,1.3592909942496363,-0.7241635397472377,-0.7285132294357686,-0.49226017826452334,0.0476326585889182,0.553720329785381,-0.5550130097259354,0.24793571001042874,1.2007381571429423,-2.797666267354333,0.07337201956261037,-3.016796752740845,0.8177020957643717,1.0298280738960028,-24.958304245697775,11.849936574093459,5.672934536417148,-18.096918281034533,37.854002267697666,-44.93480367252042,-123.73063256977235,174.9022565591026,-2.3484387768740675,2.615405207225705,28.03413535391801,-18.808289299964436,-31.804824923208265,-2.3521696718689302,-1.4165626000657074,0.0
1.3647022590887146,-0.3177229111189728,0.71386497505565,0.8908112529351465,0.00462217322715696,-0.09699498835351322,-0.44387601804228466,-0.06672599361024191,-0.051129767005984136,-0.09010081667619195,1.0752109147510227,-0.9189284793400668,-0.2910996287478415,-0.49935333829760203,-0.06239199324383967,0.003420342385217409,1.0066290783233367,-0.3179448935934421,-0.2937884581664371,0.6466019133306415,-0.025424267945594818,0.02577401612891541,-0.653900870143269,0.38083019565397036,0.8966301177835998,-1.5059160761872357,2.1767603450721436,-0.7202446480504794,-2.2591575907885075,0.49217763738361797,0.022315203668409667,0.31978038667544134,-0.44946968608439763,-0.40971049863789855,0.4672693664406785,-2.0650269488452633,-0.024672218447752053,-2.5430679717272193,2.9999059736947666,-0.5009510309064611,-17.023270571203245,22.188232279998978,14.049808361443997,-59.40505217866835,21.356623992233615,-12.099078484148883,-11.56576872980221,5.949208835412777,-0.6624186340011512,-15.125535271189728,4.97569852100606,-27.066719316426468,-30.21680774596264,46.50087493262338,-0.9981184696537546,0.0
1.3780420841256718,-0.3177598879587375,0.7145356953575914,0.8943901685305058,0.0004110134073456027,-0.09054456934763955,-0.43802709786679017,-0.08887522026436298,-0.012710639075378637,-0.10143888999244054,0.9828851813404313,-0.9075116619205646,-0.2917875765333765,-0.4939050219864247,-0.07097809796658269,-0.0013427262668265303,1.0129991965147211,-0.35132841157364264,-0.2948014644458187,0.677467434490843,0.02628020023861765,0.023739866779545066,-0.5933386004048053,0.5042768985323066,0.6511377054615878,-1.1641619290944625,1.6555700160866915,-0.5497981573008373,-5.240996248298626,0.5275967019455142,-0.04796329285736217,0.14765198584598543,-0.43281198211987076,-0.16315751049976937,0.2678682840277051,-1.3956586432129698,-0.05359707166073648,0.850528768100236,3.640385256546011,-2.1180407314531826,-0.2998378857527176,10.749508509806958,-2.9756442995501162,-30.932508004370234,-33.26032704666308,-5.209367551550141,20.145985973383304,-9.972491996934854,0.17034565232345356,-18.609240865737906,-1.3379403900590854,4.631165634825033,-0.5612121954916962,25.769846441589927,0.6788613766158149,0.0
1.3919701631015964,-0.31705886403902034,0.7145385613149083,0.897038241628725,-0.0035066324013922076,-0.08359459072925947,-0.43396087494802266,-0.10928761254649122,0.023840657139024547,-0.09094736318462994,0.8891600208727107,-0.883491746202221,-0.29242730325407734,-0.4914190873256324,-0.07767463058062257,-0.0023259971647612175,1.0194573118871895,-0.37602608836116524,-0.29523079903278193,0.7168782156594385,0.037339229700103276,-0.01946814042159538,-0.6429396791167854,0.41490541654916646,0.4413957880494016,-1.1854228290359778,1.9416271731638295,1.7323961710298816,-1.0284473313711662,1.8311882721574761,0.004417254054723845,0.17045389933882757,-0.2836290252835729,0.005999603703730927,0.364811138704147,-1.1591396938070904,-0.006600130139673274,3.5703799998483996,-0.5548084737550028,-0.4389536410062,1.8616869157992486,-13.240253890884958,-11.129368398710136,18.64102803849287,-20.6697396182265,79.63568051382504,366.08289365478146,-94.83523153817735,2.869648792360383,17.953129587491688,1.6826074126045003,11.13800909875685,-1.7060721453872565,5.954394494784394,1.0576271525368157,0.0
1.4071197407737221,-0.31676775073206986,0.714806510762645,0.8978392164897718,-0.007553987483760374,-0.07912342765547405,-0.43309024671790564,-0.12174245480577699,0.054168526071758795,-0.050600206002963555,0.8864081703197976,-0.7928113420137838,-0.29178936988687004,-0.48268507054905496,-0.08007944402473535,0.0063088929486983525,1.0242488497364728,-0.39562233124175744,-0.29431354607830196,0.7919331221265296,-0.002611010287132483,0.040517830178580364,-0.46638666174472887,0.09313051550348043,-0.0418730056358223,-0.08473918875116726,0.9601344171792843,1.769571158971313,0.1292727702256536,4.518624557577487,0.04238399872155674,0.6646823775524743,-0.05052432133806004,0.7208860929811058,0.11796991401110615,-0.875610883400996,0.055270333483601615,3.779392845098654,-1.7000580412673174,2.89133560219895,9.307437456786392,-13.553429652361924,-17.011410320820683,61.49481093790131,-73.52454030759911,-53.484093207338496,-2.41192900693909,-78.08642415201265,-0.605247222794822,24.38561761202728,3.887014099447363,28.19530704979407,-14.503597390012285,8.5529689959167,-0.7160819962396058,0.0
1.4233587151797198,-0.31711626365801926,0.7158736865872319,0.8963410053348937,-0.010847674671492882,-0.07698870296360041,-0.4364949824745247,-0.11259639251738038,0.05168709084688932,-0.0357124469093107,0.8588145639758267,-0.5801277828246685,-0.2925566845387141,-0.47180489335418735,-0.0633734432047955,0.05111537923513618,1.0300395248841008,-0.4068079160074454,-0.29199965792961163,0.8144655105270341,-0.03777781139984376,0.06171029317990732,-0.4325651558960209,0.0153036509074467,-0.4548897206956924,0.7338012563355298,-0.3851925803141126,0.4583657952336916,-0.5621369954133685,5.052730464348744,0.029169653259950346,0.6263481353219518,1.4685876459307805,3.2204569153997245,0.17690508158560628,-0.4649481950846871,0.10457288286651976,-0.43888212755674655,-2.4640305996296057,2.518998922872512,0.023179646871288005,-1.2759705249786528,-2.329402772911003,21.05937969595983,6.345723245967784,7.253055668903871,138.53410170260608,-881.2890271378627,11.223452523761175,16.71859859880349,36.07084964910969,55.838957877770355,-21.58115007692328,13.351454630473768,-3.0642433866488674,0.0
1.4393263062551158,-0.3186325716570281,0.7174237165035621,0.89300965333812,-0.013722784189676483,-0.07539405611268743,-0.4434649710426872,-0.09366330264770535,0.04003754053638769,-0.034104515190382025,0.8633133246497949,-0.5683765235562998,-0.29158455774842096,-0.46820504066230256,-0.027807253154818513,0.0971112141174314,1.063936393915538,-0.4938899596362324,-0.2891520398940284,0.7874759067683462,-0.10697667881062717,0.09792471655193886,-0.3607908949641904,-0.015441195467565658,-0.9656669196562419,1.1970499889123145,-0.6802631714751115,-0.10153965539304739,0.30144175111174515,-1.1439131123331903,0.030650050256911466,-0.047737251129389244,1.8944150509654412,1.2976116015628727,2.1874249482199466,-4.586856067446349,0.13587486767962176,-1.0425837943648424,-3.3870519756039745,2.5693320898740057,1.8191247482143529,-1.3751853964555019,-22.857899129314596,30.923062265044866,-8.519864492923345,-14.535904279637066,-23.04601106371402,-81.094162036326,-3.0763993519591804,-16.575620149503656,5.184193050455954,-122.04340169122204,8.808134595451309,74.41207337063004,-2.399009055133104,0.0
1.4548376541601757,-0.32087585421103143,0.7187563623813575,0.887051960447445,-0.015317575158748752,-0.0730724103392133,-0.45559259674057245,-0.06845615257725832,0.017356372305730162,-0.0538596998179495,0.8681453718688028,-0.6012413561834553,-0.29063514838812143,-0.4850812291166712,0.004852382262897272,0.08856873164670713,1.1260204599571777,-0.6619414683033116,-0.28652883945441115,0.767399153984044,-0.11854083223205265,0.04502090034915904,-0.3661117438171657,0.1977550316624971,-1.6935465500836078,1.4902004056666645,-1.4453780192490255,-1.6508860969814962,-0.16035252218403778,-1.9057428867614032,0.032554825739617405,-1.3220176122544556,1.6310130846737272,-1.5038996933140165,3.0911876492631034,-8.123086668942108,0.11277982275896467,-1.0456864998589137,-0.8891684590856183,-2.158537484127956,-4.637317957264948,9.460669188826888,-43.065134022411755,24.146568784782048,-14.2193142293196,-33.61656854414143,-46.0157872356979,-11.316204432235951,-2.1928811342162278,-40.08087953371392,17.10634317471588,-91.3036032699595,-46.237897710914126,142.7084886779916,-2.5408140047621943,0.0
1.4701638909084829,-0.32314968568729485,0.7190217858166259,0.8779319704729239,-0.015302662838069962,-0.06912403104906749,-0.47352207135794666,-0.040891337848530517,-0.021571140784733035,-0.10270644784359165,0.867834541840153,-0.6337893100207801,-0.2907109338355695,-0.5181777848667222,0.03556836790886137,0.04192427646667772,1.1768828463710954,-0.7957382918237944,-0.28614328570139763,0.7652213724735394,-0.11446801925989734,-0.009849948765371742,-0.3017447644368101,0.3866796557048193,-2.309456167417065,1.326869372510623,-2.025613501623707,-2.384133111500715,0.00797721336120752,-1.4033041744594144,-0.02030514090124052,-1.8157058308501721,1.6741555429624027,-2.6591633209553818,1.9029574895821988,-5.501192886710231,-0.014936638419600405,-0.0736707735356499,-0.35260955735996224,-2.45639626797684,2.1478548515290328,6.940142275477893,-37.62671145464091,-5.086377453798244,11.715576396591977,52.79312491695946,-1.0265028945623906,24.27938650455108,-1.0135469881760435,-10.586720965887954,29.142391004825615,-11.752695600607172,-80.21033262271438,122.89821312276267,-1.4713759946677332,0.0
1.48586364723427,-0.32502233689318555,0.7186819873691919,0.8661857506742381,-0.01251651235710895,-0.06459215156196602,-0.49537201798639796,-0.024060651499010047,-0.06969205833384548,-0.15004085031156364,0.8813248499031319,-0.645842902334189,-0.2931035832165488,-0.5457292576265222,0.06295672226487867,-0.010885385479124371,1.1559720446511212,-0.8406451099463503,-0.2889334683019964,0.8054974157540922,-0.08022066683078571,-0.032158503023399176,0.028677529770893287,0.5443800740281309,-2.7103291792938764,0.5420080373836577,-2.5210959673606355,-1.7737777419741012,0.9982999203205792,-0.09345780234015022,-0.14361968421574764,-1.189971509585458,1.2506646207257552,-2.3508032442832714,-2.5079328773375447,-1.2336123906654342,-0.16288146443815874,2.6763250477681955,1.2115868514554102,-2.3648904699813387,21.396954236354038,5.175626264244472,-29.421342076912847,-26.46667658372936,-2.398892641694081,99.64853907678344,20.251978473231752,45.84098861657307,0.35979481626629173,7.88683712904659,-6.075710986377456,49.42928461056694,-91.55050361211396,46.95563043772263,1.3808533098555813,0.0
1.5035298569317113,-0.3257163639517735,0.7182338915891631,0.8530923028396072,-0.003707467994724165,-0.0634368099049914,-0.5178759973835062,-0.03317634991849046,-0.1429605498234493,-0.1862236850231683,0.9364693422680637,-0.6116293101951329,-0.29838361515221906,-0.5403898559340494,0.0743504290441174,-0.023929768227816034,1.0058167738300803,-0.6544330961253005,-0.2967131157605906,0.9513018981150518,-0.008251138716803044,-0.040335167937919386,1.0068700701522255,0.40401614635592337,-2.714072801649826,-0.9569401563064784,-4.276878571997443,-1.0825966336875052,3.488826144275394,2.776005233432116,-0.2885139059806351,0.316114956040475,0.3041543532874683,1.6259263431210227,-6.779991945095922,13.058677150795981,-0.37755406946189146,6.493749491240615,2.093203931035135,-2.0996024796475306,44.969492230846214,-10.513265115061174,-10.354742326753444,-34.863062740606914,-33.77758923734002,123.62509700216894,27.191921879189895,93.77471702268183,0.7100830797775164,-162.3537843260074,22.55409648501046,392.5220170001725,697.6034758357079,486.99401557630426,16.578099812846247,0.0
1.5228831122732733,-0.3257066286791528,0.7157459854861975,0.844351245561023,0.00724196525834924,-0.06738548599869651,-0.5314863350411418,-0.07548406733130852,-0.18815922835296994,-0.14519424115625995,1.0750991695465972,-0.7137256459736032,-0.2984752810212656,-0.5414775201917305,0.038341902413717315,-0.00436181535541701,0.927926294590858,-0.27494010532422114,-0.30357660983124335,0.9826844802373046,-0.024710795010938095,-0.1632303248712851,1.0741443810972242,-0.13398801612364517,-0.9845074392878096,-2.12704092251498,-0.8587218522938741,3.57724671581095,7.473533210409992,-6.104192697740139,0.089829753916555,0.02694105205563002,-2.9401520530557352,0.40019010468493765,-1.3353600954946487,14.689852652991803,-0.18385267739580813,-5.652131397298376,-4.963922581036114,-0.10050730803232785,-26.326170573904186,-32.69047266562132,57.58483826852435,38.518945539698166,196.88716020411235,102.7931938500209,-61.40624001337303,75.54547648561814,3.107270845925701,-87.43793036282686,154.53168297217866,124.54062589203741,660.5332092786746,-2248.31886380695,60.67217859621302,0.0
1.5402911151363163,-0.32761998491326205,0.7134827184871682,0.8439049655858939,0.008854318312494454,-0.07355701109458991,-0.5313524030485999,-0.10760687650156103,-0.14045052288433404,-0.06505114665354612,1.1718353175337615,-0.85115790058149,-0.29568934907405664,-0.5386164077391556,0.0008100144768221911,0.003602142827428466,0.959593699893035,-0.22697543645833965,-0.3019866688807509,0.7905612015308546,-0.1412961030009072,-0.060837897295362355,0.003948108979064349,-0.6652249161340196,0.8259698827177617,-1.2576017929560275,4.329505192973885,3.348135995376498,2.9368263681721545,-6.184392306063407,0.13691920300159213,0.6200769480990267,-1.4827284276831243,-0.06381076326668203,2.3195787163936923,-2.5040010901589698,0.1376814473807801,-7.743256040793737,-4.157546463427609,5.9365783952167535,-47.47320996060277,-23.80425893043894,97.3770709851695,26.2403033842182,160.2873237596811,-138.00158634172672,-185.646369946252,117.90580702106789,-2.258816945540355,74.45983683747083,12.663068571898105,-78.14130705797754,-8.509882205588179,-253.9042890025631,-0.7794314986191866,0.0
1.5552657776835226,-0.3306363203170917,0.7132372312258828,0.8508487923573966,0.0020625005134071715,-0.07731121884901984,-0.5196874580703961,-0.12986600869141912,-0.050754318143331395,-0.036829587826747195,1.156539907851169,-0.9092430643480548,-0.293972129651648,-0.5184237304621172,-0.026703140380053243,-0.006518495103158476,0.9973398134292942,-0.29832435199641527,-0.2982043720857141,0.7160734225795111,-0.1460253286203442,0.010205906579917098,-0.5309163830674564,-0.5278255445262173,1.9315738014618071,-1.3981513680855255,4.425400111757995,-0.1482184306167741,-2.7228884031254967,-0.5593027667159333,0.059653941560215154,1.273376253695348,-1.4021023751910957,-0.99708750693846,1.4065790695174174,-3.6399442018872437,0.17837259104344969,-3.366336315861333,1.3728668420985934,1.0056846721842703,-25.7642105412877,12.619915120802402,59.03456659631722,-58.12553369420702,-18.01521408994859,-165.74539827198134,-137.5328800752963,142.86820126034104,-1.9014761675492013,23.286605852980095,-7.884032459217596,-59.8157026366526,-55.156360605467455,32.22627621783364,-3.512128974583444,0.0
1.570059689764435,-0.3334694318658441,0.7147574284929601,0.8589300305550914,-0.006589105010655545,-0.07808192497244665,-0.5060622484422093,-0.1379613048829942,0.018843205437144298,-0.06000887969955786,0.9969296713303698,-0.9078339577969369,-0.29398084610932596,-0.4874452074539224,-0.04772994527291257,-0.020614386555288224,1.009016898576551,-0.3585673705572144,-0.29589847938331926,0.7468197379164704,-0.1153184602234508,0.09180289782962138,-0.6911883985965629,-0.26816329781160975,1.5392883551437715,-0.3504223069760484,2.7955128221042522,-1.9027843579280348,-9.782350523230123,0.29033145449814296,-0.015668612547939022,1.5013159183067626,-0.8343423441126891,-0.6418637944968446,0.12586411077104087,-2.453608809007606,0.07104523881957832,0.05997814694517495,4.4100125292967745,-0.9427653185651772,-14.108109061506406,27.349879241191132,-5.521756944010606,-47.99665182541632,-67.41415139338002,-75.57533215574374,-17.253735471406287,7.992746243894195,0.025703484234102347,-24.214000088368838,21.08435390570398,-2.130554210987879,-34.213316224448725,60.601882055338656,-4.027859721278482,0.0
1.5863663270202808,-0.33559726515463334,0.716397048428668,0.8632994640864254,-0.01317509700569671,-0.07810724898248415,-0.49843726765097324,-0.13426925622141844,0.05917868610035925,-0.061547311199923925,0.8537072194056915,-0.8366508340388711,-0.29384140183020746,-0.4595679852144412,-0.06018790535936611,-0.019691504035088167,1.0130281756447939,-0.40132103080242165,-0.2944969312298902,0.8748283598548436,-0.10366330740072378,0.09100486549269447,-0.3161437989409279,-0.36431745809477545,0.4797440101758478,0.2110166920577078,1.2068433542353991,1.4430238911862194,-1.933118098173413,4.675506812985075,0.05731832438814086,1.407349686465311,-0.5693087084499268,0.5526462273006404,0.1567350106780489,-1.8418312605027012,0.05560247089434979,7.10477437332018,-0.20029284108501963,3.84740594870822,27.0212239943396,-9.376437166342493,-51.11859266070431,34.918873153143984,-140.500528726977,33.604075600055495,379.1837979248871,-213.17914066104603,9.803396973943586,12.312588060753997,-3.986227576724403,58.40672478499496,-18.930029252769856,38.606012946847116,-2.364425715094089,0.0
1.6040420627908458,-0.3385043277823727,0.7184257881660961,0.863671535008041,-0.018279268839246014,-0.08082627436212089,-0.49719660228152734,-0.12073433740372273,0.06554010973548666,-0.04055826887348273,0.8031693064230472,-0.5142233350610542,-0.29436256094028007,-0.4305236788956712,-0.05311553863972158,0.009360537890460454,1.0239010462214693,-0.44602960212191756,-0.2932010561638459,0.8840725868933477,-0.1784410778608966,0.10757236936789603,-0.31237492029560615,-0.5546172802107052,-0.03181934380391028,1.0481833241457121,-0.24966998368006058,0.5994025690541804,-0.9668031843043581,9.703375049508306,0.0373808007538082,1.5075192438623142,0.923811016583983,1.7479999569697249,0.6028677792186494,-1.6047169623968165,0.056843590946828934,-0.9657660098534214,-3.727470702065287,3.42424377381172,2.596814389105401,-5.298786617482333,-15.848910600138533,28.312819405929176,-42.796176581828554,-31.330412082749696,289.29398563612216,-1515.8434737527696,17.113268078256898,15.98141494592915,44.968171053143514,-13.222856803437603,-37.2239214100841,201.88313884230095,-0.821959237659871,0.0
1.6210142863889894,-0.3418817891332974,0.7207867980440875,0.8628137818328032,-0.021298298446127663,-0.08220782636905641,-0.49833787097344867,-0.10566796513989145,0.05408457828889645,-0.032890202931479776,0.8152266938117265,-0.4807137680589691,-0.29227830759332557,-0.4186123235280417,-0.03910040379404118,0.024061533785896663,1.066429600683102,-0.6024789995552383,-0.29155589904248214,0.8194967086257683,-0.1678372494576772,0.13784859799511995,-0.1531964174722799,-0.07394521995374363,-0.21746282074814322,0.7177513141965156,-0.6692454237083632,0.3506767829407576,0.8742627876824298,-1.5122671813364525,0.09282455731004972,0.043406485008361015,0.6375792776493665,0.006226473724670556,2.4861570250633465,-8.13945690470199,0.07912185991500995,-3.167247436111003,-0.28616988730977544,2.7200218710914315,3.2077371363115312,20.427224499952054,-11.617355536758321,6.358660799430333,-3.7080832109548103,0.6025134584950698,-24.64431950727158,-157.9766055470268,-4.081882303271806,-47.88684176254565,1.2576451584090456,-71.02285809679071,-9.866256222881157,127.1796929516481,-1.3733052371078491,0.0
1.6365289061740624,-0.34507578188177973,0.7229532435952624,0.8608470298153437,-0.022056227380882375,-0.0794928032166243,-0.5021322617882517,-0.09758558977402339,0.04285695022445187,-0.02733624384325179,0.8368469900563933,-0.5242103932992123,-0.2900779957626305,-0.4356650857579763,-0.02024956420486072,0.014407253046261736,1.134811375146319,-0.7677623841697427,-0.2896041283554463,0.7438788377990971,-0.159835730453557,0.09579551112983535,-0.3197308193371938,0.3581506204243297,-0.5582304695504571,0.2917429003462913,-0.4496619529176292,0.24093315255504652,0.9631110807084186,-2.214849055338551,0.0944983369629875,-1.3062585569972829,1.212594693627819,-0.8512382925392887,3.403210944445347,-7.18720490431739,0.0910901184397095,-3.2072833599733217,-0.46104547609246427,-0.6710587407133141,-9.868916123412314,15.634044678717451,-14.608067728028317,-4.102338846027057,13.073547806109472,-3.330657041032097,-27.725154554613034,21.69844295076156,-2.858029915943417,-31.39843513061708,31.034315037416608,-36.830324430109926,-50.169321681442085,149.44769686348212,-1.6891795964291307,0.0
1.6512103276142387,-0.34847943723315716,0.7248212099469005,0.8577909441940347,-0.022249888273169136,-0.07455631384852714,-0.5080757764308949,-0.08840643531048606,0.026178467883234205,-0.03874652714814737,0.8484164478896759,-0.5606996707831003,-0.28796572627813743,-0.4622272944428271,0.005005163598050314,-0.0107573575829038,1.1888204379657925,-0.8847823022217675,-0.2882539359991607,0.7282769101073708,-0.17937452688622266,0.08956486981923927,-0.3250527829419634,0.4348896436365982,-0.7750208677949479,0.7026079343948752,-1.1340390181622928,-1.2358932232455808,0.09557060419753173,-1.6273611918748745,0.08759405082430276,-1.316501878847989,1.38690341923732,-1.4353683284117043,1.9938407869679369,-4.057433624849391,0.05082851338584346,-0.7647858882869765,-0.8776773002890681,-0.5170144504943724,-1.7166309366341417,4.097186705019507,-16.789721938289972,24.81921976957473,-18.386406735167906,-43.60659142928222,-51.20895258946684,18.867477170027005,-2.8834630247760598,-2.952310144573933,20.726736761238318,-7.953520500537512,-86.04686720207253,525.4663080689381,-1.7555209337315376,0.0
1.6657930077895133,-0.3521547373669814,0.7264951300985275,0.8532911565871247,-0.021632678329864593,-0.06924921382040532,-0.5163630270495155,-0.07176222554587285,0.00043888151154957084,-0.06675346711452135,0.844223822288453,-0.5870730952461637,-0.286917687279686,-0.48592779348344434,0.03241774088059332,-0.04314346259517134,1.2019420177254294,-0.9071773470626338,-0.287767961195993,0.7304053433488871,-0.18627908399500837,0.07321015704589695,-0.24545233864404817,0.5067336092609708,-1.0794584813315458,0.8843198732417614,-1.2917060539433995,-1.2260591200651272,-0.3865290285429749,-1.1038537594703037,0.03097212000473149,-1.1381003809051342,1.3995748250719355,-1.626973654336707,-0.13031262408467023,0.07670621081632853,0.013670485971379749,0.2311514693898002,-0.17031202723428732,-1.5993503965293108,5.956640325449555,4.217857145791191,-17.1092341818116,1.0420972515931857,6.388180065892573,38.96537256888681,-13.188992909053646,21.08218664486966,-1.855510752928141,0.6185381587499645,4.923931460275114,8.820871128372206,-63.57179298103782,64.41645419956193,-0.5867294427744827,0.0
1.6806436237235798,-0.35590243323963483,0.7278034080510586,0.8471378957731744,-0.019249982198529622,-0.06420545651368807,-0.5271285261529896,-0.05218024318026802,-0.02795197670962148,-0.08922516430101332,0.8315573551850637,-0.6048062950604512,-0.2874618227149287,-0.5044774547513161,0.05685859041352129,-0.07695857960949679,1.1713158696262953,-0.898949768937467,-0.2885121050937596,0.7532624394027344,-0.18507113622895327,0.049678692470107436,-0.041896562315286615,0.5722739358982352,-1.3908167492739987,0.9676123191603899,-1.4680237351336336,-0.8287102309580007,-0.7226589541975487,-0.7309709527769924,-0.04738479491119597,-0.9105432793138898,1.1116156129181596,-1.5975097768364777,-2.102432336126239,0.4799983934593869,-0.04869175334123663,1.2893271368807644,0.45872020225602544,-2.404638281911419,12.87479913210479,5.004593519506956,-17.097135758744958,-7.67462779780733,-2.56051490954837,45.46452913204063,-1.6108186175768884,15.684511310764604,-0.7506144075531791,-8.699895876166035,-10.389016468863321,20.161124850439798,-21.72651802667806,-3.1395583567022007,0.2617570262002232,0.0
1.6961406940901131,-0.3595839259017705,0.7285322147052105,0.8391792017681265,-0.014394616852145823,-0.06019402346293354,-0.5403218872716821,-0.033834087353618474,-0.06427729365456022,-0.10972065172133416,0.8197466021408427,-0.6132568016173896,-0.28978623944282283,-0.5162740044901087,0.07638338367385102,-0.10560747583122178,1.0973864393270578,-0.8888429393861206,-0.290613771435388,0.7950883656011531,-0.18016306262444834,0.013519804091321329,0.250220596614641,0.5831404152022234,-1.732820463989649,0.8226746844868781,-2.0116538489530953,-0.840985548767737,-0.4579261150911597,-0.22041995220378208,-0.12928605767039816,-0.5702074120458334,0.8590811526124597,-1.1937535131941792,-4.097505389271426,0.450758262465434,-0.10973622630933783,2.454612472241499,0.5837872366382539,-3.34021706003328,18.82158773466694,1.9640748638157952,-20.896630251040417,-13.789633832843897,-15.870724406800914,43.144392698929906,15.823436800909725,18.734475476133785,0.7519709090246172,-14.241906371159875,-13.99067826998402,32.587697693370714,19.023396638047046,-9.50983595774661,1.5182414293389885,0.0
1.713282532678379,-0.3627766394090448,0.7286537327171294,0.8301344384530446,-0.00514829082936775,-0.05989311876709523,-0.5543131998429529,-0.0318240286945635,-0.12142380519957092,-0.12891959094427347,0.8394160751892792,-0.5935560886706751,-0.29370973738747985,-0.5070551787316568,0.08195738706386856,-0.1108058902936953,0.950175085738044,-0.7740542226224756,-0.295678323306797,0.916675520607605,-0.1465141085618411,-0.022144630505367528,1.064166886394728,0.40612369695193257,-1.7952728937649003,-0.28963358737400885,-3.403818332535625,-0.5150926369859193,1.72132829457206,1.710161725261163,-0.20347354356902908,0.8700981023896448,-0.28521842049372903,0.49478241411235446,-8.110633113368875,6.2049206883581,-0.268178126714495,7.087756858258773,1.1033196703216273,-4.599986440588252,47.37350527348892,-10.551712054823065,-14.65265760503726,-27.68334745057401,-51.38486455081928,78.77848969128578,47.90976513453363,61.22792664719421,1.3722796080062412,11.497635529162404,-67.55750770975101,79.90749386194507,51.20934347807942,-90.46952052912292,3.338841560136286,0.0
1.7314923722955267,-0.3653560809691565,0.7262943172032036,0.8243501165305308,0.005298932875140662,-0.06299433736236275,-0.5625393498651998,-0.06194553106525023,-0.16197055915217815,-0.10471534319932191,0.9539530701447807,-0.6046938132146764,-0.29530587549212256,-0.5100179095061664,0.05332265556869251,-0.09615015179046228,0.865914132262891,-0.45481470494556037,-0.30108709981305265,0.9166059456588416,-0.15050497902483534,-0.16658913064168693,0.9303990305325942,0.030070190768617416,-0.5715775985189735,-1.4961963850960964,-1.0209504403461849,2.0339112266401105,6.660951867073727,-0.7767586239978267,-0.02996450891454319,-0.3514568570195916,-2.352799832853799,0.3905757138224968,-1.587089836927442,16.865963209894414,-0.21469545162670486,1.5332681207858552,-4.868454863430517,-3.7897408953670766,-5.016623765962885,-40.12023029815391,48.88035557079732,64.57395187332739,96.89666628195839,40.11199969439612,-35.36977362365407,23.24284746287333,2.7675506024746754,44.70281975869321,-97.36376783437387,-75.51061842573012,171.74939761425932,-210.591878070734,6.409586846627372,0.0
1.7493880162141986,-0.3690112012252932,0.7219224351362142,0.8240455073146316,0.010861238294256016,-0.06882216644186359,-0.5622228604241702,-0.0867708399247561,-0.14927958716849474,-0.051677797970200265,1.0761787832467185,-0.754731864350709,-0.2939995193412718,-0.513273253463157,-0.000957742413916227,-0.09654164437975711,0.8660223743718917,-0.20771645799966093,-0.30083311908965016,0.8508679480888747,-0.20475725297519284,-0.22751027036936322,0.5626039887777334,-0.2908770227119094,0.31964523549082285,-0.9550362079793235,1.9407963594928626,2.599499285808032,4.973725218526975,-8.046303732536305,0.08638070334941766,-0.40818375439584853,-2.2007137440005025,0.2558114031745176,2.3692935346636546,3.5203874387066025,0.22847955692587477,-6.922616392777062,-1.7404868202275503,2.4721726802390163,-36.11574391435349,-9.588255530896795,33.4157399358797,31.383531042161582,140.55408857195957,-51.62814950317599,-158.45018324151752,113.46655991297749,-0.4319002332997861,-33.95288331307123,98.98378335391423,50.50591914966984,244.53441687404674,-1010.7988778628303,17.409166073909535,0.0
1.7658614848514071,-0.37398713008431844,0.7184363398681032,0.8243718764436518,0.009821472054493553,-0.0743356230967816,-0.5610603917175667,-0.08064606090840552,-0.1116034867454418,-0.03929333788375636,1.078524011808108,-0.8786954948554473,-0.29337087077952484,-0.5163658135591371,-0.02256035189597929,-0.07743584991819141,0.9294430230379965,-0.24353458549490745,-0.29402658106624585,0.7941602797727438,-0.26608334647453485,-0.14122916960357834,-0.08132163681463467,-0.5967428353078108,0.10325785871628479,0.7495973906573073,1.910671283566378,-0.7885037301836265,-2.379948722425853,-5.047424445983921,0.011216030239610649,0.14754400339176088,-0.4523882788298789,1.0548112556527258,3.0720086524460615,-3.6057272486046252,0.3222626527273228,-3.7377127872449534,-0.5509220594890212,2.6368797732827076,-37.21555580841575,-3.1530748043637455,6.123967756396015,7.35632566722362,9.981084908520657,-138.39570265436873,-167.8896576505849,110.96934029203936,-0.9155472511763638,35.81890487478399,51.18371294910611,-18.236716985401667,-49.87996151611073,-61.418748775487984,-6.987153736896912,0.0
1.7808790635925604,-0.37842238448547133,0.7167128542764094,0.8251014304118722,0.005039912309877962,-0.07459834453311281,-0.5600154603304364,-0.07663542986036011,-0.06330704664450146,-0.0532457617118153,0.9833406476952459,-0.9115791940478413,-0.29265895277487325,-0.5126402560814928,-0.02625837762912005,-0.0628315986826748,0.9722500269359483,-0.30803570047171763,-0.2903212505253999,0.7140528016906958,-0.17508135093751995,-0.05945762500040931,-0.6234420195325798,0.007001195086668563,0.3183578682400341,-0.6106737596178947,2.6945972069988398,-0.7877702136599057,-5.390811398663475,-0.216012943776353,0.04248699345514399,0.1272440748356715,-0.04852790723276797,0.36478591556113427,1.4527183296378032,-2.6916803921960852,0.10947889607258184,-3.9677029556500183,5.782080133248939,1.7192847097088475,-27.954275070766837,33.385575364409135,23.33334770633009,-112.55707828314536,19.620340460683696,-21.919724557479558,19.027920254873848,81.28804294144302,0.022318366361010228,-12.737558785525323,9.528808931997947,-45.31028183568838,-67.72100564498155,67.26702591471594,-5.911549360326418,0.0
1.7951505155127174,-0.3811096643021908,0.7155699013678363,0.8273521738488621,-1.0933340811946371e-05,-0.06908766831019814,-0.5574184015580083,-0.09824325700462477,-0.010955874998036805,-0.0572875598324142,0.8708468348431542,-0.9003883135479275,-0.2915688622997985,-0.5124366912510667,-0.028582228741863957,-0.059874270737561304,0.9952478459943186,-0.3523357750932798,-0.28959440197443276,0.7129619777160501,-0.10471016988705992,-0.06362022477486888,-0.7999323911213228,0.3110040307394617,0.4938494299925675,-1.9771252360420113,2.7906447340126954,1.3405132987028783,-1.6439342026682788,1.507575891572081,0.0792781968070171,-0.05618074930392753,-0.1662822134591032,-0.05860151573423571,0.9416559696263772,-1.8638204542930976,0.00902234570631514,1.08830735411204,1.437681297666348,0.547048734917254,-7.035449649225796,3.1699087736667897,10.910027693368384,-92.44905905715699,16.155265081046696,229.05791113536566,706.0687787573673,15.195902603328426,4.153171016140282,9.012495800165429,-6.350206947940098,-16.376783000825448,-25.027841952829167,33.5132451503482,-1.1931353814023478,0.0
1.8108200822341487,-0.384003444120944,0.7145525479247797,0.8275945863966426,-0.004593604440860733,-0.06594217609079554,-0.5574206031154768,-0.1151586449432367,0.020527946842857185,-0.0193674454972534,0.8602572619423429,-0.7551780522557462,-0.2901567272114892,-0.5090717018060664,-0.029404983421839597,-0.04566674298817948,1.0187799288599186,-0.3865663508976172,-0.28959379657481765,0.8390052069301203,-0.176216355255365,-0.03495258344139221,-0.366780849698641,-0.22512642476125078,-0.2686337486567036,0.08460263140619917,0.3010627515476327,1.363651184912839,-0.11697192748593817,7.420873435847652,0.07233648175635798,0.4150654164683772,0.004212288075385667,1.2294168754976205,1.2299250678808293,-1.6026121782421785,-0.005611081750930845,5.714765044124647,-3.3160773783109807,2.0319587006358266,18.60685608202128,-23.37222512343216,-30.758023154498343,98.55864201894046,-146.26114858192548,-99.5175157773127,4.9061642221195,-138.84776919182485,-0.364819540902499,30.25587359172089,2.7572352046268254,48.95015142485035,-3.845631178541747,10.427139737590347,-0.5465711492632895,0.0
1.8275980999465293,-0.38839647310640657,0.7136824944088727,0.8245616288584824,-0.008635744878494035,-0.06730228293123842,-0.5616884784619356,-0.10119031144340321,0.009313617238179767,-0.010495086948962572,0.8439800771221817,-0.5425583710651709,-0.2902278898802804,-0.5080983853292226,-0.01116119743937505,-0.0043877737825399514,1.0873998348927154,-0.4567101815001392,-0.2881798236935832,0.8266873935344832,-0.25967988528989294,-0.014458620015971294,-0.242767281089298,-0.4604511418365497,-0.5944932005244653,1.1184874326956602,-0.7498210100337916,0.29172559913434926,0.49665382925542273,1.9432488200687543,0.07023266139207082,0.11747776290428322,1.3941447324657683,2.1519219105492096,4.00463384287121,-3.2842942456205373,0.0854105063876256,-1.449768683155868,-4.726375578461063,5.081846155948597,4.876595902034037,-11.844739852717675,-6.933837367471304,53.55531624955803,-9.677699205962377,-7.740411619360405,69.11530019460808,-681.0205513553415,2.3975813599077282,30.04216413767952,32.333228128436005,-29.863674723038663,-8.397285869976383,77.52036705557276,-0.7234071877554173,0.0
1.8436652137052896,-0.3938479980968802,0.7137338624876586,0.8198970592454692,-0.012047091128414839,-0.06857789165208039,-0.5682611658494111,-0.07645362306651425,-0.002603235645103012,0.0009615354779781446,0.8583914483066681,-0.5759437967787261,-0.28972225078599834,-0.5127319033170654,0.010208866446473553,0.006893735495044816,1.165293685763027,-0.6407542486977196,-0.28672108517728334,0.7830366639444456,-0.2821403643817661,0.021457515807972276,-0.2930691002679709,-0.20304758140598966,-0.9415665639627454,1.3467405129115166,-0.4908063200969751,0.7195966328452219,0.5142086638561618,-2.873313412581069,-0.008287950751524218,-0.47943058035792746,0.9417137223753279,-0.49482817582541166,3.223808832629177,-9.324078362756033,0.058373943028366355,-2.2970257221071706,-0.9828222710069,2.1945928518999454,-4.879938381872596,13.765373906523049,-17.254584205825346,10.529634290095219,8.811475805281603,8.960334629276286,-40.790196542651685,-34.15263268238648,-3.147749084202446,-25.35027087542718,-3.4892774979613184,-97.40461195146159,-99.26225971350327,146.13984731245813,-1.597783262508241,0.0
1.8591008542024412,-0.39937463939698614,0.7145031503539189,0.8129244454365966,-0.013774729735541152,-0.06702246674989343,-0.5783356220941916,-0.048501528128573536,-0.017078369866560205,0.007014906759539795,0.858223413739011,-0.630251295165768,-0.29121672890440004,-0.523525246724857,0.02740028449835194,-0.0217059609694863,1.1795819648308623,-0.7935693277994766,-0.2860211256218177,0.7673533775016029,-0.26761345808085507,0.0363932320474494,-0.3005210078151219,0.16977961562149546,-1.4860654708456036,1.5058251413225627,-1.1624428450430113,-0.5000313500796125,-0.6016077773788162,-2.5641740650792357,-0.10170816483144468,-0.7845607767693518,0.9318782823829665,-1.8902003093091935,-0.6936074206749796,-6.33488364523293,0.024683317105040455,-0.3601045293893679,1.2918067714273775,-1.4590995191443887,1.805607251155649,20.993089662477317,-34.85737279563076,8.114932121900836,-49.380380370233766,-85.82064973248214,-61.8903827688501,19.651443171513627,-1.0897303203701412,-41.34229633745444,19.706942298028316,-28.54945040423269,-107.93402324717292,135.27889921558463,-0.6602429652041288,0.0
1.8748529432515333,-0.40445000672836146,0.7151753500864513,0.8024186729298326,-0.01215484061786398,-0.06396570860284397,-0.5931988884902076,-0.021022746791963146,-0.059831789642104234,-0.03205496978509982,0.8462375932636009,-0.6661743952369279,-0.29430448598987596,-0.5342375704988926,0.047096281222699835,-0.0642065629135163,1.1101411960813246,-0.8562597388234483,-0.2859491612264969,0.8060897717311195,-0.2410096620753512,0.01352976901105641,-0.0070028726312850245,0.4063465178069703,-2.182643161033798,1.21840471759649,-2.6045472489772634,-2.2789658693670214,-0.5512878319414932,-1.2621139419418346,-0.1568264049453362,-0.617073834923837,1.1223026546003894,-2.082070179079787,-4.558915511900326,-2.0233797146120645,-0.0017583062755550415,2.26284249217678,1.4904570265944355,-3.4781939179856334,19.688575627104612,13.0996082793144,-45.385389981376754,-21.45091260480188,-28.749982684013446,26.063714341083735,9.320297888355974,51.39746076869441,1.7219077730507333,-29.492271564618793,20.192295868331716,20.149712117219003,-34.69939084182499,63.57469844416229,-0.044674875878719225,0.0
1.8920021360294976,-0.4087617608132729,0.7160195597054666,0.7899765378936859,-0.005941593591285083,-0.06317719824910613,-0.6098445774658461,-0.017689369945127188,-0.12845519426932314,-0.08615230604132193,0.8725190658079155,-0.6521955992975073,-0.2984995022476383,-0.5383266545458748,0.07124196307386421,-0.04900940078110196,0.9976485456229358,-0.667432824646205,-0.29003876844975884,0.89715389287918,-0.20907194923453845,0.07184223861053507,0.5748598046261395,0.2877153055036884,-2.0412353299911734,-0.3775495398678249,-3.6876593068823316,-2.2017374226346114,2.2308614084078835,2.0573043535802276,-0.21082264575841603,-0.47996131606862436,1.097251176632631,2.9880337602977236,-2.9234911394708645,12.779709110582052,-0.20010753584984098,4.324659478093482,-0.5419120051466841,4.512778067916836,22.318359706946463,-14.80716564410621,9.644888937899436,-33.55631843530144,0.822637792967182,106.1666941750023,50.67845932814377,132.94113684369302,1.4489508959748776,6.341570698472954,-67.98489466085705,91.48280824009824,231.66915396236897,-75.4891951996852,5.342487539225669,0.0
1.9104232753805908,-0.4129543979690669,0.716321862912637,0.7831318907267619,-0.00034373179941308863,-0.0663356188340956,-0.6183072935434906,-0.03939389434623226,-0.1794545462758106,-0.09575944097790552,0.9839787065283853,-0.7248640762753534,-0.29738847444607125,-0.5354446773322971,0.04780721948832879,-0.023243702279946966,0.9349254852593997,-0.29815997757724083,-0.29648116926618673,0.9514053025403326,-0.2365311198263569,-0.021449888782311202,0.6492581791767755,-0.24363588990416923,-0.5387720543032073,-0.9063162628506516,-1.7668660421953697,0.6585387147164444,6.223407540830907,-4.343384476610572,0.13894094668721588,0.8981640944085765,-2.819558594513632,0.015464630192749906,-2.880736845476246,17.732291163756095,-0.3174031209726113,3.758214861608989,-4.393942209304927,-3.52919550886853,10.948488915242335,-38.11053735012202,51.157919565914064,64.14284914694534,75.95423548088321,97.20669660043356,-48.68665516618288,56.99753647467328,2.177081848818295,90.70529296019612,-157.2704148034254,-120.549784086047,43.47406445393528,-294.4552295835915,5.451434757261382,0.0
1.927720629971703,-0.4175192503302037,0.7158739108082357,0.7849146638281709,-0.00017579980334585813,-0.07057293751669866,-0.6155716043582613,-0.0667224496906949,-0.16670920615474058,-0.05927288933554785,1.119823258892838,-0.8642097612105335,-0.29276027994669196,-0.5264238946358234,0.007253594338737264,-0.020687250690222796,0.94665717646512,-0.22378067981090438,-0.2987477353025717,0.8094961447887563,-0.22613855776090358,0.007549465067890563,0.044549991119260834,-0.40409010054114103,0.9471873708566573,-1.3538055729342775,2.170608511580039,1.9807530604250505,6.087111552543694,-6.62580728789706,0.2318133768821707,0.5485620675713233,-1.7160496968913206,-0.033716114688635425,1.682264315112576,-1.9329879231127425,-0.05031505018445008,-4.817879857425773,-0.05585518970187445,4.864861834488697,-23.308390341700793,-13.208735412243692,64.20965664871416,21.889710314449328,133.34988436762356,-37.87364470928458,-141.0214659114098,117.513919336532,-3.561166205168083,38.70155719955651,10.90669021435659,-33.75338217644094,23.50548045172633,-298.14160332913696,2.224331163564608,0.0
1.9433085325282429,-0.42174214617860456,0.7169082921991828,0.7920067530361437,-0.004516391469218173,-0.07244687723074918,-0.6061817840654362,-0.09381086835957639,-0.11261214311785167,-0.03643547886884708,1.1863065276092206,-0.9165415360063375,-0.289466425750512,-0.5108524870350901,-0.02057651320163633,-0.02152099337451374,0.9747633753819179,-0.28558845664942667,-0.29757456289025747,0.7617104187357947,-0.1948062842375457,0.08195155330489906,-0.3018211899598256,-0.3223240042266022,1.433274784241265,-1.4839368932561698,2.938865540370381,0.35762539653200576,1.443938946714079,-0.3405275148233074,0.1211438355141735,0.9892120461683107,-1.2886234856102698,-0.19583525890649103,0.9955780881441626,-3.1879135982730267,0.08100155142779948,-1.4409504261982329,2.11586183543319,2.65635086971479,-14.178142238696342,5.225864323960092,25.84445129376302,-24.150600244651415,12.777510279620444,-88.2268870270848,-174.99840378069518,129.4425955376901,-3.933318302080569,22.673413414215524,2.631148545040253,-24.22345360829781,-51.82995229922498,32.40690947301302,-0.8148556819214544,0.0
1.9580960089543513,-0.4252874694283575,0.7194412478676919,0.8024475245376221,-0.011314489482916813,-0.07096199768381992,-0.5923802390153694,-0.12684220662152995,-0.047186503332819194,-0.0433319950577066,1.1660887637501889,-0.9135555684723435,-0.28806981115629016,-0.4843151215882474,-0.046883448006548735,-0.035732144974134926,0.978709021546539,-0.3383128393276463,-0.29696642082401753,0.7257255514632618,-0.1562321296916775,0.14690667208743285,-0.6841279526098425,-0.12141992780371261,2.0537258435571903,-1.9993705198118616,3.39518592227163,-0.9067473484731365,-2.279003835249549,0.30689515893618236,0.04474253012765121,1.4879085979545217,-1.3339518795031415,-1.0865228642083071,-0.3130635341150927,-2.129067405950872,0.00660995432998843,-1.0265981518937257,2.757379836128966,0.9571728182372969,-15.876066288839752,12.532439093894352,28.727663484601585,-52.26029668273058,2.057258931378733,-58.84384065228098,-85.88272000137289,4.265964459046732,-1.7816300675005898,9.174856488914816,-1.2658452841499392,-36.8851688317348,-43.998524557523695,55.9787012400173,-1.5994116606669317,0.0
1.9732726628567248,-0.42805295773628227,0.7223944617373984,0.8133407218651365,-0.01784632380033565,-0.06734626939944185,-0.5776009512463531,-0.16039247210401883,0.007300677796415079,-0.06984820501491448,1.0656433993834604,-0.9061657275158046,-0.2886332282540031,-0.45613833434555584,-0.07244728939046853,-0.0534639882010296,0.9695947847687996,-0.3726938512254058,-0.29744933282080516,0.7828859285442685,-0.11235559335993046,0.12813234050714487,-0.5925485866647167,0.0769716552306074,1.7748379124332436,-1.772160581461752,2.2222432043556752,-1.577054940820421,-5.8983245316597115,0.3458106912255876,-0.04724320115058446,1.224833363596106,-1.234902924334781,-0.7622303211957797,-0.4654904791522121,-1.4071738122214004,-0.03619582136638932,2.553362799645361,3.5377425589745215,-3.5574421673664456,1.6044076401113432,14.666607061087856,-11.260362443975968,-34.05432242940434,-51.81623881919148,-20.04509484794259,0.4012040105839425,-6.302698423262243,-0.02335040760544521,-27.9196526817991,5.3098176243929345,12.740673886178913,6.932295885742623,30.70649349362504,-0.5087725660907965,0.0
1.9896241956165837,-0.4301075191440328,0.7239290407672558,0.8207712777133565,-0.022308334677234632,-0.06283034547521968,-0.5673527963905501,-0.18448451189558848,0.04501110630506337,-0.09219099016170841,0.9126985168248043,-0.8939596629915231,-0.2905200199734926,-0.43845978827225934,-0.0896686791959261,-0.056903380234811965,0.966484948192349,-0.40022472164085343,-0.2978066397785922,0.8395787758596905,-0.08827393195503284,0.016406199976334745,-0.5564092763937898,0.2218775377437928,1.0191502944517776,-1.5634235352020218,1.9266927900439268,0.22635294426773844,-4.589725619650223,1.7824518916016292,-0.07338354953321433,0.5661752395859799,-0.6080283790446063,0.15286741355082478,0.1326741487990066,-1.3520415327913122,-0.011365526939366148,2.4924222134528566,0.512312302095994,-6.551286641661942,-4.086958687949569,3.073313542441846,-25.633478317494838,-111.02475371664909,51.548910599023294,336.5885986319007,942.6798081029693,218.75992818124925,7.806098530628902,-22.81966091516146,22.574772965779005,25.46640032317379,27.02238762021895,2.642695115657715,0.3821424116587409,0.0
2.007198190894089,-0.4329657775618308,0.7239683123599487,0.8231183221901689,-0.026365483234925657,-0.061046855219405845,-0.5639630931510063,-0.19911685893369316,0.07884821342116162,-0.05036885630372774,0.8714955370581801,-0.7032670613050038,-0.2919634537113881,-0.4250174114305437,-0.08266943025558011,-0.02437156469825471,0.9820561175916718,-0.4335165875545222,-0.29628968463380395,0.9140454876269918,-0.1880861167938173,-0.0035246665069194887,-0.2696672880545198,-0.31614385034451864,0.0999215779784802,0.07352539915181738,0.9707735401003184,2.231370118485615,-0.8652641214688923,9.903582584027617,-0.04055508607007351,0.9910486606341949,0.9074608478427667,2.5061023080979057,0.7696110223631085,-0.9209262171456896,0.08027927912932602,3.874651325374959,-4.865828807393015,-0.45963379006365324,16.160909219253906,-24.620198941037494,-26.926920279945207,91.06167798888414,-101.8292363822446,-49.584158909410604,63.434546322063795,-158.7462979368101,4.9876847216569695,46.47097446591636,39.55804464181636,56.546027052743526,-23.980175715070562,93.83430793867271,-1.9664337111377745,0.0
2.0253670874411385,-0.43706908977393966,0.7235201296971671,0.8216462674396965,-0.02993544092536623,-0.06264683563516173,-0.5657531745946457,-0.18623384075436317,0.07885444907907867,-0.022955560690635923,0.836256673053084,-0.4176907404148967,-0.2941501316475942,-0.4164123619088669,-0.0534014229343313,0.02221589633085307,1.033379348492458,-0.5218946131185205,-0.292656046329564,0.8905223837684105,-0.21698352833665613,0.002671779561699516,-0.16772938773802418,-0.3365243106215168,-0.3618470552007651,0.7549134396947481,-0.4666900778053645,0.9789322151584771,0.3452727271896521,3.5678885473658895,0.02447174987470565,0.23463093083577488,1.6916494399141717,1.7388626833487133,2.954865366761032,-4.515877648129222,0.19215310369106958,-2.4993196290515973,-1.6118111705121527,5.920041061913536,8.217407703114054,-0.8058644933194296,-12.430357190458082,20.70566506225378,-25.536850474510025,-12.054097704621443,161.80390742113386,-985.166419730642,11.400667263335592,-2.533032737069978,10.090282333037042,-87.80705379826368,-21.664461582320477,79.36332973640506,-2.364252381016167,0.0
2.0427463820101344,-0.4413807129169496,0.724117096214168,0.8183125775983666,-0.03135646300816342,-0.06434969073196449,-0.57029853136286,-0.16954443498428748,0.0667046998524551,-0.0013084417607833096,0.8568554387376031,-0.4495078447979278,-0.29295701877161073,-0.42128042890466494,-0.02271133686084395,0.0370434336154542,1.1021082640790338,-0.6763626282761619,-0.2899148766755497,0.8526534674807692,-0.2183403040737403,0.05910778006225965,0.005587810969898174,-0.1546333097634239,-0.7044600310381274,1.0092474618042333,-0.6961277650880858,1.1360144392618274,0.9379023879272139,-3.3437233794232366,0.04413580705616696,-0.4767156681465374,1.4420401026603658,-0.024715705899549606,3.1595135506172087,-7.412596875824919,0.0991073525467491,-1.7050738030963395,-0.49404322944013523,3.4807430641701465,5.776119169187333,7.423910434042742,-14.4016603470005,23.341530980711656,-10.027779830627678,1.5156463577615318,-44.2724713130109,-54.10748392618696,-3.394442858869004,-16.501907635906573,-7.023763973636042,-77.79428637081512,-66.57963934320361,130.40378838276004,-3.5024874740097607,0.0
2.059518795474414,-0.4455319712684926,0.7253482730543731,0.813250810031169,-0.030512314223615607,-0.064983975286879,-0.5774679225898877,-0.15060965239938892,0.04853532996464087,0.016081895217477132,0.872659161927466,-0.5122575966659505,-0.29236157787921563,-0.43728454738340305,0.0028048125065514976,0.016791415121375358,1.149213788172365,-0.8088705542556479,-0.28790839843924904,0.8301822687772966,-0.2008383326548009,0.06275706121059302,0.0740130808194285,0.08810474956373016,-1.0523213737680241,0.9907651436280709,-1.174804306909841,0.46833305995074903,0.4554028709958342,-2.747578602124794,0.01262449340760044,-1.0207678072519633,1.2601914494889448,-1.5601240540116164,1.6209210623112191,-5.604036643014774,0.08916243160169714,-0.03208004107077865,0.6474821988527035,-0.5160433677537138,4.556317777510831,9.988503288995016,-24.83674969685792,30.84771024103472,-75.33320278259396,-137.13917967568474,-80.67130969098974,26.332373269411217,-2.628920162784719,-23.577838883176035,6.774969768712146,-37.41756916237839,-78.48806294226488,118.20804742569084,-1.752410271550465,0.0
2.0763612282598007,-0.4492952690696748,0.7264096510436003,0.8063146612748985,-0.02718973457108048,-0.06497437458474736,-0.5872782270733532,-0.13088255038504204,0.005451452819041478,-0.006938048245715172,0.8770710612271199,-0.5537749360439708,-0.29274445256245424,-0.45828866668746693,0.02572657840045583,-0.01995302516292015,1.15382430582783,-0.874308279487778,-0.2871746947846832,0.8497338264731137,-0.1794125808770167,0.039121905726728204,0.2720736335776867,0.24963307285098207,-1.4268286753435648,0.981848950134357,-2.585176866278239,-1.6992939826975615,0.03588402400785186,-1.6042047311231038,-0.0325022580959708,-1.1454590147978523,1.199728587922673,-1.8276879480578996,-0.5483297950584509,-2.32857572171039,0.015708860426253923,0.7239578350208717,0.8655686316527343,-2.010567794077117,9.615594958649575,7.813636150223698,-27.41105381595908,-1.7064234100199607,-21.284388049228195,-4.934796642412898,-18.37102333234792,45.305045305615444,-0.7379163801855895,-15.819897954344105,15.011744711218475,16.344180686899826,-59.59425778186546,64.50905230764769,-1.1532488202760252,0.0
2.094281763423953,-0.4523064276651246,0.7271329458826382,0.7976426317831691,-0.019803742962084755,-0.06622041195276822,-0.5991568248526563,-0.12468144557108092,-0.05918188065322223,-0.04550381642369746,0.8963932033521026,-0.5584021971620354,-0.29575772396767036,-0.4681557571609334,0.03838136323312196,-0.04658362572177304,1.0668253830176784,-0.821485662387296,-0.2902523190324817,0.9379433022910165,-0.1299965924252549,0.016591347347547202,0.8627702117867994,0.34956775709826765,-1.6977353019827919,-0.10470966755569153,-3.535204463330501,-1.4287571310846934,1.4613116551979104,0.6511888119029758,-0.17600053892876708,-0.3020540160863789,0.2202793084234505,-0.7498818140334589,-5.846175755107803,3.438472186936329,-0.19052227862628662,4.919042410628342,1.9873052273622065,-3.3097275001189237,35.871799715596055,3.2404339339307997,-26.672668949341926,-36.3987400277779,-19.4655061974544,98.20856306648705,35.069590347399455,80.34280225384177,0.7977380354085082,-4.66988771736176,-42.235718955780136,73.98403147042599,-49.7208180358439,-32.70705921566735,1.0982316241234327,0.0
2.1142245793694325,-0.4548011918754811,0.7259014716257468,0.7895512800285063,-0.00935393196872082,-0.07196875450651449,-0.6093781900731703,-0.14398173463948155,-0.14214813607998986,-0.07397979095230377,0.9787769330925083,-0.5393202142063789,-0.29982656849221395,-0.467271440266681,0.03376999320088701,-0.02362295209789987,0.9490455255623709,-0.5057938981153203,-0.29703737272054487,1.0390986085194078,-0.14070136785212095,-0.11598273046976823,1.2422484012496655,-0.12121995847009706,-1.1664220422004141,-1.0807313469103812,-4.168829856682753,-0.7876071207645506,4.907943546028386,2.507317977871552,-0.19650852223347823,-0.12897945810857409,-0.5128202876072901,2.8998429680431426,-3.260836639274663,18.332190788423304,-0.31130754283753487,3.8211774957438798,-4.12651195224715,-5.524815766067871,7.138903443968291,-37.07424682909377,23.615239177112326,43.05216501547646,47.35137369266488,107.96693330104297,15.719983028680288,644.7510754814126,-0.4211477897091634,15.617431512862776,-58.27746754195696,75.0599688948407,266.84277492166063,-160.65114974451222,8.214867444358132,0.0
2.134354943488748,-0.45797669869661217,0.72281877277676,0.7863545196255308,-0.002943705939601972,-0.0803981140728502,-0.6125145282467762,-0.16894359474458584,-0.17234594001644588,-0.04241305518999772,1.0985246306063625,-0.6787228285888158,-0.29947018617306087,-0.46672951276221264,0.0028468879785605796,0.01399793303403105,0.9294704520299898,-0.2574412217930978,-0.30052773083457385,0.9566172858850378,-0.16894200243511437,-0.13431838904606733,0.6838771841925728,-0.4204569904396519,-0.04709898532183582,-1.0713057360426936,0.5346538141151118,2.62879680346844,5.557305946305718,-8.134044781733683,0.08560135777838863,-0.07516487899259976,-1.655211742808775,1.3402281393835023,1.7037190906201554,2.091606939383489,0.021648667295084852,-6.459728593661518,-1.013974388609452,5.672432031000644,-40.55922054563281,-14.172790868260513,47.854915426992264,40.45446912297254,204.0404581752703,38.466153712231545,-114.26906998054704,101.5383624733468,1.9712212418386779,14.976175141888948,17.00990793653314,-54.3447684500558,167.00009686718352,-813.147885578519,13.981391514968381,0.0
2.1518060916970385,-0.4612176616219181,0.7204703778782411,0.7911312197264532,-0.004273627919255835,-0.0848707796349587,-0.6057145202508329,-0.1948766920105548,-0.1249675262808822,-0.004528265070910583,1.1839245820851025,-0.8478192460591321,-0.2953379012943486,-0.4647908558437976,-0.030979011822089342,0.020874455230151804,0.9768893963196417,-0.3011737746976467,-0.299739188123092,0.8120593798691502,-0.15835533555743259,-0.09716484441305165,-0.11871445236683005,-0.3949484518937136,1.534917575455453,-1.4530895970948898,3.5610211136631573,0.9540957317871201,2.9949761504014383,-7.454719930512484,0.2224779247552916,0.4373165476637193,-1.7507467930450278,-0.4575356873677755,2.2280645893704625,-3.590111258482932,0.03986701768709654,-5.912680520552408,0.3149691899173519,2.2903474070600094,-35.35481081251328,-1.238148843996778,74.379365524261,-19.65583379347709,107.89880616936117,-123.00945778356362,-149.09517247489353,146.98078794354345,-2.3739526595949734,47.72023937869143,-9.021954741531422,-86.19374303133122,-50.006177406594595,-41.583631409405086,-0.6043904806673912,0.0
2.1674911987348655,-0.46449582563532027,0.7199941103044298,0.8014229880974725,-0.011178783895895283,-0.08537701912476393,-0.591867378341548,-0.2128369102778813,-0.045960878354135176,-0.005377114262527653,1.1493916564715059,-0.9115973124530653,-0.29304904756941724,-0.4447488835802186,-0.061812682304472205,0.005293663722567952,1.0019523722637556,-0.3673373856897247,-0.29865393003727453,0.7624091371557785,-0.1545796579921861,0.0093268485612313,-0.6279864139655126,-0.293444054465162,2.035827800864721,-0.9403717255577312,4.141787913900157,-0.8231393057376737,-4.07948390560491,-0.5831303622779176,0.06497932739022895,1.2929452899312075,-1.4191752120298884,-1.1348834087573196,0.5876316122342949,-2.8483418452003977,0.04751383064979511,-2.1846602392934567,1.962995161621329,1.5483273105768118,-26.224832921353972,13.439852287365888,31.04650213103,-38.46871099852945,10.60423559857048,-83.86849260441572,-149.09543621000427,164.83567651291258,-3.212548054089216,19.08925346268668,11.68625728682358,-43.00155319004308,-60.68430891573966,58.83371616591887,-1.4662975775931344,0.0
2.183504751239224,-0.4675078375500354,0.7205978881594483,0.8110635637840576,-0.01939852862207944,-0.08372610042685369,-0.5786100005154721,-0.21503774682055712,0.01792051540991262,-0.03795553867905056,0.9982451170141808,-0.908060714786634,-0.29261367422157736,-0.4165086944017656,-0.08476956866451239,-0.009783922115096802,1.005891317506656,-0.41397466355219487,-0.29714388740160447,0.8260317693291069,-0.13053217357755145,0.018177182873803197,-0.6797546398715824,-0.19511943541905155,1.495678786427918,-0.01307463215472205,2.547934670675758,-2.171956272985809,-8.428595327924503,0.42879873266394575,0.007782777140105529,1.3067868748730198,-0.9477286810975816,-0.5556534291102615,0.04265427274678128,-1.9266866925869577,0.0710832826937919,2.4976929845067763,3.2901877433462214,-3.2208278500044987,-7.874150571408318,15.12308165540436,-20.855284709879946,-29.6449653334414,-60.845475604767614,-49.94471504411259,44.15564453920181,7.615853356325371,-0.4776536495969596,-24.941972543725118,21.360341703547704,16.444146241352833,-5.482878432609183,41.51995271591865,-1.569426155272521,0.0
2.201201338938095,-0.4703621178487692,0.7211483369290927,0.8165282975447693,-0.02599114086178514,-0.08310296613935966,-0.5707012326289335,-0.20980528479888388,0.05993173203634336,-0.030765411174051037,0.8888829385090439,-0.8085043747646165,-0.29293430184328545,-0.3892683127338991,-0.10176259744562074,-0.009344928532327748,1.00626602705234,-0.44764216969889936,-0.29522816250174316,0.9372606753764937,-0.15339778419548372,0.054860805148401776,-0.28835692904300236,-0.4014718117189,0.6807180323814871,0.18499265063316392,1.2560304524288086,1.7899657612444846,-1.3838753678212852,6.063521991085582,0.01529873005713083,1.4907427207791684,-0.8926078149539933,0.46634122211489903,-0.11329323785972606,-1.4437064489140754,0.08659374026337205,6.081232616401276,-1.3730796296882462,4.729553032806159,27.027677139242964,-12.076002321183994,-38.12663727092434,29.161356321694484,-146.99166999762167,5.062085817351427,255.920112623914,-153.65988703377002,7.381146069874011,18.85803895191018,-9.489436007854074,53.00396320292669,-23.24583244874017,30.118190082213143,-2.574748067915733,0.0
2.2195233712014018,-0.4739676610186796,0.7224997397009351,0.8186096086705663,-0.031936371179625576,-0.08442141751951027,-0.5672137172636924,-0.19947458860201941,0.06745106488674452,-0.009169291385059104,0.8322388060791038,-0.43928927601084156,-0.29576779441421586,-0.36337989806631316,-0.09526753344595186,0.021273252528516497,1.015676101337434,-0.4858410245343584,-0.29323338811635347,0.8933160333252255,-0.20201692737902457,0.06737032013121985,-0.500817057143685,-0.4439116318114477,0.326505477191124,0.7332368954047961,-0.16407375207381705,0.3902583143195926,-1.645457073539537,13.315336154345506,-0.10147955243389946,1.173867122273961,1.1232536648414633,1.8006114867798697,0.6515144864410181,-1.2602052716041232,0.09309367417203412,-3.619036620286274,-1.5190351713763361,2.9594633442123057,-7.8949595038776215,3.496527628514028,-5.007630987730169,-25.565915392245675,-49.28765636683068,-67.84424915932603,434.9559179719144,-1995.1102520150796,24.357742681300554,-7.408685931036016,63.31571209223403,-22.274682189316945,-21.771210242883797,128.11871778732146,-1.020865359539541,0.0
2.236677067936781,-0.4773343459760289,0.7241985041637766,0.8189877233297296,-0.035851887149180674,-0.08362789666822686,-0.5665510798876633,-0.1931065516655999,0.05807382604566194,-0.0011340787834143375,0.8430233499130267,-0.3865511997186322,-0.29378081091454655,-0.36294026967484844,-0.0763669708282928,0.038745596493334894,1.0646737812366356,-0.6422393351904087,-0.29146502023676646,0.8286309233893423,-0.1504707110914013,0.11804565286601719,-0.27310266485588514,0.02776504281903408,-0.06690882638701917,0.27559293032438975,-0.5578676444890183,0.5303882178409388,1.0330110534613683,-1.629476873143306,0.1405207014637458,-0.6322059874787488,0.8641084223555864,0.14564380631198,2.864287530462813,-8.217281419895421,0.07342923344539982,-3.086753946910947,1.2584221933655602,4.4457869089557,7.153472510525129,16.644176067744038,-19.321255754002316,12.067506047160645,-2.7763201541757665,17.327344714700256,-16.10169159922536,-218.4537448275464,-2.1508788973509914,-52.54311803792036,-2.6625649567135574,-74.15483958575514,-13.989658395313237,125.44762222165774,-1.9583917327715683,0.0
2.2526147489338806,-0.48005173617507024,0.7264500535859081,0.8173631147912028,-0.0368381370615549,-0.08072671327775915,-0.5692483535329975,-0.1884377453376138,0.04979926232982229,0.014858656700575209,0.8629708366557315,-0.4382459731827169,-0.2908814088431175,-0.3890883253818283,-0.05594048839005105,0.031267074149916786,1.135171277026428,-0.7933410790487787,-0.2895880321282351,0.7740566295231074,-0.13077380170897662,0.11734402891244719,-0.2888296991099922,0.2587822585018227,-0.4402546809011999,0.2998651889410069,-0.3339232532512306,0.9105005907883678,0.7353057846668745,-2.662263332310437,0.11928363509615417,-1.5866638249367104,1.1629040151699157,-0.7776354879672721,3.3645460463171633,-6.402066394016087,0.0887939655627135,-2.3048542579336484,0.13801895232808511,1.0518396575995381,-2.4968855705983355,6.223407434303401,-13.024650386671977,12.131575532626139,5.86979982345304,4.6249037961565085,-39.51412925496321,29.1176087742823,-3.9187211705332885,-13.209009679520163,17.214463961948447,-40.48359128403375,-60.722563093452024,138.32532481641064,-1.557686780897067,0.0
2.2677871041587143,-0.4828050411328259,0.7290864203551128,0.8152626187600451,-0.037354325386266575,-0.07734994861366386,-0.5726853431657876,-0.18062399589930428,0.03730810068187582,0.022037648438177314,0.872860713346732,-0.4784482438570002,-0.28870229426681004,-0.4174751801449959,-0.030977541740828448,0.009811773029327108,1.1888085723538035,-0.8929312584341169,-0.28815520751693946,0.7476719127670949,-0.14446845374940617,0.14500418108874347,-0.255294374949711,0.2200388619346881,-0.353940221330271,0.5043607136422533,-0.8169291412556701,-0.007177213788686132,0.2326498601247885,-1.4881993273059673,0.08784651229913845,-1.2448478653567017,1.3509840704674971,-1.2150476590546837,1.9795698426262558,-2.871617140826149,0.05649576845752871,-1.051835179174798,-0.7102093777443448,1.4151821515140366,1.7207971416800991,-2.580583547473434,1.6206372615886087,14.409064351005162,-20.237150198810212,-38.435912585342194,-31.862241419840224,53.40483165069131,-2.924333614495283,18.209854633504275,13.554396571695621,-7.5336023290587635,-83.02484900631093,400.2131679401208,-1.6629381580059301,0.0
2.2827692892894333,-0.4856059345438198,0.7318821750433754,0.8130486998546347,-0.03713636111904642,-0.07439134187949309,-0.5762279328537383,-0.16742489246025177,0.009816114707390307,0.002519155019109127,0.8692638857692526,-0.5019676863090006,-0.2875925303184859,-0.4416926420516117,-0.004701026835277705,-0.015683285462912,1.21535525496866,-0.9062021840808785,-0.28719227779318673,0.7491643653348532,-0.13720404693842228,0.13341399212596577,-0.13810273426067332,0.2730641111364646,-0.47403707739896206,0.7578110459487994,-1.5937165944770788,-1.2913034307678728,-0.44648022289852557,-0.956911726800381,0.03347227166985929,-1.1699996594604642,1.3311855384521232,-1.2370061502182688,0.8122262893107828,0.21372366823817845,0.0399776120172402,-0.05617209741373424,0.2994346113442161,-0.9142487466652691,5.158349710006211,2.6192562328522784,-9.032543220248757,7.536171605693219,-7.303201486794351,-0.5820697807777382,-23.271566779845017,21.554363071938855,-2.03643585346868,4.624124919306174,4.331291856409129,9.818844197844514,-53.256760619934326,44.995818736041315,-0.931444021058957,0.0
2.29781876051563,-0.48817202948142246,0.734260482717279,0.8100464664788214,-0.035254722690654126,-0.07160470620483396,-0.5809084202544317,-0.15249590537960578,-0.022689792603006725,-0.01960871094628375,0.8569465773847332,-0.5168067648642226,-0.2874278219191997,-0.4657840088305847,0.019223367540947132,-0.039763747665171885,1.2232595381703433,-0.8979510779918061,-0.2869410891311917,0.7550729008777807,-0.12130678723791043,0.10533242571587902,0.012755762036283234,0.374278128219692,-0.6264288319708362,0.702764264236365,-1.5616079354527528,-0.7719028867809525,-0.6961436612553977,-0.5830490948524681,-0.0037830869301747013,-1.2298615909150308,1.1101183536978048,-1.1164475617913163,0.11666700596916595,0.43220688486300946,0.00203389506111519,0.3204660218854901,0.7582024352851316,-1.652513809800542,7.308115799390833,4.594644190829659,-7.2517949734701785,-7.745110212722159,11.621080088493692,47.1412049566383,-3.9921993281748795,16.56800311561494,-0.841884229498893,-2.5598044861816485,-8.726372052232342,13.630861894118382,-24.624869184253598,-5.132591576921674,-0.5323299269716719,0.0
2.313036222980596,-0.4904766794794648,0.7360851616686549,0.8062865130275422,-0.03171470986787702,-0.06900556937724595,-0.5866297533221482,-0.13860722285144142,-0.05462497196623851,-0.03242368626146182,0.8406234820832252,-0.526200620094563,-0.2881437778653618,-0.4896684373719718,0.03870553571292823,-0.060324248599612385,1.2145515679947458,-0.8904816769816927,-0.2876659781980599,0.7658656901064619,-0.10979217388374359,0.07626039654101356,0.13964295546443206,0.4388467419591441,-0.7539187153773232,0.6426597604293446,-1.5741960392054544,-0.4077070694598079,-0.8449884411470804,-0.37951761247680593,-0.0461842370889582,-1.2000720522074833,0.8721871550226168,-0.9097107627281061,-0.6980431856902104,0.30515671695300967,-0.04455476368830788,0.5945369280310077,0.6132843937722963,-1.905339406508081,6.562323461990345,3.071989927456049,-5.547847850731385,-8.946457170766266,5.178974942864569,32.90555993236432,2.104706643508832,9.910819900800512,-0.2868857968958707,-2.6483603784682814,-11.19340669249532,15.89737509429479,-15.07197500789231,-8.155835197889857,0.2632766040510714,0.0
2.3285220967057976,-0.4926197061247873,0.7373314919693527,0.8017986813541674,-0.026983254994268173,-0.0668453910440584,-0.5932305388504528,-0.1261243823846867,-0.08782520003353625,-0.0406204250749742,0.8234391027574934,-0.5318332394395182,-0.2900381005588094,-0.5109492221176316,0.05403858407435722,-0.0763728788220619,1.1848464853232812,-0.8849393236840815,-0.28921187517018443,0.7821451797139479,-0.10393473707111493,0.04513642229537975,0.2501401417541813,0.44737449777732297,-0.878954287391616,0.565265419301634,-1.6861731548734435,-0.2703648377418042,-0.811787122378308,-0.2077046466909707,-0.10343838129102446,-1.0421563840352268,0.6730116466383428,-0.6782192558772042,-1.74732187360243,0.23175739710769813,-0.07824518553199085,0.9529494918964969,0.38842097496890005,-2.2964571058839103,6.698127179638635,0.5554860144699928,-6.190178359380688,-9.274040931968369,-0.20456230778048434,24.413063876169627,9.366035494228342,7.617033063030386,0.6316639787175258,-3.229909193472411,-11.234189212411064,15.749007214491707,-1.8988488652149407,-5.8661926289067665,1.1632053480469042,0.0
2.3445336842029016,-0.4946691593933446,0.7379473624547009,0.7966606060822375,-0.021196672000607212,-0.06594308856510263,-0.6004449091159609,-0.11756860186288802,-0.12546112775427407,-0.046978312426041176,0.8132356752270473,-0.5304204230128816,-0.29342383951350215,-0.5248772336339637,0.06455442407555932,-0.08484714909740727,1.1254349822762457,-0.8694262178164179,-0.2917137276552787,0.8182997862445816,-0.10059345858002174,0.010651559094766314,0.4526328601191387,0.36527835591080554,-0.9696201393694676,0.3132477163341791,-1.9975608337755313,-0.16715954558652774,-0.28711355056708976,0.2559530816180795,-0.174147591031258,-0.5795375448565498,0.3650059584127813,-0.2069154770429641,-3.27347795127539,0.7873264434214146,-0.12463333213551986,2.146041391214617,0.1946193369846471,-2.7743954216758073,12.879903933978822,-4.123443392210893,-6.218065294171927,-12.018439979614508,-11.374471593814029,25.245695648226842,22.556550455812857,17.176465059338966,1.8979097327401373,1.714145111343821,-20.85745511151413,23.281334098037696,15.227585828940489,-14.178117198101816,1.9299197011852418,0.0
2.3618818677227877,-0.4964062374570352,0.7378503207251889,0.7921942830559117,-0.013244971143266627,-0.06849930314170513,-0.6062677907509552,-0.12593836442721604,-0.17636928750954148,-0.05070301452334063,0.8354804125981118,-0.5042198664415913,-0.2980667894337252,-0.5181657263524008,0.05987481742355599,-0.07300521421869588,1.005660978486374,-0.7484889212590365,-0.29672830721416266,0.9146825961824756,-0.08198884176495225,-0.034776032100112445,1.0229684757269761,0.14481701126812926,-0.714363551740543,-0.7732733910889558,-2.9066345425084172,0.14053552524809798,1.8175241908743662,1.926086644724134,-0.2308468691642001,0.7721950648896115,-0.7947251223506276,1.2066369609461962,-6.662092351900577,6.458334173733502,-0.26070933782618566,5.584217249830641,0.044962619488985806,-4.439785348221276,33.58470234962365,-14.322379854989363,2.9770440704362153,-20.895593632502422,-32.75352252838132,57.725230240130415,45.050066602501474,50.29830524714018,2.4792710318014906,23.529217472845588,-65.41507002366524,62.54328533713488,33.33273439276825,-95.80126253745289,3.4159707345151307,0.0
2.3800768884012724,-0.49797763795353994,0.7345179407769991,0.7928269869430034,-0.005701157727488731,-0.07401092793478564,-0.6049092891679512,-0.16440144439781004,-0.20639397433625642,-0.023349904814791298,0.9550623646117604,-0.49578671653638706,-0.29970978013465993,-0.49689762808352544,0.017004159184980872,-0.058767365857153434,0.8792153720964224,-0.4907505411201052,-0.3023654846982443,0.9164104641633846,-0.09706141415488857,-0.26370414041453394,0.9317460442835159,-0.17428458948525716,0.525043986743454,-1.929739672161316,-0.48451335347518465,1.983630535244115,7.162387711399136,1.1148248175954072,-0.02715097092280218,1.0420500341545174,-3.070853410031057,0.418705052123122,-4.6437984417465845,13.445588773468465,-0.21274545541431272,0.5510438875158669,-1.7798304580135675,-8.604959111879243,-2.3319186857297094,-22.490125715217722,19.820216293308548,50.46675054344079,111.24293705698774,40.7112988308519,-14.67215827854634,52.47568305363689,2.887672760502061,-127.96017394646874,-124.19439613063899,-171.6639044530852,516.5578964769244,244.08483243876,27.061204455622217,0.0
2.3978759358317947,-0.5002911969329344,0.7274160976409314,0.7982537595336865,-0.0023964223655273073,-0.081091188627343,-0.5968328171918704,-0.19804690664421593,-0.1823427825936369,0.017820627144560595,1.1067121824420745,-0.6572563313449931,-0.2973231143641126,-0.49039190594056037,-0.06272390771437403,-0.0809930948286543,0.8523423452691451,-0.22614260049116797,-0.30163751337892997,0.862134767005573,-0.14247000244613342,-0.4048022147955331,0.5916090695553995,-0.49445030546373636,1.1641997164041327,-1.1578317880505826,2.4747300230483136,1.7368294646061686,6.650214765712669,-9.036772305162092,0.1517930841558231,-0.024608768014347998,-3.9737419107780596,-1.4183124514940402,1.0687346331453715,9.042423632121134,0.19122022079529796,-9.038992389866747,-1.849360420496913,-1.9322282106940138,-41.133009690593646,-10.026693410851156,6.349828734797021,53.75957773403207,183.7735897348438,-48.48476744469554,-155.51582881799834,119.15546684284037,-0.8088505844775006,-134.5133400502664,228.41061102660325,185.64742226405247,535.013326029212,-1646.5938032718761,43.917024938801525,0.0
2.414059892796763,-0.5034966519473641,0.7203214434005759,0.8024383868340024,-0.004548796099524155,-0.08591846905126196,-0.5904997548392178,-0.1985274238632619,-0.128011552342637,0.008411587453752,1.1406723322572845,-0.8098351107960035,-0.29587208172902546,-0.5017277095661233,-0.10304320654339004,-0.07950306955706725,0.9171483151451582,-0.2210628044196524,-0.296720237536218,0.7680764120573683,-0.16197672683558365,-0.3165246808170833,-0.20452245216799525,-0.4190763038479217,0.5631260919780166,0.45202887268344927,3.0067471758599917,-1.9316468205929629,-1.159159544276287,-6.416448955523048,0.0388228860774591,-0.6550914687054991,-0.9367957491202743,0.5874773849444319,3.6669945470520124,-3.0111836558281304,0.20370780676272116,-4.403526081200884,0.7534372848212381,3.581637413161305,-42.77050212061142,10.596985111953668,-15.71112503353898,19.76931269933969,39.27879312312009,-135.33419352901714,-223.982545507382,132.46200907970203,-1.9470514921544715,8.681772982059279,88.6517593154536,13.790854646016324,-26.04580896517133,-142.7567404566451,-7.562653271701888,0.0
2.4292590067206206,-0.5067020714171244,0.7149618077551323,0.8030713888072714,-0.010066648664827201,-0.08557663788785033,-0.5896199166510833,-0.17099281847443737,-0.07149980369591238,-0.04711447650248281,1.0156381102738399,-0.9080990836027117,-0.2955547176648624,-0.5129202887138277,-0.10652151652797989,-0.06142473584789618,0.9794771243623556,-0.29103207946617554,-0.2937799820815735,0.743322144814463,-0.13890570189282678,-0.25697566624163987,-0.7249692303881209,-0.09030950694534343,-0.028313555213048867,1.3826653698302342,2.846690280202271,-3.2344917812826246,-8.153685165113284,-1.8113222007212169,0.009751627023039918,-0.6041352473327007,0.31789181547033707,0.887289232000141,2.6058161996502562,-3.2804895971941432,0.10064136841840218,-2.3631272502902427,3.700802130630286,-0.9036309224462385,-33.93352240269888,28.58080982511579,-11.016113136618433,-50.42303834927513,14.147873296107644,-32.37633641869799,-41.65470404332141,295.1820598371772,-0.006760621620689089,-14.778413577939661,45.4299066734044,-19.17225617226124,-54.9117857589207,54.99842712026695,-4.4682242863826565,0.0
2.444694936528575,-0.5100973975864078,0.7108006381928085,0.8003260892953653,-0.01597954506914143,-0.08415896744711772,-0.5934139138331728,-0.14873956357601592,-0.012084149534169832,-0.03526267021678891,0.8807263202957275,-0.6603060691463924,-0.29642368221615406,-0.5201562577297176,-0.08917813955065036,-0.02830531128748147,1.0290628055319881,-0.3629638481652209,-0.29314887714827914,0.8039924087848649,-0.1984039018967613,-0.15465099213263023,-0.4515545198065357,-0.4193796694948648,-0.571902520299908,0.5731160404972402,2.385473851906435,2.8112281091189972,-3.147394165897768,16.02208174461042,-0.02446223454671092,0.023296126783060978,0.9785692204366301,2.004226821172315,2.1469545113469253,-3.397337020631121,-0.005513508725887386,4.346046007489278,-4.1237683187354115,6.275022808374546,15.991300909818321,-22.091311010015698,-15.880651037042558,20.29853057836851,-134.1375058607097,26.313039564396163,226.81446237899678,-60.65467261664524,4.2074845200317235,53.82577918452539,-2.055687523202855,25.66232603723482,-46.9568984847011,46.40533569288377,-3.019659527354721,0.0
2.460940598017523,-0.5145883575216729,0.709186398117962,0.7964825595811923,-0.02071875928493702,-0.08688692897937303,-0.5980275301933998,-0.13684427004171393,-0.002029152657718811,-0.0013548738977440622,0.8857060395739389,-0.5657634192989548,-0.2939427917019447,-0.5223078486066719,-0.07812281822253206,-0.002750663844810321,1.107160992395166,-0.5157107475561921,-0.2921627901553527,0.8018882618486118,-0.2588133066494059,-0.004643002411329818,-0.19789730132783487,-0.6353640897525326,-0.5931195017723073,0.9641901039678649,-0.2126807651833631,1.2232422321044196,1.1447020008513646,-0.0625740277266339,0.18222021087764997,0.18942019894700374,0.34978292663420885,0.413545528358391,4.017956565413245,-7.691818840983662,0.06142014449056214,-2.1569137173765895,-4.316507019790064,8.935287781540659,1.507808347753179,-12.156191146023522,-6.014297035225577,58.100749596185366,-34.11127331878762,-26.576974255002902,-5.617590583302379,-268.4594623373318,0.5560134590929501,49.892907509890314,-8.0107390986653,-98.010343548732,-55.63691320489787,119.88741321402533,-0.15683132624095406,0.0
2.476379054478076,-0.5198316449227327,0.7097784765992016,0.7910756419564755,-0.02495593737675438,-0.08958554374966485,-0.6046081046792825,-0.11622057797755594,-0.006162048523373474,0.024860073923412343,0.9077930111435727,-0.5941591220001246,-0.2922023535560338,-0.5170891147925403,-0.06186296941981543,0.000841374762735678,1.1657040330961486,-0.6842040659828257,-0.2903403949400173,0.7474009281732805,-0.26316553850734836,0.055822593173035506,-0.2868245533520774,-0.3788751502651282,-0.9718894566392486,1.1143064681978316,-0.16841214311309516,1.366040822642675,0.7843558958593201,-1.7870640061752063,0.03417960668034954,0.2810078572516879,1.1409879266838825,-0.06320989903112295,1.9841659812209753,-7.515803497024963,0.08974623537681505,-2.6635937424230662,0.1036934719419043,2.594508460337161,-4.355887537413301,15.054070101396734,-14.080490422845404,7.700255050021607,4.468189978834167,3.785175391388683,-47.6475998349653,0.15264345807899815,-4.02622139844577,-2.076661477099516,30.468028410423877,-31.333948381693297,-99.79041404776612,145.57174846839507,-1.363441408178532,0.0
2.490889054212142,-0.5249884050238673,0.71126083793956,0.7845102241857482,-0.027537921783288864,-0.08982878619746659,-0.6129568991227474,-0.09443233964665781,-0.012624576285457918,0.04789465892405881,0.9153316891759492,-0.6246096403451833,-0.29355478530191764,-0.5111510330904928,-0.03422313331971025,-0.010543613507712575,1.1856248668113067,-0.7987618352528048,-0.2884280921985434,0.7097451771566987,-0.25078051304199245,0.08429981725210024,-0.2604388627892583,-0.06305585911117437,-1.0704036775461976,0.9976112908279393,-0.4749288205181803,0.9509918108592207,0.11782135939631001,-1.1993958390178103,-0.0967149332909,0.24186619175928992,1.5454198398505932,-0.9304929205269005,0.37652217086923023,-4.592140141981263,0.08671256606144821,-1.5104085510612946,1.0059555011136474,0.7209916819994775,3.987852916005362,17.710469928298078,-2.953723100380949,-16.53673372023748,-20.028512825621185,-25.202393094997138,-20.706543328172643,41.26898091470779,-0.3065619561933268,-12.042598986827183,15.303869783668711,-34.493381902706005,-51.23358832608766,106.61342355022835,-1.605124426162134,0.0
2.5051220790693955,-0.5298362986450093,0.7130117200779877,0.7774831796115264,-0.027151761232541483,-0.0888579358409002,-0.6220023750125206,-0.07722002126723282,-0.03120432374068402,0.057586357509080144,0.9149708275152564,-0.6384920885131524,-0.29553499968159114,-0.5075925080798032,-0.003555915344380906,-0.034437300930407845,1.1817714914041926,-0.8532222378359753,-0.28725192565773633,0.7179126097737596,-0.23497918717026953,0.08423142702629144,-0.00950920390512645,0.16921054394244883,-1.2295562537483689,0.8130233505706792,-1.4594366268027037,-0.18478677614692096,-0.26558995539435415,-0.4293521458025918,-0.09550743305188747,0.07080153591475816,1.532083884602713,-1.3057935130120955,-0.44827974096998313,-1.9482262589995893,0.04274339958930945,1.3143514899274922,0.8795723785901315,-1.111489261131357,14.29571486699145,12.263528298489188,-15.128632481280537,8.586642343858495,-87.9729028970647,-130.7050002030832,-53.45825031836128,4.9649784777002015,-0.035385928582689796,-17.318893187743512,1.62106830984265,-2.6832654916125764,-12.179208713573214,54.13744491761656,-1.3697283050779723,0.0
2.5199046503755143,-0.5342878801887763,0.7147138211702753,0.7688780726639893,-0.02302251994434749,-0.08804686479194948,-0.632885631494529,-0.06210108029528505,-0.07309087835258071,0.039536453677186355,0.9051568566922011,-0.6404932411719647,-0.29796524436963434,-0.5015304469681028,0.024739608994655563,-0.058464135740547735,1.1315456967612152,-0.8487379440185513,-0.2877098967629558,0.7583950711599847,-0.20972290218598844,0.07158394451864593,0.3069473792518495,0.3804968029125888,-1.6061258607875464,0.6315329669328578,-2.436852959246834,-1.0307922272172199,-0.5776744863409448,0.12694653442580767,-0.11981141544536082,0.24805060268299814,1.3075166719113085,-1.0322699732354075,-3.293794472359441,0.6806858235823157,-0.04096978949066272,2.280981942001408,1.6115602408292147,-2.471860050491961,19.068334209100577,13.270705549311101,-23.57067578219163,-19.717529598293133,-24.57796126626895,19.571763331514397,-2.711079053597336,22.268849590969065,1.3409392782985319,-23.736988819629026,-13.448708515622977,23.028297672899814,-22.05065128218772,1.2782253757169926,-0.18466005101446464,0.0
2.5359716717380985,-0.5378769301950643,0.7158733407001167,0.7603896260514569,-0.014724334820163375,-0.08881533306215064,-0.643197207060547,-0.07057654769059356,-0.1393124731226877,0.00019895354003190199,0.9274310168942208,-0.6112281305497026,-0.3006403073906577,-0.492376557503335,0.041922748011290686,-0.04832990026650041,1.0308765371385455,-0.6856954749208488,-0.2917331674439762,0.8353124366608681,-0.16296858399289532,0.04652584774669938,0.7682670315945253,0.4036820896229708,-1.2970614143962922,-0.9568371077154719,-3.5874845208645016,-1.8477847971983103,1.912928056890513,2.2477239269074722,-0.13386369980066035,-0.2987276956288788,0.7006812034301825,2.5882391892428593,-2.9159668742304468,10.54015577850623,-0.19567990032988483,3.098629804373984,0.49539568396914163,-0.0774458748723782,15.926580275187709,-8.060295977504964,14.0245451071539,-28.567474649902795,1.8945178207762137,65.98284674542424,41.39238891663198,68.55581035886163,0.5265795685173503,-76.37366010529401,-48.24410159242558,144.3555268816558,290.5161967510602,5.790016165853512,6.353001923920008,0.0
2.55253362710309,-0.5410535761979243,0.7155044983244083,0.7584770839921231,-0.008025700082980407,-0.09070879168156241,-0.6453061415395447,-0.102904574736072,-0.17789269973902128,-0.01223535390395075,1.0331298148995467,-0.6578320310978348,-0.29936937006827324,-0.4957348597588762,0.013429146267777203,-0.030313359301383444,0.9749060205054186,-0.361865764904448,-0.29735741242325914,0.8340247121898445,-0.18274732091333545,-0.058843424177957175,0.5633057172099316,0.0475197084024318,0.25280394436943243,-1.3982056939090417,-0.7789057832673449,0.17881475102348035,6.040373456680298,-2.944020738120143,0.1222552989855389,0.3215420717501708,-3.008078573073091,-0.4795911004939299,-2.417593835154241,15.809271479746918,-0.2659974479795944,1.2544749693948005,-4.125492685538747,-3.7633524987069302,-0.3897721808546992,-31.143741491343178,51.201701688703,68.87671353843626,111.99368923012763,65.15195841056558,-35.455699978867116,39.13239442237555,1.1575196045723737,70.87695580194003,-152.51498405252752,-136.28675348677268,49.69852972471735,-249.2811284348716,5.527132347441605,0.0
2.5679582850835185,-0.5446153139980521,0.713738565243128,0.7636900550068897,-0.00678322374887223,-0.09239067908654658,-0.6389017531491624,-0.1330638594328915,-0.1585234858077128,-0.0027482568764422254,1.1655302292226233,-0.8103547882636216,-0.29535319538539057,-0.49577667305553136,-0.03423102296918663,-0.03846277559814332,0.9820981249714053,-0.2665100093565252,-0.29902479907973994,0.721610340902523,-0.175845574867346,-0.07749973417794928,0.019594872226787186,-0.07114255482751823,1.1603186517890958,-1.3103024153244607,2.2502416329623895,0.3936118623884137,5.909862391541755,-7.6548697853367,0.20054157683292786,-0.04435523598778192,-1.7951387014948528,-0.29082222170067495,1.6726177528063848,-1.2215201675511498,0.001161939049201921,-4.300248811325436,0.04148642590348624,2.9467630548192085,-23.042425405513065,-9.588538933676993,33.4147822017753,37.616150643390995,119.15802530224914,-34.65424145099762,-143.02637235989508,124.0874926077445,-3.0721764076271922,21.70405674691936,38.340669882602725,-6.129536440039707,45.53153273223796,-323.92606885897834,2.465734165075841,0.0
2.581837314895407,-0.5480881352784452,0.7134292021273642,0.7703542877487936,-0.009580840946012465,-0.09093342856285898,-0.6310258238801484,-0.14580420658594626,-0.10751048629999928,-0.01863810289485074,1.2003799360460903,-0.9131013732993603,-0.2927196496869954,-0.4925422052867193,-0.05663693487204923,-0.0389650851813543,1.0087486818625813,-0.3171719523957497,-0.2981682533094256,0.6745409196422851,-0.16022777203392397,0.022367677663533463,-0.42770036531124356,0.08807017240368067,1.0164844426634176,-0.46996558434945124,2.7870585840249276,-1.5736599539833043,-0.682558254871396,-1.7720520332325904,0.09271096344729624,0.2718482227244332,-0.7579083606540292,-0.014246223937764904,0.9040368833182639,-2.671886795379117,0.041747312033735884,-1.8622473117324314,2.2692002930544932,2.966089081125985,-21.56314073291014,14.208896658087335,-1.60968903477709,-6.4549238617678455,25.431906616818488,-71.07851816212613,-191.69578841650355,306.06575023966553,-3.101164714393678,5.962088454974728,29.3802204518878,-10.008013658397964,-51.45449901808007,32.90371764976153,-1.5912556566687,0.0
2.595280386799131,-0.550888021962241,0.7145645989044364,0.7758383539606127,-0.013374323534919854,-0.0853173099713374,-0.6249935460570178,-0.1508453534305905,-0.05012630261829045,-0.056380997447799744,1.1307690276613984,-0.9180592829074397,-0.292101206687092,-0.486569712989559,-0.06669664186782111,-0.03959309313831517,1.015845593160749,-0.3596850127446473,-0.29729936245365646,0.6708372143916279,-0.11293541521885174,0.06553978781738554,-0.7236383386417369,0.40513258729522,0.7678226365799132,-0.41873834719294145,2.9154416484099395,-2.066527799568966,-4.57116214957621,0.33163566856200966,0.008230704296939177,0.19783877831907043,-0.3342114603966565,-0.09477999392017751,0.013595980286576673,-1.6250018091604992,0.03444356618517803,0.039440634121246765,3.6941093278654287,-0.4024012578383134,-15.207380477435986,21.11014248168081,-6.186151141114429,-42.236128331607134,1.8903461385939908,-14.411548998560493,-34.221923514885844,27.031820618851068,-1.060770954081848,-19.70419393495844,15.752001612670131,-9.14574534852498,-28.68874790045041,55.07936860914773,-1.311360077393832,0.0
2.6095150437055508,-0.5529367554221236,0.7158321935428789,0.7782607900025786,-0.015826103258825622,-0.07778055047098516,-0.622904377227062,-0.14512668459089156,-0.0012478116763067716,-0.09313336274446297,0.9769199065710887,-0.906804669516513,-0.2931360583157207,-0.4859651389037064,-0.07058183694536839,-0.033254091878879746,1.0155867582473788,-0.38413181203068614,-0.2970773301656144,0.7392486846394166,-0.07748705550768818,0.036716212899355956,-0.6253524024539224,0.5599223646542302,0.1239276491011285,0.26288220887471,2.0942444289989064,-1.6915060604169714,-8.301486158795228,0.5758864849302758,-0.06251690256818344,-0.2373763446556217,-0.11631502841091536,0.5130342011768415,0.05183945821485769,-0.9423265333749207,0.0003686658743283675,2.749727172236413,3.755581706868123,-4.4975732986482715,-1.7395562241412668,16.051216352012517,-16.52079876640193,-43.315070708634416,-36.77833773698007,13.618256914494523,68.16893719786086,-7.600732109804705,0.685145591000193,-36.92658242578891,5.884476091451261,12.785902355155544,13.023597876259553,26.489717919654353,-0.6199070363368502,0.0
2.6251902621000873,-0.5548534287935961,0.7160769100082666,0.7765465973211186,-0.016786548610402043,-0.07202941069231439,-0.6257038900071358,-0.14029158469178346,0.03557633148182388,-0.08146896999139755,0.8482690861575964,-0.7658376459394168,-0.29399528535221453,-0.49101265113362136,-0.06742254002759308,-0.008799353596857119,1.0233112389714014,-0.4056528109703389,-0.296248473918325,0.8243822258890062,-0.1148134105428215,0.011984303714334083,-0.27957545373080944,0.19795797532714948,-0.544240750752824,-0.2935087346325828,1.2485357852423715,2.2696093422625836,-2.235466373795968,9.036471245567963,0.004848692018723361,-0.10351553047173488,0.13603584842868224,1.60217135206444,0.47222447232619486,-1.0382301189333971,0.043641181514325326,5.012419807250841,-3.311650695327622,1.554658325134211,22.129155755448437,-25.58528347012216,-26.72337750384013,-2.0057824083044435,-113.64146323505368,41.116598338200134,311.01802961417195,-76.21052852604238,6.516239148721478,30.752559106478586,-12.503584661108908,35.6331516192026,-2.9517075867097553,11.473209939746932,-1.2770121282021476,0.0
2.6411723710222708,-0.5582070970195582,0.7166328016009873,0.772189804930294,-0.019294794617041006,-0.07030266216652423,-0.6311958109451464,-0.1392201864276567,0.04454059079591761,-0.04788895202131934,0.8133979958036357,-0.5001821492774056,-0.29494877349558857,-0.4889153815799276,-0.043334575303523706,0.033089876588414696,1.049335518418046,-0.4570080507390321,-0.2936159152115436,0.773869656119237,-0.2121183238568199,0.06858229531116297,-0.3709309542073018,-0.243524291645967,-0.7233494414266518,0.4069593237851634,-0.08188068730182624,1.1569557142889286,0.32915938932421035,4.015766779815098,0.05964088638418513,0.5047563792657241,1.741917088783615,1.96517697318795,1.4757369598653103,-2.535811372837292,0.14025875589793077,-3.301262418441649,-5.037520055533259,7.208916718666605,1.8741350751971417,-21.6706117945137,-0.7348159163943413,54.783827701204245,-31.845054877915267,-33.2416984466023,131.610417698724,-841.6321634417752,11.542985820435458,59.090932009093756,34.06627199579221,-50.133130631969145,-13.225831463643699,46.514028677602106,-1.962308702544688,0.0
2.6562079903718505,-0.5627155771956025,0.7185992776783681,0.7668758305258984,-0.022400116379748817,-0.07040962542566225,-0.6375281797605543,-0.12729892758341507,0.0393494217949707,-0.024784779741204386,0.831389602100612,-0.5089956908682355,-0.29356543111718764,-0.48095894603445677,-0.013222236503825213,0.0506212728396875,1.0887319160842088,-0.6082218945954047,-0.2910599032782716,0.7330024915353514,-0.2358434487645922,0.12581640427317,-0.23965725436378943,-0.20925962056106392,-0.8665554441971959,0.8286006833110455,-0.340907099476109,1.1637382177505033,0.7620554508299192,-2.036931795299834,0.04562047256993381,0.3447953841636203,1.3541617663622125,0.04696951497393845,1.8828110499656014,-7.676316960457613,0.10618923700864434,-2.0903681038197544,-1.0427581840144775,3.025349084849789,4.325653033966891,3.3256178298262675,-5.93810746533992,27.298488893090454,-7.181861095226752,-0.7492641895196445,-45.744276830541004,-60.4470723526526,-3.732072042123207,-4.28825118295655,-13.23048839307749,-84.01610823103651,-32.901410343516375,123.09670296106385,-2.6973059422900514,0.0
2.670634152440381,-0.567250512606466,0.7210138497840082,0.7603950605477894,-0.023618772501400955,-0.07024194115637535,-0.6452190133455734,-0.11216900953241028,0.028151422611375952,-0.0058571617825910124,0.8452954363753448,-0.5488075419180914,-0.29361582165864303,-0.48064292011778514,0.009850880584923612,0.032337919119488114,1.1240200637485023,-0.7483432954196729,-0.2888907741965486,0.7122074847104012,-0.22062150115294252,0.11874636115020012,-0.12220231763469165,-0.003555366281541319,-1.1093710905875722,0.7236244103612111,-0.7317928874153712,0.7761489640264877,0.534207097765279,-1.6738414525342993,-0.024566679416297088,-0.19146488590028887,1.1044957153822614,-1.4667013736613066,1.474166489886402,-5.93898673209313,0.09644718792879131,-0.9454213373851553,0.5928060813221999,-0.134544659087897,5.654298415408467,9.555917825465617,-13.616521369126822,-2.722935298737495,-18.872770373283124,-18.21836235978342,-22.38178269892976,48.08101952689457,-1.3447547859401412,-18.82841111326749,3.6636740391833835,-41.71029250162743,-42.55946485666345,127.76064166983781,-1.9246846352415359,0.0
2.685151268411912,-0.5713138158853728,0.7232217896394032,0.7527852390127949,-0.021641968266423256,-0.06988459637726371,-0.6541881627813139,-0.1026979161940808,-0.003265594394556457,-0.014910478475731083,0.8581480947478028,-0.5676478732009991,-0.2943294934216482,-0.48586548160148646,0.027686987366639604,-0.00022077493839213263,1.1327622861757907,-0.8103300975628317,-0.2882675663430058,0.7386281879512776,-0.19222878488964443,0.0985411822842617,0.18470224472245228,0.21534960227453864,-1.3345595636863639,0.42199560440238176,-2.1520741669870964,-1.2088173732436858,0.49231865111443357,-0.5314093520126454,-0.04304162876848185,-0.3608779690452349,0.8497554565784656,-1.5393458428310998,-0.136214853594128,-2.0616587372454247,0.0059869903748682955,1.320636010674804,1.0548387590267794,-1.5993922934817342,14.977925567286341,9.84474346389332,-21.69938359093195,-2.6244182883876364,-41.707717973648414,-33.556397028540985,-21.85073117057216,37.254321543995154,-0.4234047596193886,-14.681303712390674,4.621415106179729,23.688637011665975,-45.22721304530552,63.296224388585756,-1.3076298773197514,0.0
2.700768518967457,-0.5746473167325127,0.7251089350479508,0.7444244252485154,-0.015365046079910981,-0.07086647458696244,-0.663757586195438,-0.1102451242579452,-0.05912846244414028,-0.04605056104827167,0.8901658202865551,-0.5531558295164377,-0.29661672812474904,-0.4795727524209389,0.035114599721678484,-0.017573294311629555,1.0575404128283268,-0.7387558711224,-0.29103579572741284,0.8195046640779037,-0.15279669954925745,0.07361964901222348,0.714665952514726,0.34583994638055915,-1.4061439851426114,-0.7884818834486781,-3.0915750684910335,-1.165395814786734,2.078801064980736,1.435646113294311,-0.1341996422790961,0.5514302479082206,0.008585295649199076,-0.2242138167430428,-5.1941864575213055,4.3807506219906625,-0.16863645830214988,4.528066072677803,1.0404678272362118,-3.4891093261290282,31.676486653679614,3.3756034777784616,-17.618648785001106,-28.787404151482185,-18.610028972952897,84.62632158380318,22.573745079273753,56.329478248029375,-0.15154404114405662,1.7095949715454584,-39.40496484406908,73.46237269527788,-49.78681863349663,-50.349655780112016,1.054950163618833,0.0
2.717789160044461,-0.5777070421770344,0.7245216522080202,0.7381598608175334,-0.007738031566967581,-0.07477375772356297,-0.6704245132013037,-0.13836425834049726,-0.11429854348084557,-0.05938680975195573,0.9881811487154408,-0.5553811023920454,-0.2987640916010524,-0.4713682337848732,0.021195509601892162,-0.0027393009350494884,0.9686806491979104,-0.46957975318678447,-0.29605365607106515,0.8746352094524272,-0.1711390145079609,-0.09437954114323036,0.8168081516040253,-0.03733528776131655,-0.702741174023283,-1.2837400056375106,-2.345084050399462,-0.09093866426585648,5.5074095262740155,-0.20223747738414263,-0.08727667921179465,0.08223262173779798,-1.2500869449435963,1.480932749174786,-2.5293925708261096,14.765278956232756,-0.2179305735520131,2.5418418038874737,-3.7319312715002178,-5.946730320976864,4.963141267757732,-31.510791179305926,26.649979357481296,56.63978449070915,51.955213981879155,62.75917758207115,-36.81901405050623,26.052371749701283,2.042471798710168,3.086368840015836,-83.71744029043292,-1.1592513424188078,173.3775994430359,-155.33448357445923,6.257118085961788,0.0
2.7346291043716358,-0.581397965362929,0.7223687230021457,0.7370084968965059,-0.0046012159367121745,-0.08021447920118177,-0.6710908594525327,-0.15917634371800246,-0.12369203533347929,-0.039564918003724234,1.086925229590322,-0.7167624508378584,-0.2976170719234424,-0.4690793406296471,-0.013230458100129874,0.015043817625300417,0.9560407214911086,-0.3003298205860105,-0.29759229962402944,0.797375628038218,-0.1864278517336609,-0.08450896931178684,0.31756364174199403,-0.3034845797071681,0.2457401095262089,-0.7898506979220167,1.0064445711462016,1.366742090238529,3.8546247063933965,-8.800274753083116,0.09745336288915467,0.04738724915167687,-1.5198553713701937,0.6623551400687123,1.244737449037039,0.7263765010263259,0.06255621318511845,-5.052216200247304,0.11259704340458351,4.461732330689472,-32.51804333885227,-10.925812219870393,44.64806681835677,30.435047302756104,144.3660895467948,-3.1512238309516203,-143.2627532767324,118.62188785838309,0.5040335315392763,17.400062908732497,24.708297305991437,-34.63270378406076,95.38449643028667,-520.6583712476502,6.947648333975653,0.0
2.7496997549896496,-0.5849458386327281,0.7211935196600309,0.7408663069638536,-0.006593308282333876,-0.08187188561658852,-0.6666113094129278,-0.16786531065026078,-0.09098995470168658,-0.03896980938461617,1.1040834370949086,-0.8665142866334928,-0.29579577269464297,-0.46702169049086606,-0.038253363495680086,0.021900383576816434,0.9867542917608857,-0.3388720459453041,-0.29587244932890266,0.7198625211646619,-0.16245150207299286,-0.045248333156282065,-0.26304236507847595,-0.13229109634290828,0.915186941177465,-0.42292053750816766,2.145632027967717,-0.9395877988565201,-0.8405794676946559,-6.276341849225994,0.0793350480135274,0.18913250369676413,-1.1038538740428743,-0.0286453125914624,1.3819417506444729,-2.6872904689060717,0.07830383988624849,-3.4388218303046836,2.172547750409381,0.7439844303475687,-29.347073060060545,12.508392028446409,34.52751303150805,-18.762011263749145,55.71018528731684,-95.60198701215958,-131.34785596074667,132.9067969915389,-1.5321259019653528,9.912281236456284,12.053429643018802,-46.298057225335654,-35.55908937359849,-8.219289972648578,-1.9568767649981722,0.0
2.764146939951663,-0.5880977842890573,0.7209362801582424,0.7455317811787918,-0.01060116101060572,-0.07951336020286726,-0.6616249724631418,-0.16323203704975145,-0.049175820456245044,-0.0694194574120816,1.0152289832178263,-0.9168010062828025,-0.29559782605903967,-0.4609607116629419,-0.0535328185533671,0.024269279482972597,1.0043043334949096,-0.3859790653500287,-0.2949289500946034,0.7229809317076464,-0.13827227858030247,-0.009944640697756116,-0.5649243399555964,0.07391811156295695,0.6286307013494601,0.24946178938872265,2.097821083612588,-1.8873184049514158,-5.733769489927617,-0.3070778532784416,-0.011879506599498317,0.24735321811777228,-0.5396499529159973,0.10540117769001858,0.5547864584915851,-1.9457827768760518,0.025186072016339735,0.07345337363135156,3.1298543001989,-1.3444087256291901,-19.16819804868953,18.76618863139737,-5.200283359245409,-32.88606557838389,4.224902068289933,-30.91539586742437,-25.332351815223735,125.30739021095964,-0.5753211299639261,-16.631996769806797,21.894201262479783,-8.688406314734637,-27.45488791518502,49.729812469214586,-1.905808776965957,0.0
2.7792254548693607,-0.5906852212884648,0.720684396564517,0.7475190211951511,-0.014029133222302325,-0.0748651165055632,-0.6598588566527548,-0.15206556776337718,-0.0073920027726201935,-0.0811720863751536,0.8763124567528289,-0.8997337570868162,-0.29603236166785446,-0.4583765997909022,-0.06113182744543818,0.03248938961240507,1.01288310986466,-0.4158836714733751,-0.29465597687299183,0.7775171756906578,-0.11495994528402513,-0.017511334094229263,-0.5376967024500379,0.20299245145671424,0.18983935671343694,-0.2792901357037189,2.1931505839476495,1.732770401010873,-2.9959576975133655,1.7825129226819771,0.004519260813061032,0.03576681421941051,-0.36056499879447673,0.51542147291888,0.32800294508765326,-1.1785623941564443,0.007873027353239982,3.344936847896647,0.6501896460763725,1.7645013721767042,7.807655111091774,1.8899139308638189,-6.928960090155502,-109.0087725009318,-37.13761235770146,215.90544745756966,584.1658058249545,-41.93224030766864,5.663310190426634,3.7734537350963215,-9.586087681046827,11.971760833739255,-20.011815256292213,32.39808272400815,-0.33876245966544405,0.0
2.7954201636891933,-0.5938392786773273,0.7216661619253177,0.7463590771620079,-0.017122744530787357,-0.07290928225854475,-0.6613162451642581,-0.1555001411273212,0.014323946518848841,-0.04014964419143921,0.8424848190840523,-0.7204029866679585,-0.29478072887184414,-0.448474985457942,-0.06592499560194418,0.05339203350054054,1.0126632395480253,-0.4329118856177573,-0.2933313880994031,0.8346559587950981,-0.19657331412931855,0.09006230581979587,-0.2794999200501141,-0.2810663536200455,-0.4382140462059635,0.3082067051385234,0.11243813718289838,1.6098528477845753,-1.2179683105722416,10.082860605925426,0.07567094159043396,0.8585935866366113,-0.1456284005853598,1.3935806258057273,-0.25366317065859756,-0.643696791257157,0.06823156565917554,2.5165628182348936,-4.3025014322753945,3.4670514819594054,6.992182055852475,-22.267918585532247,-29.248586706572215,71.60864644565548,-105.26751066810615,-78.9444920477728,10.190255376581609,-81.38163680771501,-1.1882362277962726,36.926744210944996,10.30524523138458,32.29741012148864,-23.890930541408895,19.19423450570367,-2.0270797571517214,0.0
2.8112058202157413,-0.5979234935722725,0.7231866626828194,0.7437104597311022,-0.021630150024263158,-0.07133116596647174,-0.6643333150296951,-0.1489007630533671,0.00856735024352852,-0.026662830118696825,0.8109570009959173,-0.4699884048007421,-0.2951668815591974,-0.43628004134121945,-0.053793219340629146,0.07852588514362177,1.0228214508116609,-0.47284392870479386,-0.29177976946680484,0.7466697001259743,-0.20763439250971588,0.09270802875619924,-0.5793338789239394,-0.11813228729910663,-0.2707939484897246,0.2035488442363465,-0.32810373604999593,0.3118444429754159,0.20253700470246605,3.622065522175369,0.06329304177675624,0.5165130649767788,0.9988317363384243,0.7901376948525141,0.6425873633289827,-2.002735843656791,0.0724608221691274,-4.6319901453595875,-0.3704621583047951,4.537879001545224,-5.710462455236881,7.927531189210549,10.435007540605362,-2.597153866107519,3.2748536674984785,-20.56642604928314,131.32543265751823,-790.5031838630556,8.410875706885113,-2.815023162250103,26.33408341713048,-67.44705416179332,-12.272058769680832,39.23913078212996,-1.1748417131894129,0.0
2.8256568112964895,-0.6016648826254365,0.7247280551377342,0.7405314240904888,-0.02498141348451536,-0.06747277683778657,-0.668159085323718,-0.1489371899926601,0.004233027511518505,-0.014131805574281465,0.8314815711902614,-0.48332918284197085,-0.29243153926699034,-0.44452146312633034,-0.03685063251682512,0.07270550227613908,1.0721431900258394,-0.6351190186974486,-0.2895986580190949,0.7031475524105958,-0.17702708718967447,0.07870246638270632,-0.5327481742935406,0.14933979125983124,-0.6243878043615478,0.000729414376556145,-0.12938410342818066,0.8061822113583144,1.107369956253176,-2.2289626396972837,0.13153001152160898,-0.8959197585293606,0.834855466890424,-0.9888134033144769,2.923586169802496,-8.36367680356631,0.10688020132473945,-2.1045127571456383,0.621373458016793,1.0005415738365433,-0.5819054614422053,8.249688329967446,-17.10841317055416,9.695382054687396,8.315144194059002,13.611815346163414,-23.007538527202705,-61.80643503195677,-3.4296591936870753,-33.65782251832455,7.514647004748867,-60.130245537051124,-9.777444573056783,133.19787930093506,-1.685270458968105,0.0
2.8394245048235582,-0.6051459726914884,0.7260633891080888,0.735625724454897,-0.02694657949837662,-0.06302909007936199,-0.6739109801578504,-0.14816165858770292,-0.0004272774624600324,-0.00023136590163226741,0.8518989435793777,-0.5281120331352623,-0.28966724338828176,-0.4706807263319783,-0.018906272274211437,0.04373221331219937,1.1475542764598679,-0.788625179218566,-0.2878143576951027,0.6759278304887195,-0.17735565728570502,0.06753267292857666,-0.4803482381986499,0.17265889295743025,-0.8018608770468798,0.15020734391195611,-0.28635115635122693,0.6116268454937033,0.8069807284282544,-1.982332257153655,0.11948072415304041,-1.376931057521621,1.0348544453164294,-1.666883458792106,3.699574725093744,-6.486351152587608,0.07150392320657008,-1.3570426188827258,-0.7220650562519827,0.7275845047533487,0.5185204213433381,-2.7134706028532314,-7.025000800164567,16.680018216416087,-5.092241079271243,-10.367353825817114,-30.42229313547625,41.36520279880071,-3.0626667427088945,9.504268851185149,21.22111085824489,-11.950102432019875,-55.53715007988233,142.12123572298407,-1.9722454271730974,0.0
2.8528828306344054,-0.6088316616954614,0.7274303401965945,0.7299593259449157,-0.028654988774202233,-0.059303203688896786,-0.6803097854041417,-0.1412248725782164,-0.01586870179754772,-0.006420241167917459,0.8613397225091788,-0.559536435345174,-0.28814421363463133,-0.49544537507956676,0.003537292314771864,0.009769754182038428,1.2103388868267926,-0.885831518723777,-0.28723320816924147,0.6736848092123164,-0.19123174872797327,0.0674392826248278,-0.4007013504264538,0.10991323210036807,-0.9178394980811336,0.6423812503169732,-1.2656304090102455,-1.291243468890695,0.004718831838329468,-1.4054123814202426,0.041297872715501845,-1.0896390677893804,1.2687327771368668,-1.5903170749399507,2.4741306212299725,-2.8372260014010835,0.011139968810500948,0.02923263058284023,-0.6209025085311864,-0.20616849221414119,2.3334765222667153,-2.6329156562814084,-13.439363662133239,31.75727087436556,-38.69804907790651,-76.46521761615246,-50.5452192609809,13.301496812287622,-3.2376345938305255,14.929657964235487,22.210480703740576,20.152776077086838,-85.34380139954793,376.0418987393891,-1.092942621563823,0.0
2.8664546912737214,-0.6126129652866836,0.7286248729814533,0.7229133648014568,-0.02967349106825487,-0.056256970061634784,-0.6880050175970683,-0.12646607285808825,-0.044968626790346224,-0.03686131144720177,0.8562560662645319,-0.5830702901666819,-0.2880812245092204,-0.5147267399309754,0.029339558598083824,-0.0197098296675724,1.2397627415582417,-0.9006183671266524,-0.2875505141964213,0.6825661721180236,-0.18660970827664422,0.05073750112121743,-0.3015549832815825,0.15701017998478306,-1.1281293012830242,0.7737359212142578,-1.455896301096681,-1.364420299877823,-0.41363790833573205,-1.0153525181846803,-0.014020129189456013,-0.8804114758094449,1.3265003131324296,-1.3135515711178618,0.7590009188161854,0.10753335927156615,-0.02250658945623311,0.49017016682703435,0.3538017135711332,-1.2429685843540705,5.521228592712497,3.0025874102788173,-11.675979996985836,-0.22701768328880867,9.272487724391445,39.77756118205442,-12.655628867155,16.162843688637277,-1.061672327641908,7.017588797290868,3.766223793091521,21.408730343409268,-68.08926982397962,44.82617641101087,0.06012529941287348,0.0
2.8803325452627226,-0.6162498530927895,0.7294661250104487,0.7146606444500908,-0.029183084739522587,-0.053641837632390874,-0.6968005913420903,-0.11068612847145375,-0.07544155980243852,-0.06171456386631326,0.8437502105281027,-0.6004787859993287,-0.28933596578340104,-0.5296702484308984,0.052461301059316526,-0.043393439191591957,1.2346069651026501,-0.8939100366665698,-0.28904177019552857,0.703979035249291,-0.17611077303082961,0.029529896251215285,-0.14283239882641077,0.24964597548740994,-1.2624587463127586,0.7350713089892755,-1.4996792145169153,-0.9299120700820953,-0.7170392112165377,-0.7632896862654253,-0.07575305830244496,-0.7221043974602217,1.0242831365652503,-1.020912379120775,-0.7801879857519748,0.3750750709705208,-0.08266249984581957,1.206609600554569,0.7516209802246478,-1.7938064330921166,9.027147449677244,5.7409386841682055,-7.0058031906119504,-10.986308291971634,6.842321558508598,47.1681992654531,-3.8908537960281153,11.119608608295156,-0.00797184218799174,-3.106062203144942,-14.900977878263236,21.468936346077864,-34.457664957315814,-3.225945281269839,0.8500244369449637,0.0
2.8946696125273936,-0.6196543328954168,0.7298807777844651,0.7057720141654448,-0.02689194640990933,-0.0515534095360631,-0.7060488178620121,-0.09974735595067989,-0.10464359210918746,-0.07175500054794984,0.8320016652168334,-0.6106407940481035,-0.2918512868116196,-0.5402693927033858,0.06927386341355135,-0.059647772625762624,1.1950359731177156,-0.8861892889649761,-0.29157252405764744,0.727376502566138,-0.16403646204137673,0.009532636634826386,0.0338633369652576,0.3250077981307945,-1.27479660103251,0.25800220801920887,-1.226569152699903,0.4172737656675498,-0.32444937407832247,-0.22413265393218332,-0.12532626783548095,-0.4960262640991514,0.6498811417108575,-0.6286741428629586,-2.41923506561755,0.34111227051614157,-0.12492071980139317,1.4487492799107424,0.5550017089923578,-1.6006371453927857,12.215636645185047,3.337253819769477,3.090435869481975,-30.326174248301317,16.039669760169286,86.09860330378665,27.614860221977622,29.02912994404385,1.823079516170913,-3.9981478248092404,-25.145219627443876,21.826315104842276,-8.24403168114538,-7.417355034787661,2.006261530822616,0.0
2.9099702105807674,-0.6229357977463311,0.7299118659568287,0.6972275030633351,-0.022604434015109073,-0.05160804993135042,-0.7146323934144089,-0.10035142913725166,-0.1419036564666003,-0.07596651398107776,0.83727299098639,-0.6038912929514744,-0.2956845632362876,-0.5398198034677426,0.07432580983238114,-0.061840179799999145,1.106750746943776,-0.8292022732444039,-0.29562351970335815,0.7997005688027511,-0.1667597829500339,-0.01854845042874802,0.4433228552792486,0.236271404803521,-1.2563734702902127,-0.1732632812261346,-2.3092075085388046,-0.435077022605776,0.5527052389625865,0.6554594253916946,-0.19522607771964237,0.19980603019239934,-0.10191351196775271,0.31575511457012173,-4.950511396843897,3.04911132214597,-0.20239698248712606,3.9721503944960057,-0.47920202209711127,-3.07619189697111,24.418083503467876,-5.087273181459792,-6.615446879122554,-11.394177537217262,-37.212644943942784,9.894547104838681,20.45596414851827,26.782018421967507,2.1716241174705244,1.0652129617516328,-40.73979075187039,45.287977814143844,17.488698823408303,-44.9448458251528,3.083865555750143,0.0
2.9271293026447123,-0.626025743176866,0.7286916337091054,0.6911902635407582,-0.015830890535159015,-0.05582395467617109,-0.7203395647718049,-0.12743597368794748,-0.19688998911336242,-0.07681744693172979,0.8897482332257811,-0.5674455514418068,-0.30034268724114305,-0.5186929166114095,0.0509403240461327,-0.04573758231162809,0.954548903681309,-0.6381595780878089,-0.30189071302423726,0.9092031062154616,-0.16064091269732464,-0.11315194417527144,1.020241609876967,0.05991606127417291,-0.683904405465419,-1.8525253345600459,-3.0228804821486586,0.5804774979283298,3.5160489135682447,2.4461341654147484,-0.22344439073459693,1.4400326700003865,-1.9646849573276142,1.327562566202328,-8.038105964708393,9.771726741158831,-0.3089474174912961,5.687436480296838,-1.762352337902291,-6.863945722753695,34.17980109913511,-16.738410964703906,11.840159091624571,-21.441374766587906,-22.68202667720396,85.4425990314843,41.84500273141913,44.576465371134404,2.930836852673633,15.836497546901882,-79.00408258401782,66.44314292191397,73.3275071499595,-159.18008003687436,4.9501688485785404,0.0
2.9443174193683452,-0.6285569254128484,0.724134639211148,0.69311426785404,-0.011218714369170924,-0.060578903893849574,-0.7181900504379605,-0.18809041396477408,-0.19625323855061294,-0.020088527807979893,1.043218928654009,-0.6465477870655257,-0.2986138738020866,-0.5171624160165079,-0.026679473958782264,-0.07043493034696292,0.8836714094004857,-0.33412869381788746,-0.30404142974835496,0.8237724366611859,-0.14279159311290857,-0.2910390622777456,0.47063506047556763,-0.22149294519247364,0.8291991709969248,-2.8710907599483595,1.995811557108987,3.462578510651985,8.44255496482555,-4.695225043294859,0.18002731981718406,-0.09887375672506754,-4.998171014566967,-2.7687168512652947,-1.2065412936411963,14.58104108321846,-0.02349328218411218,-3.6074168273861185,-4.389312320081937,-5.265861729457094,-17.997910973022364,-36.953580678148924,48.3765940975135,83.48555404632036,178.30240880523007,-14.820999023370774,-65.16249877653645,69.22980012341044,2.0366819448597484,36.852251305367815,-85.55651366595542,-119.14207729396911,164.72101933122408,-254.94296469444325,5.023414086153604,0.0
2.9589745219318853,-0.6314473866435552,0.7183492735017383,0.7006954835225986,-0.013853992561288636,-0.06264498585220467,-0.7105698501968121,-0.228489588515594,-0.12853286257585927,0.01098563659379722,1.1566063885891686,-0.8055247021864946,-0.2962177457059232,-0.5282304920103063,-0.08950662629679759,-0.10069557090203482,0.917512365985327,-0.25021730864965164,-0.2987512883866446,0.6657729529686389,-0.13983938859899697,-0.26967798926075476,-0.3500945799057846,-0.33630790369842645,1.2970505199215485,-1.4946200696903391,4.421925925321897,0.042440313173664646,3.403365366934469,-7.699432657842655,0.08304602099171432,-0.6070623142066344,-1.8797927810168829,-0.8047897362719901,2.7750673602140172,-0.8842055982365733,0.31580671813481415,-5.8664170504210285,0.6045721435754637,2.726388753405422,-37.098409525393805,-4.570716857605732,24.02701481737322,44.02775521052597,97.44067068893568,-161.55750709429984,-238.56353703368654,127.08852343090506,-3.0692281869600957,22.2021378014134,86.58648661604121,25.40241958108215,23.3454652461103,-272.1576627720808,-5.723091523580747,0.0
2.9724380554710055,-0.6347062177175827,0.7141786414606062,0.7063555785401243,-0.020004544775673073,-0.062016498472026164,-0.7048514515632589,-0.22678002342109932,-0.05516198783524642,-0.027207628317464084,1.0903980381926082,-0.9062060452605969,-0.29657526349077784,-0.536375116927802,-0.10861722717595743,-0.09882276768204207,0.9675203490374465,-0.29498255139989854,-0.2955983100801607,0.6761652760903211,-0.1579142275142557,-0.18707785381794825,-0.5662911501235751,-0.28404396920788805,0.5988791872400168,0.6282199643897565,3.2752019839826363,-3.0941503766607945,-6.492777884265169,-1.9991342883077008,-0.045624419539071814,-0.3694232411944377,-0.3782933764507832,0.47840947849788434,2.15460395076931,-2.528871515661934,0.0719380870303849,0.24993770704819046,2.1715542807759767,0.11404998091404162,-19.186873943038883,15.876553304499751,-18.755800611523497,8.235595465655104,-27.443241933487837,-103.10440649707749,-178.8433657629367,322.8517168656192,-0.14708306110649394,-6.048303495685294,50.74668881337513,18.84526456442931,-40.69598430544399,13.557499803863166,-6.488467825900107,0.0
2.9861902009792165,-0.6383983151618395,0.7114431162651567,0.7069378280517611,-0.026637512599193756,-0.06032652650167919,-0.7041946182641755,-0.2028966292721069,0.011488962217937004,-0.03977328546109645,0.9397801763356226,-0.8633138772113015,-0.2974411265205006,-0.5412173795835823,-0.09373374546225921,-0.06781192948750875,1.006291760809834,-0.3636201741649556,-0.2932909559081668,0.7045406515638715,-0.20015584167615383,-0.0815132733506447,-0.5449377921080715,-0.38482318692711065,0.017380247794726057,0.23426862341549531,3.15158424057388,2.426545348993554,-2.4832877004018887,4.922219135747923,-0.007760751780093123,0.00043003145058526093,1.1736513273646565,2.01219635773407,1.5491452936763017,-3.5053464238472647,0.10327611504947272,3.484837388249519,-2.9727086374133327,8.835939068175422,14.50470882468157,-10.312990329015209,-6.927949333966568,-68.5805284842545,-130.7084851670289,121.18778108671765,480.2451160441784,-3.23391348534621,3.4765869196831636,45.919099778103295,12.247453394502902,35.17411062480973,-61.43789559539391,37.4271405201161,-3.6205976374417226,0.0
3.000202350458282,-0.6431265702318987,0.7108013233860566,0.7061223025508797,-0.03363119622138367,-0.060842314730545445,-0.7046690352351176,-0.20149482285401876,0.05375011572518654,0.011330306008357488,0.8951232284686659,-0.5240497945763525,-0.2972230151494755,-0.538683272883143,-0.06568314700772027,-0.023532218711714015,1.0522050810842263,-0.48229236401627484,-0.2922642571414347,0.7040693499598795,-0.2676505688441438,0.01887736459394742,-0.38520584518260664,-0.654749729846617,-0.07714891724499764,0.3241983664788417,0.6754569153695902,1.5259890630622848,-0.10499999598473297,8.640335242830233,0.14980430080722731,0.4021045686226937,1.382813970967412,2.098339260440114,2.303652210343728,-5.675394891703113,0.019417617295253015,-0.09733687480355974,-3.1126620139259775,9.040247592411344,12.707086270315079,-12.321780742633095,-0.674318159076547,42.71600287934368,-149.58142428158416,-121.41654106929914,252.91171453450258,-1426.1513813775407,22.44674226082883,40.83405959568231,-17.455233587371758,-28.171508145110558,-37.70592848113457,111.80256436666419,-2.2650499052313346,0.0
3.0146355992784963,-0.6484811222291746,0.7119396289377333,0.7046245981958119,-0.03846945917201607,-0.06440043031315708,-0.7056038980220298,-0.19188025425227873,0.04785726045304579,0.03457332337105863,0.9166039539624666,-0.5038504284469536,-0.2920758756636077,-0.5343976166550952,-0.05170105198156825,0.0013087256010158694,1.1142873591405373,-0.6531465147670142,-0.2905264058299914,0.7273633845945038,-0.2683720988392653,0.09833077163440297,0.08060994039672678,-0.5507245573887862,-0.24385811154821474,0.7502235513086138,-0.7516695456528445,1.0984214483931312,1.069143936226306,-1.863002879217187,0.2558808955397469,0.2243204733307956,0.23027810498086948,0.4083027661773191,2.935160709604131,-8.113938296982841,0.10167485450429593,0.04241268957645644,-0.050644578620857424,4.772296092745966,16.16440621089363,5.90555228324517,-11.497176182952389,34.8796863981377,-32.07881477191169,3.6023576284056227,-50.285252962837774,-129.957182670517,-5.4755133281486215,6.366858871031662,-34.684161947976435,-75.6039174616121,-53.00400646771131,146.84068842218986,-0.6541157673818505,0.0
3.0289053113737365,-0.6534933560098556,0.7143425020518386,0.702079975567741,-0.03994417087517532,-0.06803862996524718,-0.7077138658754302,-0.17617283706437642,0.031026887849871343,0.05725996314464246,0.9291835683121824,-0.5476712366446849,-0.2894733957273649,-0.5332759541249189,-0.04832560734698397,-0.004591336089001532,1.1674712915661671,-0.7845274867049142,-0.2882902528519081,0.7003692111239364,-0.23537148556325033,0.13802975222720731,0.14826055629814186,-0.214263753733495,-0.39729016712128035,0.797445645566925,-0.8857327542703195,1.144051037000993,0.18324463021912052,-1.9912671526660664,0.0588044188737663,-0.028029355970375917,0.22204306434993365,-0.7313277109996739,2.207959539420819,-5.356241804346209,0.10177098350509095,-1.568682070257973,1.8138783677864196,1.8589606524114117,0.7019740329729274,17.90946947110656,-6.141931578701164,-2.1227484798441107,-3.1218766325854874,-0.7266507384239084,-50.469302063347165,45.529924557870906,-5.742078417469161,-7.000697560552438,13.801710233227634,-36.97090656246667,-62.340865899040125,123.02250111602939,-1.9435457258171085,0.0
3.0425077553026965,-0.6578835596102354,0.7172436869541793,0.6997734499619358,-0.039134105810650806,-0.06964282235155683,-0.709884158004445,-0.16225569745993004,0.011272775727606574,0.07573074276496854,0.9255823433554519,-0.5763584041392475,-0.2889707205525798,-0.5355419327728375,-0.03904233947730634,-0.021787845102650433,1.2121627046034946,-0.8614041520233294,-0.28679413812681165,0.6631462804221286,-0.20606574027322902,0.1520085975333747,0.132306446323675,0.06424876591567603,-0.257542578217006,0.5882970876618437,-1.0412727524169982,0.7510387164360073,-0.4437270659069289,-0.9782081760438371,0.0070758725719326405,-0.11111066189130372,0.6868372462022873,-0.9326468889090528,1.9899063522497273,-2.98941254532436,0.05601321068812371,-1.8683763175522266,1.5662328732074904,0.7818531228967529,-2.2125167735920876,14.456660192887629,8.761647858195413,-14.43613626111331,-4.132258861173164,-18.644331343475272,-25.463503939336505,48.11611468952313,-1.3804125875150568,3.9082050783596065,25.82319111971256,-5.4907105136734105,-43.612836131307645,74.59313505116982,-1.7931451876883653,0.0
3.055411847222571,-0.6619219086820618,0.7203923741631248,0.6978264834376596,-0.03747068938269212,-0.06966004809973644,-0.7118859628823694,-0.14929044713653508,-0.008075407925742047,0.09114272172805538,0.9104924650498142,-0.5887720255896984,-0.28923718478801363,-0.5351814546536359,-0.018354031968023852,-0.0401456407193853,1.2410058282965493,-0.890657267109371,-0.28612779398530036,0.6324081726698978,-0.19583457151445144,0.15876779537042912,0.07086558679765523,0.16574119887242908,-0.28890379797458454,0.6234263087226486,-0.944833158462337,0.7186042597925765,-0.9212925352588759,-0.3532132847705594,-0.023439248452399662,0.09674181445776109,1.2691814226721845,-0.9168388028630711,0.9927234577114183,-0.2935355199959915,0.021479779410345578,-1.2359544729069205,0.8641907174028586,-0.15853051109413926,-2.1762471883700307,7.293869377970695,2.3913721181734693,-8.145881076593838,-0.584104529839321,-10.727774257303821,-11.941350686930166,26.748159753675044,-0.7080900272145405,6.624806726058063,21.31645663789069,-0.7266847364106763,-47.181477980564694,76.46310585590076,-0.8775226652299618,0.0
3.067979241141728,-0.6658553647111296,0.7236055674270506,0.6955864979958302,-0.035452401743638604,-0.0692625203431891,-0.7142165317970554,-0.1348549541058894,-0.02765634296025403,0.1053487340511936,0.8873226824120607,-0.5914668371566189,-0.2904252750566934,-0.5291890041010437,0.00943432566209498,-0.05784437360073712,1.2439368876933967,-0.8884189695466455,-0.2861569766703312,0.6274793647641178,-0.1934097606295916,0.1551995755159765,0.1128917925344016,0.18845481567804995,-0.34657178820448337,0.7008264438778125,-1.0493267592293285,0.6392669982063537,-1.2317023462292693,0.036802255069553085,-0.06928048632039274,0.3654700227930843,1.4294095431213898,-0.8577716553247924,-0.30232017160301644,0.2436690856608268,-0.008647362347631216,0.11358342368728931,0.6702807319675899,-1.1156608681478692,3.741434521808978,4.5466467148111365,0.5585303373034135,-10.766569551621888,-11.306733758153229,-13.337937311013832,2.6046468530194216,19.710883725907088,0.07920106836620772,-0.34651227936625967,-0.38917820194850616,3.1860522023650355,-31.293833879996722,3.7318867917680096,-0.18963543815625344,0.0
3.080704890188447,-0.6697686569139749,0.7266063586985768,0.6928252838927219,-0.03287836192877743,-0.0694849365296738,-0.7169965013243216,-0.11926910332535619,-0.054327867229041385,0.10969929696237013,0.8600684172900912,-0.5877101145694313,-0.29264909828898655,-0.5163787143270641,0.03784103665408432,-0.07167490754416452,1.2129744465170391,-0.8826811305780451,-0.2870857328838499,0.6472403485654239,-0.1925315699018971,0.1343543692592972,0.22909139243361545,0.16746886879487788,-0.46736415309535645,0.7430737732233584,-1.5971818335029966,-0.14053975098183802,-1.3591194564250728,0.29212680245289857,-0.11686288595810582,0.6682477228181649,1.3473917027943938,-0.5554082949148174,-2.0085174864406965,0.26624975377336696,-0.052962944615222406,1.3899439705573908,0.7277534514044405,-2.4876026819637573,8.151889061176885,3.267961229895383,-6.618799560552503,-12.842010545647195,-23.04950409801468,-23.861128259457786,11.703062752676198,12.23001264629595,0.9650594659390728,-10.74085161831061,-12.904903113378595,13.877587572682113,-11.382137096341658,-4.959947933240937,0.5076240839858692,0.0
3.094249972999815,-0.6735104615085129,0.7290123412431552,0.6897010634018215,-0.028904843960256093,-0.07147448351599595,-0.7199780214313157,-0.11171882798683255,-0.09561091363409922,0.09591799842062518,0.846077664503921,-0.5702151681586141,-0.29558362908117897,-0.49509845358153676,0.05875804479144426,-0.07387339053758449,1.1346918158557804,-0.8294439422601718,-0.2895575806422789,0.706370914336024,-0.18226331668979112,0.09643643626600834,0.556772251787634,0.12110179488131724,-0.5073327722072167,0.11236809757578743,-2.3239367184978046,-0.7139760195048745,-0.2505060563696544,1.2534689785690472,-0.14022462434646052,1.132446895011229,0.707817392542997,0.22083065748801817,-4.442803310070246,2.8603281157353107,-0.13114596492241423,3.520948465785637,0.5320902918214366,-3.418232424859979,21.310302264112273,-0.9703725756134214,-8.354171550574351,-25.291739253928906,-19.486661729092035,28.443947844211316,40.388276368744634,33.925952269217774,2.1656017323523327,-11.173570662298628,-43.44024338691237,32.79275353113927,14.070276670031324,-41.582578743793505,1.6280620233779537,0.0
3.109193196681499,-0.6767263260500771,0.7295327396474506,0.6889699210100284,-0.02327333503555096,-0.07587194538368557,-0.7204319868824912,-0.13465281388474418,-0.1520269005811953,0.06727355190051137,0.8877503198454985,-0.5281797225052018,-0.29902953006279454,-0.46401016018953883,0.05412483841371706,-0.06590903499565628,1.004781235866155,-0.6513097887952245,-0.2943684496510967,0.7860660852576724,-0.15765979385540213,-0.042395070383439176,0.875734446476192,0.02518456089141226,-0.0007688163383399423,-1.6744655041552055,-3.0095501990784927,-1.1866563954351714,3.104254391328751,2.5254283293290034,-0.16837268636682942,1.6553263680587174,-0.9263004111133373,0.7091824390418234,-6.734758727085325,9.113255727504455,-0.2452657467895018,4.53610785570506,-0.5951248608897445,-8.224698595037944,22.28615273700913,-11.887017253801007,3.161864177297285,-23.39390130539846,-5.387148882714874,79.85145010501934,51.593105838359534,26.31158446407087,1.8604575465765665,-9.038807484058568,-69.4767276450745,44.80529965054146,72.02696945398493,-146.75121312726952,3.518553006536538,0.0
3.1248354044211633,-0.6796049585706433,0.726392806131712,0.6939092873552045,-0.018663521995833522,-0.08148583827949166,-0.7151934228086779,-0.18097731239749276,-0.17778881739998476,0.06460780949564306,1.023645790343689,-0.6259144456898896,-0.2981517319579164,-0.4375706253598134,-0.0004932322561283023,-0.07748400511674719,0.8910523375163968,-0.3784865881877886,-0.29905069350992464,0.7811270680543816,-0.15021743686706207,-0.21990563415162162,0.7336057806997784,-0.1663007715481265,0.9234294817666306,-2.0457666721171734,-0.008313200641987706,0.5493354559447147,7.383821114171489,-5.750827737035846,0.10946114780510025,0.5081114901479973,-3.916845452393128,-1.5111897222447717,-2.706569625179011,14.612070031708914,-0.12736558359171077,-0.2273187371528724,-2.801391279509159,-4.871765498495076,-2.582663399392767,-24.92031198446636,13.538126422166961,84.52044835004537,130.9981562435205,48.08749553841591,-73.79541274731851,79.79815667342888,1.6725444340444793,-50.10131146438619,-104.23823605492072,-94.52048802501984,292.3415934819574,-153.1941260124032,9.50703932802365,0.0
3.1392401215237653,-0.6823000620301751,0.721907199885045,0.6993401364675068,-0.01762579730408577,-0.08452489489512387,-0.7095549640006563,-0.21073948767968598,-0.15635629100363266,0.05605048123100968,1.1382704559744734,-0.7832435834953282,-0.2955235634018121,-0.44963491468874356,-0.04860024516003673,-0.0855431771068376,0.9122639324976097,-0.29173555979087107,-0.29728584119870954,0.6724678792842511,-0.12454002833865618,-0.20132968044646085,0.014142166048636273,-0.0749484861430169,0.6354546278333402,-0.949811057094764,2.0131017747139404,-1.1252006424200596,4.031423760364095,-7.341415105024534,0.12264781743378134,-0.9864286276407779,-1.3834458759013377,0.17242534302126677,2.5079518254995703,-0.680462678785313,0.1393087387754237,-4.574367437003601,0.8167154545284897,3.7047893022751976,-34.96628600773265,1.142874088858813,-13.057430353804325,61.34909723420275,101.09080734114642,-71.15323590733026,-196.65270554965318,131.14061107209014,-2.143555463475282,-2.818700145762058,83.27562545667922,28.919753591163584,39.86721704299833,-262.95485251599393,-2.2127757415469413,0.0
3.152307524525671,-0.6844147246172677,0.7187129534499948,0.7027823434121294,-0.01909797871397796,-0.08201836213165346,-0.7064030246753173,-0.22067609871146876,-0.11457897655041999,0.00748196824095373,1.16107289011003,-0.9074368373711846,-0.29406613752206034,-0.47010495012401493,-0.06463933863526208,-0.07874335552353698,0.9582205766987444,-0.32815895993166505,-0.295823393420182,0.6400022457049909,-0.08526869786181121,-0.1315715074227121,-0.46228643958568205,0.2504840319305964,0.3696668815035678,-0.3499605696063852,2.2996891764052805,-3.1146108210213836,-0.5714642840930451,-3.1251732913976458,0.04824654513089154,-1.0141599277521252,-0.42485071215787834,0.3511873373243896,1.8763599677238583,-1.9425682892120404,0.0325724528829907,-1.2216418349381442,2.6242553430682407,2.5101575463847055,-23.36295299538297,18.321798546133472,-11.903706952888808,0.03176171270400863,33.24425078034916,-46.91130096074631,-136.44946756732406,463.31243063375,-1.7444836422389371,1.1450205769001696,35.5043344064107,-5.6395993823704895,-56.6773467040309,28.704041293868357,-3.192560242943022,0.0
3.1653511840263993,-0.6859521347200083,0.7168171925778982,0.7032135321130015,-0.020689692369897855,-0.07551099942904485,-0.706654621330691,-0.21517746052910422,-0.06817921289756453,-0.05453483431356492,1.0884812339751184,-0.9191843582077387,-0.29382392673066826,-0.4888977587681739,-0.06680258551806308,-0.06819497088799541,0.9844082219793774,-0.35804521721124133,-0.2954399767508531,0.6614327717227657,-0.059190897825531,-0.0837631126631477,-0.6932502314368536,0.47649503231557555,-0.1622742194399686,0.38448318922310154,2.4166155464890777,-2.9304699080535013,-4.768158767839763,0.3993516311669436,0.000725659764604263,-0.9845403563726386,0.11860744450100344,0.575939488850578,0.9288819396266409,-1.0822827907946442,0.010773933758464863,1.1127750985038267,2.672673873909017,-0.09009174345020604,-14.912531465593501,16.87427836442932,-17.42689354493191,-16.361455564545267,13.842343155147333,29.70374618092527,-28.52297070444283,48.38437124223391,-0.36055451305674646,-12.449758215379275,22.322545089849534,-0.42880781178110694,-34.695266695145335,45.58632084568403,-0.5795030748515426,0.0
3.1792658284333997,-0.6874361475113285,0.7154425018654484,0.6993826017553181,-0.02195628697121054,-0.06830827537980484,-0.7111370313371654,-0.19096023831767714,-0.021112481792422817,-0.08925299190523248,0.9417645604401275,-0.886864860661798,-0.2947325638405491,-0.5066861293092502,-0.060664437464475286,-0.049022370885385864,0.9994314017056957,-0.373446256993573,-0.29523103482592544,0.7215115457684926,-0.0669606338277434,-0.06351162470676314,-0.6097034284949777,0.4054505353672364,-0.6473336828610287,0.3105859698216459,2.523518233900538,0.9556661781871474,-4.512608682034429,3.1951523370559327,-0.040362610663234225,-0.8746670279741035,0.29039407076025636,1.0455824841459767,0.6110409021830022,-0.5281429749053766,0.008983262389518168,3.3215819055128044,1.0355589683588624,2.929774561868312,10.178326710711062,-0.6539534669392449,7.865526383891732,-206.9295457966877,-5.16061666129561,392.9107330038752,662.226003921863,162.870488252471,5.050608068880636,12.19285784962023,-22.936346150135858,-0.8426865675275348,-25.28687501058639,27.245483628335283,-0.008419858737121075,0.0
3.193818102145714,-0.6899775741292012,0.7156339759757091,0.6934885925426533,-0.024039886214035442,-0.06531337703851878,-0.7170981931812758,-0.19009518210694615,0.010100073023854676,-0.04643954113767785,0.8754290487284876,-0.6083091726097739,-0.29532242738004916,-0.5133435519498319,-0.041956455471480164,-0.008431143393423223,1.0115636770633556,-0.40076269157540434,-0.2940297467996347,0.7309041954889616,-0.18389837517540086,0.04895200028849038,-0.31731760083033006,-0.28010968390267943,-0.9101451045568552,0.49529484954895653,0.6153131725619034,1.9467241455814563,-2.83044260915161,15.88600113565576,-0.02643482174670164,0.19141970656304352,1.36463441289921,2.6005808067767915,0.44214456450048756,-1.401074070239065,0.05504889446458953,0.09875460440469779,-6.454747160452231,2.757470710661668,5.496452282523224,-33.63651581463579,-4.746320182382641,82.55168347277632,-106.77643460125147,-77.36712796483891,18.641140766448995,-107.67971165551499,-0.9795210564611408,61.096719425996724,40.54329868957867,46.37710441378662,-27.932051141883576,40.80495844834347,-2.725367984709749,0.0
3.207958917289078,-0.693871466808827,0.7174550630114981,0.6887104778164617,-0.02805441299851667,-0.06539537131739859,-0.7215360511210706,-0.18221330184343895,0.008977752218084289,-0.021606796860589347,0.8691377606358915,-0.5128805986292738,-0.2930977601260344,-0.5097522267510108,-0.021157006358626988,0.03354633526094394,1.0468075175864868,-0.5326759203476965,-0.29185337379572146,0.6819273579065461,-0.20367689839069755,0.1445115609065766,-0.31527515559267927,-0.3414051332696975,-0.3770496768514514,0.5127253237218616,-0.33018546244235164,0.8485669113806498,0.36087574365609265,0.2682487739215133,0.16097935684776912,0.4268116664748358,0.7050230639866591,1.4949007117890518,1.8524289568375298,-7.087837281083197,0.10406277920132384,-3.0218573346566857,-0.9066988224922918,6.5919258309320306,-1.135364356863737,-2.07250403922224,27.68789284592152,22.71451312461688,-16.786392268253362,-35.34891002018243,-0.232071984300126,-240.60969509823798,0.2393161300444694,35.11120995823169,-40.830522150679165,-79.90774990139036,-28.1618974188062,92.6619397951705,-2.0096282357617263,0.0
3.2214074747988057,-0.6976854322021016,0.7205250694233395,0.6849293729224976,-0.031059157920699812,-0.06535789439624216,-0.7250071920038722,-0.17204131102968465,0.0015191605187576413,-0.0014630226384151068,0.8760161433063256,-0.5315503341004815,-0.29151010202269445,-0.5077618846515393,-0.014920377821961222,0.039937208002965005,1.0940294400793262,-0.6876308230969205,-0.28935918004563044,0.6624487133768925,-0.1804729003312101,0.16447554806610604,-0.20972215991257648,-0.13859421747786085,-0.5911402339379049,0.5452159745733899,-0.38253033886012877,1.0964199097154377,0.11682839831658971,-1.2166272848209159,0.030686955702512828,-0.04902044916322992,0.10843440028654942,-0.5360970527911856,2.2520418038399903,-6.899978401160463,0.11781679477536158,-1.2996971714402248,1.1660953205240294,1.3107806838147436,1.754711861452356,10.245299432365803,-10.63702450063982,4.444904795574915,0.5853621410230456,6.676487113525791,-34.30700939910445,6.61624514761283,-3.9041616098134613,-10.357532984220848,-8.585814027956808,-73.41406418036668,-36.96455266513352,138.85686161063202,-2.0063181116195543,0.0
3.2344985104132498,-0.701084949399779,0.7238287828729864,0.6800713085327812,-0.03200007946955131,-0.06499006063252587,-0.7295582925602535,-0.16091197362129797,-0.00952530682908085,0.018463623018654323,0.8727937878384974,-0.5504276305964778,-0.2917558546162881,-0.5110939573560824,-0.01013988279684952,0.023494826032762282,1.1394190192641376,-0.7856084557104934,-0.2874983829163345,0.6466931531562711,-0.16125986988971414,0.16729137708402964,-0.09211879602134845,0.004133903554650195,-0.6945739489298066,0.5415087025091098,-0.6640375935764377,0.9011459615175955,-0.36978263920216536,-0.6383050400189254,-0.02997596448482181,-0.1753444916889459,0.4091990396973889,-0.9646428730735691,2.0130234365335884,-3.7935454530903367,0.07292221959631054,-0.9136419565988009,1.03143040076773,0.2900554405039477,3.9960539344332036,7.5044589471617416,-3.03799114774533,-5.226115426854938,-12.16024128371824,-14.06652699695259,-18.191205064087978,38.419803828430204,-0.8582761924468016,3.7861642412225756,22.978540904223998,-8.872883465210407,-45.30351406036341,95.24065901873107,-2.091562965014189,0.0
3.2473541516238735,-0.7041489505891504,0.7271812992364602,0.6748973014957931,-0.031515013743529545,-0.06459607154571773,-0.7344030118969428,-0.15206596225497557,-0.027285485465384476,0.029466934163777218,0.8652469812752297,-0.5539659046097412,-0.2925593500118418,-0.5107501507904344,0.002327504736981639,0.006884873424187473,1.1619398814938353,-0.8242722487457856,-0.28707460764529313,0.642504413034182,-0.14659932394623934,0.16380160958378304,0.0035524577606061945,0.0823677262094317,-0.7360016113536854,0.38919069602523104,-1.1617419636099642,0.09152128724128619,-0.43694292936336265,0.10964260508463933,-0.044224875624987885,0.130824203344313,0.7828166264205677,-0.7016161780980714,0.5457813281906307,-1.2634123030041657,0.0011931992992415302,0.34557493196205347,0.7179901981523846,-0.9026178819867008,5.9812191844308025,4.77359207084615,-6.106867476274326,0.41007081076552643,-44.70207230273478,-79.65865266855397,-17.133397423967715,18.85367182920816,-0.44980420621793493,7.45134508252092,16.341886899149813,15.980523788123936,-51.26689012963779,39.87189612959371,-1.0332814277871183,0.0
3.2604635463053704,-0.7068626934887349,0.7303246109523004,0.6696308874635488,-0.029509394462941298,-0.06468001334631555,-0.7392835491654938,-0.14964336854521465,-0.05706782812866926,0.022497359655918203,0.8625376049178035,-0.542102092873616,-0.29398773234925496,-0.5017686504094272,0.01713957771033979,-0.00015128315431335134,1.1417897345720838,-0.8012603752671281,-0.28848023657061,0.6681518677631607,-0.1275076892646771,0.14449276141491282,0.1881746958905464,0.15880574979609716,-0.7536739885796642,-0.06407973408089021,-1.6565659377634327,-0.4073244850443139,0.03905559831274595,0.8897119374325401,-0.07539265919039455,0.5678444390522468,0.6536350859572609,-0.09613519325410887,-1.6902675163143903,1.542609554656184,-0.0855947892815387,1.539105881940728,0.8775713597805419,-1.9632895975449371,11.691194224473989,4.219700238368917,-4.765854950367538,-18.041606954329694,-10.850763729574613,14.991760869062073,13.895747770215245,24.279504661598466,0.35580298245760367,1.9771188662141,-13.943696812550442,24.04964500401759,-33.222303838447225,-14.416127910778176,0.4885013203365983,0.0
3.274344457757038,-0.7091386782748129,0.7323052262232765,0.6655065084288395,-0.0259898769682247,-0.06572122179132785,-0.7430385821343903,-0.16477940397318652,-0.09468905419118623,0.011094640808673733,0.8862480370449686,-0.5148925375289822,-0.2967004872312334,-0.48294532241741217,0.021524616463101647,0.004526323971012971,1.0740308638238856,-0.6823513460015495,-0.29176342170108005,0.7172681874399471,-0.1097504075434292,0.053547856204286856,0.3829669926117989,0.16273376283744467,-0.5185948846854956,-1.0855909108186652,-1.9586830347330626,-0.333298866838932,1.725819234125919,1.5619746333028883,-0.14386296978846394,1.0794665339206448,-0.1351679902789516,0.5370967601500384,-3.8419023537679333,6.1632612656916335,-0.16910204112032956,2.677416737409616,-0.01823108203409175,-5.544147221391668,13.736700150589515,-3.1286711832038567,1.7831611430458236,-19.303967966340387,-3.1574974323919296,45.56037311728006,31.627383174909138,8.48696067484546,1.1824195482164876,1.8607903386775764,-39.285870912320725,33.44985609798861,13.87596274437172,-96.19704068161187,2.3052871351614277,0.0
3.2888688343390435,-0.7113204337451119,0.731303004265783,0.6649752091162991,-0.022945701481252516,-0.06734460328440278,-0.7434690110910692,-0.19406373343055597,-0.11591790241293695,0.013644546169334968,0.9563966831283893,-0.5269677881935345,-0.2988178399221906,-0.45105721976986907,-0.0050075829913556495,0.0009042108736190856,0.966131552780815,-0.5048757851955281,-0.29589238147637337,0.7384123735268445,-0.11703165857273094,-0.13948660402764368,0.3402284138595731,0.05068509287742255,0.10673873048328394,-1.4024661062088688,-0.44126371648804985,0.4634746200625154,3.8368167349519786,-0.7735618274075222,-0.0794987352642616,1.7499568656719193,-2.0596424831937727,-0.3064887942689703,-5.464204878623534,8.28267449196996,-0.19001795904221302,1.5496609260255756,-1.2772437884513894,-10.313570409937624,6.313387752300584,-8.185344598205747,11.517728805386973,29.314374214716658,61.424077411860836,27.355973092905494,-31.50291125661637,30.31729687028317,2.600863759082153,-4.546932280453872,-60.261592622379375,22.13725467412844,72.891820021572,-159.31055913815095,3.8872215705765547,0.0
3.3035378534660738,-0.7130891336696631,0.7274126010884038,0.6678403334282007,-0.0204041460091815,-0.06754444219014605,-0.7409525681184772,-0.22305130071012483,-0.10638274810476636,0.013060928266272148,1.0274752724409322,-0.6968594581197923,-0.29793378762031386,-0.4440350901560354,-0.0593314345289896,-0.017899666827818714,0.9134465789235746,-0.355577838409374,-0.29574971778567044,0.7025393291637276,-0.06318107931594488,-0.2109650660588068,-0.012013721787456577,0.2714950978703878,0.4871404214810246,-1.3524431046426637,1.4967869585201354,-0.35424708466094135,2.7184556521256966,-9.143077125529283,0.0802059380557787,-0.8105407175898818,-2.163773561534172,-0.7201724199494239,0.4279603384949551,3.045783410070298,0.19375286939719452,-4.94628220399864,2.5878588852783095,0.481222094134565,-31.87849527340007,5.64702222994116,13.65849035760153,19.876833284602423,124.17630223605289,-41.51999026176422,-118.28992905928061,127.18726062605225,0.7079172600045444,-82.80601990590894,118.09030495910443,66.02221569844929,251.0025927972687,-583.1282812902678,11.813665921847184,0.0
3.3170002527631235,-0.7141538429472467,0.7232930060456407,0.6713854087041421,-0.019833596461119825,-0.06296819225652857,-0.7381620880230397,-0.2354791161732769,-0.07069042267451053,-0.026333529251135832,1.0200754191701056,-0.8483067463633084,-0.29721510025780806,-0.4698053877373195,-0.08482384667282411,-0.022319584598546285,0.9463177252033753,-0.35696319501622603,-0.29273229313811605,0.6522696299213498,-0.041880319993829185,-0.2076338581675171,-0.5057287407427019,0.45312260591074144,0.45544835852323234,-0.2861057954993299,2.1835185083370012,-2.9121016541472065,-1.9817386141385436,-6.282620680943211,0.019380004908404077,-1.453423707286079,-0.7524076680550165,-0.07504779925726522,1.9332038076849778,-1.1375185504611323,0.09865602603188625,-1.93406969204884,1.4868509176952807,-0.7609849929567452,-26.03063764536877,10.19312700667555,1.1382750297589075,17.76744726317306,55.13135127134832,-74.46918718542034,-109.50270963164323,136.67412001660347,-0.7707050059843747,-6.55254016786003,43.609150320563494,-0.5222509678394508,-4.654454259470492,-40.23569025852955,-5.520177070988517,0.0
3.3304104669823578,-0.7155996647882243,0.7198447810566029,0.6712243880622715,-0.020897256442169918,-0.05700239134738142,-0.7387637328160468,-0.2255284331186434,-0.026573295864509985,-0.05443773136301048,0.9385320979075201,-0.8948127289263785,-0.2975034230740225,-0.49485854342239954,-0.08530635460292314,-0.006711937897948935,0.9806344427735553,-0.3867235684779784,-0.29179456573927276,0.6906584902762671,-0.0858850261097304,-0.13098049155096392,-0.4822709450739694,0.24590366437860717,-0.18622318140030175,-0.3300661594652019,2.2887049564416944,1.5573388010180256,-1.1782632514111524,-0.10335991190348207,-0.003499021363306652,-1.0039835186723094,0.21812628352710245,1.1402243369254061,1.3580904903095476,-1.4508926874094878,0.017180641404412608,3.15124376563196,-2.5200483143059285,6.6735123888917025,10.728832046181786,-13.753589523727348,-9.60304786860604,-89.84827016086709,-64.9921921839966,209.38285109092845,359.9702037562711,86.74228827334208,4.497145010045133,43.533153710289454,2.5768366438295853,26.57069626552587,-54.285260510835556,26.121428040109414,-2.2926631250631093,0.0
3.3443350612723566,-0.7184227810918448,0.7194886506315095,0.6671818645176699,-0.02354361989474183,-0.05467961430089246,-0.7425120856934808,-0.23012554255455034,-0.00132210716485628,-0.01502487948326953,0.9083933086019691,-0.6939707710831455,-0.2972017559995942,-0.5008601202597329,-0.06621836754658174,0.034490980518659745,0.9951387467665519,-0.41752640716386524,-0.2911528130434588,0.694860842816049,-0.1916827096700268,0.05013375801113464,-0.36114671672542387,-0.30604031101445967,-0.7591878686099749,0.2836836718679395,0.37109427356604496,1.5328263275034366,-1.713496423640671,12.300752384627717,0.0197480966818465,0.33702222208360955,1.5941686318910917,2.7040492553387954,0.031179761261597688,-0.6890429011859136,0.018903098367143836,-0.7285261612039732,-5.688888202712576,5.534486876506964,-2.4297452019341903,-26.729823054477848,-18.368416010058496,76.62616440265434,-96.02577298991582,-84.37451774953753,-26.697249204382206,-32.657239843984534,-0.7660881763941454,71.35676965700242,75.67447269835367,66.66932605914634,-80.61184986892724,135.8030000879328,-2.182867918767668,0.0
3.3575588931210327,-0.722335098516585,0.7205582103681578,0.6636312219014076,-0.02878248596612081,-0.05269053534164888,-0.7456466169068731,-0.22615217409767954,0.0016715414756104591,0.0035649092892537666,0.8878215559344199,-0.5076464101177902,-0.2952083987229967,-0.49623321372036755,-0.03762124209700968,0.07633479946342833,1.0184469494584678,-0.5204941410130035,-0.29007959210627376,0.6369817135823899,-0.19549186298597881,0.08371993452642607,-0.604265816603737,-0.22786949324181716,-0.1578468858577307,0.10843198037279173,-0.09313331164574186,0.4072298518288342,0.3490884252962085,2.0971759396906533,0.18155068466781601,0.3148441230735788,1.1146646208989839,1.4559375310629041,1.1615861892437902,-5.714112887100071,0.04888054845453347,-2.594367085331287,0.19488318453668155,5.119383148380596,-5.690190444144548,5.263202707026579,30.63515458876346,0.2872475337029239,-17.865515914510105,-44.47492643532852,72.81540090886324,-510.0064722066805,4.524170241867388,13.30258779165337,-44.39520797163185,-77.46514985350919,-36.63199476026435,63.71178617856538,-1.323237691836293,0.0
3.370382947352235,-0.725852061304977,0.7220143670549345,0.6620045698755314,-0.03253272878906828,-0.04958102996358081,-0.7471501137584071,-0.22771828623606977,-0.002029709223698258,0.015233651678066533,0.9041825662563376,-0.5190881604236182,-0.2902007227831949,-0.5046046474325012,-0.031936876980251494,0.07806355099406082,1.0742116655409064,-0.6792860255767212,-0.2882005267368911,0.6416424297194387,-0.16398152424302595,0.07932376012378586,-0.4284403043517232,0.01742237322494265,-0.24885986760804607,-0.09662554834400468,-0.23009828868164744,0.6914923563517977,0.7771759113366965,-1.4387923773077205,0.24172196459749487,-0.7154535183217298,-0.2595437024536875,-0.9523206213065201,3.06554824467557,-7.433725131422204,0.10162282365008614,-0.2493207915169996,1.0438476778915586,1.5883207724994013,5.046108003624937,8.636435438582398,-8.166126722564108,5.413085795858199,-2.4443033303705777,9.580954268427005,-26.9435332673906,-23.592861518322387,-4.344039191685015,-14.745438435757954,-39.31873071954847,-82.5717111027638,-23.312230723636652,138.9723356587477,-0.9332687866545225,0.0
3.3831516408421343,-0.7289994163783217,0.7236960731867492,0.6595415123499582,-0.03413904285440926,-0.04665751864705489,-0.7494415221975731,-0.2278714892661836,-0.008651715873163768,0.030048798899234903,0.9134424335304241,-0.54585936732774,-0.2855791278164052,-0.5244105380048897,-0.04054352265625386,0.05207525684450232,1.149713934875732,-0.8117169060328044,-0.28646507368659924,0.6320810488205765,-0.1540816827764998,0.09634187356770538,-0.31180569027752636,0.09570721306573922,-0.3675876285161578,0.09215236618978176,-0.3630940631832306,0.7618959148078885,0.16004199995287344,-1.0976730271214714,0.19345643828369782,-0.9893632663706562,-0.40846960184625103,-1.3747738889292587,3.6592791617143035,-5.543987569836078,0.0703240720436655,-0.9562598105013213,0.26609945047352823,1.8115016160838857,0.9802337355919397,2.1479503227435552,-4.7664467286872,11.739117697924737,-0.21878356964795953,0.6259856031359738,-34.357948465935,33.52610439066539,-5.42602167929478,14.130204830846433,14.233282457865403,5.922339298547433,-56.321486631696295,123.58895243279626,-1.903279744522584,0.0
3.395534245958168,-0.7319780536477868,0.7257750564391904,0.6569657071186732,-0.03519870252993989,-0.0436592684691486,-0.7518317493209574,-0.22515541463720118,-0.01620242536029898,0.04385402031239987,0.9120377020360863,-0.560858018268392,-0.2822556899844212,-0.5428159387004983,-0.044800206174273424,0.028405701008896424,1.2223145136909492,-0.8978074656726333,-0.28545557517812137,0.6074209165389206,-0.14490708118138967,0.11508795243010046,-0.33871599222098697,0.12582997102460206,-0.2985550108243571,0.17686592995772465,-0.3656212575337283,0.6134372106991496,-0.25855172863818765,-0.4867053566265207,0.13139196775333017,-0.7571961066728816,-0.007870263729227674,-0.9998558219691465,3.166630069286739,-2.0889160277502596,0.03625985303957456,-1.3395675438538273,0.4737199156755031,1.4710009650681783,-4.027719153729306,1.2379720092767055,5.072276096605673,4.050100471984845,2.5733036684439,-10.011427383390235,-19.679163325613587,26.782761067738562,-4.231824595451586,23.65038868068715,25.01637395764877,21.306386119937088,-76.7051853665778,315.7610988069694,-1.3365038051442408,0.0
3.407535922188918,-0.7347999399236369,0.7281965234879119,0.6550039291895361,-0.036309996675102596,-0.040321365958139906,-0.7536747470460945,-0.2209587133144048,-0.023655189761283595,0.055207817993738945,0.9035950849995571,-0.5660487805394229,-0.2801891934191481,-0.5550788783566721,-0.042455505076064666,0.013464418949791225,1.2791959378505293,-0.9055448243780067,-0.2850690909237367,0.5936065562653766,-0.13800760227335865,0.1273204256949022,-0.3530619893130033,0.13992821741110795,-0.1960646746579017,0.22820280304390053,-0.3762509023327731,0.4960707813764894,-0.5381107878084895,-0.10098218952740609,0.07587109886990204,-0.4239979016905525,0.22018531438352265,-0.564265553043058,2.345242432044678,0.27402260765191466,0.011315809879272146,-0.7305363990816316,0.3801081712795339,0.6825608933950569,-2.526535021993602,0.963539528183524,7.494906956123342,0.7662266932936619,-0.22123014840897004,-10.268713704879904,-10.811176125878823,14.810623247248206,-3.1330767156814927,24.21882830018579,11.034476374222653,18.114880276558257,-67.93209570860958,32.30122908137999,-0.5366194102138252,0.0
3.41934467778316,-0.737488522414784,0.7307878125129544,0.6537093087735991,-0.037449651313026265,-0.036699324488796106,-0.7549270314549239,-0.2161103760111782,-0.031058207778212752,0.06465978544967647,0.8907287355142982,-0.5656867379935078,-0.2790893837578183,-0.5606794710842299,-0.037302668957843,0.006265395643098879,1.3179671260907988,-0.8979325642715886,-0.28499183482294527,0.5878470548536959,-0.13054356473203738,0.13100676971650757,-0.3705575028937026,0.164891053833926,-0.11684284162220757,0.23059097102858453,-0.37057810659652124,0.418957475136755,-0.700327617287586,0.10312006475346436,0.03653283522737396,-0.1436731824012029,0.273593703312802,-0.22828146900124976,1.503452015662253,0.3714367072493886,0.0007366352308338181,-0.2758459311464483,0.5267966047708812,0.06630407611016943,-2.112131163922493,2.148631652290635,6.277812152565021,-3.4549046653521565,-0.27190113432701885,-8.092422386054556,-3.7180247997462987,8.276070161729804,-1.9586801207089708,15.359084597096198,0.4275146917164484,11.857643676592621,-52.78695426727121,-5.80131951394733,-0.1803432007433338,0.0
3.431088491873405,-0.7400401357450914,0.7333833239265047,0.6529396964653961,-0.03862361547631936,-0.03273872586885445,-0.7557156508473925,-0.21142963130626793,-0.038290414498532314,0.07257911430017311,0.8756854870006693,-0.5623851065040121,-0.2785458833198251,-0.561377020564542,-0.03245922532453202,0.0042748428322424885,1.3411445076406723,-0.8922227318272538,-0.2850220211521859,0.5867052665168456,-0.12367979462007068,0.1273744069214721,-0.39795315136757653,0.1837356202702199,-0.05433926211913212,0.20533128396975692,-0.357347017338749,0.3509820531801687,-0.7593535477503497,0.20872587062059794,0.01704032411488778,0.04612280310967809,0.19953606846625285,-0.03151922111237756,0.8476373784966857,0.21895908666228384,-0.002300875289132306,-0.05182231346115797,0.5433682850951783,-0.40300833027088856,-2.403445826673198,2.1351423947233927,5.166424027443628,-5.518831634242793,0.4377582556094667,-6.705844726479834,1.8978889940999062,4.0512279206186745,-1.1020933281427814,8.044628974433756,-6.173073787960385,4.370853900773577,-35.123548467823916,-6.766423269672498,-0.030156533354927538,0.0
3.442844617845171,-0.7424787787681868,0.7358446263788926,0.6525559577188643,-0.03994564258952837,-0.02843471022122381,-0.7561524548253226,-0.2073088970788691,-0.04518753312638637,0.07918576647593578,0.8602683703636436,-0.5578139518490304,-0.2783685790504901,-0.5587384633828917,-0.029981270470993148,0.004513358330673401,1.3526525340409223,-0.8892132191127458,-0.2850273152574703,0.5886950300170892,-0.11907987932732297,0.11772079903285707,-0.43377934494142945,0.1881251001372529,-0.014170259206906882,0.1773711826867653,-0.3343822272517695,0.29739770325298953,-0.7471882895680733,0.24158787513004987,0.003105234661555493,0.18300047540723272,0.061359853059028246,0.03400038155702133,0.3673226799954963,0.10709031280461138,0.0004762111336862699,0.1040362872782562,0.42611563449859907,-0.7519195074341652,-2.5699978545166173,1.395972908049023,2.7465348182096334,-5.256449729524204,1.4192965873549712,-4.362820968858072,4.974429384266182,0.8681164549163277,-0.5496744940770536,3.8222837689375613,-6.658686341886519,1.7594237448254315,-21.03759055753852,-3.897628843773846,0.03432194472980515,0.0
3.454666709516646,-0.7448405160120091,0.7380559295128022,0.6523026827816868,-0.041511861973366294,-0.02383153746660013,-0.7564456577793918,-0.20381136385483906,-0.05156955165285769,0.0849187121290421,0.8456497628342576,-0.5530981529922204,-0.27855602570717275,-0.55391713504607,-0.029734867911359025,0.005769725514861866,1.356102989993952,-0.8877835533408983,-0.28494374712850423,0.5929257465459625,-0.11582754043526639,0.10268362392725533,-0.4720410129429642,0.18616928296194274,-0.009950626397184335,0.144744587294322,-0.30412908766660207,0.2671147706555699,-0.6867067580993762,0.22830424116199063,-0.015065998418626688,0.2620608708685425,-0.022779307261223736,0.07898156570031899,0.05782490982728242,0.04978246401988205,0.005172583220322072,0.20330762455336723,0.36051720750702676,-1.0502074171006321,-2.511155382666143,1.069355030131755,1.133842790358539,-5.401243716303892,1.784168504864448,-2.8579291893747847,7.1271508400173795,-1.3028264413506205,-0.3424651679675814,-0.02965104805991542,-3.8505998209885264,0.9952817030278323,-7.988771763552254,-1.8969260704386026,0.005715468937045748,0.0
3.4665998213890643,-0.7471504351745024,0.7399189079728012,0.6519159705394085,-0.043345058622337715,-0.019003817479974563,-0.7568128092004485,-0.20096943818748128,-0.057421899458981046,0.09023798876905072,0.83257425704386,-0.5489188516301395,-0.279316333950818,-0.5480181759459015,-0.03048727976320945,0.007374504327331054,1.3550206566705245,-0.8870953047794007,-0.28477943538297534,0.5996856179913999,-0.11391179421739836,0.08358652546487032,-0.5033079957179596,0.17706303679388544,-0.03800087926581623,0.11591805937661599,-0.28029764630792053,0.2592921872516532,-0.6025026266840964,0.19096711768295127,-0.04349639748296763,0.29703035927700067,-0.04876124493036873,0.0730026488268938,-0.10367839028903403,0.02463917494331562,0.008592607480592172,0.33646713422949975,0.2741309218406894,-1.1933954266719256,-2.0825536442794883,0.6098079523019091,-0.5536771731157577,-4.623454391912699,1.6078409270204963,-1.174729488126388,7.387721343946933,-2.3425715536234892,0.10897259400694426,-1.633892750920136,-1.0663865278185685,-1.3631197614321637,-2.413448971728709,-0.8801257678003875,-0.0618866953611117,0.0
3.478691950223729,-0.749432579241541,0.7413827838604033,0.6511867760940059,-0.04544078175241432,-0.014077614802016853,-0.757425071380338,-0.1986123181499232,-0.06294212394578873,0.09552980996978139,0.8212251587785767,-0.5455028627308924,-0.2808011221843712,-0.5415295593658966,-0.030876810961736743,0.008155302845319581,1.351055917661095,-0.8867005718986287,-0.28457763142362674,0.609016226376074,-0.11305571993936422,0.06285625604695988,-0.5226408536646382,0.160622431087819,-0.09045369524598698,0.09887720934288702,-0.2721028761886533,0.26900731032398884,-0.5206162297233582,0.15099436093780427,-0.07775283430751641,0.31857131035362335,0.0009847394487974498,0.01185181115951714,-0.21997688622560493,0.015542812658930665,0.009692773323644271,0.5212474657975227,0.20724293217640397,-1.281907496329796,-1.029244263309814,0.21110899588958976,-1.9558396274993077,-3.5779446999779627,0.46029186629749463,0.46614701416574733,6.452995610133241,-2.5370742595773046,0.7232858333331045,-2.7352924339415754,2.459052256431279,-2.2577698829238417,1.4667787239043877,-0.4457381144248879,-0.1076060134164517,0.0
3.491001555172007,-0.751702237695392,0.7424405718862246,0.6499585163598929,-0.04773736013067956,-0.009236613749294924,-0.7584126557656108,-0.1964239510631952,-0.06858271247621628,0.1011464779760776,0.8112391379134646,-0.5426266492685591,-0.2831756347171402,-0.534512151337536,-0.029200876078628934,0.007161004925434324,1.3444008619154053,-0.8863669621747358,-0.2844049957777848,0.6212254323345655,-0.11256213726396332,0.04257297715490362,-0.5230268815642621,0.13857115058037106,-0.16098630301070707,0.09827012424360083,-0.28978898206857956,0.2939033443747611,-0.46544379897025245,0.12954571458307151,-0.12048814337012348,0.34316974937402756,0.14579097900442964,-0.09874262882972329,-0.34836209047269096,0.015010895517588949,0.007631306124790908,0.6812242691203205,0.1976522764423459,-1.302680826641926,0.0601298710997595,-0.01101419444218879,-2.736936550776948,-2.7234036271177504,-0.9522021755126604,1.4868071124586821,4.938408752833689,-2.1466663920985547,1.411195778407227,-3.3123019679136614,6.353195122380217,-5.293157863825808,3.55652801236948,-0.3035793680048348,-0.11466684896275017,0.0
3.5035899796147474,-0.7539636430645924,0.7431495834850117,0.6481345442266055,-0.05014141648554822,-0.0047027386763694905,-0.7598587600218444,-0.19388396643364325,-0.07496512514077422,0.10735022725156407,0.801605668262764,-0.5395215543393536,-0.28669446825808104,-0.5265269316357004,-0.02360129485185096,0.002899054084054042,1.3337693129057269,-0.885938477677316,-0.28436226747919136,0.6370228324221678,-0.11195563590861447,0.026415925906917565,-0.49554592583361196,0.11038691485903619,-0.2424103836954295,0.1280292301047141,-0.3470324807406516,0.33038041190572454,-0.4769802649639456,0.15857462095837138,-0.17640219792287318,0.3961246916908216,0.3786588580860917,-0.2947818396802025,-0.5600903934754197,0.021017558612584964,0.00022443527648631178,0.9240988198061542,0.24065007521118942,-1.2407818099466223,1.931595242919244,-0.05003676147574365,-3.2823950064157055,-1.650375792123259,-3.548890213031631,2.4576672192559674,1.8753953433373316,-0.6913226888944168,2.200551653147555,-3.8827467047988957,9.934028300479996,-8.086674640885274,5.252604526903019,-0.32377491031304656,-0.07769998969327871,0.0
3.5165451534484578,-0.7562490075076369,0.7436383624579633,0.6456164306942206,-0.052580329904047096,-0.0008408721816701209,-0.7618490836503056,-0.18978043050329538,-0.08297389075744453,0.11444002958996546,0.7903870755269992,-0.5351177284296534,-0.29164810923211393,-0.5161070083443002,-0.012277860304331659,-0.0057844065636018915,1.3152698130198182,-0.8852163235034688,-0.2847498470217222,0.6582184318561959,-0.11368351792206097,0.017477089804960096,-0.4298370352887029,0.059782489786548085,-0.3412627746731869,0.2279445042899142,-0.460865978040284,0.37447334388735065,-0.5940765790583271,0.25258425504662385,-0.24543810926564583,0.5387984407832723,0.6949122309710689,-0.5270754411321882,-1.0037908528207042,0.0369352399579855,-0.02325907583075034,1.3039655789456737,0.25445348727070316,-1.1697438419942392,4.688763710025457,-0.352201123538101,-4.057960840109538,-0.6713124753527815,-8.153979720815354,1.7582487169666439,-0.8871543730383413,2.6333961066479725,3.262833916095498,-4.149773932209431,12.154829119659395,-8.663776967034067,6.689425868755046,-0.48745771966787393,0.1906114854781752,0.0
3.5299976643822117,-0.7586441232937792,0.7439921769149361,0.642219263283597,-0.05504179349280764,0.0018987049181724146,-0.7645398706125158,-0.18244234273092214,-0.09350897871002797,0.12298422223205445,0.775509996348161,-0.52925566509635,-0.2981448658196321,-0.5007009747206964,0.0059946388607528146,-0.018549368882956448,1.2802432073557628,-0.8838927754815841,-0.2860553451308734,0.6871934744047413,-0.12054546202383398,0.0086021144676215,-0.3290558231833676,-0.01673380599083297,-0.4739804821116752,0.4046955200109165,-0.6168563078722838,0.46203862515525357,-0.7959464449808883,0.32659674641803715,-0.31659426954483993,0.8068785655899765,1.0421867895956443,-0.7052374953601538,-1.9380543581143193,0.06822583411384321,-0.07092797632521121,1.8352867559028723,0.22356295296934192,-1.6832858242094908,7.752308512360261,-0.27675256488552546,-5.581517641450186,-1.3350771832863728,-12.530834018503116,3.2997520096843225,-0.878960902517208,3.5925237621171853,4.504036205921937,-6.9669278391653116,10.195521200181734,-5.837167452102179,9.430697185374923,-0.8787954826074739,0.8194788725340035,0.0
3.544236436026472,-0.7611513398560453,0.7440947956960847,0.6377873618694213,-0.05694947416206685,0.0030340854918364407,-0.7680981921327095,-0.17215234407494698,-0.10878178339319025,0.13352645017792214,0.7560685380883111,-0.5207731132972792,-0.3055826997242555,-0.47991898748389994,0.029387119761688806,-0.032903618816999144,1.2202189053557115,-0.8816432383780577,-0.2883788410241087,0.7358165870536126,-0.12360447531891619,-0.010533560909224304,-0.12534130686432948,-0.04733648952400626,-0.627982944930739,0.4879338068610683,-0.9334760886765295,0.5626521080959591,-0.9924172105150111,0.5158088601220432,-0.3484721406193033,1.0054865063316092,1.201446127631424,-0.7120360060709123,-3.2043895841520484,0.1139833833386388,-0.11619217659160778,2.939547768696547,0.6010479055752703,-2.6046058611947918,14.045842894519513,2.9486784733203995,-6.92380449175446,-12.043295055513918,-22.45620806329205,2.155613608157219,7.915601830289908,12.121044334713106,5.967087967224687,-19.481611157930278,-2.145145115573765,1.2632654215128434,24.341771740399317,-1.5841628162446222,1.806928800554667,0.0
