floating_base_joint_x,floating_base_joint_y,floating_base_joint_z,floating_base_joint_qw,floating_base_joint_qx,floating_base_joint_qy,floating_base_joint_qz,left_hip_pitch_joint_q,left_hip_roll_joint_q,left_hip_yaw_joint_q,left_knee_joint_q,left_ankle_pitch_joint_q,left_ankle_roll_joint_q,right_hip_pitch_joint_q,right_hip_roll_joint_q,right_hip_yaw_joint_q,right_knee_joint_q,right_ankle_pitch_joint_q,right_ankle_roll_joint_q,floating_base_joint_vx,floating_base_joint_vy,floating_base_joint_vz,floating_base_joint_wx,floating_base_joint_wy,floating_base_joint_wz,left_hip_pitch_joint_dq,left_hip_roll_joint_dq,left_hip_yaw_joint_dq,left_knee_joint_dq,left_ankle_pitch_joint_dq,left_ankle_roll_joint_dq,right_hip_pitch_joint_dq,right_hip_roll_joint_dq,right_hip_yaw_joint_dq,right_knee_joint_dq,right_ankle_pitch_joint_dq,right_ankle_roll_joint_dq,floating_base_joint_acc_x,floating_base_joint_acc_y,floating_base_joint_acc_z,floating_base_joint_alpha_x,floating_base_joint_alpha_y,floating_base_joint_alpha_z,left_hip_pitch_joint_ddq,left_hip_roll_joint_ddq,left_hip_yaw_joint_ddq,left_knee_joint_ddq,left_ankle_pitch_joint_ddq,left_ankle_roll_joint_ddq,right_hip_pitch_joint_ddq,right_hip_roll_joint_ddq,right_hip_yaw_joint_ddq,right_knee_joint_ddq,right_ankle_pitch_joint_ddq,right_ankle_roll_joint_ddq,fallover
-0.0027421307328519655,8.737507702648877e-10,0.7906008645183167,0.9999831152630317,1.597928729102787e-08,0.0058111262972002755,-4.862312507598205e-09,-0.05757097643335702,-0.0006896505052695505,-0.0029780136412001384,0.12569670047223272,-0.07618242263391398,2.7516392895085615e-05,-0.057570981578436965,0.0006892804977533147,0.0029781814403752106,0.12569668590940763,-0.07618243825327659,-2.7555718382952283e-05,-0.16201217655187258,-1.3815040528913289e-07,-0.20886621142642928,-6.422664153380801e-07,0.6749498579004031,-1.6199792552671605e-06,-3.3278256815342258,-0.000836878563749633,0.014219305791013027,6.7477049258397415,-4.853138256753754,0.007068559153738307,-3.327826241084361,0.000842126993623165,-0.014222935012854362,6.747702736553316,-4.853140604694491,-0.007083299973987094,1.2119119216013121,-9.626814352933029e-06,-8.495753051281897,-0.000638222426356262,-7.456164679069914,-0.0001893507676475863,41.22852759103926,4.45100488663683,17.560690904562144,-197.71694488381587,-60.2461452427941,1.4446619671613052,41.228509608719094,-4.449010304663,-17.568464364197563,-197.71723314588044,-60.24609536149466,-1.447843887750788,0.0
-0.006998802734762077,0.0001749907212008806,0.7874334719706326,0.9998991261275615,-0.001239612484206912,0.014147240872461915,-0.00023770974697851768,-0.16440832506782718,0.004552135599966551,-0.011653520455752107,0.3246044036425516,-0.15515255508893713,0.0023250068289864447,-0.11542111913064543,0.005594695075280017,0.019734822647975714,0.20555736681869854,-0.12000175444382175,0.0019700210939821833,-0.20839481286440234,0.02387862123146435,-0.11591638547856156,-0.20852420213391307,0.743011445967211,-0.31935751685489655,-5.522023747385724,0.38329077622503077,-0.6081112206530671,9.97860545442901,-2.5193260212183968,-0.05591258627744498,-2.39550551783773,0.3917379177386167,0.799453527250798,2.5694303403634007,-0.7690066909437784,0.20796414580810113,3.3859243977996183,3.1333805861329194,4.388220800671839,-0.45498492354144465,-24.2032491350665,-47.12779095644448,72.43902849537294,-15.45144551521699,-24.85471498419589,-171.85748914187892,47.593112087600886,-21.141248083108295,71.16414927026113,9.048389035912528,22.71153582774559,-123.18596983633034,95.22826236009912,2.33410446923352,0.0
-0.011187192207418544,0.0011111197250587596,0.7865883269714776,0.9997308109652837,-0.00548095535776324,0.02181614918043196,-0.0056851007026315565,-0.2800215637315587,0.012807654780703864,-0.05532513906570382,0.542604923205262,-0.2534538144428303,-0.006015918564717514,-0.14412184479178639,0.018326537104198872,0.04018110383070479,0.20934557945264623,-0.10148598956644497,0.01672959535275789,-0.1911859494425219,0.07391633773648196,0.01555233615123359,-0.4709783110605036,0.6926016989633068,-0.9109703894775927,-5.068797248447469,0.7717188136582958,-2.0021437821362515,9.164118888914295,-4.5348427925730395,-0.397554714383892,-0.7496289075744879,0.789235695858767,1.5464302349745584,-1.2147017934645108,1.8383745109993286,0.8445794545432117,2.646207556869711,3.682642857942807,5.939485794575708,3.1711904007977743,-12.288293535100582,-46.03068842143873,117.10062398831309,50.06883902181534,69.53472865263262,-295.04825753446255,93.88797188890393,10.889842505083106,64.74352535060432,11.50316111029105,92.12438993100864,-117.19187522993742,74.20736875633601,-5.84481800050173,0.0
-0.015070311990971955,0.003164430886786804,0.7867445587434385,0.999428508293256,-0.009839252821080191,0.027688384522735334,-0.016709257229478972,-0.36199831336310057,0.03179552003956286,-0.09484057924465501,0.6729511207607124,-0.3376308406393659,-0.019058782632696974,-0.17364300341157674,0.030006794288242725,0.06429313187370664,0.22031512613152254,-0.08758207162278073,0.07666468045752549,-0.1820956708591604,0.12278131020665617,0.006769160824999442,-0.35915908329874713,0.4351960930540555,-1.209285553544371,-3.170625779079133,1.1905162573128525,-1.7166756653783153,4.255422301534863,-3.6436126744438533,-0.5842643805217325,-1.6293297014985175,0.4885581306671732,0.99479600542628,1.2364412726014995,0.3786467447198631,3.196130303258979,2.0942288501073634,2.0677776270635695,0.26717479662074306,6.447742281585157,-21.5389417168883,-6.491776534714231,104.8332449571529,29.346993066614395,35.44079301956641,-236.5572694370918,66.32809552262951,13.969426038545976,9.07960790806157,-10.837031583202497,-37.34355764504191,31.188762632383256,-7.090269980334987,-31.33085871042438,0.0
-0.01867404387009241,0.006213978427605903,0.7868804824753609,0.9990180985487588,-0.012483293356700287,0.03137489814104758,-0.028681386396611514,-0.4127946952896435,0.06516120260250431,-0.10160043215840675,0.713926439266462,-0.3826341073013724,-0.006690761497864306,-0.2052843150070505,0.030395905068714285,0.05487068914581714,0.24350331217624677,-0.08763531182981638,0.16897696998083536,-0.1755017338258304,0.17910769628443937,0.004598632066773115,-0.13187509274865364,0.3039583960578844,-1.1643697762200118,-2.0838685852477203,1.7720106170928671,0.20204138714848527,0.7172528196454813,-1.7215348135984765,0.7250998333335126,-1.4442092192433504,-0.22029468822867826,-1.0318330732997796,1.014674673452858,0.001906470308951802,4.346810500148416,0.7063237264361509,3.2429386844494386,-0.4595793502204758,12.435297744888492,-9.967933993397716,5.926751066172171,44.81077545596428,-9.507311677332115,22.49449150393385,-108.31063813645815,34.477940310150906,-12.196196670646541,21.301414986879507,-21.268850838035405,-25.939632579371914,-19.086324777963135,6.532508140464699,-70.12282900637308,0.0
-0.022813001679367756,0.01060577456649281,0.7863763879168952,0.9984507471872202,-0.01289494191749889,0.035977180462274695,-0.04044092481893718,-0.45790859421791946,0.09496185387446379,-0.09639386460319246,0.7263158262105899,-0.42419951808240075,0.006353155055762488,-0.24445825848988392,0.019142667473911818,0.021527193807859387,0.27442945822458853,-0.09826860309094448,0.27908385967767163,-0.22154764462812107,0.2478376441605308,-0.03888303254598043,0.04423893045556575,0.5529587212638346,-1.1264876637958576,-2.248519413369971,1.2207845193297011,0.15409500847297897,0.37332843393633386,-1.8921828954417084,0.5458240380535131,-2.147910886144777,-0.39495501805336486,-0.6087789340571745,1.7435096215055945,-0.1696745008769344,3.28473948044668,-0.591450262547852,2.6577655334192674,-1.4651397067665823,6.189538114547164,2.602768850171404,10.922433164007774,11.019159225273693,-34.13972640895945,-19.900203271471753,-31.263701829338647,33.72810789153465,-11.832392412692661,3.6925150675859593,26.473671477056413,101.54459252865905,-14.875451461376066,75.17499366590812,-430.25339778169837,0.0
-0.02606412283974405,0.01627674946874449,0.7855143494787248,0.9980035704047016,-0.011454004476527056,0.037492785700811396,-0.049517373328080344,-0.49023730773804375,0.11067385117924022,-0.08625293280572817,0.7406071877038487,-0.4368477310840271,0.020146561260179264,-0.2650310325233475,0.011253658757592613,0.025990395067611104,0.2891712562893266,-0.10012577173678602,0.29817612747477157,-0.12006337716756657,0.31372694541373025,-0.035286368060414984,0.25436128271951197,-0.11042501116499745,-0.7529563815440018,-1.055232800755557,0.39592306635552843,0.6443313714023223,0.7790839181875576,-0.201479886823366,0.607877362223594,-0.3559726643238482,-0.4740371966025661,0.5296646738792027,0.24660332977384797,-0.03533269946611059,-0.00941343005554944,4.230998832179742,3.3959496342383297,1.6052556167608139,7.727769402334765,-28.51641466832956,13.95372524293379,63.69931025804546,-45.18104135799104,5.208941977264072,-6.500004855147889,19.726334175156524,-13.576827046477645,56.531995016743444,-12.508162757248918,15.193049708810197,-29.842414454871356,6.408038221258338,-53.58001318082398,0.0
-0.029600938498838984,0.02315347437847101,0.7838828084426719,0.9974993503169696,-0.00891711007362327,0.039816815346327965,-0.05770747335341134,-0.5245967594956154,0.11842135027939012,-0.06765264260982431,0.773029579981071,-0.4668714749421042,0.02495438507562362,-0.293990901118653,0.0018728138194510002,0.03781859871000358,0.31626053888782485,-0.10375305812404917,0.2940873297836062,-0.2072266859362525,0.36688686262826187,-0.10530419544417255,0.27820294622427244,0.4745938494944393,-0.8089460474583728,-1.946659233880124,0.2781737800004566,0.9303444744536978,1.6592733441699146,-1.5529241179640643,0.12884671314363794,-1.9688502668258672,-0.48963419850271783,0.5859509580147856,1.7518589171069368,-0.17957730087137858,-0.25820817910091454,-2.213697138422525,2.403938150236655,-1.6975199664289713,-0.07017347542256486,18.153139383645946,2.90984950367834,-4.461514564718908,-18.41256039848025,-14.84996831916276,-32.80946457162808,26.68484358394637,-5.224316970939791,-31.232921988886474,-3.2737041692015763,-3.880802219751152,9.19568827344511,7.909064707737436,-0.162344572903381,0.0
-0.032752122307888105,0.03060622976520845,0.7815632182464587,0.9970530133979623,-0.007104572605066954,0.04037510097680483,-0.06484338627226865,-0.5477630187007523,0.12033834245345015,-0.06108900246798399,0.7993454769250643,-0.4325396073038859,0.03882954345989699,-0.32019911820742886,-0.006364122793400377,0.0510165177450562,0.34831751595783716,-0.1124990213911308,0.2885090248981676,-0.11687134941102284,0.3759420247205727,-0.11930268768812008,0.12881877968018812,-0.2497662275619794,-0.6361591365518549,-0.47951614916497776,0.039882275543905464,-0.017025993536651886,1.0262107808736347,2.2483930149466635,0.694733722320518,-0.7662770711449538,-0.350186719360467,0.6323013023862867,1.4221686444692099,-0.5283726689117189,-0.26205429188469775,4.343173039712436,0.2787592594871794,0.009680586102559091,-9.96549641409663,-34.6813604134548,7.477042976253409,74.33089264185894,-0.15241878023553523,-28.04011290602861,-32.57382205890104,-19.129010292530765,-12.196218759847419,58.61050069740341,6.8643355784014854,-7.9921730000287825,-21.83553117440762,-3.165315660391297,3.6406485317032593,0.0
-0.035985662253029634,0.038942690698086146,0.7786206274203453,0.9965121218315445,-0.005171892203740219,0.04095972900722052,-0.07251995017566505,-0.5618307976343255,0.12199427889176442,-0.049303080946239954,0.8178431416123294,-0.45621619421793796,0.050288804964176356,-0.35242416081049976,-0.015561879365393242,0.062184023090888385,0.3885313144601617,-0.11887299421790874,0.28146161822547855,-0.18971752502479963,0.44795040034898514,-0.16142654505555798,0.2735078457007446,0.299665244552397,-0.8044289430024779,-0.7961433251744976,0.008099455125894963,0.8232789061479359,0.6339538760372072,-1.8057222158739419,0.4621325456048603,-2.0326336283790454,-0.5548077581315248,0.4870030056224952,2.136382272516157,-0.15615898747352783,-0.3491673043666433,-2.4397856238498283,3.2448059767478887,-1.0648707518887675,4.172345764889619,20.623579480004153,-1.0918574698284689,-4.0711881042502975,-14.691086971763758,8.167534640218932,-38.58390222354392,9.807312263898051,-11.632834434594034,-26.91719243255782,-10.45834800919458,-10.20015419975187,-11.524098663046352,17.454590858269604,4.337185812306389,0.0
-0.039098277344370894,0.04809250706794852,0.7757242413459052,0.9960726131547516,-0.0037652482608785485,0.04092364606567024,-0.0784246607980597,-0.5700289104422445,0.12039762146925553,-0.038466927590969,0.8269054376515337,-0.4207241750067787,0.0464902087763565,-0.37285913258298387,-0.025143091719707668,0.07347704709265845,0.4089051730954607,-0.11901011302795808,0.26382088588998925,-0.13286696345822166,0.467116735422751,-0.13057370997442633,0.06788131885410977,-0.1996494985549518,-0.4447602534030541,-0.10785299044438942,-0.11877420265982462,0.3454513790869942,0.38403649972255466,2.3651562240069723,-0.27583560928426976,-0.40080556545788737,-0.4398685617159187,0.5232371498585366,0.40374072967064933,0.09491060690540087,-1.0357763335039174,2.0776252773326926,1.2081224543807965,1.643911005164657,-11.094289376077983,-21.164011834046438,13.272314884749463,31.29447439126734,-2.1857907378637154,-19.268006518952262,-6.15138577338018,-19.479864590316847,3.346799559348197,53.368909901803164,3.422504570110305,-9.704891110216506,-46.356962620560275,11.59244308329857,-4.525014400363618,0.0
-0.042219349118783916,0.05813787856742546,0.7727278328785954,0.9956922116261862,-0.002921309212571485,0.04006356914106505,-0.0835667163834865,-0.5715931599836767,0.11515574929898004,-0.030330417878219534,0.8310466452859623,-0.4302105765126441,0.04367994694542844,-0.3884516297565127,-0.03420037260253432,0.0824106504136465,0.4219668513378915,-0.11153305492493544,0.21982897887454117,-0.17321732423446415,0.530917152263804,-0.162224162625694,0.13507394276233586,0.013081319720550075,-0.5450355222318626,-0.06577628894547023,-0.39321998795792806,0.3989671960514257,0.036690721489773696,-1.063962382140731,-0.0998008587102097,-1.008807730307498,-0.496774983147567,0.42668537080022895,0.7715994816682213,0.46359090051549967,-2.3362202526296305,-1.7151777525353669,3.0748254353169666,-1.2012625554893113,1.19898457520214,8.493363320980325,-2.1530257372196124,0.7880293216974731,-13.868022611463736,-3.9897809010052514,-15.99467045193941,-1.5255788810350115,2.2623182422390893,-17.88119424432935,-5.660150070771187,-1.7911682664840984,3.8286413929544625,4.706005388076225,15.929771118798044,0.0
-0.045434377074854745,0.0692727850492401,0.7694025301675295,0.9954197452418496,-0.0018149316458869237,0.03865849742182598,-0.08741714581738984,-0.5687967742378413,0.10135946911736834,-0.024728364071900585,0.8283954748761047,-0.4191092900686833,0.023811914202161683,-0.39679830467116,-0.04447865352780718,0.09100099976378315,0.42263345996397944,-0.09837595836725639,0.13656823680415808,-0.15592680005619325,0.5807088689874801,-0.16923285266262342,0.12827681244406428,-0.21840391837936224,-0.2902831328377364,0.2592036822110363,-0.8591221722062639,0.2701347621983438,-0.15765002938669234,0.8473255865550808,-1.005394976614785,-0.14006178032435282,-0.5721308201894869,0.43375150202006174,-0.25712627500132884,0.6679711520109014,-4.334268901926784,0.1656096445561927,2.734596142577554,-0.3710843174157934,-2.105827061560523,-8.240372745138064,7.707520491858674,9.503428361689656,-13.144965113467928,3.8008931480772694,3.182148547628416,-5.1361085470681225,17.893481411915037,18.67792098319818,-7.350809310101364,-0.23585758056456413,-15.230553302550943,-3.2970723494361915,34.40234966076365,0.0
-0.048822193111135614,0.08124656374721215,0.7661366291804147,0.9951623513230244,-0.002276779678199339,0.036670281312908476,-0.0911153184264736,-0.5594381449996518,0.08640607429935167,-0.021360072110303874,0.8129936207373893,-0.41151812847125413,0.01527484966902937,-0.4032238673401896,-0.05426000821033811,0.10153068851398184,0.42279052787167,-0.0909702946574712,0.09882597810776605,-0.18406571452981174,0.6092483793497575,-0.15534372863084156,-0.17601197762341542,-0.17472384266706573,-0.43700205548075804,0.5224481205644745,-0.5743731054446091,0.08385555228156323,-0.966695199894853,0.19063110376269135,-0.26235695295776007,-0.4905923603354453,-0.3618291241885856,0.589638455983089,0.22530963921174188,0.22815374678045852,0.07476397611157665,-1.5635275786000424,0.7481082722856978,0.5376351163528337,-19.915362955683346,1.990833717598182,-4.072404122290416,-0.8763684553377006,22.134604551178967,-9.913083184680367,1.280170160610701,-12.488902304754662,7.84243899255534,-8.452413036349968,17.91450493113552,-1.1816060254246974,4.970935094147694,5.4755727450549205,124.07569204024213,0.0
-0.05238533242548804,0.09366926737037307,0.7632053208926981,0.9948510762911456,-0.005439321125387434,0.034041333664264865,-0.09530444580606702,-0.5373927220759634,0.07468883279561027,-0.01791960775407673,0.7679262431840059,-0.37234865687455576,0.015144348508812145,-0.4103358285383346,-0.06016996407509129,0.11249928078696389,0.42731503613189226,-0.08611418098879883,0.10859949116727122,-0.1775340402469296,0.628371883883135,-0.15068296561403807,-0.3900601604249841,-0.3660771785233386,-0.4034392458838119,1.312834113937421,-0.5638222910129493,0.18462124612925546,-2.4685579417227688,2.0234610048936434,0.03423058351191304,-0.24348415849970578,-0.21496542441077826,0.4569433743451617,0.18563745890736755,0.28291515586915295,0.6385024586308078,-0.2825303442155531,0.6488309254181562,-1.1705316138671742,-14.851074051547515,-7.1790895273146385,5.053149297779353,5.282047110990312,4.9176583521824515,-1.156019187201427,27.656148848184444,-38.093205277933826,-0.1898148086390138,11.749574839486995,10.338830538887432,-13.921996171348471,-6.425668450507405,5.5962661033402625,6.33972255906084,0.0
-0.05585217735466262,0.10623548268736635,0.7593708913278634,0.9945013131519622,-0.0109367015833021,0.029691159482847045,-0.09982966365797397,-0.49819546119470565,0.062186544374889005,-0.015135791296352726,0.6901544443701496,-0.2729536283950593,0.03613105514572993,-0.42107738024635244,-0.06033611026448478,0.12016597683551536,0.44886771878197246,-0.09036721535660451,0.10166305155163158,-0.17270560584832656,0.6253535509498155,-0.23451669784677098,-0.6246549600040668,-0.5644714982148118,-0.49153099757384444,2.14603471360943,-0.6074916543400284,0.06082076739131885,-3.8745400546361357,4.8676402141921,1.0702781728891877,-0.6348272571879118,0.15825196573173014,0.2927425777229865,1.4754525952902973,-0.4046017856913778,-0.4617447360095608,-0.24174414381312487,-0.5352203240747879,-5.094807243664103,-18.551467142453635,-7.7175273716370905,1.15887738889772,-2.393407876375308,8.054133122713447,-7.329137090154221,70.1684367875811,-92.96507081489834,-19.310545058988392,-2.3916955857139293,18.908427653611476,-12.515257281215957,23.006465704451845,-9.707840414927656,17.29558370117677,0.0
-0.06005817042697801,0.11858796151067255,0.7544630669332381,0.9943016872578067,-0.017086476155857202,0.025179040268122167,-0.10216762197501636,-0.4735663016605002,0.05400377070244231,-0.008880917381796062,0.6368556700916591,-0.17938911769487406,0.03569149687355399,-0.45248471085358766,-0.06609423604995919,0.10255725515234747,0.5209090548411763,-0.13494934968082378,0.05359304700049842,-0.24918073646695518,0.6143072836306933,-0.19485797506093266,-0.3658799432286138,-0.42723950531965676,0.17173846396502296,-0.34232233476116036,-0.5983025764202374,0.06185681826392994,0.3645672318922773,0.8113388476576885,-0.4128635745226066,-1.641074101830179,-0.8706100350692771,-1.9387935755357442,3.7561290075117966,-2.6970677526716584,-2.587137111854249,-2.1471773962283307,-0.18811376689991072,7.48788263007964,27.3340970497547,-0.002869501424982261,39.74153772257496,-104.886124180685,-38.72494698512431,-12.207068231793427,212.8002763125239,-267.53746716312475,90.78506717376028,46.52637171427834,-68.32130435406519,-158.6795279799431,-86.47103859584688,-31.57023483185188,48.79661940874835,0.0
-0.06561130123293055,0.13045722405726864,0.7519806510132889,0.9945866249374552,-0.018972442604293583,0.021371091852716222,-0.09990379547430042,-0.4878735411111209,0.040473877544785763,-0.003922343361118627,0.658233196957238,-0.18554569013671787,0.0325283089010952,-0.4924272803577483,-0.08113608266165456,0.054475307831277346,0.6406717594734933,-0.2181672816749753,0.028872456459879577,-0.2809810220146436,0.5707160207961157,-0.05558208481994024,-0.0382776269533549,-0.4680989361992214,0.21498075651948023,-0.5257249999378196,-0.7077127024364571,0.37148905959353284,0.8678011615856386,-0.4518597784639666,0.01694509397339046,-1.5912152246874145,-0.3503933719004919,-2.150134263547653,5.926989170608509,-3.6763765271574895,-0.8106475277888073,0.6171293968577073,-2.821797035124639,7.9757862603025,8.876682726359634,-11.411838988457998,-2.8746593125986086,46.72151104667168,-0.40883676218582965,11.628814825287218,-63.075058997033146,24.649085180325944,17.007514195966458,81.28424542367111,62.97798271796705,56.07962991592122,-106.9231798817889,93.04941165579129,25.217533379186612,0.0
-0.07160185010525169,0.14115745240356486,0.7516016059402324,0.994847905478453,-0.019741926206032344,0.01711344487680172,-0.09795423073690393,-0.49573022496489705,0.027839287200269125,0.003569731838036539,0.6676796296578476,-0.1886280053399873,0.03441312205581208,-0.5210513062351182,-0.07210100555530005,0.022875287505462742,0.7676742120991403,-0.2864329198401249,0.011814463108681485,-0.30740942939977295,0.5049394243153487,0.017071755764003282,-0.0655850838549006,-0.4373004261561362,0.17352080455354157,-0.18321562332722802,-0.5537553343257652,0.35144406741523254,0.028591835039432245,0.16920530102057374,0.1651528131744907,-0.9350599825394519,1.1103970824466443,-1.218535849812703,5.579574125555643,-2.7653932374648025,-0.7268271181731533,-0.6019024505072175,-3.2851661740228737,4.118120066865464,-4.5887870896095375,-0.9747925492896549,-1.0717238777615246,26.33538695554116,9.407116525766332,-4.039043903785418,-52.94122144158555,38.29965369267875,7.6192577883519625,71.64127694000028,71.63686510005543,29.90442790061776,-141.44789874268443,73.18418508391375,17.10732381344115,0.0
-0.07788670753272432,0.15081227593640606,0.7524604229621327,0.9949931860322052,-0.020645372287810593,0.012733426981162635,-0.09695456765874627,-0.4944406145902428,0.018142193744014812,0.01208038059055856,0.6589536268541222,-0.17875009038185835,0.04056979490514809,-0.5306309343441559,-0.041617934618587524,-0.0038937365115070508,0.8643349883503788,-0.33663431069484834,-0.009742395239309054,-0.3193783569471028,0.4656325297639636,0.06298604979061045,-0.0429295213234492,-0.4508646316770277,0.02742488399076356,0.24871025656598744,-0.4269451066730039,0.46895442066144327,-0.7892805586822123,0.7411146317034981,0.3793843433158777,-0.016424741778899257,1.885182337481673,-1.361309464597853,3.8319322948312475,-2.07958674932682,-0.9709315123130164,-0.6315887932217631,-1.7434829689867717,1.898224966729481,0.5116813797541796,0.3653789781919382,-6.477194872554614,17.320640488465706,5.845419280997717,3.8849600945587257,-35.210099477283684,24.984739919709227,5.3230474349683545,52.93219795364018,39.599000884550215,1.2227511934723285,-126.695865354802,48.7118189610587,21.329262303820354,0.0
-0.08438974551248238,0.15988201937865815,0.7537294705111779,0.9950369441248559,-0.021135248996744044,0.008242901385361729,-0.0968856834277622,-0.48735238886715726,0.009417272828044504,0.022158889425821938,0.6388596430707968,-0.16062215249098352,0.05063983000269661,-0.5229033592909273,0.0004054506133463285,-0.03333139982204652,0.9270380282914134,-0.3765209803790069,-0.03384808228271207,-0.3309060511818215,0.445524493084163,0.06028524947225369,0.02715637565692372,-0.440454772624645,-0.026858952955999223,0.4049255553651151,-0.44545661349326016,0.5334562939736687,-1.1423463015289341,1.023693719307001,0.5515946592693793,0.7189152697825092,2.272183365697888,-1.4934094041666948,2.4102824651723744,-1.6930622552969612,-1.0618551878463425,-0.7665707590739209,-0.6660795128032145,-0.7786710643568651,4.163038663864285,2.5088881607687155,-2.688043899334884,1.9494314025640433,-1.6943644864242597,3.7526154797755775,-11.426818821821907,11.111553252330623,2.6035769822036676,34.28110074670485,16.95985414243149,1.9893244816044957,-84.40205814542956,37.568514377109075,23.540110909614093,0.0
-0.09102885617503009,0.16871086315326264,0.7545465190636466,0.9950278173831255,-0.020791666431092103,0.003628285895526619,-0.09733542408728164,-0.47888776247783305,-9.107006041387264e-05,0.033890100150920276,0.6161364038280381,-0.13991350393110014,0.06265312015071679,-0.4993436137136298,0.04842657268289558,-0.060442640234863745,0.956413992488478,-0.4050142720539739,-0.056370770496166886,-0.3357201597648608,0.44182971673273935,0.01866850719365501,0.13811905593720555,-0.4435100831056888,-0.07850116954363648,0.38634234576549226,-0.518253837672647,0.6442693406742737,-1.0952169772656606,1.036980051192794,0.6213995062852297,1.45118145221384,2.435968476476689,-1.243726742365089,0.8683668454099063,-1.1903181220186474,-0.9697169950945974,-0.6716033004717988,0.3645332306963861,-2.986335090890186,7.939968969287256,3.2796237357445426,-2.858024450209643,-8.467014458594944,-6.27196731835121,7.801346626418026,7.447046468797643,-0.7334717489420628,1.5296777386422364,21.645506090357003,-2.3954006673181114,11.760897729379916,-51.83615034114083,24.98120424200871,21.562893857219944,0.0
-0.09756335536857937,0.17750374610053407,0.753987558155237,0.9950251914309093,-0.019835143120287595,-0.0015218714333844416,-0.0976172086397637,-0.47398934374416773,-0.010576781614744242,0.04645302410495408,0.6030195990715291,-0.1241310288253343,0.07085533436091818,-0.45338432046192334,0.09847949366986593,-0.07552838884507217,0.9244744863067563,-0.4040432638535094,-0.06409387888283029,-0.3261662046638978,0.4476226762325717,-0.07940179610593417,0.21667856522806728,-0.5058672525102759,-0.025171724649754933,0.06498530458175622,-0.6048922116404936,0.6763932270196391,-0.302492896150309,0.6300755753618793,0.3851741678210172,2.6132422083226023,2.3567217051722227,-0.4432104453389866,-2.5248163304465847,0.21185837136792382,-0.21643584021513212,-0.48788923354192104,1.614164147180049,-6.527783874447485,12.554125956742878,3.1948523274865206,-0.3449414173457412,-24.604683995125345,-13.76364846179483,10.216147591323221,37.966838650241534,-14.342961250196847,4.895580633390178,7.9177032320856195,-31.12454221312915,26.54220669504067,-28.32714454630826,-8.968763086574661,7.411194042052545,0.0
-0.10385841126355162,0.1871090405083395,0.7506945368033296,0.9952501959378289,-0.016528260404555562,-0.007165708104593313,-0.09566878655586177,-0.49279618097116634,-0.030643067171134332,0.05007097034536645,0.6525187406171443,-0.1532188044851401,0.0392757510010824,-0.3784029215649069,0.13270098976967704,-0.06876216291231725,0.7907368538967924,-0.32695223802494877,-0.052157698385923656,-0.3048905628066138,0.5215207008939465,-0.25484682842662065,0.6439893848372231,-0.5357555964594869,0.19146349008127073,-1.2243352712846653,-1.2527614576909443,0.35961061607528455,3.4835515327497166,-1.7342938166427793,-1.9991176795347267,4.016606513581601,0.9858208440032206,0.9474044778389397,-7.712977288657225,3.9334460878266775,0.6518562481712139,0.7289183908244431,5.599031999415902,-11.07588009488396,36.24981928165416,2.884159439007907,-10.576113313722068,-2.423490002225422,-27.36350970088916,42.230055160275654,21.013930104032582,34.95822112572017,18.14181075088792,-19.83387835896434,-94.33404276288714,59.68660412535853,44.77012621352214,-86.12914177590034,-11.21098270697891,0.0
-0.11063889775894561,0.19862583521448196,0.7444867361990073,0.9953597266134024,-0.00883948719823257,-0.01050008971243667,-0.0952398352486723,-0.5338241456317224,-0.05037802414400206,0.06115195469426879,0.7584856682398451,-0.22452185794447557,0.006031122447517832,-0.3133383763360067,0.12239195000587047,-0.055224421300420955,0.6556106521323608,-0.3224063148210644,-0.06276467189490782,-0.4092485579535241,0.5900420290673373,-0.2628577321288954,0.6235261377935138,0.09436543803780058,-0.45562356617341404,-2.3379614053523445,-0.036049144053275084,0.8898510126879653,5.053078155121882,-3.2515532480740874,-1.3901902711071656,0.4819126165623009,-0.7745293662655839,0.9308498634062402,-2.1082646426960845,-2.3873236240635056,-0.9465623800771854,-10.091315843446914,-1.9033705367466927,14.857174441959724,-51.09584791304314,42.818713837252595,-72.17151127873481,0.6494352714164844,160.80496224420742,20.725202066650855,-126.60383955343599,79.14961215227758,28.00941212663665,-441.6628496935225,38.682961102096115,9.911928539996321,677.3437416422972,207.21836860133732,65.35377181625043,0.0
-0.11991800287555515,0.2100385131388957,0.7411962199224662,0.9949484363270484,-0.006009487625166323,-0.00801634771486282,-0.0998861015264763,-0.577357429754231,-0.042228100426060136,0.05971959945046905,0.8341271248458085,-0.27654114831295895,-0.004315686063777196,-0.34922701970198644,0.10850512726962575,-0.045580902693280925,0.6839378591965393,-0.34195311416385177,-0.07248426103757197,-0.47678288254931195,0.5511508651820783,-0.09256806545771656,0.011135758027441982,0.2767920393879647,-0.3218199088817687,-1.7810258457108472,0.6549166200251353,-0.7158171798783945,2.6152560504146756,-2.138738304164278,-0.25819732291254965,-2.3701534736577585,-0.6247932037239521,0.14308720441213305,2.3147021462839317,-0.09549538654592865,-0.18582190537473003,0.37129588477354125,-2.293685240100185,7.20837660266755,-22.406969599522167,-8.759380264113592,24.689328002439428,56.697388583332426,22.368126680824222,-55.729013936876925,-128.239054330246,44.18458599662862,12.034737269261846,9.472505210214775,6.755050469022224,-34.12939228823201,-11.940753258248135,78.40059437225088,25.852950211029334,0.0
-0.1293867568852494,0.22132471266911669,0.7397944561533087,0.9947464251908736,-0.005483032626505792,-0.006011540441147249,-0.1020458098342006,-0.6099520774165309,-0.029400323280504386,0.04757413490523305,0.8915487814219889,-0.32537792611898986,0.0011323892968455982,-0.3956220210950628,0.09412282091825605,-0.04239314871171131,0.7299416802717764,-0.33628567316051244,-0.07131024523469488,-0.4625196712659162,0.5755879542847582,-0.04577017258533489,0.06965486548421657,0.10445600858202418,-0.10158502378044691,-1.296294388582007,0.5743342800776375,-0.5110696983374052,2.556593981358768,-2.1343567489725577,0.32795490881869427,-2.0238956456433272,-0.8309316066520148,0.17194248667879108,1.9449324392524219,0.5175016587444954,0.24401015775932072,1.617961940526877,1.3004052069944507,3.027760256804881,5.624032976243894,-13.626012564626873,13.777697843454328,48.53501237675399,-10.231773102587153,11.982429401583293,-62.696710672909155,47.68745271032791,-4.518065883044642,45.55792917497742,-14.061645734708456,1.8860170780675563,-55.634954217837596,20.50849777785202,18.847395101740933,0.0
-0.1385750203451658,0.2331162445025469,0.7392471361819666,0.9947009091363584,-0.004699266604026071,-0.005344535756322305,-0.10256439047853882,-0.6342575912659121,-0.017377094733327988,0.04099349395162195,0.9527787159369754,-0.37736495527860753,0.0022855980574148136,-0.4296800908396359,0.07723228494109434,-0.037238035754240825,0.7569037063612907,-0.3218234329909639,-0.062366871837978385,-0.45412394057829164,0.603921274375874,-0.005528407036174486,0.09917118623502076,0.03431666005173571,-0.011433006359802976,-0.9604281526123942,0.5533075103456657,-0.20304759200944167,2.8654084972870675,-2.2940768430975966,0.0027284990033945734,-1.4102356315197135,-0.8949310844166979,0.32983151344754075,0.8577175766904406,0.87037250850013,0.5750274672832387,0.6975095794915342,1.7952727758193683,2.7744225268554272,4.82567360749082,-5.149913171825228,4.421216755400881,38.85483525392993,-10.076336150404131,11.807027563234103,-56.05250848425522,51.77227412677133,-1.6110590701704346,32.64419891951592,-7.875320173606912,8.207055133735803,-52.10650931359364,14.652796821876187,11.778793230721966,0.0
-0.14769408217114005,0.24553720820830843,0.7393876371368815,0.9946880910822576,-0.0035270647271014484,-0.005032656962117412,-0.10275131939515866,-0.6500838976537924,-0.006492360042603823,0.03791310956657621,1.0111884866725536,-0.4251426727210101,-0.0054786702126284545,-0.45423698341086355,0.05920738884011575,-0.028746746631160516,0.765721808991079,-0.3019427945699008,-0.04917508201471673,-0.4562666596892237,0.6372919005154207,0.021238713297391795,0.14500266897088698,0.04226401802294841,-0.021708260379317362,-0.5344992508050356,0.48661258497764476,-0.11747991057102146,2.55754262011017,-2.0540902821262907,-0.39831287241703084,-1.0780594490963455,-0.9357153617326514,0.5041178548100892,0.12451959712910753,1.0933442099062498,0.7251008456021738,0.008692343088107398,1.9492518645950434,1.7302679126386948,4.741446653765515,-0.5255386163070156,0.09975978612846079,34.84076764370113,-9.85532026303439,3.3825236673654597,-62.29347371033654,46.53521509783917,7.153992709588778,15.86697061164675,-5.645614223611503,8.816906442622564,-32.269137202680255,10.552384174854827,6.892301950374785,0.0
-0.15692128715063478,0.2586242976511014,0.7399115326939032,0.9946603985796907,-0.0019371562883056944,-0.004558427393327445,-0.10308326567636819,-0.6572822359768087,0.002392250173639968,0.03412230880154774,1.06010426446694,-0.46715548883098795,-0.016188481788246552,-0.4741051793376131,0.040447648694022016,-0.01733017229922084,0.7630133504234213,-0.27824739480851624,-0.03376977355709816,-0.4651130482171024,0.6697224974076138,0.03225555991756957,0.17339865569276883,0.07751116911369232,-0.039158261258922945,-0.14671460516824736,0.3883160652373495,-0.22123316732938816,2.080615499291942,-1.8079034422288678,-0.4802462398956188,-0.9260077348863074,-0.960312162474226,0.6265872340948131,-0.33428404942262924,1.2621357912613689,0.8085171769440945,-0.4369224740473098,1.7920553871618816,0.6923402738174392,2.9957655901250786,1.567213475711106,-0.04090431939947936,26.511012952463123,-7.509450896449451,-1.7773020613221735,-54.301730766565925,40.33283338538005,10.08513963208993,6.661581226040063,-3.7439681640753926,5.96257242688882,-20.486732963163288,8.42734872389349,3.829370331289888,0.0
-0.16633674198391854,0.2723113651452003,0.7405778898319859,0.9946179375332717,-0.0002183867292634923,-0.003818971878762968,-0.10353997343096903,-0.6562321960487456,0.009650609937133882,0.02768411680676625,1.0970258094365601,-0.5032634340468966,-0.026180434605731707,-0.49123901621347577,0.021526308136238004,-0.0041405925419402715,0.7520495542835639,-0.25130116436666006,-0.017829439336264862,-0.4756136718434921,0.6974415820945655,0.033682922824629515,0.1651952380410411,0.10318699312431694,-0.0473358140943425,0.24131381613964117,0.335601812205741,-0.36374085568570885,1.5075974622969082,-1.55304092285371,-0.4282618000507666,-0.8097840646442711,-0.9521200480934163,0.6865321892651962,-0.704655076232053,1.413366103746943,0.804764809481786,-0.5658253334050953,1.5248948045293198,-0.09100213024034651,0.8701334004761101,1.3871131975059103,0.36548397752556355,21.752240469149793,-3.3381807301973385,-1.6982867946183293,-44.451354339941275,33.9060668453715,9.600575781049677,4.144751502743878,-1.8428147668085495,2.906496430861703,-15.404432524451426,6.770625794354104,2.1635177524906046,0.0
-0.17594061810588285,0.28653404448326864,0.7411886847544261,0.9945626438480853,0.00135436891446419,-0.0029653469654302845,-0.10408899972678706,-0.647226443097015,0.016378334538997612,0.019139919225493567,1.1228344669915284,-0.5344109970853596,-0.03468940035240607,-0.5060022381596571,0.0028733081928670923,0.009984499115922179,0.7343827239361366,-0.22151260357672645,-0.0018783534405237775,-0.4847673578181715,0.7233413520294415,0.02585711160547778,0.14115384943949155,0.10415960666493852,-0.05648328679157846,0.617567597311373,0.3330967091757105,-0.4419844398801554,1.0392570117397923,-1.3438769480685209,-0.36067113933526046,-0.7037058440762334,-0.9338589623559452,0.7212917289611324,-0.9944668247541287,1.5505934533452275,0.8312781592956906,-0.5846072846128029,1.4203108518775782,-0.7555976005395391,-0.17968468491345174,0.7468076486465675,0.5122230021966371,17.391994456966778,-0.6235003077116799,0.9743668869833416,-30.674806747107933,29.159696787004187,8.268538675468074,1.7161658048971684,-1.2952825887977122,1.4410370170717075,-9.262852435731102,6.414427894808537,5.725938271705826,0.0
-0.1857089700742602,0.3012630971266566,0.741597251571888,0.9944932801713311,0.0025837448037438504,-0.0021829167979879045,-0.1047457628312798,-0.6307296293314196,0.02354963237794909,0.009713900569702746,1.1401018832660672,-0.5617090346714181,-0.04175527762644604,-0.5185938073243113,-0.015293116260646632,0.02458231170525025,0.7113984315171432,-0.1888966366835163,0.014883184778849758,-0.492756446842038,0.7481766905966688,0.012528684121127724,0.09920531750594559,0.08789657259439505,-0.06569415181312796,0.9673263312200864,0.37090609191021745,-0.46735754685556413,0.6950629629205174,-1.18216582580996,-0.29814496898428344,-0.6027906742971816,-0.9046683065373402,0.7328902314220372,-1.23042883520418,1.6870761586874776,0.8668523720226876,-0.5948704369835622,1.370034746806627,-1.2033234511678725,-1.1276468580379027,0.42322909444392776,0.9466184077586753,13.138775632937925,0.6421604369149484,2.3736637886684733,-18.866253637645823,25.628586341404237,6.932418584048793,0.3139144484587606,-0.8256842478727868,-0.07682596200376748,-5.457721672671061,5.041972518274444,3.653302526963455,0.0
-0.19561743794630848,0.31649029053146444,0.7417204102103121,0.9944149333223318,0.003290140497170461,-0.0015913030870388313,-0.10547787974517046,-0.6073239238615631,0.03157445751624096,-1.3087183434494433e-05,1.1509922592141255,-0.5862204533401754,-0.0474766633534309,-0.5289094471886494,-0.03279590256888315,0.03917431840076964,0.6836978259521261,-0.1537315522641866,0.03179756872623073,-0.4994493500539003,0.7732190718493854,-0.0038310920292649315,0.04287561832308743,0.06053875316541573,-0.06879325176279674,1.2887779167424211,0.4131605198370619,-0.47952873044457056,0.4368634956034198,-1.0672055060285741,-0.2396469161499565,-0.4874283562901472,-0.8692631848590323,0.722022340902602,-1.4577113146495415,1.8036290286190504,0.8449417622293132,-0.5987684346776345,1.3960912950962787,-1.5281929814580244,-1.750744614312504,0.41359874543620095,1.650041217025675,9.097727125382514,0.23245487750668592,2.3784302328252993,-9.916380212529038,23.059908071019116,5.710535580212586,-0.2465635452681083,-0.7628942364188034,-1.3235831108799274,-3.814134671268633,3.4578961718413503,-0.29619049992179003,0.0
-0.2056424453375685,0.3322367953504751,0.7415208788062442,0.9943348887810641,0.003349852378286426,-0.0012502941533123482,-0.10623250070634066,-0.577586977001736,0.04024320688061047,-0.010180230025320983,1.1568074425168529,-0.6089823077859913,-0.05167205633210101,-0.536521341458363,-0.04960454563916826,0.05335507963262186,0.6509675282978061,-0.11622169700281261,0.047695432197553594,-0.5051393929718005,0.800053921547179,-0.021263988664119826,-0.022199814760698947,0.029292100626124803,-0.06824064434843286,1.5813181589185514,0.43639456897527507,-0.5084315182527998,0.22506784237191033,-0.9985715505228104,-0.17075188433898428,-0.34997641801830104,-0.8363258242797534,0.6919890034388431,-1.710713021201762,1.9116540388789216,0.7483876899633913,-0.630483511808734,1.5004980171785514,-1.7730739063960952,-2.035069718002795,0.8016177473563262,2.0691906766923287,5.059950288952914,-0.7546404173783812,1.841498917740853,-3.022980759445505,21.363283279392615,4.366647721847222,-1.1345474045582304,-0.8251830980916717,-2.120696548252924,-2.572477478552149,1.743272155639794,-7.222280660322722,0.0
-0.21577722701148122,0.34853330957269685,0.7409972034126278,0.9942593522975605,0.0026093363138915346,-0.0011255436991520452,-0.10695917391331325,-0.5422502320939818,0.049283552952200556,-0.021621442016291497,1.158333220235428,-0.6308887693304414,-0.053669005042254365,-0.5408391234722242,-0.06548211091056998,0.066896100703186,0.6121039209709929,-0.07621109056044471,0.06100007104427456,-0.5112377660223928,0.8283708906447783,-0.03764578823067202,-0.10735880121711855,0.004579587655629391,-0.06379820780431794,1.8353538229241888,0.4549974078473973,-0.5895975622301908,0.03219108372251698,-0.9672617012818409,-0.068449167139471,-0.191193559685209,-0.7766204542609176,0.6570453553995127,-2.018238794473616,2.0347785695926635,0.48539757880934803,-0.7645843163514404,1.641032629063956,-1.8491919317836203,-2.700275905974239,1.7331529930168972,2.0615333920248955,1.1141756247018537,-0.4900948854161915,0.930868268286863,0.7431542262177002,20.527844292333814,2.482473506927239,-4.427623729669211,0.2985111319924715,-3.4506309557889496,1.5154625697118798,0.32739637804675037,-31.92094576431377,0.0
-0.22602886073480885,0.3654353457852558,0.740160898373003,0.9941977402220205,0.0009743161538163626,-0.0011234895475085481,-0.10755762091408387,-0.5018398095896038,0.058350534687537065,-0.035449040494892156,1.1544320649829292,-0.6521558851301458,-0.054020059325278404,-0.5414921467389934,-0.08056438484473329,0.0793295896856673,0.5660376353337437,-0.033057562444128163,0.0693600953078185,-0.5177342631211788,0.860668090856754,-0.05435896679136781,-0.19608601446892948,-0.010041140683583595,-0.04587859604913732,2.0607686091904234,0.45148368357063284,-0.7223527603071077,-0.23035070660232065,-0.9443745333437957,0.0012242013751424712,-0.019231814943440333,-0.7578662391845428,0.5706331722666819,-2.370750046057441,2.187482791268779,0.17403101161244808,-0.8148353808817116,1.88444977207314,-2.1455428788940356,-2.5279993265856597,2.4285836922353687,2.88019356296795,-3.3689807161041205,-0.8482786885715493,0.7070886146438573,6.595714653293686,19.394773813790117,0.9789023925453453,-5.300218541322314,-3.0344442490096513,-6.429060116093352,1.9145330927830808,-0.4629973393517987,-26.83681348521232,0.0
-0.23638658250100605,0.383031395972121,0.73895754120458,0.9941693535377898,-0.001419402014842226,-0.0011673282156367043,-0.10781428072853312,-0.45636291320961203,0.06717225880748781,-0.05125748594010005,1.1397743147861124,-0.6716827729526804,-0.051071479887487205,-0.5385674674636695,-0.09637426926026291,0.08926605352272068,0.512769565862323,0.01290633655085696,0.07181655092380813,-0.5226941554043233,0.8985695355584815,-0.07787044264057824,-0.2557288527239237,-0.01620944933680484,-0.0008986764422025152,2.2885057383481375,0.42628932686613213,-0.7927865020168943,-0.8382473971432292,-0.8658728992888574,0.15919025864782022,0.13905685298399867,-0.891870371672392,0.33091120496876364,-2.719112277568066,2.4108699825600928,-0.23885903452599913,-0.5109254261428375,2.71084954182775,-3.2771373794631224,1.808281807100303,2.640294169112371,3.784747805532546,-7.878616737938369,-7.209944229511563,4.4666634908384255,9.801844410953223,16.323897293970017,-1.6582058060675708,-6.5465595200082065,-37.48609359181097,-54.96358836028048,-7.297023473064637,76.9757396042745,-111.7097055612029,0.0
-0.24682952540877767,0.40145052829065087,0.7372316692017125,0.9941590920418131,-0.004215519685072849,-0.001122419091742499,-0.10783630779920841,-0.40517893466984356,0.07570115212410447,-0.0662484051590828,1.1029084072201043,-0.686855968028139,-0.0451621440748421,-0.534219422052013,-0.11664094454415712,0.09254984542084708,0.4563874925035107,0.05312631559483033,0.0700230510896147,-0.531530438570842,0.9399045524365357,-0.10589527951022061,-0.31168884550627424,0.014082304961140178,-0.0005920807395822067,2.5193129172067956,0.4560832496960603,-0.6946666127857907,-2.0775760913481394,-0.6603409754208649,0.2829141366266475,0.10045237488623138,-1.037103843577653,0.09367083691976524,-2.654840302845951,1.450241402248389,-0.06380673001314921,-1.7250187516015667,2.1555152212304005,-3.042694082674477,-4.602898399752902,7.671520976241583,0.5839438670462185,-22.69464557616578,5.041091310641764,7.806203532975709,14.541740996627947,11.495522947982508,-4.716874381183088,-23.576979090176554,2.725350287628347,-2.519888066883607,30.21919458227677,-67.91808895636049,-4.918362467088743,0.0
-0.25758986858606414,0.4206639112061214,0.7351948860564647,0.994071435995215,-0.00786851585026778,-0.0002913597392689143,-0.10844344934678207,-0.3478787207963003,0.08521866533292952,-0.07761809058612103,1.0266457577682357,-0.6905826133920884,-0.03376568797230817,-0.5328066389014721,-0.13393982771177548,0.09772256943554702,0.40485661805353346,0.06042446481770824,0.07218832420687465,-0.5553626994012771,0.9789872382330572,-0.11704935827849339,-0.44767665555267133,0.12245254014679098,-0.06434231534574836,2.7397928343290547,0.4837681921803088,-0.5272876378580538,-4.161343778235674,-0.057516086106428714,0.5437350127148786,-0.08448536092067566,-0.7280691402788433,0.33151146541028015,-2.423779575679241,-0.28452958304889175,0.02712326843964997,-2.787165061425709,2.157779521196546,-2.950813493650452,-9.809229125934822,12.690577951554559,3.1881174494988245,-42.762821959812065,0.2226384355921759,1.5239288548797207,35.42434592648584,3.9021226971630782,-9.710328264466817,-25.7134279749631,14.288355822605164,5.036722599876451,22.54674576352984,-60.62986762113926,-13.910799625245826,0.0
-0.2688810194065737,0.44058272376057794,0.7328977564665924,0.9937297838534782,-0.013005775689857977,0.0020510698408484434,-0.11103044444535333,-0.28159214545841604,0.09536001983698385,-0.08124783500222223,0.8867286957874955,-0.6531894280382412,-0.007313183266554002,-0.5386303548343655,-0.1397869986259075,0.11330755116647014,0.3632628571841224,0.02840379288260575,0.06940336113429146,-0.5884444272901697,1.012386619344992,-0.14085907232456102,-0.6538710229062763,0.2960740235428089,-0.3066621529208747,3.1284357466617334,0.46506495397078335,-0.10086413816916857,-7.414775543969475,1.9841163404877544,1.2714624766430525,-0.5439803283307181,-0.0629370448231557,0.8760910224814472,-1.8484961070160757,-2.1802761691780033,-0.4117910775528923,-3.7967616824171757,2.029757266654788,-4.6486958058793855,-15.49531493169918,17.71311815426968,2.8608786132242128,-66.92382643467037,-8.398655976146427,-2.806387891483175,83.18482155100693,-38.52067146063509,-23.809089124983576,-33.04052380328726,15.708848279604068,-6.989056722987376,22.2908341155519,-37.99852591895044,-29.863092049092838,0.0
-0.2810318405535116,0.46085725693305823,0.7310263795209594,0.9931416065116456,-0.017041215113032596,0.005897512323258998,-0.11551868139541918,-0.2640412641334554,0.0956691380810255,-0.06931759794421652,0.7904945518777863,-0.535257662569196,0.008477536627910297,-0.5674656946711539,-0.13829550898926657,0.13598593523129204,0.36445082749726176,-0.04760913581367749,0.027832465356335767,-0.602232489791437,1.0153252589158794,0.00023227680932600206,-0.1543611632391379,0.2782640925293306,-0.4937561924978583,-1.3422703720695535,-0.7381619797268223,0.7583487621245193,-0.1815587007287579,2.5411788658423338,0.00938058323882553,-1.5747904472985736,-0.06505533264725111,1.2348291041223844,0.7262136248054968,-3.864072341894585,-2.4141279472685513,3.9615884840673488,-0.6298995172212898,11.770010876948339,31.288501204237868,-22.412924740593986,-17.84961987921652,-93.80073482454432,-58.45839011904595,25.375630996080186,283.47656644785434,-353.7533060116096,-3.5029891567381255,25.331152777922867,-11.558340275879885,7.352798298986029,31.916843131565678,59.3895333610256,15.408831466886834,0.0
-0.29340180783634834,0.48088566496429985,0.7315854858409627,0.9926044122852662,-0.01636697979900422,0.010102884686906817,-0.11986047891229089,-0.3121152332668925,0.07420905866639524,-0.05398418132405621,0.8217670309963433,-0.5202401456619159,0.008404590115232863,-0.6151963728830617,-0.1396056850074527,0.1466967289834756,0.4340798083631861,-0.10685692748309332,0.033741199163875406,-0.6050959515006831,0.9815492158601955,0.06247131665609716,0.12034026114204523,0.42981484616335736,-0.40361502323458676,-2.5156662457198737,-1.2025105984236792,0.8248849901634803,1.7898622366148127,0.28105398393219844,0.11312061883222883,-2.257415953551686,0.00907252782403372,-0.008242085632363075,4.141775513144243,-2.130531460179148,0.6953192337653856,2.8145588684671625,-2.5810265472503335,4.56374159681582,8.133338142523865,-7.140029606081849,1.1133908169081825,28.817715378295205,-5.753778287097504,9.344809439846014,-41.443117077782176,2.1364258344366363,20.28093409678913,59.16392603693948,16.11375393311442,-38.098687422163664,-31.60846343749288,82.5411418191198,-4.854368487089669,0.0
-0.30524401828085823,0.4995793957993941,0.733278255253586,0.9922213338998037,-0.015207883589764217,0.013965412452592795,-0.12276201401835922,-0.35831430174955864,0.051933382344715756,-0.039462934143716315,0.848632639832459,-0.5108203560187151,0.011072859440665387,-0.660639507088236,-0.13449271693569742,0.14095579314485793,0.5476523625598739,-0.1519592527348708,0.04736222940910152,-0.5726137328836103,0.8953285744201932,0.11428869818380512,0.0026083291607729535,0.3350046327227408,-0.17939116049069265,-1.9894486052976423,-1.0186157703343193,0.6282460048814749,0.7970069449798932,0.7443408722821839,0.23080559672958814,-1.737285737482921,0.43924998017725686,-0.4718149309014095,5.392055819979815,-1.7506736595481867,0.5894340890220245,2.5017810074311506,-4.370270619664576,3.8722165209336508,-9.308543764892331,-9.378125487333467,11.671906566047731,41.87784974433774,11.917648364406517,-11.959737957633955,-67.2543948618738,34.83023579529684,13.737933198389754,87.459499632839,21.557560468400553,-13.791353310530454,-112.32986688351511,60.224136482016675,-11.338965906619437,0.0
-0.31621728622959905,0.5167099110637094,0.7359814984417793,0.9920623344521543,-0.015662927079324068,0.016183023473424905,-0.12371381098288284,-0.39004459864861984,0.0337885578557641,-0.028406248847927695,0.8536492206630136,-0.49006100206229325,0.0195653141717491,-0.6832012994899246,-0.12418159251239477,0.13193035809482537,0.6432747422566915,-0.1807587940959617,0.05045700705629276,-0.5291804991361057,0.8259783209025662,0.1545012902721263,-0.14452114989916393,0.11854285758554049,-0.02774601937613901,-1.2638118014721285,-0.8101248366615751,0.4744275802153889,-0.1695069080216865,1.2515785441852278,0.5364332417690856,-0.49639408716455274,0.5632721597646213,-0.46483877600756685,3.8027322835869213,-1.1147403990503917,0.03902683131821853,2.003023943575017,-3.2483921353874434,2.1107477187658032,-8.705285533128691,-9.995000333884793,6.4110590410385795,33.21581488667567,11.171928203762088,-9.23914533975586,-42.43592496270456,20.78904013962998,9.155712530782795,72.85641242123633,5.384822205657603,-1.7463778197688944,-126.7350499441616,31.311827952378913,-5.143083008781731,0.0
-0.32673857544068824,0.5327066358044196,0.7388764145719565,0.9919628568639959,-0.017894799741111724,0.01749569569368129,-0.12402970360619167,-0.41355793567093935,0.020742900929792155,-0.019546579462008738,0.8475035215604181,-0.4628948514603601,0.032599349586551564,-0.6869539897051429,-0.11137941360043203,0.1246034586515392,0.7028222148213942,-0.19561930286018547,0.04071806843119834,-0.5235211971803709,0.780089438889334,0.13708363325741377,-0.31230869466393074,0.09015434442468202,-0.040962378977982404,-1.1065956019992353,-0.5325456684207808,0.40558762403527004,-0.4048346590845353,1.4152340125150966,0.6974976481908415,0.0891924365362664,0.667590150911134,-0.3306194690696861,2.182435908778566,-0.5476713657982226,-0.5048678279792799,0.24791881614490932,-2.055797179541384,-0.9102557463178201,-8.071461683145241,-1.4021072883927432,-0.9801899801826999,6.893318918277773,12.587157971747002,-4.620922332388846,-8.877398332664098,3.948917753868212,1.737539588331569,29.986816900411167,0.8282596562766648,1.6292842071056335,-89.82390849239101,14.59203498461213,9.165787098968625,0.0
-0.33735090585284794,0.5479742440857723,0.7410754836294978,0.991781491345949,-0.021279446735276496,0.01922649901603765,-0.12468761087547159,-0.43692566700446916,0.01207250848302858,-0.011482412276669858,0.839913663679813,-0.43438776986495975,0.04729983491608446,-0.6880368465783636,-0.09794452765786794,0.11881761754106972,0.7510658155300977,-0.2122200649646346,0.028439451034120527,-0.5347658558436058,0.7508043429901752,0.09212669361126155,-0.3980928862951367,0.15502183737525277,-0.09448983662091125,-1.196370217036822,-0.34844186416648826,0.39294636878359457,-0.37501372656303755,1.4294964218551425,0.7136297762213193,-0.03845623738888557,0.6392055156782854,-0.3033402595809759,2.161242315243682,-0.7221351163005788,-0.5433881546948628,-0.3796483486045606,-1.2894223006426913,-1.7540744757480382,-4.751393444500775,2.120988582541152,-2.892178553629647,-2.1186874542515146,9.430110105386252,-1.3557283351934424,0.12954838819058026,-0.12712335216735016,-4.408068925708319,8.420137096870793,-5.652389427653453,-3.2840278768181985,-50.79391232059904,19.691220581951924,11.524202455089535,0.0
-0.3481231113836248,0.5627076266464783,0.7424611972320311,0.9914829631323189,-0.02534235806796904,0.02134148199785062,-0.1259517362010051,-0.4612131769592033,0.006835177588798893,-0.003342446444266271,0.8330390752753166,-0.4061726952100947,0.061274107908426224,-0.6896356563039593,-0.08521952091486328,0.11250308502719697,0.7985561242019975,-0.24009120300127668,0.022257241527254393,-0.5406652482971883,0.7263594368937839,0.05493097128426532,-0.4564045823463124,0.16207420591561245,-0.16506627423677073,-1.210383300652709,-0.1911411790286299,0.41030869636113393,-0.3362117444198937,1.390949212345861,0.6915398932067266,0.0026635007137312226,0.610526662813143,-0.3513669031618164,2.1229280968762874,-1.3026434460718916,-0.2230094517931335,-0.16772209076049815,-1.0388706964928291,-1.370947624560931,-3.2971788512699485,-0.4416487526730155,-3.7790204576699415,1.4505494682295803,7.60610744974024,0.05294005361735671,0.030986182403651363,-2.6434450295386753,-0.09200606331656919,15.271099062640518,-4.10245819030043,-4.037578297247277,-50.09727937399182,28.33459506071451,6.045818919018747,0.0
-0.3589509451371638,0.5770498979217255,0.7431567379156413,0.9910908382205443,-0.029714154196707317,0.02326514118078349,-0.12772921608430904,-0.48499543494774,0.003573430404753556,0.005107153433429825,0.8266955112730652,-0.37896379256175355,0.0751266198818521,-0.6882320646426707,-0.07404275003027184,0.10453574306011727,0.842739684676647,-0.2760671203056862,0.02074754365727815,-0.5415603221833047,0.7104895593839061,0.021713540639857913,-0.45838764410824934,0.12112968032530386,-0.20646731191782364,-1.1600251243071964,-0.13486190814529478,0.4304240137819863,-0.3161266630981307,1.3383309474141711,0.6987392560123489,0.2114986521172535,0.5160253174465924,-0.42419717636349574,1.9376423991285316,-1.627112716902669,-0.022724871694084554,0.004130377294567505,-0.6591130085427285,-1.280140068939296,-0.5359487316145383,-2.4240615924630777,-2.548195369170788,3.8053799041085865,3.2822416519510855,0.853203940332753,-0.4282514073911954,-2.255475902381271,0.8746071825347538,20.214446739678223,-4.594534684438552,-0.9377414089508223,-47.846934112219515,35.12743172880558,2.5895289834266086,0.0
-0.369766168217931,0.5911486013911379,0.743218756820458,0.9906682553260717,-0.033929629559734976,0.02460620686258415,-0.12969087366107593,-0.507370160688854,0.0004775406409824895,0.013935126389241185,0.8204734422925044,-0.35267757891344864,0.08962911238272696,-0.6818639300084985,-0.06539066232126446,0.09515387589570355,0.8831204626686339,-0.31393542161829624,0.02057547102594509,-0.540133072592586,0.7009525262382986,-0.009252460270348916,-0.41584792387886294,0.05703177059235941,-0.2111404851264533,-1.0794110922247395,-0.1598153094950187,0.45162140193859945,-0.3169109942668826,1.3037489438412688,0.735874520622936,0.47594964092331576,0.3813835542707163,-0.4706635982364257,1.7885243505864634,-1.6624326171152761,-0.0030668951737392596,0.04859243718046005,-0.38881121969356336,-1.242167123523045,1.4751918843496985,-3.120759712121185,-1.0627746133356706,4.422007388579973,0.04797197015268698,1.3452850383802928,-0.9383110822825455,-0.700289524023524,0.5928818952517255,20.845612200448514,-4.425721583771585,2.8099978475178773,-41.23658136728784,37.3483157066566,0.31892206592007477,0.0
-0.38054385282827413,0.6050791590757398,0.7427156631978586,0.9902650632089265,-0.037749151828949556,0.025209151310697515,-0.1315849718402957,-0.527908443841527,-0.0033593880798978753,0.023214509429431804,0.8138951421729378,-0.32688500141647187,0.10498221640183245,-0.6697452675384716,-0.05922501077108184,0.08495618853889464,0.9205054216529287,-0.3509871716334123,0.02026298557535914,-0.5385162202078394,0.6933773163799154,-0.03593820914054824,-0.3627300627110165,-0.009937027768870923,-0.19960997641716016,-0.9876592547889491,-0.20446585096821682,0.4756261029916504,-0.3430718226673017,1.2909202661859072,0.7730957804893979,0.7629489540368475,0.2755850981673023,-0.4966171450937934,1.6730165097808114,-1.6127696797864914,-0.012643514262589372,-0.024007843765609393,-0.30276914785006626,-1.1103113239868392,1.8943611008108339,-2.6563334719688787,-0.560361890363207,3.8481068681764943,-0.5880311463245324,1.5517023249564816,-1.5806096552848643,0.7519198888623824,-0.3523945098664021,19.61062039423238,-1.7671866332027029,4.851460649281839,-35.90029558377746,36.76308572285871,0.3992844394178991,0.0
-0.3912979216811659,0.6188659744316519,0.7417350332890751,0.9899003609808777,-0.041118786556850445,0.025123980694796922,-0.1333240650297953,-0.5465587734667596,-0.008110971531004003,0.03298762917725394,0.8064251692617207,-0.30110142557531533,0.12090711054892399,-0.6519522984076107,-0.05480512963569568,0.07374887653278407,0.9560177801608863,-0.38706356067083436,0.018909803478850788,-0.5381013024759542,0.6864228875282261,-0.05799102424455849,-0.3099492872148235,-0.06722924675059067,-0.18499655955642488,-0.8963931673803515,-0.2486253196313219,0.5016840249860905,-0.39837971534693195,1.3020148024350513,0.7958226399063737,1.0324350151661195,0.21459023688124335,-0.5524014560302748,1.614026909452507,-1.571626634513842,-0.062374456928572526,-0.14445621208327147,-0.28081559352564794,-0.9432488964938773,1.758151246791284,-1.7902227620175093,-0.697186533209146,3.054898935528254,-0.22053185981448975,1.7508898445050112,-2.519446271339006,2.0716122907474497,-0.8509300760255852,17.22044418149872,1.8576809809420327,5.115385631330128,-31.48167392535276,35.95523898257919,1.784442190811648,0.0
-0.4020580912448655,0.6325190174784221,0.7403794523337,0.9895798863678813,-0.04402382746531219,0.0244742378943912,-0.13488722248947654,-0.5633111912542541,-0.013796064547044856,0.04325722242348082,0.797306454473315,-0.2747517239289917,0.13713142796918296,-0.628995593231539,-0.05107604712048792,0.06086361101661298,0.9906395978439851,-0.42264719961519337,0.01665727241570852,-0.5394106610918373,0.6798702305065273,-0.07457539102103534,-0.25731231753419287,-0.1094126088844347,-0.1680774782379866,-0.8046576878394623,-0.294426111026345,0.5267966823184143,-0.4980909996225229,1.3442765354727437,0.8100204010000792,1.2704508251753726,0.2123192812137534,-0.6451511284945463,1.592663993562809,-1.5547340245077552,-0.09910745461323281,-0.28753777054283486,-0.26998394521416663,-0.7456577862982784,1.6058381032842655,-0.6405793826919435,-0.8200332245473386,2.253272626756836,0.08600246515811832,1.8352990966135703,-4.1114325604731405,3.5549921565068745,-0.7041270838177492,14.252603150322926,6.114889727952626,5.036367575757684,-28.543378524422234,35.499150731889294,2.7253936664353993,0.0
-0.41286093141073515,0.6460452019736639,0.7387751458297233,0.9893092959993325,-0.04642792134021383,0.023421720262408553,-0.13624605678434268,-0.5780628028577991,-0.020484481246524935,0.05401667371203716,0.7853987736159931,-0.24709673190122627,0.15338726501331598,-0.6014387562245604,-0.046599732511369694,0.0457019585204392,1.0246255395791133,-0.4580456459742422,0.01346633522975925,-0.5425742368584365,0.6736422344654179,-0.08444225850712488,-0.20175379186862058,-0.1344740907515902,-0.146014710868521,-0.704160178649811,-0.3463937355377877,0.5511042987570444,-0.6635891488547973,1.4257441702638376,0.8095111550164527,1.4816052797879642,0.28931378144988845,-0.7658306863899985,1.5694054645585422,-1.5503638696068462,-0.13993918598290836,-0.42895479544477016,-0.25991869082116276,-0.5269469742608357,1.6232162990729966,0.5618279588126478,-0.706850020371471,1.8128807216328138,0.02157929255780855,1.8042755507538226,-6.521547792616305,5.137547047654727,-0.6468613958144418,11.315182453132946,10.92836878025998,4.9175099261958035,-26.749531841284707,35.188854236436846,3.718456102993996,0.0
-0.4237469768421771,0.6594514502190865,0.7370756248732915,0.9890956541843883,-0.04825798685777743,0.022143681063786853,-0.13737034238487456,-0.5905135966232928,-0.028280952207248928,0.06533227613608265,0.769095141200726,-0.21723676278578075,0.16917981510557314,-0.569717621748048,-0.03952889551426258,0.02774286330574062,1.057353984537518,-0.49274127699689757,0.008720128739674936,-0.5478527174144708,0.6678270625970706,-0.0863118287882247,-0.13928309977741415,-0.14032162710960716,-0.12013103610465747,-0.585143757987336,-0.4052594967727385,0.5806046395885722,-0.917621120585849,1.5544758775894738,0.7824028056357182,1.6720163150205467,0.464671939802639,-0.9145860483070302,1.504283801043358,-1.5164346111116374,-0.2116482725222049,-0.5756750746136422,-0.2398201520471711,-0.30856316871447614,1.8982325816959802,1.831083138572639,-0.5434489778230933,1.6326597370390914,-0.3704616899416123,1.8982467256298265,-9.533371793111677,6.794592768847195,-0.4907732596791292,8.281229973833307,16.061916465330807,4.33176346277889,-25.26629226948792,34.342789647662705,5.295310522047662,0.0
-0.4347630546461712,0.6727370250479626,0.7354202017560151,0.9889463106866387,-0.04947425024508498,0.020829514418733108,-0.1382158618648858,-0.6003951692175888,-0.037266601406454505,0.07715264936083807,0.7468528423093017,-0.1843676887556223,0.18413329528923467,-0.5340692551413597,-0.027580896591119557,0.006813374198648057,1.0867777939083834,-0.5251206197716896,0.0019169624190519675,-0.5555988390243736,0.6617644030385318,-0.08262987116054461,-0.07820804208319261,-0.12742752803693375,-0.08728037681574376,-0.45726210486028795,-0.46764133465569246,0.6027886744350232,-1.2384196058080466,1.71591059920975,0.7351409867558907,1.8500289634947675,0.757075948192469,-1.0651201344125063,1.3179412379064182,-1.4040189368270368,-0.3042545705910823,-0.729948897441409,-0.23028560069212234,-0.28682046896723373,2.0094474761655623,3.035343761376759,-0.1898782192747756,0.9358582674738714,-0.8289978158837709,1.612735476252431,-11.329793957013566,7.556850110789054,-0.799929859930701,4.66683367276069,20.762020340043524,3.871213715537838,-23.798963962713675,31.84632763533343,7.297595764520289,0.0
-0.4459477057540839,0.6858925905775597,0.7338955932640719,0.9888644236601433,-0.05011694405854085,0.019617420371935385,-0.13874653276920643,-0.6074748877931859,-0.047386075361017285,0.0892926420180901,0.7175873247334302,-0.14825666496287596,0.19756955455545924,-0.49461726333591904,-0.008572230322372497,-0.017234758542002845,1.1097181970669459,-0.5538280093089825,-0.0073709018542553895,-0.5649318476682765,0.6553366494452486,-0.07605832535035262,-0.024473039923490807,-0.10571340709919241,-0.05327049918789517,-0.31875727178860386,-0.5239558895849894,0.6149342311442729,-1.597890498060082,1.8632247820331624,0.6246490718231271,2.018488354224349,1.1454372260337171,-1.2278624120855008,0.970814770126828,-1.2371974307063434,-0.41526175944243293,-0.8541849103249773,-0.1832154591074772,-0.4489024671222989,2.1513267007290824,3.8279440600600956,-0.20362909534874957,-0.16546595308712808,-1.104304612193571,1.242262814327082,-10.836764233316556,4.253909200055517,-6.118372045521227,0.1341237697212383,23.45921590694964,2.905044392175265,-20.563889990077413,27.875236929021277,9.702148828776215,0.0
-0.45733412940172286,0.6989407715042825,0.7325623598271572,0.9888639965578927,-0.05019877806577195,0.018589162208541964,-0.13886152109436273,-0.6121428297784685,-0.059001271163786485,0.101124782746129,0.6823230872350111,-0.11441934717040923,0.2076686558016697,-0.4513734173586534,0.018476172306685797,-0.04534581082889833,1.1217547737235962,-0.5788124542247451,-0.0186410674971079,-0.577284037507181,0.653192701616891,-0.06480905723117539,0.04160654537213451,-0.07097635868578783,-6.292522449109317e-05,-0.2506433191967112,-0.6444979738987486,0.5727435513521644,-1.7816258941440948,1.3353687000261916,0.47708690683678084,2.1734234377881045,1.5308923458578545,-1.451264708379009,0.39168269315398085,-1.0814494954662126,-0.49614661385577064,-1.229693127731249,0.3807068772103044,-0.2445828980012483,4.9263804741212835,5.768745044743241,0.8911001177120923,-7.915257029981675,-8.872071313349283,-2.1470493612881683,4.502821070752955,-51.429878247486585,0.843497438228598,-7.2121340668157705,19.258104990552596,1.8007921177012873,-15.905232524628683,23.53363934703667,11.795727927974312,0.0
-0.4689961553608245,0.7120146923884405,0.7315527085884848,0.9890110515446663,-0.049441432001864655,0.017826675074916788,-0.13818427689101212,-0.6158701605164568,-0.07433476288806679,0.11110611649920323,0.6447569349351164,-0.09764556015817398,0.215314107761606,-0.4042440222544335,0.05254389550042674,-0.0786152592901339,1.1162614068159966,-0.6011234916469963,-0.02979981092535862,-0.5932960034507386,0.658563614385443,-0.0473152047006083,0.14099515998805398,-0.03296703111025851,0.09434318209897395,-0.20876909915875325,-0.8763892599773134,0.46916091836089274,-1.8987158854890056,0.37541277660724776,0.3878573333830276,2.3338251561105707,1.8464386460620381,-1.7071015561419873,-0.5272838906817717,-0.9866496991736567,-0.4742235812199949,-1.5291404170301979,0.8960762724230485,-0.3058561430923847,7.764277435349174,6.355359972265958,0.8612100660269236,-6.980230742942411,-12.669504389827768,-0.8729306298258988,-0.5532428622012704,-49.76054682525338,4.520588527041834,-15.066943854797593,15.236888431010545,4.318642726931442,-6.954361252724854,19.285461862717213,11.965272464653745,0.0
-0.480972691280928,0.7252401368264944,0.7308828449597871,0.989367214599131,-0.04752463235014945,0.01723255347383501,-0.13637068268917296,-0.6179286387266639,-0.09460816584971794,0.11924480022857342,0.6033202619746466,-0.09752733667895648,0.22065028273429352,-0.3527446124750384,0.09256050176952922,-0.11621579644581084,1.0859566086902421,-0.6198136843639142,-0.03952554980384488,-0.6108786265752422,0.6695550408355089,-0.034667001864954035,0.27182182994344417,-0.006236723255827692,0.21635131315714035,-0.11770340900206103,-1.119434833227442,0.42745223848390607,-2.1276277462167736,-0.3964504242910886,0.25408779377147006,2.5136600877472297,2.1115886170148563,-1.8769935059195237,-1.7664173990338048,-0.8279566414671764,-0.4026855383025486,-1.902089219511542,1.3793142832647092,-1.020757339281424,10.463589901790803,7.139595242963479,0.32920308199291615,-8.698088795381938,-10.534650332950768,8.022599359053588,-1.2167338806312922,-49.35037227337946,0.9640693404711703,-25.210880808614935,10.36873687479164,10.096424642901004,10.806269005085287,14.340685816672593,10.801881387018767,0.0
-0.4933386479700086,0.7388072319596163,0.7304292172872987,0.9899962508491364,-0.0437050958494653,0.016934775020537748,-0.13308080739327813,-0.6186198025113275,-0.11718485924676747,0.13295474681566252,0.5569831144230282,-0.11502211472588886,0.21878120742979962,-0.2965553676791458,0.13636354174896934,-0.15433074343013403,1.0237267491064288,-0.6306071225146628,-0.048501988618772335,-0.6335147232074068,0.6937868342982287,-0.030018719421436618,0.5063306952569853,0.06532818287120709,0.3849065838000435,-0.06913787068466959,-1.1610046458086245,0.9521711720372282,-2.3985620945263286,-1.3847792412606659,-0.1267941977113991,2.697341827767789,2.2022344330944943,-1.8026038880320796,-3.31257565327943,-0.4537356048890101,-0.3764833066562391,-2.3722789568404896,2.324411613148115,-1.99560378870774,16.512295654969954,10.309437727667802,1.3252920759165376,-11.90580116539202,-6.847249786302827,28.921514301660515,-4.262214278178229,-52.16735477321013,-9.679926166897593,-37.244102832251585,-3.0304823330147546,19.09935567353772,38.84653685760082,5.3043168794514015,10.028562714713315,0.0
-0.5060315764966334,0.753134601474319,0.7299828236452306,0.9909491098849866,-0.036357295108297,0.017127252299549107,-0.12808070088514167,-0.620479045168052,-0.1400963830903062,0.16170209092202348,0.5096016904248839,-0.15268385143597402,0.1840579592371825,-0.23090170331632312,0.1804124520110649,-0.1787175457783231,0.9083998643220579,-0.62914241154206,-0.05982182065678047,-0.6479517852002605,0.74952795192866,-0.042405849401341095,0.9579377564000979,0.1836824651756679,0.5422775232095731,-0.19944457007458416,-1.2441653251588232,1.8498656939483897,-2.3579449346102184,-2.430540921150505,-2.307267343121492,3.18818737733996,2.0104309790231762,-0.7535477296843195,-6.10476847388387,0.08419684304981435,-0.5104911621655452,-2.36939860414286,4.602288637304832,-3.947219301008556,29.308518535086538,14.72552683866985,-3.7715343819074185,-18.054286441464058,-19.312752021386213,40.98091291634466,-0.5375794071517214,-58.598010787763805,-36.4039874060702,-49.62721123890554,-34.441697371394675,46.58005586393829,75.03747174857928,-10.230047437471251,10.904803033972414,0.0
-0.5186881589775757,0.7690858143760234,0.7277990125087838,0.9918378427126144,-0.023364452521819578,0.017781550097336903,-0.1240790578529651,-0.6358296357272899,-0.16846345507517724,0.20297141170326766,0.4859064310095468,-0.21570533202167716,0.0878762846884144,-0.15215778377584796,0.21101187911823047,-0.16274492172460872,0.7247781307648118,-0.5578091452050292,-0.06872600188060718,-0.6325815354560277,0.8541958714559645,-0.192908947235373,1.605584555214105,0.30374874731572454,0.17895548217292864,-1.1041196356576881,-1.612760747715344,2.414896545943127,-0.7447815008544789,-3.564965693973763,-5.279983875477417,3.8063330454708315,0.8102285081066685,1.824614072591493,-9.178778264756334,3.7341828844227116,-0.3798518493791186,-0.8975685869349203,7.111089715109031,-10.846764172645022,38.24334736761334,14.492311123763677,-38.27151526449714,-31.551138216628576,-24.813303497740375,39.52789946480657,16.91527195135675,-19.109359656338405,11.954704576928581,-64.55143182533016,-100.21956039676817,85.91246290675598,160.19181425010248,-74.00710366740385,6.4974888291776525,0.0
-0.5321021826064996,0.7866859464903271,0.7243173198323918,0.9917282880165857,-0.008434602602429642,0.02157595471815432,-0.1262471322630011,-0.6864044718837355,-0.1967283770621603,0.22212151073101366,0.5281804564591919,-0.26209613173422824,0.020664425198848074,-0.12318671803476261,0.19207067618102597,-0.1464615700807082,0.6134972669062749,-0.5682128452304258,-0.1229668027205071,-0.6969480744133373,0.831106837844786,-0.04040477320750002,0.8608625001209829,0.6837955757613973,-0.6039951016730506,-2.7618558729080998,-0.4374929698229033,-0.5179028218448571,3.1061955338646916,-1.6172679038224258,-2.4817335925621014,-1.8741500097436066,-1.3122638521466965,0.6123264268839563,0.33596935190082944,-1.44968492700645,-2.7095858599827034,0.8920382828706257,-8.552540751078244,18.25986688148145,-72.50420169815865,-6.5426077399106655,-31.41423603705893,50.49515192172158,122.84968667139823,-133.79386358752083,11.505689051961363,59.95766517448676,67.5593767513656,-250.9411821230884,2.8023991035747216,-29.119792148130685,464.2711980118729,121.73252931522092,285.5325450781713,0.0
-0.5453113054329264,0.8022832947732431,0.725680099683314,0.9910567656806927,-0.0027566753967902674,0.025379058804373602,-0.13097630057947546,-0.728764164867099,-0.19821288338086443,0.19107060340881996,0.5890358835629484,-0.27024495760177447,-0.01806255736924022,-0.18085902992764752,0.16142314724860074,-0.14544203770321673,0.6667679338158676,-0.5796861367215211,-0.1431990085760017,-0.6104791538230006,0.7380508281136569,0.14122180868551792,0.33626243831474684,0.17055429407036352,-0.25598420680210376,-1.2842962937832536,0.2151959578756971,-1.8098133463059325,2.5680768284128077,-0.0370290678475315,-1.543906174458264,-2.6921709727037793,-1.5551196214762157,-0.23690894650718702,2.8835759917729185,0.1017873060781182,-0.17216477618964876,6.432015909591986,-4.492243102086162,7.015636296250618,-15.411339721652233,-35.6410205210484,27.408068376023547,106.22008557681295,33.0347040135132,8.27458771470026,-73.97245824366678,14.850156442263406,38.35783803081815,74.8050508499614,4.713214842411882,-21.327755838290457,-65.36006725573625,67.48955309265585,60.44676942867405,0.0
-0.5569658593756691,0.8169486794456542,0.7287620290167045,0.9906481053238914,0.0010144933302127011,0.025723664466875268,-0.133991026967712,-0.7507220625357427,-0.18890839736213652,0.15928031786559171,0.6532960087971288,-0.2786888516733605,-0.02754762258214749,-0.23144429693113666,0.13006721046230288,-0.14550683107170764,0.7209068654011966,-0.5712162630604395,-0.14245320745799103,-0.5530139895478177,0.7304388755147078,0.17083795469018206,0.43738763460629526,-0.016121794047261787,-0.29261503440411546,-0.668876961467555,0.6372812870828299,-1.2785246688886165,2.9766329540584437,-0.35229524202540835,-0.1740638971301914,-2.190412682208732,-1.6052628076590783,0.1664030981909852,2.270880763040095,0.6448865702084557,0.22561434850875026,3.6029947800690643,-0.2665103061635572,2.2099432363794818,7.972185150995567,-12.752055975442417,2.567680537580934,61.49374328072181,16.610974480013923,39.077519147957155,-66.63776138661018,15.484577055492736,11.107212530749937,47.181823928675286,-5.477424370872942,16.890098785583373,-61.639097520207144,21.005536863089915,20.618824972016146,0.0
-0.5674885633660525,0.8313048223583849,0.7323211484108672,0.9903190202834702,0.005006085396411378,0.024246567836148734,-0.13658433703012046,-0.7576275910469619,-0.17100342205583643,0.14017096434103324,0.71465053138994,-0.2928838246859639,-0.02737388784465626,-0.2670225234124374,0.09978814503699063,-0.13967460997969944,0.7534738187554963,-0.5548094734268494,-0.1355718954940208,-0.5032171721496141,0.7103180059937857,0.18805940526918188,0.42848972804909163,-0.15555059119440345,-0.20385734048565193,0.04784619835183365,1.031186052216196,-0.7409911030744971,2.644301538056178,-0.6275356318722844,0.04416899471268148,-1.4461863710578609,-1.481594537436882,0.36725699385712424,1.1294095481253343,0.942090648683895,0.4521500585640693,2.5165558215593924,-0.6440063924404975,1.3020871304114379,1.7105328921279233,-6.704326280873096,6.279832205171669,48.697896815640185,9.667612668195348,19.036987110360798,-71.51282537203636,17.769422854008724,0.4888949395801446,34.921307504063556,0.9884221237321799,6.19461746607805,-51.132081670903496,11.527584086647792,11.854051672840457,0.0
-0.5774142162025329,0.8453486231164863,0.7358856716529473,0.9899907251934829,0.008532677658030438,0.0226471380372005,-0.13904195259557073,-0.7552344980052748,-0.14590577839531305,0.12653235916356073,0.7698693916154742,-0.31188095418852657,-0.025570177378185212,-0.294140728361483,0.07310815372696323,-0.13007552348185,0.7694723996596817,-0.5341042139996444,-0.12529501387305253,-0.4891218803782316,0.6983555929552505,0.17465369363692887,0.3551526601173308,-0.07807019219179126,-0.24792678235112028,0.29900652957694845,1.3592861289021037,-0.6634819487885483,2.4019640538350857,-0.8356119293681873,0.09113230313083467,-1.2794574841818143,-1.2610603726710337,0.5424449832010432,0.5498410209995301,1.1035315231011007,0.5686140071678978,0.8665425559647683,-0.2516229410164471,-0.169815197429601,-1.3242160907791116,3.3970892368014294,0.6114779700690336,25.732505471429196,6.175727865515478,0.25015471229804875,-63.21885372184742,21.61225769089661,-0.9088277756442557,8.176603955053137,5.107103177948362,4.661567501374337,-25.592168905232054,6.911998148098668,5.707869870236971,0.0
-0.5871748978036246,0.8592435337981422,0.7389741788215292,0.9895626572589602,0.011364445545983674,0.0221201760426572,-0.14194116579716695,-0.7504561845575629,-0.1168168564278836,0.11013771035763854,0.824286360441495,-0.3341070609333086,-0.024169974206162098,-0.32034905186668805,0.05047122551340093,-0.11807108415507007,0.7778420141205604,-0.5111481953593678,-0.11273314490868082,-0.48504425863742645,0.6944940832141241,0.14345093994383196,0.2688175337120538,0.029998920822438144,-0.2972910626649838,0.3370621125330263,1.4787816962193534,-0.8978624164784603,2.470938558489982,-0.9592544434624037,0.06554110817710045,-1.3132739411634042,-1.0712758474972974,0.6317543379638587,0.29802227787705676,1.1777826686033825,0.662026164776001,0.44886889870126095,0.1423059928291123,-0.9075190354340574,-1.4385789909597564,4.474813717520201,0.5117331665020337,18.701489714162005,-0.8326931805602844,-4.606435431160117,-55.59888681216338,25.4881678027194,-0.18235678559308274,0.9260790120194724,3.7342006048143666,2.1280542475438224,-13.80866497199246,2.755131348417491,3.6442594303001012,0.0
-0.5968191895054722,0.8731536507389134,0.7414486643488971,0.9890760434309533,0.013555459422074046,0.0225602847438589,-0.14503745510420013,-0.7443774633209012,-0.08746901214658481,0.0890371711967,0.8787538015163799,-0.36134205745843306,-0.023722644270360367,-0.34706521064245216,0.030791568774571117,-0.10490411800703416,0.782230476327528,-0.4871624257517989,-0.09701290280497583,-0.47853134529700264,0.6987677809264372,0.11309822168120778,0.1990362622629726,0.10238575754513132,-0.3000772962668196,0.40600550028507515,1.4269215358293963,-1.0980505267161882,2.4551242808292453,-1.2124252603646013,0.00834795789745438,-1.3387925454875607,-0.9525211398264106,0.6672538268658633,0.14416666349669693,1.2153862313667723,0.8323736671816444,0.48198498412131374,0.513635757805253,-0.8638657469537527,-0.7750662244114127,3.088087241983679,2.5590135056075356,18.146454143034244,-6.47309247208919,1.5249777616553357,-55.57660162463202,28.970979340715054,-0.547008177135459,0.45210228180956846,0.9222816543466993,-0.09408171400048176,-8.557200259572822,1.5951643954942665,1.8828681664548632,0.0
-0.6062860165358249,0.8872229137181445,0.7434188768151648,0.9885985965737414,0.015235358769545666,0.023567941341918662,-0.1479366446709387,-0.7356477562106263,-0.05978678246614345,0.06660141406538815,0.9293561275329065,-0.3931848038533332,-0.02465078715793219,-0.3736945801661951,0.012915272132593681,-0.09132031530257961,0.7837306791661842,-0.46246071800776545,-0.07866285820107624,-0.46850756132372,0.7095844359545157,0.09069388489099331,0.14534272281950422,0.13566944349110815,-0.2657862501265849,0.5497260369175883,1.316904547983233,-1.0780179654900803,2.2212168764468827,-1.4225233667820933,-0.040411260868643856,-1.3179282998600184,-0.8821902490290289,0.6749289554139745,0.01291108403751745,1.2488038486481228,0.923872280726416,0.5577629350124985,0.8311469801394054,-0.6536588944425714,-0.3225412650025988,1.5907352347647092,4.334134824503258,16.833681826498257,-9.718149389651142,9.25328178472806,-53.863303862132234,31.785745681123533,1.8451876096343574,1.8116896850261501,-1.1073616676022644,-1.4802901442457501,-6.890533723107025,1.3015162549791577,-2.304163292971986,0.0
-0.6155398478523394,0.9015748375883923,0.7450212952385555,0.9881622336637603,0.016485585104641848,0.024827932279534393,-0.1504898641873555,-0.72357851751817,-0.03425949681359992,0.04656201106840247,0.9734218665852157,-0.4269750600405486,-0.0265847818432074,-0.3995265842715574,-0.003761633916083826,-0.0775347302529442,0.7825008253739807,-0.43688773035381656,-0.059859485247243674,-0.457799405203757,0.726174168997381,0.07450947073051245,0.09953175313392815,0.14522741890015636,-0.2315835365069164,0.7037113777897707,1.2027593658709508,-0.9113951320724036,1.9080747271590863,-1.4932078827063093,-0.08631335094913271,-1.2650297198057496,-0.828606579023059,0.6844375225751342,-0.12823560996338337,1.3013342094516034,0.9237169609818262,0.5314593970775388,1.0903452998370529,-0.4757449782674737,-0.44751657376861603,0.7125258635876162,4.507202034550039,13.495375073638881,-11.092767615030525,11.905972635592734,-47.39306734071731,32.89943425470634,2.4791186316818523,3.0871825482601047,-1.678469799774691,-1.6952563427707947,-7.49444440260864,2.3539590053816934,-2.8725544067833613,0.0
-0.6245678125776916,0.9163094940407527,0.7463688078691187,0.9877759261509075,0.017306033511556285,0.026083527613338535,-0.15270517511878362,-0.7081327780335802,-0.011199933930571948,0.030294648265802516,1.0106044416464874,-0.4605628304433974,-0.028997048993573343,-0.4237272959567175,-0.01955908592790202,-0.06364831804096174,0.7780483649016038,-0.4099868523729538,-0.041590589889121565,-0.44655519750783557,0.7472698078380767,0.06327447517667174,0.05565034669197075,0.12835535892190586,-0.19954437163458064,0.8594074123908015,1.0687899395968998,-0.7243440272476488,1.606695666123558,-1.4737701445373146,-0.10497059826683705,-1.1670033331759342,-0.7895632195296175,0.6879205350518056,-0.2988121429842886,1.3762303624542622,0.9008223371307921,0.4856262183463681,1.3034410825430516,-0.39809812436275926,-0.6535202015825874,-0.22415380536734153,4.361920835316569,10.538243330432675,-12.46299495585021,10.448628676412405,-39.03880058146372,32.381054111793,2.716836459888882,4.389713080748335,-2.059649743884016,-1.7460049799832937,-8.070035327606062,3.0665447709209284,-1.2356525022030358,0.0
-0.6333694840691021,0.9315090534824125,0.7475404074333278,0.9874440615311952,0.017670562693918795,0.027105387087443412,-0.15461977412898276,-0.6892371848922947,0.008868658222325377,0.01745547694376736,1.0410757740270522,-0.49275403896333503,-0.03135883033231354,-0.44548327992526426,-0.034720395397240165,-0.04974297191854853,0.7697957769703887,-0.3813902322721865,-0.023892870229712655,-0.4357492914867584,0.7721107184604038,0.05506565914320862,0.012012414122667594,0.09108558138216277,-0.1726136570744256,1.0216718345135543,0.9105722257252219,-0.57246889015393,1.3079115972639825,-1.4082962830310835,-0.10031197055847503,-1.0331895091162193,-0.7600896649512325,0.6887050349556937,-0.4962251626728103,1.4663358898783394,0.8839338484419171,0.38564323117925214,1.4714996557586233,-0.4325680479133081,-0.9439516704060004,-0.8371660566230162,3.9727371971861603,7.915988655077873,-13.076804162487198,7.913770338395132,-31.36087256095135,30.75654475557252,2.558218437945313,5.059054078042966,-2.1031786769398058,-1.6631190042820072,-8.306215282308498,3.4650324463532947,0.7197504362694387,0.0
-0.641959025013911,0.9472387823256455,0.7485784233631566,0.9871632660005193,0.017552084847299886,0.027721081262824677,-0.1563078764180532,-0.6666801614923036,0.025513994907619394,0.00712965841865462,1.0647328421679272,-0.5228810681010609,-0.03329159595283509,-0.46416616254077764,-0.049387242029389856,-0.03582582559578543,0.7572411315361572,-0.3508634681132461,-0.006501809986993299,-0.4259159904446363,0.7998063708274378,0.04810578727688825,-0.03140569010405819,0.03863984066418386,-0.15489476847918066,1.1974394819582925,0.7374046167388036,-0.4674735711822643,0.9984422085996293,-1.316037476746696,-0.07954777231695073,-0.8729815495265669,-0.7354488766249603,0.6904345010003494,-0.7155883848682658,1.5666877830119654,0.8795937324368285,0.2533410553651088,1.5918408697141782,-0.5732670790272523,-1.2364504317989962,-1.1622586667068542,3.353393276889586,5.537813190844954,-12.641457315489175,5.752035680209478,-24.081295948398292,28.524125935069026,2.116950235286086,5.073997468143907,-1.88542654130642,-1.4801606188993301,-8.072533214770628,3.7741404824330353,2.262193138217279,0.0
-0.650362876102023,0.9635329208887023,0.7494978624237555,0.9869236959486479,0.016854845727856692,0.027841311132656227,-0.1578682803636163,-0.6403021351861253,0.03881356223238356,-0.0017778609229170306,1.0817578820516658,-0.5508601796272918,-0.03453898191454838,-0.4792656920268435,-0.06346420275349533,-0.022015997905630535,0.7397642866849437,-0.3181070591455313,0.010867645214198942,-0.41768742959932775,0.8284003325600927,0.041425979846746105,-0.08766938444118622,-0.02036960585174323,-0.1477195247018182,1.3788006764176557,0.5838625907771043,-0.4187106427707115,0.7051597706302227,-1.2236122007624277,-0.04775544485739912,-0.6897926236741996,-0.6994782042920795,0.6811992231777889,-0.9703455265194789,1.68573657626213,0.8846607130904586,0.09125201717039355,1.6315777780069138,-0.7730838322228838,-1.9880193706043423,-1.0364358665412965,2.708324840237629,3.0171842430970783,-10.485995915297645,3.7752913434174773,-16.53297810016762,26.295510263537164,1.505381875323251,4.681298542628722,-1.064612987600054,-1.7949914700543734,-8.09208704609065,4.425858207450244,2.9716748763366696,0.0
-0.6586010216148875,0.9803922508335468,0.7503152539690068,0.9867073349380103,0.01538173362649653,0.027402154977797414,-0.15944014347944144,-0.6097911367488336,0.04949535071726446,-0.010678207146842032,1.0929782957686318,-0.5771612710093036,-0.03496153453860736,-0.4900891689416079,-0.07657535165101745,-0.00859764234837392,0.7163659762486593,-0.28261508929984336,0.02839814478305934,-0.410014991449395,0.8565250993577377,0.03589546664086468,-0.16391349555020984,-0.09080847911392691,-0.15772021860739874,1.5857642350821946,0.47950854676944793,-0.44552342492054925,0.46097105717037645,-1.154837492996004,-0.01108920407942651,-0.4656246498877796,-0.6407216493722909,0.6564007393313015,-1.2827097985273843,1.833418318846708,0.8924562572881021,-0.025638978260626985,1.6309917582534363,-0.9512588864232623,-2.7914288900649327,-1.0321820114492564,1.8239270226498843,1.678101059220667,-7.035850286812222,1.7518254604663173,-8.91230576469023,24.637532064067408,0.5472956240067407,4.738890824370522,0.009365528980817661,-2.148825343004307,-8.628483430371094,5.233978057173669,2.6231065256191646,0.0
-0.6666851696101936,0.9978076946360084,0.7510673077746036,0.9864889869009511,0.012914630727668991,0.02637842726999429,-0.1611734147155296,-0.5746026157416609,0.0587235899220656,-0.021221197505876022,1.099128918151108,-0.6024617898463288,-0.03491925772920146,-0.4957756631600222,-0.08828275974344393,0.004061897786975586,0.6855943385462225,-0.24368599376748232,0.04617611203650741,-0.4030128800664674,0.8843630861687904,0.03243570444740081,-0.25935733635573016,-0.16257264918513514,-0.18167684499453254,1.8197629875165233,0.4395069828546107,-0.5544142890847731,0.24347556499020576,-1.1175041348025176,0.007295228017167745,-0.2001828154992185,-0.5623953618708828,0.6120488931205351,-1.6745882874256715,2.017653394388363,0.8951486494950583,-0.15559314344885514,1.6622974931660668,-1.1313319840678697,-3.2854137021248206,-0.4338297928309611,1.2023568568018344,0.1761399862316848,-3.050125027206493,0.22336902510812617,-2.2986278546421266,23.569977384344046,0.3007422351481779,4.310505837198354,0.6652281001069655,-2.514143412616449,-9.493985771203661,5.9721706188156976,0.8657501671063274,0.0
-0.6746413312041926,1.0158088615118,0.7517243661060726,0.9862574588163848,0.009485932658886918,0.024875841170869117,-0.16305653785322202,-0.5344203943838989,0.06749597360922972,-0.03377202225730205,1.0986151806261595,-0.6266417652062856,-0.03271990384851293,-0.49612141249529285,-0.0987845472112826,0.015841975409790487,0.6465972884138732,-0.20110007707307787,0.06436850200055982,-0.39785801459102704,0.9148701410075227,0.023990439144575493,-0.33819514543662815,-0.21411635349623084,-0.18976814859285726,2.0493184246311973,0.4322074399663495,-0.6456661619712446,-0.09787715381344937,-1.0706104216458172,0.11777285319928794,0.05576379622719585,-0.5175898804366381,0.5740137758411358,-2.0884128996121945,2.1889116245499065,0.9448849038927826,-0.370467114624344,1.8089055277468864,-1.7157461842840946,-2.334646723762795,1.2346075126055283,2.274829277590983,-4.423835025516135,-1.1129262275687597,1.6220110156162801,2.3856897564560473,22.033175163294224,-1.2831125771942486,1.0761869286491588,-1.0571521771409702,-1.8594414268273312,-7.087112128150679,4.424337142816866,0.43989476268728067,0.0
-0.6824944645060969,1.0344333374119319,0.7521313842603686,0.9860353368236768,0.005418473758486763,0.0230478582263973,-0.1648446265679377,-0.4887191529521244,0.07637653802306892,-0.0469038358642878,1.0844172624765653,-0.6484653502612687,-0.02862556092839402,-0.49171949245195035,-0.10902498795948079,0.02700545282536888,0.5997945940951269,-0.15535778155673727,0.08294065778585707,-0.39503124312887267,0.9470488477162318,0.006047861912984835,-0.38652032070652836,-0.23909762506301382,-0.1695059030367419,2.2942005895966,0.45103769111111747,-0.6426780906407743,-0.8702474879203408,-0.9653460204212778,0.19605036892340613,0.21757137044357244,-0.5164835860133231,0.5305779774772988,-2.368661157954704,2.311126199264693,0.7000646461711529,-0.7591242853959843,1.9622820541484811,-2.4221376689023364,-1.7535091166117953,3.7394717193120712,3.691018924033824,-12.386142429775294,0.2907372479829104,3.642901297947176,5.6465913611580865,18.646242051069866,-3.0678734061739323,-10.183722330662366,-1.3437892212706828,-3.7661395139885463,9.437560838098834,-2.3655517331563036,-40.33127319308085,0.0
-0.6902853543919704,1.053719076393345,0.7521487789023523,0.9858238952399098,0.0009819110147089426,0.021151198327762792,-0.16644191249222826,-0.436875690422586,0.08552503345111001,-0.05902169339177027,1.046236007183868,-0.6656103568844187,-0.023732517502387238,-0.48525319245925796,-0.11904862366262874,0.03760796026393687,0.5492259347356484,-0.10841137259701586,0.08929643111092503,-0.39326080032921945,0.9813445246487505,-0.018828874810957994,-0.41849039005158,-0.2357083210581583,-0.13935574580400042,2.561182497068005,0.4478894604122868,-0.58753055721499,-2.128206869955351,-0.7505367698162053,0.2235408898310537,0.27113700115417977,-0.5095770476613576,0.5055470748483296,-2.4926214704485727,2.336748028301145,-0.008509816984450316,-1.0119104048343746,2.120059068695678,-3.305739947314711,-1.7357888639531502,5.9011276941771715,6.014870367269245,-22.99574017015377,-2.1398859318451575,2.116321551250018,18.803279875580333,12.800088675691791,-3.8272819825420994,-15.524542477907394,-2.8438877885645844,-4.200967841179067,15.312095211594812,-4.364817982758235,-35.84879380257277,0.0
-0.697978919935039,1.0737035778416293,0.7515857684164166,0.9856091370261741,-0.0036126704430950035,0.01937583423173471,-0.16788732730797268,-0.3775076027200579,0.09345392915496986,-0.06889466879553446,0.9719739217294021,-0.6717649199044359,-0.017127057991057286,-0.47835411941851236,-0.12886154443863287,0.04841372242594347,0.49718891082263744,-0.061768754308981384,0.08017858210678719,-0.3893631261900416,1.0169844925698044,-0.056306437696981994,-0.43938333038345645,-0.208857391546573,-0.12089810934864051,2.889137958944302,0.3402747286329059,-0.47250746787416487,-3.953304615975713,-0.20281388442751552,0.3061685797938434,0.23992617068713012,-0.49589392943990873,0.5237500012148388,-2.5010394216780942,2.2864171988144117,-0.761942950577171,-1.351261531577927,2.1953692934703684,-4.52272498880385,-3.0360972690752255,8.61682735516523,7.61174983122735,-37.582109519306485,-6.74201294796939,0.18570196669522293,44.778699787704255,1.563911277667041,-5.47055729968366,-22.70935931789283,-2.4666658258019396,-4.623952756353604,23.442106256126827,-8.334738008843596,-27.296595412752108,0.0
-0.7055779743090654,1.0942372042776838,0.7501161725113221,0.9852669865957914,-0.008789727381020166,0.01804335381519892,-0.16984152378060036,-0.3079842580557822,0.09920205765089678,-0.07440845510192112,0.8464741985394764,-0.6464315396054551,-0.0014558375953105966,-0.47498730747608503,-0.13277594382140495,0.06650102276668163,0.45172333259630176,-0.030664456698276065,0.06078229436687287,-0.38953085491557327,1.039186366098647,-0.11057100210863781,-0.5651726655397167,-0.14752014988608766,-0.1920199643947376,3.332439122707687,0.22360768064335157,-0.2582258764119498,-6.48013855998579,1.3589060000798474,0.7564545315411008,-0.05099146826000009,-0.02726429210648621,1.0403672400919268,-1.9584437278744073,1.046601198537627,-1.0304284682143037,-2.266135632317677,1.7379647689767745,-5.485369438854359,-11.573661140879217,12.983060258961235,8.46566516036158,-59.21121978327186,-7.257384726881788,-4.264034408366689,89.89670407386954,-27.918597082048983,-13.927391130069376,-34.15507484114948,11.092661037353116,0.14753252955816176,41.19299647089203,-48.31697088097079,-0.7305470923879349,0.0
-0.713734075816681,1.115161248161258,0.7474587577394232,0.9846894624841345,-0.015286730357665841,0.018588657066108627,-0.17264831356302884,-0.2509816047835889,0.10613708032120114,-0.06726212636021955,0.7038829607023092,-0.5144398532024175,0.022444784451908763,-0.4873555409134669,-0.12631522748694063,0.09396154364548112,0.43351730785409615,-0.04707096005182636,0.03213807739189828,-0.44179158439306143,1.0617854662692283,-0.1140026795267575,-0.5978983460788722,0.10119426342719641,-0.11047372043981447,0.4240212448044637,0.016112909978535622,0.4050287066176897,-3.6008267923362096,7.187466830478176,-1.4586632353433646,-0.874496346118372,0.1957698713194979,1.2856572521471419,-0.650998942683321,-1.6483031043664595,-1.7850638648412342,-3.5467641559438263,3.056651823899687,8.382257369919264,25.718777537029446,17.136305429816158,34.6490821023238,-392.624153506043,-121.75640738405497,-59.20981851109856,762.6773154062525,-879.3238126623477,6.3914901907862065,-1.5133237873767187,-54.70192628727867,-24.50842209655084,-20.676887106114137,-75.39829571207859,-38.84697592184232,0.0
-0.722788958205119,1.1367834626249116,0.7465873462850202,0.9844343337353175,-0.016858993413608483,0.020944815146953875,-0.17368399932821207,-0.2823003693890918,0.08829158709910381,-0.059257866673037035,0.7100579494139355,-0.4632826569104958,0.011739457705134968,-0.5148390100866896,-0.12791718007377223,0.12675810600138307,0.44170374692872777,-0.10508244203416557,0.004316121420931183,-0.43456212189414206,1.0838346743845686,0.012424944050179828,0.0872869454941742,0.15556014004832788,-0.1930758013455192,-2.00822457228982,-1.3312537190096676,0.5891074571331906,1.4735103615483003,0.8211900025778122,-0.005721510854100359,-1.3828171181064712,-0.35622167799282606,1.3931527989430457,0.7607277958310321,-2.8849270672515304,-1.202827493172753,3.7936773244954614,-0.615386128764692,5.599598143756813,28.557028078723004,-14.970330140740725,-16.101606850847798,20.48586022379043,-31.099451529139312,33.228148713068045,13.401431146680734,-77.58619622319353,43.95398116452299,27.619063317410415,-57.76312956487866,-186.41488293173325,9.483567230806857,-3.0439054466954945,55.51817415078438,0.0
-0.731796259829559,1.1578549770281108,0.7470008291250596,0.9839353219301222,-0.015414118075324263,0.023278474742051962,-0.17632866992043902,-0.32682275908662967,0.06290571933086983,-0.04533944928444192,0.7426315911473645,-0.4536832264022863,0.014668984974019065,-0.5578284629272058,-0.1315520319869469,0.13551571133802282,0.5099124627100347,-0.16875180026923073,0.011745108817830219,-0.44745337381691414,1.0226941604161175,0.04010864237855437,0.0859806395228941,0.2631981172389529,-0.3083729890939937,-2.08268639767283,-1.1659294230321546,0.7674458027059036,1.3262534608527239,0.5182574112526505,0.299800444890758,-2.1247395582861115,0.033366679280227435,-0.12856034566729052,3.918954090401936,-2.5847052730195057,0.590730952824266,1.1904002777733458,-3.761806543856293,2.877646181460635,-4.558685909072205,-4.498175390010865,-4.2883966879472215,32.96744640844446,14.42065902907754,6.065010427160717,-55.15419034155551,20.34889113091289,17.28096913211786,41.3331870147534,29.927268701115995,-43.081521789567056,-37.876995157810235,79.20916839077557,-5.932986001567819,0.0
-0.740639108649017,1.1774356939241053,0.7480018360657811,0.9835726422637092,-0.015095295594986475,0.025367621619361944,-0.17808277068448655,-0.36403523775320945,0.041674602183116,-0.0328289873918272,0.7608640713900874,-0.439185393304728,0.023138658590390992,-0.5956497717743091,-0.12528684438110335,0.13147446090796147,0.6000169514483173,-0.21621554981887806,0.01937012272903357,-0.43197186892411504,0.9424806147082502,0.06605034024089697,-0.09089452533778758,0.14481651032132448,-0.06012372910854582,-1.6045326826134498,-0.9643331150053246,0.49711774325178304,0.5140511730594267,0.9199051160545711,0.5199785616251535,-1.3645202913636447,0.5049363033760756,-0.31147701718916065,4.033638748872566,-1.88286970934361,0.2965915496498757,1.3698788914746851,-4.032637996917545,2.1639264132099485,-10.778108367871699,-9.093161842370028,12.305166024340245,31.29062945378154,11.531677717766451,-14.581355557831325,-45.0289839570281,21.75438113377895,9.494434628299357,74.94696175935415,20.39503823170085,-12.17225663207495,-100.45160372786145,54.128731055484344,-6.241802673890814,0.0
-0.7491755194669315,1.1956283113016926,0.7493274966715114,0.9834703326386949,-0.01672617448343682,0.026611250387801856,-0.178320445433164,-0.39243295555398716,0.02534969582172048,-0.023831866780069173,0.7660428539769242,-0.41824649788794754,0.03578954190132609,-0.6153508661714779,-0.11134576970020722,0.12699486766151255,0.672087786221152,-0.24599961995367703,0.020734639878150937,-0.42053591059711926,0.8840688679656039,0.06959544005700756,-0.2600301317402381,0.0422392102590727,0.0014424294909207392,-1.2523220385474565,-0.7028146978297188,0.39439139173689647,0.04981993988968246,1.141118966165466,0.6757008488542767,-0.5529976991095689,0.7943593827632026,-0.2518658196217511,2.8674959270992053,-1.1590062122919254,0.011773464105010827,0.7462843951315654,-2.694946712693309,0.45424087001864516,-8.646754100991405,-5.882475058943214,3.1126257604949226,18.38336346158481,12.113012998347738,-6.820507278306504,-21.857011845779745,9.383178342018283,0.5684975347728692,52.1354033643965,7.474856144492799,-7.426943324428433,-97.67540601736106,31.030457094773833,-2.3643607136382285,0.0
-0.7576695466338047,1.2129061239195829,0.7503960969855885,0.9833581024941555,-0.019818604108101334,0.027604938673552272,-0.17847137740021465,-0.41703756098360517,0.013826753774610286,-0.015941462638317003,0.766208849811071,-0.39458683528043365,0.04985279724421214,-0.6249022149805807,-0.09411314454255562,0.12234215975900518,0.7274680056207927,-0.26861552574036685,0.014518509441446618,-0.4256592681808287,0.848579675567252,0.044078448019969484,-0.3734662599892246,0.03168511045872519,-0.038619473324228125,-1.186363708387799,-0.48102298976568036,0.3815553574245292,-0.042691650677811804,1.2096659654399076,0.6992147926356216,-0.2925683276754981,0.8619031071812496,-0.28228101749853884,2.306727637041102,-0.9295877060052186,-0.3192588743319431,0.030678662633878268,-1.5801712998213064,-0.8307709296759586,-5.552261302559433,-2.001218401525652,-1.5358672605037957,6.188225361316084,9.684232586388363,-1.9551553002164244,-6.156544129079448,2.109516449399747,-1.092364072311833,26.499610767630013,-3.165615813048486,-7.865522468315993,-69.77587376260453,24.039700335963165,6.0192994009569905,0.0
-0.7662972349349363,1.2296155480058066,0.750847989637811,0.983137128252305,-0.023677466786509213,0.02865605246173905,-0.17905193457679688,-0.4409736047593572,0.005679282467899188,-0.007994567939875435,0.765653516151601,-0.3706117865918195,0.06348390131912407,-0.6322742512939064,-0.07761146687589725,0.11504239384202652,0.780615480121757,-0.294659535071186,0.006579439950393364,-0.43337435444736067,0.8254236865145159,0.01057585495956795,-0.42282992466137614,0.026577948693330966,-0.09283128363545745,-1.1684169474414845,-0.34526459747810717,0.40076639145600573,-0.05023136421082256,1.1871921740019882,0.6562320143321995,-0.26596692889755513,0.771798543045302,-0.44113786085226364,2.421966727166901,-1.1488893509048876,-0.35020321074874905,-0.09443371698931344,-1.0022341409786177,-0.9580758163638599,-2.833456171574098,-1.7477554642960123,-2.2127272342701296,2.737186426849994,5.5139760952172345,0.16297208054013054,-0.3834097919140875,0.727082159422832,12.695004063298624,20.42810561116447,-7.4933760020855225,-7.185812345792504,-54.70688384128622,28.342666873551487,7.791132109752347,0.0
-0.7750220159038025,1.2459310483193207,0.7506886740896647,0.9828264820497815,-0.02786820008659039,0.029473093758044876,-0.18001890553470556,-0.4641526915716002,-0.0006297465854591792,0.00035373147628107754,0.7651802920190227,-0.3471773215076034,0.07776401757597803,-0.6372341836408526,-0.06371804302836823,0.1039856342982991,0.834194779712128,-0.3262368120860319,0.002298488765343277,-0.43688502436046384,0.8083753940457481,-0.017958289066138642,-0.4335030979915049,-0.01369579951964676,-0.12899617444365036,-1.1214865855749048,-0.2825325602187233,0.42627101408919255,-0.03783703378436005,1.1637290415637211,0.7446367418151748,-0.09618869983738736,0.6405470071693102,-0.6046732378841285,2.4175168387012134,-1.4082361172534443,-0.15573118345645026,0.008754167285033171,-0.7494098377978045,-0.8252024676777028,-1.2016440224930216,-2.782877666648442,-2.427617650095876,5.697309464239068,3.989846384900163,0.9857551424600637,-3.5714778183594174,-0.532765894998799,2.3820923287964204,23.8848541560802,-5.132992325377531,-1.7107554223865427,-54.148478450423035,32.69211775663135,4.556985194615436,0.0
-0.783775996750473,1.2619596099271242,0.7499925620053944,0.9824749738906946,-0.03210519230693322,0.02974553405859307,-0.18118329257683155,-0.4858287784963581,-0.006299597688278586,0.009079663446326604,0.7644345677961102,-0.3243224598142038,0.0926402080766516,-0.6371243043698273,-0.05254227539672488,0.09017240041341319,0.8848959214479375,-0.3596643659204532,0.0011329871163841601,-0.4375360309584876,0.7963066749797235,-0.044225941342261446,-0.41311074119850255,-0.073869690145899,-0.14200474115508668,-1.0354125766681428,-0.2741095192724228,0.4464565513230258,-0.06185151970477688,1.1387468985159808,0.7524004257456867,0.19056335521830006,0.5172075481770937,-0.6989794983189166,2.24907100846237,-1.4617890665389317,-0.022853426174326376,0.05553086165975162,-0.5076800954531167,-0.8130685912400077,0.39711632056285,-3.317257234109523,-1.5347679794159057,6.247107990903142,1.538152343891155,1.3880937616411586,-3.999799588476535,0.35731245265652434,1.440628102460871,25.92371764420274,-2.7885222779168504,3.9866800913482923,-52.475044242637146,33.90220620710259,1.7951641764325563,0.0
-0.7925180105872472,1.27779649911528,0.7488201247009613,0.9821258464017776,-0.03608178884449987,0.02931327199990742,-0.18239423902095062,-0.5053940761262864,-0.01232263790703971,0.018385752871860426,0.7625795092642477,-0.30168531587824804,0.10784032564487593,-0.6306475289748004,-0.04367768343417764,0.07499569861589249,0.9314511383202871,-0.39202738057026465,0.0008945527159223888,-0.4366107704753184,0.788602757705579,-0.06695309255913229,-0.36088537658755787,-0.13815685523713653,-0.14322369040701535,-0.9250981045723251,-0.3102444558297724,0.48342271530010655,-0.13153087418442255,1.1429440140374896,0.774556828772916,0.5113744147643029,0.4188580818230602,-0.7374781424245462,2.067010906186049,-1.397816365194979,-0.007181734525238879,0.03321127566100889,-0.306187560532544,-0.7618174640062285,1.817088229551602,-2.9575739676945885,-1.1033088022826205,5.915517866310283,-0.26738092217534415,2.3253739018877155,-4.852844050343037,2.1440061526982364,2.06179014342516,24.512476894207694,-0.2838119664675026,7.430751588240203,-46.62997194967957,32.88429480845203,0.3135061055747562,0.0
-0.801231123250596,1.2935039655097575,0.7472690984762212,0.981800065207369,-0.03955719965445685,0.028151387331508307,-0.18360653394042134,-0.5224444229461817,-0.019269588636479703,0.028652692880342452,0.758602920657517,-0.2785323746791744,0.12358451113229212,-0.6174636819132564,-0.03630572462560535,0.05884081430634651,0.9739592825301956,-0.42290538263311694,0.0005754363433898255,-0.435524347096847,0.7830900233035373,-0.08388698576598548,-0.2907449189223119,-0.19479011415846872,-0.1449628083735547,-0.7990254522331646,-0.3627555927216738,0.5399977412623853,-0.25577687972549046,1.186737153313919,0.8069170578686012,0.8339839934245514,0.3735184312898255,-0.7857117977168997,1.8962812816623447,-1.3353277902574103,-0.01192036762919788,-0.06254948469439162,-0.2052039175911849,-0.621145166384434,2.5427706533335446,-1.955052699276616,-1.274596151058548,5.111998793328429,-0.7893135988820759,3.2059537634873156,-6.148363311736825,4.04319505890145,2.6459024281043857,21.54580651326017,3.57141342413387,7.9552773560874375,-40.6720339546235,31.33422116836688,0.4071637597630291,0.0
-0.8099309569051881,1.309111676721427,0.7454819219090438,0.9815006442839728,-0.04235602117450104,0.026371205587541247,-0.1848432099274164,-0.536717202150539,-0.027365782884111754,0.040224047400425594,0.7511580401492753,-0.2538771947489124,0.1397824773467169,-0.5977979968995395,-0.029042915488600243,0.04092316385348139,1.0128748959635614,-0.45301888728442147,-0.001120643455144332,-0.4358697794642206,0.778460816323144,-0.09282990421420136,-0.20764286558385217,-0.23225620733287103,-0.14894495905642824,-0.6600599079757224,-0.4227030666021709,0.6109502333273773,-0.45886924902421367,1.2823781021515868,0.8264029619302271,1.1377833217099442,0.4114151418207057,-0.8919431937316624,1.748158754371902,-1.3108800793910211,-0.07717931115410676,-0.22227969055553487,-0.1719728277584487,-0.40592614270519883,2.9917512083798417,-0.45804680285428906,-1.4952777448948364,4.386276976386293,-0.9163492204963433,3.6995538672398327,-8.744874623596434,5.860623035914951,2.207853129589613,17.914930170324073,9.04952659434592,6.833526670463989,-35.17019296171377,30.391749913489527,2.4452431354001516,0.0
-0.8186632624360408,1.3246276083921065,0.7436280187810788,0.9812306974577171,-0.04434283791023678,0.024188485445593846,-0.18610467018470284,-0.5479762672503541,-0.03674248577158562,0.053217657690068136,0.7384582161507072,-0.2266621284478309,0.15604549737584186,-0.5720360755768629,-0.019729419128100213,0.020382613500492187,1.0479539553622157,-0.4822911922089526,-0.005197162626536188,-0.4391053677524047,0.7739184222023557,-0.09336089398661744,-0.11729236524668217,-0.2425715932732247,-0.14837741164415896,-0.511020009984771,-0.4899891323271076,0.6810046835226568,-0.7570452654567186,1.429010063288164,0.8179360179340269,1.4194951729003766,0.5701625647030211,-1.0364724280584305,1.570297186528446,-1.2750066772822042,-0.187015938777852,-0.4420203077149131,-0.16460969761078872,-0.23162186667794882,3.2754888861124205,1.3844106765333768,-1.251952779322705,3.320480313214372,-1.27116889519619,3.47295679832863,-11.635789433011787,7.386571283327933,0.9513451128199386,13.768307550222433,15.377114582192435,5.720232446403539,-30.776239827666334,29.32343091268098,4.789096499700382,0.0
-0.827491514342039,1.3400390953980372,0.7418352811708246,0.9810016658838948,-0.045499894360669584,0.021853441748894274,-0.18731769331784706,-0.5561808660355144,-0.047437085444341456,0.06735259759661862,0.7190657926851788,-0.19615384080663661,0.1720340228627519,-0.5404564065663262,-0.005533396158189502,-0.0026011830960180047,1.077367486077899,-0.5097686890495948,-0.012020871614267762,-0.4456468008972027,0.7684316197735916,-0.08958880929525007,-0.035886178076707326,-0.23042463674147068,-0.13555685468408252,-0.36708039068841813,-0.5571984288624588,0.7284598584945692,-1.1077485926706734,1.6010879008631784,0.7910886359750661,1.6864751491641512,0.8707665233554414,-1.152079806782364,1.278773154798672,-1.1925349557127034,-0.30905114427618835,-0.6672144478736481,-0.1700520612788359,-0.31802430432559864,3.086423616293321,2.9635501565270204,-0.5229880984543283,1.4505524078168401,-1.5586580222290678,2.5377420105455437,-12.389105869503293,7.708656435531108,-0.9711536567223236,9.018987033349319,20.494841120562306,5.496810113043856,-26.834423205204214,27.15402356381959,7.372138827809541,0.0
-0.8364670605117318,1.3553304282939653,0.7401733932070551,0.9808235128080244,-0.04590563914915018,0.019540928996928653,-0.18840398379857182,-0.5612712842102464,-0.05929654492683924,0.08228827930007843,0.692028120893188,-0.1621585661318476,0.1867265391365257,-0.5033444870457293,0.015845433563008948,-0.027947595229595452,1.0986127337659062,-0.5348193524634083,-0.021892667763220745,-0.45418627821993984,0.7625620715697602,-0.08331772202252881,0.034344644621975624,-0.20813646181944503,-0.11854636569282016,-0.21653585385799057,-0.6133110700547957,0.7630941519490944,-1.4971319427773446,1.7660000280132835,0.687164984678327,1.9350235287477222,1.2606499694135564,-1.279987172487637,0.869777457749091,-1.0868345227274632,-0.44424403760601916,-0.8304851376705571,-0.10804277156179368,-0.5311619618888465,3.013243647887214,3.989705472904646,-0.3310206331199596,-0.23534720895238737,-1.7380067855499803,1.9169516395838724,-11.680069864249175,5.627716346039298,-6.147353355699546,3.532390593603318,22.542470944722183,3.8598949482185274,-20.858994011808072,24.276251070432114,10.267873565490111,0.0
-0.8456119794181411,1.3705139377933329,0.7386444810896431,0.9807162022771224,-0.04560888049550354,0.017350325181970945,-0.18924726372438144,-0.5632661449982643,-0.07240368056030289,0.0975721010641151,0.6570394901928215,-0.12536256856892763,0.19766067303319146,-0.4607638810113904,0.04519944829442737,-0.0564345794746971,1.1074748006199162,-0.5571678318473581,-0.03379396665432169,-0.4632639238536831,0.7584042989769496,-0.0795662868856147,0.10350481966817916,-0.17815908023047905,-0.08845593682831357,-0.07285093960278696,-0.6846695263039382,0.777025612106053,-1.8873747126233098,1.8897222492050656,0.4723289514563839,2.177793419184571,1.6545157049811594,-1.4529291064421184,0.22657498569346377,-0.9757093882731338,-0.5240978459718402,-0.9427811013851326,0.08322655836419456,-1.0797694598971348,3.654068688435258,4.974378226982248,-0.4343405888494941,-2.4795198361353954,-2.801221289119355,2.441683507725764,-9.954083208572452,4.359984835650587,-5.8964107219306054,-3.2241821972569484,21.197548301989922,2.726074468948887,-13.766452727554473,20.613025203130135,12.315925739461141,0.0
-0.8549208371259484,1.385648135869938,0.7371315289487305,0.9807467990601577,-0.04452229309986412,0.015381491741046437,-0.18951752230916652,-0.5632877751641828,-0.08717497862185199,0.11319094366124648,0.6161497046499657,-0.09046344326918726,0.20272360888086854,-0.4120239115190712,0.08148266220796166,-0.08881540438598592,1.0954257309479927,-0.5755894814000674,-0.04573911790587854,-0.47285042855136145,0.7606300587739027,-0.08291490508126742,0.1995929227896637,-0.1287293664892131,-0.007157457349333832,-0.05770991032285264,-0.7979460280570413,0.8172674875755785,-2.0301730558756206,1.403415603087767,0.18885239273189927,2.4498344129040417,1.930823655965997,-1.6450188395268135,-0.8929936981956333,-0.8061852609901178,-0.5100928851655913,-1.2569332942359175,0.9149464176059993,-1.5371120221538954,7.988358763595263,7.693514917403623,1.5856416279324668,-14.863411571697219,-9.262302008657404,4.860853190536003,11.258002401697201,-53.95962699134877,-1.8228111960627997,-13.34673147055473,10.543913441412098,4.5537106080274246,-4.782399965817422,15.16510615569158,12.683637474545078,0.0
-0.8643993569785695,1.4010198010498165,0.7356878399382397,0.981093749527456,-0.04171243313513252,0.013805339528495967,-0.18847954838816824,-0.564620874414577,-0.10482841837237908,0.13217783184618986,0.5757085865021608,-0.07831881938117805,0.1997106345728632,-0.3555473374484844,0.12043543024717396,-0.12349521431263497,1.0495651661046381,-0.5862724633265849,-0.05728165653874917,-0.4819228240819447,0.7836811414433225,-0.07874248738435727,0.43109414213629854,-0.04147096112213331,0.15682642123239438,-0.16144603289226114,-1.005830354511774,1.0698071717735502,-1.9906755606936346,0.05443496585897575,-0.31360515058520483,2.807428481407626,1.9227091987186906,-1.678060951554073,-2.644322278732353,-0.45164258752511743,-0.48976166612767186,-1.436555917358769,2.3403255461812313,-1.8017888478126398,16.541572108839063,10.74168347614723,2.6185234317438075,-17.742620520660424,-18.29366422056448,11.700195751721385,6.424390891855024,-52.66491794612902,-21.947169708107573,-24.916213280072153,-6.004041824895239,14.684548918212794,16.034342289523625,5.35738496744166,12.443606815445838,0.0
-0.873929268627133,1.4170408771502734,0.7344421031415188,0.9818998167215972,-0.03567519485696648,0.012559945263197623,-0.18558630921756464,-0.5681483098715711,-0.12681077507975902,0.15898487982663548,0.5368073818357455,-0.09299895119621368,0.17233950033598144,-0.2866249579792048,0.15850317752903256,-0.15049581176219576,0.950238866561065,-0.5847626121557493,-0.06793481662184725,-0.4823432405958727,0.8296326190009718,-0.07320094484320677,0.8274200162731433,0.06150115883223535,0.34604509037700276,-0.28207116760640244,-1.273369345053003,1.5838484076521344,-1.927874721585832,-1.3287555452813284,-1.7616279291213006,3.4341003632923384,1.7504904461264337,-1.0366943612365134,-5.384035285480315,0.08810077250532183,-0.451989523998386,-1.4483692115521516,4.136236634542351,-2.8279920525323283,26.86755963556995,14.137560811810813,-0.5686896823880752,-18.753170321744204,-25.76984530383759,25.704391549182567,0.16951998716425584,-57.74002361941803,-25.721065057476533,-38.93708760265157,-26.21304781365956,35.458830940531406,54.953681510975635,-10.586370692252679,10.909697669969056,0.0
-0.8832383443246874,1.4343394580109003,0.7323141581577223,0.9829444582988195,-0.024660356159304564,0.011489170634716377,-0.18187923930966698,-0.5823354085049749,-0.15557132682174835,0.19554146010113915,0.5172326561163961,-0.14504164697578065,0.09990890098920131,-0.20058894611491457,0.187120581562322,-0.1479918802218545,0.776116071573517,-0.5241153818870974,-0.07424126654646007,-0.46306949367269,0.9136136645878307,-0.16473653621416437,1.4083030961235257,0.1790791683596643,0.28109159887540525,-0.9838572529369664,-1.6565091784014312,2.1733366896004926,-0.6616671240690752,-3.1834022214020354,-4.062865719718839,4.2326345898982485,0.8971841921391823,0.9513885866602674,-8.95039683298453,3.13786779396822,-0.24738095496241191,-0.7063615477603364,6.5278259132605,-8.26219323224057,37.279269266146336,16.127374418621013,-22.58568061781933,-28.16800891411996,-28.627043032285936,40.980639034555644,7.978450043059012,-30.478443582452247,-3.1643696868429814,-61.881850403836935,-76.13431498589199,75.60888642918148,135.1095634427667,-66.42449634348864,5.028472304482793,0.0
-0.893282226524465,1.453692591375442,0.7285184966886983,0.9830323800417725,-0.010170935278285364,0.013912647417871498,-0.1826207274840391,-0.6326491322263653,-0.18763733769656074,0.21971261993911445,0.5607955195385905,-0.20909802487772264,0.03655555354275439,-0.1521569789761015,0.16919176215964676,-0.13376933261189164,0.6379152161751633,-0.5537446473391998,-0.10568877083302367,-0.5571667578030393,0.9555000336110652,-0.0945168246122525,0.9292446338387597,0.7588540079982647,-0.5891033680619848,-3.0191350422897263,-0.7348043742349951,-0.012055892117991629,3.022236475510894,-2.7404032607188196,-2.4981758660726148,-1.1888649714520656,-1.3888613704430524,0.809892802387525,-1.0210516132192848,-2.3787995477773585,-1.6151765186012066,-4.542707957874252,-6.4281578210215145,18.25497675846275,-76.35054934348803,13.412339173470258,-55.32033132677144,17.414828010560825,140.85568108053425,-136.37676517258382,-6.535137084309696,66.54853282361256,65.45812413453187,-400.4289283743285,7.582959784004857,-18.711592156508132,679.6560995463049,272.0782991907725,146.33892191328553,0.0
-0.9042742674327521,1.471764101753815,0.7288856405904339,0.982050394105309,-0.004177039205060609,0.01876331931203257,-0.18763665321434841,-0.6844890605604278,-0.19417021116029481,0.1895435674339812,0.6228496732736087,-0.23809487824711437,-0.003956607981423308,-0.2102609195559223,0.138387835324842,-0.13003282425990537,0.6855075722348628,-0.5670045152085236,-0.11892709848437427,-0.5148290680233824,0.8563099381630936,0.09484434254631424,0.26072474225022574,0.3197207574652966,-0.3072250165865587,-1.8253745269107187,0.012134539336252817,-2.014829713656144,2.666530606415234,-0.9228532769340795,-1.6260288023207825,-2.981062095392612,-1.5156614706970737,-0.1517225254088257,3.0282259882350737,0.3450134710336661,-0.11754467330751901,5.276232919995653,-5.3626948912420636,7.354411555147084,-20.8029434720779,-37.076688611864185,27.416781933015763,105.96634154826812,39.7095365268233,-9.293716934151302,-74.2944958984988,33.80873988896358,40.74828744710767,64.20747833286399,9.336634852444949,-26.531060571294486,-45.14653090172023,84.68554127704093,44.18690769917681,0.0
-0.9140963658148957,1.4887701472497268,0.7310013474369117,0.9814159708541861,-0.0009717063923704274,0.020294741215712626,-0.19081370867421937,-0.7178773934433805,-0.1888249674547064,0.153182050291607,0.6905450226429339,-0.26226556873302304,-0.013427011670977384,-0.2672833612960668,0.10770965351991806,-0.12927591342139197,0.7442949286917919,-0.5526351241414499,-0.11795775090737023,-0.462520287586703,0.8450599272588721,0.1218880826634712,0.3483971489234596,0.08127919302020394,-0.29154480743165045,-1.222674219827409,0.4622574209948087,-1.4748290902283716,3.1487966936452763,-1.0082807022570761,-0.1514167458199325,-2.4755392754181456,-1.574604174871298,0.18646699724883004,2.492837038752571,0.9320396413472547,0.2267587433972303,3.5841041834277045,-0.6026593592032377,2.207788773411223,7.725997070076852,-16.767266295715082,5.274821755243439,65.91216324101677,20.452658055625808,45.537823944580744,-70.11191864846312,30.25818276785991,12.300455737734087,54.5798091971326,-5.864847912516162,15.218736814585217,-66.93035181435903,17.494197804685985,20.711206946079315,0.0
-0.9228856236241902,1.5053554753930172,0.7336399453966757,0.9809596715012298,0.002026183115779355,0.019562402642564633,-0.1932131721002262,-0.7368007356338555,-0.17295215429503977,0.13003328412354084,0.7605434438291739,-0.2904338838780621,-0.01072154271016931,-0.3071478278672367,0.07849928247534821,-0.12330357431355608,0.7791405977868618,-0.5308329074032753,-0.11052174992986769,-0.41804140328141454,0.8199400963634556,0.14613980806302174,0.3137051382456212,-0.09871489663153948,-0.18643484433945812,-0.5269579587994879,0.9902096681967907,-0.9141107528611198,3.115133905448311,-1.2248669978717208,0.17258808655432825,-1.593121931033831,-1.420537411375157,0.37437507215233784,1.158224227969059,1.1921346495279876,0.4947112424949544,2.451814994529712,-0.7803008678495703,1.855331947108782,1.784292975590695,-9.586256122871779,6.530185004784062,55.568131210157176,16.20817748822774,23.907624442311054,-77.38509038553946,31.891284441104048,-1.6127881742314762,42.765744492480295,0.9947024365525368,6.853254887617103,-59.827408565171844,9.10234687758887,13.122213824714175,0.0
-0.9311354166721898,1.5215760851268985,0.7365087007671021,0.9805521080249072,0.004326017534836442,0.01835655348476948,-0.19535067433812492,-0.744654341146122,-0.14718782327523608,0.113409176885343,0.8249496759596984,-0.3205536519964175,-0.008276642559127365,-0.33558509851707563,0.053296240098578744,-0.11378561091066725,0.793342559367864,-0.5052703559137296,-0.09928396425857944,-0.4057554144082029,0.8074935562698315,0.1458230985318404,0.23210713328876684,-0.0583764981122038,-0.2191376720541213,-0.14283399585798,1.4447515881683137,-0.7872439561148933,2.7889577357603907,-1.3043677822474142,0.10374602876449829,-1.2866688953725884,-1.1874046791217934,0.5379933862279989,0.3831464153205513,1.3411017124533624,0.623374090067695,0.8362537995546208,-0.13276400831761154,0.4591258768122543,-0.6022366811785145,1.579168640295985,0.7415999105773128,33.957965139621756,11.052853593909589,3.008600006895234,-73.98664691724773,32.16789758485862,-1.3762890992133503,13.683662976949707,4.253581444926606,5.165755271192278,-32.318104302502505,6.259939686161541,6.730754680534548,0.0
-0.9392373145903669,1.5377214313786505,0.7391028550587605,0.9800339167362064,0.006118154918830657,0.017944583385506595,-0.1979244354651555,-0.7474324379790241,-0.11559378553627692,0.09601851471021233,0.8861807421167267,-0.3524039973059106,-0.007802588913615021,-0.3613289144908567,0.031752031289395986,-0.10162080904405899,0.7976404187470766,-0.47781158942213775,-0.08531322622292441,-0.40211319081070457,0.8105256546649579,0.12187230688760022,0.18273428631805028,0.030834559653129652,-0.27201692902218083,0.011892219302618218,1.6149684159606905,-0.9159592784448417,2.7505940639101,-1.3793930494798292,0.0023865195924376377,-1.2747963479012723,-1.04266149714958,0.6531834485929564,0.08081177448825128,1.3977462696280383,0.7596896317099541,0.46872911005516504,0.601336646192485,-0.6190736417903135,1.274489624368909,3.654813022527301,0.25080326944452097,24.479020958401247,-1.356835299457174,-2.9955329597016322,-63.52156883792476,34.09413016206686,-0.872313739590211,1.811749810540487,0.0584753169786878,3.9384233834402123,-13.889290488667928,2.081837502393655,6.385121245982132,0.0
-0.9471964494011482,1.5540203733063025,0.7412328823083705,0.9794476605108576,0.00770892287168715,0.018236312454626726,-0.20072441240672076,-0.7458513671204575,-0.08348886324860115,0.07533585746705224,0.9434459274548638,-0.3876299228347274,-0.011394408047589132,-0.38657840728326004,0.012082957723138022,-0.08779198921584634,0.7969546925146834,-0.44961158187796885,-0.06823060096612996,-0.3932089764277637,0.8215487949851417,0.09840352814428403,0.15840449969139525,0.08067709174797265,-0.2739233032408158,0.2429270870388266,1.549354367457314,-1.0704107878263724,2.521713259520863,-1.5623189653261251,-0.1750393318208117,-1.24656030689171,-0.9801017294270576,0.7132293271445304,-0.12626469041396252,1.4174404745875226,0.8923621128065972,0.6025154285683721,0.9273530897856315,-0.6629525640092181,1.8568661626093754,2.20651262056929,2.5735705219917167,23.89151385916582,-9.368044429225879,0.6778014037042632,-61.20164861710301,35.46342906401595,4.438053855985513,1.8668421993937592,-2.5631088715132258,1.659527852787521,-9.393795182214504,0.6086559919087654,2.030912387752315,0.0
-0.9549329907386211,1.5705983928101805,0.7429737320354769,0.9788734866681084,0.009181685569621241,0.01886880260404552,-0.2033872219108432,-0.7386245423512134,-0.053338083840078224,0.053656642996280104,0.9933914387861477,-0.4251193498940277,-0.017629552453294443,-0.41084165888109564,-0.006746407806525463,-0.07300866695590465,0.7923553262220803,-0.4208547967666931,-0.04912219253048977,-0.3810793127210328,0.8376017849205468,0.08077053282562983,0.1396798372705724,0.09992091491437065,-0.2486864474542667,0.5260523112229397,1.4292270718404863,-1.0492858007315906,2.1566859235847207,-1.659733559648232,-0.28239583541267965,-1.1888802232849927,-0.9494911266226964,0.7492741423895997,-0.3056755461388572,1.4539806027778406,0.9702897926671129,0.6531525392872863,1.1491424340860208,-0.5643813536538174,1.553641191398495,1.2050436798124844,3.8782491003364417,21.286893299694903,-11.789520169251508,7.191954073683411,-54.46596755156584,36.45709184645095,6.662448326798392,2.2403135287137803,-3.4968105143436454,0.3300229808035848,-7.413820482661852,1.6543452089876214,-0.00836838287302949,0.0
-0.9624151843823,1.587543889817846,0.7444256568198518,0.9783437675663219,0.010477721360781225,0.019617930241097325,-0.2057883053826821,-0.7254002174359979,-0.02561178915777821,0.03394314511531606,1.0346050865831453,-0.462194662228381,-0.024689266639839624,-0.43366687259867026,-0.025023037164168333,-0.05758889930356813,0.7840871761430044,-0.3909323027667207,-0.029280200465655725,-0.3685220498267732,0.8576765552519053,0.0672772176719195,0.11433579098554902,0.10194312011540574,-0.22099071844595924,0.8040981624988788,1.3035340897573682,-0.9119602083725431,1.759086541102918,-1.6257875425676998,-0.30875743617581836,-1.1110290660270197,-0.9212508947543948,0.7755757535727946,-0.48924534575917056,1.526431322948112,0.9932313295956594,0.5894516876234712,1.3315001376608575,-0.5707639499255147,0.7594677197647133,0.8002317299270525,4.1174911636596105,16.697246792916356,-12.654545294230335,9.728347126634036,-44.77980730287962,35.590298200320724,7.177325532313456,2.4914961172591745,-3.274267092497979,-0.3988775934978805,-7.248404041555675,2.9479675229501066,-0.43105258717121214,0.0
-0.969639309884735,1.6049317100041922,0.7456468944476623,0.9778670012233607,0.011491129690848199,0.020331272873457373,-0.2079199874956828,-0.7064823016879662,-0.0006224975197106426,0.017406629667056483,1.06719386151677,-0.49703783618760367,-0.0316124124579815,-0.4545459516315732,-0.04279952941365868,-0.041762289711668205,0.7718695257666979,-0.3592594244796332,-0.009462358902135974,-0.35596771658853366,0.8812811735608452,0.05573687973589351,0.08169553054289215,0.08692219077151744,-0.19445322844598528,1.0648644443100346,1.1582126726921156,-0.7500309107433081,1.3798348718365003,-1.5188437438596298,-0.29892510924296695,-1.005261974582695,-0.8952579533531881,0.7910157113774714,-0.6916224775296751,1.622726378612964,0.9898952690312561,0.5027617076870938,1.4884262837575426,-0.6823212253886172,-0.006904688618173643,0.40924364134914826,4.092747047908282,12.21862482448715,-13.556801269470705,9.051403624862743,-34.634950839867734,33.24119875621904,6.87754155594675,2.870894991143655,-2.964126558622516,-0.9642258183308556,-7.345523573503541,3.6364040028660125,0.12197277124938294,0.0
-0.9766125849950221,1.6228237520087783,0.7466591932486729,0.9774454959035754,0.01210366603088116,0.020880412690110976,-0.20980422343775088,-0.6822688410756184,0.02118691475091074,0.00388409245074732,1.0916343053446678,-0.5289552626170719,-0.037660735847557934,-0.47290543245954014,-0.06006546138346159,-0.025745946174977507,0.7552201565133835,-0.3254665145464857,0.010027858535108621,-0.34408135145122815,0.9076448700876572,0.04454060988986421,0.03944964018814967,0.058459664174549876,-0.17150191517577776,1.3062961619514002,0.9934595836810286,-0.6141024243510371,1.0201724728380832,-1.3888631084874823,-0.2565830587526569,-0.8718195454849097,-0.8666588344180894,0.7957979003037157,-0.9196609001931261,1.7332957189201963,0.9734497404375932,0.3805976524076542,1.6072842794682776,-0.8814906117043229,-0.8236445118206349,0.20037852374999304,3.8870639529655935,7.9221533490509515,-13.76667523083218,7.087876304571953,-25.299971299064783,30.25414222490783,5.982991320301729,3.023204188300399,-2.43072880158446,-1.4965373870137655,-7.406692054968225,3.8663784443585434,0.4801096179607666,0.0
-0.9833500412984516,1.6412647258633861,0.747459018352437,0.9770754401122371,0.012186360224600339,0.021167388029555208,-0.21148763235225243,-0.6531127906616693,0.03952914394182171,-0.00743829451548769,1.1084075213462772,-0.5579669695695496,-0.04232096003154044,-0.4881594551269947,-0.076739149913382,-0.009767644738006946,0.7335400401591542,-0.2893432561509285,0.029057526659984286,-0.33296276610620335,0.9358379872336723,0.032593049339763355,-0.012779349744086002,0.018328115083313293,-0.15395727663773595,1.5334205918797985,0.820679928004208,-0.5242823258205307,0.6817454342186956,-1.2640377928247148,-0.19270752633038707,-0.7057302535826742,-0.8337689860424544,0.791619498353638,-1.184701815495327,1.848837648770695,0.9714443751332048,0.2890476534785696,1.6646789120188346,-1.1990887254848432,-1.4384341642293355,-0.07265404425661254,3.9198852412367136,4.169213048006215,-13.383073064650842,4.9069150622390945,-16.35856785344733,27.23643203021114,4.69613840831272,5.396239616649728,-2.1728380451676044,-0.6492000744789661,-11.278676747929103,2.019480431309396,13.246931466420973,0.0
-0.9898723131109428,1.660267618352507,0.7480273961866926,0.9767495626707334,0.011551608365244194,0.021147237617384827,-0.21302499033648892,-0.6193220449606227,0.05464349068023627,-0.017783750189538695,1.118204364235639,-0.5846456703018867,-0.04519766585661719,-0.4994482993796646,-0.09256271763182071,0.006006809349310623,0.7055562245471806,-0.25074657052576343,0.04885898490668311,-0.3234905612442317,0.9640270778933746,0.01988408791027671,-0.08774907432302792,-0.02566636820305629,-0.14547283729298766,1.7447319246978026,0.680269996337146,-0.5008025363746933,0.377522632270141,-1.167595827232465,-0.11150273837514163,-0.5128929461646322,-0.7794551502240897,0.7701059845596088,-1.495347813510972,1.9871199474060641,0.9523729425477268,0.05423273204381612,1.7061038427266033,-1.386672593821905,-2.764640077937054,0.5364151155248889,2.916402198187756,0.26895012889474357,-10.025984324713757,2.8576583708722336,-8.457539106277153,24.929867160019327,3.1086708849118154,1.0946899188760817,-0.45058560010550996,-3.061558614598089,-5.222792726891703,5.119715522183067,-7.434182119807118,0.0
-0.996203323189467,1.6798275973393433,0.7483870747956346,0.9764362065257544,0.009919942714314466,0.020818732582351503,-0.21457052382795605,-0.5808568747411256,0.06752932432955389,-0.028814787353338634,1.121645893762655,-0.6099020871836669,-0.046040085987193335,-0.5063880166487155,-0.10702702088707848,0.020863609136034744,0.6706832328204796,-0.20867790668948635,0.06668452878701832,-0.3147936618999504,0.9920243890009901,0.009937435103562564,-0.1910736256131549,-0.07749277252518706,-0.1584615372839536,1.972787570264047,0.6027957133912557,-0.5672147838649104,0.09786691032115107,-1.1136320965882105,-0.0167816253461697,-0.3044882081610476,-0.6889827526563532,0.7085335505004604,-1.8196091870062694,2.137995111705136,0.623718267903301,-0.0887274130360269,1.767153232055352,-1.4282928254368286,-3.97867515807968,0.8595206735644887,1.7352067307897787,-1.894018126863007,-5.815610580152275,0.4651297851437476,-1.271085287497959,23.439546942773806,1.3003863201685208,-1.33927564327126,2.291868771792419,-4.3165559004063345,-0.9411016882621646,0.6020216450757032,-37.120465506605086,0.0
-1.002350066694152,1.6999753030343208,0.7485766223759145,0.9761112558562614,0.007143302707866268,0.020201975160102918,-0.21621209405758687,-0.5373943456301984,0.07916691294037133,-0.041857966410738176,1.1179348558053002,-0.634188488382018,-0.04523515620465188,-0.5087589301735752,-0.11968582164095141,0.03431840655005125,0.6287681888483042,-0.16374986537311892,0.07625641771456387,-0.3057985650014546,1.0229122627866707,0.00018151866407668804,-0.29619840102188544,-0.12673121371866647,-0.16673896147047632,2.210046797482281,0.5578417866053306,-0.6819637534234019,-0.24685510529122173,-1.07744157044093,0.050707489477459816,-0.07247074805189431,-0.6043703207308726,0.6358961086664713,-2.1841035796376445,2.284846693349928,0.20568789274954866,-0.14098033411212138,1.962011649297189,-1.776266635267898,-3.6400823124199926,1.5149717342543192,2.450379211637691,-5.3424123730178925,-3.7425936723490985,0.015692676322415805,5.247825923989732,22.054959109853822,0.07744282577713105,-1.3919503433345826,0.7952120455439748,-4.164836108708184,-2.3004006248497326,2.149457207530438,-28.539237364200403,0.0
-1.008305192410191,1.7207830028685565,0.748504337585122,0.9758010898630914,0.00348007966767098,0.019379012749835448,-0.21777184375476757,-0.48833929509487045,0.08991191684005723,-0.0562374035264247,1.1005886451003082,-0.6565694249382146,-0.041725081365859534,-0.5068162485265306,-0.13133019679219496,0.046547096162723074,0.5799190089858112,-0.11613120044166553,0.07708076866110283,-0.29711675032692014,1.0578005886692066,-0.019204882864191093,-0.3641361528884467,-0.15202414339196269,-0.1423035156255481,2.459433917638976,0.5152746793450579,-0.7224349373181203,-1.01039761015929,-0.9950913741906302,0.17871534815927656,0.10973626801038834,-0.5818717735522102,0.5778748930409763,-2.492812741781771,2.4069025979254826,-0.22269042888530738,-0.3693405100441656,2.176135540180971,-2.6867413067797545,-2.4556197683689267,3.572978266574278,4.645749615456841,-13.272273677117894,-2.970681242746731,2.281215057657306,9.351523641822393,19.003801528878462,-2.3657641233142823,-7.564730315182651,-1.7752132839143844,-4.443090810163074,5.428419379504387,-0.7998556491926241,-35.16974278089441,0.0
-1.0140491467449042,1.7422858428198114,0.7479399672452036,0.975540114916654,-0.0006782817760563085,0.01847293783062719,-0.21904286039526344,-0.43254511333373924,0.0995911123719167,-0.07012048566678102,1.0574400123567407,-0.67419891794418,-0.03607926158801601,-0.5017570566266285,-0.14282197516089018,0.05812357868666934,0.5258233121945981,-0.06682147747833275,0.0677949879235884,-0.28755661657919046,1.092867746320034,-0.05277662194954251,-0.404546737505886,-0.15592436655701164,-0.10006483506531369,2.7603267953223343,0.4523050068743644,-0.6768472100034062,-2.400333833021871,-0.7732657147438335,0.2667959445664929,0.21467341224966735,-0.586263498166719,0.55118650470116,-2.682843056104245,2.452961185251654,-0.7427601780914166,-0.6492059498915215,2.2294989174739106,-3.9761855508975006,-2.4039039173219585,5.844461873411418,7.019432589658246,-24.599473550605918,-3.9262947182424353,2.602800838859019,20.857770554554058,12.901674857773145,-4.336923697141542,-14.78502485886309,-3.1749482910140188,-4.624122903823129,15.211266220977631,-5.653560187646297,-30.760122120324414,0.0
-1.0195367876011356,1.764418620113032,0.7465299920817932,0.9752658564343059,-0.005142212843373955,0.017640419957259297,-0.22027002180111624,-0.36733496115368847,0.10718203586953695,-0.08128337628749786,0.9708867197024299,-0.678374219370742,-0.026296352260296436,-0.49609020544450927,-0.15327634976400875,0.07103850931309837,0.47085624165673934,-0.019877881893383957,0.04688893783731583,-0.277136912681632,1.1218113422175995,-0.10724589255001435,-0.45316989347624115,-0.133866513954958,-0.1055058532864516,3.1908621151298946,0.32112506480359904,-0.5283968117792838,-4.668335161065637,-0.064095784610293,0.4639028308984532,0.1528507134062349,-0.4566051677225076,0.7179481848205148,-2.5736111916040123,2.1117508582788775,-1.1589334638855884,-1.3151548804863726,1.9547419189891602,-5.44284061894667,-6.425175059626423,9.4827138336968,7.659402378168214,-41.50808442656264,-5.148842639677132,0.6227505433681165,46.355444352875686,3.946926319314477,-8.209232022713534,-27.079518044017615,8.971016697196093,9.222659468044402,35.38659813860987,-43.45999819695612,3.065344127702344,0.0
-1.0250859797572893,1.7869904387923632,0.7441063898888282,0.9746252057099324,-0.01096394882078387,0.01800877866926772,-0.22284789456480805,-0.2919479876334636,0.11506329184761778,-0.08440866432447588,0.8245717969960622,-0.6318184666593205,-1.962259035054705e-05,-0.4988344111280156,-0.15109323406990113,0.09872204642056386,0.43262845454787663,-0.018770136243499748,0.031805781627284056,-0.29332523484756573,1.141984740887788,-0.15800157223616237,-0.714322277413709,0.018490785443440214,-0.2942321967496903,3.555781960627588,0.38441676866939617,-0.06644978654426521,-7.52763470747965,2.483651289147075,1.2751198448922507,-0.433733081240106,0.37091225530731986,1.5116166164590585,-1.5148233332040766,-0.7096286856702878,-0.8448913413203115,-2.856026605435808,2.059115309162815,-5.614191473352819,-18.23369408573334,17.02141081227376,6.872481216422489,-71.80820422424594,-4.87680111726112,-1.1353039649014818,106.8759443857854,-46.013603345999385,-23.731255078518057,-36.71586620001105,14.16271321415854,-12.599530815883337,36.335975204482416,-41.96390887986635,-16.265604490914917,0.0
-1.0314658963811218,1.8100704446703622,0.741468386148605,0.9738000956427058,-0.016058805789765877,0.020440084865088533,-0.22591523059229876,-0.26591623277202253,0.11680688023675058,-0.07228615946247226,0.7237340950815365,-0.48252299833188145,-0.00012573491515723923,-0.5223282454198478,-0.1434719396824946,0.13299989794861206,0.43043080228426406,-0.07567061206849186,-0.007731047849041716,-0.3247083972805876,1.163994153153989,-0.05630556766907242,-0.2617344853547583,0.14855640855405303,-0.23526152185596924,-1.1395415321610567,-0.7091296077183871,0.5598995310149504,-0.3817076139117468,3.505642609982439,-0.8450256308761479,-1.2443903749087675,0.03008780358154209,1.6408662334475888,0.08046660390357804,-3.538003877097057,-2.402971004690119,2.213742474588912,-0.04863887099764912,10.283524226217315,34.77731052963875,-11.20318271387612,-2.4068485487712286,-147.23903281475296,-82.78098576148841,0.40437437810860277,365.06161498918897,-535.8666936976936,119.62672185176332,24.058700031021637,-43.10922858353114,-17.68858499111046,-22.523258546611448,-0.531150299335844,8.004369878194696,0.0
-1.0382993781531724,1.8333126329736424,0.7410961028856287,0.9731918388895363,-0.015746249650657525,0.023325789763163116,-0.22826652814783543,-0.3113620998083572,0.093754051693257,-0.06025082490357284,0.7567374016508875,-0.4671369451858014,-0.004816786949555409,-0.5626587022226536,-0.1471338676458772,0.15213957352016025,0.47465837635527025,-0.13811418900883982,-0.0026211966999167557,-0.3325014316062449,1.1456946290492374,0.019259748477059233,0.11774392663070167,0.2838753086598997,-0.30990830488776533,-2.3886602765296,-1.3233360687791724,0.7624588808456608,1.9934110682455384,-0.07464744177657286,0.1375828228761633,-2.0298362501876945,-0.3187228341462479,-0.09927132796508428,2.766973307964797,-2.541360492411518,0.7587111114258148,2.18200250044645,-2.648408634715724,4.666964785273465,13.166283940730073,-7.952315238612881,-12.031485821137467,31.83463125375182,-7.089413997645558,24.06001143071537,-35.706122836483146,-16.805803648570727,34.80680380456101,35.03295221862494,5.3919863856329355,-77.12869946469274,-11.93246940988669,72.65796987150026,-2.371535190725654,0.0
-1.0451312877267858,1.8553330668757289,0.7417911474563809,0.9725606905333591,-0.014293131722291508,0.026134844816247317,-0.230734435014101,-0.35753678933036687,0.06885548658572874,-0.04625796781489956,0.7901408100833759,-0.4665144705594602,-0.0001679892968924104,-0.6098677345167021,-0.146592972871097,0.1438085336657419,0.5701021910566086,-0.19137810239434835,0.0145746187602842,-0.3375608823048346,1.060050905088192,0.06009507179406863,0.02361179548760371,0.27409040491963105,-0.1842571753139741,-2.046271420280353,-1.1470113455382442,0.6412027083525998,1.1704244784588718,0.3018950308374626,0.35592718873368917,-2.037909344619182,0.30957402212966323,-0.5913749619591094,4.8227771867837275,-2.1078894500798713,0.7617436917882374,1.0120208948944251,-4.728744213270264,3.5125883632101194,-8.186470282620647,-7.360913577156564,7.243757467741422,38.63244972699571,12.660529942994682,-7.269060353467758,-65.62820833114571,38.121971181655454,14.744749002590137,68.56941792351269,33.00704571319762,-10.920134053242375,-81.3118828587995,68.08459361812494,-14.628661689402138,0.0
-1.0516894039756275,1.875650270015265,0.7433605339978362,0.9722833846738476,-0.01447045080159954,0.028028885061678933,-0.23166788198402827,-0.3915648648690189,0.04819081886021464,-0.03520434499659485,0.803107919237436,-0.4538136802259973,0.010587050588788035,-0.6395928406326098,-0.13633919372919717,0.13302457615606064,0.6562996053618788,-0.22393809241313664,0.022564448188032472,-0.31819818312821985,0.9803637597392829,0.096763970788326,-0.13590566124238163,0.09677198142393291,-0.024727284911050487,-1.404345111348845,-0.9345257606276348,0.46980539376809555,0.22999491467733946,0.8908298445536655,0.6426269855372146,-0.8860189793519564,0.6594810757607079,-0.5261544926445594,3.4318428741044773,-1.249523080815782,0.2872645902238495,1.0897184224523842,-3.815670877188271,2.0777395302899317,-8.996584347647604,-9.61164048309375,7.204326639883712,32.107070270128034,11.23944293045632,-9.641565285963496,-43.17717036976943,25.690698355850138,8.52915138668785,71.69455978149897,15.598145709444307,0.5597938798597262,-116.26720076785186,34.401439177141405,-6.590511443878406,0.0
-1.058066466701718,1.8946976632221137,0.745184497753232,0.9721435729412722,-0.016469441747251953,0.029177906846676267,-0.231979052566301,-0.41709353005916433,0.03258748792265573,-0.02612325877496228,0.804026268263191,-0.4329066538703947,0.02542239607918426,-0.6506062287261926,-0.12057042131730092,0.12483612258419319,0.7095318360033402,-0.241731961427821,0.019971102242475093,-0.3183350734412484,0.9309497649284199,0.08725545900630562,-0.28683952972910165,0.035842484510885425,-0.045763736182781324,-1.1669972536673996,-0.6668476133246647,0.4270235654813871,-0.09352892310735507,1.140046537071328,0.7734888700748832,-0.24421160428357974,0.8486771189855385,-0.3688995652748861,1.922923088066016,-0.6833121001397718,-0.17942909576640445,0.07418425759729516,-2.214618687255081,-0.48381975940014166,-6.889479634438347,-3.3742494102033875,-1.0029554717417775,11.542640030350553,11.506373836264343,-3.468588122720779,-13.76217183958318,7.992570080620962,0.48551451293344894,32.99291576652402,3.499964291262522,1.4255337571154127,-82.13452111559513,16.84379363535726,2.6800176699673894,0.0
-1.0646091936215176,1.9129803367329818,0.7464721542985638,0.9718965474440768,-0.019614989161104653,0.03047228808354474,-0.2326022203794431,-0.4409908777391543,0.021361411029238678,-0.017610137346840943,0.8022646493609656,-0.40923335643721603,0.04141831156353078,-0.6567492192012673,-0.10315354981652172,0.11833924753499996,0.7500922702526996,-0.25749083587250304,0.010552230572773293,-0.3318638700784905,0.9011008938619243,0.049599118871196474,-0.3745854553843754,0.0570348667682766,-0.0921094665866433,-1.1894476462784023,-0.4779068830531496,0.41746010691734964,-0.10312769025477234,1.2117338967106288,0.7813400696706146,-0.24365585065065234,0.8439165821319429,-0.33741263955933753,1.769141065767446,-0.6646273001967049,-0.45135874791608926,-0.36304026554754226,-1.372920596907569,-1.4180458982673454,-4.339295682527583,-0.6482102866476865,-1.9012210943731516,2.2907289749883146,8.83229469859141,-1.1132006445460716,-2.4064944017037817,2.269679338305663,-3.5874499483364612,13.401400586059687,-5.765769086714173,-3.36275889732804,-46.873790021126815,17.55857266587921,8.938048019957261,0.0
-1.0713802871560554,1.930737200266724,0.7470244264519843,0.9715113474696075,-0.023354752934501923,0.031939611622578,-0.23366668239728786,-0.46498044429689966,0.0133448911863502,-0.008806081842373381,0.8005584176977261,-0.3849716778975689,0.05692731076781539,-0.6633569512376906,-0.08686504488445433,0.11111184477402963,0.7934708385091988,-0.2810612364834333,0.004254917441491355,-0.34162483841990393,0.877625630908679,0.014933204404506479,-0.4168590947735741,0.04838504877668645,-0.1424249984753741,-1.176373512032454,-0.3410297692243472,0.4464383319621247,-0.0985813334038394,1.2115288907057844,0.7738570645667715,-0.2557782871284116,0.762065422333917,-0.4065979232590721,2.026892383204375,-1.0792251644222057,-0.24429026141260934,-0.1865276245237761,-1.0725121683309788,-1.1029939299630707,-2.5593437596644026,-2.003757803714774,-2.285402723738944,4.458374961455894,6.247411642524651,0.08365886908065062,-2.8811100784052397,-0.4677902925541105,0.2353699941484655,16.706937547005154,-7.268722652836367,-4.913337425814406,-41.69906772469835,25.20693506723725,6.19337002532402,0.0
-1.0782650887826346,1.9480819458952479,0.7469629830842285,0.971021096983488,-0.02741541947573031,0.0331077342781018,-0.2350963673026951,-0.48789717219205636,0.007311725083876553,0.0005354869195546122,0.7986941885630106,-0.3610828718073823,0.07223014684301633,-0.6674591783324954,-0.07289856965570593,0.10181347132592097,0.8380848772374915,-0.31147552872379597,0.00260923342314968,-0.3451442805873014,0.8595254014155485,-0.013476949780258039,-0.4243296183257173,-0.0013808036058357443,-0.17743735995021342,-1.1029426598994183,-0.26827339366224545,0.47731160423883795,-0.1106627152108215,1.1873435365175133,0.7685821999429495,-0.05634575901033378,0.6421012103474887,-0.4988024904951702,2.0089097662086766,-1.3697725382687462,-0.024374369566182625,-0.03826637651445569,-0.7761055272447948,-0.9280079241857461,-0.7830625491867156,-2.9620972827673655,-2.064441010182545,5.576611153823778,3.6471679291776096,0.9437246969327691,-2.96761724054618,-0.3279944122969398,0.9919546837749764,22.08391604781965,-6.2486031848588475,-1.551023123477386,-45.30734791148418,30.763844622704045,2.8418712511400273,0.0
-1.0851787033354308,1.9651394174147234,0.746368032662085,0.9704875744776994,-0.031458539123078895,0.033676297081267036,-0.236706854813137,-0.5090762421837508,0.0018313682363880418,0.010470514023581234,0.7963021177238131,-0.33756429820377054,0.08784920189526783,-0.6665768948838308,-0.061951146647253964,0.0907114370732574,0.8809995360509486,-0.3434545666154595,0.002574392934424598,-0.3455433293311005,0.8479642163101327,-0.039445655595584286,-0.3901473680730172,-0.06199501113600101,-0.18845616175298555,-1.0115082936209845,-0.27034675422075055,0.511219938807796,-0.1433673596351265,1.177863356079117,0.7948071548547481,0.21385496854680044,0.4864022172398447,-0.5603735754601993,1.9226697135741713,-1.395820703601607,0.0066391004582471306,0.04130316018049607,-0.49293820602006655,-0.8895956984828728,1.0227710691162926,-3.2463311467114173,-1.2065524016017763,5.804968937222317,0.8491523832519173,1.6165856471213529,-3.3925523185604303,0.7936589676067226,1.707664050560341,23.550918029963892,-5.474540738077056,2.9122947471565923,-43.10378695239279,32.37129365494792,0.44114975147906743,0.0
-1.0920802102439757,1.9820014282104208,0.7453109456453808,0.9699621400579888,-0.03521797176693769,0.033529366808518965,-0.23834622480788312,-0.5281560933862763,-0.0040655617218740316,0.021129932696693197,0.7927612620871894,-0.3140444865471279,0.1043067186782359,-0.6597203616095323,-0.05404846828813168,0.07847594188637652,0.9215442945181691,-0.37448363796754747,0.002717249897885039,-0.34477357056233693,0.8395079224653799,-0.06096201256691484,-0.3385959940479413,-0.12299173898989421,-0.18852446557173919,-0.904356426393832,-0.3019801902632146,0.5503523581983657,-0.2128326497149295,1.1886441894164572,0.8384898628253605,0.5173181334793366,0.3516110346055605,-0.598310812624627,1.818644469148663,-1.3420771646858098,0.007794352169774018,0.003984730286700867,-0.35132677848371235,-0.7725826503720018,1.669106612681703,-2.7272350768624696,-0.9618193171757825,5.334415433892733,-0.0023036873182828987,2.023616199122637,-4.209390791324527,2.090442087501743,1.3350832734856144,22.658820202482623,-2.6476379386831956,5.635824533932083,-39.28491508459856,31.53357435095539,0.07591600254778028,0.0
-1.0989653790324692,1.9987073074640795,0.7438908729679103,0.9694664250202756,-0.03859143973330776,0.03269533626471403,-0.2399511752925046,-0.5449366768520342,-0.010688903202974461,0.03256944347079866,0.7873112411490846,-0.29001327028170903,0.12155073800298494,-0.6465902933569854,-0.04839497318661651,0.06511323600478362,0.9598351856908506,-0.404522966652867,0.002775833731232371,-0.344579951761511,0.8322205633152824,-0.07717976679975326,-0.2841176478535672,-0.17397982684916724,-0.18533825938988535,-0.7922378598811503,-0.3386042434481245,0.5902841803724658,-0.321797972372691,1.2268673585310101,0.8722506249069246,0.8206865554121867,0.2703967854573147,-0.6553898363179711,1.7297529894247665,-1.3023284469341323,0.0018995057925286867,-0.11323273077180944,-0.2937013523158028,-0.6197601865703947,1.6396337510145276,-1.6783598102438164,-1.0887723878606324,4.373340954329379,0.22482228115642083,2.165252149333363,-5.230193852417106,3.4269833005504085,0.5690756182162551,20.292129202739893,1.6348051980943739,6.35831019817749,-35.14039530236063,30.561679415784848,0.01654673527066308,0.0
-1.1058554600881298,2.0152767858766683,0.7422218295700133,0.9690054709068524,-0.04151360656015911,0.03129860688296574,-0.24150655276853833,-0.5593205595862711,-0.01811658276632003,0.04482343236798828,0.7789817914349867,-0.2648101629076783,0.13916565246810436,-0.6274417404698004,-0.043683551430167646,0.049981639581241306,0.9964272214788304,-0.43433879890379135,0.0025093782979675686,-0.345748512955545,0.8257674759455925,-0.08745007887167187,-0.22597282203931382,-0.20882623072243042,-0.18068856111335774,-0.6743451381949295,-0.37884700969421065,0.6318214589160026,-0.4867583636633579,1.2991183651154914,0.8814328052916317,1.1039318383722088,0.26330106233394057,-0.7544179261093682,1.669421180266805,-1.3004424969197217,-0.011073145828061074,-0.25729281795728515,-0.25266980137072353,-0.44863359896442595,1.6312526118516462,-0.38448790087872287,-1.2330416416753545,3.524108629754245,0.4243443307717357,2.229469499410156,-6.999711736964398,4.696814892907298,-0.3173745958776621,17.286422741489105,6.830035241929819,6.107962371961168,-31.416725480946504,30.26568918780286,0.32030666096874916,0.0
-1.1127834767385751,2.0317263443228537,0.7404440145410845,0.9685829833074722,-0.0438791260922541,0.02950272425111446,-0.2430045596328169,-0.5710847135907934,-0.026461532145397867,0.05796179485070447,0.7663242387282715,-0.23762722370825515,0.15650654243687398,-0.6026646128104227,-0.03808307369342521,0.03227194337140597,1.0315851609944624,-0.4643513471685901,0.00037287473272420237,-0.3487381765392034,0.8201621937904909,-0.09015412223599835,-0.15914087101775112,-0.22360940743540522,-0.17325177617267248,-0.5423180521702504,-0.42821810697294604,0.6771843339963273,-0.7341849444581402,1.4150340816762923,0.859713466517388,1.3676807458629103,0.35813602539467326,-0.8950400105029647,1.6122958140887378,-1.3135641921418602,-0.09964797123594138,-0.4153489367934465,-0.20727903579936527,-0.24251583610450142,1.895023740219255,1.0703188395104593,-1.172912233917215,2.887965888414017,0.12308937470023318,2.2528400300209284,-9.608826345615,6.203493042462015,-0.725224292597782,14.220562991346085,12.875780564540177,5.5394898640231744,-28.556782017021515,30.311368325574126,2.8787750878887994,0.0
-1.1197959725903825,2.0480661139370744,0.7386984607676569,0.9682128027138098,-0.04559339658878883,0.027504295916737566,-0.24439460827663625,-0.5800373610898283,-0.03589748641892514,0.0719020762761886,0.7478013384741836,-0.20763758264774387,0.1731253175450698,-0.5724803588247364,-0.029083730884891575,0.011760614897629848,1.0642226556370442,-0.49383501977916255,-0.004294967652835115,-0.3543474301378084,0.8149042989820949,-0.08674273146586581,-0.08998126985153307,-0.21666216252540774,-0.15588658615826176,-0.4044748290455699,-0.48794019379204134,0.7128358265966079,-1.0532134421100474,1.5688335016318835,0.8169191897546707,1.6209931974057938,0.5859134222211411,-1.0361577769865162,1.4778249950238405,-1.2864935917028226,-0.21366833527122148,-0.5955885655507245,-0.17009535840731776,-0.17822869548529327,2.047753564477388,2.5561287675141315,-0.6395549588157072,1.831120833172468,-0.48926818609816,1.7654702455221603,-11.578792638664188,7.244294155878315,-1.285250836890784,10.785698333414414,18.870306831486896,5.193327074834388,-26.57835286894141,29.5251533965911,5.320249190579229,0.0
-1.126943677511172,2.064293428655509,0.7370800081788917,0.9679100600587991,-0.046656607311477485,0.02548643019801615,-0.24560887302155007,-0.5860779813370732,-0.046426353857397094,0.0864181698941442,0.7222782689442109,-0.17443823262910516,0.18841909027706,-0.5369735761783696,-0.01394692560928827,-0.011299871106810754,1.0917674277463183,-0.5215146379726581,-0.01186574263087704,-0.36236401408115554,0.8093999636210555,-0.08019113611183219,-0.02861071674436287,-0.19554677874411194,-0.13218879741426176,-0.2642462106650557,-0.5425852598215151,0.736329509031569,-1.4138300351462796,1.7236292228273398,0.7232158638430788,1.8669357200639556,0.9417304671691952,-1.1630018045042345,1.2029940998433644,-1.2015829955786357,-0.3429033297603233,-0.7559345645815592,-0.12110740151107596,-0.31968509240255405,2.0376224870519266,3.690186168476232,-0.2046792868564972,0.29994890900451954,-0.7837721465440685,1.184900337114888,-11.483948984227299,5.466592752999374,-5.458460973997581,6.460825621352928,22.969532118652058,4.438560937762146,-23.844081803517238,27.347507898399044,8.061981353001357,0.0
-1.1342617373250932,2.080410951390619,0.7356378757921155,0.967687761718745,-0.047119401205838025,0.02356462860695107,-0.24658642729960875,-0.589073028849389,-0.05799281942517326,0.10119572873023436,0.6890932286462423,-0.13853953542297193,0.2005778424427296,-0.4962958807467712,0.009223742356831183,-0.03733948266856787,1.1110668921457265,-0.5466709355962137,-0.022393312638497677,-0.37163230371055544,0.8045968128677755,-0.07212080832902956,0.026627206215593526,-0.16789478155037502,-0.10417547792131954,-0.1152450359235524,-0.597813376212028,0.7448879976839025,-1.8003235855575945,1.8406228994595655,0.5384144170135924,2.098756097406683,1.3657069622760263,-1.3301157924398113,0.7791327803893159,-1.0916467636564968,-0.47171674108116235,-0.8616271190565983,0.002573855164214933,-0.5917397499047274,2.295905252480388,4.491214203047826,-0.2199971922457109,-1.0043310582202643,-1.4043668401770046,1.1975670546971529,-10.923160876147245,3.572920058120696,-5.955704538019443,1.044239580047702,24.303558067652283,2.4673989977576474,-18.616033927381533,24.319079104205887,10.929240446300048,0.0
-1.1417798731938666,2.0964613796750706,0.7343741228689694,0.9676074172331587,-0.046944006603722645,0.02185406672069959,-0.24709218143667308,-0.5896990530421591,-0.07104323837507717,0.11587554754602429,0.6495597499963626,-0.1054847103424964,0.20940929018446588,-0.450525696360467,0.040762093144761424,-0.06759658368383095,1.1171110548433976,-0.5694157170004637,-0.0345657921228845,-0.3834218793581159,0.805430691571048,-0.06342225659821242,0.10087434941491621,-0.11972686150426301,-0.03150216944540003,-0.06293418479431874,-0.7229560570863007,0.72326072596432,-1.987288595477769,1.2638032194249824,0.4406470580034945,2.3098664030900466,1.7476297157417426,-1.5619863614356255,0.08616014455673382,-0.9981860459667063,-0.5318183959205682,-1.138633468334758,0.7309132306566449,-0.5913673398156251,5.76308934497316,6.864516694502211,2.160976066188019,-10.501533368122523,-10.482353052122445,-1.9411416790945424,6.447576949208699,-55.93623683788162,3.6407697290062626,-7.849707101533275,17.73179098929545,1.537893223240028,-11.698178443469283,20.94243128225642,12.756356271497367,0.0
-1.1495270748892494,2.112624963421981,0.7333585399596968,0.9678175826080784,-0.045687944960620765,0.020422499860962718,-0.24662655976062345,-0.5899167391965597,-0.08766759881315282,0.12989112086427324,0.6078577203772542,-0.09017580018319243,0.21462073888979033,-0.39928825872865764,0.0788135929933192,-0.10248271371664308,1.1009003539246336,-0.5894233998562179,-0.046520510146842366,-0.39572326902959815,0.8170183463375971,-0.051260923030458753,0.22872288799394755,-0.06317319616404402,0.08408967956094972,-0.06149333783698796,-0.9345635865423265,0.719153034869928,-2.090542911233643,0.2906238923031558,0.19945821167129277,2.549286765907009,2.014334699389059,-1.7665351294021812,-1.1104838115138642,-0.8906581414078379,-0.5080881752609437,-1.317714897574438,1.4851137816778155,-0.8711607675568578,9.774850641107067,8.211405220069658,2.1026276918543774,-11.454396930135106,-12.038828141843613,5.061023481996012,1.5262943497364028,-49.42560209579584,-4.248508272776625,-17.438874528818683,10.745643434045956,6.317984973015925,-2.45568215146856,16.1197547768489,12.798552948109206,0.0
-1.1574876296905225,2.1291302051555285,0.7326213127780218,0.9684795201101427,-0.04258839205155201,0.019209871403816303,-0.24467249299898838,-0.5898917656939361,-0.10745020440392117,0.14765259029790978,0.5632651519969037,-0.0946857697870157,0.21070285912813197,-0.34132693190226243,0.12052956527795858,-0.139551246776169,1.05101016772783,-0.6031164636533721,-0.05839559339241766,-0.4064516058051811,0.8419302611193802,-0.04151389728405873,0.4507499690573902,0.007751382333658175,0.26267287857792704,-0.05902534095877397,-1.0890769640156668,1.0340553595135882,-2.2572653537981475,-0.7040307861658756,-0.40166775963835394,2.8478503853835226,2.098086285147211,-1.7924242336383094,-2.8083785369872736,-0.5969473515321808,-0.5065040820753364,-1.422872503034784,2.6091183324413922,-1.6630702089280276,16.15137409146245,10.21686695751228,2.9751984751464233,-14.940850342637017,-15.72622219312424,14.353434360458944,2.36581411836751,-50.86944941184712,-26.619720960494657,-29.442760599310212,-2.4938050346515563,15.385957643805217,21.767400305644273,7.945550556091881,12.819372897376628,0.0
-1.165521074549926,2.14638967043829,0.7320690483374253,0.9697105501775516,-0.03610483832104194,0.01812350110903434,-0.24089298086850158,-0.5906800429533319,-0.13052581529688734,0.17550722523732445,0.5170698199124423,-0.11995111391783381,0.17747797645300536,-0.2735126216754027,0.16204107603896342,-0.16819303427571525,0.9515124374738474,-0.6053133035323107,-0.07245137578544866,-0.40618399669863015,0.894994093952397,-0.04076379485773966,0.872797320359983,0.12079060882051884,0.4448430056865895,-0.12379962647419365,-1.3039142076439807,1.6980229140352008,-2.3311506250807548,-1.835352010869217,-2.1126614527822567,3.317926459270466,1.92010868972335,-1.0933156935929,-5.3064620374071945,-0.02932795516107273,-0.6242756824878215,-1.1682466132422193,4.54138272713306,-3.099365850793662,27.20281919358766,14.222991718466378,-0.7773120776452347,-16.86848554198608,-23.485317894064103,30.607317611827373,-1.727869946182471,-61.96148759950748,-29.8060510508581,-44.13724534644233,-26.489331447828164,37.77601337180705,61.26124121195595,-0.13439987965362699,13.982884169557172,0.0
-1.1732006757648599,2.1650141259985203,0.730471004667898,0.9710945859367505,-0.02442016287223371,0.01689493667681191,-0.23684071002323712,-0.6010962258599254,-0.15952633000242056,0.21499005732684895,0.48822282889803664,-0.1764303670441448,0.09430795122718873,-0.19042731288147377,0.19446695074781875,-0.16259019317784937,0.7788948694669705,-0.5520732264167747,-0.08805097514010157,-0.37501422889231667,0.9814595667522318,-0.14378785257697857,1.4724147056765273,0.23887288184942676,0.2931858286359481,-0.7910400759105027,-1.659988698433962,2.3227029604243747,-1.1146490700371003,-3.391415633179014,-4.626870144421111,4.075834485235783,1.0699344809682967,1.2281641356643374,-8.887532918194287,2.7656639202833135,-0.6989230591311852,0.17297372478892498,6.74743945682112,-8.940724920701152,37.116340075193385,15.881345050436716,-26.517031685475096,-28.793619793389,-28.497726954757002,38.385272747305095,11.962326869292355,-36.82433917535381,-2.481195695983587,-61.2260078366179,-80.80998626941609,83.70893481792824,132.90533677803757,-59.68092998685958,13.183852245542987,0.0
-1.181202570593521,2.185874281869715,0.7267448134271667,0.9712132294161689,-0.008460124391846091,0.018493101204146656,-0.23734214651035643,-0.651444072222034,-0.19654763973971962,0.2352499163607784,0.5314927415906241,-0.2329392694023067,0.02844149178346992,-0.14038303935195093,0.18031195568276606,-0.14246370772628392,0.635191343976232,-0.5562647250889685,-0.12182662124630403,-0.44822662454525913,1.041435872816422,-0.09931604074073563,1.113526063960077,0.7701063052672316,-0.5760875393911177,-3.1134345303428113,-1.1125895296229111,-0.458230560647735,3.274403294047834,-2.1892474792255916,-2.440842123844877,-0.9819526827227366,-1.39700202350212,1.042083099960601,-1.3387005887225016,-2.4707610949280414,-2.350895207214114,-5.009377743655119,-5.9720152403545965,19.03353192801403,-76.82256003105694,13.303469202795723,-62.35763287273868,14.785724176963772,147.94805201242744,-138.98348308288791,10.965037418901083,69.61791003592252,70.18335154479057,-425.9999355870197,-15.851051745753718,-23.249217039510793,730.6984011797182,207.21832548122975,252.82133566216723,0.0
-1.1900855637183436,2.20542432529784,0.7273348378521872,0.9699309557425942,-0.0010309688996330993,0.022697531025792507,-0.24231735447697125,-0.7029001822218454,-0.20698983313852626,0.19933415781763789,0.597239798499246,-0.25271059421120595,-0.010525883052189208,-0.19542655619169988,0.14784274732252198,-0.13642902063434353,0.6784933916385046,-0.5746576113295015,-0.1373539486549841,-0.41372753260307576,0.9179708522648348,0.11604040713122939,0.3416172533699057,0.312006401545941,-0.314578720991203,-1.7188618313955675,-0.050075633083970936,-2.161177148457742,2.791650498471265,-0.5422182447672809,-1.5564537147253115,-2.8439582947073636,-1.5979104613901316,-0.0877223524073899,2.835477571152504,0.08503692358979839,0.0069168468352225065,4.7176935580865065,-6.787676260992131,8.245685204925746,-24.871570692307397,-37.35498215707311,26.527802178050205,114.4505594352603,52.559251243729584,4.478632663133746,-80.59801575933295,25.206464331205986,39.35833665363535,63.62917553738614,12.346420020520782,-29.77280611788423,-45.776781177432504,90.6227335978472,55.96921465077074,0.0
-1.1978958092596659,2.2235242318640305,0.7299527960011748,0.9690734899756582,0.00285723613768183,0.02383280187014618,-0.24560212699215023,-0.7331742536577852,-0.20170802588075623,0.16110719771452786,0.6661692571527592,-0.2678811287997798,-0.020940026507893283,-0.2505771632557261,0.11549999416908159,-0.13500542929878975,0.7349898927180122,-0.5646912146229256,-0.13327640931665674,-0.362475274544494,0.8930820768025634,0.1491357699854912,0.4016850676599961,0.07735803574120222,-0.30667754271208747,-1.033552336177227,0.49999589775793696,-1.5283943830363953,3.1733299469549534,-0.6027343246311043,-0.226430310681678,-2.4064848516262427,-1.6502885919189176,0.20130056840546337,2.4161758167687037,0.7564497269347624,0.37694734799303364,3.511531819690169,-1.381633632754821,2.365963654962995,6.463421542840858,-16.33807129699099,5.269061649340999,68.82627062159158,24.284212304935306,48.93409803626291,-73.04612931138536,22.25424316756665,11.537504193783432,52.52438787835823,-4.58944559621232,13.53768953673241,-64.47053430356489,22.83883659312831,18.40451739776999,0.0
-1.2047054241424004,2.2409946163333965,0.7330936022192307,0.9684079127208378,0.006379602485260837,0.022768159080290895,-0.24824791274831165,-0.7477656937947855,-0.18470085511876153,0.13834304286680832,0.7353161258688113,-0.28871985245353393,-0.019667762322693665,-0.2898325747243207,0.08471603582642122,-0.12849568020817606,0.7696812571422978,-0.5458194065681162,-0.12360331233619903,-0.31967835934454225,0.8605035536053626,0.16905605728198375,0.3779529910942562,-0.09833618623281541,-0.2161398723608877,-0.30243606366270753,1.0505085464470705,-0.8689993840023579,3.0495834886697804,-0.917610833377092,0.1108224928232364,-1.5877533051955668,-1.499542163779542,0.4046178251660767,1.1908723390304898,1.0667875854112745,0.5804934184263589,2.3711757820670663,-1.2137874657014343,1.5682405397340797,1.8641629042135088,-8.95162818071635,6.472287955820168,54.613110458273994,15.809736395501982,24.355367134946334,-76.95272136501062,25.055010655223583,-0.38880192109659184,40.048743543430845,1.1837823871042537,6.726812842596484,-56.33544799109075,11.199399472189604,10.590174194814068,0.0
-1.2109890721624308,2.257954636792583,0.736390388919672,0.9677896718723594,0.009145070746442848,0.02126353455013366,-0.25069379887956506,-0.7507331810206802,-0.15775609727205972,0.12232425657526806,0.7972339905010766,-0.31361496414046564,-0.01718708840738073,-0.318196789753847,0.05822624089264073,-0.11831473398045511,0.7847591872433313,-0.5222877762831124,-0.11116978526076679,-0.3074585775729199,0.8410806722254314,0.16544783673015903,0.282153645809456,-0.0630337838290343,-0.2508358978604596,0.10042656989320972,1.5027970217484916,-0.7748330191857346,2.6555182671691098,-1.090588655946903,0.1158932962701131,-1.286240973628742,-1.2383633489779264,0.5676405917375573,0.4344945571344219,1.2535907545808045,0.6667840264845099,0.8577062036503456,-0.5412952041397986,0.24199938860879747,-1.652664483040027,1.4895506918325272,0.9387514327735068,33.18043056094725,11.061628779844895,0.9903521428489339,-73.01158119930115,27.00587689844523,-1.392906586080079,13.468478855029419,5.842543057061071,4.430736075046556,-31.67611181539359,7.38111505476321,5.310145656006334,0.0
-1.217136803549716,2.2747133064413623,0.7393142453824236,0.9670291116254417,0.011247589617037593,0.02065239415750282,-0.2535777348512251,-0.749335320143479,-0.12491492531737204,0.10448721499383447,0.8569442742314896,-0.3419083763106185,-0.01634498215835502,-0.34417958273181565,0.03606616111953716,-0.10565423282792952,0.7903989010645013,-0.49639482626773357,-0.09651549791077514,-0.30443587003296074,0.838337171230078,0.1360565459081635,0.20817987181276,0.031413495278969805,-0.30632004002600866,0.19694708174282968,1.6831952191320247,-0.9584694999885374,2.7062400678786718,-1.2290104872193495,0.017048921465379306,-1.2933019208431924,-1.056980225819056,0.6703838099361643,0.1544283931585492,1.3244296745633681,0.7828381885832253,0.5053184872948668,0.23714252133003783,-0.8184641815716703,-0.14213625394500984,3.8730421604248124,0.4105997515558353,22.35264748618744,-0.3648097375074766,-4.5546179111354,-61.160440751308585,31.18296603679595,-1.0932232292275885,1.6516382958213764,2.005788950147725,2.7559489150092777,-14.016079790931984,2.648418191411926,4.832046606073112,0.0
-1.2231506161306784,2.2915155368157993,0.7416615256079049,0.9661838025899043,0.012984948725262872,0.0208935778863997,-0.25667822097447096,-0.7450145984078832,-0.0914237344762566,0.08249933212312505,0.9146602458536879,-0.3748683908617989,-0.017927237090176053,-0.37014866736521745,0.016446881265902914,-0.09160182076220297,0.791581052595989,-0.4695696741556635,-0.0790577855843738,-0.295676768129332,0.8443722444047161,0.10692807895868266,0.1639873827666186,0.09045054166871738,-0.3079543568747401,0.3528937398085556,1.6209808258960847,-1.1436952733811436,2.5656330849531797,-1.467099019659734,-0.07360211853545474,-1.2940271196472692,-0.9661077311547764,0.7179790166836456,-0.017984808201734506,1.348378429347212,0.9012088378964271,0.6655601644144349,0.6528890439423259,-0.8868434344688378,0.9892989324415065,2.577033086133424,2.7660608861385,21.457876995916912,-8.944824050807416,0.5577188051180182,-60.61304198062718,33.81230875372087,2.690630273139325,0.8273242634894704,-1.392408667377416,0.7714965939869025,-8.026294389404656,0.3514947649334882,0.6975595648130112,0.0
-1.2289247269203445,2.308506854182097,0.7435160374040353,0.9653658572220227,0.014509711924788959,0.021576342513311867,-0.2596010235218596,-0.7363741802258194,-0.06001966864498444,0.05923930764767071,0.9663386972828037,-0.4115472476920941,-0.02213867660709142,-0.39564497330938175,-0.0019709333092634116,-0.07681798138116508,0.7896302097843725,-0.44231935162283725,-0.05972893335876296,-0.28199001854213895,0.8563034303708725,0.08488402714878865,0.13556568827537918,0.11398319569140589,-0.2757455521351551,0.5749768214217348,1.4871298247271099,-1.1243451050028765,2.2467098225036555,-1.6325406693967035,-0.19496751055013237,-1.2568486017809652,-0.9242333632902614,0.7429378952242143,-0.16107588197050296,1.3717453058095128,0.9734877492526808,0.7931716743931011,0.9182061170292802,-0.6808031655090542,1.0777210903096588,1.324978524005828,4.426717263326895,19.461273131045935,-12.112119021034182,8.214312050648742,-55.83240940677171,35.9270334671016,4.882445718630924,1.928391433715428,-3.012823895484166,-0.5547422577210632,-6.615135726506051,0.8398237473442273,-1.2819654231565316,0.0
-1.23440383488391,2.325787592628802,0.7450157675238489,0.9646269768528875,0.01579954616846156,0.022438014142154714,-0.26218639436455515,-0.7228930038999446,-0.031262937477936195,0.03817726399145872,1.009927701945247,-0.4489193884070357,-0.027366039329478814,-0.4200057311275973,-0.01966196392528356,-0.06160257097199894,0.7845759115541543,-0.41422362121503054,-0.039841755689483484,-0.2670139413700706,0.8727534127393692,0.06911025144800428,0.10370078551899183,0.1185752026427728,-0.23986157705214536,0.7977032505986933,1.3506899996600215,-0.9692961717758736,1.871262562186206,-1.6449316628684296,-0.22902743602382208,-1.1896626388240457,-0.8895396898116237,0.760019035932288,-0.3226199325467474,1.4282355733277659,0.9882417736935346,0.7736156521880005,1.139054198142304,-0.5678870358020868,0.44604160108259727,0.7888872413271598,4.682730587817282,15.178466180582532,-13.062770836351596,11.091814303325112,-47.18334526909821,35.97824777728591,5.541648752710309,2.676014983958762,-3.047553987341727,-1.139366000861477,-7.103659649584974,2.300993265607185,-1.4513984369232744,0.0
-1.2395681235583018,2.3434409620316536,0.7462593079887947,0.9639785157422588,0.016759116082520967,0.023299188711205003,-0.2644271185428673,-0.704739013202278,-0.005413606752710472,0.020691733631479154,1.0452392778235013,-0.4846772449292362,-0.0326681583838707,-0.44254626141550857,-0.03676892193053422,-0.04616021921549483,0.7759212864157885,-0.3846578709192642,-0.020162379980772013,-0.2512744434083559,0.8930825506639215,0.057185608696498205,0.06689003810880198,0.10259483846243665,-0.20590765478814155,1.0114950894437746,1.1975465533488923,-0.7880572737567312,1.5057314877242416,-1.5620249773396218,-0.2289334395542867,-1.0863466785544993,-0.8610162111741316,0.7675812305757332,-0.5113277149658998,1.5130265188826466,0.9786426632173144,0.7269350505363437,1.326826997135192,-0.575763206314156,-0.19216192393494674,0.18450020584746363,4.565764329303945,11.224171329439184,-13.968473669852752,10.179477345015936,-37.48934743404791,34.17061275156671,5.4133515626036735,3.5009051061774987,-2.9097879531429363,-1.517649805502523,-7.621544699409361,3.323507675237648,-0.37898580071941884,0.0
-1.2444114678388143,2.3615380623828934,0.7473026741635137,0.9634194182884992,0.01728310571970159,0.023998746524088444,-0.26636136898319823,-0.6820958920991097,0.017101822964606123,0.006590489074817678,1.0725072039319705,-0.5177498019318836,-0.037360348681596496,-0.46257532727373685,-0.05336182518571921,-0.030646390298418865,0.7630814514076922,-0.35314078933959,-0.0008703298409267694,-0.23562998660577364,0.9167051636550025,0.04712483755758537,0.023850067530427482,0.07004235987702748,-0.17767482613075677,1.2179132997410154,1.0249027793307839,-0.6354047555086494,1.147085997166842,-1.4405748539239769,-0.1986996042868662,-0.951277488378172,-0.8337640329141726,0.7686210497311547,-0.7284717149217783,1.6180116258884485,0.9649759986691393,0.6329055003423132,1.483340998535825,-0.6956480934006759,-0.8613925580834966,-0.2084045000068923,4.197398834829599,7.5333846909481545,-14.217604190319994,7.9420520217997215,-28.492084173189927,31.36407908206831,4.744195119592395,3.9060847438336492,-2.5115711348517116,-1.7737880361618024,-7.868531356861422,3.891101719748488,0.7602942383972293,0.0
-1.2489404627227867,2.3801353305350323,0.7481669896679208,0.9629369162149594,0.01726639244427136,0.024413050207169683,-0.2680641155805203,-0.6550734539887436,0.0359577584719128,-0.004994273280617659,1.0919620471511258,-0.5478497798642517,-0.04096094352669834,-0.4794853513172431,-0.0694262608417684,-0.015185849335292032,0.7454743356895399,-0.3193639533380344,0.018030054123578262,-0.22053208738296878,0.942795741544579,0.03739583703095933,-0.02559917989393823,0.024190748945909717,-0.15884447140561425,1.4217329309270408,0.842373540826407,-0.5308416488322555,0.7981855837675161,-1.3107689763358659,-0.14814323829813458,-0.7885573464643466,-0.8041900629987068,0.7639288388451829,-0.9729507150857921,1.7347078411971315,0.946714223848612,0.513104733890268,1.6015018343698622,-0.9022566500387642,-1.4739847256379517,-0.414316466057271,3.628815416406614,4.204067976395912,-13.486369110368663,5.718119737532402,-19.888230398223016,28.324460029300802,3.706694458054066,3.8972410199276215,-1.9456059543171333,-1.9565992350633412,-7.752042057728027,4.04790546632705,1.0184584398574046,0.0
-1.2531731225499931,2.39925942143347,0.7488530142026123,0.9625105252743158,0.016542383488605164,0.024486646491972318,-0.2696298248121918,-0.6237733922535559,0.05133680797873294,-0.015313556520044883,1.1042409675898006,-0.5753917842767975,-0.04313605244282257,-0.4925351836255726,-0.08472202092556674,7.171374744100486e-05,0.7220644113090461,-0.28311383635516085,0.03711913675205558,-0.2066499702372697,0.9693945461579074,0.027232843521155875,-0.09379821274321314,-0.02854495247593044,-0.14988659224012685,1.6205198930058804,0.6849753526905146,-0.4940249704780919,0.4875175311145096,-1.203674296218677,-0.08314876709132106,-0.5832919861657401,-0.755849015655109,0.7541480838100346,-1.2860607125404877,1.8598545721172566,0.9869233988137072,0.3418809276267054,1.6470420186019854,-1.160055587593817,-2.4823066141437944,-0.16561948220803613,2.9813032692642456,0.936353252172887,-10.836785786580709,3.477026730457849,-11.352028479133988,25.764053226572905,2.441502823578691,3.3340486216185585,-0.683951673546875,-2.1989623793518325,-7.636453465993141,4.629154191767586,0.34421839713615676,0.0
-1.2571310252272045,2.4189065564598913,0.7493760014486348,0.9620998885991588,0.01485313274739693,0.024208014732013592,-0.2712142341909955,-0.5880092100449179,0.0641599350123932,-0.02603487350951775,1.110218303253103,-0.60125058560978,-0.04377841264496214,-0.5009628554525536,-0.09871688055726714,0.014804089330300058,0.6916703472665582,-0.24376927062359313,0.05617184666806773,-0.1937749821780159,0.9956585340418926,0.019151267730931683,-0.1886872273600653,-0.08951383360454139,-0.16440623903343873,1.8411341567286779,0.5906508251849849,-0.5459109358512773,0.21608133520747771,-1.1378720776886577,-0.013329853728578003,-0.3569650987784464,-0.6764526184698338,0.7113903615093751,-1.628685167610097,2.0359171993993095,0.8842384927522038,0.2125128667661984,1.6914880786906652,-1.2857736212343678,-3.560090427241911,0.02728667297876297,1.8033322708592348,-0.7949151572891799,-6.711614915275308,1.078244094024563,-3.6289903975506475,24.03332492863293,0.9793594549346955,1.9031684057330949,0.7616340939897507,-3.6528709117689964,-5.861369788186966,5.284703701996023,-12.278566200207159,0.0
-1.2608241446326631,2.4390903200051692,0.749755731303395,0.9616645898251541,0.012033048024520772,0.023598048535106077,-0.27294606525281045,-0.5473756272546892,0.07556323911821183,-0.03854303332454875,1.1098398026702418,-0.6261311873510754,-0.043219345075364034,-0.5043840673331177,-0.11119113060712726,0.028392871035718536,0.6536141047330332,-0.20067202918372626,0.07278189380220959,-0.1813759384861412,1.0235983250898688,0.011320556164069781,-0.29181948785040523,-0.14690333504897507,-0.18616104160490707,2.074758192640824,0.5493944683235155,-0.6503318145868571,-0.0799435252858025,-1.1021498619650791,0.03702009458122895,-0.12490022046312273,-0.5900598890288611,0.6449878983358127,-1.9847420895234504,2.1880514182762143,0.5517121421147055,0.06613582312268358,1.867955333224732,-1.468008702270771,-3.8222993124779525,1.029150664121803,1.3050871269880155,-3.727966651494548,-3.023459931699362,0.5126437616863386,2.578573229555606,22.83867921290018,0.2380834079275191,-1.838625651065311,2.252486805966462,-4.0693117305828945,-0.5616426774572871,0.22958642960806053,-38.89790317844754,0.0
-1.2642645668334342,2.45988092857796,0.7499529328998933,0.961207993862167,0.008270487907429494,0.022782087076711668,-0.27475765334867197,-0.5013377030046793,0.08626000419067649,-0.052385207547057826,1.0978173000516813,-0.6494590446191507,-0.040371337131447534,-0.5036753962451216,-0.12233682952833286,0.040808766056728916,0.60910825034585,-0.15530415364086292,0.07985217037229421,-0.1694011469022673,1.0562929001592192,-0.0021275650207148293,-0.3639265312571054,-0.17855755077820054,-0.1804523681329169,2.3195549640585362,0.5168947420733252,-0.6970889138044638,-0.729841513129249,-1.0373305501636096,0.14663244334779799,0.05458056332314254,-0.5476073193906253,0.5908082881881146,-2.282560922386295,2.2918466827591586,0.084906601414243,-0.07330004203359156,2.151762855794875,-2.1802000966385577,-2.537156595897126,2.886131935387766,3.5385258859777036,-10.395078544084592,-2.742234469601495,2.159010516075715,6.448447875230165,20.22708080620596,-1.8013929661249282,-5.537642789945895,-0.8910997036615168,-3.8166910225590462,2.607003837246668,0.041010170633619225,-31.74994561224706,0.0
-1.2674341169681114,2.4813379338404102,0.7498168702240143,0.960785185231322,0.0039438609578594935,0.02187023872819358,-0.2764018206501718,-0.44895341867652616,0.09619775950252456,-0.06600946522661877,1.0636905256178442,-0.6690228808311031,-0.03580120289747831,-0.4996477219882943,-0.1330626607663936,0.05249607238249236,0.5590212155318284,-0.10810791359878663,0.0764787032468475,-0.15668944133778095,1.0908069951932318,-0.02576219597904133,-0.4075874895942647,-0.1888689943273888,-0.14757110517537186,2.6022918952282468,0.4726375967799036,-0.6667335259457985,-1.9217988556996242,-0.863608644053236,0.21657057265894158,0.18148483426293846,-0.544536123574871,0.555311005374601,-2.513151078494433,2.3682497461196865,-0.46094558685283554,-0.3162736393295936,2.3244730201948407,-3.2247134940713864,-2.1735813264262354,5.055039949880405,6.046400294203791,-20.63065757878712,-3.3530539720079195,2.626690221323603,16.22606890358027,15.191409735760404,-3.390564094901609,-11.784567363486127,-2.807922077872158,-4.602027742771688,10.347658981031522,-2.2575690570436135,-33.70117243791842,0.0
-1.2702991412998246,2.5034554285843713,0.7490942169053709,0.9603825231964346,-0.0006770916470837146,0.02100624508086747,-0.27789150464408346,-0.3883823826769713,0.10455909943540062,-0.0775887163874108,0.9928481364717511,-0.6782967728664834,-0.028701598126138393,-0.4938242812187325,-0.1435092140551296,0.06426231559904856,0.5054942976627145,-0.06021098758571528,0.06049811096029402,-0.14279364506910108,1.1237149890014146,-0.06561939270900909,-0.4406024718716978,-0.17378515794729119,-0.13002459226947632,2.969332415565734,0.36215064362283444,-0.5546272927934457,-3.830917097121731,-0.36164815626813174,0.33442694709290216,0.21158641016796123,-0.5244667368786438,0.5705798065292381,-2.608300690753299,2.3625773124088574,-1.0584590762140897,-0.7056652348612681,2.373984121496155,-4.724679846950221,-3.505404461284338,7.980092167924587,7.5807082603983185,-35.322434861370354,-6.526454024506849,1.1225181626133778,38.614023905500304,4.1720648869021115,-5.752340870133644,-20.23803778115144,-2.157111189691685,-4.707878153890266,20.685326874706096,-7.652723029449592,-24.02080393420072,0.0
-1.2729446802183293,2.5260263509611915,0.747421736783742,0.9597671039351799,-0.006017915827922745,0.02064505738097653,-0.27997262812407325,-0.31632228227791753,0.11114235947723992,-0.08436403048109728,0.8657708346795743,-0.65605012863665,-0.011518780325964153,-0.4908330524325439,-0.1461813763906961,0.08559067212788433,0.4580129209349959,-0.030190949766123226,0.03839471642504411,-0.1394417268339107,1.141784704723366,-0.12263520320203321,-0.5896123754710381,-0.11027878757209161,-0.21500411957841636,3.4779009347242518,0.2704536022416741,-0.3156393010079908,-6.670305876210925,1.2268025331008132,0.8316873499082281,-0.06880033109619264,0.07225867552224385,1.2389457715876369,-2.050868478101887,0.9464545427893499,-1.1418690452939826,-1.9008522729150141,2.1473563312467623,-5.8028859963199215,-12.677762466828495,13.393084980897992,8.52535708502921,-59.040375202159844,-7.337521252218621,-4.210047796299008,82.6543395318094,-25.057962534716772,-15.083047313809203,-34.54018645705448,12.775879048613522,0.6583736399651894,42.45114817143518,-50.96004785176653,-1.4450081881612533,0.0
-1.2760491718635234,2.549010930870363,0.7444544736661158,0.958731220030115,-0.012592338354725646,0.022266337493735102,-0.2831608923720613,-0.2554160599566408,0.11977426710047019,-0.07604488696521781,0.7142017805609139,-0.5160449273802915,0.0163829453715631,-0.5041516822723983,-0.13745198247895257,0.11690867362113765,0.44007955795610243,-0.052082256366221276,0.008830821748766787,-0.18649801559305595,1.1689645869655527,-0.13097654541854192,-0.6255307744448098,0.12936387512515207,-0.16012175325207462,0.47785334594940354,0.08336978216454283,0.4578827497465784,-3.848502104723115,7.5882730786491805,-1.551923132431493,-0.9269434512982941,0.2935546407229249,1.436457037517624,-0.6105002942228118,-1.9574283851108745,-1.8408594434234375,-3.0361080094223256,3.2566236359707608,8.592100190936735,25.708129434705075,17.048267609102204,35.80084784814038,-418.2500661679197,-124.86591957647322,-61.94512415888627,833.2404101929593,-992.5270203201214,-36.41637146578041,0.4424694649882673,-57.41317791791328,-29.957866897848877,-22.58387940405792,-75.93197845819843,-41.335935852632524,0.0
-1.2798951698405505,2.572814348602678,0.7433301547080454,0.9582497294814568,-0.0138294091942089,0.025047948187980357,-0.2844974581285849,-0.28883668691554226,0.10157904845582665,-0.06757531459299607,0.7237082573152714,-0.4681938263703317,0.0034871946386865987,-0.5324279856485326,-0.14011219763194308,0.1456247030440872,0.44812291820816214,-0.11086377333026713,-0.009727700163481302,-0.1723963565727584,1.1871102026453622,0.0037955030420635492,0.11131802385051508,0.17468912380417326,-0.2568322120448688,-2.138276306261743,-1.3755809292080212,0.6483855488686797,1.7683608880000496,0.4715400677111985,-0.11526841718648792,-1.4275606602067863,-0.5248728635758692,0.5982233000839305,0.7525149547997944,-2.876422443559994,-0.5500065192623036,3.5893193249532556,-1.7266872483464257,6.276532135668271,30.3941648240492,-15.612550476396228,-21.582089972795053,22.88894173223178,-30.323816648155102,39.91966038028786,14.816776201394834,-82.0668723606092,44.83310829528022,23.837047262115135,-37.47290445289754,-145.35650149055223,18.046008865533878,35.76071099730445,31.780414229847143,0.0
-1.2838132617985947,2.5959136053173832,0.7437139058010622,0.9573395562955381,-0.011820933398503522,0.0272873139371053,-0.2874311082390854,-0.3354912163491708,0.0749636922006043,-0.05324529360646708,0.760928564062633,-0.4646734924142181,0.003403483273930227,-0.57740022204727,-0.14455164596591108,0.14393708123412136,0.5219907384450599,-0.17341152769858736,0.005943685414515295,-0.20003645212973428,1.119322083859946,0.045282509259893564,0.11698593069261429,0.27687831558682885,-0.3222244708784406,-2.1558552317680206,-1.2363696685878585,0.7688959298287827,1.4825789664645124,0.282142295117829,0.15640810160791516,-2.2124121496911497,0.0664516072357388,-0.47108874702525755,4.283668304202266,-2.500299205307087,0.9035378563926841,0.353432049724685,-4.458280153031319,3.6635903389718685,-4.367753391999122,-5.022406661244727,-1.7660970375019245,37.2160056487092,13.659166162174808,4.5107570440039435,-64.60083478139154,29.219067290707876,20.257625613544317,45.871081893069984,36.859420676154556,-25.31355888799072,-38.36627260163849,80.79578847404534,-13.359091637403722,0.0
-1.2878598073268748,2.6173377860776346,0.7449418396830841,0.9567610137552813,-0.01098936205193516,0.029232041922968854,-0.28919385229404954,-0.3731140618585934,0.052355581771805514,-0.040664992357454285,0.7806477497581361,-0.45333150629636576,0.009981209426546041,-0.6149102421835033,-0.13759261753469126,0.1338675166507267,0.614086150828302,-0.21704964752339503,0.0181194996114335,-0.19954151566070893,1.030413962494085,0.08145102677020205,-0.06021938160367728,0.1366988461390397,-0.06444530227780815,-1.5925222949184734,-1.0323257394639072,0.5052704510387307,0.5317406409672526,0.8192536811552671,0.4569865195667542,-1.3023417569173594,0.5574278529511865,-0.5432942479237974,4.01553890737944,-1.7076590955504862,0.4792539298705331,0.4957230890685036,-4.509617127481707,2.5372372668092096,-10.552739155191196,-9.554830114161126,12.223172742421932,34.10175491329058,11.568241975974662,-13.953158568224175,-50.42170221352375,27.385865340528515,12.386018317792356,77.61447318300237,23.0255730067161,-3.527907871499023,-107.52402156533046,49.53501343177569,-10.227211763074495,0.0
-1.2918789321937865,2.6372510082745397,0.7466170699981393,0.9566112871299015,-0.012203109442088434,0.03045849848200953,-0.28951374635039256,-0.400879892339919,0.03473306068486423,-0.03135975737237639,0.7854507669169255,-0.4334594619057989,0.02197962249028644,-0.632451831714496,-0.1226756695263057,0.12579455205135057,0.6811870461074975,-0.24231833577150197,0.021005919024231504,-0.20049783735079613,0.9684506676399425,0.0873836912467343,-0.22604470481756195,0.03251442998813269,-0.013308055313335183,-1.2149681847429359,-0.7678672449717003,0.41575665162174547,0.01399460034683924,1.1136411979616154,0.6680441691882679,-0.4516546441934145,0.847485760257711,-0.37254094610565713,2.559458761071656,-0.969470403042758,0.040632365288860384,0.10408560680800444,-2.86265047294664,0.40771526926755924,-8.148706059920382,-5.607026413207559,2.2707423698016753,18.590051596421898,11.859870878809014,-6.052707321758974,-23.00827060181265,11.069394754132023,3.872840303564335,48.753150396044674,8.1602386329288,-0.5294104668969201,-96.8313123186452,25.46543075058862,-4.891034384209848,0.0
-1.2960715368191842,2.65623037185137,0.7480122730016724,0.9564469630443981,-0.01489438383816479,0.03165684101300579,-0.2898020162633563,-0.42490871271227565,0.021999330331339512,-0.02310622870207235,0.784972457888479,-0.41009820784439344,0.0364903689069438,-0.639864274393521,-0.10428277707760726,0.11997491107296725,0.727562638670279,-0.25965711386670304,0.014044832050564064,-0.21478313560327214,0.9338614100803324,0.058159449914963954,-0.34347626719553503,0.030904766730113283,-0.0553140674423582,-1.168662818096833,-0.5384684159439487,0.4000959189860798,-0.0675582059121603,1.2024013991921718,0.7242381542155313,-0.217945893464227,0.9205282003243935,-0.29469700025472556,1.8602623971004117,-0.699659652483934,-0.3627720585667213,-0.4265752214930149,-1.583215769626779,-1.1452465828892109,-5.41392510729978,-1.4344462980961399,-1.5972096470997807,4.731176523998132,10.024355535876964,-1.708397227009966,-4.982419839332673,2.7259329140297712,-2.0008129948932445,20.890679007593757,-3.6096295541068066,-3.772270542853114,-62.648180774260915,18.030843281157267,6.640432861406049,0.0
-1.3005608578120087,2.674657083987919,0.7487116428343271,0.956127075696644,-0.018344235530219393,0.03312109529615669,-0.2904952619045262,-0.4488359352465824,0.01286985658621316,-0.014752807855046493,0.7841896384823378,-0.38602958399265463,0.051339360407305315,-0.6465192231486618,-0.0864917053991942,0.11355349247050536,0.7725180401377817,-0.28144215803488565,0.005606497092798379,-0.22949766512099887,0.9112178317717391,0.02138200112297471,-0.397521446260748,0.03721245440121728,-0.10558770703528647,-1.178596322657625,-0.39032293458695144,0.41984860320010353,-0.05503907085170974,1.1968483217634935,0.7154999268871259,-0.2730414361434075,0.8288843739761198,-0.37661096757835816,2.085228312153134,-0.9729867638486287,-0.3694211562956866,-0.3466048808959521,-1.123189503312333,-1.2446145266616229,-3.244304896080061,-1.6675243516078593,-2.5883743834447044,6.767638027866235,8.026651676769964,-0.6644785694627113,-7.489450361570277,-3.3960417736648685,-18.08245090408756,15.569657765744946,-8.149403850052515,-6.359739430678518,-44.279393265077545,23.887440019556582,8.116207797415079,0.0
-1.3052642657819298,2.6926697774519077,0.7487594827382801,0.9556718158880269,-0.022216641967482294,0.03448243074105374,-0.29156262295973184,-0.4721498510352024,0.006063949092249585,-0.005960453106316509,0.7834287369939054,-0.3624659477319118,0.06601196462443315,-0.6519899538389324,-0.07117063064982908,0.10478415635071013,0.8201080822113647,-0.31087005107170873,0.0018545325051351346,-0.23794252039135919,0.8923943925829675,-0.007900618357357777,-0.420076577914106,0.0004138916535320605,-0.1425924962853357,-1.1316829316777155,-0.2997586025946223,0.44675440944998873,-0.04919708212745804,1.1717404760805628,0.764335001022123,-0.14253022486199113,0.703053944535886,-0.4853146811455254,2.1691777856721153,-1.3329908259659373,-0.12665992358685446,-0.21209025484081434,-0.8451901854333124,-0.8750183021090194,-1.55438340949924,-2.566899810720677,-2.161205388613726,5.143246357075953,4.5323289551191035,0.5832810925323477,-3.0612254535188117,-0.4960482245389602,2.0327438817725456,21.04352463109129,-7.336087832334208,-3.3069254154734553,-47.03071154577705,30.365019501156112,3.933305911968948,0.0
-1.310077725140133,2.710366270508262,0.7482659879172421,0.9551467123785713,-0.026260124070572766,0.03536294713503829,-0.29283890739812884,-0.49409088521227457,0.0002600905417047967,0.0032630971632177912,0.7825032390345799,-0.33939331403933853,0.08132225962985708,-0.6531686507034954,-0.05894237999382094,0.09371564684924502,0.8666507867204131,-0.3433968633260362,0.0009831714915493235,-0.2418795006354872,0.8790837040254839,-0.0341788168111297,-0.40536817521458857,-0.056684046948613835,-0.15979695694472051,-1.0509187658563415,-0.275140347876582,0.47159772487297447,-0.06801787458480632,1.1494768078917095,0.7715591127668318,0.11001059650526976,0.5483466367246356,-0.5712117312144753,2.083330990895711,-1.4301792747323832,-0.013532541455989745,-0.07552078862124999,-0.5849470204323798,-0.8273360354836958,0.15920394913560648,-3.2633090052023137,-1.542304383683019,6.056514894170107,2.011079359043019,1.2154833015261635,-3.6423344560146482,0.17135992826004773,0.9552523674072959,24.200468937287596,-5.974686391410522,1.547208771915654,-47.39742852212457,32.9559187507774,1.5074021046942334,0.0
-1.3149358094151684,2.727846867582753,0.7472917784228238,0.9546090729940085,-0.030175376822705168,0.03556822228699307,-0.2941867875253242,-0.5140928738081414,-0.005639008808158919,0.013060740942804959,0.7806513184129212,-0.3165633083956953,0.09703169483156047,-0.6486486750739693,-0.049917991236941614,0.08120854992983079,0.9106261488338094,-0.3752733433108142,0.0009071852804681325,-0.2433846798175624,0.8702097360075354,-0.057100466501940686,-0.36054738100881134,-0.11711500621295133,-0.16284866540393209,-0.9499010392990315,-0.29885824075248096,0.505404492032167,-0.12717437675101326,1.1496881531847236,0.7965232031244422,0.4031220967172773,0.39985875348671884,-0.6147254413568911,1.96704602592076,-1.3780659303998757,0.00023673854943727,-0.050546266833840635,-0.3754136126784498,-0.7601169481942501,1.4070728990147585,-2.9561156049534754,-1.0882453215967116,5.7802505439899825,0.28842850774520923,1.8996319661707566,-4.450164249750327,1.6934496675891582,1.2325091031381814,23.730008877760934,-3.701660514968852,5.380858600467677,-43.54700532817458,32.44362003721351,0.25207748778164263,0.0
-1.3198107498459317,2.7451700000550012,0.7459254440969749,0.9540923326795396,-0.03377686262481374,0.03505324668332905,-0.29553039466406406,-0.5318291455692603,-0.0122015322428388,0.023608091778544574,0.7770496652689542,-0.2934180264428235,0.11337767305670884,-0.6378716930419418,-0.043462125590923086,0.06770618296997008,0.951715669456951,-0.40575349413388717,0.0008746368275017361,-0.24443273039168154,0.8632354700738498,-0.07491650940218465,-0.3052648594977046,-0.17177369194801653,-0.16235034604086993,-0.8375450149907188,-0.3363927786618224,0.5466738355964335,-0.2279816810116176,1.1796633756393398,0.8294244931780527,0.7097098843317118,0.30044326938442434,-0.657124783964062,1.8428990960609104,-1.3172560399217785,-0.0015621761302300038,-0.1270234392532791,-0.2698506381925533,-0.6283456777821392,1.7530231155319524,-2.078292169897893,-1.1644865190688392,4.921431181223159,0.06136587177764119,2.343535869890223,-5.318756382403563,3.259023097174822,1.1313937517074417,21.590541310246042,0.28738176226285905,6.799875428923934,-39.11453400051766,31.03047501532362,0.07338898944897883,0.0
-1.3247103598001209,2.762363535449503,0.7442786452305254,0.9536054983372867,-0.03696246903654449,0.033897014185867394,-0.296852356994014,-0.5471599460377178,-0.0195955058475212,0.035019014531487605,0.7707874135156696,-0.2692409055339636,0.1302606754040913,-0.6209109808089599,-0.03831425584850868,0.052795212597274786,0.9902291667261477,-0.4355341280617633,0.0006252149467442061,-0.24644191947364713,0.8572335791913303,-0.08680098113087895,-0.24501839176411822,-0.21252629835955497,-0.16029477167524797,-0.7199801633270285,-0.378567326309176,0.5916850201952896,-0.37889963238080787,1.246764006901339,0.8537741671629174,1.0023656619521786,0.2745651943114502,-0.7367887453928047,1.740925733129789,-1.295133332979283,-0.010420043899490488,-0.257885232612792,-0.21142999698448567,-0.4645519029435326,1.8239752176621016,-0.8685006041705812,-1.2921507261792264,3.981841582021559,0.19997911051168793,2.5207223743671587,-6.771535201686539,4.727259033779542,0.8007883546561766,18.547610729809573,5.404037594348984,6.588264146458082,-34.61868865888807,30.221789811235983,0.2610802135437315,0.0
-1.3296624525902507,2.7794454501309023,0.742490493189534,0.9531512902053751,-0.03961587687286105,0.032241164456765926,-0.2981504781044229,-0.5598824732233877,-0.02791640581447276,0.04740746721307239,0.7605130251794676,-0.24317355592856627,0.14721812892150035,-0.5981355565544553,-0.03267983885249545,0.035595615931857214,1.0265369994943412,-0.4652622363853637,-0.0011577200340772307,-0.2501015216984457,0.8520797926917849,-0.0911680492333861,-0.17613991654944178,-0.2340647264967507,-0.15695146982786662,-0.5884600201921888,-0.4271422005874302,0.642573852135395,-0.60993624631831,1.358434765807571,0.8488935624929964,1.2739203174570577,0.3490279150835834,-0.8662414961251165,1.6521058543313192,-1.299602565390673,-0.08195455645943237,-0.41198799992622787,-0.1572983098626574,-0.26230093331158616,2.084532077482785,0.5621488366554965,-1.310519908024371,3.36712232169017,0.04541394026324064,2.634065898850297,-9.36917692880044,6.259136203017783,0.2497777642642811,15.249427429438887,11.48688117529235,5.714567264014602,-30.778584899778366,29.99238045983939,2.5174200366689985,0.0
-1.3347117725842161,2.79642963140217,0.7407113445014449,0.9527401345866761,-0.04161755911535083,0.030275420102383366,-0.29939541355650057,-0.5697623013800323,-0.03729252885809626,0.0607660248911535,0.7445841288066468,-0.21432945315425694,0.16374279915495477,-0.5698522262888145,-0.024111939294609246,0.015594800646018201,1.0598777224311056,-0.494385715464986,-0.0052683086212946045,-0.25636108240844663,0.8475949350071313,-0.08851281614352494,-0.10259794731832281,-0.23238617061710692,-0.14630429716183074,-0.4480964795550335,-0.48435258119637303,0.6883739104905516,-0.9221552636999079,1.5125810772031165,0.8192131198330372,1.5298422622645549,0.5537221407517439,-1.0128640320378894,1.5032495597020166,-1.2702472284690876,-0.1881946452840533,-0.5961650752734448,-0.0981487945475507,-0.15238210082085055,2.3239756166003165,2.144391350020002,-0.9021271483453358,2.366751290090925,-0.5081942544251221,2.2737107712718525,-11.676451649055954,7.478047944988612,-0.4253593562320299,11.558419401977572,17.69207803337654,5.016944099909098,-27.966842098947527,29.145207007299607,4.794553100276329,0.0
-1.3399134141876332,2.8133192279807178,0.7390464611108939,0.9523894823612518,-0.04294028551765936,0.028203007241493896,-0.30052453502146154,-0.5767156207416416,-0.047746914028692466,0.07485991896249253,0.7217685521826579,-0.18212519186968096,0.17947862156185249,-0.5362314015483723,-0.009819519609758657,-0.007018379521048706,1.0879188084069675,-0.5216425751600824,-0.012132671494512541,-0.26537884518260574,0.8430815696255173,-0.0825132465985248,-0.037003003671885686,-0.21344655709754273,-0.12791850494695045,-0.30812998228741945,-0.5389418912088376,0.7189425047344435,-1.2794312080572627,1.6838113981372358,0.76715070518765,1.7750978916623148,0.8920492402401242,-1.1407957120117673,1.2215993043651618,-1.1824360847853652,-0.3110619856684327,-0.7693669171266329,-0.040565582726832417,-0.28614306428101843,2.2599839906612225,3.418632531043998,-0.4087077894068784,0.8025971642123377,-0.8421358299343187,1.661062439416261,-12.106099274815751,7.213659971703619,-2.310109325868441,7.099559428111355,22.233731154576592,4.48714380623651,-24.85998822711866,26.91517169589689,7.399385186948153,0.0
-1.3453081256830484,2.8301157182509744,0.737545721658772,0.952116248353942,-0.04363259712912423,0.026163195268727724,-0.3014736029928877,-0.5806504781746396,-0.05916479642164689,0.08940925962372526,0.6913135608560792,-0.14671542969516127,0.1930620393711078,-0.4974573151375945,0.012214099174089135,-0.032515024530932954,1.107649759148142,-0.5463044625483202,-0.021959043818878768,-0.2758434697179326,0.8390277583943028,-0.07505450865822397,0.02058480200443405,-0.18698958474165098,-0.10488089977120628,-0.1623206638399228,-0.5880227160669911,0.7361745615901336,-1.66280100253349,1.8235056861688625,0.6133216622265196,2.006126425531544,1.3034476009105,-1.3002066973411617,0.7967102365729422,-1.0691646989388752,-0.4413101207011141,-0.8739258359607565,0.0820786648821965,-0.5540828594896149,2.430352228454543,4.27648556755673,-0.3297417126288716,-0.7325401527518087,-1.3636870553697276,1.2318878984949497,-11.009859730606793,4.388700869076591,-6.8438698886926295,1.7066323454862755,23.695815820491365,2.7093175907548934,-19.440491019875733,23.831718618942894,10.260091865485121,0.0
-1.350910634949148,2.846838171123083,0.7361842648673825,0.9519673572902952,-0.04372770069475241,0.024249526943156123,-0.30208938956659076,-0.5817615486033721,-0.07168311334723783,0.10399628800655684,0.6534360067340766,-0.1097564487020267,0.20247144031177472,-0.4534880516464657,0.04258915484927626,-0.06194882171258886,1.1141626669558622,-0.5682961905169708,-0.03354982737248263,-0.2868216929452372,0.8371682716815945,-0.07089064441662252,0.07927294737390855,-0.15152707649852348,-0.057797096789742874,-0.05170784792952224,-0.6524654352933102,0.7455742118374141,-1.9779214877343512,1.7414935305741797,0.4272716687914206,2.2345821275250506,1.706922430181633,-1.5155540564889627,0.1003935190306993,-0.9619454375097347,-0.5077939544945046,-1.0085900577749174,0.49599232135369004,-0.9309766871665756,4.1772627048560595,5.782539662413152,0.9893665434098748,-7.9604005613001,-4.5742903250178015,1.9564365023712487,2.8538139618493132,-34.96669470629058,1.0499255891873405,-5.734313557542084,19.889424149597335,1.411207615394539,-13.087625430322063,20.205493261341623,12.161756135961701,0.0
-1.3567084427565221,2.8636293486326276,0.7349392664154529,0.9521048531795114,-0.042860561871618366,0.022518490593158413,-0.3019142897735656,-0.5821126223714547,-0.0869722420391311,0.11830754863752785,0.6127363285630989,-0.08584753823164593,0.20826164698527622,-0.403900106199481,0.07940946600484994,-0.09595148656542525,1.0991902264323272,-0.5866859353959311,-0.04504406570829162,-0.2964593565982933,0.8485111340161848,-0.06536565129047343,0.20616148987673127,-0.09257824549624627,0.05055416803998646,-0.08151223522354822,-0.8796977452293887,0.7169683176994532,-2.0040871183893643,0.6736651633077084,0.26758953941929925,2.4721824447451475,1.9382409096943984,-1.7255180477683738,-1.0321797154986732,-0.8086113799190049,-0.48879510163154205,-1.0500396464313793,1.5402156624237722,-1.094931528966944,9.72033633130927,8.17994644574413,1.9788315818180777,-13.620708243650293,-13.786504179912244,2.6024182729868537,7.334831454543143,-58.74218627822952,-0.5847661820822454,-16.135427022165153,9.257517991307731,5.911429826524815,-2.3841225021210164,14.986650849574623,12.346910891277881,0.0
-1.362656986338863,2.8807536233023834,0.7338919388558252,0.9527432440892442,-0.04015537019840075,0.020933921327378688,-0.3003824695690349,-0.583078390519859,-0.10581187538373403,0.13563840102597471,0.5710848735547941,-0.08490593373751393,0.207130831076472,-0.3474208098224204,0.11934539604096153,-0.13221171597287024,1.0512905281988028,-0.5985870118438322,-0.05613692657295341,-0.3034259628017698,0.8724445956863512,-0.05743097267838943,0.4234721238908538,-0.01762421951551057,0.21501205153354846,-0.11444592877994558,-1.034112153187101,1.0213703783102999,-2.09800352215184,-0.4725279120624916,-0.15645728344118034,2.787262534721832,2.0058362258102735,-1.7527789262227331,-2.714638589787869,-0.5162746789941948,-0.4699960062611803,-1.0648957471005505,2.583628696192156,-1.6611723528400044,15.750668154985071,10.226990755129144,2.5544923602567353,-15.240731145285807,-14.693187147734532,15.327333353313763,2.6710780180055167,-51.15932375963064,-18.742125035289277,-27.357428275313314,-2.515496515473623,15.222146755258963,19.61163525844958,6.451010261100567,12.06361173425373,0.0
-1.3685905832874035,2.898539899932077,0.7330470162872338,0.9540429820170326,-0.0342731983544112,0.01929514671279667,-0.29707748762223524,-0.5852440615301041,-0.12773438752489116,0.16245335084874046,0.5287338217256922,-0.10652313542849395,0.1807296304258392,-0.2802507908843999,0.15942268884884364,-0.16079289698221053,0.9533541285591454,-0.5993563258246765,-0.06750636992641107,-0.29774555745642234,0.9190745997200755,-0.053827500634672155,0.8170939029417353,0.08739206216138468,0.40487537888931713,-0.2027907676540373,-1.2454103415089395,1.615912078279157,-2.1224005815495586,-1.6311228316236073,-1.756759784478033,3.3092669794033713,1.8667299045433636,-1.116301039317934,-5.251572287947374,0.010061266321154425,-0.4921570820151578,-0.6528198846501755,4.391024266909547,-2.8791452791498897,26.279140129853236,13.916139472920872,-0.23126011411524838,-17.70681291540575,-23.347036115965516,28.08973726429052,-0.7065804462736198,-57.16215661117441,-29.688961356610193,-41.56347963738071,-24.427804655615002,35.515053122499914,58.02930769703865,-1.6099140300172943,11.565980127152457,0.0
-1.3740453010755134,2.9175384342060693,0.7313302866848201,0.9556423538731452,-0.02340067644529228,0.01719388778725401,-0.29309464350011116,-0.5969155799364579,-0.15561031694685,0.20028952640732328,0.5035293544328728,-0.1600641984584189,0.10453038036644416,-0.19673310514634496,0.1913530878790214,-0.15787467255395146,0.7812333941237104,-0.5463385192222453,-0.07809311917429478,-0.25898473537684036,0.9972520971820595,-0.14377205010035327,1.408830692346224,0.1962143429076551,0.3242892771547488,-0.8388232395601873,-1.606342473923944,2.2494307359887675,-0.9589867720932055,-3.2469599246869842,-4.296932106925957,4.1134196643690535,1.0775187815767253,1.0245859586835873,-8.886449438455413,2.7432559247418293,-0.4625338845723725,0.8462740991855401,6.574642595480927,-8.27540044179343,37.51119695055498,15.647764987381898,-22.79025622290189,-27.036480247855014,-28.889550654817008,40.43421459400724,8.96483800906232,-35.884602440855225,-5.189839206884194,-60.34273982024916,-76.59968068986284,78.38807181578379,130.92848572673566,-59.767060521304245,8.76784015247218,0.0
-1.3795895110619263,2.9387528013025026,0.7276145593620855,0.9557993345986325,-0.008100356990499706,0.01766885143384144,-0.29337659737349175,-0.6460156217927407,-0.18995441763732424,0.22417630870181493,0.5445254696437412,-0.22151814382638024,0.03704440878752744,-0.14651314196333443,0.17835986784447136,-0.14031493806801887,0.6385415912315275,-0.5484882157840456,-0.11107322078173723,-0.3257970292966024,1.0667573868141165,-0.10044508022793845,1.0561808501607768,0.7369479572683268,-0.5502747285159924,-3.03053497039873,-0.9668321743641531,-0.14511471492622707,3.068748555327016,-2.4860382118977853,-2.6040818144016273,-0.970974677010564,-1.3266780665019016,0.9606682510258026,-1.3272257164491261,-2.2961219884572746,-2.4156535779673023,-5.580376415420491,-4.904575867813002,18.265733385124342,-74.14811567794739,13.799902222563661,-60.183145964851676,12.03544533008617,140.89693562299126,-137.8478743216685,10.681095054147294,72.5068070559817,70.10372895041267,-414.8847069661549,-14.410660993586594,-16.176888545715588,711.3287766913144,191.92281344598013,239.2070735724331,0.0
-1.3862051822488286,2.9589429873020405,0.7280174932112314,0.9543032219255333,-0.0007441664707057248,0.021408685222346964,-0.2980712583189829,-0.6976359108942234,-0.1987167461942689,0.19360112656503028,0.6077089428944148,-0.24588608365379858,-0.004731650476827283,-0.20135216573692552,0.14711863831836663,-0.13472693401824812,0.6815767491095123,-0.5660254052366399,-0.12943018064459821,-0.3088645896829378,0.9515063597036766,0.10195996182163225,0.32818102597086596,0.3163672057836918,-0.3003245649912381,-1.7982364809700422,-0.015747857907421295,-1.968993821577391,2.718361202221577,-0.7253088459062355,-1.6743908527557767,-2.8568116579721825,-1.5508539874445795,-0.08683478840990899,2.84309774177284,0.05647447644916778,-0.15205524134367915,3.758276545915307,-6.844146399152073,7.862691263904115,-23.536052497005983,-35.847093157057664,25.906332428579837,107.44427840117619,47.3359119976594,-4.772634945115552,-75.58957023409033,29.74792612680198,41.7862128188398,60.166125956430605,10.556341666428454,-28.42891313630184,-41.65444378915103,85.43967377259136,56.55140666745712,0.0
-1.3919443045736537,2.977689854644757,0.7303509304352909,0.95331195207434,0.00312033501541215,0.02236885550565455,-0.3011415279315864,-0.7295564031626598,-0.19356590224324396,0.1576751132192643,0.6746678123579164,-0.26458309946786457,-0.016498614979004327,-0.2565775475352513,0.11558258550716055,-0.1332829292637421,0.738069842168141,-0.5568934925879232,-0.12801581345646496,-0.26044173277663274,0.9232434626504469,0.13502207493483293,0.39210595596926257,0.07827009829592096,-0.29009261262275654,-1.1241363142557799,0.46894048556328205,-1.4670008136396486,3.0803982330118034,-0.75861678984569,-0.28095556026055885,-2.4080350049171906,-1.614133622920169,0.20187110884914286,2.4183888593682306,0.7108338966284856,0.2682703047312759,3.3240116173781877,-1.6830810172831046,2.3961621020650394,6.447875107175811,-16.570254557941066,5.200378940293476,67.80211642127028,22.271249011441387,44.24573526818398,-71.09021562493558,25.066243476508063,12.536524864389808,52.568659426082576,-4.957084491629039,13.52789210133149,-63.80327587531987,22.79622939072263,21.25623219606863,0.0
-1.3967654060402357,2.995733421731877,0.7332256966464868,0.9525562299460069,0.006476248147953261,0.021137996166094054,-0.3035586798611749,-0.7462898096340199,-0.1775449666331342,0.1352634349998591,0.7429064468956655,-0.28818805630163274,-0.015726407468589592,-0.29587606457803406,0.08540114781847616,-0.12694224750783561,0.7728829128705199,-0.5388253095468831,-0.11994178929848315,-0.22194349264570798,0.8874996997002376,0.15672367587389643,0.365615076481718,-0.09959198247012452,-0.1972599524500796,-0.4148245909120237,0.9935098164327397,-0.8694014286916294,3.0308280715873437,-1.0330798659972764,0.09457893203526542,-1.5882368106843219,-1.4730953088873155,0.3925929203679787,1.1986731654578333,1.0321867255105048,0.5196011683084406,2.2401614503499245,-1.4237301577481847,1.710856981617265,1.8276061261422263,-9.426158312003977,6.344949113648737,55.25823969605886,15.48046144458029,23.706228742172666,-75.56122734101376,27.621162980774507,0.09591730416408142,40.711050752467585,0.8353993479535664,6.639324148305368,-56.40416648918497,11.871864074080161,12.395145214324423,0.0
-1.4011223151687247,3.0132389481092376,0.7363058513627999,0.9518659270648683,0.009045422219268458,0.019484720543485462,-0.30576098981910266,-0.7514093888315139,-0.15182424003299477,0.11927351215400685,0.8045045790171006,-0.31475723571629033,-0.013594104039016905,-0.324202362514415,0.05929662641851343,-0.11709218885090784,0.7880871133009885,-0.5158503575883013,-0.10844296182129792,-0.21188594365840335,0.8682499843598611,0.15591446196428155,0.2720377680315775,-0.06678897170101736,-0.22973329006290638,-0.001352219838649013,1.4412564366954563,-0.7677085566955613,2.6434822774246856,-1.1571398424828818,0.10069334646143506,-1.2812353637654463,-1.2235671772040442,0.5499105481250481,0.43841207628480444,1.2316759924531508,0.6305365935290503,0.7961247068456004,-0.5681473638203989,0.38804391226866664,-1.5420443220183546,1.3059340459005364,0.892914818043432,33.900980405104896,11.19925113435449,1.7730817578091194,-72.46316426010748,28.531567144615526,-1.0899829317622958,13.841708024934471,5.4408037562719676,4.465781265580478,-32.012500804375286,8.051009677674582,6.359369852610162,0.0
-1.4053573782644477,3.0305559317194812,0.7390726198644113,0.9510115421777265,0.011037490253254983,0.01871337999095219,-0.30839103401844653,-0.75171051716409,-0.12021012351265666,0.1019094870809833,0.8636321508544484,-0.34384166246517045,-0.012898335428559579,-0.34998006097994006,0.03730714582802282,-0.10476551617226483,0.7937044846591493,-0.4903300703745595,-0.09451890841982029,-0.20850504923760008,0.8664802861081521,0.12946069237132138,0.20406725487791105,0.023732040837700037,-0.2856213437018432,0.1227692184416962,1.6222872871390062,-0.9252769174754963,2.6756126463985006,-1.2592784281071772,0.012540743616551667,-1.278437906650716,-1.0521071733103158,0.6556339354983467,0.14863015421494122,1.308403953618248,0.7449071823306505,0.5514819087504962,0.2429273241099513,-0.6887586866365302,0.09688548805230074,3.6839389802548546,0.2841610595498366,23.315093520350953,-0.32809525169809617,-3.849080270731851,-60.61767001731056,31.810286366452452,-0.9566377334329407,2.112183890712335,1.6533246205580097,3.0476510289075502,-14.560053250689457,3.0375770136325158,5.064588766481364,0.0
-1.4094421839310687,3.047923543268453,0.7413180353682022,0.9500561759521473,0.012752712063150779,0.018761285081160452,-0.3112533454475978,-0.7485386103379787,-0.0879015807931075,0.08077882214021023,0.92049677187118,-0.37685573246831766,-0.014973024027033861,-0.37554500424069354,0.017687701753937995,-0.09096633361486357,0.7946390086802391,-0.46373123828487434,-0.07770358432668036,-0.19863010399142142,0.8725013994443767,0.10288498815417813,0.16448592771178241,0.07981451580761534,-0.29018904946302637,0.30492905658359465,1.5632575190036921,-1.0974176420535187,2.525802500759857,-1.464804558464555,-0.09852499616286672,-1.2710028087140084,-0.9690453549448967,0.7078450039981823,-0.034638464881919406,1.3432207435902823,0.8804319695628513,0.7460554930833361,0.6207888815685632,-0.7790903295164683,1.132437637205814,2.454920217363259,2.517114593514821,22.389746909663202,-8.789909507500099,0.5971429712832781,-59.75093582698295,33.8066704965472,3.0910042462873295,1.090950516238388,-1.6262217176705631,1.118482160128581,-8.451513774538885,1.1412688405037732,2.1768256881844152,0.0
-1.4132634195071256,3.0654689171478102,0.7431152590349523,0.9491279297102398,0.014304967434360402,0.01923991280522293,-0.313976697711635,-0.7406204278416145,-0.057575234309802506,0.05848179181498758,0.971399838086977,-0.4131482777511353,-0.019805481739849116,-0.400530324905354,-0.0008409255675097599,-0.0763554017655451,0.7922389454607363,-0.4364520408764833,-0.058635894470138596,-0.18364955618065845,0.8835175160211631,0.0828101497452704,0.13828446534619343,0.10285243552724654,-0.2622260298367265,0.5469519641939528,1.4360798778803554,-1.0779961033675884,2.215033259502074,-1.6126174524410988,-0.22298316578267643,-1.2301077662684727,-0.9307758251949438,0.7366282970754175,-0.1872741574960855,1.37875096607205,0.9675850978700348,0.8852736585599021,0.8568544489890225,-0.6065485002812119,1.1499402739899216,1.3138715808290868,4.121757599538832,20.295797794157053,-11.818734159552296,7.77164531591134,-54.774811873054155,35.591141605524875,5.410544572120497,1.9970818935502155,-3.043214462125475,-0.22047355622971976,-6.9548380605821,1.4234051308867899,-0.5648232543621121,0.0
-1.4167614548924121,3.083280270533343,0.7445896558922517,0.9482836021871083,0.0156462791304512,0.019910786469067545,-0.31641264885367215,-0.7274945369192313,-0.029754842284658443,0.03827132464663429,1.0144792204074964,-0.4500024048306157,-0.02567020656450597,-0.42433909467738157,-0.018673839748600193,-0.06124033077459866,0.7865637128182825,-0.40811846283381226,-0.03883160257329601,-0.1671603371163767,0.898677911479041,0.06833866921289061,0.10743813525275993,0.10864482881516013,-0.23117890855225334,0.7875218583987553,1.3072365204155625,-0.9314626948641784,1.8532186301658438,-1.621097119387251,-0.2572530793723244,-1.1623758297034967,-0.8963536384971562,0.7571148782677308,-0.35647541864230287,1.4439836378451627,0.9864842439577638,0.8784628843108401,1.0708424484644037,-0.5264445763991589,0.4861845189690522,0.8773498085399933,4.365870030774451,15.989412512845181,-12.690255847756914,10.449436840614414,-46.29669019087335,35.55531914868693,6.098755319563783,2.5652154287619897,-2.9669130525898777,-0.8365872985225613,-7.330941708776028,2.6969677844805755,-1.1818501228930232,0.0
-1.419911384573207,3.101435668799674,0.7458266865553503,0.9475342412855423,0.01667074888014049,0.020617168858701008,-0.3185527900858173,-0.70936019842339,-0.004703895671502494,0.021429657389184703,1.049542949121946,-0.485288352902619,-0.031578817160910815,-0.4463493838081997,-0.03591552893143599,-0.04583201922851881,0.7771666178152327,-0.3781753807291659,-0.019182178450791683,-0.1496327224540568,0.917537287945368,0.05706395105824275,0.07143760249705883,0.09535752435481729,-0.20134536363804442,1.0173676876762816,1.1607700498278097,-0.7608988766502084,1.4986685466148029,-1.5413049908414225,-0.255446971606834,-1.0615279844164716,-0.8672376489570532,0.7676772193997808,-0.5500249133060255,1.534307939886247,0.9782648282818217,0.8459205765820664,1.2593206982364895,-0.5667239934593625,-0.15248820603270427,0.3579887195030361,4.303447591298074,11.94611691372326,-13.59379710275114,9.593088593108813,-36.90686921512096,33.79431972191335,5.953253326843984,3.2326487943831705,-2.8217479282187687,-1.2669160640363115,-7.715459953626764,3.565898682464754,-0.2295315374293839,0.0
-1.4227009958501113,3.120003262664314,0.7468711141987637,0.9468790288754144,0.017265265872752313,0.021214395503323703,-0.3204246630547091,-0.6864378755491023,0.017136958947880088,0.0077577784909241875,1.0767567275952692,-0.5180237304233318,-0.03680958333786806,-0.4659068896015991,-0.052625458907560055,-0.030297753459553378,0.7635012774045247,-0.346196943789728,0.00011264417183483419,-0.13187525483771537,0.9395701571848545,0.04715996028691286,0.02889691033453534,0.06614031879365587,-0.1759145411723433,1.2377157617862398,0.9941721160865242,-0.6182142014746244,1.1478008990898159,-1.4263855360276922,-0.2219442866774297,-0.9299184458020828,-0.8390937275364544,0.7709335986194825,-0.7706386805440109,1.6424304778189143,0.9659709183093892,0.7678175292208123,1.4199354433305111,-0.7114162368406403,-0.8304738365047801,0.007764928225516166,4.016948349404105,8.12314682674468,-13.842832279420048,7.494462171672136,-28.14946517895037,31.108635385272386,5.230169414225206,3.56801323172814,-2.4382174701788015,-1.5976950246573978,-7.877012449104895,4.017021652414758,0.8520127638615274,0.0
-1.4251310032831552,3.139037356633697,0.7477361398713366,0.9463055631323879,0.017315327979500965,0.02158936421157567,-0.32208672738037053,-0.6588885739919594,0.03544238173581612,-0.0035721540875328943,1.0962739710496965,-0.547944334355052,-0.04084697743134406,-0.4824088779160897,-0.06878729453054543,-0.014785875914686464,0.7450015088078077,-0.31191518664863305,0.019044573385315,-0.11439156627780905,0.9639788347430309,0.03726368717830794,-0.0206101907692888,0.02374092436619771,-0.15800332261620806,1.4523997777810966,0.8179551102044197,-0.5211428965094317,0.8030269010539411,-1.3037276128039625,-0.16667323888034621,-0.7703225222070107,-0.8086688308244668,0.7669898176900944,-1.0181509843200045,1.7604667933930578,0.948578470343721,0.6617735832993655,1.5442775641224653,-0.9351468245868577,-1.4639244316321545,-0.18314949176746975,3.558884367707173,4.599765955225019,-13.10504305846445,5.421166723204282,-19.72260423694664,28.205658143776404,4.104222746557289,3.5480502998811425,-1.9024293021499838,-1.8828846198692895,-7.7024760538893124,4.082722168931952,1.028472028867674,0.0
-1.427217050787184,3.158565549093357,0.7484201247106939,0.9457917597820595,0.016646183369831095,0.021700068200694513,-0.32362008396831415,-0.6268827941542283,0.050413523069644674,-0.013745186174206007,1.1086298167743907,-0.5754235706864932,-0.04333116074117094,-0.49518902697614814,-0.08417040691918429,0.00044414471271384524,0.7207860932201727,-0.27507153381279287,0.03773924559770636,-0.09799815112023215,0.9890047855921484,0.026938133352011593,-0.08945896433247615,-0.02580905564534011,-0.14851524105151437,1.6588785268532547,0.6671077694919572,-0.48883034673237297,0.4914503705631921,-1.201671559683657,-0.09588853066877429,-0.5698312549144631,-0.7609587128420799,0.7514570156984794,-1.3291245970702419,1.888987534924117,0.9719505140750345,0.522167636888045,1.5897964473845971,-1.2236025186621504,-2.431367692893294,-0.06004325957845302,3.203154999280067,1.2172343728678536,-10.70188986006953,3.2088057352157984,-11.182042800959357,25.71393258247721,2.7273140748151383,4.2734145643015164,-0.8414015502423096,-1.645522939081912,-9.544139564917565,3.694961106873938,5.689619886909925,0.0
-1.428977096433448,3.1785825924158524,0.748928872857802,0.9453012958051276,0.014999938742392124,0.021535971276716883,-0.3251409908455717,-0.590306909745062,0.06292257811342984,-0.024386512889022136,1.114652448607254,-0.6012617255789878,-0.04406779006151578,-0.5032351503867926,-0.09829366861490739,0.015153617521498212,0.6893053910443494,-0.23523198948539834,0.05701306625588196,-0.08261276139843336,1.0136170324444351,0.017894192032329663,-0.1843497847306541,-0.08431097580835993,-0.1582089357850695,1.8816755001727954,0.5770043911780035,-0.542710701296067,0.21821660300945728,-1.13697178367401,-0.015187978528366447,-0.33747867729197356,-0.6850244953434321,0.7099230488373126,-1.686909417314713,2.0622658004518977,0.9145070719426549,0.39023672828264516,1.6564480939951167,-1.3807225520868933,-3.473299132882861,0.1789818961786066,2.1050695517691422,-0.8796623144704503,-6.638586754867602,0.9547868167021535,-3.4947367380664405,24.017886637555584,1.118312287161742,2.32135313155666,-0.05024327727796929,-3.760626745645068,-7.225477776073749,6.959624035277339,-4.1867199582228825,0.0
-1.430425768199494,3.199101024080908,0.749278959199723,0.9447870173225184,0.01219706690942893,0.021136222957070953,-0.326775126863621,-0.5488586315774417,0.07416461308656475,-0.036892248530183254,1.114279015052642,-0.6261098265115093,-0.04344142729339504,-0.5062885571959167,-0.1108859663909621,0.028670544859646593,0.650093847361048,-0.19159004790046266,0.07390131977313417,-0.06787920537242417,1.039812228677461,0.009451630356959485,-0.29082709314038,-0.1390816864250972,-0.17712348460847221,2.1142649308994006,0.5453562689715274,-0.6526499329123061,-0.0799757559529384,-1.10037389618137,0.04083835262347626,-0.10907265855734824,-0.5947261678711381,0.6396121928597172,-2.040349411553473,2.2164794950338202,0.5547961367300285,0.24115959214478422,1.8437160968110067,-1.5229047312765331,-3.925898904397053,1.2123513215436648,1.467106037463357,-3.956265767482274,-2.6302643596920987,0.25692589394197296,2.612728072547689,22.84326877433182,0.18404038000149955,-2.2169927565007845,2.315259437831217,-4.265225147742912,-0.22782198866372294,0.37856163597110104,-40.01921666043572,0.0
-1.4315658567352982,3.220191454666138,0.7494290151552485,0.9442580679502494,0.008426005654599033,0.020605621007783383,-0.32845260224643436,-0.5020444160461986,0.08481784462890815,-0.05088890330624345,1.1022897998252819,-0.649403461128301,-0.04030890850934884,-0.5052416336855874,-0.1221335148432644,0.040938791946911184,0.604445932678897,-0.14557041281667396,0.08101899162118854,-0.05268647769859783,1.0708287229879832,-0.005099368014487923,-0.364308159188832,-0.17007332575206513,-0.16708834237687692,2.3569621179185942,0.516540878729421,-0.7078247469157808,-0.7269444428295134,-1.0356329410884777,0.16073050546124767,0.07007904443162752,-0.5535085476799363,0.5817775724671036,-2.337396710753666,2.3255663459436606,0.08121234135097666,0.1500837998024047,2.140818285699172,-2.2648301497003693,-2.5393104907280017,2.9742205722378974,3.7399538552074705,-10.622926936893204,-2.5181836975760574,1.9491813906804065,6.579227718937222,20.225383613505215,-2.0453741346877066,-5.887582981313657,-1.0122057505222264,-3.987141692614873,3.1546009570497433,-0.030331902915837095,-32.85333518794088,0.0
-1.4323673057647992,3.2419109185675086,0.7492165261935896,0.9437849783325832,0.00408726539430933,0.020015233242690996,-0.3299281730522621,-0.4489220226758254,0.09476814935629238,-0.06477773042866124,1.0681579893500477,-0.6689777561774002,-0.03533562635349328,-0.5009212053719602,-0.13300376048697993,0.05244178766628363,0.5533288235053505,-0.09773269731974737,0.07754346602771824,-0.03636789074342857,1.1035233350192601,-0.030476592870114182,-0.40727019783599727,-0.18017300875501402,-0.13052311649095824,2.637803948959651,0.47478363917661837,-0.6804683996054207,-1.9238811868858252,-0.864544439208087,0.23501321430278388,0.19305291024126822,-0.553098539400739,0.5459488796688764,-2.5581591219458564,2.3961422592881076,-0.46955984272184853,-0.06392848221597286,2.3335034491930258,-3.337867779708169,-2.1055767205475084,5.118240910190052,6.223604581650209,-20.87071824887296,-3.143224012181075,2.679464077602838,16.110744767591438,15.199397178844885,-3.746204389390702,-12.294729133541914,-2.9766419654850935,-4.594445898299058,11.332916995487116,-2.928346390653548,-34.06255883358021,0.0
-1.4327937676602898,3.2642483914003217,0.7483779273614658,0.9433501164895508,-0.0005248469186946429,0.019488668899828632,-0.33122571464090256,-0.387635265457808,0.10315698696653368,-0.07660813335207653,0.9970370641445219,-0.6782880175691286,-0.027892782646738647,-0.4949637282832075,-0.14363145848242348,0.06409063691720393,0.49913056947088186,-0.049542410739636174,0.0614168460660888,-0.018913901381423365,1.1344023526236382,-0.07243266674192786,-0.4384013965587336,-0.16423177066639993,-0.1107632106639575,3.003628845745071,0.364204629345124,-0.5651776039626522,-3.850850307795624,-0.36361410879945427,0.34897607633889155,0.21247909548262475,-0.5338826765091391,0.567162431932665,-2.6300266084678845,2.3651315856579362,-1.063614849449466,-0.44479820506427165,2.418771356108392,-4.844068058710108,-3.4633081329773434,8.088001079982252,7.717211362043798,-35.64085757481216,-6.368013431868012,1.3881993960148622,38.29366563994536,4.183790662844646,-6.0636977871198505,-20.99919883816348,-2.1880864041350994,-4.461239549144562,22.124870522008212,-8.99827261043957,-23.646871116279677,0.0
-1.432986115309044,3.2870278656407113,0.7466161646873822,0.9426491514206923,-0.0058663416158237554,0.019625821520223893,-0.33315610528932615,-0.31516242358758456,0.11010262513047606,-0.08333726003978484,0.8692150820658577,-0.6557959233077476,-0.010474883341114365,-0.4926365141593591,-0.14585564355174482,0.08621828342072888,0.45261830701751143,-0.02468514433689024,0.041682477670257366,-0.016195356786771416,1.1538255263184127,-0.12501500458480758,-0.6024000863309356,-0.08451426307212717,-0.2064769692983041,3.4887906321616073,0.2965812473809065,-0.30817457382117736,-6.716059828816106,1.2404643402594278,0.8410567991676264,-0.11382316906305556,0.09821174964596648,1.2689948644571443,-1.9905166902780516,0.6202842611192165,-1.0307031794088448,-1.7215196209618724,2.4320952567035943,-5.58312366683242,-13.382768045449202,13.865791234918266,8.248075671750005,-59.875910991420916,-6.810339951213419,-4.114082769097966,82.35352971840459,-25.31993492098175,-15.319744226801427,-34.49853985903913,12.545220348516983,-1.6835637359740447,41.02148824755608,-51.076135031975845,-5.248357632655928,0.0
-1.4336030975264598,3.3103074408308726,0.7436258856346166,0.9414307573087306,-0.012263544582765035,0.021864962920015427,-0.33627318962992553,-0.25428970450830823,0.11876429030839482,-0.0752021160439456,0.7175910535761196,-0.5217798182428997,0.015029899416112344,-0.5071324022598235,-0.13693067393989442,0.11780043903516155,0.43601859586309066,-0.051085255978180436,0.011354349040005537,-0.05915953023168031,1.1890968752137248,-0.12522154247517686,-0.5993471679428595,0.1589637820891155,-0.15264324570299145,0.3754382445344888,-0.009881606629597639,0.3446990062685419,-3.4827545212579585,5.941193622622055,-2.0291524379251356,-0.97732806903911,0.26198148856027703,1.4438833967173872,-0.5699411673205872,-2.1745295025994356,-1.9330982638988983,-2.427310382120695,3.760920832091,9.902162275115552,30.382216657106913,16.809337644079093,36.289462855388315,-426.04951720516846,-136.08264446080642,-49.289039763179964,809.2334448590511,-762.1420955569135,165.18045578310716,3.9648024969586304,-63.37878604432868,-29.069931058910353,-28.26492267252462,-79.15878143342594,-44.73886728276447,0.0
-1.4348668547980707,3.334500660517414,0.7426361110377747,0.9408060568442902,-0.013058042446576679,0.02483404723869274,-0.3377820614394858,-0.2890032376154348,0.09966577099009147,-0.06701853282544644,0.7297169778483952,-0.4818744809085569,3.908095130988323e-05,-0.5371454935034089,-0.13989067216401105,0.1442403281605508,0.44704726315727666,-0.11004112067165268,-0.007017316443746913,-0.04377450196202219,1.2023082014266226,0.009845334737108092,0.12635660317747927,0.18458930776937313,-0.3009678116848601,-2.169404148109508,-1.3881146904215982,0.677959054731753,1.7960526894970483,0.5751219307249422,-0.07374258887448605,-1.507924652211719,-0.48511529924785535,0.434122556597365,0.9923798387509871,-2.7998035461392705,-0.533642932062813,3.357000444668553,-2.340791502098295,6.228106773440762,28.911176135696195,-16.838500573375985,-23.774900712061815,26.040080490696884,-26.63576792521022,42.54658793234824,8.251609318462908,-55.68991181356846,52.10138326363222,26.632443620384603,-23.022788795047017,-114.75349990815576,21.22747978622351,48.01507840998994,24.352613769468913,0.0
-1.4363024007638936,3.357938494961886,0.7431347929900898,0.9397055745706818,-0.010852409105218811,0.027072857863421944,-0.3407384902010708,-0.3363943852444425,0.07278296203617306,-0.05280515919248586,0.7667237175869185,-0.47396584042260687,0.0015830044185309402,-0.5828542022237249,-0.14296845863733898,0.1418468882930861,0.5246259918460923,-0.1707627697761653,0.006995047014726247,-0.08076826434389055,1.136301503150968,0.050837097582345926,0.11060049158690452,0.2942110655737898,-0.300901372399333,-2.2005372240506578,-1.2502775267868285,0.735432495656545,1.4566536663592504,0.5244863046998762,0.24354625442346375,-2.2140954521164664,0.13794024628703072,-0.4515956142405364,4.415533895249002,-2.4159266939226955,0.8151642702527605,-0.25633991024725056,-4.520631488216925,3.643116170529889,-5.366975403953093,-4.549833559638327,1.3455348976128194,36.13180010461229,13.639602439605593,1.6207870898492358,-65.30097498185889,27.91788465055464,19.248732846807584,49.36176666309858,36.10876054806057,-22.555792872443615,-44.21521677064836,79.21074808777651,-11.870312860856698,0.0
-1.4380285877190637,3.3797123762344903,0.7444793212935307,0.9390606168166116,-0.009927492717267205,0.02904319486330929,-0.3423785852889832,-0.374283104079189,0.05006832522022597,-0.04044488862882539,0.7855331594307955,-0.4585685081515613,0.00996536058223895,-0.619565308685993,-0.13486897290767572,0.1325078465403922,0.6171450025011389,-0.21328582668045487,0.018389082457105414,-0.0868003040805905,1.0481955159686702,0.08706700024655617,-0.062280481003823135,0.13688064818162649,-0.06430729613873976,-1.5882389629121074,-1.0325817837611067,0.5089846087846939,0.4790433141496461,0.9855121902505581,0.5374709117994169,-1.246997694880667,0.5975089303085657,-0.5082817709779845,3.9879799443982167,-1.6717352856812697,0.4536595675907392,0.10555723577630186,-4.4715981545255925,2.4805773789285155,-10.262787625336925,-10.074844131841362,11.228564290866823,35.500666476202206,12.002964725073198,-12.539422220731534,-50.650904534840656,23.303265695616002,10.786053705455394,78.08279373466141,20.852220274444292,-4.415329088680502,-110.18483562804644,47.827679875937775,-9.561339702563144,0.0
-1.4398650107122295,3.4000101533681986,0.7462365894147194,0.9388845350832953,-0.011072326281902632,0.030360663967529736,-0.34271192488091645,-0.4020326418519278,0.03244851666102787,-0.031006712464586413,0.7894476459081121,-0.43615100899119164,0.023188668012780474,-0.6361600159792936,-0.11960931983622373,0.12490049494492443,0.683273706073869,-0.2380689979265028,0.020976762451303605,-0.09434611838778781,0.9886973411184264,0.09012644764170535,-0.22621236620353768,0.03707620143746631,-0.016492949811755395,-1.2197376132319808,-0.7670923886591765,0.4252680917770934,-0.02105520171965406,1.2146179837784545,0.7174165459937978,-0.41612016913221206,0.8463358439078484,-0.35683214200479346,2.5093476438927946,-0.95305099614651,0.03416143400565637,-0.21875078960483624,-2.7594656797970023,0.2571665067291182,-8.057571239817971,-5.332725896006671,2.209565220359086,17.858464732948917,12.048367153268057,-5.6327203180717484,-21.96300828877245,8.838931447947031,2.2959179060449517,47.1731441617977,6.226823891712666,-1.1333196377591737,-96.13260827034358,24.81813519859614,-4.422515422601929,0.0
-1.4419766954313273,3.4194267422250713,0.74766475641811,0.9386952333752836,-0.01367410089037674,0.03176841629040596,-0.3430088126123913,-0.4262056562249081,0.01976031906167078,-0.022571220539080786,0.7883203753188586,-0.411187561584792,0.03820599373264086,-0.6431332467099093,-0.10152094223234631,0.11921098208383299,0.7291982176733569,-0.25573391894133957,0.01384426751213857,-0.11240707399789554,0.956785804147182,0.05904807474024346,-0.3442227929879188,0.03878656053370755,-0.056095306088893744,-1.1783359227710066,-0.5356131768137514,0.4086622413765825,-0.09684255123850968,1.265778103976454,0.7408392846533788,-0.2054383647016346,0.8960407161176472,-0.29162582461960684,1.8533890792706227,-0.7199015340970539,-0.37048971775446604,-0.6053488142176916,-1.4829952775085005,-1.2237752816963852,-5.489976678516505,-1.2609726092736713,-1.5271024662338437,4.381175303507023,10.025437649710579,-1.8238512158202045,-4.471300899441977,0.8793772098325927,-2.04767630127726,19.982276771562347,-4.444595460324518,-3.8743004767506526,-61.38710895428127,18.371835253535316,6.794575805751556,0.0
-1.4444371195626036,3.4383382785383856,0.7483784097779205,0.9383317398938973,-0.017013639034496975,0.03349129845818241,-0.34368941636611644,-0.45027227060699043,0.010657339518317996,-0.01404434521540511,0.7869358698969967,-0.38612433922119094,0.053430980939484396,-0.6495299637731751,-0.08434920049394985,0.11278968683775321,0.7742264522264086,-0.2783501589349454,0.005712583762507631,-0.12898584863302592,0.936291747280701,0.022088876063503366,-0.3975659907415934,0.04451245049120144,-0.10527636110606943,-1.1899671923635857,-0.3915732927447611,0.42917791939197025,-0.07638682218502646,1.2429033278683204,0.7672645854537503,-0.2599463532864002,0.7946191938117173,-0.37616914743458696,2.0932680543357707,-1.012702835257696,-0.35235556051061867,-0.4823192138620236,-1.0165301044056823,-1.1889027887311463,-3.0914174187466776,-1.4547767275238626,-2.2214715973484123,3.6313463445789504,6.749654707448754,-0.19176953580540607,-2.4653209576627466,-1.3284531732650942,0.5765463281539408,15.485240291937156,-8.78499583974378,-6.240165686661809,-44.230742176006856,24.775167410698593,7.84724914519322,0.0
-1.447143879359439,3.4568652464391927,0.7484424348295946,0.9378088626573127,-0.020788391389920204,0.03512064714357286,-0.34474471721700806,-0.47367456667813584,0.0038510415217094173,-0.005080492950714584,0.7856159946721051,-0.3617935034738633,0.06877966709764897,-0.6545576888358384,-0.06972693175169802,0.1039913766300071,0.8216672050298889,-0.30856915724889505,0.002418310857402519,-0.1387551800331613,0.9184240108849548,-0.00724885046595754,-0.42137416727865556,0.004967543203715704,-0.1457482607934095,-1.1297127895299295,-0.296684495474999,0.4554797657106733,-0.08444755090391773,1.2019588076929741,0.7721166742916065,-0.11637560069906988,0.6707281150230381,-0.48506769506421266,2.156948900619069,-1.3678878743648584,-0.10590119081096579,-0.29170548513362393,-0.8121796633071605,-0.9031244301817672,-1.6596219621977113,-2.575768251844598,-2.3465897270570197,5.383397433750857,4.805604362856085,0.6057174044302407,-3.294002686836824,-1.120101290385538,0.6660770171674439,21.176663769965533,-6.927810732285463,-2.982553908776766,-47.07793737569762,31.03767171720465,3.515150941615238,0.0
-1.4499827336172462,3.4750915790069454,0.7479605326317298,0.9371983234126984,-0.02476963342207954,0.03626600604905718,-0.3460210176532832,-0.49551742844137786,-0.0019151899587434265,0.004307733626394943,0.7839180101075824,-0.3381625924779146,0.08414531040399259,-0.6551368677904815,-0.058157344006467465,0.09290282611690916,0.8678710880656927,-0.3416361157889561,0.0017093306892280874,-0.1436230806316685,0.9058487712054046,-0.0337905282979107,-0.40610114843089296,-0.052455169442234065,-0.16295099700034463,-1.0462623572223264,-0.27355693378643714,0.47960003879321234,-0.10600461598757754,1.1763868642008422,0.7730559959903514,0.14053426953503956,0.517489273779768,-0.5704189932980346,2.0677608977498796,-1.4520617642313751,-0.009919016173850095,-0.1321140339030436,-0.5616976221908269,-0.8580592474856966,0.1309970796944796,-3.207784413296818,-1.558207775335201,5.860608256509132,2.0246174411362596,1.1829479079692256,-3.3552416246572827,0.08819976251204961,0.9386199383513829,24.106483870117543,-5.579189750414056,1.8775931643671422,-46.95979598461648,33.45928174128673,1.28720046232776,0.0
-1.4528809122438755,3.493110771302791,0.7469943347471614,0.9365703628248777,-0.028660703236355698,0.036726063289542234,-0.3473697106014383,-0.5154034879392133,-0.007794541242189855,0.014261665006395478,0.7813035315913716,-0.31479784616810025,0.09991858963689165,-0.6499535134810593,-0.0497025361440002,0.08038659543589675,0.9114982903145394,-0.3739216917531158,0.0016714218697394254,-0.14568570896194152,0.8972355968146787,-0.05681963846542832,-0.36144306446099117,-0.11335572761745234,-0.1664598019486777,-0.9448059376851191,-0.29769837860264825,0.5130106958530167,-0.16356591587428937,1.176092890674367,0.8006060168218666,0.4362164320233948,0.37541095838743865,-0.6142741604196746,1.9521730068247285,-1.3955937901440976,0.001522645439935298,-0.08588560260592916,-0.36565347894882133,-0.7831342013381,1.3498522773286423,-2.915364643937846,-1.1310564882987704,5.596483394045287,0.35260659329825045,1.8650922519409565,-4.144235461274391,1.6277562821254254,1.3081541175713047,23.577344758938427,-3.1230788736771338,5.569820579306093,-43.041687847814515,32.82212464732785,0.22055956685772488,0.0
-1.4558064076627077,3.510974550926154,0.7456345029893714,0.9359623290283878,-0.03228535479106691,0.036448173565205286,-0.3487172280652782,-0.5330212103930206,-0.014337067707516278,0.024948439610954536,0.7769733960549384,-0.29112669428018556,0.11636907626378891,-0.6384869263364323,-0.04365004296737128,0.06684876044283392,0.9523030273746819,-0.4047850726164675,0.0016571417619891452,-0.14719252062112237,0.8903187361776551,-0.07467651720359444,-0.3069731304676333,-0.16827061656297523,-0.16609029617966972,-0.8321536103504015,-0.33497015208955994,0.5531164550832828,-0.26321340139968386,1.205593228542349,0.8354261435436859,0.7435079270333754,0.28540891758045844,-0.6592117482295249,1.8317853464817493,-1.3342165236129728,-0.0007841502860348649,-0.1528511464842737,-0.2588194335274755,-0.6471811101144923,1.6716060739129581,-2.032349078072231,-1.184977795328246,4.7784286347084945,0.14511246670542172,2.2764296507362576,-5.1086490258665584,3.190312407070085,1.1990936315084735,21.393861321781625,0.9586848053160333,6.839856651969901,-38.626321068178385,31.38864002429607,0.06613950963773225,0.0
-1.4587649863469399,3.5287104005858794,0.7439936005092368,0.9353846613315115,-0.03553640838910414,0.03550851001760802,-0.350045489530811,-0.5482210540014741,-0.021705328627653057,0.0364844769612771,0.7699807356175691,-0.266428171225548,0.13337039975805728,-0.6208445694050034,-0.038706350413217926,0.051841064178812256,0.9906281126621391,-0.4349568273083217,0.0014198783758741394,-0.14956298843939334,0.8844900869486982,-0.08658438747457045,-0.24710721108468595,-0.20888395468938048,-0.16415250024880199,-0.7134909382770014,-0.3769849889900695,0.5975989341850325,-0.4155043231762669,1.2724654230543548,0.8592317138399057,1.0352061959226753,0.26961306463706486,-0.7426038125189262,1.734443940855512,-1.3125810686446544,-0.010122650209484036,-0.27528177849797264,-0.18532553242132543,-0.48308646251340653,1.7663665870093497,-0.8074093783101428,-1.3037347361654188,3.897802592403991,0.259488670127843,2.4629382447787007,-6.707238850592632,4.647337225152547,0.7099874622519312,18.307705460250492,6.067644262221747,6.549506255017484,-34.21109297962101,30.589548544329915,0.23939656859608235,0.0
-1.4617822175191222,3.5463403759402543,0.7422111142041852,0.9348408221533171,-0.03828283526233649,0.0340445114078352,-0.35135172264126924,-0.5607835352673514,-0.030003671654588986,0.04899248604260827,0.7589179641655803,-0.23983937939841674,0.1503961604974702,-0.5974136614079598,-0.033072627872046303,0.034483566733501204,1.0268141657635566,-0.4650431441426842,-0.0004234889029156371,-0.15346547778843536,0.8797777246286766,-0.09096773957325031,-0.1779331862132964,-0.22971314525095668,-0.16066748379462267,-0.5803991174904751,-0.426179373257183,0.6483303730048078,-0.650313914746803,1.384341726692347,0.8511909800473546,1.3052178144667974,0.3538880015364592,-0.8749271452078934,1.6478630540222472,-1.3151832604070504,-0.0849995718893942,-0.4204985531824221,-0.1096439610052083,-0.2825671630837341,2.0642040787608464,0.6489971065137485,-1.2975964073707353,3.279597452821515,0.04020556982976481,2.5833449081597037,-9.366573096534799,6.194798470847382,0.13204899147992266,14.984284911410649,12.080082993063387,5.673299749018653,-30.488307320549,30.33029833092838,2.5843475311640534,0.0
-1.4649012126778576,3.563884352685598,0.7404340712514939,0.9343449165870907,-0.04039371923696374,0.03224298622085967,-0.35260220381277824,-0.5704916532588001,-0.03937026648966818,0.062453396762930484,0.7421561100996598,-0.21048514729322154,0.1669224084554939,-0.5684946605759459,-0.024304963800536074,0.01431898915573893,1.0599947881944531,-0.4944242168008257,-0.004661997872999293,-0.15989869620132316,0.8760482667737869,-0.08864269743567853,-0.10467177398367848,-0.22710189688477345,-0.14912980195929337,-0.44014763183907574,-0.4842285779151117,0.6928205080868797,-0.9636227887008081,1.5372543718467462,0.8179456217415778,1.5602443236735286,0.5679290981428464,-1.020688244186928,1.4951967307710172,-1.2809514604954357,-0.19418650988756592,-0.595678691394658,-0.028363282272941395,-0.19088250083009856,2.291910871886484,2.2361452209572077,-0.8513714202466494,2.21324001485093,-0.5419211463543696,2.18884129853371,-11.562579802625033,7.3517108705227106,-0.5444316947863153,11.278483941012391,18.149649485298113,5.037544057788843,-27.780174236894805,29.378400871789314,4.918284146019437,0.0
-1.4681754659279425,3.581351881400696,0.7387628970845259,0.9339189092656641,-0.041834166333887604,0.030304207970748377,-0.35373299029415506,-0.577271503316661,-0.04982234790615786,0.076632335625353,0.7184959733110614,-0.17782677652168,0.18254356170635175,-0.5342486097649177,-0.009661091907967687,-0.008457891240541995,1.0877779121421083,-0.5218374151074757,-0.011734438583192305,-0.1689854630397682,0.8726113325842023,-0.08314485294189171,-0.039457256355705496,-0.20779624460973833,-0.1300426841039799,-0.30017882110518757,-0.5390833034531726,0.7226848764599139,-1.3207941214981433,1.703620241355659,0.7565521795228499,1.8050115606978314,0.9120705825921199,-1.1492111593008938,1.2086974140637017,-1.188780082972158,-0.3206709652959477,-0.7556481985410255,0.050248015392565286,-0.3344854180737763,2.2367049830376584,3.4829832727273318,-0.37686693663810356,0.6476082055323786,-0.8650425426298022,1.6141923415596768,-11.932432878439869,6.894052302449388,-2.7230361888977854,6.809241694645575,22.48400953985654,4.458849380296696,-24.606028399248785,27.049426891651194,7.596994286774349,0.0
-1.471643118207901,3.5987506925784416,0.7372458101315406,0.933584449445474,-0.04264093492174091,0.028365381787022338,-0.35467905427113383,-0.5810322887010511,-0.06125989219922372,0.09124570988626084,0.6872225194547491,-0.14216423937498712,0.1956840182198518,-0.49486131251274157,0.012788905473258592,-0.03417062727290762,1.1071744428579928,-0.5466046216146858,-0.02179861671455888,-0.17932873837420646,0.8699283565562048,-0.07619567599995868,0.01866432861366352,-0.18110141738510993,-0.10602142138169691,-0.15398771512267856,-0.5902805257490038,0.7386631627439655,-1.702688725020422,1.8321718591535023,0.5873271960692718,2.0353087382675583,1.3250394617668884,-1.3120359132697992,0.7809766462024295,-1.073675085957671,-0.45179306035260014,-0.8389546133650885,0.18988787039793092,-0.6037563155209734,2.446741247054702,4.332843078433638,-0.32342142459194495,-0.832054213655901,-1.4617594337559592,1.2382256572038743,-10.89313560300094,4.191552673155516,-6.649822377391236,1.4022156817512679,23.80897968836869,2.6595343389330486,-19.06886460716717,23.918206768657647,10.48987212459556,0.0
-1.4753183581665197,3.616108110448616,0.7358633919645453,0.9334062943051826,-0.042823244490661105,0.02652765344027093,-0.35526770622406817,-0.5821057887085744,-0.07387713979435476,0.10591799474174753,0.6488648272863793,-0.10619002265350204,0.2048380034855448,-0.4503227889746529,0.04355109924095656,-0.06392214279658928,1.1133251756681382,-0.5687667395925964,-0.033578782639089956,-0.1902886890270704,0.8706517204392716,-0.07145288938843722,0.08307669043186636,-0.14139635678495882,-0.05099921617772512,-0.06602392775823827,-0.671437185095196,0.7431984961734152,-1.966958044565809,1.5742089883209163,0.43289157738063233,2.2564327910534274,1.7182934847127547,-1.5335906523179743,0.08964088160259683,-0.9707080313631705,-0.5154285260083015,-0.9361759437284155,0.761851084402675,-0.8369691749188718,4.896793290447568,6.230580163060678,1.5003082523247264,-9.568231968738374,-7.1783771601541035,0.32286893934938954,5.79013441025068,-46.669702120582365,2.61915711880002,-6.711776731019443,18.686514775273377,1.4303508194545838,-11.993776370141656,20.372413429106892,12.365911654554166,0.0
-1.4791788482207995,3.6335871461245524,0.7346369136467076,0.9335872397048595,-0.04196042619082099,0.02482874030635546,-0.35501791806744587,-0.5826834395230089,-0.08957628375571706,0.12026578645147376,0.6082425694212288,-0.08588349548356947,0.21057610034526358,-0.4002146685962248,0.08062154951590006,-0.09828258509110585,1.0976642234086518,-0.5876146588627841,-0.04515873409646405,-0.19857691997932153,0.8841444235352631,-0.063460143644061,0.2142062714764839,-0.08177404529079138,0.060997336019267455,-0.08920456863173395,-0.9003618835680595,0.7232372316271395,-2.01099616970069,0.4959908227151564,0.2578481894496697,2.496702144222894,1.9518460752851667,-1.7412620486471622,-1.0738829801467351,-0.8326819705332031,-0.49175429539203824,-0.8811186136590623,1.716877996638131,-1.0058205797832922,9.953487102781828,8.293996833010068,2.0274224349991705,-13.209471726532842,-13.715452707805962,3.1531855458427716,5.965842443496404,-58.008123804571916,-1.391341414211276,-16.66046979715864,9.386248816847909,6.259022472298742,-2.3187337076806394,15.253421936877766,12.440152013738206,0.0
-1.4831522821752188,3.651433063486286,0.7336418737961692,0.9343584444947801,-0.03921944974532581,0.02316311676563513,-0.3534113778370328,-0.5835937545463719,-0.10872919377774111,0.1379100983900862,0.5659484649695992,-0.08746126418134914,0.20848090387127882,-0.34319919423431666,0.12089576336282454,-0.13481240736094058,1.0485572264787673,-0.6001104731194709,-0.05639754847095691,-0.20285737452219807,0.9097044692782681,-0.05453366262299492,0.43503010411207177,-0.006762142345917002,0.22912549094223605,-0.10934395496107355,-1.0498303742508583,1.0407365700736202,-2.1373849230933923,-0.5844768721919664,-0.2405772241734317,2.809903235444018,2.023070884998328,-1.764000448217009,-2.774869956694232,-0.5444072444807063,-0.4768579341930618,-0.7751816079907317,2.7649188453941886,-1.6505296662569298,15.982429538911408,10.311062535440637,2.630164999757723,-15.081978140208445,-14.803360820771779,15.69978963440801,2.14274876159387,-51.00054614104267,-21.364363223020895,-28.168000887388587,-2.564353747720318,15.507511663969632,20.644911911099964,6.861985032609105,12.2076846174477,0.0
-1.4870273363247597,3.669970797040549,0.7328544070871268,0.9358948117333552,-0.03321427369230611,0.02125388431104499,-0.35006568782925973,-0.5855060031060513,-0.1309197270729095,0.1655587389431438,0.5224458281780124,-0.1108418163913285,0.17948923239036796,-0.2755788286583452,0.16118315852973558,-0.16325356799537932,0.948996868337167,-0.6012542094592943,-0.06858067979919681,-0.19114366738342606,0.9576342745791587,-0.05138078886147131,0.841437541359526,0.10171409112571148,0.4170395935631861,-0.18581138525327603,-1.2594778456540237,1.6718607310178746,-2.189680235925012,-1.7254398150979968,-1.8956461940112022,3.325551681423428,1.8696515140582588,-1.0969794012679424,-5.328635042948038,0.0008426512231442642,-0.5329713757988551,-0.13233866981149925,4.5558269529430895,-2.956585825676094,26.781484195930418,14.163477929338125,-0.45291269057880745,-17.455239531157808,-23.639635518090646,29.094844221016356,-1.410978296626367,-58.830673635447994,-30.020320805471624,-42.68899365394186,-25.35287678355256,36.56289024159473,59.866448811026984,-0.674692084212179,12.28152562293894,0.0
-1.4902727886249094,3.6897053076979036,0.731117168440091,0.9377000457848829,-0.022145891514721867,0.01861387547591229,-0.34623937855739967,-0.5970861656417049,-0.15895417844890222,0.20478653926463763,0.4962681371321195,-0.16582121653573156,0.10051468120866994,-0.19206184280269195,0.19279676750953587,-0.15913037905514707,0.7759584768405418,-0.5470706273565391,-0.08073344008492167,-0.14285477590537973,1.0329812224095283,-0.14759287485846342,1.4386764272110346,0.21644739385711612,0.3040148042842019,-0.8429875105595318,-1.6118479863982416,2.320460926661019,-0.9950699606923,-3.3141314579434527,-4.430800347691965,4.102192183628984,1.044606345554147,1.110218007908657,-8.90294285936963,2.8091269176283866,-0.5365931056720514,1.6268747324579569,6.492474205478562,-8.574964910017009,37.40317450534557,15.811588535309806,-24.47290613086694,-27.871793922452948,-28.79638981560888,39.68739589347547,10.091818898039692,-35.66052994126863,-4.292263426376131,-61.24895672968829,-78.54125728253977,80.3580295829249,133.8750564817319,-60.65485517636316,10.125562314942108,0.0
-1.4933907860908935,3.711666346966132,0.7273349084311231,0.9377791860635968,-0.006577778454611164,0.018388242825394637,-0.3466825688469122,-0.6476456851608293,-0.19390519873747203,0.22739409841965139,0.5367045229026219,-0.22672016279502766,0.03375531344090778,-0.1428858201777881,0.17915942230769374,-0.1411611541780311,0.6343177556439185,-0.5500321631205334,-0.11474969707840575,-0.20496643142188134,1.107212132031788,-0.10106821294715526,1.0584725293462858,0.7580228630174773,-0.5632090211832154,-3.1325665616139253,-0.9722801791387556,-0.25965061908572884,3.1217837848080037,-2.3920939492405022,-2.5325239021513015,-1.0523764153182222,-1.3413501713240996,0.9577806301997643,-1.2295053740274844,-2.3318979851629495,-2.4879308923345564,-6.1047865809815,-4.606291049031231,18.6090455575698,-75.84941438147729,12.665398603949695,-59.603036269243894,12.613229841958361,144.74286682164964,-137.4996585678448,18.92755480353709,75.99778772896758,69.5565035678373,-413.8585935849126,-13.658996401421778,-18.06506289624232,713.4656168673243,192.26940177560624,252.02482970451052,0.0
-1.4976914511253991,3.7326138353732277,0.7277882038263509,0.935998799251374,0.0009206532595544129,0.02177010530966606,-0.3513281410766404,-0.7004346563961255,-0.20221494547153912,0.19526130970864924,0.6010955747251837,-0.24894967895022768,-0.006928160707936349,-0.19863100081489793,0.14772042008375721,-0.13588026473976392,0.6788642917859493,-0.5679924946713675,-0.13277472424020906,-0.19848478822024407,0.9848776552531059,0.10625044219837998,0.3171417143494867,0.30643538011240046,-0.29863820495041815,-1.8186209388217036,0.020970274367013986,-2.0141591164491714,2.7715245108762847,-0.62758269881313,-1.6302398482482756,-2.8674326077392305,-1.5576562749674017,-0.10730829794687728,2.8870407927817667,0.04812655786187722,-0.10358110672308231,3.108535375560289,-7.449556235422493,8.007686552033196,-23.742875709395005,-37.244915745016286,26.57279378903439,111.51188427181599,48.35075754601517,-1.3128591342007603,-76.99573619458822,28.034006704025764,40.80241354663114,63.988059341302254,10.852496035727928,-28.65296316749538,-45.559003602667794,86.8488669289821,57.74973948760306,0.0
-1.5012500534288573,3.751970655294004,0.7302112299927689,0.934837370785469,0.004707874127288038,0.022450381764005503,-0.354334455652796,-0.7326293147432418,-0.1961792205590545,0.15886644111041315,0.6692410680769367,-0.2659333724355012,-0.018140150993358962,-0.25391861529380577,0.11604931186431716,-0.13472846264012148,0.7359579618899978,-0.5589216450420463,-0.13043443892073006,-0.15273451856951745,0.9505568841809365,0.1396296794896418,0.38496669540285444,0.06789213463755672,-0.2907708016295489,-1.1287910915348351,0.5143256903910564,-1.4779418116078518,3.131039177807458,-0.6851368370364247,-0.2580186732286155,-2.4050295155200883,-1.6220728704944118,0.19156789596034396,2.4371234763728276,0.7114793529792586,0.3100042264852024,3.1661204900579833,-2.069511953416818,2.4075973121381753,6.758130624331065,-16.56989025599971,5.137173953800473,68.90284467657315,22.050624965451433,45.131365116491736,-72.66352733497655,23.618533205966695,12.115094869487894,53.16051895872202,-5.153375665374842,13.974992812500693,-64.93638567925967,23.12464490696772,20.587777284186814,0.0
-1.5039552907665563,3.7705149666928097,0.7331777327592607,0.9339444779947587,0.007922981878020067,0.020947751349015692,-0.35671575532162536,-0.749107571395238,-0.17928995649112853,0.13656067446227724,0.7376476423064098,-0.2880580306623761,-0.017305226575175046,-0.29306672322457145,0.0856598242203958,-0.12849142115241793,0.770984884855218,-0.5408288533962365,-0.12175272265459668,-0.11756599599820206,0.9103503196495655,0.16109393281373807,0.36530730704058156,-0.1091290861643353,-0.1979313876634994,-0.3943676593998492,1.032044042195932,-0.8598500512298818,3.019825596451436,-0.9704163902919813,0.09373651042020634,-1.5793215382049608,-1.485480111469152,0.390042482281542,1.2054688466757617,1.0332616685167824,0.5432624405390621,2.0775081979693377,-1.6637031796737458,1.6601654895666296,2.0617446703716795,-9.102258320900697,6.444583513237285,55.06611362987932,14.708593420584796,23.48536485506662,-76.07419933265452,26.171330653215684,0.01363983697697202,40.393262339862936,0.6408986459930323,6.783808207693352,-56.52555646810171,11.810905349579466,11.800485888329762,0.0
-1.5062462520129616,3.7884654076567514,0.7363360311940901,0.9331255455584572,0.010378551333817036,0.019064394308313744,-0.3588949021205227,-0.7537493788093783,-0.15288740766735645,0.12074515109689296,0.7989609627227582,-0.31361702620089776,-0.01516181618255795,-0.3212173102349425,0.05929992352536472,-0.1186159101182877,0.7863095856459861,-0.517857614231124,-0.10989048439172429,-0.10918156855623375,0.8897068168889736,0.15939939457307864,0.27519255240037976,-0.07479341441330087,-0.23222112022786667,0.023935909764085384,1.470256440149896,-0.7622834213295194,2.6291607290755032,-1.116069151719961,0.10134211034627155,-1.2734010687922273,-1.2368263944577873,0.553398578113649,0.4448511174909215,1.230210637000767,0.6454043571996132,0.7509021848648548,-0.6712892332576249,0.338791762664801,-1.400633127874947,1.4224496333190357,0.8472259906214828,33.94801333394172,10.56046891194038,1.2954540831247594,-72.27369365719146,27.578738719901907,-1.1027655713439486,13.674644171795366,5.381571644882371,4.650555806892801,-31.897073204759764,7.894731741980661,6.07147458496652,0.0
-1.5084341328182602,3.8062070362997367,0.7391599893348954,0.9321122241743534,0.012330025531033243,0.018123800675424753,-0.3615056014285548,-0.7536483454148131,-0.12075109323400232,0.10332304154836769,0.8580396299703784,-0.3419635522414867,-0.01444121113218182,-0.34692336002928814,0.037071886458558745,-0.1062021687996071,0.7920909564746046,-0.49236897007143016,-0.09567770976547098,-0.10612048611721489,0.887144562051072,0.13187069126672973,0.20662592920574224,0.02041766448564191,-0.2895313320985256,0.14080396303399065,1.645955344714688,-0.9333256590015189,2.677655361976817,-1.2272866242599416,0.01397979770690213,-1.2780358648578485,-1.063257404299169,0.660431612549949,0.158421861789462,1.3070433404269293,0.7605440514009071,0.576438809339432,0.1542440170180614,-0.7328423260349892,0.07730417144764806,3.8699663655811913,0.24464077737129997,23.264220937784327,-0.5838719468712814,-4.25468408380459,-60.4608899951738,31.21110825474677,-0.9483863011599396,1.8173692366215988,1.7335442462830069,3.0781462078432247,-14.403108823923056,3.047342822173864,5.136677997328305,0.0
-1.5104712216421385,3.823974701546852,0.741438872237731,0.9309806101284237,0.014058596466352057,0.01806698265832555,-0.36435016614230753,-0.7502531084620278,-0.08802574577771899,0.08188368386200091,0.9152184549410423,-0.37431113186984905,-0.016231438615331596,-0.3725884082597288,0.017264340827206168,-0.09230935159086412,0.7932847787223656,-0.46580385729798873,-0.07857470446845526,-0.09588227528996823,0.8916682076607216,0.10408006650875788,0.16575751118647103,0.08134668717038673,-0.2947662201619252,0.31456990070783974,1.582335756780328,-1.1156106429411632,2.54406053418733,-1.4344402297986363,-0.08396676044918644,-1.2790256751136153,-0.9772514778978937,0.7124387331663379,-0.020137954570551866,1.340128059210414,0.891384518321966,0.8062374493488875,0.5130466306128809,-0.8267498923539982,1.1054716610564956,2.657584806926104,2.508052384707666,22.36766659015704,-8.947456263063753,0.5182249422082763,-59.88126121230167,33.32107474937635,2.8542389214947566,0.7927501615149808,-1.5128916635263212,1.0968181729125357,-8.32005173413194,0.9216972785413854,1.6904364776201104,0.0
-1.5122263596231138,3.8418819197424847,0.7432488580999758,0.9298844736800627,0.015654927739357127,0.01848062331709566,-0.36705347758608564,-0.7421915661175805,-0.057418803568604064,0.05915313204152303,0.9666728988277071,-0.41022870326784366,-0.02086435685037688,-0.3977823168355963,-0.0014191257797439582,-0.07760943770904313,0.7912229871912206,-0.4386304319492242,-0.059298379968919054,-0.07961729943603484,0.9005718616434257,0.08312827339162394,0.13938487638310953,0.10666045175367571,-0.2656316053837498,0.5545077419980041,1.4470307670710116,-1.0992215963108225,2.242598409708852,-1.5978233313879229,-0.21500113634504278,-1.242041849943066,-0.9383016066112987,0.7407424909256772,-0.16916261451194334,1.3716200971038213,0.9759046643588198,0.9846860368097822,0.7326995291354111,-0.6323300744549872,1.1536314344995122,1.4251709918429014,4.193915137269463,20.471127531551712,-12.07957461942411,8.03922889922546,-55.197506233432776,35.319835077912415,5.2490606286483175,1.862458305304752,-3.0262582637358957,-0.2735310917090922,-6.8791105766021605,1.2395543714016604,-0.8446273970747593,0.0
-1.5136262873510866,3.86000995094162,0.7447240930201684,0.928891455890066,0.017056224896378806,0.019114901302659935,-0.36946497657410865,-0.7289260349242558,-0.02944916309606933,0.03854458189276328,1.0103782818397615,-0.447011164850325,-0.026589020304422176,-0.42185218399451,-0.01938941742198445,-0.062405630237161676,0.785929742119225,-0.4104614304485852,-0.039326460289056106,-0.061277048635736,0.9134283103930692,0.06827211356814317,0.10822652251676007,0.11381446570406516,-0.2337430438614405,0.7956380418808362,1.312552496821601,-0.9483899253304012,1.8817368444738787,-1.6197015013132443,-0.2512891007373571,-1.1759380557117038,-0.902872227288023,0.7614022252106935,-0.3373504140006213,1.4349874652684387,0.993687617678555,1.006010826946256,0.9467213075981096,-0.530363128938581,0.4724946240247448,0.9484636147201592,4.422520306170584,16.195416134140608,-12.87610477047669,10.895877410694576,-46.913511245333545,35.527186592483844,5.982377425953926,2.537446963681285,-2.9339341261637526,-0.8801815956104648,-7.384991751506754,2.6350994430563492,-1.3528201324763005,0.0
-1.5146364330734297,3.8784339199582845,0.7459573865319495,0.9280119015450664,0.018142885615684938,0.019813116930306043,-0.3715806597358795,-0.7106423029819149,-0.0043320061727041195,0.02142094249329582,1.0460688256967874,-0.4824349005162348,-0.03236008383285017,-0.4441423233625772,-0.036746503480797346,-0.0469085027953252,0.7769208594205238,-0.38070199827317924,-0.019542723160533754,-0.04147507360059862,0.9298696406117483,0.056886855927825754,0.07164791640977469,0.10120990961181381,-0.2034926385283422,1.0256148108815175,1.1627919086993719,-0.7717542999948921,1.5271071866097565,-1.5484862631169931,-0.24933504874840198,-1.0753979215999676,-0.8725403535266794,0.7719002664287228,-0.5312629079078949,1.5250521776320574,0.9840669808202541,0.9952510049260476,1.1390817204999983,-0.5582664713130779,-0.1829919068914525,0.39601825728099693,4.342986256360083,12.097827358843777,-13.710654073634634,10.005221552560132,-37.51336099845954,33.95347698007094,5.832044840193226,3.2779919065967373,-2.77394171479708,-1.315179943582597,-7.848632208422207,3.5731532806726976,-0.34528948196024944,0.0
-1.515237035074251,3.8972208060686153,0.7469978642935279,0.9272429595520733,0.018789564559909547,0.02043183966097124,-0.3734300284562404,-0.6875700976508191,0.0175257589623976,0.007585844004740654,1.0738842513354854,-0.5154406627440633,-0.037434344150094265,-0.4639737283508498,-0.05354874690747192,-0.03129164265171328,0.7636273041517243,-0.34890343928196615,-0.0001468917594546692,-0.021103254841105222,0.9494751439770077,0.04704204601826422,0.02839596146411817,0.07202751950140132,-0.17769370817559196,1.2456097881879638,0.9942159196922863,-0.623787872059401,1.1747716126353949,-1.4390435021720516,-0.21492651424338916,-0.9429693394963939,-0.8432458076287767,0.7747043202042045,-0.7530899208673016,1.6336290829643167,0.9702590456508443,0.9345163699406634,1.3094384641788206,-0.6960698231742907,-0.8713904033879041,0.014301820311826419,4.055527723980837,8.217497118887403,-13.918325190283143,7.800222130819836,-28.742531177192056,31.380102083289938,5.087169162643644,3.6716290775157483,-2.388514228737063,-1.6588516890214484,-8.052596726195322,4.045174495930726,0.7628789964910847,0.0
-1.515423651773626,3.916425514719931,0.7478615496374738,0.9265691918566261,0.018872858667840685,0.02086001495345066,-0.37507093686928483,-0.6598743030912739,0.03581701928656209,-0.0038153892191995237,1.093913610562376,-0.5456827075417099,-0.04128631211233221,-0.48072532218436376,-0.06978025679431399,-0.015708285522723197,0.7454684560150072,-0.3147881789480785,0.0188504641852755,-0.0008549613660822322,0.9715205756703591,0.03730637980368992,-0.021929336680883555,0.029281594233327126,-0.15936843137808862,1.4596282559004672,0.8168908653764848,-0.5229886418456234,0.8247277173840184,-1.3181583274149589,-0.15834833377137406,-0.78197194192429,-0.8115985744925137,0.770023962080476,-1.0023313222435597,1.7525279095461865,0.9511524098370275,0.8307906947074304,1.4474336709816458,-0.9183593048433354,-1.5233838189077262,-0.18790066579836628,3.6044181802194357,4.598401549459452,-13.124316018475739,5.611337883622886,-20.303444323205234,28.510985947988868,3.93244643798311,3.662366931459364,-1.8370597616060504,-1.9718048989559052,-7.892113845725883,4.1348051024783254,0.9630661849414965,0.0
-1.5152121773015927,3.936077827176853,0.7485469594611724,0.9259650155949435,0.018214224674303472,0.021062467862314093,-0.37658120553383667,-0.6277373502856401,0.050755258017646535,-0.014002553976327799,1.106639901180492,-0.5734698288957779,-0.04356087729739813,-0.49370266201706997,-0.08520728037342311,-0.00040179979123903587,0.72151966715317,-0.2781106697104555,0.037701715083733066,0.018220292675017832,0.9943292033852759,0.027075619326645012,-0.09151600064612397,-0.020947787634943347,-0.14930977886410368,1.6648371628186331,0.6653509034786563,-0.48854380143560044,0.5060643725518644,-1.2151248359219509,-0.08654893009965825,-0.5787694319821239,-0.7623336648551582,0.7555674919711807,-1.3170858812437554,1.8808019237519389,0.9806545859130416,0.685707477774706,1.5184598422699893,-1.2014906325100996,-2.5122628199407666,-0.03916224025015225,3.164954819098078,1.11481669029046,-10.617769776753539,3.3456272581500683,-11.722470468511839,26.009004181286134,2.5315574062590804,3.8872022462725626,-0.7102553796412215,-1.9525639408675475,-8.897506851002028,4.098021360529102,3.394460636146862,0.0
-1.514623494348399,3.9561763985758476,0.7490615750500664,0.9253837804307584,0.01655335391589035,0.021043544066590005,-0.378084665971697,-0.5910509087662348,0.06323782148749074,-0.02463134618489403,1.11287375304915,-0.5995766144159053,-0.04421160493458193,-0.5019675547463561,-0.09932849361813782,0.014368835232074086,0.6903591156621569,-0.23838606021095776,0.056879677695217984,0.036197993303966725,1.0169560472025414,0.01835303570054479,-0.187453299857316,-0.08029263722715123,-0.16005375598901184,1.886859198660764,0.5759613017954753,-0.5418866557937595,0.22534737993542883,-1.1486699694081253,-0.012712481463923517,-0.34834367061853805,-0.6839459677254999,0.7121193833351,-1.6701927849167961,2.0565991478600076,0.9025935025128973,0.5694844905856462,1.5965366102843273,-1.3575136212386218,-3.5493261825565394,0.13362909301040649,2.0831118609213264,-0.9355146087040769,-6.585411353674528,0.9736170962709296,-3.8647381039411988,24.256800253440495,1.0272286105769997,2.3707115240946393,0.12333547087070129,-3.827437786225749,-7.190422001772511,6.7615975277396485,-5.289582492653265,0.0
-1.5136688174020656,3.9767369562634705,0.7494231616672157,0.9247695975040892,0.013715784143394902,0.020845771244136335,-0.379708470564843,-0.5494945919203179,0.07444838681765442,-0.037111912197331086,1.112562478873468,-0.6246628357710184,-0.0434052661962956,-0.505239830095309,-0.11188152522723357,0.02793798697885004,0.6515146885334728,-0.19490064862818718,0.07339027264837296,0.053849669961199366,1.0413083332050097,0.010151065486765967,-0.2939196955632908,-0.13642674894787535,-0.17988744849123395,2.1194843265950984,0.5434289416341728,-0.6512997909165552,-0.07930889895115663,-1.1108703679933043,0.04965624607728449,-0.1188531836882965,-0.5923916303065011,0.6423867328999052,-2.0228300039633966,2.207893549728772,0.5370006637209059,0.4487797291656658,1.8040917252307334,-1.50636650507569,-3.9520759979464493,1.1449419151387958,1.4538316164391214,-4.011969504965089,-2.6503396448840917,0.2588025661350278,2.4149135883278783,23.04583307768389,0.01867046211067231,-2.028417321247183,2.345865463788431,-4.269018008055131,-0.4305282110032661,0.34488068971523017,-39.608749399314966,0.0
-1.5123417251279265,3.997831065684327,0.7495895276666604,0.9241337286106045,0.009900385852274173,0.020559593624571826,-0.3813871223759771,-0.5025518970365616,0.08506031594325045,-0.051067311439443985,1.1004699188740614,-0.6481553791797487,-0.040154836177963095,-0.504383124607997,-0.12306870635495694,0.0402807975952601,0.6062282261974665,-0.14908190444672292,0.08015415730005368,0.07249105695853862,1.0704373070044348,-0.004174418001828875,-0.36721514826396673,-0.16860281042049893,-0.17155325331400326,2.363380857321198,0.5144746408626111,-0.7055693016858222,-0.7343238375899843,-1.044392150214969,0.1652822950197389,0.06157859317898208,-0.5500173898637468,0.58603727754899,-2.320422208772655,2.3152854683384727,0.06783092658790732,0.3865181149579545,2.1135731086439336,-2.248659042658648,-2.5773195688144677,2.933674020711955,3.678370639430958,-10.707390369283551,-2.4802826907523325,1.950551658632239,6.509216631740731,20.38422743694764,-2.1558177846834647,-5.80114982605815,-0.9152021425625507,-3.9705427715885806,3.0555238887185148,-0.07470261304655335,-32.84328339134919,0.0
-1.5106070336502475,4.019512158036049,0.7493999967313708,0.923556735100261,0.005507328837236489,0.02023731705761024,-0.3828878130449345,-0.44925672299116937,0.09497594148999183,-0.06492303853925464,1.0660510892991175,-0.6678689707774498,-0.03512768579087097,-0.5002138064457771,-0.13383785441673401,0.051884374857649476,0.555420975836307,-0.10143647665014206,0.07640361043017879,0.09235319528958044,1.1010993060144159,-0.029153991689658487,-0.4109390759215282,-0.17959512331345537,-0.13765948125666375,2.6465863302558335,0.473429664447585,-0.6796719943131716,-1.939538248149648,-0.8705536127709211,0.2370200626085252,0.18660179490567513,-0.5467548916921959,0.5512534550111933,-2.5448182912605697,2.388032146418968,-0.4824485275460711,0.19215470342176513,2.330814960041252,-3.319364762867879,-2.1767561620285334,5.093269467530979,6.135975239584777,-20.972710910018623,-3.096742146834059,2.5675206645284807,16.266139563247073,15.292464436018955,-3.794015189880037,-12.129737258182278,-2.849031905824912,-4.594272472943605,10.99285615100841,-2.670722863930723,-33.7858944270394,0.0
-1.5084310651201818,4.041763725853387,0.748591352927401,0.9230164704664274,0.000829679088664973,0.019987532459996543,-0.3842400362097476,-0.3877014000001871,0.10333712128289789,-0.07677983524479348,0.9943740388270219,-0.6771189143599596,-0.027565561776795214,-0.4943527768623334,-0.14430168489569328,0.06364279582590256,0.5014406638657958,-0.05333850422722025,0.05999858638025789,0.11310121048595702,1.1297061379986992,-0.07087953106127018,-0.44342556519652493,-0.16498797887448435,-0.12103549999172658,3.017809418851689,0.36298968955203476,-0.5684221569099066,-3.879975527157823,-0.3595426353798433,0.3548260614539825,0.20909187945725533,-0.5243452835302457,0.5723456053691355,-2.6218926075415148,2.3642467077503917,-1.0764295381185562,-0.1814560168662516,2.4560020595198506,-4.843162660729829,-3.559885585944705,8.058967180272775,7.617008733436073,-35.77569605273541,-6.325127721436372,1.2014276337179026,38.71770414881769,4.088395462322404,-6.165283473622209,-20.8429949279173,-2.0576061180542142,-4.532724636640055,21.784712206717703,-8.572137118526687,-23.45829343498649,0.0
-1.5059692735320946,4.064411539120015,0.7468368092291051,0.9221753459027894,-0.004551973215121669,0.020401835081368606,-0.38620677890766175,-0.3147641207839888,0.11020718829500516,-0.08361570095237364,0.8657023250548626,-0.653790098674858,-0.00978261986609107,-0.4919102738134977,-0.14623190533555253,0.08599829873638326,0.45477511122580355,-0.02699139472724149,0.039294845470051694,0.11824948158967111,1.1474064528031118,-0.1257572846443188,-0.6057639519007184,-0.09114854323550574,-0.21386091399575985,3.5138156276945236,0.29157986697387245,-0.31471390100182556,-6.755950171521364,1.2845987226377953,0.8588921128027288,-0.10653301920646187,0.11617003743985771,1.2872516165581085,-1.996358258184072,0.711612067212015,-1.0755122413807343,-1.4431906626801505,2.5690543555907617,-5.707227475589886,-13.335482918517673,13.69407796890283,8.468900129936301,-60.05019396897958,-6.865349042813233,-4.126909594320935,83.44604635808237,-26.0744222013726,-15.648564929164284,-34.63762183395971,12.723389242505965,-1.1265129138607277,41.87614068117294,-50.88409613539849,-4.103633585457706,0.0
-1.503887070863611,4.087589422882482,0.7438044214138585,0.9207648692350128,-0.010880242139098703,0.022969732449194126,-0.38928918210610003,-0.25369224693453585,0.11893491261108376,-0.07552947161647942,0.7140336394370205,-0.5179139335440354,0.016465773161800177,-0.5065277238593312,-0.1369220835361219,0.1179660739016769,0.4387001518040288,-0.052754814926941035,0.008726087981783783,0.07834898254628339,1.1868296671537892,-0.12743010398686924,-0.6034009351573824,0.15440021052200367,-0.1534489884608393,0.3716204569465362,-0.00678987623096583,0.33443883758554827,-3.451475887326169,5.976808506305283,-2.0204047611414255,-0.987253641259125,0.27711187571108054,1.4581420812382078,-0.5352152909135276,-2.1559785461083707,-1.9386316620592425,-2.034722299653871,3.9799218558549976,10.01569154579855,30.74017514143028,16.937485791464397,36.9187691535844,-428.04322080316746,-135.9865371167545,-48.60089031573967,814.9465064220909,-780.4464063349454,163.14826139346226,4.02985619530492,-64.27051517964289,-29.78077947007419,-28.415372632380716,-79.58910445346098,-44.618115060779296,0.0
-1.5023570421282917,4.111761552657326,0.7427799394268196,0.9200321630715361,-0.011498516077465049,0.025956816867293522,-0.39081305850757314,-0.2886831547497503,0.0998501183042185,-0.06730331754755023,0.7271836614570982,-0.4788948823136284,0.001019420218467647,-0.5368836650313143,-0.13995934576549118,0.14309755436428853,0.44863498249473627,-0.1120675953857147,-0.008282401105610388,0.09482058786187939,1.1994732054065516,0.008118406923997559,0.13232711638910166,0.18375400966110514,-0.310017143543707,-2.183711023867508,-1.3893157574154662,0.6886421502736346,1.848159212741844,0.5066597468381937,-0.10488461488014275,-1.5355141662332032,-0.4716507760309225,0.41830100003374276,0.9444415754835074,-2.810789262693207,-0.4777406173990743,3.0752824069715365,-2.6845549573151226,6.2118327865590945,29.353738997515737,-16.885044701803846,-23.814853440719066,26.446093275683012,-27.017179205346217,43.133572958695936,7.581238996792029,-56.396678896231464,52.70098849728767,25.81396237391156,-20.539294097893716,-105.17729398335726,25.252312827149577,49.93983060672411,21.371112786027012,0.0
-1.5010865642011892,4.135198138779022,0.7432553995404835,0.9187656043628702,-0.009131957536022951,0.028004486170436625,-0.39370308653301167,-0.3361960257917168,0.07285637155118348,-0.05304862044604581,0.7649523937983652,-0.4722021837103727,0.0019628947504487042,-0.5830295368389407,-0.14271474960029865,0.14084340481722177,0.52568686916058,-0.1726797405439165,0.006022968904367088,0.050585891790432186,1.1369734978128418,0.050069745630928725,0.11629872852870816,0.2869919223497011,-0.2935166563224394,-2.1996192777170513,-1.2591664703250012,0.7309056430862522,1.4831704196086855,0.47440205371268007,0.21690205830978332,-2.230456964719904,0.15216362934550376,-0.43930243887305304,4.403742635810367,-2.4074281306842136,0.8205650372403079,-0.7620732109359746,-4.519272428367046,3.6853648666224497,-5.406394106685734,-4.8829107363242255,2.1550981984487585,36.88672576311739,13.26553212744518,0.9222463574382754,-66.52877721650702,29.296023090042482,19.794938048222413,50.04088149981636,35.64060775778079,-22.726859575438503,-42.95348273942643,79.22177779487852,-12.156757505131573,0.0
-1.5002935374804016,4.156998467479032,0.7445904269692841,0.9180613478666394,-0.008085306873350155,0.02982565266640859,-0.3952321087779638,-0.37396865639126886,0.04999120007487064,-0.040766142422491096,0.7841149684040678,-0.45756766745777316,0.009985805245914258,-0.6199245142331273,-0.13428462647592881,0.131906724266377,0.6176424073202448,-0.2145397320497912,0.01767237669587905,0.03453470408601682,1.049662264934686,0.08672568231162894,-0.05833355271958667,0.12791012693390558,-0.05611287071489905,-1.5794772787103857,-1.039618147036475,0.5051133433814792,0.4912254155092709,0.9559680393823596,0.5246618305057554,-1.2541797803977068,0.612883487931175,-0.4894613047242805,3.9577292843041314,-1.639273922804004,0.4656587277313505,-0.40727456574181553,-4.470484932804948,2.489161726816075,-10.32006566946787,-10.138115203167208,11.307251515889103,35.74291091239915,12.00586961136486,-12.598698219798361,-51.11786152685162,24.14326088493638,11.232616960680438,78.10831702696647,20.503165742891866,-4.978209621042176,-109.82359195975401,47.13718566832177,-9.816325915595355,0.0
-1.4997818007635106,4.177341572004858,0.7463409151252035,0.9178943549219919,-0.009156888875026028,0.03112124026948415,-0.3954966156524723,-0.401548788752091,0.032258007488173854,-0.03139634963817934,0.7882273306880822,-0.43559555636643255,0.023015318351652582,-0.6366908596499463,-0.11871422454868942,0.12467612314337541,0.6830483945142928,-0.23855480343041507,0.020384190338523296,0.01997755361434035,0.991467763545653,0.08973337750263956,-0.22389369104628185,0.029871868797064383,-0.012226742146627164,-1.21188668548528,-0.7716211707916163,0.42289589714546116,-0.01198471691272087,1.1961976277220516,0.711318225608785,-0.4281669030532047,0.8603550894926921,-0.3410853411516484,2.4755548290776312,-0.9193530121036712,0.036660887935037155,-0.5398184040434065,-2.7111883788908386,0.249844482314524,-8.098517650874836,-5.277453230830991,1.939167251283128,17.82888340874481,12.149732791929303,-5.480439529402122,-21.978189670796475,9.047335310380284,2.9260681241131756,46.73426493969587,5.942871404059692,-1.6486818230944256,-95.51130456033422,24.040263281263947,-4.630658193728621,0.0
-1.4996490328686307,4.1968420826157775,0.7477601894668714,0.9177096296281289,-0.01168336986076583,0.03260988184060316,-0.39573871451102827,-0.4255962969193085,0.019476123474794074,-0.02302501148874989,0.7872888253341112,-0.41095115056811826,0.03802036578168366,-0.6439782439291551,-0.10043687062975168,0.1191819156898864,0.7284693802973817,-0.2556185718567058,0.013299403830270493,-0.0018046089580901095,0.961834750072313,0.05859336731566147,-0.34315962614203255,0.03278944549936623,-0.05106322386899892,-1.172767086293247,-0.5395542063964714,0.4055665121238785,-0.08742136709389518,1.251855237683147,0.7417851144576831,-0.22334417949371888,0.901692061446887,-0.28648191183835414,1.835142548017204,-0.6946758363992227,-0.3684722565686767,-0.7751337142668648,-1.4089575209288587,-1.2219673374996585,-5.555991308467127,-1.2369532081453856,-1.4849699697802219,4.3477737597328145,10.14673860717737,-1.7942849716458278,-4.508968206373019,1.1296548086005942,-2.14849217952488,19.814225824556182,-4.848977890363614,-4.324778926799293,-60.67442554640801,17.820977164774153,6.751891178405597,0.0
-1.4999221424075493,4.215879503023126,0.7484662221610765,0.9173306875487688,-0.014935961472568498,0.034466702911926876,-0.3963500638659893,-0.44955719410542305,0.010319386023612575,-0.014546118767183404,0.7860801617065972,-0.3861175526710731,0.053240128192047674,-0.650753223488172,-0.08320315187605819,0.1128357173297711,0.773265981200763,-0.277783716660977,0.005266128911088004,-0.020645362971984688,0.9432789355730942,0.021799071706232413,-0.3975798778041328,0.03902714112896843,-0.10010287998748486,-1.1846344310219017,-0.39344845714953924,0.4269610948961461,-0.06818635599072663,1.2330616445731164,0.766011248809568,-0.27880115709015674,0.7954815552760905,-0.37371289144503145,2.085794102207074,-0.993596880540979,-0.34766890920048266,-0.5943837262153722,-0.9614910790955712,-1.1761176577647836,-3.150030347624801,-1.4515784434560803,-2.2060770524952846,3.6578383211978123,6.826323200026217,-0.19488870953292253,-2.5347101313673894,-1.179349385800996,0.4908649334171346,15.563823680612122,-9.032931541157824,-6.372140471398385,-43.881321033279306,24.374908244667797,7.755205707177104,0.0
-1.5004836959766044,4.2345621422529955,0.7485261585463021,0.9167695321939415,-0.01863366634995006,0.036264987477086806,-0.397330167496185,-0.4728635624147671,0.00349264303857425,-0.005611879302616663,0.7849196350760175,-0.3619622491243413,0.06855224617125975,-0.6561475543977018,-0.06859402530147508,0.10410520293240495,0.8205894282046502,-0.3076005599043794,0.0020992093068085992,-0.03236345493753978,0.9266467513453065,-0.007364917957070435,-0.4220993090471657,0.0005484127772262598,-0.1414410217650219,-1.1252622445615825,-0.29711379847060276,0.4543670009538786,-0.07681202812645845,1.1938290199535166,0.770218416188399,-0.13389278261492146,0.6685734881840956,-0.48141797392848606,2.152101571678915,-1.3502021804892388,-0.09960957959008167,-0.3784883740681205,-0.7768277064666688,-0.8910442122244207,-1.6998645030007622,-2.567284503574683,-2.380241717900591,5.410299917533156,4.864072260237441,0.6288197574587684,-3.341283964839919,-1.0832335027199842,0.6714625834422802,21.35840089219123,-7.107696370011201,-2.983966974730954,-46.989518525584785,30.66816690502945,3.3930172793433275,0.0
-1.5012090240906044,4.252962021316642,0.7480431238273818,0.9161032343966099,-0.022564764926934648,0.03760036198149555,-0.3985372104217153,-0.4946198901843476,-0.00227671338568906,0.003771552824900936,0.7833711105745036,-0.33849225763770047,0.08388503120458841,-0.6570538104841784,-0.05710027589825849,0.09311304906054971,0.8667079473748684,-0.3402862098728818,0.0014448351211983708,-0.03849934001764979,0.914774983130738,-0.033782718293040616,-0.4068055126208072,-0.05632150778561566,-0.16013393633066866,-1.0418625648355369,-0.2734586675461186,0.4799212653383925,-0.09879841600836745,1.1683609330475635,0.7717352564040574,0.12556994457537418,0.5122027266405356,-0.565065159748207,2.063897233337236,-1.4351802118898387,-0.008475952459791256,-0.18881184609161406,-0.5418013242770237,-0.8495077803530047,0.12196280299095838,-3.192935009384318,-1.6209456819467891,5.880767812599802,2.056371788948514,1.2328570347837389,-3.3933729015310745,0.09050495241925216,0.9835759149734774,24.294014996751716,-5.75115378437162,1.9061577418388114,-46.91963379073788,33.118140276976746,1.222625385195053,0.0
-1.502014312673572,4.271164398063109,0.7470778968788516,0.915409648857621,-0.02644194662548084,0.03825142148263305,-0.39982849697286393,-0.514423392053012,-0.008152901415421736,0.013743595563621504,0.7808982773368536,-0.3152863304309312,0.09964747646881837,-0.6521448752340904,-0.04878294685764591,0.08071068167266707,0.9102754154168329,-0.37223528986268106,0.0014307986264700061,-0.04141118964815578,0.9065356673266264,-0.05672111887305222,-0.3620403880874785,-0.11652995966907873,-0.1649758825601342,-0.940781998122243,-0.2973545519071248,0.5143102575229589,-0.156675963058676,1.1682139433563927,0.8005160255716033,0.4239496984143529,0.36731374770941605,-0.6084594514903863,1.9495968896733669,-1.3809116453916683,0.0026017306577758403,-0.12214182943021232,-0.35175261245208483,-0.7762015838756402,1.3416639566185085,-2.8900217918900255,-1.1888758137764228,5.592706814218441,0.382216457955441,1.8993451850548402,-4.169950559915739,1.6345899108407398,1.3444371940748876,23.771024411224527,-3.249145358859549,5.57010583990774,-43.01339691713953,32.52442367048351,0.2122793378067684,0.0
-1.5028624030490514,4.289216623594094,0.7457205235578265,0.9147310997066678,-0.03009324644938673,0.038156137949000336,-0.40113030412122125,-0.5319681021147411,-0.014686023156501414,0.024460007884475003,0.7767091200713627,-0.2917720584709068,0.11610756320245649,-0.640890246190118,-0.04291727783087125,0.06727542415505465,0.9510470402305489,-0.40283596006909,0.0014402272395672123,-0.04361126309456512,0.8998734061054763,-0.07451567688235028,-0.30772324024459485,-0.17085591521585614,-0.165618244912114,-0.8287302717958962,-0.33423895163428996,0.5547117036252045,-0.2561117474875043,1.1977166200340705,0.8360078072942497,0.7346543251340354,0.27536489079269,-0.6543940469290085,1.8304340356993332,-1.3230210509930393,0.0004127944233682725,-0.17863813842966017,-0.23987519210742947,-0.6415418967733684,1.6523102564859191,-2.0072414832262724,-1.2309413668536087,4.7578993711760384,0.18304579341487315,2.2833505552747506,-5.106837203087801,3.1834112438432935,1.1890359494663982,21.61379977006778,0.9056320924407626,6.819150913462914,-38.61570853982218,31.15911680826779,0.06387216098880158,0.0
-1.5037564141764415,4.3071458614136855,0.7440825100155171,0.9140799880705905,-0.03340922388978978,0.03738414352065634,-0.4024226944161797,-0.5471098924040441,-0.022037000403666233,0.036026887500624855,0.7698709691043043,-0.2672358616167654,0.13312511378604897,-0.6233895873714189,-0.03818997980512128,0.05234950170300516,0.9893769945816164,-0.43283174527615337,0.0012894465766994999,-0.04656299608796424,0.8943563611091347,-0.08642802825018074,-0.24809534976411576,-0.21100594909175216,-0.164470863805093,-0.7109582122680427,-0.3758581183770612,0.5991154023451348,-0.40739072624682665,1.2641394601726714,0.8599313969333974,1.0299648783022093,0.2585458329603745,-0.7388201772354221,1.7351263228358171,-1.3052631088871018,-0.007845626384725309,-0.2929486043831509,-0.15404153681738722,-0.47982195089554497,1.7455664247969216,-0.7836209705811419,-1.340140718996008,3.859593163478987,0.2959763472045028,2.4588644074025923,-6.672366494747764,4.625483463437997,0.6860862923139341,18.537952936395392,6.069981057450875,6.542013770306574,-34.2110222961039,30.44499858049601,0.08682908627468694,0.0
-1.5047192392139792,4.32497642068553,0.7423016535826673,0.9134604353069495,-0.036251628669748126,0.03606367655500565,-0.40370194919143765,-0.5596352164613512,-0.03031085179957089,0.04856474288359918,0.7589949135091767,-0.2408249691852544,0.15016940649014834,-0.6000279310292178,-0.03279028741874301,0.0350586412722806,1.0256233930170606,-0.46283974917303217,-0.00040419731357580846,-0.05089501051107847,0.8901045171733051,-0.09091030518565077,-0.179046492348172,-0.23156018258348945,-0.16172663098997592,-0.5790268716549652,-0.42473710222201333,0.6498437435204932,-0.6402249799945477,1.3750679418185763,0.8520890997270556,1.3036525085791522,0.34206990090385225,-0.8716558195930959,1.6513853356008157,-1.3122505262029112,-0.07771003285798504,-0.4280706630964377,-0.06262148417214802,-0.2824448286651724,2.0508131283077256,0.6685459081190179,-1.33093722218811,3.229112647088667,0.07024702795601734,2.5865603727733752,-9.301519185314623,6.1632729642033475,0.12558776521149498,15.221320671630444,12.096621417979527,5.68861845749895,-30.514422099061584,30.28025772505482,2.4454846343636785,0.0
-1.5057908745722146,4.342732765083451,0.7405238385989343,0.9128888952502591,-0.03847705422103471,0.034370852967558756,-0.4049345943402672,-0.569327510495481,-0.039651377003607505,0.06205935438701465,0.7424605604374916,-0.21166787510779025,0.16671633466011776,-0.5711047563798138,-0.024276596589997257,0.014950324120820256,1.0589437625183398,-0.49225409476529075,-0.004496253189256458,-0.057591778804783916,0.8871129528839182,-0.08870894064354147,-0.10546522765750715,-0.22885913361128313,-0.15082969561605208,-0.43978471023149623,-0.4829030267571903,0.6946682824874323,-0.9515104517207147,1.5270836886861736,0.8191099391317627,1.5624393652682402,0.5550229146042899,-1.0178114336445865,1.5028430964282116,-1.283046223725493,-0.18790159430479475,-0.5915534561660547,0.03823692583044102,-0.19021713895852158,2.2981733212604105,2.2523463212154917,-0.8767777066820516,2.1665048648775933,-0.5341080974052755,2.2052322045803234,-11.503722919055821,7.330432091398281,-0.5282158972761943,11.529052932079185,18.163322654812944,5.071815082106642,-27.839281785101075,29.435794180262665,4.78305954169226,0.0
-1.5070232226014617,4.3604304499681845,0.7388493046636484,0.9123919143446408,-0.040036568465809864,0.03250214070289312,-0.4060562506275878,-0.5761146441360314,-0.050086698043609684,0.07627450240249618,0.7190703841043078,-0.17921865224017766,0.18237178171951027,-0.5367802034315791,-0.009902824314264804,-0.007766845270280685,1.0869550279795797,-0.5198076744554325,-0.011451511138989212,-0.066910751163953,0.8847116723799149,-0.08333124469057025,-0.03973715822559468,-0.2093826980776281,-0.13205527327740355,-0.30110370706572503,-0.5383016140002879,0.72469204819404,-1.3065102475605093,1.6929754586163157,0.7586180307761908,1.8109185961366185,0.8985856462500306,-1.1458970699296724,1.2204466222918642,-1.195571794545948,-0.31572533155212246,-0.7437578078906737,0.1341584922847242,-0.33158547414971995,2.2489312874941993,3.508385610769085,-0.3754775895862492,0.5824176162752668,-0.8328213784048268,1.6701372122412799,-11.868087103411048,6.870478293258943,-2.700170331080248,7.058877646507611,22.52263892031644,4.506850920519308,-24.73755764809408,27.206398228504206,7.487784691082618,0.0
-1.508454360464795,4.378081324563757,0.7373272174080192,0.9119950738077512,-0.04095813400084686,0.030598186418981398,-0.40700266288739834,-0.5799079506293576,-0.061510162647220354,0.09093739128176452,0.6880952890095754,-0.14374312051189161,0.19561025712335622,-0.49725200758472166,0.012286959036589263,-0.03339353621207616,1.106681570387953,-0.5447961720611322,-0.02143964883314087,-0.07746218457404609,0.8831912296078367,-0.0764225159837533,0.01881326109698105,-0.1822806496005782,-0.10840375614796847,-0.15618470006219443,-0.5896392583615376,0.7412223612423645,-1.6874420728999016,1.8234034116243185,0.5927564261733632,2.0440133097300905,1.3126240735901598,-1.3071935876422727,0.797814851577865,-1.0838054883419728,-0.4487570311518953,-0.8130638690908286,0.2822995850194273,-0.5958133800387164,2.456649734334313,4.370117375885679,-0.308508877768037,-0.8963980896391586,-1.475473546867376,1.2245240833078017,-10.88074599517106,4.243348392303501,-6.6844732630642865,1.625094781431808,23.88795066955466,2.696534010081529,-19.25685720722001,24.154319554419107,10.415878220419486,0.0
