floating_base_joint_x,floating_base_joint_y,floating_base_joint_z,floating_base_joint_qw,floating_base_joint_qx,floating_base_joint_qy,floating_base_joint_qz,left_hip_pitch_joint_q,left_hip_roll_joint_q,left_hip_yaw_joint_q,left_knee_joint_q,left_ankle_pitch_joint_q,left_ankle_roll_joint_q,right_hip_pitch_joint_q,right_hip_roll_joint_q,right_hip_yaw_joint_q,right_knee_joint_q,right_ankle_pitch_joint_q,right_ankle_roll_joint_q,floating_base_joint_vx,floating_base_joint_vy,floating_base_joint_vz,floating_base_joint_wx,floating_base_joint_wy,floating_base_joint_wz,left_hip_pitch_joint_dq,left_hip_roll_joint_dq,left_hip_yaw_joint_dq,left_knee_joint_dq,left_ankle_pitch_joint_dq,left_ankle_roll_joint_dq,right_hip_pitch_joint_dq,right_hip_roll_joint_dq,right_hip_yaw_joint_dq,right_knee_joint_dq,right_ankle_pitch_joint_dq,right_ankle_roll_joint_dq,floating_base_joint_acc_x,floating_base_joint_acc_y,floating_base_joint_acc_z,floating_base_joint_alpha_x,floating_base_joint_alpha_y,floating_base_joint_alpha_z,left_hip_pitch_joint_ddq,left_hip_roll_joint_ddq,left_hip_yaw_joint_ddq,left_knee_joint_ddq,left_ankle_pitch_joint_ddq,left_ankle_roll_joint_ddq,right_hip_pitch_joint_ddq,right_hip_roll_joint_ddq,right_hip_yaw_joint_ddq,right_knee_joint_ddq,right_ankle_pitch_joint_ddq,right_ankle_roll_joint_ddq,fallover
-0.00320562190169143,9.56606833068575e-10,0.7905930486321192,0.9999803762084774,1.6139853840913082e-08,0.006264758411149948,-4.4587509463890426e-08,-0.05989095425455613,-0.0006854600735261736,-0.0029560878597197455,0.1265055852207942,-0.07580622869162983,2.7355711069025308e-05,-0.059891006474026606,0.0006851056001918965,0.0029562852290472732,0.12650559591698474,-0.07580623224063744,-2.7402877163861267e-05,-0.20239560346455301,-1.3212917033547533e-07,-0.20994158891290263,-3.667348244245786e-07,0.7475665297156309,-7.373837359417472e-06,-3.5113923991641105,-0.00034145617398569604,0.016514603725140034,6.798390830087614,-4.790173765888058,0.006994301484605406,-3.5113960290955646,0.00034725640085759776,-0.016516883928815167,6.7983898031885746,-4.790174294701448,-0.007011354656673581,-0.5522119932809331,-9.528815074331343e-06,-8.612325454045777,-0.0005943398891315366,-5.279301324049659,-0.0003116861188660724,35.84194843259368,4.502038312961925,17.73020923760277,-197.05236205871788,-53.46176630213227,1.4122151466486526,35.841906404917616,-4.500103896885753,-17.737997481999596,-197.0526678142341,-53.46155206815301,-1.4158445182588304,0.0
-0.008742838087594244,0.00015953101654611284,0.7870629116173193,0.9998619537403368,0.0013719346738089969,0.01542060088269294,-0.006032936782776914,-0.12705690117588528,-0.00048823625616582734,0.011608743691958103,0.22277521298897934,-0.1262284777991671,0.00712300126565696,-0.1640629982926958,-0.00011988349158359199,0.0031835573464227135,0.2934992084555571,-0.13768311340760123,-0.01174446930982931,-0.2946459782554984,0.011096546890227441,-0.15004278413237052,0.23714334202822443,0.8409106268271099,-0.9072961490496793,-2.9161982243359477,0.014692069329803697,1.0289118019504728,3.6307665672365523,-1.3813216004239466,0.32998459982965844,-5.479919160209011,-0.07701245735887739,0.034807488281260505,8.326755516248426,-1.864179814994015,-0.6208560910059693,0.968223983304723,-0.21263731201958208,2.879414841159712,4.73459201755042,-22.839671144355,-21.244554350876168,75.75161522924165,5.726841322556062,18.515157886846794,-118.20558074015061,78.88034883862187,-16.363992940178633,48.47310050552837,3.4327425564434715,10.636498869748976,-97.2890918012245,7.952594153876535,21.555362769028417,0.0
-0.01411016158301714,0.0007164212385219906,0.7830929987467128,0.9996809584866042,0.005371714985414076,0.020244002996748618,-0.014117586907392258,-0.18240665165309208,-0.0049578754108601025,0.02828554539336514,0.3059011766970747,-0.16063184270945274,0.010233799437027949,-0.25045124667433577,-0.002481453258799807,0.02515337017992637,0.423263488415808,-0.17907584692597325,0.012385566496893295,-0.2299730711010448,0.03825704317441162,-0.2282645198644662,0.5423045424023253,0.11383168940887396,-0.7117840743226138,-2.230079173450608,-0.40034907629049105,0.7212026609605826,3.981781851638924,-1.7524167887511897,0.07739451582289467,-3.1187322186682227,-0.23335012331577487,1.3686566697663203,4.706586772685264,-1.7235245772171779,1.3718262349278774,4.971958669535758,1.2115623448785953,-2.190521342175592,13.883644265000585,-44.368992074594516,7.790674160749826,83.17140533403676,-18.52735769160545,-8.106567514883855,-56.51141372856419,12.999665037292207,-3.9560554327622937,136.0432121121155,-34.45737768232207,-45.47135793202152,-130.20868307868764,-103.45502720195427,-103.45474156434412,0.0
-0.01911072962327693,0.0011249439694259588,0.7775263551753033,0.999525806245675,0.009641109762718167,0.020834220876603908,-0.02052186375410763,-0.22974521192313968,-0.011000619361132103,0.031901273250234605,0.3914256460354695,-0.20023213234604073,0.007713430266570526,-0.31156502019106985,-0.01119694105783916,0.032081213989151425,0.5206732293941867,-0.21960612980260938,0.06743204273035967,-0.24528062885146826,0.004063234166470355,-0.3072162408105642,0.3460912326712408,-0.07877263831177281,-0.6084409558169789,-2.021476320247464,-0.21099567887730336,-0.14732573011792677,3.90542751182853,-2.079720906697474,-0.18886019284761382,-2.571943846054624,-0.4531752828943657,-0.165532245698354,4.245547564203377,-1.9416448690640415,2.5775262046642506,1.5803118346264449,-1.965366923196101,-2.0256986349934856,-11.107319002917357,-20.55799766484699,-0.5364940640386783,63.26055195146245,14.086183842336382,-14.971661272187037,-74.38727326195554,-5.696868240668838,-4.45104844946938,75.13105482234715,9.986518271957468,-35.14473101470697,-88.40811043204452,-51.07819465277575,-69.04552109186568,0.0
-0.024807099078332,0.0008108535810926082,0.7708119006423311,0.9993655446220284,0.012585868464724601,0.02038686197935584,-0.02635298836831971,-0.2765477645267354,-0.011990086234447713,0.03433016694047579,0.4773463077662401,-0.23812081753338712,0.003789963084817354,-0.3693817327265065,-0.011861262051801758,0.049304079414420894,0.6189847720880369,-0.25482633346815997,0.10004279528864445,-0.29389193206062963,-0.03117074302095524,-0.3443536458621371,0.27381371815967437,-0.12374706251856595,-0.5229550007375208,-2.1583080636565573,0.025482085669165405,0.1875738782385923,4.047035220669611,-1.7735635778732761,-0.17921097447307893,-2.6167920856259514,0.04120484637863642,0.9637013015246645,4.475268286742877,-1.4617803297689487,1.227350437892225,0.25886399544662175,-1.8857080992144406,0.12969908918856254,-5.236454341550209,-15.01594110574293,5.715016553303762,48.12676324397775,6.919032590285239,-3.95572340939154,-64.03883660640372,8.698168736230881,2.8183037796173807,58.49657393333405,2.4776212105160536,-20.694950001596133,-88.0438698895461,-65.02759810962051,-39.5901797055144,0.0
-0.031193326113365304,0.00013752235485591524,0.763380331848399,0.999188115934009,0.014892533387030565,0.019493487621569904,-0.03195818151758696,-0.3222117655910684,-0.012861737682443999,0.02943822020013776,0.5607878150939039,-0.27513755811528445,-0.001525847742661607,-0.41584522960136666,-0.015948481602527275,0.05384331467719955,0.6824323210820318,-0.27920177588796136,0.11419763537948936,-0.32958152738917673,-0.034776049915438124,-0.383511672026809,0.2353185684923528,-0.11816278026921112,-0.6425965298919677,-2.059180674114236,-0.03259025558144617,-0.3040896192503911,3.788663606844073,-1.8586086652314104,-0.27988428695214557,-1.9850655583960988,-0.3299387629932113,-0.15503536508810456,2.2499814619015437,-1.3885396419555598,0.4286509601076787,-0.6504346552059695,-0.13731206238096363,-0.4349291015468242,-0.503383649231721,-6.09278952801759,-14.505998784496816,44.13931771290518,5.674066364456573,8.043810642992288,-71.05533844909111,0.8777148236365169,-0.8850092406688124,37.16069488774013,-4.428395027786269,-30.60071594721448,-44.72177017186651,-174.0890675016528,-56.657705610931274,0.0
-0.03800609383157411,-0.0006994471527943072,0.7558093062982667,0.9990972521780773,0.01574640855934106,0.017554353892093803,-0.03533519445440284,-0.37260602140554927,-0.016536528562418377,0.006627274676616271,0.656017761518254,-0.3055729826875414,-0.01903673180635527,-0.43108165825523015,-0.015002487733705865,0.054355723852258966,0.6945821901252432,-0.309148485633365,0.08434475608942059,-0.3557930372486419,-0.0387137265761156,-0.3506529986030355,-0.003936913467144011,-0.2386934323039656,-0.3098270211149298,-2.487597534289085,-0.2033493311294728,-1.398195032814984,4.673345982239705,-0.9407908930150075,-0.47447066421043516,-0.5786605200448303,0.38536743818201985,0.11357718779776982,0.49819188514915647,-0.9033637038622814,-3.322184153769667,-2.4304576129704256,0.9521752745707516,6.004117877917567,-13.468673534688524,-2.4303944883161703,-15.858235990116032,30.06131509197574,11.373887994413316,0.21565740618923337,-66.29967244755912,77.85078673021295,63.73019526164551,-59.29161225526385,42.82750249565644,2.1671378945481,103.7906884206648,153.6767271867699,-205.64116793350857,0.0
-0.04606207042122262,-0.0008164664208765899,0.7502036513937237,0.9990763835455319,0.014399762152146518,0.0160147300092499,-0.03718272601996114,-0.4245700973560391,-0.029628562178363165,-0.03082586579015044,0.745298929526487,-0.36988086063323344,-0.05151736608311411,-0.45220076530858294,-0.007261293241557196,0.05168655412336871,0.7150950441108441,-0.3030585216091658,0.02003070249586379,-0.42923079343975595,0.018715614017761298,-0.21237903521774543,-0.2163209311372027,-0.16249595689292237,-0.10753297565903616,-2.375163985988878,-0.7994034635079559,-1.714078126398623,3.539353694953152,-3.2596806486681866,-1.5732799086718396,-1.1965085313762025,0.3322039930302638,-0.1897238674591501,1.2223850373676555,0.5821103290533872,-1.3406715837607015,-2.006305132835224,2.32615497298817,7.758985058498665,-9.71275474718298,-5.18643260437509,9.004940517402895,41.249234906766326,-2.774439257005019,44.736733371163375,-132.37873475098368,52.03148186829618,31.101824952868927,13.389315238684318,-5.740029609341669,-5.8755897357497195,-17.62638820145342,6.056805819479019,178.9475143919602,0.0
-0.055398910777744406,0.00010830072044353285,0.7463022295449525,0.9991770465822346,0.01199880711119968,0.014901527474513246,-0.03576594315878244,-0.476899235363793,-0.047868194197253744,-0.05094651455193929,0.826128197417612,-0.41573458779239447,-0.043061462869466605,-0.47888141041590265,-0.0056393567059262115,0.04296235202917348,0.7424244971283437,-0.2940439477359056,0.012900886389227007,-0.485625955083689,0.06685856843432385,-0.17102539679400433,-0.2464149725025566,-0.14478354557431322,0.30647065239246507,-2.450921235103001,-0.9735117425247435,-0.4401418807801715,3.6261786762430743,-1.7002196762707311,0.6973520489129352,-1.2332378790551863,-0.08729698136755305,-0.5809501941975669,1.220097840689847,0.4543226030472356,0.04348021740520219,-1.3910457512167662,2.1777069805859184,3.249516835315634,-0.41773593727577446,-6.843793428547973,16.348192625130984,39.528908110791555,-6.2764461703759515,57.896274648226566,-91.39905524965805,49.746469151545014,-8.194735655371296,23.725327747401597,-16.40180803621764,-12.31998927813171,-30.96029623751559,6.443786850777764,22.175404065606813,0.0
-0.06569396491505634,0.0013659370885434566,0.7439018502597626,0.999290648833621,0.007380467610702564,0.014465568232280998,-0.03397756888369214,-0.5136556210104068,-0.05507398121772413,-0.05185193606072089,0.8618515542511206,-0.4125824077676224,-0.024335258095132786,-0.4994127113598418,-0.0018957325199717803,0.030579886514949705,0.7508649970497298,-0.2765232256644647,0.017931234644652783,-0.5383931720112954,0.061777474093071987,-0.0855755525047224,-0.625819208390713,0.00065804730281065,0.07632428772944448,-1.4008629647295296,0.03054769592167661,0.09648645661552895,0.6813242404325677,0.5022436023155967,0.8419528248920832,-0.871231568676981,0.3868852703192709,-0.6698107249520828,-0.15912052627285878,1.185698234818523,0.28558373644760615,-2.652037488088895,0.07831032976843597,3.1920123720296782,-16.812597902057988,5.66257941197973,-9.680305656816854,42.199539803948056,34.80405810629836,4.026370763668344,-90.95702372395473,-4.333333060486313,-17.398366176727748,15.29359463863176,19.949910653505615,-6.652061204238683,-57.90711135410066,31.281136946913154,-2.6927281886377066,0.0
-0.07679476918065321,0.0026952477254209256,0.7422959805060343,0.999254014718842,0.0009014476607205197,0.014673481985711572,-0.03571120813983264,-0.5246093414765355,-0.0437907715416294,-0.03990615409366291,0.8266696002860828,-0.302884658139352,0.006715727664997841,-0.5155402672851388,0.01084036660147446,0.022292344204965404,0.7427835890533443,-0.2516279793776991,0.012988818396694243,-0.5718911009811449,0.07155526286180418,-0.090568470102163,-0.6830400223703075,0.00026834857365001384,-0.353444419296285,-0.12351170510368462,0.8265598250753888,0.671875727467812,-2.580665385887069,5.78333534477169,1.4424781806817313,-0.813398444844995,0.80050470576328,-0.28895464863799586,-0.5041235089170764,1.2899047335303067,-0.4200513425368718,-2.1245037388044,0.6892415613563927,-2.042433931542054,-5.087378577490445,0.5926201084011928,-15.382808621247166,27.771710554069585,15.905454918737599,-14.201919027976363,-18.665735373150817,-96.56284332332612,-29.546001947484523,-4.780844286134582,14.873458342177791,8.675251105259663,-4.231503359599773,4.479062215648785,-4.359263629619532,0.0
-0.0884579145290213,0.004499760624635991,0.7397748807084136,0.9990874353660507,-0.0029404311840981246,0.013884384272836366,-0.04028491319964497,-0.5084928058134636,-0.028545673847192712,-0.02452837690935753,0.749091280099789,-0.22570452476144762,0.014585792370964083,-0.5433842433781741,0.0228697797941954,0.026368885728049248,0.7722203719700633,-0.2585122695920574,-0.034581954604827,-0.609581738823553,0.10946744780440165,-0.1276740948835091,-0.07629333826611445,-0.09429081450417501,-0.29879044921544506,0.6494777885479641,0.32309065853087077,0.5165468836708863,-2.7848500577929824,-0.5692360615563784,0.17375076391945582,-1.5118873467487706,0.2059565788617886,0.5662944442904416,2.1115082328210852,-0.6186456011202179,-2.6387942812313563,-7.3673871624039275,3.2291340241741295,5.293531759229807,46.17297384776185,17.473997614802695,55.013700824263154,-235.653591792707,-101.43157548144997,-42.69068314262026,375.10821142593585,55.55472256358217,-4.9828400104855985,-7.311621662062583,-92.00919362344777,12.267775557410914,-3.9395441624628003,24.364657705753192,37.244810967421024,0.0
-0.10187176181098587,0.006731456397527503,0.7383826423530839,0.9990268546268161,-0.001365478732730289,0.013452271589422577,-0.041982324749410334,-0.5198203179077718,-0.028323575102087797,-0.014044501768774049,0.7311572371255163,-0.22201296683993677,0.01565832485720385,-0.575528517881839,0.016664483608355672,0.028718866666089415,0.8325422806178768,-0.30033271970639946,-0.06124830231796932,-0.7025067281566988,0.10744326402263436,-0.019035686296430227,0.2972914211899828,-0.07172846403421612,-0.1418684080461298,-0.8694568763318347,-0.11228825803786449,0.5874150886904722,-0.42641510983416975,0.788672345161854,-0.0044385048901608125,-1.3458736424295907,-0.5217216822005057,-0.05951620930146885,2.9539597945552796,-2.058196328505695,-0.9245968419814805,-2.5081769672242498,-0.9241004396278298,5.558076285856368,10.589598123733552,-8.823608438043138,-1.8480955271505726,5.00625703464325,-4.29081275555979,10.508910845762658,-6.457241089878165,63.307767794283464,-5.214315357212233,48.53863135139721,-8.433549891526711,-6.880667449609282,-50.62575699698887,41.290845532957405,24.419369623297456,0.0
-0.11685985731200636,0.008464915940120036,0.7382284554013155,0.9989317222147319,0.0013057496766219264,0.013080593203973532,-0.04430132562716072,-0.5401484518568145,-0.02841850370918813,-0.0021706229533871935,0.7229328122135792,-0.19831010364469492,0.018630307055635068,-0.6056362523675176,0.008016716038934389,0.02326498205120389,0.9025563216883739,-0.3385990292338327,-0.06460572393686884,-0.7811972856470072,0.06535841853642614,0.0064594645934976415,0.21146289806521706,-0.024448262830467277,-0.29981737663738284,-0.9920241325308866,0.13810904110775862,0.5819637060973142,-0.5700509403256849,1.484784900786726,0.16069490096972974,-1.3724877651435485,-0.2626558271197564,-0.37330116685867903,3.256307501927857,-1.5517249969201325,-0.01466994345689406,-3.148472770530028,-2.6486045832668426,1.7564391774314507,-9.31501186416684,-2.2522289154054436,-7.835258723800409,10.618184642566668,19.13486751423732,-3.0143471600807707,-25.486276864556377,29.774242938681276,-4.179155651738651,30.454552534152256,25.401240113186372,-6.137378687859714,-66.5337010959565,41.68963243926415,3.437691222776108,0.0
-0.13293878237886272,0.009318807913822323,0.738370620692973,0.9988258118492314,0.00274552245825958,0.011777580129917146,-0.04691213378686987,-0.5574478322522478,-0.023579813285925875,0.009943140435334034,0.7087982845024142,-0.1635202565664445,0.024764195975891,-0.6240863172564722,0.0038793887300908243,0.01071695418202502,0.9669296331538823,-0.37281378845586477,-0.06480953171027035,-0.8212188947067616,0.021587532060999448,0.009241662699331243,0.08028194407420866,-0.21374497007255777,-0.23037934106123012,-0.7330303796706614,0.34797193120927367,0.5774475682272812,-0.8355891582988151,1.9089069608752802,0.30973353464114206,-0.4343086556722608,-0.0711493529786174,-0.7270069378046359,2.786225812759839,-1.4743994409975494,-0.007681385352845271,-1.928690768049649,-2.4631772411335735,0.1844477607735986,-9.457971733767689,-9.938633508772899,2.9951723888239004,14.51677948206741,12.948206248561526,-5.215578019492912,-13.22727056944385,16.058076197221578,-5.43651592124086,59.19087621100017,20.055472693346026,-4.70291980403244,-68.1953725559459,34.75819555206131,0.2254277403124388,0.0
-0.14982524660285923,0.00935072449500474,0.7385844697536359,0.9987543989927276,0.0030023203940094064,0.008588861491311817,-0.049059841247284554,-0.5669816145782626,-0.015247297714033022,0.021468895454332167,0.6854749965955268,-0.12284221994614139,0.03460975198641524,-0.6252758656470115,0.0050559102638084216,-0.003750181085839204,1.029539751535732,-0.4082413034119507,-0.06773253665229859,-0.8630039248689043,-0.01850502352975246,0.01121362171212287,-0.02362732251612426,-0.40091497459398345,-0.1986712394714383,-0.25504264783830904,0.5706462195728376,0.6970292170829095,-1.4469847253448833,2.05065547988233,0.5498643232445016,0.36125128289013053,0.23348544191563075,-0.6914318804740918,2.9329098002891962,-1.5419425598893324,-0.14617269818832043,-1.771651871454131,-2.9632919382741094,-0.5775030755314428,-12.617171172380445,-10.134738875195001,0.9207380535930239,40.78256942225612,48.98447649547475,77.57052884225277,-53.471642029556456,-31.0172827692265,24.040208975759533,54.538536082243425,29.312467659856,5.107863993229502,-49.18639141988983,36.92681887558473,2.949884499398478,0.0
-0.16771805825112138,0.008795856895719155,0.7388487901136667,0.9987064901365299,0.0027831614392217156,0.004208576294332714,-0.0505953402711122,-0.566066674896384,-0.00601229350606294,0.031906614360079744,0.6448558595706314,-0.07949406811153234,0.044042382330683416,-0.6131062154314125,0.008279020675530328,-0.01708290891422492,1.0905838256483449,-0.4492543832155286,-0.0728167715392765,-0.9255763787918665,-0.03654312948953676,0.015061036277578072,-0.0012492893464982214,-0.4455438985524576,-0.10630277690575071,0.07628376934996568,0.35622553247527766,0.2505302930956093,-2.204115495735313,2.4391294907432846,0.3375836527278996,0.8533954366000713,0.1516189623118158,-0.6080525240548145,2.761050203518826,-1.843710879136729,-0.23412546805035206,-3.533018562867574,-1.2055617088910384,-0.1981636373474849,-2.845170789184846,-3.809744939570203e-05,3.818281611286876,-0.7498722043566566,-3.876465241588524,-20.804245210287338,-12.87974525046488,26.987071221029687,-11.625675071742728,29.618951379926227,5.345125270074474,9.594578595518398,-53.439903963249634,40.50976414285857,4.930471964436483,0.0
-0.18698451481554307,0.008049701178238276,0.7393124172828681,0.9986493819902813,0.0030995096770006156,-0.00020595342307609297,-0.05186292002362702,-0.5608673295245916,-6.580952302754587e-05,0.03641956726347183,0.5909780333830883,-0.023807746807385722,0.045931892722698965,-0.5903601692342935,0.008199675841462403,-0.027020649523452494,1.1317643285885952,-0.4901285986345283,-0.08097226532090866,-0.9965176679331721,-0.04055580041613884,0.018908146971702712,0.0667608731602356,-0.42029293280378793,-0.1586049008326925,0.31339297116251175,0.3021527924096185,0.22006687634114183,-2.937567802695561,2.9940279503545515,0.038009454462110154,1.307302393249764,-0.0481177907759316,-0.36531059632125146,1.498123902152987,-1.8195095309394724,-0.378076177734665,-3.8541541793735687,-0.5686168233425938,-1.4686257720436613,-1.3093069202594125,3.2517545677285753,-5.047941361257495,-1.755463308090253,4.507610118817805,-0.31388617203609187,-14.541720028951492,16.954615167608043,2.525894662064513,13.16718012831409,1.0935268648779433,16.461031968033318,-57.48395802424032,36.13206401550713,7.5475208294593195,0.0
-0.20759747819385432,0.0071868974736305465,0.7395520768492807,0.9985330504053344,0.003774327964211834,-0.004451940124210686,-0.0538301209897083,-0.5506400033818438,0.005664792891991187,0.04032965456144095,0.5227025210396977,0.040870200891963374,0.04281865692409276,-0.5589716381950397,0.006018597477043688,-0.03032949876997326,1.1442316724577961,-0.5243569738961499,-0.08525860221014166,-1.06272140750582,-0.04698849767145696,-0.00863136347285971,0.08179556697356483,-0.39835026611451657,-0.23380068760675526,0.5001719791980939,0.3016583609602676,0.18887922842887128,-3.5236709980121033,3.3136400917948916,0.06167512375763007,1.6481091368817342,-0.12275321601334606,-0.024745583697613868,0.16195066184460066,-1.4833329821830572,-0.1582121872187708,-3.8319573288374498,-0.6018612491766477,-3.517393792289012,-3.1577040895778943,4.123399059850709,-5.119668312045597,-13.218015048031578,4.592725325444944,-1.0647712018775835,7.048205357161502,1.2617631410571777,38.67427473260768,-1.3183683399044233,1.7521011562691788,13.591653619723491,-31.780971770962182,29.0304556428291,3.699830756721598,0.0
-0.2293792889421728,0.006145707418725342,0.7389624240421496,0.998362279162326,0.004498510903830911,-0.008865911138863614,-0.056337541347940126,-0.5364699358753695,0.010859714661544435,0.04286924634990876,0.44453466774796035,0.10964588982114065,0.044896453356547496,-0.5208139872921298,0.004036768417328884,-0.025992116451448388,1.1314921486939402,-0.54649277688248,-0.07892632604186127,-1.115741910956478,-0.05779221748463459,-0.06429686849240979,0.08146492190834462,-0.4408801624196422,-0.27065428348167103,0.6675515762226887,0.2684451205523316,0.09995703888762132,-3.893664619219473,3.4586027047478387,0.38209065332326797,1.9471862365283183,-0.06416706154594531,0.35610986536118344,-0.9079582341514246,-0.9027401355450672,0.34857556742025325,-3.2936587437240217,-0.7876935597710585,-5.245337201837854,-3.6921370424426447,1.6732074836574897,-3.185053114037375,-19.237709931072672,4.822754152645241,-2.248455574628682,24.391191691475537,-3.4137675956691966,40.718809137545485,-8.00296437957307,5.442814717059894,10.783287461641109,-3.2926037823491434,18.425767986276544,-6.293222267653468,0.0
-0.25190450727423114,0.004874769803557528,0.7369847337213251,0.9981338608615461,0.005107436332686457,-0.014217890395838212,-0.059165543083983085,-0.5184245818721216,0.01657327785543411,0.044905157624895026,0.36143139530042134,0.17866323772637183,0.04590222506444077,-0.47247753397278824,0.004502407156088922,-0.01268079749956681,1.0854095445921579,-0.5439060435286586,-0.05969787086247075,-1.144727243381752,-0.06707956070693978,-0.14795126881773366,0.0955406951500277,-0.5541596036428088,-0.28183205361067487,0.7814242278481607,0.31488232736489036,0.14595559493825233,-3.8895913942538463,3.1666857388061915,0.06476035065868463,2.4995171673802594,0.02927527788495158,0.802695417382959,-2.672956692795538,0.293914508857307,0.9241330186346988,-2.881262715780312,-0.2795701417087777,-6.738472885362229,1.0572307060479598,1.9053426505263968,0.8611515591793172,-36.125191771662884,2.4128984797870285,2.830233245624222,63.97135761187989,-64.0056477441426,0.06968747529434997,-13.050899812583243,-3.9568348906587456,7.370797213259715,11.429814325094465,-4.647425491961594,-18.222028038737225,0.0
-0.27518103180974396,0.003917866464234594,0.7337710105111543,0.9979880031392916,0.007577909675695831,-0.019991594783285917,-0.05968967258258629,-0.5113279441836313,0.011490464457059644,0.033863224373331065,0.3056361385714282,0.1734961979646378,0.0041356579874915235,-0.40495832910109836,0.0009512105361523236,0.01356219601021636,0.9648320500060178,-0.4783149285012289,-0.033758621783886646,-1.1909896145175176,-0.026901208979036785,-0.19905651157736456,0.4883949573244411,-0.5080331877619001,0.07303406472276269,-0.046021711318875266,-0.5778437251100093,-0.4908759537117747,-2.1432611968303337,-1.2784266343644404,-1.4908418157785297,3.5119018424873842,-0.4666003166455909,1.6286196577766503,-6.934175463550648,3.3991237402981898,1.1677195107906773,-4.056180153479425,2.4832505768259003,-6.058733463810044,25.84825695239874,10.944693758203487,10.159537129525072,-52.431839963763366,-25.10456611735251,44.59948076877624,65.46411639406996,-22.795589238534376,184.59530665365673,-28.52319036510655,-39.171064837934566,24.76664853118884,26.837474551197356,-65.7091998317144,-25.371811620375922,0.0
-0.3001594577128548,0.003485855230026415,0.7297937702790226,0.9979552923099887,0.011188016237044919,-0.023608421415754727,-0.05833271193266468,-0.5345225141207686,-3.707321586174272e-05,0.019085621813132767,0.3020151901158178,0.10698554510236735,-0.023553696091210604,-0.35542858409105804,-0.006547391026306806,0.032007133255978926,0.8209436154128256,-0.42455720318977114,-0.019275122100339482,-1.3193241671903693,-0.022283887596690782,-0.13701765756530485,0.11282896060245365,-0.15102146276763226,-0.16461755892066493,-1.6138090903531535,-0.09787819758398913,-0.5579080879455266,0.4206634232725294,-3.965173244682378,-1.3094790024680398,-0.8253162289621738,0.20712001748463346,0.4325281360447307,-1.9080762232946713,0.8624887028665938,0.42989312361420573,-5.395702501702679,-0.5867103929375613,10.585673039887022,-37.56678135084626,7.454913552434363,-26.995230502418845,-4.197917081306025,57.49769911345267,28.37412224760171,9.204182135689463,14.273020865268094,15.351560459841918,-304.9351375197329,63.99094591931253,-43.25703495328588,509.4430617400422,31.386069533275492,-32.88496096745347,0.0
-0.32785654214363985,0.003186691791383974,0.7285833329249628,0.9978170817041928,0.009391689482073199,-0.02215394108749697,-0.06149854081432271,-0.58949427131199,0.006312861897528957,0.0088984767047041,0.37610068594388896,0.03422408929322135,-0.013907495639612083,-0.4083503625762339,0.005425619318705716,0.03321510076508897,0.8290176770815048,-0.39373398429245976,-0.015434690652985947,-1.3986699661682103,-0.008683228973033608,0.010149531937034686,-0.37455080743429925,0.17402202191798746,-0.38011106367164355,-2.691614679745552,0.5961185632079941,-0.15806456417408282,4.695491950666268,-2.7505551534134334,0.5723654258310481,-2.992775429000627,0.7965495305702938,-0.13613920354753842,0.7021089271207257,2.1816647786148655,0.06188225078863961,0.49762249990018675,0.9638518744197594,8.268440554294937,-13.487262437350127,-5.055002786083877,-3.136912824618926,63.45013922918094,13.421900572945994,21.29987787661452,-21.810315999027054,103.93235360380689,-8.919772397660553,24.94160899097126,11.417657495710486,-15.605970411179012,-55.844945957603976,72.97817181622827,-9.217444329551556,0.0
-0.3558010080833519,0.003644041006833721,0.7299400777602296,0.9977542162411787,0.006102978727116822,-0.020277516637793522,-0.06354604584559044,-0.6432898608985201,0.011758114644951398,0.00792055611823303,0.5032459383928568,-0.03602612925101662,-0.00856549723670294,-0.46099665609247026,0.016504336000574066,0.026153688755297826,0.8281768209049304,-0.33981822397141553,-0.0173012556931183,-1.3867383100293538,0.05192451222377055,0.12256741406264177,-0.25889705639518507,0.10843778511418972,-0.07957701579143497,-2.0816307748081657,-0.059351801201345644,0.06722691028151997,5.950221206375009,-2.931980154654346,0.17650239548386942,-2.1584046893856472,0.3069019039182382,-0.42894850566158527,-0.842284074312788,3.0881989982963622,-0.11162317342361948,1.4416984573846778,3.474139444188174,6.238511549416993,13.546585064550056,-8.047865074638871,11.427676535843334,97.25149549004655,-41.435456241332666,13.258613402748628,-132.8910139012189,84.3698942085148,-5.148949123316009,58.940184974646286,-30.49796391703853,-1.6211173820918474,-94.51699187784021,39.570947825702525,4.417080451417948,0.0
-0.383357376662975,0.005398603231787403,0.7328455652654627,0.9977347288508239,0.004608116289121966,-0.019932767217109473,-0.06408479461077926,-0.6808102940347359,0.0018091717430743944,0.008523270256187782,0.6526189349243949,-0.10413053704335108,-0.005811092693963246,-0.4945297120762134,0.019553864883744745,0.019834617001456473,0.7965862765999554,-0.2722847652615962,-0.021022136402655264,-1.3665512707784664,0.12107981114334364,0.1717548072223005,-0.005040880918520688,-0.061627317337003905,-0.06153372182240069,-1.1592182792228032,-0.8712519059479434,0.14220866289739756,6.957048734429776,-2.7747596179506897,0.10926117890267227,-1.2655238241003377,-0.04747070746588147,-0.18436426048642462,-2.1595761195945338,3.5534333514884975,-0.17980067243374107,1.26068031049112,3.957095258152041,3.0941401376161823,20.13814017427359,-9.544844946867396,-2.8607132807709608,105.78221898842125,-42.5070496037239,19.791923132231876,-145.83591503823953,84.0505442840265,-3.0361765237584604,43.18859347581477,-27.355578549239556,15.953310101155578,-58.92611623495964,13.36865498972082,3.389848230171343,0.0
-0.4105342217534574,0.008284753693388432,0.7365091542746353,0.9976622677646978,0.004856229315528028,-0.021493717208905118,-0.06468722158184098,-0.6949482973972878,-0.020721599099292894,0.012044242237844695,0.803003504423704,-0.1768979429582217,-0.004540241850611192,-0.5107472544371576,0.01638552395848123,0.016161160337444413,0.7408708146261048,-0.19876106906169663,-0.025930709984437843,-1.3532660776771779,0.16827638788387336,0.1950668580661218,0.1250676701123026,-0.22038132599164503,-0.08358986141731001,-0.0012725378194714532,-1.3515054615287245,0.3223070254841754,6.69994961313477,-3.149775022007743,0.04499871875818922,-0.497559913440929,-0.35829335882619573,-0.19549034657286016,-3.203024500284737,3.6662157684206944,-0.24830128529257395,0.4169526653373259,3.0539791189990075,1.0946431888448287,14.191895365056759,-5.6800462791108375,-4.552688241734263,92.45453132238764,-26.297920439715575,21.549736845490745,-154.18963112972352,79.82640222078818,-1.6343104544984532,27.572539315152092,-32.36261665552165,-6.12318539359928,-35.735036615000354,-13.05667064760841,0.5742307816739773,0.0
-0.4375182846816986,0.012106385405182881,0.7402348010975263,0.9975168808863814,0.0063505696605982405,-0.024501520534049186,-0.06572228011267782,-0.6838208252906467,-0.0513216369215434,0.020391224170477843,0.9350146061309417,-0.25268260901195494,-0.0037160625722038364,-0.5141065204688064,0.0004227709846038553,0.0029373613733856487,0.6677806486785076,-0.12202556253558963,-0.035153668218449126,-1.3503907317063804,0.2115851009010621,0.17821588626079088,0.23580206970541623,-0.3205699913259976,-0.17726466892637768,1.1712025314021568,-1.6392890372592113,0.5802234462191447,5.703099662694597,-3.3071453457838134,0.030319856082927994,-0.058026303820726224,-1.0872155178023637,-0.897983252357564,-3.700310271254621,3.240692610227317,-0.46583037896624846,-0.5945683018980772,2.196653580092838,-1.1273201611772066,8.819128847263702,-0.5552704160217086,-12.112064052142854,72.93889654276099,-7.625139595066129,21.16880563681823,-139.45625434550317,77.1602067229999,-1.543419841421627,0.10371401411862902,-19.892373222238234,-10.605506885111321,16.375928551214056,-113.28861764099229,11.604034957444796,0.0
-0.46451344519291515,0.01660084774920584,0.7435997350977669,0.9972385999357858,0.008390648745120808,-0.028566788434448574,-0.06803462655362039,-0.6475553224136072,-0.08472369776592205,0.034669171276845594,1.0384541650355739,-0.3285905830274581,-0.0034979289969891084,-0.5089009153095114,-0.02726784259953082,-0.024908869468729923,0.5881596538083168,-0.06813404142668417,-0.03828495908349255,-1.3565561080652921,0.2355052851991439,0.1548575007680496,0.2330593700270544,-0.40828757838195107,-0.3457728998703758,2.343515453394441,-1.6512665300790834,0.847501890994921,4.314049559381363,-3.3346885223778404,0.0031048956091876594,0.3248847963395065,-1.476556909489143,-1.596771446708816,-3.9221137142716427,1.7677529526145854,0.03494286042062777,-1.3837105336033149,1.0661256927494627,-2.0722434869946724,1.3717565797883566,2.4169856650825774,-17.225488286514526,54.586478546923686,6.129743962005371,14.647371122538674,-113.95181311339687,73.35378650173439,-0.4899557393980806,-7.868950305399956,6.720875160701014,-3.230748053374632,22.12377140352902,-115.11172220418753,-1.6635422468388397,0.0
-0.49177405822204684,0.021498641383338374,0.7462738268158431,0.9967597556406752,0.010375473454976757,-0.0332239735658467,-0.0725155615452481,-0.5897410210590412,-0.11713087862576256,0.05343757957900235,1.112409912863957,-0.4014770964750526,-0.0059239192359527995,-0.49814892510601555,-0.05890674560691325,-0.06515340266858793,0.5054701995363244,-0.03935649374803236,-0.03929344851582914,-1.3782603014768209,0.24990477680245812,0.10825856908194754,0.20434231507555034,-0.4365136008521844,-0.5986455520975372,3.2444164742270765,-1.5397537901969158,1.0175013026779778,3.0157490713786546,-3.1926011593311174,-0.13425905746162783,0.44674142119323285,-1.3563832434362881,-1.9314304123535462,-3.9932930405782248,0.7719116684614696,-0.41698307101866294,-2.57418625519384,0.17981395554107277,-3.512089661126477,-2.3956444323162125,7.179791285457688,-19.974594461940928,28.885276383961312,13.522014146059018,6.998458030319727,-81.43737962937686,69.17003358535186,0.9907351860594638,-31.4153801425278,56.861523852969555,50.49469892083479,32.40982738741439,-77.18129859670083,-90.24930088992419,0.0
-0.519703983748884,0.026560736929145366,0.7478129702923145,0.9960840246010925,0.012032052762120748,-0.037652377508916916,-0.07908314680604218,-0.5179821033324482,-0.14665036375786325,0.07262037929296782,1.1589550260433255,-0.4665605168254182,-0.012058868774686227,-0.48833937712431835,-0.08267114880538694,-0.10559575438788632,0.42460498258912255,-0.03571870661244649,-0.05036651747409695,-1.4196235525637408,0.25516460148166636,0.03971114516447628,0.16080541777447963,-0.3865075857449602,-0.736398244851197,3.720372387211614,-1.404518826163298,0.9156468660045394,1.7949436408864508,-2.824720079244629,-0.29881231789178103,0.3333777785068418,-0.8933241887368129,-1.7932069877229753,-3.8494332363821395,-0.6219567904585288,-0.6059311219126848,-3.3849003415302117,0.07476312183237452,-4.980093023291916,-1.8943147860760057,10.616783710255111,-10.126114500279089,1.1931727035461088,10.609920392871082,-5.241032081148687,-53.180683314776225,60.57082123409763,4.773231336910003,-34.77012344179633,49.84671201370206,50.343760791187485,30.404512702426526,-70.93960987308719,-63.37120330025869,0.0
-0.5486364498780879,0.031653488654369365,0.7478139870147171,0.9953270830543717,0.013319888961513204,-0.04119723854697653,-0.0863097087970568,-0.4395192440417413,-0.173550042157302,0.08636583997495857,1.1765025872999504,-0.519507051557669,-0.018451766155649797,-0.4821037741103234,-0.09588927246732888,-0.14046793177112465,0.34733269573916586,-0.06254665150780649,-0.06380252074600429,-1.4780605127453932,0.253499935199463,-0.04568967302631044,0.10501243322970542,-0.2728451051002947,-0.7197127491068029,3.87441271276992,-1.258008590358618,0.5286408042806268,0.40922888292002396,-2.2736741144857375,-0.27941707669346316,0.08873099048637771,-0.343910055856313,-1.4243667362522396,-3.6558982641581625,-2.029810983418359,-0.8312363617699684,-4.03558000588665,-0.08133168837648651,-6.184178122984948,-1.9551981445223687,12.679116413742907,2.385309925748286,-20.95235807306568,10.306117336097367,-16.182123084317304,-30.3763679775305,47.13715331277438,5.743843804755498,-34.67906877338092,36.82048708145183,47.34065721773099,34.43997308474274,-82.23657134271943,-6.979645785666159,0.0
-0.5787406626439955,0.03667590477566475,0.745866320733035,0.994648136316066,0.014215409542426642,-0.043673515773691274,-0.09255069461912943,-0.35901261879002333,-0.19754624085946373,0.09032564024945745,1.1626641144529775,-0.5608032976210715,-0.021215025191315663,-0.47983754051972255,-0.09967925516704745,-0.1682250282315868,0.27400461654550484,-0.12169622135951745,-0.08254031546994191,-1.5350747494878583,0.2503381508700474,-0.15786393434726326,0.08022735464873357,-0.18082985829947304,-0.5313987377780788,3.8862698282822317,-1.1113207764875999,0.007257712987901416,-1.068164715943741,-1.784399956342965,-0.08960512927939669,-0.021759412824183227,-0.049779427590991576,-1.296040904099351,-3.5624422740432133,-3.7949058110990723,-1.821383068469133,-3.9045256378078723,0.050100817497884705,-8.102007430932225,0.6624640847509228,11.54132982248221,12.990650725380506,-34.807189731399895,12.04352116706076,-15.087070742439087,-4.351759927454147,34.394436522062975,3.0469601569966134,-27.681186559492346,17.76879920912525,33.91221741537794,22.672898911749193,-62.03323253986336,-32.497967642560184,0.0
-0.6100198474277476,0.04160256824943579,0.7414365778917342,0.9941909601228984,0.014862868190736473,-0.04523973935731327,-0.09652355122941333,-0.27897904985065297,-0.2174477249920276,0.08299636461144212,1.1152568947920183,-0.5920352693229015,-0.018104316583064727,-0.48246046574759976,-0.09655620632729883,-0.18443584870078952,0.2067366790439963,-0.20550504633119332,-0.0978679478758849,-1.594972019460106,0.24161680487302412,-0.29475504351027787,0.04429216068486262,-0.09262117300901657,-0.214629398950894,3.7758083569627234,-0.8420687646532088,-0.5907883000133783,-2.6341412197787863,-1.36446329923281,0.1840649894292429,-0.3136296669494889,0.2942377016839298,-0.24840627685394878,-3.115582044115756,-4.678572039077478,-0.27747046406561415,-4.850684323924264,-0.6801523053612752,-8.879280968424915,-4.388866699281697,13.548464591696668,21.404721473252785,-51.54134928305428,29.24677913144032,-12.56070234666253,24.429617273891093,23.854151793756394,-2.0112635111888637,-38.194504640606375,6.694663020369433,-12.550877430077952,31.434559536634094,76.7084852377239,24.170991730194814,0.0
-0.6425478587035258,0.04620399914075678,0.7340996269919796,0.9940995094922552,0.014741288536744975,-0.04572289910933532,-0.0972536690134226,-0.20072519845780806,-0.22957486104095814,0.06253626819026208,1.0283514823899729,-0.6209477599100275,-0.00011517173906706022,-0.4934799135974853,-0.08536533794813625,-0.17765282790137288,0.15161603587675987,-0.2908337362428147,-0.07839133946516653,-1.6627814254595448,0.2180837758828277,-0.4469640201948252,-0.07768040313437982,0.036055613774474346,0.1609957797669803,3.597483278622816,-0.3163207666485284,-1.261800106563563,-4.575533802961816,-1.3574395521783158,0.9059583476182552,-0.8146567823883185,0.6564688417298115,0.7138156562150256,-2.3458116968889047,-4.216686491928555,1.3212057671003499,-5.274864288464091,-1.5677860521318667,-9.827371495427371,-10.059363615927827,14.98021152622689,31.535833911753798,-66.84523286792674,43.09465357180751,-13.229814709018573,53.7602334217788,17.348750485920206,-15.225103894454287,-34.84731802460699,1.1466961834973646,-24.48398480479488,18.388081446700944,36.57542197387593,8.506680339506868,0.0
-0.6763281213458238,0.04993118494359312,0.7237487081513454,0.9943503872577938,0.012216834843564225,-0.04458309791406511,-0.09555314587739203,-0.1152487012102646,-0.2269213100604125,0.021541102057055277,0.8527049963439594,-0.6823045849668462,0.05313909218291493,-0.5228737225032436,-0.06015849539706751,-0.1336349339251376,0.1334582063506229,-0.3401931075800559,-0.022974520329557536,-1.7369950091175146,0.1504517014466002,-0.6012041755882699,-0.502842678592037,0.24352129572679446,0.4246922390736925,3.933436585960929,0.7608927120043967,-2.4918844743848783,-9.714173178678475,-3.2131352103837276,2.6002744033479868,-1.9192551710683383,1.4927676606638687,2.141022727488902,-0.36121439783804826,-1.861875207739977,2.5822235060765872,-7.353294943839243,-4.484561324879154,-10.797371869499047,-33.553668710105995,24.503573998351076,41.90437282624218,-102.27293959555016,87.75718533212732,-25.68703826277203,75.09817897206183,31.59526225517788,-47.016047533561284,-46.17369837514377,16.05453114462549,-56.52704976343131,-27.23537113094183,-3.4963716596818095,-52.38619664038945,0.0
-0.7116718280527885,0.05309750956848013,0.7140407353876465,0.9948263810444249,0.00948128363887583,-0.041420181621084566,-0.09227646174994106,-0.11835357652385686,-0.19025286141189918,0.03924492903556508,0.7557003643661686,-0.6291621183786272,0.1494293862073218,-0.5840070958324987,-0.031962048378532164,-0.0824935712648187,0.20138054335847516,-0.3151546545952722,0.011286313052384696,-1.7295427257451719,0.2068890865501376,-0.30304643461463154,0.184924428511773,0.04717256276420369,0.261826923535023,-3.7230139752786053,0.9573236470133161,1.7676811682026354,2.068540666422271,2.958632588919675,2.6099314458978333,-2.6772781237346055,0.8230949872646652,2.1503564940060698,3.6026107934219778,1.6027313846105624,1.3268757583783275,8.811371345658255,4.517571753142076,21.74020023204309,45.97269157803458,-49.44883729711095,-37.53907938973373,-148.8124309902991,-128.89493549497575,-16.197267864980013,415.9513430087154,-276.96772272104175,-242.02022199272355,117.46925826953388,-14.47665668738911,5.400210738899984,-346.2159621547114,-214.27383854115502,-26.96317687590779,0.0
-0.7462312237238027,0.05746082228274462,0.7100479785172785,0.9949794757336775,0.012976199151191579,-0.040115763242702336,-0.09076445705109053,-0.2202892516834449,-0.18137355336352048,0.07074133695828604,0.8420245119049233,-0.5940312707125968,0.1694812542908697,-0.6536892778366153,-0.01517460152063866,-0.03406984458133875,0.33302177026852947,-0.2586829366407258,-0.018384241414570335,-1.6867948901718481,0.20969965790584552,-0.10437439213710484,0.3786110452870895,0.05466582388396513,0.04363611995710664,-4.953647655525519,0.3018388665289851,1.3905878165480932,4.21656448155072,1.6458159494870452,0.2945140777278199,-2.96961181144746,0.7073607606229606,1.6676879188373164,7.152920104231063,3.4437592395776937,-1.8211905787503488,6.106210655001031,-1.9749674729770412,11.28866278252049,-2.3447262618411413,-21.030682978240723,-10.681048733407934,80.3376578025967,1.5828489009997806,-20.47579194146723,-112.97076802923407,31.942776341849616,-43.96303850084442,122.3930092655365,-11.940468915880967,-105.24033126832126,-101.06293805645045,-6.354074756958893,25.071320989231168,0.0
-0.7798929340918607,0.06109138857985523,0.7091151139539316,0.9950506122850262,0.015416483998794148,-0.03840543942423802,-0.09034175798012964,-0.31467592137145145,-0.17122017461321953,0.09347917614102952,0.9079310036319169,-0.5536123108714806,0.17105344668851835,-0.7120302609759207,-0.0019486758388308802,-0.01952527807177619,0.4970324489959397,-0.20585674170462653,-0.07847787248341614,-1.6721450591825016,0.15347264384119594,0.015214173446235576,0.0675652387721008,0.24431320975154724,0.02762789487005179,-4.3022386718168955,0.7193375229729608,0.8856722861752359,2.2954075157533897,2.396873216889806,-0.053230499913852765,-2.220901663389218,0.6821412670199603,0.1016286006114427,7.225129341298471,2.351573559556371,-2.783661783488036,1.301532064847209,-3.300861936632729,7.636351301221537,-19.96767481999494,3.2760388378777368,-0.9071471106431941,54.71308805402515,25.61103463081491,-29.299842741211947,-118.86725056696048,43.633769134547514,-12.701299344618835,107.28489274481328,7.666500033645939,-52.696195704760385,-195.6198587261078,-33.097329467379915,54.73649613703437,0.0
-0.8134690249014753,0.06394431541390702,0.7100182583050104,0.995270153510873,0.016125190223135924,-0.034302604369414645,-0.08944624701006892,-0.39577167897314747,-0.15670799386233586,0.10693744194135325,0.9335349004386916,-0.49777306248383624,0.17084310096684518,-0.755756587868794,0.012987591672991529,-0.008992003175039606,0.6587986404918674,-0.1829200801001093,-0.131498451258872,-1.6825494412051678,0.12954839630479884,0.0837291116136019,-0.03605476682200734,0.5256729980995404,0.14927432873953608,-3.7957917927637888,0.7992425987314515,0.4888004568269253,0.4622046971012873,3.0652109974754183,-0.020728215285630704,-1.6096739982910289,0.682986342679843,0.43059427476534357,7.148078021375609,0.9340115678277228,-2.2650538146379846,-0.5380040579182146,-1.6987273658088426,4.962988862296249,-11.02710279391437,10.765376632811515,8.08125959696922,29.59314222116886,13.942831654511812,-18.730757112312567,-86.12914869602709,24.182781168268562,-4.468865048738979,89.83945721200128,-11.657976351589497,-27.738843209474574,-184.3279959067866,-8.056330551645553,47.27233530710126,0.0
-0.8474490111825143,0.06642875894684545,0.7118064715964697,0.9956563657067343,0.0160929241680717,-0.027386421048708663,-0.08751801621106753,-0.4694030356173832,-0.1390201462245544,0.11628033356191836,0.9287187004715706,-0.42787447853451405,0.17085912047173757,-0.7845223280318778,0.024917471992434666,0.001088611336256057,0.8057293229523402,-0.18240104771161325,-0.1606253883374621,-1.7124844196219364,0.11036803102539654,0.10325135641316024,-0.14191073437851975,0.8048726026137262,0.22385267280836524,-3.493763401337564,1.231309839967285,0.6485820279829232,-0.9798406032457881,4.626394973299712,0.37578566905698185,-0.9206208823728802,0.5220011683028756,0.3595816433638343,6.341514854760954,-0.038470850075181695,-1.12922688518916,-1.5545500480720438,-4.195175876634822,1.5293491394596035,-20.854475570981748,9.804904330948375,5.757642061059289,48.76036733944717,134.3751520970168,109.4651481832778,-165.22282919074493,527.1013290373901,203.89827956615875,79.23604810210894,7.715723663939204,-22.231086789942232,-170.6817586774256,4.770151713175925,24.685908752533013,0.0
-0.8818844887109378,0.06861397048134579,0.7136867340611944,0.9960833570575869,0.015214852877309152,-0.018745509606715633,-0.08505915538255947,-0.5361135098510164,-0.11579458625859225,0.12692917655417874,0.9021054897303944,-0.34503802521546917,0.1750079916260624,-0.7967232307586871,0.030071325824808443,0.0017639692757337748,0.9324666802579091,-0.20663625087077053,-0.16777645553096512,-1.7311181415526424,0.10007883277421457,0.09240374320227264,-0.22400384525621914,0.8920080948400592,0.24337848517033786,-3.153434694691114,1.3258578487844392,0.592800315227249,-1.7297310817488698,4.339341456852981,0.39535543604051915,-0.11483438120065276,0.14854872158391283,-0.17467061598980338,5.462475827492737,-1.1887950916276315,-0.14624754527643744,-1.187896307729527,-0.8043333591467113,-0.09684726965293938,-8.502014033140053,3.7929645178699847,1.1654412964111933,10.30056000220622,-0.9475414977671832,-21.998180020318053,-10.710565637241729,-119.49378729536475,-69.54721396038406,64.39092940949277,-10.574264266233305,-18.93998485110277,-137.8719419179165,28.378331759348523,7.33252414179542,0.0
-0.9164710845730693,0.07046685451312935,0.7151506936180069,0.9964400436748336,0.013374620972894404,-0.010452145118554641,-0.08257791192290616,-0.5925415009714535,-0.0890676099643363,0.13849875146486404,0.8603034048891545,-0.26203536608739475,0.18350644198023203,-0.7905986330067999,0.030435409060799917,-0.0067287759002155785,1.0425464633637798,-0.25844022759902296,-0.15721167963830687,-1.731225039809002,0.07795307688214193,0.060096232892061195,-0.3257313084665174,0.7569078557778348,0.24317581149729062,-2.5561644452472967,1.562530835330118,0.7095314168177971,-2.3446707644219216,4.084646073715218,0.6483512923245569,0.8098509690817115,0.03283208525747612,-0.5656041564914049,4.81308854048987,-2.451067791870432,0.5651400665400205,-0.4160816261801336,-2.4486939320397014,-1.533366843822029,-12.751484743965024,-6.21190834547366,1.2703440944228375,31.216331236625003,47.83829614875686,33.685710975495866,-32.2047217580056,40.05782797532559,59.92757303483354,63.495572668190285,11.505844119049103,-10.44246142473449,-113.867366002714,52.46336315790382,-9.469031496506073,0.0
-0.9510361465525665,0.07178436150693426,0.7159857484615189,0.9967473655818087,0.010380525052507642,-0.0038125109923087632,-0.07982730526136317,-0.6368865165292981,-0.055614829002454284,0.1543636661943979,0.8103310296185335,-0.19572575257004185,0.18688896099710517,-0.7647039543553621,0.03034926090342682,-0.02129725421630593,1.1348501963365232,-0.33094815132511496,-0.1368615563577383,-1.7310982574206129,0.05607370908036866,0.02823286080015614,-0.3870955374794024,0.5703687586116801,0.310500940061396,-2.057619513309077,1.7003706165505497,0.7946863939115191,-2.491551644121472,2.616669066722094,-0.0025872299389766776,1.737821631077491,0.01544466106178789,-0.7964581639453243,3.96483706498859,-3.331914275433164,0.9520991548256048,-0.6823394992713626,-1.0098346632062303,-1.5682512948857514,-4.592021335196701,-5.9723718819678595,5.801698452455924,9.767011358489338,-3.9597272227412805,-6.782409762061574,7.56235074381777,-80.08504712987262,-8.158311934761313,49.26427356033655,5.588252963144007,-1.626643521429997,-96.26411002016086,69.26210822419436,-17.929449331278246,0.0
-0.9857291389379678,0.07287282647229146,0.7164121961466252,0.9970456971406704,0.007345373456264151,0.001158414569257055,-0.07644986185564308,-0.6730031731326956,-0.02384122949648943,0.1697827547497616,0.7597212184999449,-0.17141592722923185,0.165783828427661,-0.7217847839958891,0.029637531962919562,-0.03880135834415625,1.2079428815327415,-0.41171681271230004,-0.11039995066397602,-1.7433136396192237,0.05303471414101068,0.014556847851080409,-0.3170559227106224,0.42697260634736306,0.3656037125615282,-1.6769968323269981,1.4613588098498347,0.7570143592625587,-2.5773451186023895,0.4649808520161287,-1.117696363539463,2.4586213834050694,-0.018014451809498913,-0.8685885176957407,3.093542540935854,-3.61161360649165,1.2027853002272193,-1.3771935977259764,-0.10593692466826071,-1.0372397715661141,2.0070303645600935,-2.977224082300974,4.126719683442164,9.218790111698416,-19.504024479946224,-6.375801712664047,-7.432798225798977,-62.836138846900205,21.022702812146647,30.593434767004627,5.672784069291934,5.975291728651923,-76.5282674628515,75.98990189098345,-23.480856060113684,0.0
-1.0209397909934097,0.07402423633063517,0.7165867112890562,0.9973397327466426,0.00522040599214643,0.005265083849345141,-0.07251540345465025,-0.7037869327936671,-0.00028760591094072565,0.18277273816417472,0.705840980081595,-0.18542275121667795,0.1353284583575392,-0.6682154369917106,0.028642169373821216,-0.055227784170981134,1.2626110934286954,-0.4942232324254932,-0.0834701989691772,-1.781403902665387,0.06249678047377481,0.0011096054768847388,-0.19262409779731846,0.4050968772659255,0.4126192797790047,-1.561796260598477,0.8363532078222735,0.5207742065749746,-2.7734853093181693,-1.1357902573843384,-0.42947417647547204,2.7854676241511878,-0.029726497971256732,-0.727359376689148,2.2716646443590505,-3.666000898084854,1.1835055310324998,-2.711794010442917,0.5818503082304506,-1.252658873255184,4.872571368844641,3.0913107597648715,0.9187753048253436,-8.179690736691672,-45.511176202887384,-27.628651476353415,-6.309663212707473,-51.51556792973623,116.26581492495208,5.453778006928713,6.258972865670087,14.273776899639694,-57.79809667439772,76.12747231518863,-24.26937909649307,0.0
-1.057118497916474,0.07541366683041482,0.7164167398894794,0.9975943473975639,0.004411534738603861,0.009386786016650207,-0.06854155418397141,-0.73288284797553,0.008499436732368651,0.1890143078970933,0.6449371035944473,-0.22117747233727345,0.13406399693280735,-0.6113358985290931,0.027224625199476514,-0.06644776257198409,1.3012272138046355,-0.5751829986945297,-0.06413806733519262,-1.8351658378439317,0.07224771665678872,-0.023018669548425068,-0.07444446148047727,0.4284956263067028,0.34325000866081357,-1.3693803785444314,0.20425000317233533,0.1589232688021996,-3.2509164337869536,-2.451469845177621,0.1660065267170512,2.8118736866281555,-0.019955501866601295,-0.3879426223399691,1.5833698320766467,-3.586068260183593,0.7925376299271585,-3.1947998194910134,0.09972043027916015,-2.2661443277144384,2.1305495942925576,3.914879479900051,-8.990194388328066,9.318217359758439,-19.21085589326644,-16.37150228897111,-22.86314143877733,-76.28706264015334,16.36930741680366,-10.515684500151206,11.03639088485955,20.645136012040886,-39.696787415301095,73.66030527489555,-17.83482778712885,0.0
-1.094308993075158,0.07680560512708419,0.7154151837106651,0.9977296714294739,0.003969046902910511,0.01341540576422536,-0.06587697855926432,-0.7539730666285731,0.009104059184942979,0.18825401030442568,0.569161023756247,-0.2796552455716364,0.1396169150392922,-0.5526067522962668,0.027065675489197725,-0.07145140866530467,1.318625856143574,-0.6524485734443813,-0.053816918130025565,-1.883954744635264,0.06520949555654398,-0.08476020991620878,-0.09813259676678099,0.4013760832334875,0.1574666699578898,-0.8952779861693072,-0.020007266720261076,-0.18013572728513727,-4.058233207742873,-3.4449396405236943,0.436494132627257,2.890895469102755,0.06463212839466637,-0.11605442945419465,0.45293380626099633,-3.4288428453162876,0.39489996415083667,-3.1691389932255536,-0.49407758446296357,-4.8285196731619795,-3.972884175433298,2.5396318260657935,-14.896521667310008,4.95376177405539,-2.9891783722595697,-23.797593808915313,-10.708100254519618,-43.248350694899116,-32.34381233515887,-17.139081151758347,10.52938472981443,15.201700623758883,-31.53486451795576,68.02463995035512,-9.807280218642692,0.0
-1.1322882485283328,0.07809956176426937,0.7128181925797735,0.9977870655150851,0.003059242283022481,0.016715291815108498,-0.06428228330562878,-0.7714066154186826,0.0014866238252971772,0.1683187549239434,0.49079423766400065,-0.34598021660926087,0.10010043767258132,-0.4864034571842101,0.02758965018107441,-0.07185867573857099,1.291158628126347,-0.7224673640227797,-0.041266023469598,-1.9149897913613363,0.06647427479357862,-0.18633761174123067,-0.11589992682794402,0.2836346875296939,0.06313483908186276,-0.8561693386842527,-0.48468401430279934,-1.3234247780260182,-3.764357682552076,-3.6620888357767654,-2.54643121057549,3.364395442630696,0.02242823379618293,0.10657834734494492,-2.1503077473715515,-3.1088425522364718,0.5773752439372944,-2.1379823673070275,0.3539942671571803,-7.764763915279574,0.5854588203388343,-2.419689402015403,-17.667671185527922,-0.7855123299747104,1.8015458097085264,-18.000120249491278,19.826932301364874,-43.44634687001171,-14.043043572383782,-15.807768591020341,1.5228756050725643,17.89827276320506,-31.798209688163336,57.915402048491785,-11.632635012929052,0.0
-1.1704266478474545,0.07994773112209355,0.7079867063416551,0.9977435610618535,0.003017560236236428,0.01863541277246133,-0.06443137497084109,-0.798007285010525,-0.010930035893971074,0.1315609108155154,0.46964693771251176,-0.4179388887505947,-0.008888479707099236,-0.3999435047380011,0.020905582456580234,-0.06343953041229679,1.1402327476990606,-0.7839092389115386,-0.03857470193155003,-1.917458247224752,0.13245632840488916,-0.313993682991591,0.21359373190059364,0.1969558779672686,-0.19847245705170477,-1.5855765971612772,-0.7331948825197844,-1.7013891154195817,-0.1188824650914364,-3.3323465888677064,-5.174366171270103,4.357145844004043,-0.8179858631853171,0.7742987722073749,-9.654750668505987,-2.766213746030205,0.02918685918473305,-1.650786047670833,4.924474741466486,-10.805391247609235,31.014480521566394,2.499040276239318,-35.403906182488804,-24.639379644886883,29.470581681611126,119.70354252285476,229.63811033483185,253.81068734738025,89.34094547627654,-47.1798170009338,-54.62894612325784,47.82730968247245,-57.53730144104294,43.76174507015854,-4.385936188026471,0.0
-1.2089684056314833,0.08322138237093499,0.7017418715446,0.9974087617897333,0.004755622096284534,0.020882918620184605,-0.06868078096128319,-0.857428425349553,-0.01709244471428911,0.11281657338704318,0.6209065656971322,-0.42870868787997213,-0.048374113951905696,-0.3602737777530457,-0.01638581890604255,-0.08308440194046096,0.9452121834430194,-0.7097670839978526,-0.03713389987509117,-1.9371710924558998,0.16733029113305548,-0.22130212608564795,0.0019765610908635198,0.22962835268527795,-0.8653886256095115,-2.6248996689224993,0.2648621263552788,-0.30113348771839427,9.502271322129124,0.7239953559788731,-1.1429181806376696,-2.79376482100084,-1.402103175868309,-1.1430736666809576,-1.408664062445946,4.865806003223214,0.2648299049568182,2.9547064153064424,-3.0344588681111686,16.39497967941064,-30.769877603337747,-20.239192474782215,-27.06453479478359,147.78657152977115,49.5855224666405,39.7883557365736,-39.95311114795991,67.85848479124103,36.39030176876109,-359.4446452938686,175.54002707146088,103.44086050561205,786.7006003250782,-435.2249600150611,-9.613842230050599,0.0
-1.246530637097196,0.08517436977957175,0.7013138435872261,0.9969675160165676,-0.001450074208989428,0.021226023921436188,-0.07485402595072223,-0.8778284299791141,-0.013391364594455954,0.08921687112909174,0.8063818909175513,-0.41511707509483403,-0.0406652549671357,-0.4361470259045539,-0.01126396970038652,-0.10064165682241674,0.9686075844860464,-0.6342601440000061,-0.04328731588244422,-1.816344911757378,0.05286368241401576,0.1456363527800218,-0.9959310741880901,-0.254169774035394,-0.3357364692503105,0.7185163324366814,-0.015658793499959495,-1.5440172805656418,7.871296934842384,0.7136030816706868,0.6092858920109899,-3.4313138645306345,1.0459730999236452,-1.0134984668674405,1.0648190717904562,3.8321857698246595,-0.5956648272243295,7.078915684792393,-3.9812881453695774,18.122411122679374,-35.237755026970575,-26.49488201778298,36.91319135053177,207.4264594516705,-26.8358419794327,-17.43654180980177,-210.61940855263344,-2.1580257361953987,-4.544401035114668,100.03852410665131,49.304567975147286,-37.829346303216255,-127.46190154122353,45.26407567690294,-20.68896655309411,0.0
-1.2823918364289846,0.0861657199096871,0.7056879634148385,0.9966720221031564,-0.013537810595554877,0.02075259675025634,-0.07765911259604524,-0.8566193168805236,-0.017299144704136054,0.049313735391227624,0.9996334976204743,-0.44792240040392634,-0.03513688252324681,-0.49819814215078334,0.015229063739296328,-0.12398939922600745,0.9690341611789335,-0.5501011349050831,-0.05480466347796546,-1.7776968541269471,0.057680224439525585,0.2879078110318522,-1.25414076756118,-0.01404339329745849,-0.25982823396890975,1.845316465251054,-0.35506163866868345,-1.9431214813519946,9.176770808005116,-1.7000501554596918,0.19470559083614666,-2.7160640303781634,1.3413734133698865,-1.3075366347019248,-1.0935681160667468,4.551861416492326,-0.5435622716795702,1.2220300326403866,1.748926496178313,7.828956820344765,0.7933645217455272,16.752582246474894,5.825915853553374,110.38204638589299,-17.485772379494062,29.06037137246995,-159.67706368334527,45.350464503943726,-3.0792831013020017,44.58023285902267,-14.607857746207406,-17.42841156826286,-129.58522097873492,28.843139834282816,4.490738225514184,0.0
-1.3181437994837606,0.08794396214715092,0.7119720350402906,0.9961483182092052,-0.025266787721103474,0.02474552995095591,-0.08023575459029847,-0.8108202175172577,-0.025984894226628696,0.015195542792664158,1.172831685725121,-0.5010181893629635,-0.023057900105959747,-0.550667370431459,0.03247195405217586,-0.15765907968749454,0.9300330427318844,-0.46502798662805583,-0.06154433160038412,-1.801101989321162,0.1214873429423377,0.33661721133454814,-1.0872572993410974,0.6098159819599959,-0.30328949866612676,2.7841575712438282,-0.48431872883178506,-1.3493883829605495,7.378159824355566,-2.424318762292547,0.5966945191105948,-2.582604790811742,0.37014131496771163,-1.9828844991784924,-2.6692593076410263,4.257604518293699,-0.15258509986687133,-1.7785339079357165,4.399963427009931,2.0380084115239128,17.331993377732633,35.22146945423772,-4.399551240427948,57.50535074995349,-6.4686516845938975,48.924257377809155,-185.07998154445895,52.31270079620737,-10.139703230779455,5.013614143660551,-73.55668491822159,-42.21574264091737,-95.72848676124498,95.96201771901613,33.13361638948498,0.0
-1.354479215929739,0.0912002860965199,0.7186886154835744,0.9953882803485368,-0.033841934276547504,0.034468494961859976,-0.0828783306073982,-0.7459844729118517,-0.03796060863046644,-0.0016217046503996103,1.289008985825976,-0.5569023742029134,-0.0036597132592610005,-0.600314704633247,0.025038356197919255,-0.20708390542708668,0.8614698189730863,-0.37020389732948633,-0.05545151779802299,-1.8360452479986982,0.19619368881788715,0.32692436766264127,-0.782298607200621,1.1829671046464425,-0.2794828384017648,3.51713685506487,-0.6456161285854302,-0.4023846235907655,4.397889976275872,-2.5044651409677945,0.893913400728982,-2.5568974830853977,-0.7771506623854053,-2.663504489363408,-3.6845658311861245,4.014317140720883,0.5214791304008026,-2.6338085620661986,3.61486061015965,-1.7669043109936362,16.81473480056831,32.69670043405257,-5.29559662001126,19.894224956210408,-2.050260744934374,48.740399193072946,-156.8119523305459,48.70481839963113,-18.163607312678305,-18.250975748026974,-27.819192381965898,-5.226307923983456,-11.763762670519306,-123.84919309105774,12.318577083639212,0.0
-1.391386607699237,0.09604540661097315,0.724111826585374,0.9944040688271443,-0.03740359487271583,0.047780448602278286,-0.08647859690110525,-0.6632101291172858,-0.05532685903026184,-0.0014531491108119778,1.3123985010670771,-0.6092918323875506,0.04501436627867295,-0.6549551743284568,0.0005278746760686544,-0.2590462082344692,0.7968147657904098,-0.3252841282471306,-0.04322323595813359,-1.85850854279825,0.2721384762171205,0.20844928808720517,-0.24006886948986897,1.432995216420606,-0.39182162368814066,4.305428643819213,-0.9793504853945184,0.2519584283929393,-0.6322023140429959,-2.4060975644231894,2.3433415019487196,-2.9241826272142815,-1.3574016035848286,-2.3917507847800725,-2.9473914297692017,1.2011514511285188,0.5940153048507111,-2.006722228772824,2.5677003804345677,-8.293313365240042,19.39846255423599,14.893941721665788,-6.553076455523852,-7.974791737274753,-6.471998323928137,20.839535705728544,-133.92311968733856,35.37414364523235,-45.26471190083997,-28.215983642338156,8.345658805351075,46.30453603877863,28.97794733403519,-87.64643208233466,16.555403553329008,0.0
-1.4282293602616536,0.1010541311746986,0.7265918593850322,0.9932782314434176,-0.036837175570263614,0.05987161838721989,-0.09196068044734179,-0.5386093219402214,-0.05558492974102138,0.017793303897701722,1.0914297109435909,-0.7214296028233027,0.1484591121217008,-0.7543134037145424,-0.008791670464239046,-0.23093338397314514,0.9314389092102393,-0.34215206162928435,-0.031330449369876806,-1.830588016233112,0.18669282385727193,0.040717664273261955,-0.2590062431696484,1.0483944859330039,-0.29227867567542437,6.823353462716787,0.8990194560201578,0.8951174711184229,-15.855402580512166,-5.906277143690586,4.866134002186325,-5.057571886751035,0.4046923995220649,2.977121873694422,10.406691310659216,-0.6748127409799729,0.5161187029127811,0.06892963343674478,-10.0732378953511,-10.531627928081525,-55.01900309613741,-17.620537952540555,45.3885696429449,-16.8049583190393,112.57918771109686,-44.763787655635596,-230.4496787790186,61.83858864632228,-102.31994086662593,84.31420690480084,96.97028393429756,39.71093171500027,120.81098303663934,70.25626636244698,-17.004754660098627,0.0
-1.4639809025713006,0.10321817233728091,0.7284518603855864,0.9927241295119911,-0.04281218918381898,0.06510482405389814,-0.09180022345757516,-0.45432602432002706,0.001355747226615394,0.07619242465371595,0.8503385273976963,-0.6664657967266485,0.18768025854239062,-0.7817806461409763,0.02656169496927955,-0.16606519964734148,1.0169176985974429,-0.40024704483390056,-0.048743328778507906,-1.7812729491487915,0.09928657618587924,0.18560487760360755,-0.6189071286913902,0.15682432553399098,0.5658190744693035,-0.5911547817271382,2.8492754882237916,2.318252683219475,-4.353403290478835,7.06513502809699,0.8192325395726479,1.0842025418212708,1.7431615993129188,3.1397131973688945,0.6993820449096749,-3.2448095069369907,-1.0111420241572433,4.198392189983774,0.82195724269699,10.709623826558051,18.44221377149845,-46.562573031371244,49.50037212717039,-347.5536845726742,-18.859110207440075,-49.989728826459,621.7243110564649,216.1167959493355,-111.23972297127713,257.7920106675847,-32.81029186695449,-10.259980492519075,-279.78542201351115,17.30149756507783,11.79647291666336,0.0
-1.498623132174334,0.10645889365018212,0.7325100182938786,0.9934398689997925,-0.04242037798564584,0.0636731879702024,-0.08499096038369446,-0.49746749746539126,0.03245665341473812,0.11086290950859033,0.8247229459363213,-0.5251571113400598,0.1754932755086395,-0.7488182084785997,0.048435359031634935,-0.09716354413627919,1.0910362017860682,-0.4718310767254392,-0.04504418827616313,-1.6753951857363876,0.21061518422643688,0.2242826426406178,0.4547028172522859,-0.49969092243428087,0.6650977654553846,-2.312693744936165,0.3469294036955062,1.1303276276917789,-0.1936221415458282,5.07069175038872,-0.9910295466756248,2.5545867057383793,0.6221315935770532,3.3386864975811945,4.816747139064092,-2.965557153378299,0.32854464587402366,6.927951863786305,4.398955729409262,2.7000740076148486,41.258197138708375,-38.007312360816776,-6.918812200243373,51.40270333795749,-108.40521363552864,-40.677211732522935,3.520701631974136,-159.36919841523058,14.112780902219573,127.37866937745831,-43.44995059648513,-33.370053321379906,29.79166701294051,89.48042642917157,-6.970915743248939,0.0
-1.5318890701351262,0.11078192868763989,0.7373176185788621,0.9943662475242814,-0.03689119929678584,0.058981959768592565,-0.07997458109163257,-0.5404995247412734,0.03208648860675564,0.12969480946966636,0.8133954086270462,-0.4415212295433452,0.16194004887893318,-0.6851253980390024,0.06317674362420157,-0.0479166313327446,1.1741598263354722,-0.5211514630004073,-0.023667401797330966,-1.6575938637541956,0.21382619554892973,0.24780558899855976,0.6053119090632542,-0.3823552841075915,0.4249430561669692,-1.9190607176483525,-0.11878221908875816,0.9542057287069674,-1.1041839526750619,3.791206656417853,-0.4373847151316242,3.6627669885402203,0.8382474036691686,1.6728618184062252,3.406115452248779,-1.9826256966946454,1.0348133786869813,0.12017530842878157,-0.7345712030551059,0.16379668359329522,1.9731668810141199,9.643615763912942,-7.986860576854162,26.546764855140903,1.386744770506143,10.923440343589816,-65.79547380769073,-31.028478011117734,25.47612599138625,45.85618069802819,11.52519929746297,-90.27383455632791,-91.95518641212689,51.06808060265319,-19.950800036787683,0.0
-1.5650739683736783,0.11488855103057213,0.7422624269760225,0.9950422885151964,-0.031211743768188745,0.05567633187247131,-0.0762680613796936,-0.5729030996493729,0.027450023028850787,0.1458391968965373,0.7764972692036071,-0.36778256085340844,0.15535153591411935,-0.6023303351623914,0.07625062677116416,-0.04097092544530312,1.2050175130302356,-0.5696814642849573,-0.00792079987791039,-1.6706074837968927,0.1985940243125594,0.23342532841886324,0.5528218298658186,-0.1887755490831694,0.3659249384488984,-1.5270261307238486,-0.29991403636608965,0.7252567759180991,-2.198142544776536,3.098161558818523,-0.21240964618722705,4.248556970022797,0.592496318350059,-0.5204477696218881,0.46217403478515606,-2.2444241869889807,0.6525475926099537,-2.10107704806003,-0.63968046047836,-2.5711011992325936,-1.035968684352092,16.303284970885176,-3.917957009456656,-1.5855982492574734,-8.115033649963747,-8.419567709665943,-22.816950361087848,-90.37079508438046,12.825230520890544,-10.146987246150644,0.29471903925943943,-78.51885762396974,-83.2296486277989,38.64972143560908,-11.940979209660249,0.0
-1.598451630495804,0.11898400193167406,0.7466200121139142,0.9955444049174408,-0.02510065675389594,0.053231148050735845,-0.07367319556869249,-0.595192937539515,0.01748689597261267,0.15918344286586678,0.718251133205974,-0.30239331064350006,0.1488395447507506,-0.5112198775118857,0.08312357669402579,-0.062047033208044694,1.173019678566954,-0.6146696793969154,-0.0023463437417781782,-1.6812999805278868,0.2120581767803107,0.18631588073862995,0.6824422455602799,-0.16291249033637584,0.18768581435263726,-1.0073014976033756,-0.6365193391587755,0.6603137761790849,-3.101692958389782,2.623065066118335,-0.27868562616376663,4.414302342904816,0.23494117409717338,-1.2687984323743648,-2.4130107430940884,-2.021979367299121,0.1855777494590875,-2.4637759107645403,0.9607079291114862,-4.839609155482396,8.67775033404389,9.720364210993266,-14.723414195030237,-3.1334367778940333,-12.533823313895507,2.4264374308344037,-0.9772002294358799,-99.2236026201763,11.160644859213372,-44.735769625230844,-3.944883950621655,-6.428566445362326,-25.949186919106157,33.67727193318318,-3.038933770593644,0.0
-1.631845043048006,0.12378901284346815,0.7496881941309432,0.9959613590048331,-0.016597662818246362,0.0497245327822616,-0.07289005280423261,-0.6080592247966777,-0.006689826864365398,0.16475243725362781,0.6501002337976943,-0.25758340192705464,0.12988524681689081,-0.41465024599523603,0.0793425753597032,-0.08147933313307598,1.080206148045739,-0.6382475454809488,-0.006620593332887778,-1.677130171274513,0.2662968514898638,0.10231913189741114,1.0432041444345002,-0.32251525356169025,-0.0331664734439952,-0.5575357725474951,-1.560496881553945,0.12281536611037103,-3.362551780392976,1.4433830775254737,-1.1262505097337383,4.642754205907875,-0.4533637224257768,-0.557198181423364,-5.125601585068755,-0.9136495235309049,-0.24475197250492076,-2.1146332012582922,3.0251622166685848,-7.317476479423715,19.736771833193252,2.090596904607854,-24.86191457116161,-3.8974164360441463,-29.254488704568573,-8.86023344339061,19.536943465073445,-102.54774071012719,-6.0747637473613345,-58.8785345109778,-22.19689524877646,57.720530260351424,40.38372383271135,15.195291425702047,4.053744793585022,0.0
-1.6647996676702042,0.1298818258048154,0.7504752371062728,0.9964174194989853,-0.004501713057430848,0.04378624726161868,-0.07221374695496602,-0.6257553179839228,-0.062396420045857603,0.1322734640538448,0.6149081100779712,-0.26846623412434,0.05745269052395233,-0.29525871813031634,0.061396876349010664,-0.07750649037838021,0.8749594012098044,-0.5933726440741971,-0.013528674402394626,-1.6437326824473233,0.34708639969791005,-0.05326562366251558,1.511569800664147,-0.5717893496814144,-0.038927154035840725,-0.9787984475448444,-3.380907420594025,-2.3214388910091968,-0.6867706617852924,-1.261199536262672,-3.7675981542229238,6.074167537895121,-1.272290567193771,1.036528879147565,-11.472195078512529,2.5294529516055118,-0.32167352082433365,-1.3405109234027635,5.321984281120314,-12.631166597018792,35.01309850188298,0.7790526667474519,-39.226165399243555,-0.6998108125870076,-25.888913623936162,-2.5237838596008153,97.48922259827147,-13.02947356491911,55.86926684624424,-64.05194678039317,-43.5431550751224,105.91683343289843,79.7809107669331,-49.088032502882676,4.366514587633346,0.0
-1.6984500257605706,0.13754478685101126,0.7471760841815046,0.9961967466881394,0.011433562336581053,0.03923953629105023,-0.07695176626904872,-0.6607821256465787,-0.12522635655720502,0.07919406045288362,0.6438375038154094,-0.2807239367923892,0.017997563216528945,-0.18335225409952016,0.010874331918245305,-0.08448481731640232,0.6132378540213211,-0.5173791140466835,-0.011741913826912176,-1.7585856997995093,0.3894799978060838,-0.19892169834540108,1.5532926425551037,0.034613831113836424,-1.1512503506828815,-2.179970444568079,-1.9851407613459862,-1.9034940106960239,2.038083001072067,-0.23450353243316413,-1.3998280734128894,2.5980173871365992,-2.195481798225477,0.20318918208057568,-9.278322231330936,-0.2036952723844934,-0.1645813245967958,-17.770675398542974,-8.042372768303125,25.815855041841257,-107.44992614578102,82.04573720574164,-161.5807340103816,-27.584943883443803,352.0044590067625,148.89317084958543,-76.42016756174941,38.83597775021391,27.811841964600205,-1113.0242068699608,258.6305854316267,251.2220183409664,1767.5975375087128,-8.262491606173384,-88.96522487550311,0.0
-1.734928318583148,0.14336768377829673,0.7471578516228791,0.9946309779188647,0.016195911830710858,0.041494142942663965,-0.0934084916139285,-0.6982941865523836,-0.12114637645377907,0.04180351081984704,0.6754313222907633,-0.2760449063744188,-0.008366690660887154,-0.2400564849556895,0.004025960059071434,-0.06483762936981424,0.605679155922934,-0.5010859718156181,-0.022247112132249322,-1.818144227260504,0.2201004369492191,0.11637138424813545,-0.11562432209945268,0.12794252318237076,-1.6195761992171296,-1.2308025864997396,1.3559864176727672,-1.9794942166897564,1.1598210067252528,0.2802904945033461,-1.0860761917431443,-4.3649393182474805,0.6745177808156178,0.9647771163540513,2.378700059685224,1.852727797391591,-0.6977491474243266,3.8431108551337956,-7.109545527458148,9.472492827200812,-55.981611800720984,-29.281018678714787,26.168818837496506,90.17260364840052,87.42410125713698,-11.85791914142946,-44.96383810233695,-5.816992474142667,27.860831826880116,-2.5578316998491792,79.12714096557285,-40.66855329631458,48.773617440332664,113.64567540444612,-8.616987523365994,0.0
-1.770572920720903,0.14743056218751108,0.7503395489954333,0.9935760761632162,0.013043904923917498,0.04120972263536143,-0.10458583164444563,-0.7167810661613185,-0.09085303301602257,0.012934012065673219,0.7094584516336673,-0.275111726062527,-0.024300799118708527,-0.3209108842953659,0.01850576887028308,-0.056405528200470324,0.6495870277892501,-0.4509269040188202,-0.031120045723905237,-1.7442711426048794,0.19337508907840065,0.18617512439032582,-0.31515183685918463,-0.2842629671822414,-0.6736329486556728,-0.5137794873899927,1.4595739679327833,-1.0668063505047194,1.706635909243251,0.010423286984369576,-0.6265771900407904,-3.352903668058627,0.6160529535157239,-0.0802705716735968,1.4192951194301435,2.9380192707366617,-0.2713352463204271,4.486918806106299,-0.7000507011394288,2.4490079669628164,-1.407775182856323,-25.440575543449597,53.70430866332943,52.881734576149505,-17.953209163630273,37.34694222907002,-24.73542949252801,-0.7405128893016416,15.44970852286618,94.70319500349859,-23.43033009958894,-57.87283497017776,-111.12374579236466,34.78705071551203,17.91638496167016,0.0
-1.8048824514016852,0.15150444786252704,0.7537647941977312,0.9934373284673592,0.010075860273405166,0.03720684762765658,-0.10768659125908009,-0.7273240733525524,-0.06536657130836428,0.0029677357838386546,0.764030556658258,-0.29529896078036627,-0.03199100935078803,-0.375301755432601,0.025827680171935735,-0.0637649333306525,0.6624044595622881,-0.3901624423739276,-0.037080253031180385,-1.6903300850093272,0.21757985845790737,0.16365798646326082,-0.13180604232655935,-0.5616203599824602,-0.027962284044774792,-0.3195298709517853,0.9902211896321984,-0.18093260236317885,2.784113959005003,-1.0018136008678098,-0.2909780529421221,-2.1907637730564677,0.05781585196128518,-0.602386503394035,0.03132668092882486,3.0562043817353977,-0.2644544369562559,2.7757804163889084,1.9352963843211126,-0.6586050813558214,14.851719676573746,-14.45833258406845,30.976955053850844,35.163037655646676,-40.510228658408316,23.90129388858186,-38.19680886283527,25.116623273054593,6.607269730077826,56.269368501655116,-40.47269826075905,-24.984772092506557,-61.34781483920452,-1.2344701137871512,2.2669945282772255,0.0
-1.8383338954246367,0.15618369168525326,0.7565678607520318,0.9936973803014897,0.008916230881660405,0.031075335876846005,-0.10733285009242438,-0.7333622920246021,-0.04963694584335987,0.0023434537147968984,0.8390504154988473,-0.3316073448276002,-0.030877189178440338,-0.4114272658331372,0.02390651590147945,-0.07635719357407333,0.651773075599366,-0.3283073212210775,-0.04562700333444342,-1.6575129280088745,0.25358608375272523,0.12630929367012297,0.0656790763643974,-0.6714414296991994,0.08323768626546481,-0.051630432454164904,0.5318302713165038,0.04684012923921435,3.671410633883117,-1.6425766182632675,0.10483080675766074,-1.5273768891172357,-0.3419426055323561,-0.6820915683545316,-0.9156221081964381,3.1480617432334284,-0.3902212223279107,1.5693021383284549,2.5593474319837966,-1.3190223849668343,15.93026260184212,-4.957078461792747,3.3702097468607186,40.42209049525823,-32.85969857373139,7.186085065485859,-57.9638986150766,41.43262714882704,-1.2847453521183418,25.192362761698206,-32.07512725172133,-4.414895777813745,-30.266305247757415,-8.215451354122234,11.365058236842353,0.0
-1.8713326290082763,0.1613752828292642,0.7588817371294521,0.9939632860461206,0.008625369903647987,0.024363287866249785,-0.1066256028858383,-0.7303747811462918,-0.04287687206084901,0.0016042668549504984,0.9220091045348932,-0.3652694193200093,-0.018425253880387373,-0.4364611456198811,0.019318402751462665,-0.08808323805380493,0.6234538940815192,-0.26918080379024334,-0.05564230060031709,-1.6460818198472145,0.2691544175248025,0.11123835103318215,0.06004354961843325,-0.6558173693733665,0.05429220039688143,0.4823936401008443,0.15272097051904446,-0.06188222005442572,3.840219845990887,-1.374166545878631,0.6224007818874719,-1.114867820032414,-0.17956266727390352,-0.4659030584772806,-1.6324716695896484,2.414024648128809,-0.5501370699487311,0.19716716664768827,1.3712101832787513,-0.3463168381196185,4.652486529887892,2.786719998591006,-4.251377025629146,45.576421253858,-20.747269076647747,2.807162319710843,-73.59395720461282,39.38731446304492,-11.314910545530225,9.65943853989556,2.6111560138873333,14.93720807449124,-14.78131498040488,-75.4778810190118,-8.440977097677647,0.0
-1.904064501882513,0.1668187528566506,0.7611384509420411,0.9941997999227886,0.007851086662323111,0.017476819892941486,-0.10582853602944813,-0.7109794044859896,-0.044935251919621805,-0.0003405294453015885,0.9973202837374454,-0.3940480173086688,0.0005273569382280192,-0.4507055466511553,0.016636299422769608,-0.09939337042191683,0.577592232724788,-0.21929412241134197,-0.06575869878888026,-1.6344392115678554,0.2790936944499637,0.11252643574635322,-0.02619175838564268,-0.6912189981158248,0.07723955695746222,1.416799778493678,-0.3083391173395834,-0.06501732154192953,3.2917087912232414,-1.1995699832049844,0.8683831728326298,-0.5521101406097587,-0.09460884830650368,-0.5522056777329963,-2.5084409768736773,1.9447723146778284,-0.4596216788713811,-0.21212355230295032,1.0669210833946812,-0.32457367583403307,-0.15284175091325,2.7133194247714596,-3.321262442014923,50.00622886835488,-22.250696325836305,7.9775245234146315,-74.4372728062568,32.2046885139954,-17.43047725947335,7.024218926597868,5.061233699350363,8.319795140291056,-7.3792084790079215,-84.4837456634586,8.545637826310493,0.0
-1.9366078995861884,0.17263351137168198,0.7633553816346313,0.9943609769369054,0.006701914113112459,0.010168235663345135,-0.10534675541181397,-0.6711110433181982,-0.05543613356279498,0.002808184927578988,1.056187594007686,-0.42381876482927033,0.014735316415192698,-0.4551522061958913,0.014204192187010344,-0.11202247971620007,0.5179574135109458,-0.18411611613359277,-0.07306940253522942,-1.6282033074223046,0.30395668966053146,0.10314081687518446,-0.0254884877697623,-0.7357313408212253,0.004077558898022589,2.418046335854995,-0.7115714095759366,0.3436261787947211,2.463340568799594,-1.313880509649226,0.578164377530718,-0.13072611649038482,-0.1297937268656398,-0.622100570086743,-3.0770240822073136,1.1012392436491307,-0.36482628220192914,-0.8323402178126611,1.5203474101811956,-1.3769122253709973,1.7102655486060274,4.167670639637943,-7.855123875630813,40.49805622092814,-18.970725721231087,20.47951426974354,-61.90046581990507,30.91580993595594,-13.790197863349881,-7.179507653428894,10.024442472582734,27.18539405379056,12.065035998077404,-61.099228241954165,79.36650079728399,0.0
-1.9692253948222378,0.17908417496030998,0.7651146629684619,0.9943378372653179,0.005960229788770854,0.002775177761131308,-0.10606148891934514,-0.6140968458402402,-0.07299659619418992,0.014683626530975722,1.0971388166957332,-0.45391900136968105,0.021009639956478466,-0.45489969016444765,0.009852729891881198,-0.12625509732560236,0.45216952471884125,-0.16956367183486476,-0.07803468259696528,-1.64003600693652,0.3399948698308545,0.06693442534563211,0.04004575174289213,-0.7073012838939408,-0.1481331825793329,3.1069005218303785,-1.025195837873497,0.772670471923268,1.6586778504413313,-1.320949937276633,0.21643665658484879,-0.023428805779762956,-0.261837977219985,-0.728609073909967,-3.25248191339918,0.08322978200490003,-0.3001422288514119,-1.5388584461925523,2.1323004879064826,-3.1272810743974677,4.783852604448611,7.331389033893291,-10.521776278072657,19.599594824785616,-17.680732626839962,17.202800088065608,-43.422962919096925,30.07481817782779,-6.847862263306928,-13.685028701610007,-4.293297827311307,0.11061316016763989,13.61196655049169,-81.64568174152873,-13.587324866390372,0.0
-2.0022427221031,0.18631542659029904,0.7658438696556948,0.9941011168122705,0.00611295782419095,-0.004139542298459435,-0.10820566292387039,-0.5465688390477283,-0.09698133587969801,0.03185968766710317,1.1208249473167293,-0.4828648924650016,0.021047921349199656,-0.4541279759546476,8.180535290836454e-05,-0.147801722612397,0.38430763051581945,-0.1749113416604616,-0.08452151884172446,-1.6684426190389587,0.3778816815369697,0.0016355587165525383,0.12269549332114905,-0.6243569438102616,-0.2877434319085755,3.452712561436345,-1.3051883876472037,0.9233955731390495,0.8873236099573606,-1.2727659072065782,-0.04249562328076574,-0.10322204673882066,-0.5039626131114034,-1.0529728712481967,-3.2431318789459773,-0.7643180917721765,-0.06413104711508288,-2.5864950243531517,1.6888929888321291,-4.700618359533384,3.2357234747397525,10.441074457232265,-9.349593896440755,-3.0521541422004317,-9.766373827589184,5.617438775672426,-24.74926148224287,27.58078757687383,-1.0550846436981471,-27.45001846649004,9.234523383513418,21.892517284105708,30.04017408283179,-63.46592062295864,37.73180607604908,0.0
-2.035976990075602,0.19416619982058167,0.7650757277415162,0.9937014451570683,0.006859524344566248,-0.010201448160240508,-0.11138364006420717,-0.4741589636869652,-0.12586183554010646,0.04841325969128284,1.126220060774153,-0.5084651853147744,0.018204892879092587,-0.45624108759010973,-0.012403929808580494,-0.17472073682939152,0.31945452431040644,-0.20026553914293965,-0.07964150970998413,-1.7103236533673747,0.40208162502787786,-0.08319509184468366,0.140142374384327,-0.5295787172200599,-0.3527137934248492,3.5738368825645273,-1.4956084219877066,0.7740530714861973,0.02729421580700358,-1.1208845074810212,-0.14376653517745072,-0.2730997451602445,-0.5404203095783694,-1.2390342671457435,-3.0498517592874155,-1.764890373397244,0.6149814810564406,-3.240764506565501,0.8917776565797202,-5.9231210422618075,-0.41389914490821456,10.734308167167063,-3.8205584067246487,-18.815467416125173,-2.054196675965314,-4.7307807701606714,-8.389710798309782,22.841715050936696,1.9980844396281188,-28.71962516182532,20.02009835453001,32.995694546887144,30.86114599717725,-55.99628018511553,42.769722173752804,0.0
-2.0706596832065927,0.20234266779388044,0.7624632042507601,0.9932241249541641,0.0075012099650825425,-0.015284814553073608,-0.11496061891870564,-0.4005496627790593,-0.15696988966146563,0.060217086550763105,1.112008437409146,-0.5305923707548954,0.017235190617844186,-0.46207757829592117,-0.022569107116310744,-0.20215531659294692,0.2596216475906334,-0.24887810058205295,-0.05726713098232387,-1.7620256878176905,0.4118775877452938,-0.18368421673223018,0.08742606743591215,-0.43478698005386557,-0.35421757269652543,3.5486032772385796,-1.5367615638939225,0.485853148884269,-0.8930613975476933,-0.98261874858011,-0.014944918352572547,-0.4456016993838291,-0.3390535959311892,-1.1755886374422613,-2.8201725653536203,-2.912027990687334,1.479922960156508,-3.669022661192838,0.19817297563467184,-6.977814382875195,-3.5823818217482937,10.350589517051404,2.0858374227092025,-30.15943697474992,6.008279171340672,-8.244922121961562,8.735100738061897,17.839088956932056,1.592331402584138,-25.507560822316286,25.89791020905726,39.36664456065094,25.101926903272812,-46.76973463539795,34.19426678763627,0.0
-2.1064989864622428,0.21060377250165085,0.7575929534829682,0.9927945590790668,0.007622075491914401,-0.01911482224848148,-0.1180486806305136,-0.3293219278780659,-0.18730083331415084,0.0648079354270881,1.077037067884187,-0.5503760603260286,0.022481728640889577,-0.47222979678108645,-0.027169176035721925,-0.22436224160989313,0.20467694466478542,-0.3171344701201697,-0.012098826638305938,-1.8241016521049807,0.411779764493405,-0.30863061925992125,0.014821810674185486,-0.3016277326437262,-0.2379289465657591,3.3235423657554968,-1.43179057931864,0.08851064758786853,-1.8605346978970823,-0.9037888758814393,0.2735986087795337,-0.6681875870354456,-0.06783418386530952,-0.8808674502514819,-2.599872562105992,-3.7727097088990735,2.544936058256027,-4.061747215225008,-0.23539486514214858,-8.396034314942197,-3.943651623296646,11.399095161621402,11.231286855548662,-43.20640485695663,13.450394818812875,-9.758643516518045,26.910800426988388,13.628759548477792,-4.58219173370452,-24.80708348645876,20.115135711797997,35.497626972117416,20.916294103314325,-30.389255606663305,14.923143518754907,0.0
-2.1435611827895715,0.21874753855406498,0.7498393104425732,0.9926668047919881,0.007368053949852341,-0.021345222809435307,-0.11875482267374507,-0.2616219283940436,-0.21506381986665124,0.055814486852564044,1.0073707088091208,-0.5696491024471299,0.04350782573843018,-0.48905701737986634,-0.02656334278963471,-0.2276862956654175,0.15830755314520137,-0.39168866781457584,0.06002914423299981,-1.8817953613024891,0.40126414551720146,-0.4739514287941502,-0.027462448685601312,-0.1387339762248737,0.17880736946051218,3.095890129936511,-1.2522157236970344,-0.768506100151677,-3.7702723758698324,-0.9371200138887216,1.043796675477256,-0.9824394361153973,-0.012762501413484232,0.49401070023976024,-1.959102876278817,-3.7571153496400616,3.469176343182387,-3.8235765246357496,-0.8279752479331911,-10.612405474714183,-5.222968195007271,12.33754586056767,33.98884692586085,-56.33843301056871,27.18038243032451,-20.59163524296761,38.08847802257702,8.198565947727166,-18.12914104749347,-17.470350470528977,-17.592750753901278,48.84465604782228,50.245878762358636,39.2243276005797,-62.21775545563281,0.0
-2.1823397431172595,0.22584009980971537,0.7392709973758884,0.9926968131100247,0.004264799502454418,-0.02014127806781175,-0.11886621742193967,-0.18033578571518166,-0.21705007609440377,0.028984585066975235,0.7983775598876205,-0.6497979200493141,0.11203901951691783,-0.5456196100528771,-0.01196115703565337,-0.19206966671927608,0.20150568445672906,-0.4059197020290409,0.1276592554047964,-2.0074481155271595,0.29238301178580406,-0.6005243014827004,-0.7548068999222513,0.3193115325915169,0.19867657195588306,3.8031339479387483,1.0563204313851395,-1.899692593977346,-12.544351627067064,-4.424895204092126,3.3361725204518122,-3.5920905444556053,1.306041958538309,1.4654495409995585,2.7479537250983546,-0.2409198810151882,3.0208811739320125,-9.812456021451759,-7.985319446626183,-10.08909305535519,-58.341569570553226,32.64511049804159,43.360739051419536,-111.39549174662741,139.1674883472263,-58.62692212270513,17.19140948226457,34.68394898066843,-63.70591544247355,-62.494465747581806,62.94624171396842,-102.03524106233452,-100.75366587708419,-13.517286481115795,-52.594592755699836,0.0
-2.2233541786863675,0.23165353571955322,0.728989134688035,0.9935901128574883,-0.0011603618879447335,-0.015748146973834743,-0.11193452130162516,-0.1958055841031056,-0.1668983864447931,0.06052829735094643,0.6802877425586094,-0.5382910768712484,0.21408652719506663,-0.6331376337348987,0.012075030856960956,-0.11636116748694976,0.345786154111578,-0.35759877213749025,0.0917309163559925,-2.0195623799517177,0.3311909136951036,-0.3508033281923313,-0.14559904968478454,0.13918935904519797,1.1916225263800073,-4.569516524570325,1.7999065038318314,2.0952102401776704,1.7353987573263974,7.378206890295659,2.0437419445757428,-3.3900949398183173,0.21548863976650098,3.4179016700187717,7.599701040431514,3.096560767049191,-2.3185549446437483,9.86384379873231,6.045198109438655,19.973551418168583,52.22091038440927,-52.86269985691486,24.659180428786442,-189.96543946510113,-237.43561944467848,-199.91607252453082,602.9204600011459,-775.199944736446,-276.82204687830847,202.45871145903442,-118.03011918764463,-109.58277948057159,-124.96545066052171,-6.42839141709807,31.821451196075078,0.0
-2.263032715512823,0.23923246961473146,0.7244637757568061,0.994250697782845,0.0010592468383947174,-0.014520489853553312,-0.10608290780740685,-0.3069749597827734,-0.1515574447114527,0.09445131893340838,0.761463346504035,-0.4670435583454684,0.21914906252738398,-0.7022434943678214,0.00901700622256937,-0.07400957467054729,0.5436688857645946,-0.3097829020779638,0.027791341612690472,-1.930744741485081,0.3941339104466837,-0.11362908580183381,0.3736253560324967,0.009492412128230265,0.04654828005358996,-5.1363397213019715,0.43884324711569195,1.6446177570211604,3.7071459110523324,2.4675092904652556,-0.39792503906647086,-2.507899079416436,-0.10858606381495281,1.2809599924518125,9.115130549924269,2.2295473032959143,-2.916616342094038,6.463842853443965,0.4502603324015749,12.906703005040981,8.783484108850836,-20.02571783154738,-61.21983250115639,106.31388118347898,-5.3516522662918256,9.755173623565128,-152.80507622473564,-14.658269373916964,-28.638726501726506,150.210104421161,24.853627151463744,-70.59303543538363,-215.38320432382892,-23.21073487005568,55.88671972996903,0.0
-2.301744082416084,0.24675191358014348,0.7228066657210537,0.9943564060261212,0.004057545257132285,-0.012535312989594781,-0.10526984397041499,-0.4072788202056216,-0.13956321325914264,0.12321619073646,0.8197025761978168,-0.4248603745064887,0.2094999950796747,-0.7516885139529653,0.006061703012089982,-0.058118205149307635,0.7508606327539958,-0.29395399799618793,-0.04524675940602953,-1.9346598513450493,0.3523027547176475,-0.03747573063349131,0.12881814068491398,0.3596853861126497,0.10283734259682122,-4.675675578506922,0.8496677743916065,1.272221393278444,1.93027233195479,2.1622733667756964,-0.47881152554402184,-1.733024362731083,-0.07246453927928798,0.38567949917621175,9.262660395715304,0.5832963316768692,-3.2635789428664848,0.008045066948221408,-3.0625257302910462,6.137909400352881,-20.629716046769417,12.79833011300886,2.613108304889906,46.749641137687725,35.267142061868434,-16.643231470414456,-120.05094217893861,18.768320881994164,2.9718620154341147,114.97294436716763,14.692492466154597,-42.41421473052694,-224.6099605451848,-1.7865238130283485,66.45037685981697,0.0
-2.3405019084071763,0.2536208216496018,0.722324362854631,0.9944979847992933,0.005592346602174106,-0.007601852102871271,-0.10432974520352271,-0.49266780610252214,-0.12248351935090479,0.14569757934042588,0.8333016667624128,-0.3675514849229789,0.20492734439368834,-0.7799335093047789,0.008316950207182029,-0.04566915459236523,0.940658617070915,-0.3065525713787276,-0.0978446268031035,-1.9435583027773122,0.3266975915390772,-0.0005111652388049013,0.0023194052230535653,0.6170800971009258,0.10427077669390522,-3.916251553066997,1.0774151518913875,1.108070532646684,-0.2921779936481432,3.4352508516829783,-0.08096872216234738,-0.7235931354405818,0.2798085683241874,0.5676963770047482,8.263972044072668,-0.6522415410788035,-2.1633741072888855,-0.965833312612386,-2.6344191448859307,3.1095081181352877,-16.652255547323847,11.840229041030973,3.506637263148622,39.76365905580046,44.872707361302666,10.970712437522765,-103.79295034088894,74.72254537082334,13.925973053469358,96.32551529684835,20.437247164416966,-19.28697845876791,-205.40114483431202,19.954004641426774,46.86056520565436,0.0
-2.3795038814844247,0.25976181398531595,0.7223443058035052,0.994665297112107,0.005230679725262156,-0.0007188080251335178,-0.1030197555108669,-0.5657695049314664,-0.09840494885433082,0.1653647307326454,0.8174802602063419,-0.31030635976924786,0.2042749913111573,-0.782953167950109,0.017841981370934748,-0.03706364519075809,1.0942615347292866,-0.3448887184518948,-0.1160252553372225,-1.9589305541132087,0.2904157396874271,0.010043413309765397,-0.222252518977607,0.7407040666563018,0.16316298541027546,-3.4703866216463006,1.2658168460934056,0.7959950676092462,-1.1598125834523068,2.2911422422965977,-0.05717287848585837,0.48909735068352833,0.6172990726343756,0.22036416662742966,6.430842759726368,-1.8543659234072971,-0.5653942513914919,-1.2335825426350828,-1.8239775507185796,1.31678534680659,-13.98345380067354,7.060789499699945,5.127180845958801,18.49112764832208,3.25028734365634,-26.577648560199606,-38.18749416082514,-70.37867816624879,-14.221394717724074,77.42624889020611,13.932269437191067,-26.91790370620166,-175.5151540546706,37.93938847225672,16.128725801210994,0.0
-2.4187273098252935,0.26525768627929436,0.7225042192270194,0.9948267761142698,0.002777213353726018,0.006544442463460845,-0.10133677952707432,-0.6278988952335725,-0.07229814882325424,0.17738450189071478,0.7866253572611419,-0.27982493821971527,0.18823956627442864,-0.7588479058462468,0.032599321347148796,-0.03775789120241558,1.197489156951938,-0.4045980478366964,-0.11033504085315671,-1.967080167113527,0.2632888554014599,0.005392331887261325,-0.40015200756123703,0.6808064589791281,0.1807002030441547,-2.851810371387936,1.3378294822293875,0.4692273465670967,-1.8289189038380635,0.9041517740864065,-1.227932039352749,1.7568721033138193,0.8222778065499361,-0.2423063087630078,3.914858996352289,-2.825254344212445,0.38694638659264546,-1.002884573355042,-1.0718974043055045,-0.5482186983968349,-8.43669326470691,-0.3191148259603146,3.493454779015398,21.4639358550748,-0.16399113314262292,-12.06199862537904,-27.747717186520735,-58.94751419107491,3.174612137336352,55.070071015549416,6.896236089307237,-21.519722298228704,-142.34772239490542,51.38161853059282,-4.875848168282554,0.0
-2.458089183494215,0.2704635197165124,0.7224142729107436,0.9950119810745586,-0.0007003079174071016,0.012677755993549632,-0.09894413368093352,-0.6796826936749008,-0.05034660013759148,0.18372103992026342,0.7453490270374907,-0.27381957372508514,0.18292270896415833,-0.7130453849138693,0.046677327597855416,-0.04808378094034939,1.2603728415660722,-0.477009109573638,-0.08980527265985316,-1.973050678934515,0.25791265605740743,-0.01657667514914691,-0.42289043099095186,0.5102257685006281,0.26474465746979114,-2.3964124439546985,0.8996612016763063,0.15006857975280696,-2.262770837055931,-0.22780962675138883,0.18417634667743343,2.652051923043373,0.6601041144869071,-0.6716519698821655,2.4062824036240897,-3.300949126620118,0.9941660010494621,-0.9027653798923201,-0.21760818962587597,-1.8044586947140653,-1.4916439238195882,-5.399663893027002,1.7629893774742031,18.57696793079888,-21.299588220799208,-19.789534640665337,-20.84695459999203,-59.50696216342489,29.833217597028124,32.26081446180763,-0.8546471163699321,-10.615560802220323,-82.7501180362965,65.03755193647197,-17.908670123638473,0.0
-2.497689248927622,0.275741985194681,0.7218562838199376,0.9952276854851946,-0.003860466758660576,0.01730135549469407,-0.09595631265442361,-0.7206169976331347,-0.03778195634892736,0.183888888909662,0.6921504300707252,-0.2950822041413892,0.17945358506354095,-0.6527388320803491,0.055537980992084485,-0.06427957644601573,1.2970773529056034,-0.5572962774456561,-0.0667055026805539,-1.9924440554584217,0.26901664433625155,-0.04371521308783831,-0.32288215486715965,0.3953481050763692,0.29725891914905633,-1.8673771529071503,0.44291924202960475,-0.0443514950609588,-2.89337185853781,-1.5422602749923862,0.11640306755257862,3.184558533830571,0.3409471094196238,-0.8284341987240244,1.367911445681345,-3.6331776936738596,1.0257752332696606,-1.857441952448281,0.5563039762403399,-2.4059271208824895,3.897537900901862,-1.205224885094143,-2.4782693660789636,13.722366841555004,-18.39814538692558,-6.583923827099533,-20.071979015375117,-53.97332977232047,31.5033954077051,8.254743041159324,-4.7825862682215154,5.858475535013552,-47.263775936049605,71.98011594937269,-20.226513848782247,0.0
-2.5378981272726806,0.2812358955180236,0.7205578083851983,0.9954285725691048,-0.006127988037208234,0.021104434998155074,-0.09294626135062065,-0.7509756884006932,-0.03305613597388464,0.18212518001531758,0.622419069036125,-0.33287737348693114,0.1858824332228173,-0.5859821698558942,0.05834113335263917,-0.08174490909822085,1.3211944903062771,-0.6395752612424666,-0.04967546029661302,-2.030348174883212,0.27525663404852885,-0.09228878316843511,-0.25571525916658433,0.34898231440141314,0.25299315601714917,-1.2914719859787493,0.17867990844972786,-0.06909253219678042,-3.8631192518605055,-2.4986972398013148,0.7783518103086429,3.3520300507917775,0.11498614472768862,-0.8090465989032838,1.0520579377401895,-3.6618225691214055,0.7075164057610532,-3.048550138307911,0.332791924013374,-3.7100654116044365,0.9403067586004996,3.496619021220683,-6.485194614076306,-1.1525534988745518,-15.778294975145242,-31.71119489727847,-4.654693603951076,11.92743000884184,-179.25614982879492,-10.724881242152073,0.8832490944237198,13.53163914470938,-15.3044791721361,75.75186558344562,-14.819901773560952,0.0
-2.578894611306099,0.28672113872373856,0.7179632115573051,0.9955492222579924,-0.008312819835666986,0.02431010779417377,-0.09067337948329438,-0.770087788772798,-0.032454061908808306,0.17640565101357525,0.5332795946116315,-0.3765605741750135,0.18437327145019325,-0.514929424350337,0.05974627090834365,-0.09583330930619617,1.3335750883335378,-0.7167856702859344,-0.03811040529392009,-2.0713401333039694,0.272351989600044,-0.17393133528453697,-0.2713450991933708,0.28609077624091467,0.14705559772520033,-0.8349563751121496,-0.0042211389514476725,-0.43954436834547783,-4.60585959167423,-2.566758150400547,-0.5109144178211076,3.5575917893893836,0.12615426811485683,-0.5476392855140447,0.40512003033665706,-3.393738304271083,0.4775174569007646,-2.8009265327741706,-0.2173794444370292,-5.987583401475041,-3.6526748771379514,1.1726456637067204,-13.302280618889801,2.3779856800640733,0.5736104582397423,-20.58259506196505,3.5417552415370106,-62.22357357824823,-53.30790657770253,-11.635619268130966,12.322071059713513,22.611479036498874,-11.97618999962349,70.15740000017846,-10.392752443095965,0.0
-2.620556225767837,0.29222073304186585,0.7133609503443831,0.9955431293076294,-0.010729121450309798,0.026642786791357533,-0.08982719829354395,-0.782709424305374,-0.03585062579671791,0.15578042120267377,0.43840541799682875,-0.4401797344470278,0.13408250015915207,-0.43683197126058576,0.06119531446522793,-0.10198360237242207,1.3179456607736588,-0.7794842727911322,-0.031069985074460228,-2.095068292278214,0.2765952374539058,-0.2983533901274894,-0.2708373685349775,0.16704147030062874,-0.08321914154126989,-0.49073588469962587,-0.10805269646450921,-1.3076599762621697,-4.830306818804217,-3.8955908789437883,-3.1238543129022442,3.9536473708239095,0.09681891157099251,-0.058584136213238686,-1.2316306148222003,-2.6844368813867043,0.27835687501273854,-2.577403837337023,0.44546674335656455,-8.644400710646808,-0.3518873944665209,1.300240503151873,-17.90155161150863,-16.012129730859996,32.54058449827458,74.29211184268902,55.62331563349037,47.56814096074788,46.340715173479694,-17.506360024624488,-1.3832757202762087,24.998237277362456,-12.950981479333002,56.54789482704392,-6.685827745172541,0.0
-2.6623952977070884,0.29810151913718363,0.7059268511658682,0.9952852886569205,-0.012825503496627356,0.027848043774571254,-0.09201731957137024,-0.8037773270359396,-0.03349691834483188,0.1270324346621964,0.3920094782205704,-0.5149222566886199,0.02098082774566823,-0.3433063825484241,0.05374492322579672,-0.09869210914281068,1.2139374813174495,-0.8383961769302989,-0.04305592600617162,-2.1001620173625986,0.3237503164158412,-0.4535721932252809,-0.06015153264402116,0.11256714162826123,-0.4845003774926388,-1.383002295482736,0.32697191819690763,-1.2241438910636773,-0.7252443151876256,-3.0368957666286915,-5.283408475567057,4.677233403791224,-0.8652230127449652,0.4783373092336809,-6.735850130817557,-2.6866137966587678,-0.6578860604758121,-1.7230074881044526,4.3188857599300405,-10.531240181483724,24.35627222654257,5.273528109711317,-41.087781274074,-24.551254048641674,27.05327452084403,36.811021516096226,156.53580272993477,107.32738055536075,110.86482277692156,-43.7287539654329,-61.455119578767096,43.82822168681095,-41.879889747855266,46.014133272971094,11.255644312914594,0.0
-2.704690053336166,0.30609192110899724,0.6959539330766858,0.9946074568676279,-0.010435064702188822,0.030480405758158455,-0.0985802263782677,-0.8737543129146288,-0.030994944230630712,0.09872968802653419,0.49670229911368063,-0.5239500328035694,-0.06297981131997898,-0.24219020465841032,-0.0026023259823453517,-0.1168757267486539,0.9346682619884714,-0.8671163514896297,-0.03990821808298277,-2.152072972147757,0.47706831278711775,-0.5183818769231475,0.5362763610574012,0.5322730993404512,-1.4463379560281449,-4.148576355633312,0.6380079280824478,-0.5174247390131164,8.14589685737263,1.9090239294620923,-3.2831388883540993,1.4118176182195037,-4.325991214088107,-1.9215358630961914,-9.576178439114312,1.232763167000814,2.8801166872616797,-8.53293207842284,6.184561585466834,12.653771158920017,-5.416942429903262,39.59298221716131,-165.50611761539827,32.40899486076817,174.06431121503488,131.7477916933999,106.68567873670514,183.47238929170433,79.65669724967526,-1174.1648842684601,-129.61145691485717,-237.99678945155665,2171.3250616305686,612.8572330367584,-540.3619077185544,0.0
-2.747251943810804,0.3137354256870369,0.6902713280721396,0.9928863564313255,-0.01358770916693187,0.03405256467685454,-0.11328053765343339,-0.9363759699315036,-0.0045535033463859915,0.08356171695600867,0.6447208926805883,-0.5103634613300301,-0.06664241460073281,-0.3190289823426127,-0.04306983367571347,-0.15044862588132324,0.9413555556438438,-0.7743919737714864,-0.021529801797069915,-2.061877424398348,0.2932182089815243,-0.08132160965801988,-0.9261987258381297,-0.035729111486373935,-1.1457329327939596,-1.6893352240081736,1.3504105194311353,-1.2935731562452624,5.661920173094407,-0.18432856320278446,0.49997840888920597,-5.102729416750405,0.27943164034995205,-0.7616262644329919,3.5833942582039873,3.4003827977999923,0.14084630708046236,5.804065202043242,-6.646022988918426,24.18835664848141,-48.11152825799501,-34.49272353865308,81.74404454998734,146.80767388428254,-151.41993114632479,-267.3439670625821,-831.8158606862153,-806.9785399624284,43.340577127136385,15.339605541712949,174.55903652797355,41.97334604355568,30.30508228989206,-9.145099481637814,-67.28453652284402,0.0
-2.78678983481985,0.318935568077385,0.6916025963546634,0.9916903648501113,-0.026337058581423538,0.03200005627131335,-0.12178906357864978,-0.9619619228650598,0.0199817722379992,0.0554512199053909,0.8017909463972154,-0.5205954748419782,-0.050638207041710064,-0.40852803726314024,-0.01732641372028889,-0.16138669524046662,0.9986480080814838,-0.7027162194531736,-0.022694515005152068,-1.8930503397946252,0.245557582793901,0.19652535598315515,-1.3303364889287344,-0.6215028294658972,-0.6881386890628849,-0.09381531047806413,1.0608863739449033,-1.0500120172032936,8.517563910327322,0.39152454808752496,0.7185216910399328,-3.450684538728102,1.6588970208198592,-0.6553254938417493,1.4735682635209524,3.9899410707570935,-0.2081294423092535,9.004883593342708,-0.18604325945358552,14.965784556808371,-2.9862539832167085,-28.726562414169752,28.080628031204306,172.48694774566982,-41.50337083365713,31.95395524685913,-80.4952917408063,47.67856791904032,-13.8376312255506,129.86305083701788,8.0945796779595,-27.21013020832742,-187.39409938259178,52.714477579474085,-10.001163284036027,0.0
-2.8236912178781766,0.32411747264474766,0.6971179804550969,0.9908027388287548,-0.04084676932483922,0.028002385908893132,-0.12592593278817,-0.9555384486036153,0.028288459211242897,0.024983980560066767,1.0121605368784843,-0.5366535291684059,-0.04041830894335878,-0.463497780247,0.01290661187079246,-0.18357613657958885,0.9982086060450315,-0.6175577767534148,-0.029567755263542522,-1.8142989330355506,0.28315272744474324,0.35229388332511535,-1.3165842576227496,-0.4558833499173405,-0.2967784474931837,1.2087527834822485,-0.11178377584839135,-1.4797769494652198,10.021295442505918,-0.7268691076702107,0.41231165228933914,-2.226150849093767,1.195872811860937,-1.4397881381891777,-1.2237295628350142,4.398392788102649,-0.3534381467821105,2.571229384235085,3.6006775644095943,8.831189954048856,13.650021691536477,16.65585403300114,19.39105426099882,124.07141360848601,-56.689351578962864,29.688729417742124,-171.59317195457686,31.587616107346378,-8.476271170714035,49.6203047489837,-46.56838585794748,-31.761015747085576,-125.7696246684575,9.41335469450691,3.857557432702392,0.0
-2.8602524592171954,0.330665329588244,0.7046315778160508,0.9897534430884585,-0.05292214512761892,0.029490294271221358,-0.1292969102238277,-0.9236726904189972,0.020367043792098975,0.00042798440237528474,1.2055493560844712,-0.5672299897438325,-0.019036902415064193,-0.5109976104919552,0.03109895005116234,-0.2142295097662484,0.9555235715989203,-0.522592481149352,-0.03039829753102382,-1.8449809353039104,0.3712376160106803,0.39735958766471097,-1.0618720134870916,0.42608790910690486,-0.4303047918202799,2.1033755565846812,-0.6424618124239649,-0.8687396378157005,8.358377172489988,-1.4117157794221469,1.0303656503745935,-2.562715216964551,0.5605752853606583,-1.6082643619759478,-2.7002590349408764,4.533091852421456,0.17296941662953974,-2.389427526358539,5.187201061651888,2.3462318162357394,19.494039652470917,48.31754701530196,-7.208950597231895,62.56585040804689,-25.395794285114633,48.49937393214137,-198.5237936755241,32.489083151552876,-19.52128849079304,-28.262788445492458,-36.77392543329716,-1.475808994585119,-42.890765700923204,-89.16521628429139,17.433655941121945,0.0
-2.89764297288112,0.339036493832748,0.7125947470203164,0.9881686934657191,-0.06090685409914008,0.03917339888410374,-0.1351977558906455,-0.8721058337723075,0.0071589632024838205,-0.006022454431448775,1.3458450850156476,-0.6023873609601768,-0.0026181151863086515,-0.5671729378190318,0.035189565153679984,-0.24846125614389278,0.8919615336601843,-0.441699177650385,-0.02083851709242234,-1.8932971105134326,0.45881859745083914,0.39504842240026916,-0.7627410991401821,1.2893373228203844,-0.702016531258425,2.9513123719686702,-0.7009418130752618,0.0973299200600697,5.57666705216078,-1.5760325327860494,0.6627741012519553,-3.0628499185783244,-0.025501989522384583,-1.7417830988362732,-3.4345892998497,3.1293133118519965,0.48937843753752963,-2.853168811826098,4.586807566943776,-0.8545266263110585,17.05162901880959,45.11436329744402,-15.145302159188038,36.344234708623134,-6.546126184462269,43.59331670139994,-173.7723257986285,32.39468158095181,-15.888176453654696,-30.26734800608909,-21.860620529677515,-2.8133760431046477,-24.655155852867118,-122.46044225503756,-27.830749100973826,0.0
-2.935391160285849,0.34945177590668114,0.7198976770354519,0.986209883746458,-0.06356621710224339,0.05381298875019045,-0.14301595535421918,-0.7961492037384952,-0.019357010361344896,0.0049955707578626185,1.4109141137047116,-0.6427122882692796,0.026949098508059165,-0.6258690912310456,0.01944102635402733,-0.29061197440505676,0.8160701656467655,-0.38222975923976643,-0.014079308159842527,-1.8878012603123546,0.5642144010824821,0.32476469713919726,-0.21340372165218374,1.6287456106854175,-0.7938530672819343,4.26491937551757,-1.7264116623395034,0.8779097578670865,1.6958809233657148,-1.884148005624779,1.3974002915040367,-2.9741677482232407,-1.1134593295995054,-2.1292582066826857,-3.855280822924998,2.201511753763731,0.5388924550237276,-0.4952765916193678,4.154230123644618,-5.832057477781333,22.133154914154336,19.265174468643814,-12.683965485983888,32.88209995916065,-35.26758892806059,32.41551555383838,-141.81231381432303,31.321758584408272,-28.27373178394316,-14.157698648095023,-12.372590218743031,17.105143662913676,3.432021496485789,-106.4540652049201,33.33657419669489,0.0
-2.9732651351550743,0.36113754145965166,0.7245250785579875,0.9840989665488297,-0.059991392681887634,0.06882723269694381,-0.1523583567806295,-0.6825848982002813,-0.05292998340953764,0.025552240080337532,1.257551906153786,-0.7536431405311953,0.13672418530387978,-0.7272306348711091,0.0021981657758176174,-0.265976965032904,0.906238373897071,-0.3522822429736847,0.014002961605807582,-1.8952400182732252,0.5543284155667582,0.14778764789822255,0.12728112019489285,1.5151202499677736,-0.6976631168844605,6.0876047867836975,-1.3622095714509723,0.5652771401071074,-12.31627114841249,-5.966318464754891,5.391895363308807,-5.437306091845921,-0.35920973513275506,2.8446081107053782,7.793723265886432,1.5123709320434289,1.3286007262147563,-0.7016373325886914,-6.4246738882409264,-10.036166564939464,-31.605582445573674,-11.590541109151722,27.05517853239172,-12.681557722453805,63.442594094181814,-77.1643870311994,-271.45921510514046,57.65751946916024,-102.02150953588941,44.376697832235116,65.48663504414698,66.04604989403998,122.89370799342221,15.219557727357666,-31.798994396140923,0.0
-3.0096891968047914,0.3703625809861052,0.7276667626287062,0.9824824853190938,-0.06144859705979026,0.07678522057747478,-0.1582917112847952,-0.5422198300555517,-0.0414033813018798,0.07571996585566416,0.9161054005583321,-0.8256717001609561,0.20802660921230265,-0.7760698745120568,0.018044837580676376,-0.2094312746149758,1.02056698480854,-0.38114947239159463,0.005876263888141295,-1.823318779400682,0.4124014155319308,0.17428077470478337,-0.5037112220562588,0.5001067713703238,0.010861380739500687,3.098782265478013,0.8772371035061993,1.7467248488715756,-11.190063842671165,-0.6820204940635876,4.773517773867451,-0.3064806228518333,1.0759822970222346,2.3146416509347003,3.967980790375068,-1.89960952920773,-0.6556513316959275,-4.941736722948383,0.6005477613169038,10.427857330751426,1.034977149834864,-7.662579229561297,114.4707460206511,-868.2065867124217,-81.08561401691038,-311.5996991193944,1468.0141803322106,344.819390016662,-418.2680003259712,215.66624260502473,-64.97791778385177,-79.52885246369871,-207.5339848191209,21.65823146798371,6.919987922455556,0.0
-3.045663958450268,0.37902521905786335,0.7326457984278596,0.9829187450383307,-0.06264563237475608,0.07826383120336276,-0.15434065608909062,-0.5613099207336771,-0.021820005055251286,0.1042949422539891,0.8324153788086994,-0.7235208648140862,0.24388032862349654,-0.7465706803101959,0.03503349156887264,-0.16157130398135347,1.0928440021454893,-0.45959281149909875,-0.0008137538394612544,-1.7427116448176787,0.4394894466303268,0.29634816458262725,0.06808537645610464,-0.372964620295572,0.49885629841378304,-1.989961401705812,1.1803306832285436,1.74039563805742,-1.5667548755387188,6.7090603922213505,0.4426071223669854,3.148166948324905,0.800103826006904,2.371497370314774,3.058037039275616,-3.811652799216176,-0.2559193846513113,8.136600821999481,0.12698797592532893,3.6643867497197955,23.576769367828547,-59.3010440538684,1.7119606622600705,12.848400454282753,15.321638561692712,46.787429246830044,113.13649188603002,10.818356233419195,-82.45709132880506,193.62306210877287,-1.6442857130970776,-12.090279566704133,-70.45725030708807,71.73837963949865,3.5323677033397143,0.0
-3.079895228879474,0.38797283227727536,0.7382257131675152,0.9842232439456461,-0.060327584273558284,0.07267976202098986,-0.1496089597764695,-0.6004582075771885,-0.0050481088299049225,0.13675536380610775,0.8100276613775971,-0.6103876210612511,0.23711291254254527,-0.6687030619757401,0.056534318733660605,-0.1147934427466177,1.1612684486627551,-0.5196867528737263,0.015414054556659515,-1.6869910677797602,0.4506197749198828,0.2606633481934637,0.42495224914098706,-0.6835885637239848,0.4748173428674079,-1.672662843785395,0.5445507624646662,1.5230235661037803,-1.2070011617188223,4.580898608758941,-0.5662098951052085,4.566295312839636,1.2124030679555762,2.0477706116760346,3.3095729385733237,-2.330459811379093,0.860153694300407,2.3264593228367905,0.17753247911268738,-2.4766461818805383,12.953884423669155,-11.443675327019884,4.717790509680236,40.139779340861686,-34.12948814703044,-12.765811195896521,-30.745612017635104,-127.24453165075387,-6.279529360316535,74.0329039537927,7.877896149822732,-49.57799476144801,-38.29557253404643,68.55051517774658,-16.41475549269377,0.0
-3.1136829677314504,0.39680296994169933,0.743091322607114,0.9856138447927144,-0.056810671900626365,0.06616220825142508,-0.14477727276895688,-0.6282412989038921,0.0007003964464461823,0.1611243966442702,0.7747692633608464,-0.5352682608550682,0.22650357750549874,-0.5672043946855033,0.08639418892843136,-0.09276160472017317,1.1954759571071782,-0.5742347586513425,0.03644867662362702,-1.7015878307402936,0.43683162217043364,0.21600989058000697,0.4221486516657445,-0.5283827530621106,0.5184906340707401,-1.281388947652348,0.046817463694865974,0.9805483796642289,-2.1004059664556425,2.8697762455233695,-0.42751335415615294,5.214836795070525,1.6567972006675473,0.3366776427840447,0.7736302991224522,-2.4767493931533093,0.9414776677860324,-2.2487331250016775,-0.2777128577519311,-4.084940795206123,1.5893960449487268,15.751536832711261,5.738528574841476,1.1989697168670288,-27.767062532183182,-24.14906882397562,-29.39531969445825,-101.90875236298083,14.618976142874267,-7.096788337703908,15.21532524007411,-80.60179521503149,-73.67651339506631,46.66367785198247,-17.950399723552454,0.0
-3.1476734079567765,0.4058761844810838,0.7468655823330848,0.9869627059755467,-0.05166626459520829,0.06031874358464538,-0.1399887970109542,-0.6458845707866575,-0.0023306961334333795,0.1825034728880471,0.718791266378152,-0.4725969749802763,0.19930012953125478,-0.4564656017587056,0.11267674955799255,-0.0964998147971371,1.1636774168998982,-0.635153457608998,0.03854435594383741,-1.7126787972821949,0.4731141817504002,0.1451062630293205,0.7097494292643337,-0.474782700219268,0.439651568978134,-0.7706657659671773,-0.3399072790163625,1.1697059841382131,-3.033880408034182,2.48546934510463,-1.6180012598998719,5.34404283391854,1.0242297169458732,-0.49929658816947325,-2.535642392920291,-2.8576249384341015,-0.04159108717967063,-2.675538084477934,2.5757754679540517,-6.331125226334635,17.00123892443039,12.760057698555826,-8.857362927799908,-3.58846993084909,-22.29729582131343,11.019049811275345,-7.539042701765706,-99.9249564602424,-13.840537575384763,-55.21838052076805,-31.070142591877936,-25.886636260966988,-31.74045517252082,44.746293902001945,-0.7018322519854918,0.0
-3.1818411716287156,0.4162413396536029,0.7488192239074531,0.9882485461713229,-0.04239233816565374,0.054130002404346046,-0.13651975496176974,-0.6580668475971937,-0.022820073916632665,0.19756684539112054,0.6545839382736295,-0.42275329384837096,0.12418165583305683,-0.34609242962523173,0.11978519280200321,-0.10466789250808231,1.0618369706405915,-0.6886008063189778,0.017104473010084685,-1.7218124377634492,0.5597511672331151,0.033007974699273586,1.2322082894134878,-0.4611575289344289,0.21927567084739114,-0.6012776375123761,-1.4208615392497232,0.7108898699994979,-3.2088819359422853,1.6594668509851027,-4.037622429062979,5.088168333669422,-0.12777423700865656,-0.18287252769850432,-5.675353137096562,-2.380006474402562,-1.0931404032103849,-2.861450828276998,4.834417189995094,-8.849492418513194,27.038780716240566,10.941547725070569,-27.015200330259667,-10.85375869246635,-31.617876119530557,9.276793645050445,9.203968081394695,-112.34644843876914,17.55349207361422,-88.98495977886587,-49.10154546411805,31.17034474474264,42.12107496626171,38.08133197320756,19.099527964201595,0.0
-3.215689458609246,0.42833914429331704,0.7478672922709817,0.9895191960361511,-0.028182261589269484,0.04646532316405361,-0.13378525535702074,-0.6854433850482019,-0.07323782731948905,0.1790865668760215,0.6519135620435732,-0.40410206264029397,0.033976708125991406,-0.22073241326899762,0.10307244401557357,-0.09516140213744552,0.8381385460291886,-0.6867024732860645,-0.031226877691082892,-1.686931586757327,0.6618663611976168,-0.14735482449292198,1.8604704908446297,-0.5893754515648546,0.09262057404063141,-1.6164704255055282,-3.04452016520302,-1.2745877874846834,1.6435149999665315,0.8397401466553684,-4.084714075264009,6.175605395498821,-1.5111115211031694,1.2743690534327068,-12.433146330893003,0.5254606790803886,-2.3066700413477337,-1.2296695583312178,7.741095770515699,-12.68536647418337,48.546287591373755,8.429005261707623,-48.96662849820954,-7.199792590902877,-29.62069745444787,37.2933608397298,115.34997904918252,1.3554780574482246,80.7126903736312,-92.26841310999221,-83.95970921671316,101.38162877579052,95.73447490777936,-10.261854137818574,42.801758993206704,0.0
-3.2502722457970967,0.4429346658135671,0.7428644492380092,0.9891666887196185,-0.007796441411600656,0.04119466449825913,-0.14068218453541498,-0.7269875352394233,-0.1335008579331828,0.13252986788077623,0.6980062103816448,-0.3812907026188342,-0.0036282900197955647,-0.11697930456192869,0.03776045423893879,-0.09926412164284598,0.5715244988462952,-0.637646585323445,-0.03693493268554407,-1.8024117743955523,0.7709992499704009,-0.27918232226908246,2.140115032052488,0.2085662411617274,-1.6105218484639927,-2.2805447213936483,-1.9523328161225881,-2.0782992901296877,2.119030727797775,1.1514763209667633,-1.2409474233153543,1.8877379669957257,-3.8382950600612253,-0.30325755880771577,-9.118279830323115,4.387367211557857,0.20388533522131785,-16.34915336334777,-5.087084711790912,29.431193067499894,-110.50157034593235,81.01561014989402,-178.26031317767956,13.693850685078667,368.17390090390995,98.37974709005275,-130.50203876288415,9.241746799574383,26.45059272183273,-1145.7471671866515,144.19672748233535,93.24808419612948,1731.2916046005432,1050.3410079117893,45.06815072348758,0.0
-3.2872131991561195,0.45606018490295097,0.741846668497742,0.9859442448473923,0.001254190977692236,0.042380390955429295,-0.16160530783288904,-0.7578710426700949,-0.1274641069060618,0.08175907469564682,0.725093608723149,-0.35739182429115995,-0.027707860247617486,-0.18836203100504936,0.0033988957332939684,-0.08667960071235849,0.5734727960202808,-0.5072190445985072,-0.023354902979180605,-1.829228910305618,0.5541085603707389,0.10233169108712692,0.1441949692904115,0.039849360078878834,-2.028849629101516,-0.5913652119973665,1.6427445545347261,-2.8507173727267756,0.812208935573295,1.0129285466224998,-0.9864914459401152,-5.107500842947042,-0.0221572715414749,1.2184610444045263,3.692189021813491,3.264328271197188,0.3874785013897759,5.317858435640741,-10.862868498128108,13.26446586205806,-74.75220418974118,-41.86285410745501,32.46979112361522,120.29738466124871,107.26579362078895,-21.974930019595174,-49.327088764011016,-24.91487276045589,27.147328017972356,24.715751233378487,143.70946458485767,0.747277981075109,64.3115871738162,-202.33728303357537,-44.60768603088055,0.0
-3.322850824507959,0.46606297537111363,0.7452249015534256,0.983620485887477,-0.0016177139767495864,0.04076702908580085,-0.17557383655742143,-0.7593955602787451,-0.08872574969217395,0.032843128428306084,0.7467145378346489,-0.3326086430799257,-0.034959378948473986,-0.2784251528389995,0.012651799752633315,-0.07364416949720272,0.6393064311325022,-0.4618833032149112,-0.01728861054220755,-1.7366130027728996,0.462235975838414,0.21123389977188933,-0.39621274047579497,-0.4282704532979139,-0.8807081561825912,0.4004619799294185,2.0288555195786566,-2.0343453495055694,1.079728112008079,1.1640544604098526,-0.16951503393357928,-3.5591716416942556,0.5890096726435006,-0.023594858167742955,2.173969498845278,2.0950806051048865,0.2620050922326188,5.1201021547884285,-3.5514246728201226,3.8697564402744558,-16.597932096300884,-25.90446069699766,61.76892982231388,52.65981903821494,0.6268433751515403,50.26345043591431,-13.866550375939577,-17.55910886005127,8.569446344566474,121.165669620069,-5.79278380214735,-84.91384180964556,-153.3974497487832,7.539266492779056,-0.9622081955816455,0.0
-3.3570726363856096,0.4753134556279142,0.7489087544127221,0.9829767003295238,-0.006449132443473,0.03658120218477487,-0.1799361857624152,-0.7578346334893044,-0.051500659920579145,0.006728392157662109,0.8004759891818172,-0.3351398613929851,-0.032384585176390424,-0.3383771032276549,0.019337059778037895,-0.08496735310912892,0.6669934511613924,-0.4216823539874038,-0.0149783410121129,-1.687503633069924,0.46896997399617807,0.17008474476646276,-0.31959959651647457,-0.5532841866936575,-0.1208310123156249,0.07631329220241038,1.5882308099062836,-0.8263507658821388,3.03775841123752,-0.27367017195623383,0.16267086726672733,-2.5090531026899088,0.035216822250332014,-0.9568312427948474,0.6939733815283636,2.0672960763206647,0.06768289272710819,2.6881385760883796,1.1882697571887548,-1.1198091943287927,10.602245332212668,-6.614044481061526,36.29805717049104,15.371043669497531,-39.34707650145861,44.07814949502919,-19.46494044865329,11.132136987506456,-2.2501307823172767,52.46589190432973,-38.16192642238629,-37.35992277300075,-73.4311395624802,11.897451150278522,-2.370876970113474,0.0
-3.3904962422019973,0.4849059888978868,0.7517458932479784,0.9831585489108767,-0.010135623959214374,0.03175185884138994,-0.17968961096995348,-0.7605657437740455,-0.025099303778520713,-0.004742438270029056,0.8882911926685869,-0.36654794707110483,-0.02525786733073306,-0.38220140558599114,0.019992910443365965,-0.10291107715929682,0.6680377507452661,-0.3771115448896639,-0.019603342805958504,-1.6569105728917173,0.4946556963658869,0.12950446240313981,-0.18809473605429772,-0.5305608298988018,0.11061309083185887,-0.013898846086453268,1.0070043731306755,-0.402791388539987,4.4013499916763665,-1.5141185270275688,0.33884559902253286,-1.9805592439595991,-0.04580455306944807,-0.8070108378463953,-0.32290712679057915,2.0514697742160704,-0.31669456975379323,1.5445802628212693,2.0720316634134597,-0.7178239895234505,12.853960642782305,1.6966232419570815,10.431834031985282,30.503124378966966,-40.44224418198789,17.216694934245584,-62.152984168581256,37.95452728262852,-6.573579631426566,19.163689810017,-12.288436463566297,13.837247959567359,-31.724958606040474,-35.75109505793278,-1.6036162742814446,0.0
-3.4234295894722333,0.494977117223232,0.7541828594021259,0.9835488509394501,-0.012791400845450392,0.027350520755963156,-0.1781010580947687,-0.756807988286952,-0.011196796308579345,-0.011144083383501239,0.9843535314662604,-0.40249131229503576,-0.01303004878224285,-0.4157669876983343,0.022509373912659513,-0.11468148435705657,0.645162936050514,-0.3217361435856331,-0.030095634287816274,-1.64011530535446,0.5177596494180141,0.1206598691817868,-0.13721788207450275,-0.42939330478752236,0.1700549868709504,0.5300201258770578,0.3775247551811026,-0.23257365041266542,4.383986565874541,-1.5267388027992492,0.5704785748157869,-1.5536123220325826,0.16864646894754076,-0.40389252195867387,-1.4774358964086374,2.5302652543068023,-0.5636227341939115,0.5460318770248296,2.0305615061255735,0.09066523182177458,8.448082476062256,7.185675890561722,1.3985953906676942,47.00376965083147,-38.91744334936209,12.03758557833083,-88.3578533909156,40.69217096312191,-11.299779075647686,7.023834014413686,-1.5709802421774206,19.95550182168497,-21.268284762731152,-60.110969998498604,-0.3905522702344837,0.0
-3.4559198498348564,0.5055739583296718,0.756682829399316,0.9839804272665613,-0.014707774220113334,0.02319662467272154,-0.17614799668914355,-0.7343814555185795,-0.010991176732066897,-0.012115616232617036,1.0655240610441523,-0.43709229093601865,0.002583391767728418,-0.43921832594055193,0.026872390684294575,-0.12038376230245085,0.6012806752568823,-0.26456090668203786,-0.041266682682578514,-1.6167993257327782,0.545181330439409,0.12649054445724206,-0.07559385148398155,-0.4287216362279599,0.18439053358457652,1.6293222654771637,-0.3183815720899028,0.10684216907640262,3.433882337772034,-1.4923949895862336,0.7015692579979945,-1.0225514954025585,0.20928525885398003,-0.16885648623305044,-2.435314972443406,2.3648722844944885,-0.5452568000655516,0.4363242624571101,2.048145868934357,-0.15084034535734073,6.482572138297793,4.4934902741366685,-1.9786501288784686,55.01835465951734,-37.43229409718053,18.459429297174523,-87.1927039228007,36.148982726376055,-14.780449465571673,6.565600547226508,-3.415380497952482,15.122928001554714,-10.001924605807979,-83.74730730212839,9.81845283605023,0.0
-3.4879364487228774,0.5168671244210675,0.7592133499438665,0.9843146185269062,-0.015616403188326865,0.01851088882830043,-0.17475184319622244,-0.68827236216489,-0.023321384306140988,-0.003816188316178515,1.1233508824809422,-0.4722451152909393,0.012548379595815623,-0.4533675733194264,0.029568213041848493,-0.12177623559959003,0.5440068666263569,-0.220407140045932,-0.04680081879273131,-1.5950056224206315,0.583603543699179,0.12008390573174826,0.051262978190717554,-0.4793113299091058,0.07869898438463273,2.7793405823484747,-0.8697986410133576,0.639673935791987,2.3238871716542664,-1.5490056090138247,0.3855322452630962,-0.6186972750852751,0.06680441195577105,0.02207877413777719,-2.9326688160670975,1.5903394183823392,-0.1215097904661538,0.059521430635872674,2.2762154902325262,-1.3431404066582187,6.858039095097166,3.500193562052183,-7.168178249553641,44.34960819630194,-28.239404471752152,22.275675279124066,-66.82988758522713,35.13793237206469,-10.183031938424884,-1.3196822818489156,-7.220674949809587,10.68679408109254,6.714637020938064,-84.89139323245178,11.544562176827732,0.0
-3.5196970839505353,0.5289683651258283,0.7613694935689411,0.9844337479041041,-0.015292087758999661,0.013291776097405963,-0.17458429691019284,-0.6221300055896146,-0.04515780796946272,0.01245693975077179,1.157012913744732,-0.5066211373948027,0.015062758909313556,-0.4618879641960044,0.027608657593982924,-0.12246593852063388,0.48087997094551815,-0.19470030418966872,-0.048074286200364365,-1.5911095579258376,0.6234687261525305,0.08835700267366701,0.1737962088309387,-0.48417121430586746,-0.05239279564375782,3.587517572749416,-1.2554002968863907,0.9282463977428055,1.227500516510698,-1.5116709136709165,0.03559382791017546,-0.43828262878264024,-0.1825649765734328,-0.021500367059090097,-3.1019794253604043,0.6793973729463676,-0.0280143034267925,-1.0368527278097526,2.066739561181398,-2.972125788384514,4.765773860189157,6.546412559633145,-6.997042204393821,18.257529357707178,-16.70939881836758,9.790869916552406,-42.62389324327546,33.11029582426715,-4.448189490713917,-12.148976586757739,-6.3292762172742245,3.621506212855249,17.43788361395057,-78.88628482584016,2.72220998212626,0.0
-3.5516076737431788,0.5418066002912885,0.7625634980071394,0.9843669720830279,-0.013930649246230347,0.008153408713135791,-0.175388492239447,-0.5436782860797276,-0.07341230121220786,0.030559933733249858,1.1665715954129043,-0.5377196536033977,0.011700588341516797,-0.46876574512554564,0.020324675582467932,-0.1270310969901882,0.41668976925347495,-0.19089186008483616,-0.052841030967052255,-1.610127524454701,0.6553404942033502,0.025500097733391798,0.24241154118756117,-0.4250761871717884,-0.11632270507088827,3.9853217276890245,-1.4773522904605336,0.8791239516782426,0.13725679499417737,-1.362652281967013,-0.184708006812174,-0.45634170896577386,-0.37923337385507155,-0.19262220012002412,-3.0680085217980175,-0.3107614930578094,-0.011001931742813324,-2.346572686979778,1.4392606716393666,-4.724720705373145,0.9022737407442607,9.983071786125606,-2.3794336155924447,-8.612528792406652,-4.0794881117432,-3.893866288803848,-18.344067238727256,28.507326694951352,2.3612203272465617,-21.706528044956496,2.8219713985573955,7.815578716872892,23.685684346667642,-68.33892302881436,12.934893328327966,0.0
-3.5840717128727495,0.5551306433070861,0.7622382892041674,0.9842277930584427,-0.012203956265570377,0.0036207635917910883,-0.17644717309661856,-0.45975992049303827,-0.10413950347029113,0.045176243346290036,1.15270471762162,-0.5644864113603817,0.0069287256941501256,-0.4767275598170496,0.011204484211163948,-0.1345976088212713,0.35406879222276005,-0.21056641096006637,-0.05796495531155115,-1.6447331620246455,0.674566692341943,-0.0638959136485305,0.23851633322190044,-0.3517215876327278,-0.09862508341334698,4.117436126619636,-1.519492191526635,0.6277353669386784,-0.9316011589338375,-1.1763740402331353,-0.21694645588385042,-0.517510533628595,-0.43232582815999004,-0.38671493743719876,-3.013008634160619,-1.5389671795190643,-0.27448653284988456,-2.931608588310355,1.0275274480956205,-6.501844146759771,-1.1012618026530698,10.166252815331685,3.8058518779953463,-25.925461013784613,3.238585604913939,-10.491488913237257,4.768133443113074,22.531709612055234,4.099582052952394,-17.71458453980913,-1.7446832410706792,-15.245645219465162,14.476388301793516,-94.61159795131651,-78.88164909700697,0.0
-3.617369940726168,0.5687274147114958,0.7599113232898467,0.984134703531075,-0.010684473752201409,-3.858222908922614e-05,-0.17710089169129872,-0.37510721281372755,-0.13356381398346825,0.053651107122076484,1.11682444743818,-0.5893994918715455,0.0053486153495521304,-0.4865011456595021,0.0035215374848976007,-0.14272205536307955,0.2925320678552111,-0.2520344112342033,-0.06219766951834991,-1.6935947161470302,0.6832824157444618,-0.1736107920886748,0.1735741915076206,-0.2603200704920543,-0.01946590126818659,4.035493037950581,-1.3580832774854352,0.2916794387798891,-1.9032184306222866,-1.1312315402345958,-0.03253798458175705,-0.6439231330436386,-0.26550216376875646,-0.2623524551363129,-2.9351050752849392,-2.4496274017632507,0.03334510053148955,-4.020739945773265,0.3580482767558706,-7.391078877469035,-5.486880399273348,11.966144634372544,8.45144255624297,-42.14320019788984,17.05931940114956,-11.65385244035567,28.618332307574313,19.19692334031866,1.7595972424352944,-28.071964358564703,16.128080835152065,23.849359489127906,25.866971925340046,-36.66893721520181,34.7450131095129,0.0
-3.651804204545263,0.5823852837967912,0.7552633033778545,0.9842522243217423,-0.009868613837730912,-0.0023378338515960342,-0.17647862168406442,-0.29345357816645057,-0.1579756251942585,0.05345317253486891,1.0577567424636143,-0.6158771528222658,0.011852719728291744,-0.49964260565654667,0.001232519491192518,-0.1433542655732928,0.23256309330100075,-0.3060753118986543,-0.048229296600205585,-1.7569024777562863,0.6823409914181114,-0.2972124331797237,0.06150887781770804,-0.11895371153778941,0.18487265059144392,3.7795491003958768,-1.037937839504776,-0.19795962866729325,-3.00563015520522,-1.2461580178433245,0.3429591286184061,-0.8226867810978966,-0.008053908298477443,0.12850335116120254,-2.8716013051254516,-3.0034709865814575,1.0204086268766392,-4.707108346240631,-0.04234230171534893,-8.345289918585552,-7.180638801183648,13.962755808287218,18.7369143626985,-56.59508377395744,24.767690696758244,-15.09914125829395,48.46695588592054,18.01258345970803,-5.48574321777069,-27.83072907577241,9.067305414121403,16.220875384855262,23.273404004288928,-31.34114970667773,26.5398464296335,0.0
-3.6874904722853166,0.5958905726560655,0.7478623298943424,0.984845217967818,-0.00980936300718888,-0.002792468364581099,-0.17313542434680226,-0.21478835914861427,-0.1760381937548788,0.03840881308885432,0.9593813740179354,-0.6468607904321548,0.03581503565045868,-0.5177540742752023,0.005385101039082797,-0.12429773926726062,0.17632257160536363,-0.362089859810896,-0.004575390157346675,-1.8169535147400397,0.6690645849432033,-0.45539392021294905,-0.038034992591674345,0.05465176720841907,0.6056491816067784,3.5930923080373676,-0.7061183141097053,-1.0953044783467398,-5.143168348834778,-1.507880991921624,1.1844968710346133,-1.0380882064792223,0.16588164444575249,1.4279857817118289,-2.502760376107877,-3.0503999143037586,2.3528672088854803,-4.405185639039172,-0.6777817941728792,-10.945157264522996,-7.250016991868082,14.518700867426633,38.90663250180114,-69.62617093368416,31.284127211873137,-23.800600904765997,65.63411588147099,17.024621133246413,-20.601483673121074,-19.081641030630237,-23.711203702802113,23.233754149826154,54.0210768275327,2.6976185984487504,-26.708595395771155,0.0
-3.7247794719235747,0.6082574527533942,0.7374647503081028,0.9856693793260551,-0.012991205270273002,7.212737310883851e-05,-0.16818768695198008,-0.125719240445042,-0.1650505845589547,0.014307591609263738,0.7445676276572379,-0.7187522620649078,0.094408211997483,-0.5620086982915528,0.025270783076515323,-0.07505532948782336,0.18390862214127332,-0.3536593717794927,0.041637044685611004,-1.9320724450375877,0.5676082987024919,-0.6002557038051046,-0.7585936684044196,0.45239987545174287,0.760068502658338,4.04280019695845,1.624464707290024,-1.483638204878906,-12.06198180853027,-3.776746181161877,2.795841755843209,-2.832194639894538,1.4108274096512863,2.094470323458666,1.3044490036782652,1.1676421571431095,1.9043695564135303,-10.417137263664214,-6.080167031065833,-9.88002677195421,-54.44523585594839,35.21255823320483,47.87332251396684,-131.40105271797728,125.56857856388994,-37.955746393971836,87.64385076997044,37.51987325919942,-55.41042450018664,-45.271553660820715,59.34860933840793,-32.2829670360699,-190.4266570910922,-163.44237448838152,-56.02300832360495,0.0
-3.7632999773835194,0.6204897476675222,0.7289884694480265,0.9870816424335975,-0.014481147008253257,0.0042034548320383685,-0.15950692310803072,-0.15412011413448468,-0.12368908979123634,0.0559770965976233,0.6680188250864303,-0.5881745330187385,0.18424687042534477,-0.6261603930459374,0.04405417090793019,-0.014325322946450145,0.26308386030799924,-0.2989220756415786,0.027075874415300873,-1.841890853239451,0.6639946367945347,-0.234717184492505,0.3844393564327372,-0.02340803978930535,0.8487729125360737,-4.389708776180493,0.7763172660871832,2.2014299547174865,2.4377438016539266,6.189164478209055,1.9605305039413619,-2.3256980362212616,0.05868550060426517,2.612939866928087,4.707459253302836,3.252167430366483,-1.1193641317148362,14.498708741458916,4.802797421053928,20.138469086888684,59.62806652604062,-67.07246740233633,-32.393435290069064,-77.34697926505778,-215.42371237662925,-147.49349288250028,382.1743026005621,-649.1124230085646,-186.63517032291094,167.8691866651685,-80.96930784871199,-83.81447543078981,-40.789581112033744,-17.042260879866742,10.760917829279332,0.0
-3.799643420455242,0.6340615073343996,0.726318969059567,0.9878435746874584,-0.009030632094116576,0.004057814006713717,-0.15513559803659066,-0.26104580681064005,-0.1236129505091653,0.08748010220375729,0.7546824213587351,-0.5310795971898592,0.19494159799448618,-0.6808296721580551,0.037373159971041646,-0.004569534330036906,0.40535111729249085,-0.23712412612276138,-0.008191101299208081,-1.7727961112493271,0.6681585307633192,-0.04440553563452171,0.5609951910078719,-0.009442895819199028,0.05083459948201824,-5.023801728498806,-0.16323993838547216,1.433211826945308,3.9637189296067086,1.9123416811275398,-0.009581777974013772,-2.175413564185034,-0.23164668821937395,-0.32912032504904687,6.843793471465664,2.9516334690001145,-1.6420403555635767,5.73088084724206,-2.2649836097336586,10.173669755888309,-3.9266111474076193,-14.410201704081727,-46.44369888974496,89.94142895242878,8.296012691967057,3.757360384680668,-137.89091517524864,-9.896432029646792,-27.85071569614743,106.23437604195642,35.52107388900275,-38.06496098710082,-145.65878099634736,-31.630340362437988,31.10835662891965,0.0
-3.8350501618504937,0.6468989976811448,0.726283834271393,0.9879523656995218,-0.004702607778409349,0.004873772998040961,-0.1546100091377143,-0.3557653476782675,-0.1247285490910646,0.10992810379986102,0.8125709076963387,-0.48843680233649345,0.1937445153361938,-0.7210720780477018,0.036597785801071044,-0.009105806465434636,0.5490117803557246,-0.20534827800085065,-0.061542972547085545,-1.764131565040265,0.6155173539239456,0.04360528462466102,0.2560907861119198,0.23269554742264695,0.050815108460688624,-4.337809642765651,0.1292733622613378,0.9160556021456596,1.82951271638066,2.4909094525885265,-0.08052690943513117,-1.4166009009715346,0.13249917401820982,-0.24179953632167733,6.114323878367615,1.243665094853904,-2.4625412060853695,0.6601703545646118,-3.136963862441186,5.532320343163237,-19.88005084178839,7.750605530861639,-1.681396108321485,49.21424657940814,26.872980851763916,-19.06380683884593,-121.25256779115125,44.58237299095206,-2.7703617419600564,86.48249258400202,21.17674418720096,-4.804248125993095,-179.9790659853127,-21.046477518465043,49.01155707297386,0.0
-3.8702633461885227,0.6591291711642498,0.7275281648146182,0.9880059559300944,-0.0015844807167966666,0.007728737833746864,-0.1542140949427656,-0.4338715081751386,-0.12307830533525901,0.12625774198137157,0.8249911501281586,-0.4268897756294064,0.1959719248953127,-0.7478048380490196,0.03824470942054309,-0.011151247102840283,0.6836470313306312,-0.2055901864643578,-0.10421841399077467,-1.758411339080816,0.60250994420478,0.08572274296023763,0.21371079400780657,0.38995785997267723,0.04397273691556642,-3.5424886036369667,0.12771455826449965,0.7196818883598238,-0.2906233301423339,3.4924953061749933,0.1813190882840131,-0.8677250319779466,0.07668374112825153,-0.08399331073051941,5.939076354337665,-0.11495140115010556,-1.7821252418512061,0.03684764529899158,-1.3684059924607932,2.9129907312123304,-9.341260978850308,5.853472399500973,0.27800782169398963,38.30968764260734,12.219886215216189,-9.629283312685363,-91.19248557895955,35.70809922059166,3.2667045928692904,71.17461499656663,2.5680607809105647,-2.767398207323247,-151.67177663117278,10.317189311278362,38.530748035091115,0.0
-3.9054294165370482,0.6709564254762965,0.7290963702603722,0.9880703796044555,0.0006835371440922949,0.011500555545831272,-0.15357146527730492,-0.49821577228171526,-0.11948351984441168,0.1392054993907646,0.8055793834152846,-0.35234984173591294,0.20126005535453842,-0.7607603218870909,0.039851395253394206,-0.012318978260280366,0.8099157252274872,-0.22964583857241963,-0.1226341894556282,-1.7604136061267914,0.5764620745271875,0.07920131750751895,0.07266590255356425,0.41487224958912267,0.08764627751547452,-2.9568186493353914,0.34088534364624257,0.6190342065854538,-1.4527731432039372,3.8147035693723743,0.26667099693629476,-0.1687658062170047,0.13775462728946633,-0.0952548558607479,5.5635028814966665,-1.1386365631876072,-0.651548884270889,-0.46588119673360323,-2.012417117534958,0.2782814152956956,-13.60654797901242,0.6656425066707814,2.464503308139025,27.41261934300501,25.909754054248694,-0.5189908516330046,-46.6798127233144,0.95663229030382,-7.139704406063752,67.03449562132319,9.86267664263028,-7.096756859090565,-135.74974371430892,30.696901405494724,16.40248695881079,0.0
-3.940623405184528,0.6820012102227417,0.7302698100992698,0.9881877070431674,0.0008652981749833034,0.015062099257175424,-0.15250390183140725,-0.5487620528717416,-0.10305347293448829,0.15784387358032648,0.7653968962685272,-0.26659067822061827,0.2013486219825062,-0.7564899201809954,0.04300919888563623,-0.019321691527018365,0.9223144007427896,-0.26993430121310447,-0.12635842248884538,-1.7626966830535384,0.5315873133227752,0.04587938657313066,-0.1582010068849426,0.31652479602574035,0.14599417237447085,-2.274545698450332,1.1508362008010915,1.0536322262562303,-2.1688002541128655,3.7487602723614533,-0.309858797959749,0.7015122155375337,0.22256945901897923,-0.5072196819177794,4.8999019509112856,-1.8330264345537444,-0.051061740659902856,-0.6248350890584856,-2.3786511769524847,-1.3168624714442676,-15.181434027852474,-3.2864284242264143,6.43123966800498,22.38393144624101,33.95447018451096,10.54980420764361,-8.302467283715016,-73.8511423255627,-3.439943662479812,61.83063050263543,10.753967205438306,-12.705673276437858,-118.89140559490332,43.41508016124776,6.356521955020938,0.0
-3.975848152127367,0.6924405372227417,0.730795961420679,0.988441908626066,-0.0005844993935677536,0.017710337866944974,-0.15056093638376936,-0.5876136635710498,-0.07827374818990239,0.18109041535310474,0.7160850384676155,-0.20049711822296956,0.19434367036534866,-0.7350424731470032,0.04551207720007407,-0.03327842548618513,1.019777421079837,-0.32079679310893494,-0.12269601891644248,-1.765733300704865,0.5146127986327953,0.013231362998145481,-0.2327593941269398,0.20097428295061687,0.2575229538768347,-1.853322208267833,1.185819448067223,1.1081084163427164,-2.4861586085309377,2.8066683049621686,0.22620212812437215,1.469835559870196,0.10769178091553949,-0.7658897366928308,4.25759906482651,-2.275637774336014,0.20018575136893382,-0.8403678693083273,-0.7861479739656323,-1.4595073490772865,-6.538526866469066,-2.739043229079061,7.9490542325124895,0.8528299036415858,-16.20436417192104,-23.22736376625469,9.167173035600074,-76.41932503731194,45.87558229893926,47.36110055846852,3.644389848654271,-0.22386656258319038,-98.93815628883414,52.19317696159144,-2.709680089593884,0.0
-4.011221966602955,0.7027013048558899,0.7308489134807686,0.9888065571502839,-0.0025235213292289717,0.019314494431156966,-0.1479262474396349,-0.6199699147805519,-0.057249358790113405,0.2023044636212811,0.6620637753931606,-0.1561377747074794,0.19904497299819887,-0.6986152629248578,0.04627786851622082,-0.05098534658242411,1.099628269596869,-0.3801976982436901,-0.11550922297723114,-1.776425381985278,0.5106871218599256,-0.007331677877817704,-0.2360574063544892,0.0938668810454029,0.2691294583098056,-1.5135570065950978,0.9142710903076683,0.9223359218886696,-2.7517775236180158,1.4846195199761987,0.24766432083705306,2.1237385946365466,0.07208232989377931,-0.8877223982347272,3.4006820768202677,-2.6746790732327996,0.3401543357406366,-1.2731560145020726,-0.3141451143381609,-1.377557887463893,-3.350672192372211,-1.8691890573497394,0.6932288899554391,5.520274061009838,-17.19790139911567,-22.186204561975316,0.3282598661737155,-89.5817667767929,2.6133239434654927,31.554115460217044,10.441480363778776,6.993251876125522,-84.00593668821189,57.266807799650536,-5.8229388686158465,0.0
-4.046943656503354,0.7129393883047586,0.730604001886206,0.9891663937067049,-0.004535655703583573,0.019968669938856997,-0.1453634259691351,-0.6452133930734755,-0.042371104952110744,0.2190252580640994,0.6017416888068002,-0.1421406464497554,0.2006975549328191,-0.6501894705766608,0.046730774340477316,-0.07060820707203615,1.1599434830131667,-0.44584452255026985,-0.10809819672785831,-1.8001730130746336,0.5119000076474578,-0.02098508945223448,-0.21881465010406553,0.014378405846419693,0.2360298500843181,-1.1554259015838704,0.6019267218531058,0.700160571863365,-3.13001836367021,-0.004397835953561663,0.08280909284488427,2.6106835899032976,0.08119917652935633,-0.9537705903077885,2.502889922993078,-2.950442559430996,0.3296108490271059,-2.051629833327269,-0.06862118054897651,-1.4810681253056508,-2.28286037176267,0.22154871756309213,-2.9238575444186443,4.4329717987042905,-15.55644259119395,-19.700787098292846,-5.7886697190768075,-80.37771199090355,7.984539928592735,14.903525321462599,13.857715324271048,10.654399058827636,-65.07468912632223,61.108151137111534,-5.935379831487909,0.0
-4.0832567575344925,0.7231818831394646,0.730073236599249,0.9894856642376927,-0.006622463569163158,0.01975091792085707,-0.14312289993446434,-0.6629869619967231,-0.03415060477245585,0.2300607670033709,0.5323741932315896,-0.1546191195619615,0.2002383701141449,-0.5926557375063403,0.048567305883593793,-0.09024932377744672,1.201184892754279,-0.5141118233320124,-0.10179608477185427,-1.8351187283225572,0.5112068079939788,-0.03908724878385905,-0.22195621128620388,-0.07454292344401381,0.19112854838414517,-0.7917495808294724,0.2853553825820625,0.3934088432728785,-3.5781185591877236,-1.313699446078941,0.02465548813557885,2.98721147006042,0.19997234135906225,-0.9099283613722001,1.650053903264684,-3.0486955517089287,0.2743252624462824,-2.6669274926279702,-0.18413601722511821,-2.1404717060166627,-3.3937758420499753,0.28593582272240214,-5.453302457078113,2.8357235787209074,-11.455050204425447,-21.120975720484086,-2.695628697836979,-83.27867516429326,7.408262321912108,2.9978578682546706,19.3974199781213,14.833231430315275,-45.25955084512307,62.47383365144995,-5.045122042247961,0.0
-4.120309523920619,0.7332131111106621,0.7289718798536861,0.9897618215763311,-0.009388341447142644,0.01842309574756673,-0.14122317493191677,-0.6707660988397108,-0.029921645427622136,0.23739207719098288,0.4501614832448236,-0.1962974138731921,0.21275966030887491,-0.5273312858872103,0.055278360571984944,-0.10815011655358153,1.2245852006381939,-0.5812079729890465,-0.09483203206247848,-1.8754804636455344,0.49491334349341903,-0.07945818729066731,-0.3035564188617066,-0.20654219894070583,0.16248013763506258,-0.28910928950036485,0.13556990908053898,0.15545034404206984,-4.204435527967273,-2.650913869746429,0.37041827132553384,3.3312713087321373,0.5079703065380046,-0.8163390552365709,0.8631057317242905,-2.9738892396091967,0.3168877221649621,-3.0915907262097706,-0.6611069487107551,-3.690666749135414,-6.262614492735724,-0.5429286541293634,-5.301035145690811,-1.721428217819742,-6.42205740577757,-30.2884056105002,8.331730679784547,-68.00799785518733,-49.4779139393886,-5.233454973576321,23.976454158654604,13.846593922370884,-25.331354175243312,60.991002672134975,-5.789299704518686,0.0
-4.1582008387147775,0.7430205992717815,0.7268145052517001,0.9899954745009119,-0.012917248198390777,0.015795763105226568,-0.1396158982158501,-0.6708294711804775,-0.03011368909381145,0.2345759195819667,0.3602290587000282,-0.2527032539863022,0.1945751279245994,-0.45536404432475097,0.068029507603669,-0.12189208633380735,1.228801897706223,-0.6419286745381947,-0.08695725384051417,-1.9164715049186045,0.4873764475395033,-0.14715727022970562,-0.34083868530247335,-0.3587788432419924,0.09686496488345867,0.07728826118985928,-0.06249838708897162,-0.3812848963146464,-4.459289714079153,-3.4324552241167465,-1.5491513857666446,3.6201993676648256,0.7915203614843291,-0.5397970209015099,-0.05349458912303759,-2.657679252319203,0.35351078364714816,-2.8769065474803153,-0.2872596011192456,-5.647588281475103,-4.292810871945466,-2.29551695316568,-10.753549160802395,-1.123458244037029,-0.21580242510580616,-27.61535711932813,19.302721699981127,-80.56951778516093,-57.26387686046668,-12.156192623463188,20.21701069862542,18.815558294623404,-9.222925493365889,54.52065453750963,-7.044355377328267,0.0
-4.196874051777754,0.7527865629390684,0.722950615877299,0.9900669621670211,-0.016862218961032304,0.011876096180427556,-0.13907564249928445,-0.6651794100445605,-0.032886947436188946,0.22034232682851831,0.27015378389423983,-0.3342516151870708,0.13261739744667955,-0.37738528459761744,0.08411561911155288,-0.12927290825789695,1.2062259873670589,-0.6932923523239546,-0.08228231361878344,-1.9500575303027416,0.48835640669944624,-0.2546913658062806,-0.352910317005956,-0.4904812441354876,-0.10552734234219502,0.38815181484340383,-0.09599481452947163,-1.1239737265483507,-4.422776650345949,-5.137576957821496,-3.8544438770315907,3.8831328216081364,0.8719266493632865,-0.17629809800447455,-1.4448444944079233,-2.241341998299341,0.17994930173931878,-0.5921619012850204,-1.093274645575374,-9.930537435987809,-8.280414114851892,-9.974144071779493,-36.894747656584094,33.89103186993761,14.049780593472391,-167.20634227280254,-15.034784724436893,-290.89797818370977,-167.14284106009384,-10.97728378344279,25.27989283479888,29.770020802247288,7.232895241083177,42.6091437069555,-5.438625207903797,0.0
-4.236036430069916,0.7627463613320029,0.7162401108802603,0.9896319909929586,-0.020763437467642618,0.007123359737729217,-0.14193892987438383,-0.6566341623907611,-0.03004334153973512,0.19718966959412562,0.18804427530733714,-0.45258849125913625,0.018092504081899562,-0.2937178020030891,0.09540535267898742,-0.12929760487746494,1.1442447716132318,-0.7391881293370393,-0.08955745516243818,-1.9763208359649598,0.5130067979212601,-0.4202423851452464,-0.26033864287308817,-0.4765916181562387,-0.5433497482846135,0.22397236954838534,0.3773445886090188,-1.2649728298904326,-3.3892485981954383,-5.725760058688537,-5.405998555691597,4.026273661450521,0.269119855030193,0.1946061804461772,-3.4944959913433093,-2.0538890138710046,-0.40034318652666684,-2.5965119892904553,1.9169381510429357,-10.788301928359335,7.547641440037831,8.250033407734533,-35.83333374501957,-29.852628890707113,36.515476653036835,-21.077263579648957,100.47387080597838,60.69420946946959,92.6600576680447,-44.28709665350886,-33.30214831297016,26.263696332037593,23.56307443579995,36.600322723727245,6.844158566499302,0.0
-4.276377236994424,0.7741771491182317,0.7061320086227146,0.9886941651622588,-0.021185420868692507,0.0050260298798686445,-0.14835688302322259,-0.6909178628202031,-0.01929574269424938,0.1757457245755791,0.20339589169060257,-0.5253990027185662,-0.1278837370389151,-0.2095496994954023,0.07743516373560275,-0.12443030085709039,0.9918456439072226,-0.8065502318071742,-0.12400066226445217,-2.052497915669285,0.638512108122882,-0.5941004884294113,0.3199081088641334,0.04896769141926235,-0.9964406271634958,-2.8042109611373647,0.659006994583591,-0.5182271976429991,2.9368659052053507,-1.7666815295113953,-6.3928471258585855,3.6923851735181126,-1.9022673587243175,0.5678877254661344,-8.849903850555341,-3.3208742383215153,-1.6792410095768668,-3.2807183027368727,8.19501848427611,-11.120378663683269,43.5328111139725,24.963723051146367,-60.43191897178141,-71.77682216038595,26.58401104368506,86.60763256246524,248.79888163953171,262.27742592983077,166.64827370888702,-99.2407812214675,-108.56936868379299,59.645029842085684,17.90702028924065,46.4580572027059,33.57583598885408,0.0
-4.318855244299287,0.7881428665749951,0.6953410565256909,0.9862262056309343,-0.01787263360662089,0.009591009334911587,-0.16415374755000353,-0.7954965589874411,-0.004363356071514271,0.12137888963777964,0.36441138827456737,-0.5128581709927046,-0.17999724204393874,-0.2263353281064616,0.011573991410744673,-0.1533727954952065,0.8981396533160837,-0.7948846481672316,-0.1274017828820178,-2.1388348472820864,0.6837436077733807,-0.39383148086738506,-0.06223479487968642,0.6100246134988441,-2.2271713023967803,-5.343245677193404,1.727608474851713,-2.5438243822536966,9.244278939497413,2.304909549931928,-1.3851613032800407,-5.681521260437952,-2.534244839714404,-1.4730395181660263,3.871109185673273,1.192126580354338,1.5210925970290565,5.8341622204526145,-6.438370492619896,19.008809081062214,-41.126125636942305,-31.390024394056034,-45.36929726500411,110.81469088815497,123.19233044473337,65.75225610761437,143.8709658022971,377.430124205308,149.93322015038004,-261.4388727447532,209.37146780065865,151.32335758231062,542.0031698128032,-125.92735850287251,141.39528460780372,0.0
-4.360255786149023,0.8004353839641528,0.6914666614999854,0.9826868939026301,-0.02203560391848402,0.014279213268202157,-0.18340393883553754,-0.8894483632140787,0.037587603805815106,0.08992035621550204,0.5804559563402217,-0.46003058409367864,-0.17127174788960783,-0.3537431809225374,0.0044710915285036896,-0.15858691283143916,0.9945123655727209,-0.7475557882302757,-0.100968920081446,-1.9869866840813377,0.5770996749097881,-0.02737491076061331,-0.6173665135343543,0.17334523428083815,-1.6237490221266813,-3.3055918629280683,1.8653195409041943,-1.0991184026048948,10.06560679254289,3.103905164672291,0.745320616860844,-5.795990757859675,0.6233656719808564,0.1305944747741911,3.877267937846673,3.4611627018325466,0.942817220527754,10.325112195146598,-2.6625265711340265,18.705830443244658,-2.99297576833608,-32.21697719747554,42.862004090589515,204.2522408135787,-60.472225762108955,33.82691896518354,-180.22384382227838,20.782692632249606,-3.3263245045724377,122.652177123552,49.25597805267934,0.2369827006415508,-188.96309973583092,110.49362389602933,-34.84217740884854,0.0
-4.398772451225734,0.8116956814788676,0.6931671597577014,0.9800835580669198,-0.029357377854526703,0.016665430904039057,-0.19569524006775374,-0.945082526627758,0.056819833253138594,0.05244080061048194,0.822640421865208,-0.431478217984495,-0.1349881922140766,-0.4520995500318878,0.02400053265696494,-0.16090768195509525,1.0352109760789727,-0.6581555039417099,-0.08019186539207812,-1.8772241475449443,0.5653391116301995,0.19450396419357102,-0.7416034232924171,0.11052634919470006,-0.9545251111065939,-1.554801288092018,0.17430432656108147,-1.9030769565458,11.14557561326298,1.1296931695973027,1.73351195603606,-4.109994404374832,0.9858208662908001,-0.3572030102687814,0.4317656928901617,5.050829438068965,0.8700523231027188,4.75927788455473,1.3055955744746073,12.875308657333337,8.617257174886188,1.3384903584441177,34.67029354260285,171.71594907185602,-89.36340154670862,28.623441544716535,-237.72554089084468,-10.710949320782685,-33.15382064820402,87.67490420037535,-16.33081740171764,-26.463053123289953,-175.09599272229812,49.19870442477132,-28.810807318377293,0.0
-4.436000603760154,0.8230528690447886,0.6983524746560852,0.9782024518356081,-0.03747102857823843,0.02162215189641441,-0.20309694184665245,-0.9673162796492739,0.04862594467681612,0.011338798860012083,1.0705359845920828,-0.4555539279454329,-0.09830450636608185,-0.5243621202251045,0.043962880557033894,-0.1769052802004296,1.0114131831007531,-0.5412466325208829,-0.0654175447484141,-1.8532839849231193,0.5846704213793088,0.32370143640797355,-0.8890930510035826,0.5850968066843285,-0.595058061815529,-0.1900940529326628,-0.9067697078434109,-1.7843138384745025,11.324577750122987,-1.339204800545048,1.5905029294381936,-3.2647268139360106,0.7579897621231575,-1.1648939626289538,-2.4098422920618914,6.328615990200839,0.5581566049134434,0.13256958112526757,2.5704141793617277,7.558223420180827,5.562222056851083,29.797118414615962,17.101791030833986,126.58306668115341,-50.73764910759614,51.19831102307779,-226.42494662992326,32.82638020308718,-33.480899639931394,23.984356029702546,-24.29422731414011,-23.83911621105316,-88.73145494702207,-116.01942592878801,-9.84417721727473,0.0
-4.473114249448529,0.8352709323684452,0.7056854358388162,0.9763116173952454,-0.04440489471953122,0.03204735387456258,-0.20932462390666332,-0.9494901057358469,0.0255587440932307,-0.012647728396254476,1.2741660962813275,-0.4926398066727867,-0.06817541421863152,-0.5875919669923487,0.05594736842074509,-0.2034203330301985,0.948272234770531,-0.4344898573164393,-0.043566440899658644,-1.861321648383015,0.639435028181219,0.40199866793321576,-0.8306430566013946,1.1978647601479593,-0.6640136607931961,1.903325778939852,-1.3494662089265657,-0.6530912210492484,8.463143328858672,-1.6391020202276194,1.2744682790130741,-3.118659948954296,0.3934662742780071,-1.4676657867723697,-3.6972217746119456,4.3688680587468935,1.239990827085746,-0.9315338507442402,3.547465365658106,3.5708925214452862,8.527007527357851,34.49180005191449,-7.650460377383377,113.89329486044436,-18.8421062382007,63.14639056582009,-228.4363499151183,38.66546795980486,-28.183369674900298,-0.2970056290162679,-22.017801201441348,-13.626671954810025,-49.55361511144339,-140.893243838941,-7.831169184486443,0.0
-4.509994214353119,0.8490272440292396,0.7141109531248555,0.9737679702834228,-0.04757353918369577,0.04631409624590675,-0.2176412252046129,-0.8806591894813524,-0.005835695834026894,-0.005660341783634592,1.39197480777099,-0.5421322058727055,-0.046561741635942365,-0.6449833554513169,0.05318881054163303,-0.23734317216183964,0.8632979481631021,-0.36193637449119054,-0.021631173102267497,-1.833917019405808,0.7246713717375188,0.4206050337664544,-0.4154443310470662,1.5391398378867553,-0.9887143417697591,4.4980808878959175,-1.7178317161834915,1.052999253519831,3.909348844626768,-2.343703248771265,0.8782776313671842,-2.7862622588527595,-0.369688355597393,-1.721652068889341,-4.504708065128822,2.508812125524586,1.2146336438731797,0.7702014744030244,3.710311467393239,-1.6560855998070432,17.269472010399838,20.27817558734992,-24.40571289573423,98.27946013593345,-13.531312094807852,67.39019494462578,-201.54545404752218,41.137841908894096,-21.966005264616395,1.2251655900997016,-6.691097001196029,10.393729210534106,-23.050784780482175,-145.74372794686352,31.09488809304592,0.0
-4.545970286390284,0.8641435503203544,0.7216211527380592,0.9705695120587189,-0.04628742668637825,0.06032909664758688,-0.22850097700128,-0.7647371530254751,-0.052351386080672274,0.022926184099928776,1.398682160388569,-0.5958455704042054,0.013531822014123372,-0.6940854130910499,0.0408739692979102,-0.2686156959319047,0.7707144988761899,-0.33756121200053923,0.01668764108469614,-1.779489864310029,0.7724227788364643,0.30948147099982215,0.008109489763157209,1.4267528533337597,-1.171655654293058,6.4142815795396,-2.6848539878606905,1.5745599611761512,-1.6377916248990227,-2.509203880424506,2.9272592243412205,-2.3867189951281467,-0.6239866038865998,-1.4545076749961616,-4.376902461407501,0.48170071707263495,1.9886328982406336,1.155392476389234,1.0622923293908126,-9.44862465532238,10.25459124578276,-0.5232757886314747,-17.353252135196872,33.31869230635212,-26.333182816900475,6.381699502335143,-142.66880614981037,36.897373135825504,-56.26861895330225,-11.453303259276067,15.434570253567788,11.829352221024251,64.83932471881978,-59.889535483012224,-9.937859538516111,0.0
-4.581184809930428,0.8792712890958064,0.7257824663076474,0.9668952430869515,-0.04192945799928379,0.07070077757661601,-0.24157174813660143,-0.6025373598059994,-0.09380047963252898,0.0575778990566834,1.1547856937661578,-0.7532611505288275,0.12484034277811361,-0.7828238209117597,0.030790280896987317,-0.2497101438130276,0.8961785246476133,-0.31875681700702435,0.042370038840138534,-1.7633444515511296,0.6900296216656618,0.11254397997650394,-0.0023435105598506867,0.9744353523805216,-1.138459723534612,8.525122865602482,-1.266345540736396,1.1833167506429934,-17.07435292130266,-8.431879885350849,5.188889873811557,-4.551456742579963,0.14051609385064298,2.173012877493819,10.43232939548287,1.505184828875462,0.9411447200870511,-2.7477265054842555,-10.617092500883668,-11.770751656306416,-60.12153346302357,-20.189829284281572,32.6567760874463,-35.17510754341765,118.31255241132227,-92.6768468299592,-225.58806403661418,89.4261724812254,-107.32952739237616,83.40620933854193,92.36369534196835,31.02756756224421,147.56635697992166,52.60406524741072,-27.92141265894677,0.0
-4.61607680911049,0.8907413136834774,0.7282382607831959,0.9642937038434909,-0.047729516201082546,0.07526249792624216,-0.2493894593139718,-0.4552801825709253,-0.08071557293829952,0.10228902087626918,0.8418801139619039,-0.8003509656512028,0.20976495015409277,-0.7931702374563422,0.059507557726491675,-0.21075148342029437,0.9678714379085371,-0.3591189501634147,0.020479755083389048,-1.7749746652393483,0.5628680508569402,0.17684383436545473,-0.7616000792448551,0.1871076842454843,-0.061623384635407674,1.8676593853864782,0.6778408463739037,0.6872470183337345,-7.1826150157594695,0.6157754180857713,4.6713535849760905,1.820368978337054,1.179914781980174,1.5425008293317548,-0.17857322494259864,-2.582522500376133,-1.1219930044171273,-2.431315380189435,4.6933241125483,12.441567347713221,25.314112637596367,-7.754411170665013,102.1164297076232,-725.8652513341115,-55.125583397081996,-236.96415001746578,1096.2024041613709,326.30647244873137,-391.4178207119244,215.2082994179127,-125.10028017077533,-84.85265894650178,-253.65437066570368,47.19356767897152,56.34477042736079,0.0
-4.650729654434347,0.9030170140519195,0.732611791135509,0.9647052236084651,-0.04926709310139812,0.07471946018649558,-0.24765618778726084,-0.48492545062982845,-0.06948174080735887,0.11537479704719301,0.7976562753573105,-0.6976644870264208,0.24893343900176998,-0.7439264203961654,0.0657068575764766,-0.17891600755755163,1.0264200567631439,-0.4323735805657206,0.0193532811909262,-1.673866358988265,0.6259636731604095,0.243390296938148,0.2211417296810058,-0.47470202732499645,0.12941568076204182,-2.2685377260901936,0.73965713657287,1.1574119199175474,-0.5231814453486703,6.426913543383511,0.6834837197382537,3.472150923769705,0.025371868357775808,1.6234245159770215,4.175018719736882,-3.2056202154492515,0.11674888557474446,7.6684962065521685,-0.34696308575105705,1.7574231597132912,31.471590211338974,-47.51953024389873,-13.120791261998999,19.99202760499893,24.20450155651476,67.29596355771568,56.52926491724104,7.273463217759491,-88.48041181966498,140.62139768113153,-8.781323856797233,0.44488908770896995,51.987880029011144,89.41129986753843,-0.7427612357924543,0.0
-4.683715550160899,0.9154390056103047,0.7372696893349828,0.96521480166265,-0.04705664164982594,0.06856512259967504,-0.24788078402906466,-0.5308598876140449,-0.05505196216387549,0.13959703055194025,0.7939818565156658,-0.5999856324139041,0.25000815785347463,-0.6577560303775213,0.077324279237504,-0.14328580100814498,1.1009721531094323,-0.48997682696340433,0.0356562403285786,-1.6312598437863441,0.6161881796803298,0.21831617446610574,0.4714902473391542,-0.5748517425995944,-0.10225388364540611,-2.10828429221909,0.6172537428341706,1.177508072506762,-0.3376720840708945,3.8724844363582296,-0.16085589496002559,4.98459752046982,0.912631285164623,1.6822799726809416,3.1595382627269166,-2.3628204006336486,0.8034731170546202,1.5828989854468363,-0.4634078464924773,-2.200227161066182,10.302169477856864,-0.45179319020981046,-3.7402476849014836,27.05559283343817,-19.832941092869255,-11.505160157716984,-36.210074987204365,-100.2998635454218,-7.435473541031195,69.40436042871681,25.61424936450697,-26.983745194841966,-72.02502525191697,61.00998945012178,-16.352508178757077,0.0
-4.716305794757764,0.9278540532210962,0.7412028227980052,0.965717579042416,-0.04267041334493238,0.06277878759816624,-0.2482491030822332,-0.5704991689777713,-0.04596149293533672,0.16171552338087172,0.7796324554867466,-0.5458926827223072,0.23453554620197498,-0.5454780565720234,0.09194046744753295,-0.11981944495505605,1.1261256391055252,-0.5493128297846257,0.034653188852085494,-1.6365746574185016,0.6310327106316367,0.1659460534867025,0.6756214763471454,-0.2958216592157412,0.0547031137548636,-1.9633548863100705,0.24144862230263153,1.0437097818391132,-1.0441547621080771,1.9341362385001515,-0.8845439731325457,5.803662782740797,0.5145405898788459,0.7706131971460051,0.23883541236279157,-2.7506029159038126,-0.18685211575955354,-1.5905824292741388,1.6348847932956816,-4.4198390422433596,12.779055400028309,22.038718015024163,8.706153199175642,-6.772935636227029,-28.05662413108012,-6.742715365192861,-34.21833009999959,-74.06611513606828,7.427031644565976,-4.804057326998739,-26.90077439022704,-43.30416153487286,-71.521784358474,48.5105636397612,1.1045963877850242,0.0
-4.749030484347468,0.94099987976138,0.7435705859326527,0.9662967851226197,-0.03445177255346629,0.05858862873871423,-0.24829613571727485,-0.6080280700765505,-0.04424685336447143,0.18611552732913367,0.7521014253836453,-0.5047356464068864,0.18567886967492483,-0.4275627499470956,0.09108062269345794,-0.10528768107768458,1.100956599708702,-0.619524966003363,0.01754307878543481,-1.6466331299153982,0.6848034750568408,0.06623620070755998,1.089740384125126,-0.07190685767805963,-0.006244087916150637,-1.8961919337782709,-0.047906156001466554,1.4402202397360724,-1.576715780997485,1.6131081882388596,-2.647866969100243,5.601034724041931,-0.4944940520238317,0.7141391807762255,-1.769478504174849,-3.2778199705135975,-0.8494114534644929,-2.0750858718915905,3.4966369958688275,-6.659215091194633,20.719308303938043,19.332776888004176,-8.526941006684558,-11.308679851135363,-16.19730808225698,23.97238503697645,-16.364526359443936,-63.6075302623146,12.02986246542887,-59.92999354361979,-48.069169066742205,-0.2638097061263046,-4.845532605848485,55.64724145947167,15.29514894959906,0.0
-4.781304228002138,0.9550903674484453,0.7437122333040179,0.9673252731302633,-0.022581473968515228,0.054218755097772,-0.24664188531658568,-0.6541260186421186,-0.07047726528682365,0.18187387983390715,0.7504291628348486,-0.479479590512816,0.0892156758407242,-0.28784732686341613,0.07433690103014573,-0.07629104359110805,0.9306388802106155,-0.6766977412438008,-0.01802062582608383,-1.6003339446343958,0.7442494113944093,-0.08153105485858193,1.5214080490079769,-0.10459178634100075,0.1773413920571249,-2.4611056003521643,-2.1487566494617756,-1.019555064274366,0.7005721588657258,0.9763962307764513,-4.669188952185575,7.059611461775207,-1.3243484245542438,2.0981022147633683,-10.893561103267574,-2.5856421932677742,-1.7062308607055867,0.15954980184615097,5.97074024670413,-12.431581953927813,38.18728988092296,11.443803982590854,-29.15268597729026,-2.7721574558968216,-69.88225743737776,-51.26275251968105,55.303509020173934,-26.880471399552217,76.03350350993239,-71.61581966841845,-66.92415504909381,72.0884728809262,-30.684125163356498,31.867824582453423,29.488945790229437,0.0
-4.813472922871897,0.9705956648471753,0.7398683035407099,0.9671995573475196,-0.006978683471656268,0.050770202717551685,-0.2487944950351286,-0.7119159685850854,-0.11646837462117268,0.1344146760889342,0.8041248073047064,-0.46269306217086525,0.04338802696420943,-0.14466345232820416,0.016622919957362897,-0.0760582302904261,0.6348538411313323,-0.6423639486383206,-0.023107214177576496,-1.6411565620389776,0.8262756190218582,-0.3059031292201618,1.8122444265168427,0.3176540958939396,-0.79993239630728,-3.0465439458832515,-1.9430905833472467,-2.370864238310237,3.254028645415264,0.7871050812192785,-1.5378101947585139,5.92002855794222,-3.778474391298004,-0.7205137775841253,-14.271078050902268,2.307634351206321,0.08476275188175872,-5.682741323089152,6.959242675189123,-13.198414256823154,27.685581169938857,38.76354704731737,-102.23179533816337,-4.456246026721214,78.45499076194082,63.31110327516429,-9.05847125787962,-6.099915336283479,44.168043070754706,-231.7269501375894,-60.06275723335627,13.986836519144253,304.95141320776594,-43.77188003590085,9.088640820545766,0.0
-4.848076956635384,0.9853457700542917,0.7387021417166282,0.9629238399626561,-0.000524272889890769,0.05393174579117292,-0.2643270140667194,-0.7508377378710812,-0.10576281336213426,0.08028834050129342,0.8226629922791536,-0.43480225434624703,0.01427356168710793,-0.16916190534451211,-0.01285439752836031,-0.08295920445894739,0.5773456639854108,-0.5191121470071367,0.018436242935586097,-1.749858622973744,0.63530521679317,0.12246013528894424,-0.2814951969823173,0.3418979156669896,-1.7348285906155638,-0.8110973785040789,2.089313336028437,-3.109340016465587,-0.32803707278703886,1.2491267311557168,-1.1959581255286316,-3.956928111933051,0.7458678065626001,0.6224896840833878,1.5756251309027811,3.0804990706194944,0.422239995902953,2.121532291509782,-11.309456414277202,14.69882750823829,-79.49599633818463,-36.92855652214995,14.920164865143148,131.5760716904543,115.8654726700756,-41.0498161155843,-85.88266506580736,-34.61807274187867,32.07421571506912,-63.18551281281384,174.72028494805429,35.75054668956069,146.51799821554584,-203.69366911340913,-126.36483847013517,0.0
-4.882227183389339,0.9972533969644479,0.7424169935451783,0.9593004856931187,-0.005670122438682485,0.056090211372892815,-0.2767025768738392,-0.7553246664622861,-0.06078602541039194,0.02583367574073437,0.8205836209477652,-0.4023119620597849,-0.007970101501340676,-0.25030780109148604,0.01005582543627154,-0.07636649403273642,0.6220343522801317,-0.4809633021394983,0.017220395570161605,-1.6610598245173893,0.5648303405657816,0.22051701760512754,-0.5655261912052543,-0.169513945787014,-0.8783504176000078,0.2877637853209432,2.1970803329841346,-2.2963527955848666,0.05889414325284683,1.5023899206702227,-0.9225551933065922,-3.4896829163551617,1.203679752033571,-0.12421409527794502,1.792779702142676,1.7116983327703295,-0.27943656288122304,5.663718946012164,-3.002089303128122,2.802118419216934,-2.9889062074415964,-30.86337542057282,52.87475904404123,55.96229496809971,-17.17887732023134,54.99722549994977,15.702435909942551,-27.032558290460642,22.25956017708498,93.2075781131788,-13.036854242027657,-61.91143544784906,-94.44946564553777,12.00207301901364,-12.26899608980907,0.0
-4.9146075239996145,1.0086406950759774,0.7463701404297322,0.9580482835443676,-0.010914557190470546,0.05422413474691188,-0.28121895748682646,-0.7508387837764194,-0.023098656877607607,-0.003913496883032282,0.8486515844415298,-0.3984439498155212,-0.02316266199535686,-0.31081579256005903,0.026901207564502694,-0.08698853387752536,0.649094300362716,-0.44711546386575235,0.008999240690204012,-1.5812045545640372,0.5767100339410879,0.18482165859308036,-0.2720729620719048,-0.4408990831980203,-0.17124251400441226,0.34266590755920434,1.5065830070514663,-0.9077115612794779,1.8521979442861933,-0.04832780180529798,-0.6224444000042472,-2.5736785886206337,0.4638753411480032,-0.8384164474583142,0.886001335794183,1.7791513718623317,-0.41360438700843977,4.320560670752824,1.1120220897154156,-1.0536775915529828,19.632685206572262,-14.025615233812207,36.30614295340183,23.70663862580151,-49.88142557727489,56.9669926709257,8.590031328555293,1.145561343387532,13.914020977670525,51.376430714564776,-45.98156732455734,-29.35274781973168,-53.67542413143137,14.545885875350235,4.413093244293946,0.0
-4.945600347467088,1.020334465537724,0.7495581184156112,0.9583721162012985,-0.013920944157792691,0.049882424402107134,-0.2807861070946539,-0.7458091975444527,-0.0016610683976691965,-0.017059628701815606,0.913872208235844,-0.42163452967993104,-0.026979257607678293,-0.354686506296513,0.03294502123185817,-0.10448873762628512,0.6552349796017212,-0.4036927601112924,-0.0033618457757173823,-1.5209832129430265,0.597221479821188,0.1453838247428433,-0.029456189953071026,-0.5513627749904559,0.18578374790248256,0.4193981917337837,0.646579105776501,-0.43668279588728076,3.499781276235164,-1.1444370964898467,-0.0550702254859946,-1.8910019856874924,0.02308302373817052,-0.9566201847703015,-0.1645015862898211,2.681054706272883,-0.6164177257529215,3.62801216075631,2.0116725691929602,-1.6149896754948019,20.780425149402703,-5.837939296072731,17.03130520769721,34.032895176275225,-55.38223606543608,25.820957831664153,-28.124229176495895,28.679966950706362,6.486186016099366,40.841435508645546,-54.76826155562227,-27.524576323334376,-79.97903384579337,174.08803919669856,19.337353443171832,0.0
-4.975610951356012,1.0323421146621956,0.7522109679567606,0.9592905736539085,-0.01535524022784307,0.044618297572789935,-0.27845110776940024,-0.7323578291137458,0.0050747738685843514,-0.02235059122469687,0.9924284393915364,-0.44924016521377247,-0.021658246504455057,-0.38660098241981183,0.03509796635525531,-0.11994800049045591,0.6390088110020914,-0.33830487160156913,-0.01867096557715211,-1.4850515965597637,0.6080956354919,0.12670167715021297,0.056329393599129376,-0.5368144683750043,0.2582960109541794,1.016618850188876,0.05422587293332806,-0.10949728266362667,3.654952653431156,-1.170170837827613,0.2799948572442854,-1.4610083464383368,0.11882404172170023,-0.6111719023914726,-1.054619536561816,3.010772721578806,-0.8429888594037597,1.5643434377144234,1.1973139524962502,-0.4481274850764211,8.025545706395606,3.162153550517778,1.5370749443540734,44.89974764379354,-33.93489957875191,15.940638989190878,-66.1150301404804,32.36936251222095,-5.580257445094247,8.906645891343933,-2.144249665795812,18.051992119817697,-14.239255298203876,-58.03402790760893,-9.330603656157587,0.0
-5.004934398859499,1.0445205473933006,0.7548085228846059,0.9602747443375301,-0.016344638973753087,0.03925062177313134,-0.27579821764241147,-0.7016555626140056,0.000566663056340247,-0.02051746965690992,1.061564322032931,-0.47434761212400245,-0.013288350339715779,-0.41008438312899,0.040515927455374454,-0.12789159837987152,0.6082962919330296,-0.28108763067315456,-0.03420394774365141,-1.4544770739778377,0.614732582833085,0.1318517813001949,0.05453898269864153,-0.5324381266547636,0.26402919203534203,1.9755910857939392,-0.4743996206323731,0.25214769551009775,2.9732464012369952,-1.0562381545850963,0.3781794407635046,-1.0593672610732434,0.3413779423624914,-0.2363828245655908,-1.712804674136443,2.3484952123326712,-0.7130512390666819,0.9455439779380439,0.9993862548013949,0.03935434050136956,2.1607245504700408,4.576059844412172,-1.538364232197336,47.14661084249261,-28.416543027534942,17.39501781436555,-70.43667257454202,28.006975401952314,-8.269561541651743,4.70402590579906,4.479659723142396,16.55717596850646,-8.672209874139487,-70.40637402061077,9.717233632698745,0.0
-5.033668411994336,1.05699291674292,0.7575110691270813,0.9610865282226871,-0.017044475462040454,0.03385127525129845,-0.27363527237720336,-0.6513416596064656,-0.01334219570519588,-0.00914058185879276,1.1132749041592715,-0.49887025609756164,-0.008853773574845503,-0.42679621077124075,0.047612928060529525,-0.12992369944462426,0.5668330679301736,-0.23643812670579506,-0.04236307549701421,-1.4282881139344135,0.6348753285234482,0.13357556219709943,0.09497164622675269,-0.5149677915612487,0.1749826171780177,2.8896684875506864,-0.8961990944669196,0.7766040554807263,2.1332031764009174,-1.0637192934235238,0.15492327961446478,-0.7871521880324113,0.339993576414001,-0.02365216759199745,-2.1517108875662116,1.7405467290622687,-0.3049003325570822,0.4065491552503775,1.514879157523732,-0.6068639622549791,2.1483215520379373,6.520963710116028,-5.067475772367979,34.17446725919913,-23.24136516236953,18.580218667818762,-55.65909278759127,26.174233031842707,-5.224402343023652,-3.4502565339100384,-2.819259565736745,6.349697843839895,1.7717451090840637,-68.483659503474,4.440832725739632,0.0
-5.062037699644489,1.069984620892798,0.7600964169809993,0.9615910634592015,-0.017117969834678278,0.028727537912211193,-0.2724414255388542,-0.5853264353030293,-0.03493126560282616,0.00999913922769062,1.1441779437730857,-0.5233268158944737,-0.007809094810480978,-0.43972063153212276,0.0522927882256399,-0.13105660847205836,0.5187131481072403,-0.20559364674592853,-0.04781300119097291,-1.4180432104025562,0.664633703174659,0.11788255669996418,0.1533706567162782,-0.4406972748083895,0.0725350653145174,3.497335599786779,-1.2307929346488582,1.053251748427538,1.1309718226815486,-1.079269857260455,0.014647888189752042,-0.658204908475695,0.163472589896827,-0.09082985426075875,-2.439862994738921,1.0026853631415182,-0.46972931820093594,-0.8102134213596999,1.8263423135010624,-1.7658956353907203,0.9514340101726497,10.622080188993092,-5.638655560254648,8.947103725110548,-14.091791175381701,6.672905039698248,-38.79782303449578,24.291088722560854,-1.9380300206831387,-16.5550027194813,-0.06288912702552968,12.265749468478022,11.461054574619295,-39.192875214579736,63.15666373810364,0.0
-5.09043913761522,1.0835798364019975,0.7621722244307754,0.9618525270801036,-0.016540521978608617,0.02445959973585341,-0.2719703205554889,-0.5104104689281684,-0.06241605297286991,0.03008246993500905,1.1514064143481684,-0.5475360291933389,-0.007819048631881579,-0.45198329641488283,0.05350610623045592,-0.13452403749126096,0.46720569855342275,-0.19135579206558648,-0.054466295860295035,-1.4310135511695337,0.6942637019869977,0.08209618178300637,0.1710024949451227,-0.31306694388972756,0.02937193930368586,3.746924961707543,-1.4538448109769175,0.945451079822217,0.015280223054505701,-1.0863174815985273,-0.006500997324638573,-0.704467907519868,0.020136756951202477,-0.21487211767466355,-2.5456895581936347,0.2356675652957052,-0.33138343274509746,-1.9331446721134522,1.7838678916157324,-3.1885383418558093,-0.8848101036683392,12.882429156964921,-0.9662575139021335,-15.222038254833977,-6.171294692554871,-7.881785347336893,-17.898137274275744,21.442778174300358,-0.34840829496731984,-18.28433037815893,-2.6134547658779046,-4.265553868113296,8.52256230254828,-55.24622516193076,-3.0788780076125906,0.0
-5.11928268247391,1.0977117156408107,0.7633765018332814,0.9620265990498873,-0.015696654172421515,0.021481327614579056,-0.27165601471753553,-0.43278111258511437,-0.09304186086650891,0.04537909712653213,1.134728901382715,-0.5723028042956332,-0.007277119038250612,-0.465336762102337,0.05362022351974006,-0.1392845979384889,0.4130600999811146,-0.1914302606457544,-0.0569065329711422,-1.4626185171417103,0.7183942186423641,0.030758709837999346,0.13475282867596033,-0.17353904385982616,0.0497452075084201,3.7417348042204894,-1.527066830784199,0.6329405107857577,-1.0738760733840718,-1.1329334528412625,0.02645557922351476,-0.7926979699402945,0.050183917676122916,-0.1975198134713038,-2.6552071406627977,-0.4024063828085581,0.06671295892598425,-3.1188803082222276,1.4351027142879844,-4.100691244397903,-4.275877507506123,13.893435107256119,3.740865989852432,-33.56202490104014,5.591398372497346,-12.931855867131267,5.490227652554227,19.89759194668067,-0.7642518389195858,-23.892113346160542,8.480760634506183,8.695169035174414,15.517742532594273,-51.582292245883714,24.54273838168936,0.0
-5.14893753785084,1.112274607287593,0.7634859185738159,0.9623015806676786,-0.014999387081920727,0.02011589670317722,-0.27082473471136564,-0.3569337263746196,-0.12353671620210524,0.053488765680698054,1.0932742596545473,-0.5983592327318984,-0.00038042986404154355,-0.48059673269766484,0.05655465879927434,-0.14055884270025995,0.3564117425178343,-0.20490147117180965,-0.047644924654474764,-1.5114704383897424,0.7381225769887302,-0.02894848881502144,0.05585199440376784,-0.014280605729083379,0.1516214960959591,3.5345313909756504,-1.4441546913876366,0.2573186033851033,-2.228927413330359,-1.2125148288607874,0.35023100920885575,-0.8901178464441599,0.23675854318370926,0.031557661551457006,-2.793651678298484,-1.118077703493028,0.6853445803343136,-4.037075114835259,1.2677720841435276,-4.7906338398224175,-6.2339547978618315,14.61607161108154,10.331549180322295,-49.12598858981672,14.370299640308145,-12.352630059950055,27.968475131361178,18.813229961365803,-6.2286524497623175,-23.199635832744523,9.845987254589472,10.113434238095142,13.155967465726338,-55.10061442059389,22.43843491282054,0.0
-5.179709734678538,1.1271936546397214,0.7623931120038578,0.9628443205310528,-0.014700319930817139,0.020781024152941942,-0.2688547266651304,-0.28523582257019,-0.15071124534836736,0.053379791654002064,1.0200532404776725,-0.6216887990122916,0.01780594703313853,-0.49781055521506834,0.06469490289417489,-0.13398676955198016,0.2966585931035297,-0.23722205494733511,-0.022489884870954234,-1.574704722946722,0.7547396521570433,-0.09413298949087485,-0.05414976414985713,0.18982384839690533,0.3142504504882718,3.2367323029238855,-1.205700592187569,-0.16165665438234134,-3.8233167990811237,-1.0718702095178942,0.8777262563813757,-0.9810511457060738,0.5003586139926628,0.4528903758970147,-2.9896738429731755,-2.1602073758443403,1.4858712682227155,-4.905724178022613,1.1836885988718497,-5.662307558088986,-7.648611262324646,17.017224671969686,17.220857651797886,-64.75899796210157,22.232270231894038,-10.856843469707478,50.214156855999974,13.826377222323126,-16.308975512540005,-22.119700417122104,5.35920825438488,5.96442578501948,7.794078389593709,-61.01791874501787,17.824489687030557,0.0
-5.211804535108076,1.1422461847558834,0.7596097069701693,0.9638580091510351,-0.015041298606195231,0.023878084616504477,-0.26491759965447653,-0.21723892320306187,-0.1697066088298401,0.043480503370045304,0.9026492537818274,-0.6292881641693262,0.0519942901239073,-0.5171222859478932,0.07857417330129116,-0.11609815324057372,0.23268374273876988,-0.2826648676712269,0.024017388839130016,-1.646612748791765,0.7538107366905358,-0.20045408711256685,-0.20903853526038374,0.4185640524744929,0.5981221975110466,2.9959461378460657,-0.6561813724176917,-0.6957996814943452,-6.007807573516357,-0.24225426064622577,1.6104679477332657,-1.1253367813157769,0.7296113362056209,0.9536074903969205,-3.1512875546448926,-2.7126280786031844,2.470936403518,-5.700979882563411,0.3941037640435848,-8.371709132209782,-10.513641847666683,18.969161226719876,28.781867658970047,-80.25698039308719,37.402494185875476,-13.42584694866735,86.59899864458649,-1.5136567988231304,-30.957710076562083,-28.38160226846508,-5.7414113112305145,-10.698618918956058,16.334030268622858,-51.57534680913787,-2.2528208971409,0.0
-5.24573883751566,1.1560556401309798,0.7540949687302503,0.9651604941632482,-0.01942641279004103,0.029893985422452123,-0.25921841105181564,-0.1396029564372562,-0.14645594012570612,0.04208469990988125,0.6956052051126306,-0.6178175771221932,0.12496953157465095,-0.5614408622802879,0.11044741061388841,-0.07304041825763152,0.2386296028784288,-0.291032620301805,0.03860407928972826,-1.7548121903325706,0.6369727673906872,-0.36083650202500084,-1.002566198355281,0.5297805559597144,0.9483591224031491,3.639616852272106,2.380119038165576,-0.18937710591391763,-10.940398831106773,0.5217126066874969,3.4392795771631683,-2.614079548819548,1.8292477260932158,1.8559291046757962,2.081772838052984,0.5603388221692022,0.22116974829957384,-7.679330750647893,-5.858736245331185,-10.501432983847074,-50.30590920470203,12.677831859172251,64.60275261332922,-96.40715236492743,113.77629567257821,-60.284400918267536,135.7731297827071,-28.61628684016712,-69.97782064111394,-10.28427768860237,1.3642924253974593,-106.93764921225232,79.23383860668092,46.40278315119942,-16.081752831813645,0.0
-5.281632002725178,1.1681031045195633,0.7458475681790857,0.9676854698952917,-0.029066265873508454,0.03777723345717278,-0.24761434565473517,-0.09944631291551367,-0.06289472011081074,0.099621567917134,0.5318135915708644,-0.4831498203645648,0.20328857302756806,-0.6305258923772843,0.15003899406352073,-0.03210025884324918,0.3539956974494458,-0.2688161642986637,0.010431261479569196,-1.7629495455841,0.6698380997782887,-0.2769809391642035,-0.5924586141846147,0.43300176052360123,1.657486857619572,-2.3013610306205434,2.5479855640077735,1.660627345154801,-0.5889593353785321,4.136131947199888,2.3629737038253946,-3.02786332806436,0.5768489066786298,1.2543260935554716,5.9698065705248355,1.5006378761708805,-1.421541828784343,11.5819926468458,12.703032352141287,28.84556892598536,114.62398901866908,-22.110210414950757,34.8849539987674,-504.86071993401816,-373.66643552900575,-352.8830212626108,928.297619942222,-790.8610091210808,-251.03326968535126,137.32359738252148,-219.6952696187762,-65.54461232026893,-127.29637203719199,11.354340851993712,25.46063347013974,0.0
-5.314916758746991,1.1833141982901905,0.743813421104252,0.9705606622559544,-0.02483799232539709,0.0395806636998672,-0.23628043947734226,-0.188597834754758,-0.05599512008047304,0.10956651099682173,0.6008355302760569,-0.46800287226063236,0.21105546003820785,-0.682244761008078,0.13937373610439704,-0.015260117362667571,0.4947611765771442,-0.23137223701903475,-0.006354439486085192,-1.567418917200225,0.7896647260939809,0.010961521846906457,0.8322700465192123,-0.11399922635157286,0.6418026869320566,-4.330832579550517,-0.6326582887708788,0.4414221427679338,3.7916128905813546,0.0897492749977652,-0.41395676803835835,-1.5323096462813535,-0.867328433978804,0.7715237273944126,6.361538618658012,1.9117063555142013,-0.6557077200429087,11.009391856955816,0.8750251316472704,10.35896019434226,39.90323988654159,-45.89258771240775,-68.6955433395462,111.04690725532053,-59.96219790297683,40.88504129569609,-118.09910105054273,33.28123878554403,-38.552427357806465,146.729138420381,-4.532577913666836,3.1040448520753,-151.5639515242444,-16.596057088767935,11.925088666486293,0.0
-5.346256015004336,1.1988227128571598,0.7446083875905838,0.971854275072775,-0.017377945565016418,0.03781189018094467,-0.2318782783954894,-0.2758945584063856,-0.06794220935336384,0.11734186683074002,0.6685005044901918,-0.45844041201217145,0.19932578157774583,-0.7088524573535125,0.12202229021819475,-0.013967464545647774,0.6211241304702673,-0.2159418604768934,-0.015342469396753922,-1.5606407748206972,0.7542277104520665,0.06834108143759994,0.6332780090115697,0.016968701090268764,0.2915181060554316,-4.044762302716853,-0.4229786488144671,0.46537620236511,2.565182363728275,1.027864369427939,-0.5974373108221872,-0.8073781800254949,-0.6449792648300472,-0.176274853372549,5.285407719414367,0.5160212132164933,-0.35292351877552,0.8397318215740018,-2.7699714306610335,3.406708299746307,-15.888763816194176,0.7498658131896457,-24.781323063387955,50.78915036906175,27.425800748341263,13.639902336133526,-110.58890423565367,68.98731142141885,5.294030233890201,73.49201195895631,37.20690060126079,-8.93905090978752,-159.59765327573234,-9.260555039032894,8.305663784831832,0.0
-5.377315105134864,1.2136045548325722,0.7462734212568126,0.9722574655557585,-0.011983023497847826,0.03659843983546006,-0.23072143814685833,-0.3465156847260392,-0.07335852198960191,0.1289689502750953,0.6980516883737643,-0.42374540488642737,0.19157507073009566,-0.713578697908765,0.10970758415571935,-0.02022114616287046,0.7081118316162353,-0.21958902417698953,-0.03992912596505615,-1.549189573469716,0.7251195877475878,0.09600151092961526,0.4599443560022885,-0.008959429950535978,0.0031370914921983947,-3.126754047538057,-0.10590188882522897,0.660827474241055,0.6550813863525633,2.2360296516819944,-0.27352233522114644,0.2897947386473004,-0.507576126111788,-0.2948953862405773,3.298077696413668,-0.28048123115576884,-1.2015540872420465,0.15496847611087547,-1.5935666149849346,1.269075693512128,-10.888678450637128,-1.183775121469627,-15.768851993711927,41.35003810330664,20.431336014154642,7.204240078881484,-82.41078163394688,48.218432343926644,8.936062843220403,58.16276112113773,16.544433265594588,7.885195659707367,-124.01238398243484,2.664439354769422,22.708934508792737,0.0
-5.408433388114923,1.2280097933455547,0.7479060372631086,0.9723809481590517,-0.007892731906623492,0.03588178516753652,-0.23048968292213323,-0.40427451945158416,-0.07539144588831188,0.1404450328968019,0.6980800013320101,-0.3703201490781191,0.1903111190434201,-0.7053770763346311,0.09552491033182157,-0.027919946676441824,0.7781936498049283,-0.24558155724230032,-0.06486150608058025,-1.563364395097492,0.7124138094989533,0.07259458596309179,0.34101169849493135,0.04392438193901998,0.04727220581570354,-2.7053127761044173,-0.029508434418847165,0.5130059301915955,-0.46002859649819583,2.9629826941291206,0.006409479539374815,0.6555481113278151,-0.7487888987181379,-0.3266970120581403,3.0916398708601354,-1.2711806234620444,-1.0774223592996515,-0.9970572967467672,-1.0974936761480807,-0.9902224441167999,-10.18600086921094,1.8065733295106912,-0.7614218159013822,18.488440797367968,12.31056511329901,-6.142147483452331,-44.54122354690156,27.404800999672126,1.0805652768643053,33.998566326603665,3.652644611274445,13.523977356456323,-74.74543470056706,28.011117399476426,22.842909354980147,0.0
-5.439713555490027,1.2421003720129522,0.7490073625399924,0.9724625101843094,-0.005016427797456184,0.03510887100844566,-0.2303451082934,-0.45168534569732194,-0.07461593357885664,0.15073607354263693,0.6780882643124887,-0.30601907563843583,0.18782237168096888,-0.6886005300789443,0.07751320998017491,-0.03621580443921443,0.8490436399989679,-0.2846127969228937,-0.07977220006742608,-1.5680371672234248,0.6937720942764605,0.04165668577203721,0.2169757294932263,-0.04958126632020626,-0.005489707165177354,-2.1303080564091355,0.15866572015133046,0.5029781434239614,-1.3624494505784503,3.3588229583401206,-0.20263891585570806,1.1304662628334208,-0.8828707944268411,-0.35963588304021643,3.2815909105707575,-1.7478812911450112,-0.583877885100125,-0.7639868144402755,-1.4492202514021268,-1.6071050188771252,-11.857256544655096,-3.91706938730458,-4.4007412889141975,22.091500831114093,16.8117421899705,-1.8035208521401502,-31.408997358303658,9.299036527580112,10.216376273044503,38.758172536972936,11.35944798298268,13.190766729298364,-63.01626549738245,42.760280847947016,13.684475250943365,0.0
-5.471124043701071,1.2557814802243954,0.7492894865515648,0.9724994786039828,-0.003691996885906253,0.03350108988968503,-0.23045348825778258,-0.48841988509759443,-0.07030095627647198,0.16012982672829007,0.6430220156573869,-0.23562502105424962,0.18225168079704882,-0.6629386395221846,0.057515159793677995,-0.04475206205841439,0.9287666681160133,-0.33626930507444275,-0.08628854165198767,-1.5775064637533611,0.6716561545952329,-0.005744236531894621,0.07510422838740137,-0.17557453284147917,-0.014762711846192506,-1.6866644931625865,0.33350354111738734,0.4344182618913929,-1.9142030668123156,3.6118090819572735,-0.1834929271700595,1.5636840656196078,-0.9449246743844845,-0.36754491739127904,3.8094061856687444,-2.3126364955626366,-0.23701800835434722,-1.1522549795625696,-1.6269355982868436,-2.198225852373876,-13.19649148342713,-4.366400268728202,-1.9208074756900064,9.439117333934885,16.998014516783677,-5.7923795195389,-5.848881314031883,6.066886696645982,15.176292089384647,38.49645726663212,16.020649141907548,13.035929731727872,-61.86450075280145,55.684856992682725,5.947216765772941,0.0
-5.502752009150422,1.2689844032749966,0.7486594422002452,0.9725815118471439,-0.004042645216707892,0.03088579306492494,-0.23046676033546998,-0.5177630293175415,-0.06257114953066922,0.16866959431243989,0.5999510598817256,-0.15766051575421408,0.18384211762469893,-0.6267218948110033,0.03723095246032168,-0.054361962052047276,1.0135060779210683,-0.40013874797211324,-0.08776058548773423,-1.590371810766686,0.6472015702154653,-0.05048487393103869,-0.058616729255647676,-0.31298542600410323,0.0009664955701115783,-1.4061372825445775,0.46807780725874737,0.36220810385740804,-2.130248197523731,3.784106897295757,0.3487610621105285,2.1171614754617907,-0.9140584784935096,-0.44941820254406817,3.9288431242881057,-2.870788419797419,-0.01872642911411827,-1.4066047071699463,-1.6196368977213802,-2.0837995086956056,-12.101179622028209,-3.8833535512862296,-0.6693111935280682,0.749798492695742,11.28280779464675,-13.163990690805576,13.636376923114037,-45.20225576786979,6.618874577280714,38.06464909752415,21.47176764732329,10.880726458739542,-70.80183353412491,64.91065539627454,2.6525986546156695,0.0
-5.534737325459411,1.2816232273201016,0.7473125966058415,0.9727155449210835,-0.006025400550536339,0.027497451306844008,-0.2302868936537944,-0.5414645783391433,-0.05083283606995627,0.1765203818206847,0.5530704523292719,-0.08742663592156681,0.18640145797365087,-0.5781644073993535,0.020739520572056268,-0.06548140847588195,1.0912608257410181,-0.47301031050406717,-0.08421626292200907,-1.613778541916672,0.6168430596866833,-0.08148935796168642,-0.1990681571921246,-0.3963326982924947,0.02398630802682815,-1.1271706045096623,0.7621102209589735,0.45530620327781385,-2.338036289312728,3.180935473217507,0.22009420024126383,2.6970878196710015,-0.6157873461506741,-0.5457414881503013,3.4245230448883417,-3.274060898527595,0.18815756910938128,-2.130478978748938,-1.6273345533120054,-1.7079760334101177,-10.924921698548355,0.43396103263613606,1.465849511948806,-4.073183354693827,16.885649633574022,-2.4165966142768998,15.714726097749956,-64.43516091526128,-0.15830684946843565,27.55238444498292,30.389235601021912,6.961686280251858,-73.38324637633833,69.78285065199394,-2.760456026200547,0.0
-5.567379466107805,1.2938237987763366,0.7457297966649675,0.9729691952891336,-0.009032975175069766,0.02415708933886267,-0.22949027302388567,-0.5630346615448,-0.038214441470953035,0.17986622169831917,0.5067464758479737,-0.050955114506594255,0.17882353442646545,-0.5180510386321253,0.012549480258427267,-0.07645772733982084,1.145512323077148,-0.5470380982471872,-0.07599163055335138,-1.6544425665270686,0.6063135977230626,-0.08006561323125308,-0.24054651594856497,-0.3561144279778894,0.10468054982699579,-1.1367577704326064,0.5484523881134454,0.01187719339447299,-2.2653223258575426,1.0566274082632123,-0.12282365008637447,3.1494028216311385,-0.18048120086188335,-0.49484456756053824,2.0742678360755957,-3.2961234371594865,0.3938940531138831,-2.9581562780611184,-0.2423308542657966,-0.5448644528251784,-2.932270293993872,7.0437683206940545,1.8780169389208932,-10.33478599007409,-8.292648582162254,-19.00106866482399,5.26833556939489,-81.91364353214281,15.911258747840678,6.275816536096552,28.539823628291252,8.739164031490285,-68.71207146936224,66.89811357413902,-7.207053024171641,0.0
-5.600971703558971,1.30588123356307,0.7443638207274057,0.9733567091309939,-0.012093393004037186,0.021361664901844588,-0.22797838912483287,-0.5841499492673765,-0.030971037020342717,0.17434168454023521,0.45890759758385613,-0.05170106908012467,0.17289759440320362,-0.4501497828872661,0.014670497409030255,-0.08525279911734876,1.1657423290123536,-0.6128170259026665,-0.06592991988330195,-1.70712323402299,0.603049934442237,-0.0684171305573032,-0.23345915258864613,-0.2969856977736716,0.14910614864419783,-1.0450884595459284,0.25972872398199864,-0.4310061537389462,-2.4914061036235817,-0.8197149084246178,-0.23683409393401386,3.399419630033096,0.36073233551700645,-0.3617243618771406,0.4169997566808577,-2.8709964834718034,0.45267103400108516,-3.6069553521674873,0.2569125822105729,-0.8426989630746128,0.3153578928837147,8.278769505790834,-2.283905135602034,-3.0489923953268794,-7.35147022573232,-11.865473959278892,-10.503119887567246,-80.81078959744023,14.071415142200495,-14.903850283857153,29.036512264791433,10.36445212120282,-43.52535019776238,57.9504313592677,-9.004472592252869,0.0
-5.635602868386428,1.3179458753524345,0.7430672354443912,0.9737350899965026,-0.014761747279751377,0.018722593144660054,-0.22643217490606443,-0.5999261348182767,-0.029423803129023207,0.16112850722089964,0.40120942146045496,-0.08266847914835702,0.16540448182733786,-0.37890122062243947,0.02616127152359239,-0.09044144163330538,1.1529304965237668,-0.6658249951468015,-0.0571135134439451,-1.760024667012666,0.607513855406877,-0.076153505106203,-0.1748646474146213,-0.2934833556239831,0.10885074237961008,-0.6930850007410729,0.002973836138563851,-0.7447425800234406,-3.075534612787361,-2.243242356490967,-0.32354058615737713,3.440423417042028,0.73699414089185,-0.16555228913844874,-1.0165429834681101,-2.2785713824637175,0.37704571589219854,-3.7882397940438386,0.7640285652642882,-2.382641833294584,2.8877986030717175,6.367528726656943,-8.151209051983962,2.9219362286304547,-2.654302241991809,-3.513838653418089,-13.369351144632063,-79.46763167137837,8.556125028346717,-32.025193343096696,16.64612570996584,10.109170392940138,-6.437411533291895,46.11689455372502,-8.110299179913454,0.0
-5.671167663594515,1.330147480664404,0.741209853405808,0.9739201886007497,-0.01680837298390547,0.015510888491141142,-0.22573514828605884,-0.6063291933275636,-0.032294175836536015,0.14249910426604168,0.3302038534664859,-0.1407498132552165,0.15801703258148847,-0.3063821275368552,0.04182526602760635,-0.0913521363942363,1.1089212208596602,-0.7054620796535928,-0.04924431915707096,-1.8030438545737095,0.6162960104156221,-0.12642019676288796,-0.09138957675921924,-0.36260717131271664,-0.0340667811207928,-0.1735705215399188,-0.1558657391934006,-0.9509825091069173,-3.7276692269498644,-3.628584976144612,-0.1922444624947683,3.456880080442666,0.8005041376539663,0.044445352963590846,-2.4321481274346195,-1.6908384518977149,0.33967992465447056,-3.549962071049877,1.0800741986463287,-5.110953251003058,3.851830701514755,4.045593546754725,-15.1900908348736,1.548736926910201,4.165438301401419,-1.9369913074034275,-2.5178732128542514,-64.69214188249224,-17.263166008433792,-42.04251544760744,-0.4705567573406366,8.610831688750418,25.231845342625764,33.20273751513395,-7.31579802467035,0.0
-5.707522417901193,1.3426637027723614,0.7379121657907888,0.9737977556811596,-0.01778699876326896,0.011501521365252204,-0.22642718191863767,-0.6072579392295889,-0.03681498320217734,0.11992491551255371,0.25578263352781183,-0.22047082357437464,0.12130551892436559,-0.23150602750222146,0.05463491442495239,-0.08711544188075918,1.0255592967865932,-0.7320059124371623,-0.04054586287295729,-1.839546760501466,0.6413815891392569,-0.22088041252040466,0.08299460968628944,-0.39425504838783043,-0.21778710884621005,-0.07459519287158052,-0.1703421310509337,-1.0317440570874186,-3.566488659238807,-4.516676349366763,-2.3982879879942973,3.5390041578983755,0.47055476866996554,0.3711188157979498,-4.41542728918126,-1.1251309813733503,0.3890316050498525,-3.1035321838956893,2.2062582893245435,-7.943190344632765,9.952402022209615,5.75484117230108,-23.171457130397233,-12.519595266842755,13.841048469385898,22.065681184352822,25.719448443363078,-56.665615789673495,-34.51809236910038,-52.86169901041919,-21.431100729944447,17.251689442766477,52.55292390487813,19.070122394363327,-8.2531706688275,0.0
-5.744281933844314,1.3557924251795377,0.7320610876054664,0.973359958611944,-0.016722460038275225,0.006713269538406571,-0.22857314433967468,-0.6180250122691798,-0.039934022148907934,0.10154174305760985,0.2184710145120325,-0.3132625693569862,0.023660671907875665,-0.14647360153670538,0.05799612332115891,-0.07331528965005173,0.8636052211906816,-0.7527391719853191,-0.038652172890399274,-1.8492311340027758,0.6889551577682572,-0.379435622994352,0.4079451192786277,-0.3868891483453834,-0.41277446914502325,-0.8741587039534099,-0.13603016638874796,-0.48769866922617955,-0.9297165283835476,-4.279562577371855,-4.845287747700391,4.038218601531158,-0.24533662836263886,1.0052546549397223,-8.790734811525875,-0.9714795200548844,0.019707602067737928,-2.0589287153898104,4.56715123777021,-11.55624245148648,24.991445812644017,10.43629377180926,-32.97936584829313,-42.10217581019386,21.44979166893063,122.69282117941633,192.76552971175394,170.73088576297206,41.653665172546205,-77.15355537357595,-54.07822053497672,34.747762247080374,83.13172094762983,6.940845786453182,-3.317615467901831,0.0
-5.78195294071968,1.3705736288567114,0.7243855443511537,0.9719306323397233,-0.01256857550084294,0.004561504502674716,-0.2348873549305214,-0.6646639050956406,-0.04036905752350292,0.08963096437937688,0.27972454221684084,-0.32292406407749813,-0.0534583467294715,-0.10955476748324271,0.03336917586433919,-0.07510190478400494,0.6978631233593854,-0.7056524400795934,-0.02895245075016893,-1.9145825208452272,0.7414176495665069,-0.2638116573364497,0.1266622642573623,0.031220972576008112,-1.1053670165972447,-2.494508903959001,0.8091506485039902,-0.22750631824037623,4.38324108760543,1.0530549966444176,-3.2235612402611222,-2.9185063441500105,-1.2157204482039983,-0.976603621689432,-0.7710088520214198,6.787924031061333,0.418513371492046,1.5994767351630013,-4.023043687765247,18.160625323811352,-47.35346286668335,-14.809928470760672,-32.32591998491655,78.6436923455586,92.04572579445156,38.83089546323503,59.96541960774892,95.87806868159707,64.90929493376609,-412.44678244069564,51.714645734952214,-62.71983544024704,741.3570522120133,445.4387678485248,-6.662585044114394,0.0
-5.820028891842712,1.3848119137757755,0.7221482874710995,0.9693196524061598,-0.014413716298793003,0.006551958308875192,-0.2452931472421885,-0.7128282192598175,-0.018397526011530222,0.07725559112912145,0.389650074117326,-0.2759680470457665,-0.07002473827712542,-0.21326929035607245,0.02724044975455311,-0.09046875748324962,0.7644774965135125,-0.604235242359887,-0.02697868344483961,-1.8618542140167984,0.6738374693789746,0.013337531669376186,-0.4325710435081558,0.09562296413404078,-0.8510177403629456,-1.6631916918054328,1.120990562458115,-0.731673154350436,5.019065257150534,2.5082046629415706,-0.23913803618190024,-5.4122221300900595,0.5025494987199493,-0.38296704180047136,4.171354182270316,2.79884858849288,-0.21865135042517808,6.488766315304951,-4.161143198534822,13.465128302845406,-14.656739518641444,-15.788396605909517,35.515912856948084,114.97462223119987,-16.74564684027493,-2.1016252653593623,-123.76632720794468,-24.24240890413348,20.953047784370433,71.03208144498184,54.309149927532026,8.237597643797216,-90.85791452720983,-80.60820881644115,-26.745177699594134,0.0
-5.856680514239076,1.3983039202113967,0.7234553784801613,0.9678220997209526,-0.018094440183860035,0.00956442458411976,-0.2508017071483639,-0.7533964632985197,-0.004228634635357621,0.057564105696408976,0.5329801827544148,-0.25598806366983595,-0.06578438374050595,-0.3153889820856925,0.04082861806285713,-0.09816715115049719,0.8293367334375223,-0.5512301414612507,-0.03722923528698551,-1.7958185059535554,0.6783200620358494,0.12103814552761029,-0.3496379515911731,0.2446281566494147,-0.3356635087462598,-1.6003062245181827,0.32878340291063707,-0.835401666810385,6.81326033921666,0.7919996441677797,0.264059618104391,-4.55504915559016,0.580053670730989,-0.5023345256551147,2.0582979311862055,2.862925060121296,-0.5787562061126788,4.4714382957541,0.7626780071680327,6.830195411382732,13.399981321600352,1.6450039731627542,25.62986903778145,83.23851460068003,-43.929348096343915,33.2494620147456,-146.80327261902775,-0.000983672396896021,-3.2480349825574537,72.42925055221916,-26.330208631076374,-18.843268323961013,-145.71641726185874,36.05524492398134,2.031858801507913,0.0
-5.892127261060104,1.4122014349239553,0.7263321264099135,0.9669935496265751,-0.01962218952065263,0.013834570537360338,-0.2536672018946447,-0.7879557991940017,-0.0037288260027235043,0.03821758461189162,0.6931551371650951,-0.275211338542326,-0.05312609771299312,-0.3987562078940172,0.05027282256442223,-0.10796249070030432,0.8470954576557748,-0.48603027161069967,-0.049761696241479164,-1.7484940703650815,0.7134530375590208,0.17552466044203524,-0.11024533739653702,0.46974110046145895,-0.2618596388340032,-1.2789206591341065,-0.20829248660650854,-0.7527483940656691,7.222979486048209,-1.0012965303012964,0.6098212853610874,-3.8133207097241795,0.2313829390369683,-0.503074527148995,-0.031726425244463424,3.5071078969386673,-0.5600514409668781,2.7072855452677325,2.4238219092115827,4.1293791231686,19.534881177733762,9.076961629222215,3.1684862215484735,76.13112032740266,-25.360350773908657,36.92905277610615,-174.1179239780526,29.290369281455884,-11.203528766795179,39.16068192320182,-35.642957476391885,-2.913813657801121,-95.5834779703314,20.35858978524909,13.452313949294947,0.0
-5.926667667230085,1.4265561488793208,0.7300214623275033,0.9664794700686851,-0.019247116539835518,0.018673046309556914,-0.2553395773909257,-0.8090926822293292,-0.014186675092098885,0.020321262641860047,0.8496273024462847,-0.31106103159135323,-0.033091371351117886,-0.4649424089860809,0.052794074506955176,-0.12003728157117802,0.8254348859902519,-0.4010569721449812,-0.05934588192474858,-1.7059708679560757,0.7299248598778478,0.19724001987308515,0.015172244723289843,0.48769334561447086,-0.10803404164079669,-0.48579750398463806,-0.7640718327365884,-0.7291318720557373,6.97468353609539,-1.5615212924744761,0.9325316979238027,-2.897215973780283,-0.20614107149366986,-0.78983622040338,-1.908123578240688,5.002556492828946,-0.3603425939069831,2.2507968356950623,1.8781366314722159,1.4437423789351658,15.665797796609112,1.542423641633104,3.68855698964706,80.26163543649595,-23.564287483943968,33.55963584494907,-161.09044133251257,43.771913928887976,-17.827492620939694,37.46369180296233,-44.29746203190578,-18.99562986256869,-65.6865184400069,18.9593733234952,14.968782237617447,0.0
-5.960341373994097,1.4410088619925334,0.7341838661905982,0.9662638691567358,-0.01830714614615496,0.022386600744179173,-0.25592542599233675,-0.8063040938237401,-0.03093653204654335,0.011010084728275046,0.9814588334315151,-0.35466745841148684,-0.00929773069230764,-0.5122265323422683,0.051386279437711686,-0.1332323908035771,0.7754699438119241,-0.31385305846873973,-0.060620263336618345,-1.6682044674965915,0.7233516716939604,0.21880943206011116,0.02502276268012186,0.32422865799020584,-0.027076975959152025,0.7880992202333424,-0.9109278291471803,-0.21047581751495437,5.558955348524834,-1.9382685723641726,1.064451741284475,-2.015733288546531,-0.03782517766742122,-0.5666772138279622,-2.834629876732726,3.5556005103123134,-0.02778406899579116,1.4094930769392187,0.5356433667611412,1.0580909398286837,5.689406443386908,-4.518154028427858,1.3054685349232067,75.67248926131465,-9.147135968054283,28.033783908131962,-149.14968245379856,45.094189106859254,-22.12578386094172,30.81761662392623,0.7424054734591623,12.414058222488446,-25.509251861219525,-109.45482139861099,0.1335638651995472,0.0
-5.993205669037466,1.4553899595025783,0.7385985841569358,0.9661797941561832,-0.017674912205736717,0.023761852029237918,-0.25616318476895844,-0.77435161754123,-0.051575578300444264,0.009973081266022256,1.0803240205105336,-0.4030737347343998,0.010468933063338877,-0.5416954193787366,0.05125188926184065,-0.14433691633814458,0.7106871705410862,-0.26180515533155396,-0.0661859516522671,-1.6285272053400874,0.7210734055424659,0.21897522808727723,0.05200211248342047,0.04894995953419434,-0.04060187021449698,2.2538235489208667,-1.1186533611387623,0.10918386165473505,4.06478673175659,-2.148026204363893,0.8333771339880874,-1.1912061409672154,0.022285329112761428,-0.46390731567124255,-3.362294489611093,1.7384884544284873,-0.22876005409725725,1.0895510189552349,0.5680329074735936,-0.6387816730566546,3.9992482019237583,-7.563302284903652,-4.141920575487357,67.950733267245,-7.268693335163466,20.054820872295096,-114.04570399920507,48.06019138309108,-18.387824363703867,18.115752525288322,5.432379045901451,16.88660682126331,1.2458497962455048,-93.15133737928655,24.36522434882227,0.0
-6.0253440786972945,1.4698253365768883,0.7429876954748955,0.9660829836078944,-0.01725809638058353,0.022348203146205246,-0.25668343286765505,-0.712427818344985,-0.07624395383582792,0.015620362821951754,1.140538837232674,-0.4537002266672315,0.02736959836124747,-0.5554501811389652,0.05140139897322309,-0.15361103739896637,0.6341541154762299,-0.22721744161308824,-0.07082115746646757,-1.5974958163827082,0.7264830789190588,0.209022091889456,0.10620462746986677,-0.2133324501733398,-0.08802358542460337,3.6295327920970437,-1.2984536953100387,0.43507437835155216,2.1757993596525105,-2.266484343658832,0.7230070390334721,-0.4960151527455746,0.035027356105085575,-0.3680048434230146,-3.8512994122352167,1.1075759664475684,-0.06801189861840098,0.3759377308508405,0.7859708271516574,-2.1244696153807867,3.3597475238923735,-5.526526837943631,-4.942937736757475,45.05964200503302,-5.036794451429114,16.933210474157377,-84.71105998127653,46.562115628872725,-16.119798599077804,7.375452961930092,6.202023091243804,16.479493299716523,14.692856096450113,-92.88398174452291,25.101619948094456,0.0
-6.05707144397995,1.4844445669194668,0.7467860620592187,0.9658915799151736,-0.01684638026541659,0.018649733952700275,-0.2577243541934227,-0.6292106556161641,-0.1029786355596993,0.02633723375973902,1.1701122391246277,-0.5044377705914576,0.03787398343856409,-0.5578113115013748,0.05109526488091324,-0.1621673792304144,0.550616235756346,-0.20934308959924336,-0.07448895122910694,-1.587006032354165,0.7384372911339385,0.1615965621992618,0.16550946906928696,-0.39098975231873234,-0.13723786573626437,4.398444082267951,-1.3481995101957145,0.622231523308798,1.0339089583604308,-2.2489816252295913,0.41213290293388666,-0.038568810434786355,0.0007780362577450711,-0.3444813841720018,-4.11259118397824,0.2680026678495835,0.01766639908047314,-0.8314235777766605,1.0981377294286994,-4.185418766354159,3.41420686141215,-0.4081500806378706,-2.5207325125482836,10.319941273709947,-0.4728959344133089,8.899247587930446,-37.32339523418532,47.23112203741598,-10.351227840745148,-5.6051291339569165,4.90875770400311,16.605897110434128,23.314825665146106,-83.71451118754707,34.90101208709588,0.0
-6.088927581210246,1.4993819084638709,0.7493040662926425,0.9657172675172181,-0.016105345908513244,0.013973197345578163,-0.25871901130026514,-0.5370315329822113,-0.12991271961191111,0.03809654357602958,1.1784905327003743,-0.5510884268570007,0.04122954160419483,-0.5539904868502811,0.04948400576230501,-0.1714419053743001,0.46256914789110465,-0.20851701476746073,-0.07469346111321226,-1.60843268209841,0.757368788944924,0.08259987295265286,0.21939360202141361,-0.3994552689598245,-0.07937153403333598,4.551234443477086,-1.3207494004174953,0.5753695386066786,0.1693681335222906,-2.0442027615223908,0.09386820301907842,0.12744888820415545,-0.06675316086508372,-0.3718184201352439,-4.276872805287288,-0.562948305482716,0.24566953536671815,-2.540346065255968,1.4166606205020698,-5.8639851018424825,3.112256306078436,8.120037706435008,4.4719257373707,-23.578477584275134,3.9883314615190018,-1.0884442504227176,-8.759522915407313,42.57897528218341,-3.5958426175999136,-22.561806716928352,5.921038607388596,21.690099859223285,32.68711037783435,-82.41982656710844,40.40979209831885,0.0
-6.1214965774316585,1.5146725449845564,0.7500149378346509,0.9657413861333776,-0.01491146764133295,0.009708216050145765,-0.2588956812754659,-0.44483223301365044,-0.1552155290843868,0.04652286917117936,1.1664699690282787,-0.5876576652683123,0.041957351129812845,-0.5502007482785405,0.04968320911329602,-0.1761993032269228,0.3750034535076695,-0.2304370879770068,-0.06316327689743272,-1.6550856191398686,0.7740063435672249,-0.018290212578900483,0.23304143135411,-0.3070110123572862,0.05240542251793751,4.3979065907465325,-1.1979505255543792,0.32191004838118276,-0.799099778120993,-1.5577981142715198,0.015691338842575564,0.029895976516291327,0.08288810483665696,-0.04000899954133895,-4.176462416725638,-1.755895671046985,0.8934519944665957,-3.6900615191898147,1.3260212025118046,-7.109905999819194,1.2288660080825557,12.416585475544673,11.472602532153028,-42.32494050869919,8.335865525915468,-9.222349186957532,8.233438850549941,32.27301948576979,-1.024073905687744,-30.668521444228283,6.824992640164355,26.33956505713062,36.95766553009244,-76.9941349352639,35.88868129693488,0.0
-6.155107476907679,1.5302348605962646,0.7484932884858317,0.966114049426507,-0.013398774207331146,0.006506462295431197,-0.25768543284178014,-0.3557210620969251,-0.1772561092119933,0.04863608662498245,1.1276321030058538,-0.6161486552450905,0.045782573263610425,-0.5501722589414243,0.05501086662650531,-0.1685160912309389,0.29237764979627723,-0.2774646051050382,-0.03299123530705021,-1.7118254392506618,0.7847093557783046,-0.14146369988098476,0.22044935767535795,-0.18847886026709695,0.24091685838547805,4.180604972886312,-0.9923899678036043,-0.02341680277106119,-2.172796868696084,-1.2500552922466963,0.19516515169762727,-0.1888355634691291,0.3403594578514362,0.645459065882078,-3.889601691134017,-2.9332430739294497,1.768188011041765,-4.195563192317249,1.0154460287946803,-8.554616753349826,-0.6249495532064846,13.271519358656324,18.427160101235984,-53.21370690459398,13.38453580138514,-10.917598347209818,22.950016427645725,21.94892356877173,-3.338413596098582,-32.140288261671195,0.6486011802703953,21.881153817575054,38.07798450279081,-59.81874663227156,18.771804413968773,0.0
-6.189734190520208,1.545872182672582,0.7440733686465681,0.9671540892936608,-0.011564230152867856,0.004329367053837615,-0.25389071019719184,-0.2682022340945449,-0.1960050116026143,0.038990517217348426,1.0425226526217668,-0.6464630914834194,0.06604943236259438,-0.5558273649621057,0.06569597371287808,-0.13261041705585636,0.22250846886794384,-0.33694305135216207,0.02033131726346713,-1.765664047792883,0.7817986476194082,-0.30463836342550854,0.19468014825858415,-0.07381246266006902,0.6079072728987507,4.03353916495842,-0.751657728002718,-0.7456407220263426,-4.69003654035463,-1.4617879496401651,1.011990345072261,-0.5058518545034376,0.4478778538629626,1.8321418558235836,-3.1932329266754294,-3.0508673031054574,2.6096538147984605,-5.706301653155674,0.19816755580731893,-10.091777699032182,-8.715879885459946,18.008965716396034,26.143621485098116,-75.54684845094853,36.5471926108051,-14.36178787932562,39.749741338525865,17.339871213395757,-18.15534173528321,-46.04875480595333,-15.745999226313533,-71.23986266282076,17.89946689708713,2.043300209844227,-31.74132238516974,0.0
-6.226176950970509,1.5607522242854355,0.7367666008248701,0.968163427652936,-0.012109419394422909,0.005378583386072388,-0.24996801827035198,-0.17150295734997462,-0.18103317744434475,0.033282758432221574,0.8262556423195536,-0.7335573136273937,0.121269871132414,-0.5983480198232796,0.09092173843822564,-0.07428190869262928,0.2567088695139057,-0.33264742801047764,0.06498196991025136,-1.9029225788221138,0.7018864941802134,-0.4344545119396645,-0.5012236310257197,0.3096946631839408,0.6097828274787358,4.37954853216119,1.9763297014442514,-0.264529905346485,-12.554989664456183,-4.620045008709322,2.6235013758063213,-2.798534163478255,1.8453639318582082,2.7444252834718323,2.2200397174318476,0.4595254543664371,1.657964536632,-12.388480098086688,-4.431979372157516,-8.948190442805801,-58.2556930312224,36.72426162901981,43.59035408795859,-141.13605593275412,129.17550242147732,-25.041984068022245,50.68004239634359,49.2732422833391,-55.15082974857394,-68.60640128325034,64.1059030326512,-56.91754371542077,-194.40890386322616,-87.93579270821233,-64.08715200183624,0.0
-6.265238733221092,1.5747707840786012,0.7285842650775479,0.9709346478734581,-0.015356699930448445,0.010421108661098978,-0.23862414341462482,-0.16830352916722416,-0.10987478845971065,0.09323476721731744,0.6978435146522711,-0.6489027884150815,0.19788899230548845,-0.6625912701756292,0.11560263849475412,-0.033374309841962095,0.3689861177149312,-0.28009643909053344,0.03790836938795594,-1.9322738589881399,0.7277736402979276,-0.286766505104983,-0.07101777572327424,0.2514222072896298,1.7187158011589194,-4.177284913444565,3.369822492825067,3.7828600428816777,1.1050705874629492,9.174993693954065,2.006319500019762,-2.3463538792037597,0.13654052831005148,1.2785316824278736,5.915483572625209,3.076404006199192,-1.6627146911758501,7.6995821917475915,-0.06318869995735225,13.571064496794378,34.11118580564501,-43.55877987354152,35.807572756019674,-236.86499232393726,-46.10395217402738,-3.586841547150761,491.21636758636714,306.71983028717796,-272.9645154414465,175.8232050705924,-89.3820718469071,-56.59194226677619,-89.56211342951819,-20.73337627075084,21.2187694029356,0.0
-6.302359866046926,1.5904015917707013,0.7249974501841,0.9738682910938847,-0.010553494894362301,0.010989867236956434,-0.22660184943090003,-0.275844558623946,-0.08835165217665833,0.12967395447685132,0.7771008926003583,-0.5645992781353981,0.20103431163287108,-0.7140925513888621,0.10255787854140398,-0.03176878385425621,0.5545172750756449,-0.2319699111853749,-0.005620691104265635,-1.7756832934295412,0.7897649062770432,-0.07883765359576525,0.7021048181138199,-0.09218555468404924,0.7657046664052962,-4.9876444789906635,0.04358789253935169,1.111938224435137,3.860450029775961,2.5980971331060587,-0.3161579288819729,-1.657974126069536,-0.7858971758506307,-0.21817956107946263,9.095846586596757,2.3519062923252316,-1.9759136799984185,9.15671118364233,-1.0074784487333,11.744881331890793,17.77416357984753,-31.833322372141335,-57.34409815688363,111.42253154732137,-55.63372807878625,-17.754959797477603,-136.1248127435833,-48.30628459567579,-15.680756404667774,154.57752415164472,16.848768524998537,4.082887990123044,-171.59437180967734,-11.370424278527924,37.94644863744431,0.0
-6.337589568385437,1.6059060993894467,0.72426645768968,0.975326647308051,-0.0038881334750393514,0.00978941106383648,-0.2205152622834511,-0.3702066810298872,-0.0892589622004362,0.1483841189846056,0.8366112903396151,-0.5184917005427486,0.19290512640812849,-0.7438967863740504,0.08624930130449729,-0.03956048415857788,0.7580454486429835,-0.21991784193858321,-0.05783420631942595,-1.7493949845439212,0.7531495178555008,0.015596141902461915,0.5705382925246059,0.0910649819704417,0.49930142747522965,-4.287147770555987,0.09855969114968703,0.9222286162263885,1.9459346758254716,2.3769882526061816,-0.38884381220679254,-0.7270933892449593,-0.6641088852800455,-0.3886497052980889,9.068899318928896,0.35930961568439596,-2.3506518303403636,0.9685946165128159,-2.887577709914301,6.681311978555491,-15.68658822961629,7.136478770482333,-16.49305197839901,54.23276141008678,29.15788203982956,5.6353593969193785,-124.02490372775611,22.37836066808982,6.041845357517918,111.54218456576031,27.81566318729069,6.413906805921098,-218.94686250958443,2.5434263516723545,47.72274383908508,0.0
-6.372713549799079,1.6206965598729426,0.7249678573997813,0.976298441718271,0.00143874017104248,0.01136253783011753,-0.21612536977239402,-0.45059330415354115,-0.08674808334614213,0.16430770644354503,0.8541948201086293,-0.46101250590746556,0.19047506065939293,-0.7500442020159541,0.07516206811549213,-0.045716958915048844,0.9238651348805739,-0.2440324317238111,-0.10207822510760445,-1.7664516713997431,0.7231246016593307,0.059058454938844596,0.3583726498335788,0.4117027330902958,0.40234053880820897,-3.8017965699039764,0.31617026217208416,0.7818316834906003,0.078154524093277,3.1756108210035774,-0.03210530813020522,0.2500798627550274,-0.3651783234580359,-0.23686389193166754,6.775379947498126,-1.2921427537075754,-1.8787824856865607,-1.5250233790608922,-2.1124196710811196,2.9404524576228828,-16.57391708788533,16.03188334796189,-6.785856651994211,22.71964092201616,32.26664320132286,4.744718766034129,-81.81325132939553,27.966599064115883,3.492626163376596,69.13098898021956,26.600210513365973,6.633784601903045,-205.88785290101774,23.705287170421766,40.25312445652484,0.0
-6.408136899085479,1.634555281310275,0.7260671807240034,0.9770455416720208,0.004472238701733306,0.015166294748753226,-0.2124429148816563,-0.5185264457351585,-0.07022187074936193,0.1862749595929723,0.8397877946066222,-0.3796231157021272,0.19591036966733563,-0.7375103802111549,0.06997086438830176,-0.05558987837732749,1.0573926960177207,-0.298176226162105,-0.11701664437489528,-1.779224106107438,0.6676428294924622,0.05770626117444895,0.057473515191955885,0.46846954620290393,0.37204926502992053,-3.1703692563918904,1.1546762504600467,1.1715568374795264,-1.0723306512242279,3.807194144834366,0.24698531863813813,1.1023372206487343,-0.09377141655466142,-0.6360225605185991,5.774639980037549,-2.548859175908325,-0.43254007959548674,-1.1746937614074289,-3.141751404919384,0.5560093851210106,-19.349809816880292,3.8254710044763254,-0.24119805663466037,29.17485067806582,45.572559600927775,14.872905523906056,-48.73670237204138,15.68832030512323,0.015179845892129507,60.67836643371781,25.36015291365184,-10.974837094331743,-142.30866367828975,54.824488505013306,14.102016826786842,0.0
-6.44385692016612,1.647662080269374,0.7269258565243525,0.977816956066375,0.005590874612358629,0.020120621805233337,-0.2084176171256343,-0.5771430207114422,-0.04683784643376536,0.20692042094164226,0.8113849990802562,-0.31983547500647497,0.18069227017069778,-0.7083649657261498,0.06779790852406671,-0.0703969518980319,1.162112337004719,-0.3788931322375154,-0.10927831951990168,-1.796668695891223,0.6460536053884389,0.034401922780471786,-0.06700714971527957,0.561007123899185,0.447558698867323,-2.832897411201329,1.1722802412450568,0.960872815246066,-1.6193310173323763,2.446801392370322,-0.6878001281967889,1.780437639458869,-0.05554524788264234,-0.7593293853561147,4.326940487898719,-3.7757040546111766,0.47274003638025863,-1.590319895778203,-0.7471241953197633,-0.7930001960171859,-7.139592423301173,7.645466424660166,5.957692783491329,-4.014982407220436,-10.171796324023301,-9.079742606103189,-12.197306274370419,-34.66941595657158,133.3744144241102,34.305618366921315,7.441663039174082,2.266417911804357,-121.87654751170305,73.37054065500169,-6.516991146853268,0.0
-6.479787188077429,1.6605258350447318,0.7273983849579462,0.9786898597345911,0.006395170687606378,0.02519277238057008,-0.20369237704033713,-0.6299885737139125,-0.029874215797950326,0.22195757089293527,0.774456360146397,-0.28591596479116005,0.17371671686735302,-0.6646580069982402,0.06687254626316072,-0.0843946248147752,1.2362504065874267,-0.47573201610868526,-0.07827889497260425,-1.801466346785575,0.6402462700196172,0.013831380829542972,-0.03043690810846772,0.49522910660441755,0.49362302427198923,-2.517110701390282,0.6163070664977485,0.5779746442584179,-2.017645592398395,1.0470529390042211,-0.08602980006888514,2.474521461133804,0.024460366576754742,-0.6246281603870635,2.9625595083636544,-4.411881149765777,1.51324678751994,-0.9559388975751917,-0.3228933179329861,-1.3257369575677023,-0.24853922693836428,-0.32984998183779535,0.7574921129851175,10.873414035072054,-23.539814394884726,-19.549992273504692,-17.667393662285146,-70.20537527408115,24.737290184094558,26.405171551000983,12.115337420881872,11.336925093107618,-91.01377993886081,86.9364400676675,-27.98962513602699,0.0
-6.515895285644598,1.6737383759875277,0.7276029729035961,0.9796414052378615,0.009177518776766673,0.02997103971177989,-0.19829328549218184,-0.677370544686659,-0.028908018523542755,0.22919771032537378,0.7278391646640364,-0.28989465820875343,0.16234003716978737,-0.6091930568071249,0.06345425388570668,-0.08892743081573098,1.2746297959178934,-0.5742855411245086,-0.03548630754046897,-1.8150286935443372,0.6745257526750709,0.00041312175269214496,0.2907398217120401,0.5705697069465792,0.5751635788668699,-2.2456789948491434,-0.25898277025038113,0.3875876391760521,-2.642379164949377,-1.0472444633233569,-0.04174452944962237,2.886532254380666,-0.2784055355781916,0.059035046856685876,1.1633346569879586,-4.408662364356562,1.9366788783791113,-1.634836351366614,1.121472122395817,-1.7823704433543164,11.47394413120099,6.597483677919238,0.663986504155898,15.131706194437744,-17.73094975663656,20.930680190187573,-39.67282242352963,-92.82899495434835,120.07784356880592,1.9040439530912412,-5.982003042646698,29.071336737469505,-71.6338907180085,85.835481351985,-39.74567896083132,0.0
-6.552144086595392,1.68741826248945,0.7271565951894067,0.9808753410984358,0.013693134892625275,0.0344261611507216,-0.19107826331182487,-0.7302294268260069,-0.04825183372905774,0.21439091094753585,0.694494102430901,-0.33457438834752184,0.08387003727750483,-0.528634044759226,0.05524708574811317,-0.0798861011429349,1.1848604652922643,-0.6673664814667869,-0.011803611376243153,-1.8107829451970876,0.7035756804042865,-0.07453270181129862,0.4586485757734152,0.5078353712371225,0.7422258232783159,-2.6960669167715796,-1.3856637179779079,-1.047130172211156,-1.4298656757903347,-2.922523771367111,-4.533436070385534,4.33884903365654,-0.6010751783435847,0.8471060771650819,-7.079967672741488,-4.298618320223527,0.8853840048444636,-0.1606860989747337,3.06246645982429,-8.350160363942479,20.45184829258368,-0.36429806970738365,-10.127278998214173,4.868258774708263,-34.110530541216356,0.45385134032923347,-0.6425973628686075,-42.12926473810859,28.28918029991122,-13.232816586590053,-27.583412933259183,46.77078905925266,-131.07601719792356,62.56617054150679,-22.72752610464717,0.0
-6.58795606459544,1.701217918258634,0.724749695377226,0.9820460655364304,0.017749441060270585,0.036970803934633194,-0.18412941688630646,-0.7950455373623084,-0.07597717672583004,0.17785205807425492,0.7665212146843577,-0.3827143405073897,0.03203926615706359,-0.4181291813588571,0.03563446824159714,-0.08268390431440871,0.8903137021506684,-0.695306439724216,-0.020858165609543945,-1.8064156250828016,0.7165754322058854,-0.1507717509640958,0.3704531994955372,0.35744670817316304,0.19950917488671316,-3.0475867428713577,-1.09034978966555,-1.5922356544733385,5.492393020376259,-1.636712163609419,-1.960231902090931,2.6899064344837296,-1.2634060037182255,-0.7784961936987106,-12.044488700178368,2.8754824008058293,-3.273149666926035,-9.445224480015948,3.972512661043222,7.408698160897233,-18.057258151230688,31.795792911893592,-126.23696312653372,53.14417134408854,128.04665251096148,81.45262393238818,22.50679263296457,88.40920241841896,46.30201807659304,-969.2484973843901,22.935190629221434,-5.271523392651373,1603.4968310367078,1006.3365804348913,377.4397373404792,0.0
-6.62449375883729,1.7141650787084641,0.7246445694675843,0.981811944665633,0.015034803746362308,0.039494813150705174,-0.18509300289958677,-0.8264092726400527,-0.08112524588486485,0.13404904458327324,0.8665804946953065,-0.40606331212521657,0.03867961223240629,-0.4492122929074463,0.019852884129998756,-0.11778256157770323,0.8024394982843022,-0.5205252640999735,-0.056058820440627884,-1.814643504232563,0.5671447547475426,0.11620664414823248,-0.8519466697382654,-0.08093666928509043,-0.14132977030582816,-0.003582137414092079,0.34659008823336623,-2.5153626003860907,4.158516105515421,-0.8677542329649244,0.7030715626224374,-2.7894881744209967,0.20618641816410585,-1.793536698765624,-1.014688054023979,6.647080695902993,-1.308497964099179,3.187987895166901,-9.56816267120465,13.219658349887034,-56.00230133322498,-38.45845472556416,11.366421659215675,190.08324160877277,58.02504609789502,-23.007450770748143,-115.9980680747496,26.842432520706346,-1.9557220748336495,4.553161026158207,116.88377413866282,12.795527796558071,127.89652410406575,-277.7853634207225,15.158962561971459,0.0
-6.660106073784928,1.7246796316678734,0.7283068076887744,0.9817801071807961,0.0036314739744759987,0.03867799149202172,-0.1860071141515266,-0.8099346724632209,-0.06581223434023369,0.0865352135247114,0.9832049283111846,-0.45834492749190753,0.0376040792762718,-0.4996091373538994,0.029938677590019485,-0.15693055011496768,0.7893189664631604,-0.4279711618813612,-0.0715574506529565,-1.7464655625635135,0.5053190876449932,0.2407234544809718,-1.1877084982910018,-0.45911917000875246,-0.10465191644311927,1.8244802869925476,0.9311481303755595,-2.145054121336297,5.853182439097403,-2.4752177731665506,-0.15122879862852373,-1.9422340960585254,0.5058350050303104,-2.157144575623601,-1.1705200270922886,3.8277480621779105,-0.47538153461735827,3.9525441685738496,-1.0519143616627886,6.164188528220358,-0.9440640594060015,-16.151107476844032,2.6161336344911454,126.0082545489519,7.35450486320805,32.58042653334755,-74.92048926666735,61.3684114457135,3.283032877845989,76.2937771432739,-17.816194824655085,-25.54965369693019,-90.26566633826262,-51.15476983235969,33.007091335474726,0.0
-6.694710172272935,1.7349795270101207,0.7335711248615647,0.9817525673032247,-0.008515004874762123,0.03694594426667437,-0.1863448107347055,-0.7633851400048508,-0.049923922761913764,0.04790013399544702,1.1120436302381285,-0.5087972851299021,0.03286973135109963,-0.530066279464175,0.034952845166832024,-0.20499147434181417,0.749495792132474,-0.3590563896281926,-0.07203247283830994,-1.718681741214337,0.5352080425650569,0.28059504666557805,-1.0474157423291477,-0.30674910268053873,-0.10338248720497271,2.9155932054998805,0.613641699252745,-1.6243366656373637,5.985789462562623,-2.0664370560089855,-0.204517150876514,-1.2598711838888024,-0.02861396264553418,-2.5154528601703032,-2.5649690186730343,2.983644128903407,0.2998262234438273,0.9215800225973642,3.0596679855953117,1.5535093698802482,18.077826812562627,13.576205006535826,-6.99921960798027,71.55710595987921,-23.216262188547017,43.14685979410113,-103.96574950565468,58.87288500888025,5.485521607853196,17.960223759657723,-27.52984117697408,1.8546036629214369,-46.70979655536156,-86.19472074639076,25.44868197218377,0.0
-6.7294075794964385,1.7463961838539557,0.7389543298244029,0.9814018755149518,-0.01749271112962064,0.038708320088594525,-0.18720584859717618,-0.7003289416695773,-0.0425380261977139,0.023236413723665778,1.2161808665373075,-0.5555814375970171,0.03623102282781186,-0.5568280154518256,0.0281414493322483,-0.25844954737985587,0.6902352626156081,-0.31475113690940476,-0.05888108048174224,-1.7522711338741839,0.6052284202241055,0.2542420734563003,-0.7593041265985668,0.29503806894609663,-0.18300593244126886,3.3296872645677325,0.1564824396195451,-0.8466787704691334,4.265797101854563,-2.055055739580849,0.21064317687714654,-1.5106339315218626,-0.47767809707508313,-2.603810153849423,-3.154419108938857,1.3357553953580443,0.7235529606758287,-2.268130862236125,4.186910672660338,-2.287937868935979,19.649713765877987,34.15145110485494,-10.558111852657156,15.067495973231708,-23.901813972797093,48.321930264433675,-117.88951194774381,44.65715099720017,-2.8714292242878185,-26.825111971003253,-5.939725715573919,21.392508376584537,-14.885929106862603,-105.43664787886404,-12.509641426924867,0.0
-6.764909562367457,1.759551425325088,0.7427994973061185,0.9805866541894173,-0.020878182659086492,0.04542986150402044,-0.18960496512007,-0.6315407048796106,-0.04667248865265483,0.013997241081600765,1.2678372931162716,-0.5995085453433936,0.04881853012473388,-0.5963855999702874,0.011623959008507864,-0.30761177932395245,0.6354013906593509,-0.31172668735670844,-0.0409263084156431,-1.7982598730322017,0.6972585435757399,0.13332081047131114,-0.21479487978014947,0.8670304702921721,-0.31606212865045386,3.3768219196709843,-0.4683916823056646,-0.15857296087050987,1.4702433861056134,-1.973241695119235,0.6075910257012,-2.3928095874051785,-0.9020699135657603,-2.100419582020299,-2.506363181431769,-0.4495415071167762,1.080967325772603,-2.9402899837941425,4.074002025072341,-7.224210067091017,24.44701602658696,29.81997873181731,-7.016688652036294,-19.38852109490492,-27.23079659845178,30.771825774055202,-99.97817814972728,35.241633937540456,-12.163493881370755,-49.23245295733517,6.593669535150581,56.793372524316716,20.226887458568694,-45.76876407120745,15.274354064763893,0.0
-6.801542633040901,1.7737420843448164,0.7437139826186581,0.9794106415901402,-0.01857801040101049,0.05499115336744972,-0.19335362867256214,-0.5452914438064975,-0.04493166447536423,0.016849054749739408,1.1417690261322464,-0.688839590203863,0.1267869188269827,-0.6967601873696537,-0.0008462200248826558,-0.2757175831239511,0.7436666253801283,-0.30780784473221884,-0.025448437325648412,-1.8538343811238516,0.6778587401010203,-0.033838679671187796,-0.020820147095679725,1.0068534396016513,-0.018635463869376784,4.423953404964757,0.6302391308013291,-0.1243941226930062,-9.972274300232764,-4.715788747674325,3.8857102526619722,-5.484805362203016,-0.3225509302558,3.4162683328265966,8.298245151091594,0.7685225392449558,0.5665432888874649,-3.094894018800283,-6.0359543313366,-9.213827171444706,-31.17764828940192,-0.7851913821861305,59.50373155029795,-41.667936870778206,75.21028977053948,-55.22803742922139,-196.9669540924744,45.5202640592254,-73.79207439709573,49.64903563154322,21.34265346787524,44.0387557893766,62.64997780400383,49.489309000410906,-20.31656772015736,0.0
-6.837792679242865,1.7842674253356927,0.7425260637312364,0.9789703334200339,-0.02406236918897291,0.05965514154429366,-0.19359584902525975,-0.4211840204239015,0.043978264468064805,0.10208343321983807,0.828978552239373,-0.699028600954728,0.1920262592816343,-0.76189755656682,0.02331307546865533,-0.20477745675594772,0.8996242308383886,-0.3355535729944546,-0.0585564475234404,-1.8237702848775577,0.42158143943497667,-0.09673208339577603,-1.2075180169612179,0.03000017123384586,0.45821917526532935,4.8910409453897685,6.232464252532602,5.731619525869357,-13.805809406036055,1.8161345521982883,-0.2932292796274374,-1.4321991813329025,1.8464297908813554,2.782130609918865,6.643160505671611,-1.5847565088054547,-1.816906053367524,-10.925030391471022,-3.220931199127385,7.675651335943949,-26.810630509052793,16.42544579749328,162.90383943538228,-984.7392849697768,2.504328550920054,-305.0400156048135,1722.1474064851461,779.3445961540444,-1630.2327209300513,169.4330501364668,-86.58120337226299,-154.18173161015685,-200.80058027821147,44.69201672880763,31.56772479669127,0.0
-6.874216266302447,1.793834170784995,0.7425936901506544,0.9813357759641775,-0.02937723374939497,0.06008795476051846,-0.18029562014290923,-0.43745142508844587,0.13590929038698724,0.187658714160232,0.7424964132076379,-0.5212212278466196,0.1652275055995491,-0.7589606483605591,0.04562858063426503,-0.12937338316431674,1.0089526396534219,-0.38871081857779494,-0.09196884026998965,-1.7704205177680896,0.5221621156010634,0.07326772965708206,-0.11937829748489535,-0.4174893918098706,1.7568965214765346,-2.806949861591261,2.7188933954507055,2.6544738844898568,-0.06994700006417642,7.784184285207364,-2.1147838539963364,1.7949993696491107,0.4690157074491178,4.170325976629345,4.291826191242068,-2.530969976506732,-1.4608000065320028,8.258201966163076,6.486649278256698,7.508734404046623,59.42070768371045,-41.542699132099195,33.9634663004061,-88.15708299361684,-314.21573951208825,-293.5523863337313,291.1881506901998,-661.4914822520517,-91.74549695055688,195.41480601477366,-89.51456496874177,17.477893381289952,-136.53218383905357,48.61248138785033,24.855716656020213,0.0
-6.909011275844928,1.8050865770343483,0.7446855934852337,0.9848516254927819,-0.026018784700925068,0.05582038578390365,-0.1620937479912381,-0.5008351593851058,0.14691860405012114,0.20572431553352064,0.7539496979182703,-0.4228414690841125,0.1291524184293868,-0.714014725340243,0.04910200998815716,-0.04762445917868951,1.1180103065138263,-0.43659491877850143,-0.0798075161616234,-1.7139635109613707,0.5768457013202831,0.13273394550713194,0.5353696986153034,-0.4742367272871219,1.8733950476744177,-2.8804554950899472,-0.5574785607863023,0.25279583346731166,0.02684713677152939,4.1025745480439575,-1.2370979666579645,2.9023903341371153,0.04915865978382651,3.667479477842965,5.392134517833735,-1.8847723835721386,0.8353188661846231,2.5176876274185496,0.2861994891438484,2.9113743427746708,16.30207067180288,-4.321258426757128,-0.7471673668742558,58.338488955479775,-75.00617750606182,-21.51898914524113,-105.26309662443734,-29.5024623908406,69.28453339324501,84.85382213241603,-6.544117779945896,-68.35226747652194,-67.17428087482288,60.873674685841515,-14.871207249445531,0.0
-6.9434336866771025,1.8164332829171452,0.7473800078026854,0.9879013686655215,-0.02053541805342295,0.051902921329851026,-0.14469025244150566,-0.5512347161963856,0.13000996022398123,0.20972902332109034,0.7350647891618619,-0.3423517868959645,0.11745589032294873,-0.648205177593062,0.04755026511053101,-0.002469837536136538,1.2013586712944588,-0.5010966079227256,-0.06495675944671278,-1.7348714001237222,0.5543817070008117,0.1296617165038392,0.4577756097234168,-0.23639824257146527,1.6867256578441965,-2.2764555757004588,-0.833971842616172,0.35319332119819496,-1.6037048882361127,3.7184018476948126,-0.190934044144191,3.46483104386768,-0.058315231567268755,1.2093336815026263,3.0846426081448284,-3.0980225783792754,0.619524913043829,-2.2311546830226323,-1.5686293363563153,-1.1513160076076046,-8.018817220817345,16.57121125496855,-11.50060284176914,16.745719567269457,10.240228488066935,20.130039976068975,-53.45670229196725,-74.42766855490004,26.661860066539237,5.294635745454213,8.706424052931835,-107.45257187592,-116.89034538137592,53.81112135074366,-13.19489278031554,0.0
-6.97845555918473,1.827444867385407,0.7497917256390434,0.9900727529413278,-0.015447053114278523,0.05014387253009641,-0.13039526249426756,-0.5889384483070668,0.11229712210598436,0.22081338594728786,0.6872635077903765,-0.2764130833138513,0.11768451008439768,-0.5806256911670895,0.043617674869148776,-0.0007107621804579543,1.239712620851752,-0.574673117433536,-0.04879315247540412,-1.7739521010173476,0.5466326646790615,0.10538021759070183,0.4431582227861906,-0.02595923939234824,1.2615592437743435,-1.7273546324615692,-0.8559397776798096,0.7108495882020712,-2.7555994510894455,2.5150011698254016,0.15057692693037394,3.1251459134008757,-0.15770589251034434,-0.6040665915457893,1.1310099499738,-3.3504041499715327,0.741482320306,-3.2584587702756544,-0.49649290058176615,-2.342354905914484,-2.899943521034084,15.442988707705299,-24.748190652654067,6.628649849118053,8.076707008328254,16.30631751016363,-24.964996621547364,-101.51564722868412,12.832284488559953,-42.121783672926064,16.27960155485107,-58.04493661534511,-70.63153429214677,61.64637867018072,-12.647208219472693,0.0
-7.013968296712432,1.8383986956435217,0.7518031642361678,0.9914184206998533,-0.01020884525926061,0.04860996404508061,-0.1209229753645503,-0.6110984300597184,0.09336626231815003,0.2386596770134103,0.615680485878993,-0.227071616095495,0.12170103264341786,-0.5157378904918823,0.04175428026602257,-0.01821777087632753,1.230370762662077,-0.6376711615355226,-0.036800905567546706,-1.7888657486997468,0.5492017627051657,0.08042211051928387,0.5244833101141007,-0.12236752751161274,0.7293469890374757,-0.8392580261801487,-0.9674978875142622,0.9941382690254024,-3.8255843364076916,1.6705711317283147,0.19913240978804603,3.064270401664301,0.044990232283989115,-0.9558074431884973,-1.1974942927162529,-2.742466169276507,0.5034459767117108,-2.324252264510747,0.16727930687612516,-3.492194950949758,2.416591495114921,1.5311018484855399,-29.724365747958974,15.948161824312256,3.094440833071263,8.84160998512236,-5.1269603421477274,-119.76236024739235,-14.245024847317392,-40.10893114640316,21.98634501614069,1.7563248661007722,-37.71578886083718,51.98249099160052,-9.595621102657313,0.0
-7.049645710630845,1.84948224327049,0.7530156890283695,0.992221332264798,-0.004585076214310417,0.04512046301414208,-0.11593079268324603,-0.6163695750109491,0.06969482340502783,0.2560365375509195,0.5275669245932068,-0.2030927029237265,0.12054092414993334,-0.4487063119915809,0.039611496416858516,-0.039473283931400156,1.1719156614705037,-0.6828935201182044,-0.034515823882145656,-1.7937925153963188,0.5590686784067168,0.021898294012257985,0.6110789867862734,-0.3644704276221972,0.3090082565729726,-0.048649785083220654,-1.2734130415904599,0.7643344252566915,-4.4762714461658,0.3113368306186767,0.09136534918030137,3.21376351963582,-0.10582408932924553,-0.9664738720703571,-3.4140579246819085,-1.9113878926801913,0.0249683388252825,-2.1836063261461858,0.6376700310490743,-5.85471445934783,3.2469437782650505,-4.145326834695956,-28.66843866949615,3.7734016628930895,-5.414748332068635,-18.193928641183607,18.532282214998997,-97.88339483315939,-0.08026342312763998,-42.44649787608612,8.48478444988438,23.46558443173844,11.1983372024381,36.52112629855797,-3.5830266670368744,0.0
-7.085491799535021,1.8610721546845606,0.7526710886509033,0.9926625871761252,0.0020742005202326126,0.039418631719967616,-0.11429285710983238,-0.6170560633050396,0.032966296948585085,0.2521967654862623,0.443948486083006,-0.2093467379509987,0.0848682223311632,-0.37591153802694366,0.03192793797987618,-0.052551811033519795,1.0558912001603769,-0.7026494492777975,-0.03497891925503744,-1.805460136397363,0.5998382534558216,-0.0760984014132943,0.8281319273070874,-0.537836212020689,-0.021706077391308795,-0.13363699277937496,-2.0690746158608637,-0.5908865457634653,-3.7912425700759216,-1.0757999718710254,-2.1969313950909775,3.465675719667053,-0.5274120566449922,-0.23471728414792953,-6.263760248507638,-0.7178561517589851,-0.02389644423446285,-2.552161025587303,2.4344620888669852,-8.348220972272221,12.55613058011199,-0.7278314510353268,-33.41093181572565,-19.626940655417737,-8.626302699574708,-22.48577712848124,51.66326606443898,-82.55537064569923,-7.262183886510627,-57.214608971862965,-10.79106239824949,54.95118771837216,53.68553320797413,12.665478406520009,0.15782165319244243,0.0
-7.121478031474358,1.873491607304937,0.7496663455559043,0.9927602317607636,0.010383015812402656,0.032060347780307856,-0.11528854807464432,-0.6333867111464778,-0.02255593910707151,0.19840367272416834,0.41560781279784503,-0.25161054295392493,0.009225725329055693,-0.2893616115372174,0.018952380569256702,-0.04414121743181441,0.8463910620696083,-0.6725749975033012,-0.03502625219697758,-1.8053722491154136,0.6490766492769129,-0.2433258539873038,1.082117641822225,-0.666753870818494,-0.3738176681977258,-0.9923248764823125,-2.8613238170082265,-3.184986545543752,0.19850253706782353,-2.0934079135613444,-3.584889467028609,4.1893298308353675,-0.8124546860474552,1.1362163871150748,-11.187835824979778,1.7167887431458115,0.004624863265027024,-1.8636915920318842,3.9975226582068997,-11.92026725795431,25.685526347783544,2.4030009426825782,-51.16225806900357,3.610829243786828,26.102564336660954,60.92809564631832,120.85423653306913,47.31953138878263,68.65181445175017,-80.01487147149345,-29.277382193869418,82.56252843036476,113.88015469283145,-34.55993451337959,0.18051230751112546,0.0
-7.1586288563814096,1.886962806779234,0.7445888469600391,0.9917012329997968,0.019113696442726816,0.02738648117562264,-0.12415035933816447,-0.6678990404080285,-0.0699889173218131,0.12117962376177917,0.4661645180703517,-0.26182609687412434,-0.019648923733478013,-0.261276506099272,-0.015824833599667434,-0.04926841411702071,0.6725399822627854,-0.5497721608893612,-0.02734985541793146,-1.9044261116494166,0.664989248879382,-0.16843314964039452,0.5870506904529674,-0.1561204895221641,-1.4695160082365986,-1.6298927592307668,-1.1343366163383486,-3.137345592405811,2.91741311324749,0.10600679794898268,-0.8593843896961039,-2.8683592536861813,-1.4959323167398615,-0.19589363593961023,-1.870404210416913,10.617424513458536,0.3343492894189384,-0.7272027150577354,-2.8588933427640835,11.238651489468666,-41.773329017010255,1.7387650610158625,-44.658833355631536,70.16854199473659,133.94920004130194,106.37291101377642,-35.012493325267364,24.795112143317738,29.19102681719475,-310.02480258055533,42.94424849730978,6.675507193972008,560.6818357914385,225.91794128593187,20.62299584760163,0.0
-7.19670211242785,1.8990530195638005,0.7433394902894706,0.9901321977857369,0.019023694789025138,0.0259743016133561,-0.13638792321997745,-0.6969835823832614,-0.07235136594084905,0.07865729935729981,0.539533513756787,-0.25904518014760786,-0.021093804793464167,-0.3486043925613745,-0.022820611486882948,-0.04578010919157578,0.7126345226579376,-0.4527051525569662,-0.02477164482292468,-1.8756784646026787,0.5558368602601746,0.022088666044510225,-0.316478588782577,-0.29773563366174816,-0.8788077063478783,-0.8744151230987046,0.43207577966556854,-1.4362054077222124,3.3732941535878025,0.2270212350029458,0.08798505018652789,-4.236569668717556,0.2177008754227833,-0.004835116013063592,2.49028029945582,2.9106185381541745,0.01754182034450804,4.34157867765996,-5.056590653305285,8.888498875405535,-34.01117200209375,-21.227134382337344,46.69990244848778,84.3096415068311,41.50069184988009,62.06327996378782,-78.77003185580232,6.6619383483462915,3.314226393493052,85.66887890684401,33.50188254783423,-52.20323599605617,-85.99929033405748,-75.67678512280402,-5.553192632463828,0.0
-7.233956955776991,1.90990727578777,0.7439289419604439,0.9894149879292226,0.013553608787273392,0.023872945882829576,-0.14249338161729608,-0.7250828933595456,-0.062086553338311985,0.05137441902040032,0.6621277898081064,-0.2757387558066257,-0.017896232390668492,-0.4255327254083065,-0.01802405906225952,-0.05533971443628683,0.7498482366780654,-0.40645110629758424,-0.025466463629957227,-1.840943242600029,0.5380670271104663,0.050231615542414114,-0.5570765494737734,-0.33740354569611114,-0.43997862942556887,-1.1513957426781087,0.5156443205273821,-1.0887117699836046,6.315658442774409,-0.6780207532093859,0.1618207877990646,-3.293605495515669,0.0878503907983943,-0.8851833503939219,0.9856339047610811,2.1813478658122425,-0.030564630335291262,2.845464857984271,-0.021937454810501387,3.0359019737676745,-1.2598205793829547,-6.877536887928063,18.176573455807645,64.80909416232493,-4.689299764447754,37.35430559143427,-93.23205777360796,37.26076541830772,-1.5915803428252877,70.36718966042773,-26.636122707180096,-43.5449087882879,-110.86302232541091,4.612301036553346,2.4226544260810323,0.0
-7.270583103322288,1.920716564716562,0.7451035249761243,0.9890003572501593,0.0069078639967324424,0.022135276560387104,-0.14608423701978948,-0.7500658984256746,-0.05166572541092301,0.03536217987592111,0.8118169764997353,-0.31114048971684266,-0.010865203674673512,-0.48140868104746404,-0.013815498711607754,-0.07390722895261378,0.7460011718545427,-0.3539753396042209,-0.028434920499876733,-1.820870065693441,0.5509653853673169,0.0771251489949068,-0.5983680906706802,-0.2244176600445761,-0.3435932158122376,-0.87060752841792,0.4162730852997787,-0.5571224930379289,6.880436382899782,-1.5810878265844364,0.3387053632543303,-2.4314469443042737,0.18664148514394624,-0.9372574941716468,-0.9459727510027303,2.4420849886887446,-0.18276658125941664,1.0850465048600249,1.6995175779856142,2.642410736571159,7.5224053503313755,5.357802082332093,2.0541184778576578,64.62157911184627,-18.337587709624966,25.693457919135987,-148.39627913564334,45.158685895632175,-6.0998052106655125,34.40960388120859,-6.379856628491521,5.048237969567492,-66.6983053792339,-58.3450921466937,-0.18548295140307836,0.0
-7.306931554658492,1.9319394891473005,0.7468334365043104,0.9885210593346887,0.0003976516587301332,0.021653237054508036,-0.1495228893850149,-0.7633604188670134,-0.04589803174556762,0.02801960981827736,0.956258538425637,-0.3565425030705791,0.0020992258921580928,-0.5221916016679584,-0.00557385518328904,-0.08906912991644397,0.707006474136984,-0.29695527419151047,-0.03009803863374993,-1.8157766866715033,0.5775734623454598,0.10075634461926163,-0.5861994511363521,-0.06858514179023618,-0.38470952360997596,-0.21560776159422934,0.08607104325762449,-0.2052124560295622,6.4040555930049035,-1.987733732477932,0.6090002561209278,-1.8278272315708,0.4886732048673337,-0.5964617867547451,-2.4533930815686893,2.3675383771939837,-0.05565727310487566,-0.013296827731240185,2.3526849793197755,1.7889273608330323,8.926300266657567,9.361846895047576,-3.0887355641564143,62.73553168928183,-27.973936673016194,19.333854227837826,-147.53490884320104,50.34560852485131,-11.968664475843195,16.620933665940633,2.065758339939832,19.122084614629262,-39.963065934138854,-87.41268994914304,0.7837686714784228,0.0
-7.343039303390165,1.9438614115331858,0.74897593982708,0.9879206592497999,-0.005252780285684614,0.021653884102490382,-0.153350215617671,-0.7546844530897112,-0.050555981710991946,0.025713881669079012,1.0739481166930767,-0.4072864288331113,0.01789560032603499,-0.5496875218586292,0.0022626659738331006,-0.10327984144809298,0.6416839828884039,-0.24631901294396355,-0.03254081261594417,-1.7996940792924014,0.619049580907607,0.10951765674396893,-0.4664269695532691,-0.07146934641065333,-0.43446237780706143,1.0459714066944468,-0.5456809328170823,0.0011272544080933797,4.917207966108359,-2.257633332688422,0.7065653047709396,-1.1273308254165328,0.20702818137859197,-0.8660214616224757,-3.6387489324367115,1.7046155977491964,-0.7112412105904881,0.49241875154675663,3.235536687781552,-0.2900227433867664,13.592425055586602,3.0521876916966386,-6.3089843200191495,69.62008429134495,-38.32605100975911,16.870882840754504,-133.2014318191367,49.897504639738045,-14.727841934225218,22.475633211774,-31.686507203497058,-28.566107265472446,-33.041052847357825,-137.71805516516167,-122.62742783550306,0.0
-7.378570225406995,1.9568590298004922,0.750968616484612,0.9872490490949192,-0.00877714784291885,0.020106670852872332,-0.15766419544124627,-0.7148795001302215,-0.07217740109676758,0.028037543176008588,1.1491093081916346,-0.46445772666241997,0.029388806918256658,-0.5609986764518359,-0.002514862340185441,-0.12852159823511455,0.5545670935577472,-0.20972827168282376,-0.0505229099124012,-1.766824070621098,0.674708145416072,0.07991250711780953,-0.18764822460745828,-0.2636227729269555,-0.5075044233215742,2.639952204201546,-1.4252226402808172,0.29624374970557016,2.777879737530877,-2.602335330514225,0.4683926831768823,-0.39540267372437315,-0.3877321664619521,-1.2180864676064984,-4.409154854705212,1.1593257866475675,-0.3820704672439615,0.6649712214454977,2.8597484601771526,-3.3623050147966786,15.255511790703432,-3.9342152614526094,-9.84010402384466,61.701463214815504,-34.03453940961535,24.91516921623586,-104.27911581867252,51.156605624798914,-10.948309653424568,9.015251485522843,-14.664404618619718,-0.9069668920968468,9.544984216748173,-142.51244254906155,-36.97212520201796,0.0
-7.413670665897172,1.9708136744290057,0.7517302645717545,0.9864794929766888,-0.009814794341948825,0.01637781047170987,-0.16276869193008933,-0.6471994040615465,-0.1079796928735296,0.03439726546488687,1.1724691399989142,-0.5197084347769234,0.045337339065149404,-0.563354425115224,-0.015760820410276627,-0.15712827528701137,0.4632649883732825,-0.192469395836244,-0.058914147585629725,-1.7556431295628088,0.7131276043140987,-0.013024469230174217,0.06793780058692238,-0.4234458689003658,-0.5747097973959268,3.7374894615133227,-1.9524617607911994,0.4000321154306477,0.28525419574180666,-2.471078820157762,0.7378204978464604,-0.1487407132947461,-0.6627866743021833,-1.275692769887259,-4.300624550546182,0.20182180401238176,-0.11286297915635655,-0.8426505329233805,1.4116638772862937,-7.014629578196911,9.37673528716938,-1.2796512279935477,-7.8822121884663545,19.3949355300553,-8.40906160880493,13.477668667361293,-63.83573543046701,46.023117088611635,-15.009165349444931,-19.543559603300658,14.409349392974237,37.17888129283027,49.200239664838115,-85.61840154589915,42.4826841853978,0.0
-7.449456396137323,1.9848401687100576,0.7495923645542963,0.9857681534654923,-0.009488996404126624,0.012255108031817397,-0.1673945007687035,-0.5601250709229167,-0.14043329333907373,0.033479386070790554,1.0802356676480593,-0.6081938731853651,0.1002605509564831,-0.5977626474486963,-0.020704360705419447,-0.1313625262956877,0.4939866394944558,-0.18053392873435864,-0.047480798084656016,-1.8157386028968008,0.6697927959374542,-0.19041017980920533,-0.03937635187305306,-0.39646626927084916,-0.19316754706762734,4.3434727544497385,-1.161063909850926,-0.5438816810309893,-6.707950167753971,-4.500717614314229,2.6984575841805034,-2.0167362292140947,-0.10558695073347639,2.0803941976733964,4.022371977454268,1.00459613515609,0.6026201998566509,-3.4234135913629564,-4.951968898787568,-9.713582076278216,-29.21607207139057,0.676650430824075,42.480010744972574,-41.769853959047495,70.68318870643164,-55.38410083198435,-85.9215385057529,50.64176516504739,-50.19895875849785,26.822530099418607,5.738653250297122,-10.779261953792306,97.679113858145,33.88719222434837,-13.428277175852486,0.0
-7.486722050432729,1.9964078283378448,0.7442871827520897,0.9855917742351442,-0.014421916795714711,0.009286113019709566,-0.1682695188705958,-0.456807226767623,-0.10477010000845564,0.08017839591625586,0.8024467641711135,-0.7549610909627273,0.1438097583252848,-0.6549256035852679,-0.007312612984439106,-0.08775248357035106,0.7062169537249694,-0.18169102509526933,-0.047257003053683834,-1.9263066098720683,0.49766293798946437,-0.3223812741743426,-0.9386499192515886,-0.269165982269444,0.5170796799977618,3.269583485761153,3.18021184319794,3.06282451739941,-12.859176104354901,-4.961247077880616,1.6479552091616165,-2.296489038096231,1.084832678924103,1.278533604160226,11.778011622413743,0.34921755412416017,-0.089715243790326,-15.522350802036726,0.41592846358611796,4.690797121964072,-16.521852852791284,53.99812907146198,164.9077724903496,-1023.9687089270952,-117.25759685603316,-300.5476704417546,1882.6925473060348,1378.2461645669832,-44.81449929837821,97.11957702491286,-93.83937303542707,-170.7294618571411,-131.44449126749407,73.12825644005295,6.085854407858664,0.0
-7.525390559620476,2.0072841583261467,0.7407287865767405,0.9869998578918338,-0.01883499587496674,0.0061302330329714855,-0.15949590494696278,-0.4779945874765923,-0.052416624964038046,0.1411680711169493,0.707872175246387,-0.6219897152970887,0.15421273721289053,-0.6607977946895891,0.014646207306509918,-0.05039245852951781,0.8946837459979213,-0.25124432175011224,-0.05230296261972932,-1.9003711824803058,0.5667079319927908,-0.06804127676485562,-0.01786218736252959,-0.6745428715640053,0.9564704129640659,-2.22485781969905,2.192984430067,3.1745112406929934,-1.6370694375562669,9.153890427454016,0.05397881943601277,1.6340872118245982,1.2251334401481098,2.099599895794778,7.095252510244408,-3.8755381447397292,-0.2762733021641782,5.700136822684473,1.6712582479055913,10.751098358607203,35.327127117172175,-38.530234627651545,-1.0289136224507327,6.771006472764913,-51.72440748779696,6.488767509841054,123.07798988623387,-33.74354282467883,-16.79854673342476,220.8803670985946,16.673160687778537,6.489084445830936,-257.00861764832246,48.27745971566828,1.0457296152398594,0.0
-7.56417894570072,2.0197593794598108,0.7404160771211429,0.9886533345757111,-0.014867205426986886,0.0038064392572572615,-0.1494291178294872,-0.5338546082689863,-0.01849139100948733,0.21156657027250275,0.6854219877916555,-0.5066600818869054,0.13515536164730707,-0.6320438768147935,0.024958836973067285,-0.016333382884054816,1.0392009095463315,-0.32001032003003016,-0.06978095143790752,-1.966966370920303,0.6616241052674191,0.02784565449933156,0.7046419331940159,0.17536422781059774,1.090472331137606,-2.798526365466309,1.1840682158209395,3.57844005938883,-1.6451595242353494,3.7610340094296757,-1.2102777030568095,1.5730233780342835,0.022404913687604694,1.3491160554036639,6.403976578905261,-2.761043962800098,-0.8639845442265803,-3.1035003966768193,3.5267101275188066,4.487934025166289,23.91843548691913,39.065977670235995,11.310828958475632,19.81492110890627,-64.97176677908473,-12.185156887246546,-101.39050200816564,-189.64550737898207,-4.050680095374697,28.241302985350316,-47.14537123936485,-39.341698958835416,-141.20805328779792,74.15488653558236,14.680755025278899,0.0
-7.604154036253019,2.032653274305864,0.7407256641103328,0.9904238021604577,-0.009014523525865275,0.006762592952634365,-0.13759977404116733,-0.5866579865313554,-0.004389258768004315,0.2651430293276214,0.6377040752475575,-0.43856747022649867,0.10408371021624281,-0.5909018775191074,0.027537607161142594,-0.006094977041613426,1.1214525651089602,-0.39309511744679293,-0.07414027580594491,-2.0286238853892784,0.6295966171666363,-0.0065353655590748025,0.3753755819990498,0.5278055226614026,1.278369061401308,-2.5676866403349266,0.3241274595630722,1.9736834313513099,-2.8379937726478324,2.4745075996308383,-1.6709696143263657,2.2756654980537827,0.31821192685778915,-0.0364161196376564,2.4842072017984376,-3.4308908855517224,-0.05219820683543855,-3.635499996184686,-1.6826437730499195,-3.4905524324584345,-18.247858709978292,19.455440743153403,7.072010424835043,1.5794279332293826,-42.90148497291803,-79.32356758297554,-39.88563764012761,-119.61631076539989,-18.752336273862728,8.821683222650032,27.906411258407086,-50.3148812090114,-154.1740586998846,55.793367629872044,7.316246890217175,0.0
-7.645031882386835,2.045358375641802,0.739611473201883,0.99203014975084,-0.005296050844560341,0.012116638465604025,-0.12530491172763492,-0.6430831098464402,-0.011894581758166736,0.27662407117632914,0.5952817683150498,-0.4273988538216964,0.007341701768304853,-0.531073205249131,0.03445799920306507,-0.015178189763340063,1.070917115637747,-0.5028316169062899,-0.07773575590486424,-2.0599606322038926,0.6462934195848484,-0.12202242140753476,0.2859985667114119,0.6168954065225514,1.1247659105331236,-2.9018090102417897,-0.8226203666153764,-0.08892249417482152,-1.9076340604216404,-0.37522866712694974,-4.949184005683617,2.9949600650768082,0.40695122494816643,-0.5484054934505648,-4.91590659251539,-5.485494365615654,-0.16203525714709438,-2.2996033087968,1.770162267486556,-9.164929714061,5.293633188043405,6.924140826205353,-19.752040436006787,-10.600023365487987,-41.15562493934399,-50.37308070894134,18.476810314331054,-51.85474469004827,83.70041511135763,-42.1530557971642,6.37204902307144,4.904816578997947,-133.5606401945341,64.7463747188211,4.920416008383505,0.0
-7.686207691520045,2.0586955647490446,0.7357586489190441,0.993049109949611,-0.0020726166477160884,0.016403735120511447,-0.11653363017863891,-0.7290035701539964,-0.03761759405062561,0.22274840018931577,0.6766216213482468,-0.4314010456372656,-0.0483986968099028,-0.45338282139185554,0.0351971994755243,-0.026702947155781243,0.8376902672453133,-0.5875246351519324,-0.11700388475980086,-2.061506277852035,0.7043529094622154,-0.25403311744142665,0.3938653901243882,0.3513809977836069,0.20265359455588583,-4.11509189784459,-1.2324927426763872,-3.380016973467762,6.833919101422037,0.6279890970629122,-2.0742886282755304,2.3318770043861354,-0.0665065041998684,0.1664815803678551,-11.392430274380676,-0.9674572389083198,-1.501800940094304,-10.596545538002623,5.508701798959809,4.206724415407682,-7.183721918958155,26.528726903412558,-164.5057219300366,72.3613496102269,130.78018307863383,70.7941934807779,66.4295410716615,75.902637971306,49.305779060736306,-933.495309380527,93.84769627312058,238.19584454474594,1406.6094374065206,1579.952676918682,292.19380644241386,0.0
-7.727805031244972,2.0725550121019904,0.7333430629161483,0.9927199511925354,-0.0025482208947693362,0.018570358850035256,-0.1189779258801457,-0.7849464625625784,-0.04940246166343777,0.1530024704849986,0.8082649828387868,-0.42279582165070645,-0.02666880705342791,-0.48734869978930434,0.030515105359969576,-0.033017621224863195,0.7361501943450933,-0.4098671509354934,-0.11503042620517831,-2.0550058837815817,0.6754004179790841,-0.016391342897744188,-0.3565754924969926,-0.08197039701676383,-0.3940623568182545,-1.2051348056150346,-0.20668059898480567,-3.2913079537142527,5.568878129259477,0.380763383065866,1.5010764452149554,-2.8339777186321204,-0.501928907907879,-1.011064532798141,-2.3821471581734803,9.96580210169545,0.7254577311018414,4.789857725714163,-2.4042795304259426,10.801461411528624,-25.83826064594025,-41.223215140969394,-3.925368416320987,199.18690393295918,34.45440058690896,36.593846935620455,-148.19060112940622,-4.948442897241703,-15.64357350602512,0.7161814141750336,-29.026288328122845,-80.31781768954795,128.89670512302823,-169.06809118744954,27.865389569211377,0.0
-7.768232166285274,2.085585517419523,0.7342836068169704,0.9923403209764012,-0.009505395578001943,0.015815124433618155,-0.12214833874640477,-0.7892066351961855,-0.047083823286061276,0.0955674072702013,0.9453801596403621,-0.43401475218931107,0.0005718057578493105,-0.5391606991539551,0.01746856795727298,-0.06813168127114606,0.7059049569859841,-0.2921020705536498,-0.09284187176487575,-1.9902185503988545,0.6387016341897571,0.10454800259207551,-0.8080535864166899,-0.5784683519920019,-0.30032267411122215,0.9629109537347518,0.2893422985559157,-2.411667353345678,6.564498827252603,-0.5287279375596627,1.1643344890289966,-1.9949715586805468,-0.7195017654599922,-2.165803436510555,-1.6802412936695317,3.5012338067166726,1.1374226507893115,3.335687440638034,-0.8002427161421933,6.364480756326231,-11.087672747860152,-22.755571119758464,0.3677777992609448,146.68446616066615,14.123318305647715,55.26750826226282,-107.31982588797425,23.95173237042463,-22.85137671986726,81.52933979448179,-1.1752934219938744,-28.135138947343833,-59.99351539577523,-213.12478509075675,-9.252463910096273,0.0
-7.807863792108276,2.098303911141498,0.7368477756369517,0.9918080360586466,-0.01977310421944784,0.011024944744591791,-0.12571513255131767,-0.7560055048835604,-0.039513746998596264,0.05655373636141518,1.0922732977975,-0.46743973756809676,0.017400162378515813,-0.5676315038183469,0.010046468792866976,-0.1102859668140713,0.65704860689244,-0.25520181662751557,-0.07150959199417976,-1.9776048536222697,0.645886940648086,0.14845563814898982,-0.9797938021238729,-0.5732252041225806,-0.47890657401402836,2.4570589720083533,0.321109264289204,-1.5233954893573154,6.840731733469259,-1.5489191838688081,0.6762657767424196,-1.0095202023176146,-0.13845773339567916,-1.9526399518158086,-3.062980795272886,0.5809828621464408,0.9178277254789754,0.0996733426056283,2.074152053000386,1.8684919527587593,4.465678729624189,6.202414360588875,-13.470241850960258,97.32438712596468,-16.241207810303067,50.08317347035809,-119.82961024121006,42.554263720273255,-14.666152065364358,38.46208064902849,20.993595941164052,24.54244259469436,-65.47630532921805,-127.70946542855204,-16.759069710745898,0.0
-7.847548237786783,2.111970095639603,0.7393700870783645,0.9908779980174699,-0.028733122587832997,0.007666088523834363,-0.13143984098433656,-0.6943592142546007,-0.03803217240700262,0.03940472344778248,1.220938585228737,-0.5223013178818361,0.024565776438905455,-0.5829263805759691,0.0033641369465258718,-0.15162515020289322,0.5818887453175983,-0.24925959801437508,-0.05147039505190973,-1.9942741815810825,0.7203436790801963,0.10041421849557948,-0.6732431740701813,-0.27656783575137844,-0.7244541379946089,3.613526032600897,-0.22101813709140036,-0.3162553660875468,5.5372287012382175,-2.569061163621759,0.24918518192688646,-0.7221816501586744,-0.4393626558095156,-1.9948179626903233,-4.0681638702758915,-0.4582475705558168,0.9663683273175315,-1.4597640626461217,4.522330505321298,-3.756581543218206,22.564135436686353,20.596432367488706,-16.638108336477128,55.59745018046019,-40.92315077551644,57.040764667145545,-128.0424914975985,53.9764395244311,-7.643332050892296,-6.514627990840722,-6.716672280107095,20.301350780134367,-19.580659948313766,-105.51353256342331,-10.649370897693029,0.0
-7.887614284329704,2.127380740695434,0.7400244545503494,0.9897963789383685,-0.03255789692551146,0.006844150822637635,-0.1385506015425346,-0.6131256899818285,-0.0537379098260621,0.04101099160237223,1.304168987642902,-0.5906155679798193,0.03082004797185776,-0.5932703643752243,-0.013892319759508375,-0.18985555255075087,0.47384234450008234,-0.2744310983920926,-0.04787824825752062,-2.0137114944604875,0.8149409309598035,-0.050129697062066526,-0.06182878031310886,0.05774828217586228,-0.7086704214489166,4.252282537885662,-1.3279787230572475,0.4148891025011178,3.0924108698853536,-3.1578211319318954,0.27551221418327404,-0.5428769649304364,-1.0403155249482636,-0.9670753416888749,-6.816230211660253,-3.2055822320491627,-0.30175026998448473,-1.809708820996571,5.236096187695854,-11.502769945667845,36.909961103490495,22.54029956545131,1.9394725922910898,3.28246464409311,-63.76169182585493,38.11491207057433,-108.32293523146082,59.199324426263054,-6.350116877089459,-45.10373910269696,-20.025236895867664,145.6956462631753,-79.13984151445905,-111.64640541144041,-2.9871608046822864,0.0
-7.928133858335162,2.1441771393099143,0.7370960473939814,0.9890955247059158,-0.030550402675387847,0.007946423457182456,-0.14385259906355496,-0.5169909649161413,-0.08989584146054329,0.04065601548571486,1.2916587654997396,-0.6602455922927886,0.055903013684365566,-0.6172312472991199,-0.04319612217156991,-0.18642024458136597,0.3697370535482897,-0.29618103492290676,-0.05021936431481833,-2.0471564097075294,0.8482115205210335,-0.24224850026560757,0.28469795530290526,0.27197648442991906,-0.3466787844928827,4.817950346202758,-1.9401838234781297,-0.3531169987487936,-2.492985752643352,-3.227246089547186,1.2511552457809403,-1.820958744003056,-1.7630862984065703,0.9101313767667961,-3.6558394712084197,-0.4876672516825473,-0.0748442243333178,-3.2465103078164597,-0.09471499635200095,-11.680288298796855,2.449208676279546,15.701891728718643,24.423887196008234,-30.622007235051253,8.038011335216618,-33.34248946275252,-117.07605904026062,47.927988727649186,-21.782593478159107,-67.85418460747692,-30.400389968294782,56.05542408600318,166.2077979695575,24.11637502419909,-0.47379285746917077,0.0
-7.9699992786580065,2.159576454130812,0.7311247892699664,0.9887593818498663,-0.030334118881322442,0.01158394978832168,-0.1459470388287011,-0.39691691319683126,-0.09602298843152081,0.02391217918085923,1.0585343943237329,-0.8122544536940622,0.12244199558921767,-0.7015242174406965,-0.06389262338855582,-0.1195148645618262,0.4946609216976157,-0.24015374589862776,-0.03667195372604391,-2.1397673370702686,0.6656896528986912,-0.3610893035104831,-0.6235873033694208,0.4396095659200483,0.2963015502454066,6.038728222167109,1.3119916335580355,-1.53187154825939,-15.635076542125354,-7.8365650198056525,3.1861143938133374,-4.4439140974885945,-0.4947066145699693,3.1457699208699985,9.352394728122878,3.876920455526555,0.6886085777562879,-6.567792603426086,-13.936008911379872,-8.67332091578506,-88.06811386524151,10.804514663903674,82.35210415831425,-75.74915784312434,199.8100071006781,-84.42570915082642,-155.1761381097779,102.2313606167053,-64.49006058898942,74.17104745313821,57.50011558431363,-127.073934065974,41.39759891836991,29.75028679500238,-14.411620411344671,0.0
-8.013236433173939,2.171577152706549,0.7250212646993205,0.9892768208388255,-0.038116069829633274,0.01554922058167004,-0.14013121961601577,-0.3635306533308316,-0.022046876329460514,0.06773760323307183,0.8681472363938255,-0.8008012397545073,0.16159482273485634,-0.7608664152308863,-0.05620434090496563,-0.05436785046332943,0.6754297520562469,-0.2209744119897265,-0.05183350346637,-2.1622565660203272,0.5919674500472257,-0.16844087646180944,-0.7206592573893814,0.06597048761540916,0.9942531927815446,-3.407235105770972,4.02328674241187,3.3191240460093976,-0.5427935461318325,5.604265303616412,0.8431656618416635,-1.172098463957083,0.3586377524039489,2.7523356963421652,7.369877053161152,0.26233880900664913,-0.9096209365634815,5.483267385293926,-0.773966571060223,17.110121449080484,16.789685954962625,-43.89652436453675,18.93015997029405,-286.7962246946515,-7.455514884363373,45.553873494113304,581.7606083519225,346.62670738324795,-130.04959220298707,242.51710489722743,3.2568414918179336,-55.783894921461375,-228.81976808936759,-27.95393221680748,10.35615007330273,0.0
-8.055845245526651,2.1840277114023476,0.7226833118404077,0.9904776460534418,-0.04053132894984687,0.016281179998424124,-0.13056097127339553,-0.4616949705803273,0.039611123357271974,0.13022115503231108,0.9072493196915932,-0.6502862976621776,0.15335857652395235,-0.7809575431118485,-0.051020364668371065,-0.0009652113513790852,0.8805712305751836,-0.2624665043244701,-0.06971950528962353,-2.082712865839273,0.6389455468893921,-0.05920116540301557,0.009988928754977144,-0.16055721338185153,0.8806242820970539,-4.860552123454231,2.2582671157001304,2.671463784427058,2.1386696858949246,7.502613455414483,-0.7065979639578858,0.020608066685404935,0.2673798069236285,2.2812422615819847,10.095321624825715,-1.9518752774483574,-0.7911968513326582,5.997150510011492,1.4652145399647187,7.307056888662755,23.489189901601666,-21.244464943677734,-9.576391638741876,70.44964720250918,-94.18095172772635,-62.351611338491864,-78.96505198646324,-93.9193275468495,6.50304199637506,158.3040821787551,5.15966801535619,-54.104316673971745,-153.8948775658457,64.15445699843943,13.677738115894892,0.0
-8.097684030123242,2.196899028036333,0.7225086427888878,0.9916761924818713,-0.039493296896334455,0.018150153101770528,-0.12119893030592464,-0.5581375070640684,0.06450528374322996,0.16360675774006073,0.9344956913200906,-0.5456963852413084,0.14825676419618303,-0.7661817209737088,-0.039473619126898084,0.037525082817589754,1.0504668876276972,-0.3341219645921594,-0.09261949250193816,-2.1029672129742565,0.646044481600276,0.03851205359594766,0.08700897289094964,0.42249994914808753,1.0191957652042505,-4.64779429066045,0.5216238670399809,1.0066428936179104,0.3923446759120229,3.9275174209099903,0.09683201722024544,1.411633242088055,0.7825269977317327,1.4964672967303985,6.640518490978874,-3.4292573863772464,-1.0587748242484443,-1.6334166152348113,0.13106012934562075,5.335043048435527,0.10737672032320411,29.993544493468036,8.589325969153421,23.68188500736536,-70.40443553080773,-59.64108058502239,-118.71023301504586,-119.11082656525183,35.14984363182088,73.16950303381907,19.66761371518911,-54.29009294791489,-223.93929610066124,61.42652264772773,19.48490826109538,0.0
-8.139790256929395,2.209620504905079,0.7236677699487009,0.9926962081457201,-0.037909629274861155,0.023545920394423984,-0.11208339740626704,-0.6395918275621588,0.06793364816027776,0.1796501050919446,0.9151987138595186,-0.46279880562286035,0.15340979278070352,-0.7296268739663032,-0.022093604008696883,0.045584478661518046,1.168091022021926,-0.42534414757579186,-0.09389025639762569,-2.1136295507538825,0.6269780960824093,0.07399664910431235,0.05047893120855841,0.6152658630259533,0.8792676913719181,-3.7030268338541363,-0.037580659080016274,0.6746945671323494,-1.8044023957155193,3.55011193861656,0.37769627263911476,2.1809023115410464,1.0282452408402596,-0.3491260340887848,4.7974455820874224,-4.156681263418727,0.12133881479618734,-1.4148556045206844,-1.0347366809955683,1.5567448784739453,-4.217126091307819,12.699047747000131,-6.099630665663348,33.622967383074354,-19.07299818450014,-11.941985662268317,-77.79433949546184,-96.63125605980072,11.522089452370803,36.027851195378005,23.43598286339133,-71.05348736289818,-140.5932636812645,83.41842327544734,2.5974686993170013,0.0
-8.182223333759358,2.222159388779739,0.7254051445794921,0.9934435463655098,-0.0359545857606956,0.030403186634372838,-0.10417693693890082,-0.7040728906798066,0.06184436865267875,0.19294169895943536,0.8632736946953495,-0.4154726578935083,0.15903130692566766,-0.6803739863673759,-0.004682039786121884,0.019262518552520494,1.2418396319170768,-0.5099068222790368,-0.0639796267917331,-2.1346282979683866,0.6259224648864898,0.09167281431848653,0.13339574063774476,0.7405813986325401,0.7612138415375732,-2.9070400127768106,-0.45847972476249416,0.6956786561352006,-3.15530789595358,1.4004775882322091,0.29364571521756333,2.6072140488504996,0.8962267011265508,-1.8539709103347135,2.7134441238705476,-3.6776501957989924,1.538197251851228,-1.9541502989893698,-0.21333239016538966,-0.09719238703903249,2.814811468867008,9.646368135744494,-8.319501514944305,29.509534491235303,-11.094543160221127,7.702942122739868,-55.551220350817324,-108.50189302299052,11.217452328605072,7.374545150119877,15.096121987289079,-38.220202302263225,-105.69316755726486,76.41897564628923,-24.382208686861325,0.0
-8.224965762988809,2.2349094061749506,0.7270858406907278,0.9940097676201971,-0.03219135325073313,0.03724433585263178,-0.09757642183655434,-0.7510714254526001,0.048024253929782934,0.2107802154609119,0.7867209206788521,-0.4096754642062497,0.163164659096344,-0.6214795917281816,0.014765142392083801,-0.013322699513851902,1.2688750244496092,-0.5827969650199372,-0.033759531260181525,-2.1453781830923333,0.6459815620868493,0.06388556310436828,0.39600126233677035,0.6802595172818633,0.6285003827311227,-1.9736918131592947,-0.8381371198048765,1.0317644509273236,-4.277522019132063,-0.6799227941029522,-0.07270258228657567,3.0362344213224057,1.0801631877893108,-1.3733917971817284,0.5350455183907952,-3.188475378928314,1.3007872924923827,-1.4129874988524773,0.936632369029406,-3.4697390456586246,11.351122832047922,0.6819275428755069,-9.42091706523996,34.377991062986375,-15.297635113656154,10.097687204680389,-40.99992343932036,-106.09372924829589,-55.68837202002366,-4.7598067331731695,14.167670908899886,32.88139598160994,-64.9973288805216,62.49985615625382,-26.83271610849003,0.0
-8.267878991902805,2.248086073156049,0.7278335400785967,0.9944874450313747,-0.02654805638354114,0.04267908685085943,-0.09202400731766754,-0.7825444219285439,0.026883468950530613,0.22757433893394993,0.6958414364494325,-0.4354336989121191,0.10877631686068566,-0.5509430784496594,0.029753983947114284,-0.04657512201687417,1.232781020234379,-0.6471983584315715,-0.026059632905388087,-2.150703112621579,0.6695815053395142,-0.010410079564208545,0.5703882210173467,0.5102404720776303,0.4756659103069304,-1.209752711392168,-1.1579579533193836,0.785603163461756,-4.902126254724451,-2.3976223436076913,-3.610313506558896,3.5813330492782964,0.6356849304002737,-1.6272017721773098,-2.7818245186490906,-2.8868478134099154,0.15328980863675035,-1.8092589624143438,1.2068096322000605,-7.0149059787248556,9.135196305401768,-2.1553555924726657,-14.942585645920314,7.032530438827132,8.110949418365772,44.028348736358666,24.12131708271767,27.71560225317162,88.97055644038224,-23.91946163120856,-5.465362605587431,18.971402508603248,-39.135913980731985,50.30768454801589,-6.32529313564931,0.0
-8.310618674297203,2.262051430267241,0.7261533319581247,0.9947548851279755,-0.019438257455523734,0.04565330124565976,-0.08944634562962636,-0.8128445471888647,-0.003277887094501632,0.21919185750418657,0.6452263503618865,-0.45883532644901404,0.0012214784413211097,-0.46426131923803104,0.034326070883367726,-0.07393374253802527,1.0893780841860523,-0.7060151126233337,-0.05142828963405562,-2.1318004321287507,0.7315410125493973,-0.17120500501213795,0.8603750218520274,0.2540237640851174,-0.03064834231895451,-1.509803705221184,-1.6192368845523668,-1.0484864402044125,-0.6274031157124675,-0.5489340126599336,-4.936750823277653,4.3054086850006446,-0.07074896523358878,-0.8180278326179838,-8.659862928277233,-2.7034224875724733,-1.3132569946716528,-0.3986073635063012,4.633638518806652,-11.104456197006373,29.923418523708428,-6.13584489199984,-47.648779614683335,16.1509224710101,2.067928357559725,-18.751505374219498,160.98209789631028,37.4839575558984,100.43923424622031,-54.2722915885871,-37.24404679831662,79.5837936929622,-8.078899416766657,38.3272107940176,24.460022762555216,0.0
-8.35296408989607,2.277592337501666,0.7218535898124457,0.9944779130713954,-0.009776329326665856,0.04650506341646327,-0.09357020292107006,-0.8504457636061925,-0.038298563064373764,0.17678714290479697,0.7268729993073648,-0.46260846256259247,-0.038492873666901316,-0.37960311747336467,0.0037617525851835927,-0.11772608103777599,0.8269515829941236,-0.7011930866543423,-0.06857789574259789,-2.1615692933434194,0.8187154548588779,-0.18762688989126078,0.9884414979967993,0.3447901198067159,-1.1858615895044011,-1.6133384485271252,-1.0943283085490745,-1.9174230812334607,5.464898114039419,0.20200960052730627,-1.1887981195038677,-0.43183665897325896,-1.7638524241790818,-0.9128119767043671,-7.074441999321033,5.184879822228524,-0.31819974017297725,-7.34983160813156,2.412473771577878,14.192984864481044,-27.2302555635262,26.579398388706657,-116.5857443780476,84.28593197549444,139.43397696065887,60.230378198010484,-15.362799963134313,35.23793480196411,36.268818455218174,-819.7900012455592,48.07486135245585,283.62204113457767,1322.2503357861535,725.7657000301296,87.08490928883126,0.0
-8.395586080661948,2.2925630797424175,0.7215332332453989,0.9932672297179056,-0.008158293947806436,0.04672744433537114,-0.10568916006036226,-0.8569499120848517,-0.04640771902353505,0.12871574047595333,0.8576960367991491,-0.47076173354557155,-0.016023403854046048,-0.44925450074886525,-0.01836933397192199,-0.12791311946334272,0.8047298169230118,-0.5427989118285954,-0.05853108958517671,-2.0764553466200453,0.6806757752543843,0.12312313623808148,-0.35390315339086675,-0.31947961363604216,-1.0028526525262715,1.2610896332867971,-0.024010233167219418,-2.5704255127294284,6.185738023815291,-0.34454168441169475,1.383948091799595,-3.9289538248316274,-0.3671401437308826,-0.4560735614376742,0.8803890887686725,6.122720295115598,0.7261772055192778,7.556883094729597,-7.489504717610426,14.871944905446798,-56.34667010187714,-47.06560759067045,34.379455472256765,202.0346257199825,30.335992813951442,-3.328246916695714,-108.93432586703935,20.48730799640398,-16.601636629774134,74.68809975852756,68.4197816046124,-32.55735670846731,3.5979535981899993,-182.8768186620684,-10.723094907553119,0.0
-8.43611387205282,2.3053852440999503,0.7254655867543929,0.9924342352469494,-0.016595764819895543,0.042463920956946205,-0.11399861717060064,-0.8167737094032373,-0.04013303194257962,0.08221548956200589,1.0183820860534363,-0.5094052818101795,0.0014360391199904627,-0.5141597570972394,-0.018750397561879822,-0.14568815196295934,0.8098716347911342,-0.4483471346444123,-0.041894984774695984,-1.9864644555565794,0.6230285161841189,0.2610935071913736,-0.9653819699794456,-0.6228678155837443,-0.7717534051682774,3.0120914038632987,0.427249427522233,-2.0216456559978235,7.861006194249605,-1.8088198500362342,0.6798280995071446,-2.463057858625044,0.0638524259273976,-1.3216767393254474,-0.7304154088594815,3.7875376192561068,0.7653211681927815,3.917608004289766,-0.9943784453396789,7.099948526459129,-15.863264057033781,-8.894982141559602,9.16049858413945,127.93195450300765,4.827875478569527,38.434989936620724,-114.77938477395952,52.48143992375255,-14.19222503113066,88.67444122925824,2.9683562944483706,-42.86795311358738,-119.26170033245006,-123.09827825518758,-11.229709620431882,0.0
-8.476023604870324,2.318032895671131,0.7307758822593972,0.9914932745892864,-0.027936284282687882,0.04008912643739766,-0.1206379393316149,-0.7527514032717014,-0.031640675694242865,0.0474505235464551,1.1821170469481221,-0.5571432845721878,0.00834318351094508,-0.5579021587379738,-0.020474386639905914,-0.1828028232680008,0.774126775248178,-0.379936333968306,-0.027008561374251908,-2.008461194365758,0.6500842943082641,0.2714011795118105,-1.0807695131932975,-0.0854031378955033,-0.7107668302461821,3.5324449468287327,0.3553245649421095,-1.4041886884847166,7.40552790973102,-2.077877634035207,0.2494085494390775,-2.066319589245793,-0.20245023192680284,-2.1224559556116556,-2.4713082777852975,2.5796229559694197,0.7551106327476774,-1.9469687534687488,2.6677000745862705,0.48984427618163995,4.475622852043119,32.86542314980474,-1.9424623310118412,42.17790748876627,-12.04182635879088,42.97816688936675,-144.6494239519694,52.472630110811785,-5.48852551422262,4.635850131847578,-9.451864300400207,-15.576403397888448,-65.02555311163434,-114.97196241224238,-0.11291166627077809,0.0
-8.516837882505703,2.332045367789153,0.735201792786674,0.9902475562897685,-0.03644400541465495,0.04419085308039464,-0.12699913478251126,-0.6809143379887415,-0.034814810359312616,0.028360388173534944,1.3086204247586897,-0.6092163923101389,0.019312661034910746,-0.6046676464585028,-0.034231357536797805,-0.23062371734963616,0.720411661593663,-0.34716670393791943,-0.011904897055427034,-2.070629393326909,0.7433681067813387,0.1774115183562101,-0.6771126772228268,0.684195057481847,-0.6690057104049345,3.6189802831638223,-0.5570353365774237,-0.5197188622850147,5.127231114182422,-2.3604239435442227,0.5219961549590837,-2.6054673755138364,-0.9382153205283855,-2.4175345691458374,-2.8559765299918336,0.8269527022656804,0.6952890700897394,-3.6005469855020524,4.773847202568979,-5.301402576033002,22.89871945698153,40.92984177847659,-3.268083352922604,-2.1620372765821227,-42.044775403927936,52.12021441998151,-146.25642649934568,46.085779226070926,-10.201376219489026,-33.56589062727076,-14.987080232195513,12.562811226083781,-19.025790686210392,-87.68696574104929,-13.852096451563783,0.0
-8.559302745333225,2.3473366668909206,0.7371182959698209,0.9888253215372952,-0.038914824795148996,0.054399780883727857,-0.13323206722719408,-0.5910362166983911,-0.04884830702759577,0.02090988618498624,1.2290596330080161,-0.745282094193965,0.10254193164383482,-0.7100168490048295,-0.045852396872466596,-0.2206724360303588,0.8085792370216621,-0.32800711816297096,-0.0060761438819966086,-2.1565852334059086,0.7438788195879324,0.02100298513129449,-0.37283697564378915,1.1824017129278261,-0.30566267157349314,4.5022447404989085,-0.5566078253535027,-0.6392565650563651,-8.705965107559846,-7.278806094009259,4.1943597927079335,-5.975490833353419,-0.1556328075243707,2.015213001990202,7.235150827531239,1.2228326609281452,0.1904028198878107,-3.844447389419644,-4.80148649962737,-8.765202721806828,-23.762006870748642,15.995319221801624,47.41464609301514,-51.61526561701657,44.952763023149046,-45.3981697636986,-310.7420345541621,72.83109785266399,-75.71241178079342,10.372692904357322,46.615967851265275,62.349562032782885,87.33562026823837,25.048755938941703,-8.941695234054713,0.0
-8.601511125914353,2.3604131007468974,0.7377712639142514,0.987862084835369,-0.04432032064178531,0.06286920411353839,-0.13495063429661638,-0.46937781138789025,-0.0088946136987781,0.07985939061478114,0.8815238993011005,-0.8919842438251556,0.14413973199594493,-0.7930739857913965,-0.0248508633871303,-0.17238525337352414,0.9642885537528686,-0.3477930101980341,-0.019782308145815337,-2.1330202717208877,0.5887800771431884,0.03670597257734248,-0.9774398096641431,0.6898389972109235,0.4202744941280467,3.192929091841414,2.78352713800528,3.547647930317152,-14.136293684508384,-4.492173784454469,4.449094823801726,-2.6070487860585674,1.5917659425962996,1.9792257725704445,7.103653119157094,-1.1839222765431405,-0.747016662938284,-10.98865272724958,0.14306966262434107,12.067118308596974,-0.9297904484053212,32.34904908565288,146.90882197358846,-1107.9666174440272,-155.49075433029986,-427.196111193551,2031.782535578276,624.6331061136567,-460.597262031024,157.90538206830902,-70.19193728348074,-99.60158385340634,-173.48151093434507,39.47196327725101,13.848335708814904,0.0
-8.644004589336848,2.373085672148691,0.7411262473897453,0.9887462729240842,-0.047628760070079025,0.06842568622334182,-0.12421849482981297,-0.5106148680920595,0.03118134079548567,0.131354257715245,0.7949461611280905,-0.8260932735012474,0.16573149704842183,-0.8001659776191914,-0.0018050176269859574,-0.1236193245573771,1.0581322661540993,-0.41508211348655544,-0.03964970174868275,-2.0695560607511574,0.6642386287397105,0.25672409790857204,-0.06682546714017254,0.049659652380864644,1.3349730125596189,-3.4966129779238204,1.448765187127148,2.4229834393691387,-0.8626688477043114,5.956601298096863,-0.293486089865972,1.6509374680701527,0.8894734566992973,2.708153300304277,2.9950235836587997,-3.472911830613052,-0.9290014022788124,8.784848260983978,2.970797731862265,7.65964490932818,41.75123328401147,-55.584415451242585,14.524649253968795,5.183436488612505,-66.44155002246895,1.2849695193222175,122.9245883532034,85.91144166188818,-67.01341099989591,226.30233127687,-26.529597246933132,16.47322910671146,-157.23935203821222,48.3878414953044,14.137253412034305,0.0
-8.684325504943757,2.386774950340595,0.7463292492543693,0.9908367405263443,-0.04397659922140943,0.06633859617560053,-0.1091228802841116,-0.575424898929623,0.04326962982390477,0.17532515205409085,0.7836081086665041,-0.7202564794875168,0.1475298170362783,-0.7473095946590275,0.010875403597668703,-0.07147797183662856,1.1453307159798436,-0.4794143359991951,-0.04612398524345682,-1.9710977103082525,0.693153207415506,0.2614353489199905,0.5054101923888372,-0.49236477641783366,1.6923986903778179,-2.6376865026714693,0.03433629163247923,2.102731859418715,-0.9898414680181388,4.364879903746011,-1.0797966487596127,3.6710486894641434,0.48244109915031486,2.283280719463366,4.59828145556163,-2.5713136593695136,-0.1640227519451705,4.70502765732129,0.4099513612228218,-0.2304543909176888,17.66435727197372,-25.106325494412715,19.25189485014859,83.11110649986641,-55.94192693482071,-8.203102155611571,-77.45507222297444,-122.48819361490635,-3.926778075298537,123.67047687160594,-13.094140981291233,-51.28110486567973,-30.272516919953514,78.13288664317736,4.625711041861727,0.0
