floating_base_joint_x,floating_base_joint_y,floating_base_joint_z,floating_base_joint_qw,floating_base_joint_qx,floating_base_joint_qy,floating_base_joint_qz,left_hip_pitch_joint_q,left_hip_roll_joint_q,left_hip_yaw_joint_q,left_knee_joint_q,left_ankle_pitch_joint_q,left_ankle_roll_joint_q,right_hip_pitch_joint_q,right_hip_roll_joint_q,right_hip_yaw_joint_q,right_knee_joint_q,right_ankle_pitch_joint_q,right_ankle_roll_joint_q,floating_base_joint_vx,floating_base_joint_vy,floating_base_joint_vz,floating_base_joint_wx,floating_base_joint_wy,floating_base_joint_wz,left_hip_pitch_joint_dq,left_hip_roll_joint_dq,left_hip_yaw_joint_dq,left_knee_joint_dq,left_ankle_pitch_joint_dq,left_ankle_roll_joint_dq,right_hip_pitch_joint_dq,right_hip_roll_joint_dq,right_hip_yaw_joint_dq,right_knee_joint_dq,right_ankle_pitch_joint_dq,right_ankle_roll_joint_dq,floating_base_joint_acc_x,floating_base_joint_acc_y,floating_base_joint_acc_z,floating_base_joint_alpha_x,floating_base_joint_alpha_y,floating_base_joint_alpha_z,left_hip_pitch_joint_ddq,left_hip_roll_joint_ddq,left_hip_yaw_joint_ddq,left_knee_joint_ddq,left_ankle_pitch_joint_ddq,left_ankle_roll_joint_ddq,right_hip_pitch_joint_ddq,right_hip_roll_joint_ddq,right_hip_yaw_joint_ddq,right_knee_joint_ddq,right_ankle_pitch_joint_ddq,right_ankle_roll_joint_ddq,fallover
-0.0027421307328519655,8.737507702648877e-10,0.7906008645183167,0.9999831152630317,1.597928729102787e-08,0.0058111262972002755,-4.862312507598205e-09,-0.05757097643335702,-0.0006896505052695505,-0.0029780136412001384,0.12569670047223272,-0.07618242263391398,2.7516392895085615e-05,-0.057570981578436965,0.0006892804977533147,0.0029781814403752106,0.12569668590940763,-0.07618243825327659,-2.7555718382952283e-05,-0.16201217655187258,-1.3815040528913289e-07,-0.20886621142642928,-6.422664153380801e-07,0.6749498579004031,-1.6199792552671605e-06,-3.3278256815342258,-0.000836878563749633,0.014219305791013027,6.7477049258397415,-4.853138256753754,0.007068559153738307,-3.327826241084361,0.000842126993623165,-0.014222935012854362,6.747702736553316,-4.853140604694491,-0.007083299973987094,1.2119119216013121,-9.626814352933029e-06,-8.495753051281897,-0.000638222426356262,-7.456164679069914,-0.0001893507676475863,41.22852759103926,4.45100488663683,17.560690904562144,-197.71694488381587,-60.2461452427941,1.4446619671613052,41.228509608719094,-4.449010304663,-17.568464364197563,-197.71723314588044,-60.24609536149466,-1.447843887750788,0.0
-0.005753207734595939,-1.4365471720355893e-05,0.7878481784183196,0.9999237134604124,0.0013579290011714077,0.011692951525342082,-0.003741413234726693,-0.09435667890061318,-0.001548144350045115,0.006040450092659875,0.1805943674377484,-0.11382821604208775,0.004714186566887374,-0.1402697904382557,-0.006846772082935485,-0.02480255748899703,0.280467543721542,-0.1460919466364654,-0.02005986774653513,-0.12511992330257068,-0.004109386922286966,-0.07934032993936807,0.2695157829668676,0.4344930007299403,-0.49875888834046356,-0.972842849239959,-0.13988237598716902,0.6239197840554266,0.9278638856537238,-0.40278682747036926,0.20456429762899253,-4.0161227854742965,-0.5795224134171792,-1.9541270092984704,7.291189606698687,-2.374034239309328,-1.0423634677270035,3.9624306982835353,-0.930872787265215,5.050776579260466,8.318615540384428,-23.18854309020935,-3.7999425516736047,84.0028673510279,-6.024188702006055,5.217777677101216,-131.55276206418782,90.66309099431658,-9.308443622113911,62.33423895227931,-7.844987256616627,-14.69071577547922,-117.29711801265057,96.9945115747692,-10.64379066551475,0.0
-0.00837729132057062,-0.00048669002999735824,0.7876002972864016,0.9997947887311806,0.005017183481506899,0.015970246262586127,-0.01140874796809596,-0.09100394336497397,-0.0047745160575228115,0.02282830523995876,0.1497081780328916,-0.09224083232667812,0.007539324890712577,-0.25098559405350407,-0.026658105837448917,-0.07188610585939992,0.5262555057001906,-0.22744177260420276,-0.018659653438129392,-0.10004802819832988,-0.0591216876298645,0.03492404663539817,0.31731000016885214,0.26480492238371106,-0.6465660495061086,0.9680101781432928,-0.09468937893475332,0.661846502685197,-2.8220309614735593,1.7327518850822279,0.07972155127323116,-5.122001761094526,-0.8992718142237037,-2.0678078243620925,12.196283504412984,-2.752117854591979,0.13834942675461992,4.874752409190223,-5.521947105531484,4.7151569799185005,-19.039986286868135,-24.539325840688107,31.20835092697184,71.53621473658977,18.63884358884956,-40.775713458796744,-88.01452190472762,39.30692072521733,-9.391189126766351,130.76229982524512,41.91201319499445,49.713133679142445,-237.87288150258397,127.70192018151405,-0.3107049624083568,0.0
-0.009979798976090479,-0.0026780417190041253,0.7885390074584359,0.9997080563128651,0.00697314213075682,0.01797920956251977,-0.01455765968433065,-0.06945124658040776,-0.004749444313803718,0.026897635740494037,0.09083193764153559,-0.05743479353605398,0.004523943337456798,-0.33963279488595693,-0.017789597565417994,-0.04560690437398714,0.7416911155433702,-0.35871337633875533,0.0012351481058517741,-0.05974634094965429,-0.1538506004221951,0.05768682674936703,0.02167231330454429,0.1277715027447094,0.10275810982747675,1.0598101461282559,0.14453447104561748,-0.3120879832341713,-2.805064636817906,1.6801957451674907,-0.2829434132192851,-3.4191556976900763,0.949924363139506,2.038863846820002,8.318578292623746,-6.5085419222349445,0.976373651921855,2.1099135163127136,-4.96812648977215,1.098125893931534,-23.90801639237892,-7.996701997684224,53.47761147602773,-13.002358799974946,20.0661555314756,-64.40060570629258,34.66448899203824,-13.0671859419296,-12.26674349072324,125.98645795689515,19.301533750269023,-18.4564346661872,-310.4476512548085,101.75768104593766,-21.048482461355025,0.0
-0.010562164789497687,-0.00661665401640337,0.7896828963270485,0.9997761668566323,0.005339680771624758,0.018358641634816274,-0.009058933272807228,-0.047161833624972345,0.0020550575667239537,0.012171463511568633,0.03585820136445789,-0.02658266471602885,-0.006134058041728899,-0.387326385755801,-0.0044977339692569805,-0.027614711309835536,0.8724730612675519,-0.4569131546333758,0.005353511581739236,-0.007630632808285439,-0.23339826451166226,0.05813802869977403,-0.35307258901262745,-0.014160330568513216,0.9232531683741666,1.009630866412322,0.5255583914028428,-1.119600753550467,-2.462778984605099,1.3775304462663582,-0.6412032771367037,-1.5015497243861233,0.49502627245994324,0.17815068670276563,4.834935962437058,-3.9097338213652657,0.038192571321676014,2.034449736322394,-4.01607575081467,0.19590410832646432,-20.177212679640665,-4.0552565922248105,40.997324111970045,-21.67915944380854,21.647514229112556,-42.223446209009914,46.31332596541371,-21.64860008209618,-5.820748630390828,94.932948863847,-13.766499510820545,-61.87229172974038,-192.2637378597965,90.4299939837286,-5.753639849107684,0.0
-0.010849999302292019,-0.011659465781150043,0.7906726673275434,0.9998036592424181,0.0015956711605887698,0.01973793443580773,0.0007146630155158345,-0.029571409310153396,0.015251322398778775,-0.0061155811886703165,-0.016010605921799287,-0.0003399278665843575,-0.010918390743348884,-0.42452802107695664,-0.006826658791197829,-0.043326687459668306,0.9888626592237915,-0.5297383454483392,-0.0016079602599292759,-0.014668492775980143,-0.2753352910811422,0.051248357469842,-0.4843134029281932,0.24305338608274685,1.0544714464048526,0.6892270403062318,0.8589879941612012,-0.7890808154242838,-2.475079150155669,1.1601272488659171,-0.16700920349444126,-1.7808841270290137,-0.3707419643934472,-1.2316295690745085,5.475669140782736,-2.999844320484697,-0.3494153467459425,0.25719260493435014,-3.053692382280222,0.726465981403992,-13.644890567560703,10.194525578457123,11.93071652971349,-27.06350644726772,27.38346153114035,11.769020928039033,28.07057305228811,-23.66673793977479,-7.016891888452152,30.11862608622305,-10.499960774385288,-24.360151472917387,-104.01184211861865,74.8745666520694,8.17541348810402,0.0
-0.011416332876998824,-0.017567025334540222,0.7915562784669037,0.9996523675870072,-0.0033045882862185196,0.023466764305345975,0.011555719232789047,-0.033169192565052706,0.03994252608321098,0.00014606643336662756,-0.036008083832879116,0.013762370884618165,-0.009429580073321196,-0.4596069213750217,-0.012792622807297762,-0.058913553802195553,1.0790971573964139,-0.5998493146282252,-0.00046210176548788133,-0.029091767683722423,-0.31108332000833805,0.04025646260982709,-0.5450278866538024,0.43109947996352527,1.090947230634563,-0.6354477094837874,1.3787021688458103,0.5484998411190736,-0.20163186349660905,0.3749948133166278,-0.09873086121423608,-1.5709727653489247,-0.22958452741160734,-0.45113288478183966,3.4078864243502816,-3.170964331731533,0.11767028562761032,0.7286259389552744,-0.7928022473358365,0.931048369700305,1.6286111758739932,2.577873404866767,-2.6039331971693844,-26.71138662161302,-36.17729988451602,-139.72419876298727,55.601718431133094,-115.79541975339504,-98.54900677461308,29.349775861376177,-0.7824347754272477,36.62808187397616,-137.13079194202197,60.1465402748148,-1.0758830711476084,0.0
-0.011769490035567598,-0.024065019330245255,0.7924074352870822,0.9993593708178409,-0.008717427442696185,0.027797504294203183,0.020788294118659293,-0.05090506283951364,0.07041244736541105,0.01930660221277518,-0.027305024960823834,0.013349935342006647,-0.01564914489957129,-0.4798544007918271,-0.0014679632269626098,-0.03814156381350353,1.0929879048574218,-0.6385997673746099,0.016337884176119304,-0.007288391005391874,-0.33244798997718417,0.028122802644898505,-0.551449416301617,0.42337092641495716,0.824555665075479,-0.9884106427904462,1.6698511781389047,1.435946862372237,0.7586326945360476,-0.04464511746892049,-0.5359391973509388,-0.677702919717092,0.8890124058053455,1.7638071157312556,-0.7826358077742428,-1.4856815744426108,0.8137178856091782,1.2305360233802596,-0.3773933051693188,-2.590757218864,3.192122064553156,-2.9181535326356944,-4.66390208272061,-3.4234807474278957,9.634685161866683,42.54735955959809,18.089818664948176,25.067419188796503,-7.902317678241976,28.482971499084396,7.672456233162579,43.36855074189888,-108.8465055757932,29.554066311853532,-18.832599706178737,0.0
-0.011449642953678646,-0.030615707685492346,0.7928443367024015,0.9990365761386614,-0.013162100331141268,0.030914948216203723,0.028230207735736812,-0.07117086510773574,0.0952786543327396,0.026753807033434735,-0.004981612171042762,0.004660874924610828,-0.024357554401793956,-0.479480659987142,0.02050173086519983,0.01149764113153761,1.0368857944051189,-0.6452719830197805,0.0413167060086121,0.03352274834029706,-0.31728366185543144,0.006833644838933342,-0.3299330667670535,0.22622447284192426,0.6499145808208205,-0.9168917624549155,0.8884458996018681,-0.23971371095149105,1.153432333086991,-0.5306233987648576,-0.38000886276657025,0.3625637473914712,0.9464894097434116,2.6725296528005194,-3.5116156685456517,-0.06666882466299899,1.1135824057984607,1.7814181243272902,1.508583325535031,-2.281531982035138,17.87183296401369,-9.608769852995609,-10.413896366150666,18.08885458031302,-36.27492689543718,-37.8356018130019,-10.950043612865654,3.788307118974546,6.414633238899049,20.604665710397732,-39.81556417022083,-9.99673960428771,-11.824498593656582,8.676306210309656,-26.327040200445527,0.0
-0.010598218948815286,-0.03665505815181581,0.792759949115851,0.9987510230474128,-0.014468005969439824,0.032607844947715584,0.03498284169245876,-0.09475458046574857,0.10576445478493628,0.015878347070939318,0.031339576945306945,-0.011035388591752562,-0.01968868464353431,-0.46229627142775315,0.027993935948699165,0.05977197538032864,0.9397581927283827,-0.6298790147066117,0.06927936848280995,0.05087579607073479,-0.2870719067917621,-0.025597387534905605,0.036482517574653255,0.10303572469845754,0.6189158751941184,-1.1591149045687963,0.2590145765975105,-0.5578026947975019,1.9565165388743848,-0.8420967408085054,0.33349909241410075,0.9822033292582835,-0.16459775557406048,2.0601092893991453,-4.911997260678719,0.7924818619734653,1.2317335517264458,0.9389731091458604,1.7628337984926932,-3.039630435349172,22.514144115774407,-7.319290676245693,-11.508478882127983,17.515131361551916,-27.657579696936708,12.277925487415025,-10.403588935789438,2.487535720062086,-9.92998342866421,-6.990772156959858,-62.97990842235546,-49.90684253483705,63.68950910246234,-19.19702931240263,-27.065095869541693,0.0
-0.009344893705778014,-0.0420531307536463,0.7917600123853027,0.9985099637815918,-0.011918675508721301,0.032862920952961616,0.041902575451166144,-0.12204932628476005,0.10472446655349552,0.002553225858341035,0.0836136290802239,-0.0348467579193108,-0.01019832799795822,-0.43012083117222605,0.013744684228161618,0.09954845114629891,0.8120543294630025,-0.591355175955956,0.10144714920869075,0.07147334092386186,-0.2536956327904951,-0.08245483905433265,0.437008340278601,-0.0722686155889261,0.6676969391263635,-1.2747631524424916,-0.3098425199134386,-0.588140685511068,2.67123454310936,-1.2594338002116428,0.3154001093198804,1.7206492548290164,-1.1712192790211966,1.8575713912305014,-6.212954672009834,1.8463183711439748,1.4244831830562614,0.8436631896707458,1.8347846377799044,-4.167132190128056,25.072426087873858,-8.369534803961313,-10.650085339589511,25.75250430975308,-27.967808024787242,19.471823154561037,-23.298105953129454,5.434683063036679,-30.510800536808436,-15.939686371517839,-49.85841324305386,-21.387703080571065,108.3716886209869,-41.65628855429953,-31.403395640871835,0.0
-0.00764862009940787,-0.04676782763268389,0.7890809068297383,0.9982342001440311,-0.005744454424956201,0.03145058621705484,0.05006339513825447,-0.15590861804468192,0.09327753677428277,-0.013247030396752544,0.15934346316454245,-0.07264878620295033,-0.012233655731440673,-0.37384556237607525,-0.019127938025710247,0.1347846585947884,0.6224749221514492,-0.4742896607453434,0.14611615795746477,0.09111398042355884,-0.21719581913657207,-0.19282842095687197,0.7983191408467046,-0.24651795005983845,0.8142666026526145,-1.6766868432502515,-0.832831247629342,-0.7043051799447259,3.970053983587451,-1.9917978894451949,-0.5796199485546074,2.9555915893515965,-1.9971908112322896,1.7299664821603193,-9.553441700503187,5.827471791613423,2.019233974085418,0.20542773519294666,2.1578230503213076,-7.099962042501767,28.957254170113693,-5.828434530671601,-13.344061705884279,22.874519546860927,-30.061400781695117,25.658297611711163,-23.957682619784194,12.456907710168043,-57.388639056389316,-37.84331852386269,-35.765502469681095,-5.2090950936035245,158.29956275233326,-116.44348597370258,-44.183642483161115,0.0
-0.005937241720404033,-0.05092866253870037,0.7836802503735825,0.9978440308817444,0.0035482845774657125,0.029873090312168532,0.05832922239692617,-0.2028209898715513,0.0705239871909405,-0.032738659928878255,0.2661132155895399,-0.1244702409639874,-0.022545523090012523,-0.30169044642821224,-0.07289525507619105,0.12334671257391633,0.3678865222727574,-0.3144629082331455,0.19774990456531935,0.0675729912602539,-0.20517342188908827,-0.33899816482064365,0.9870597853548544,-0.12882381258918052,0.5592007243912078,-2.4270385386873135,-1.184036816244204,-0.6872878391149442,5.389459432249816,-2.535970312739998,-0.5509617773878589,2.7532089656864147,-2.50454303162155,-1.42505258613744,-10.840950118994186,9.181063855315513,1.196830492950639,-5.833389606773574,-0.4102204835578072,-0.42288106134376624,-8.387806439807816,25.537003241820642,-74.53813187848499,10.666176998745664,47.517557646892186,95.29552761364519,-66.10931890620417,-22.91600743963556,23.036325516421602,-334.4583763181265,116.21757533219034,-33.06111896982137,909.7624826609903,997.5591770470104,-668.0563802948361,0.0
-0.00542032222561732,-0.05564630361080013,0.7772212729230003,0.9975554338141799,0.008886677860207923,0.030787920992497726,0.062099012434746685,-0.25919003873879515,0.06267270436413339,-0.021539573091220374,0.37991402468240376,-0.18233945863715595,-0.006043280393712023,-0.28754377627212124,-0.09943602487054079,0.09432040140647871,0.2668103327313613,-0.0697980803449172,0.19941241677908636,0.01334187717670615,-0.25663822681546294,-0.2742858282418402,0.09624697200057514,0.13193833327207521,0.2474621787455465,-2.570156416769236,0.1689107218854522,0.921995720494077,4.842888723228539,-2.3812745080890747,1.0207852586584574,-0.3840183115821175,-0.2973801983684603,-1.0680918138243956,-1.5116037231954023,9.48437498084056,-0.37748627423174314,-4.405488903862764,-3.04764206409595,19.313893407164826,-79.56784406589705,24.305071927384844,-46.112314816130464,35.82522219244596,104.91279746123666,7.850837378058081,-154.1398884467063,-19.78488037174469,-33.957036910600664,-193.28682756941933,195.4281957590624,114.27870037469486,575.4224325756323,-1341.5963988698313,-189.26327516523116,0.0
-0.0054873210478280435,-0.06067668336993814,0.7743335458737545,0.9974955836063553,0.005236498026506963,0.03267916579874144,0.062507694701795,-0.3024134776930821,0.07159334090842191,-0.012073763256669385,0.45037964755351945,-0.22372371479369826,0.021598251603034514,-0.31271435689522653,-0.08608061709244813,0.08178116859914618,0.2949657484904426,-0.028080873550753963,0.17000297055437433,0.008510999265106609,-0.239300887577228,-0.05924532536809311,-0.6251952160736467,0.15533488304006554,-0.03440027985776125,-1.6109678704940555,0.5254662715314414,0.09528549344291318,2.313144086969914,-1.8466390053794914,1.2546082607224631,-1.0532718221063102,1.0573094158772463,-0.624328325122836,1.7088957149273207,-0.5554393565315294,-1.7521897909619077,2.644349073694736,1.7470877155092643,7.133386008793018,-25.776334994603847,-12.927495569321753,2.727527334282005,83.9084828890774,31.954218896377967,118.39048166688366,-193.57088633706056,-88.89087118355093,-31.134100858624876,67.1960368194339,22.896193840150893,-18.270094135770997,-65.94038341319356,-110.28809522937182,0.08399228246777479,0.0
-0.004837359884639593,-0.06439465009566868,0.7744927757674682,0.9974313527262965,-0.0002933465268559482,0.032537912715308454,0.06381140009854164,-0.3268773772124812,0.07288006972434136,-0.021462476317754043,0.4902167883984872,-0.2651346392703894,0.04403807395332281,-0.3198371086184772,-0.07053059367548023,0.06680053119260165,0.3129973694211942,-0.04805366731259518,0.14040486598010382,0.05413166475411843,-0.1422108521317018,0.05011880391230464,-0.48039219506220765,-0.09755125567153175,0.2329540049070186,-0.7700462580139376,-0.10666170614108614,0.07361279389173275,1.2519369171346832,-2.247883271074049,0.8961477974565866,0.2075378513647237,0.5309757807247389,-0.8242694085333818,0.20046778413961575,-0.9444543764876315,-1.196233342521708,2.3543972210684476,4.7756409190917095,3.399742832036647,8.481906493633474,-12.996259683719348,15.229883565568532,59.879298499892975,4.5566509942056115,179.5283709401582,-123.5940211653015,-63.22104739898611,-36.428488248250126,56.65829843318548,-26.89267407419146,-7.389573479045228,-69.30753489225393,23.12343201512036,33.23862367303333,0.0
-0.0038444455155892507,-0.06598724005983664,0.7760605046609551,0.9972286651440242,-0.0034931375371586556,0.031622801091963366,0.06725166062122061,-0.3482232353681306,0.06211700946937442,-0.012907361334673618,0.5366304902658876,-0.3025825531053341,0.06162658518369726,-0.3114013447518884,-0.06853448819965732,0.047019742181444835,0.3083852730771981,-0.06926181385411757,0.12615868192611068,0.05263464054533501,-0.027535773751898893,0.09958284552115536,-0.2048268431392202,-0.07646736540344892,0.37014019754707045,-0.9850939127109388,-0.8858859977334288,0.8649944202940758,2.3300179328205757,-1.520718144336582,0.7220988134576095,0.6026841133265486,-0.21481059794544483,-1.0482580601426383,-0.5457271722150276,-1.0292083895154498,-0.4206312449237408,0.5931615504474852,5.756628956405488,2.189505216717258,15.292552458117518,-1.7022210308699786,0.1332277363889982,24.861642663243224,-44.15275234409998,28.5489593406983,-41.05879728448555,42.39880239107388,-17.557568532730713,16.922883542069133,-29.863581641545927,2.645261505058416,-26.777545092345374,2.2579252901907116,25.83841683364792,0.0
-0.002812399346532972,-0.0655825066863954,0.7782481038560096,0.9969911246699238,-0.004601565390188863,0.03099102162395317,0.0709019005673567,-0.3689351342968078,0.03644082371731805,0.004041751198273337,0.591051243454015,-0.3222291194883408,0.07742320191018831,-0.29781872487070804,-0.07461672028158112,0.029805873242501762,0.2937487134869797,-0.08892685987287134,0.11902325233352079,0.05465233883837826,0.05859253797595697,0.11871867320239576,-0.060259909173801196,-0.05365892966946222,0.30732019133234373,-0.8642373018753972,-1.5659086611785669,0.8686495074562756,2.4516885553066703,-0.6612377313832415,0.6816869790949117,0.7203624313754157,-0.3353358663801412,-0.6283379415114879,-0.8001367920889269,-1.0910656439905884,-0.2653131417648255,0.5201045130250184,4.136923640607684,1.0037469439263584,7.083441953416506,-0.2714471979464602,-8.94999032940713,29.813799652059053,-27.839483078022823,3.3937019004663864,-61.13541588275116,25.25595746840112,-15.572168111884299,2.759758593864725,-0.9759404436944694,29.247848773486524,-2.7657337916634894,-18.530967485213136,11.213315532837777,0.0
-0.0015654237645528896,-0.06381671513583088,0.7803175970962752,0.996783943681229,-0.004615175592951944,0.03013686800258146,0.0741096414816423,-0.38088549666997334,0.0018373222376698913,0.019220036820335802,0.6256216816188525,-0.33293476373953784,0.08848483854922984,-0.28203351918706004,-0.08286651224377478,0.017550022186305574,0.2759029655350678,-0.10027065594189163,0.11017036537259103,0.06674171743912602,0.10967264521537166,0.08985666450770824,0.002637290009931352,-0.10118143841215659,0.30048093086821387,-0.3935029171138933,-1.7873284202529018,0.7258871268620748,1.1416840820498158,-0.4446099599068047,0.4462310511286105,0.7618116702985379,-0.40632693357943095,-0.4846720848770023,-0.8033493827424794,-0.4665194502623862,-0.41929261839898385,0.3552224680775753,2.1280686379240343,-1.6572063198927733,0.9216845223057852,-0.874375329024615,-4.114770297720537,20.070345947296254,-0.6640178535379382,-1.0857986949961245,-60.06985629764898,8.248785453718591,-11.023368638853949,-7.498611400876528,4.722509089623011,19.358157659097387,17.277476331668634,-2.517561778949076,9.789280232071057,0.0
-5.035163846441325e-05,-0.06113730549128943,0.7812955810114949,0.9965585935827567,-0.003542814683677116,0.02866037366249978,0.07769814027376087,-0.38342443381781055,-0.03582938158644967,0.030207843890755027,0.6313959476895714,-0.3390782209322134,0.09331602003939077,-0.2641652451575597,-0.09558216703043115,0.003798036586755514,0.25419666849477945,-0.07989610017877487,0.09706857104338092,0.07705362380260389,0.1481499917358776,0.014678320378967801,0.11876954981882669,-0.17112357868927458,0.3684696375799619,-0.02998864008121427,-1.8280274777738625,0.5128686826663055,-0.12611837027242587,-0.27417622999496327,0.16633866772626768,0.8015711610693298,-0.6566726314573887,-0.5709692284459479,-0.9210465865438233,1.3961082893971846,-0.5190533292907804,-0.13097635876727384,1.2005332700905116,-3.825802224190391,1.3557885565777312,-0.2883146432522682,-1.7490593032919015,3.9222249288800435,14.723617893123283,1.2309904703466656,-27.735493605436638,1.5372972442942925,-5.233985896660521,-19.24733473959017,6.219505109466094,24.9024284600068,35.656822507544646,6.715471246020551,24.515809209147065,0.0
0.0014894714307813767,-0.057826636108098566,0.7806884145827149,0.9963046265159197,-0.0016948558233397496,0.026974760612995943,0.08152656583337435,-0.38183652756223385,-0.07159519311577246,0.0372798489263746,0.6180986849984266,-0.3413155202084585,0.09630292586924187,-0.24925640927531897,-0.1134810551660532,-0.015247585681006712,0.23661297602330367,-0.030569416770147823,0.07945240682464648,0.06658561182957257,0.1684185563616441,-0.03948841916851312,0.07714129652438649,-0.13379433068025642,0.32124160497655213,0.036547019108153944,-1.4792517903850197,0.352434736224912,-0.8650710957582964,-0.06963810397352703,0.11544698321597882,0.41188016387820076,-0.6425081189059059,-0.5225679218473744,-0.2056227151003327,0.9854420129986299,-0.13288091785092,-1.471491050731664,-0.23766397265307126,1.0189198682012077,-16.70407694787266,7.669113675971669,-10.008887790551439,-11.03480794826445,48.02769889092027,0.8936397217298666,-5.908920225284256,-0.6872813256554776,-3.632971711657233,-37.475725190202574,43.236190682884335,56.77954325893852,76.06164451698797,-222.82263861090243,83.55180211704437,0.0
0.0027121306304256627,-0.0544166761645191,0.7802785096211551,0.9960507338621137,-0.002351960615941661,0.025808646078993584,0.08491947739815313,-0.3799842984824624,-0.09410244413637087,0.04094469293426233,0.5951603384884181,-0.34124372359479044,0.09784013110974446,-0.24064727660625657,-0.12115768198820694,-0.0238612834561668,0.23340149392005616,-0.030424479355680083,0.08083082049966149,0.055521183676071076,0.1721193325859163,-0.01333979357791469,-0.20583004148210735,-0.08845971814805274,0.35708446456123866,0.04786177596704087,-0.831069200986226,0.0841697982348788,-1.0805824969425049,0.0033311907119118176,0.058652040311828704,0.46788731021575836,-0.22458556728601486,-0.44302485923774426,-0.23350800033922825,-0.30717316443144643,0.11474678317178667,-0.6845326946769701,0.21754531144759032,0.2003657687965112,-12.390185301087898,2.4804001805451814,1.7445327710747347,-9.42760667491661,32.655467099713235,-7.7258113685083325,23.315985687328574,-0.6165241453909943,-1.4348530062494533,4.183934824819192,14.67314197844326,-4.469101731039835,-11.748266766454403,-9.140615657210452,-0.9551367285558152,0.0
0.003734950219287501,-0.050649869142585575,0.7801387059304924,0.9957417394982628,-0.004613957789028512,0.02441297649538527,0.08877559458055514,-0.3777031406290035,-0.10741341049398995,0.04096055466997664,0.5755991004970903,-0.3411302721445388,0.09757167119333515,-0.23014313270337813,-0.12511895291992417,-0.033487417199585756,0.22817355444998969,-0.03667445778744337,0.0777249287414557,0.0458204723653798,0.20149880403408602,-0.005843961699282491,-0.2758409776036445,-0.1372107662229978,0.3888270122308393,0.11747767077909345,-0.5121972199996385,-0.016636412456276735,-0.7653931462932209,0.003060479147688512,-0.023932525537576348,0.5405827407303507,-0.17662233433558738,-0.4848149422036526,-0.2572803320049308,-0.28575235762471224,-0.3111590612703236,-0.7052394143652578,1.4856630914593156,-0.14149235389887765,-2.6240233548557557,-1.3510467523345981,-0.1629879278209011,-2.1756099031419196,17.769940525971798,0.9802512654117904,29.362263608774033,-0.25948124715289933,0.22189598933735594,-0.7497120031960013,2.171645805086828,1.6416047175947317,2.8472908159768986,3.9696748294514106,-13.413825317932321,0.0
0.004440073599151597,-0.046198414756000124,0.7800592285494273,0.9954111275726633,-0.007205171224381781,0.02258803050718878,0.0927068146899338,-0.3761139904863228,-0.11696388260148301,0.03578344605606309,0.5690663813762138,-0.34010239005437476,0.09499604233410779,-0.22081292720546852,-0.1286802765155133,-0.04297518657382427,0.22651991843199476,-0.04254364945945796,0.06229572515626858,0.02802182490895882,0.24079837310546365,-0.004470279160855871,-0.27909933232874573,-0.18280951475580806,0.3715306883379952,0.09436569616022328,-0.3977537508973926,-0.29239501771253157,-0.08762649345465554,0.06977556929671122,-0.12438893699652737,0.43952536556756044,-0.19257722830628213,-0.43606427785368634,-0.0032892351491537377,-0.2766199886366401,-0.9295795055251135,-0.7407263557839632,2.100276991758789,-0.20408261611550121,1.3922837184703472,-2.699469583052966,-2.9264303731730217,4.652588482764804,11.824964825468008,6.153577189908059,17.59364573838635,0.8907526598503326,2.6839214743714255,-1.6462991222122672,-2.5148553428651783,6.215158312046716,5.887203402765372,2.46391910274774,-5.926202478910328,0.0
0.0047382055812723155,-0.04098278282491026,0.7798149175592852,0.9951187455150677,-0.00977362067384258,0.020403243435978727,0.09605657874781424,-0.3745115961152463,-0.12385221643709825,0.02655908906546295,0.5727511447179037,-0.3328449212851742,0.09089582660073647,-0.2159409758648115,-0.13239885433162232,-0.05031135299389389,0.23405320823874975,-0.05099189771644685,0.03598913092581328,0.007324564256385345,0.27813649374279426,-0.0193255116477669,-0.2799152315260223,-0.21784666544553327,0.29215543353217693,0.12834260419161475,-0.24883816659701963,-0.43640768014021614,0.2864494303844494,0.3969707033386583,-0.18553489656540745,0.18051716804764345,-0.19809784207859124,-0.30542635486792813,0.5193757363232439,-0.4574355977782998,-1.356314583242199,-0.6730876972503037,1.993625077530535,-0.8186799396405882,0.8715012493161777,-3.0628617260572577,-4.209602529993127,8.786096943014556,13.519156600294789,11.804748539173467,3.225529567321966,-3.913397027580494,4.117575606081471,-1.332379130499011,-2.3258336425798904,6.92440870277761,5.794460684021655,0.6594602759086874,9.317194629720628,0.0
0.004687042675400795,-0.03509759494124541,0.7789981962687967,0.9949379359588778,-0.012481493955316704,0.017811465861535005,0.09810946734334895,-0.3685012290777288,-0.1273786666684705,0.015064873040940969,0.5698724258504454,-0.3126696565499841,0.08549479353185226,-0.21777775579423314,-0.135548544670572,-0.053626195589612694,0.25512552034842617,-0.06552511987270308,0.005028249905114978,-0.00806787448583413,0.30676893477435946,-0.05885899583227625,-0.3237285882950249,-0.25494900890950783,0.1467878052772221,0.3995794290062067,-0.06121917457419801,-0.5578894433459751,-0.28708129585941017,0.9925832270555048,-0.2432925383585012,-0.16759642192990318,-0.1344750446495375,-0.09754993712141738,1.2214229699039156,-0.791959267100401,-1.4144318100406097,-0.486509047678892,1.3628073124189386,-1.9420433473836913,-3.4097882023466237,-2.7049634052859055,-3.886424649532672,7.8841238436941925,15.429094453284362,8.37174248780883,-3.6567887905488234,-18.4190055269785,5.290864942721033,0.4442378837997145,2.084737755671176,4.42010672207499,2.2607691288478264,1.4180370843779047,28.232779878002724,0.0
0.0045447285202842615,-0.028787830682745656,0.7768911931421963,0.9949870088899246,-0.0158768697339407,0.014536405086569582,0.09765997171252878,-0.3458387875599136,-0.1286773096193189,-0.004866575923953659,0.5174390096839441,-0.27747831377123094,0.07150128046531036,-0.22988379051414207,-0.13582006390414217,-0.05001225600586386,0.29769961613324847,-0.09138958275560538,-0.023513310226563545,-0.008634109831209538,0.3154047249484406,-0.14691451949753245,-0.46518718309390816,-0.306498727098133,-0.13318489984010476,1.3179593585036233,0.08877125791227981,-1.0988877104218702,-3.201917042666169,1.5424398746451042,-0.6748535889254889,-0.7509496960327781,0.10702026273851067,0.2562272186832611,2.423564168769042,-1.4285942353561878,-1.0761746062573332,-0.3427794045786442,-0.46323682432466523,-4.586863306272005,-14.629062524732749,-0.42534248419102905,-2.885430841970189,-5.927120750796308,27.618582939779504,7.114878237436789,16.686321912399098,-45.790766457621494,13.236236025004976,-2.653351538908425,15.42723007616423,-1.6003191689389622,4.398142830061802,1.0046892966750773,53.14238855168572,0.0
0.004658854777288145,-0.022913363043200196,0.773593099923082,0.9952006022531711,-0.021580633643796403,0.010413978328274247,0.09487669145704826,-0.30223147880164586,-0.11998610122645217,-0.01470060633688066,0.4020106375372314,-0.15161213627946438,0.04644013572104008,-0.2564160699404605,-0.11854477266687902,-0.025701150195866173,0.37633573320963687,-0.15311197227250636,-0.02986790370895097,0.00789327019785055,0.27842601222337104,-0.15958978454291553,-0.6353225072191773,-0.3489853001348791,-0.15908155720981798,1.6871144083405791,0.36723763962249795,-0.18714950287427523,-4.191397675153546,9.141567969539842,0.31260667932124586,-1.2789965062529043,1.1402740898792856,0.8927800921209825,3.9836542029521196,-2.9769107068901164,-0.22795983693294475,0.7950913421397455,-1.360393935681311,1.235193868579464,1.7246363747748732,-2.0627913976791157,20.309342232731076,-67.1029555230489,-25.31424086807149,-9.66552623725967,209.88642428589594,34.76513419511322,46.47074944029155,45.811742903493176,7.568280387356877,-143.46174507066004,-72.72265736669307,9.222494586738742,2.7524624249261267,0.0
0.0036622522573284237,-0.017426286266691366,0.7725445560351052,0.9952934973246097,-0.02478550057551973,0.009653914584376354,0.09318441435006951,-0.292397892594049,-0.11983648370452121,-0.01051237896332906,0.3713633630509224,-0.08648869909080038,0.07115212704245674,-0.299102106642854,-0.0942145626767148,-0.021534208262738375,0.4899866869447624,-0.2292420519639937,-0.014393506623074287,-0.06527903210833201,0.26955489315442616,0.0340205818645479,-0.14447645536313775,0.07859042426493848,-0.20014625857508628,0.29379048662665236,-0.1686010937867946,0.3434845434086429,-1.0133439956193464,1.009407554134878,1.3322960236696801,-2.0998646383475075,1.4865427544884668,-0.14447805959967658,5.323618026910181,-3.26519295477402,0.8357603050983546,0.015543636219593121,-0.8265097888793467,8.848751409620558,13.671948582138,6.244813161792568,-4.038789204538203,18.257354595512805,-9.147231402390773,7.111939979631983,-28.675818859635132,-103.0046726560818,-26.922348460849385,41.483854959753835,45.19463587464999,-23.866257995673287,-126.08940054741501,83.05383757903616,-13.561560250685265,0.0
0.002553838070852083,-0.012188252666449288,0.7742183272681593,0.9953826483960075,-0.02502498857559072,0.010243069711773828,0.09209892910246503,-0.2823991983073705,-0.1265010500304652,-0.005618636912056776,0.3459846014653671,-0.07612772634686613,0.08867256657323783,-0.3303273291589565,-0.055656192701477834,-0.027989611135393052,0.5746215748658705,-0.29332234421017744,-0.008027617537653525,-0.04431423272583937,0.25399336601977995,0.11432537219773602,0.055691983325054206,0.04045171581104514,-0.03738291716280152,0.7057070840634084,-0.4082867636030912,0.17796213780057651,-1.5822248708937585,0.46035747795110993,0.3749279077394409,-1.0437651031809403,2.316195074079133,-0.4579015376783145,3.082776946618597,-2.7575831719872155,0.1742258222679664,1.217976788204115,-0.9356592742005557,2.411642623158295,6.4357889464684135,-2.3836908045474723,7.080403157080326,20.40262899334885,-5.501300622413377,-7.026374315893578,-33.15302985728311,9.71464548383111,-61.57801879390239,56.66243605850893,42.740296942453185,-15.282117581151603,-130.62316581648375,56.6884627794885,-4.889007551729861,0.0
0.0018640985537062191,-0.007163901322278938,0.7764225324052937,0.9952510465237043,-0.02391958971937518,0.010754527541423158,0.09374192103049656,-0.274684955603514,-0.136233302642721,-0.00516200213865516,0.3280239897856758,-0.07383249397923644,0.06258255471005142,-0.32889834245097294,-0.0027235047885683936,-0.02742404928900233,0.568243838054007,-0.29715442898924355,-0.02433148273786348,-0.033632304596612796,0.25479428867341375,0.08736882756714294,0.20096283387590044,0.05628557436765474,0.2737972179458625,0.19752751512573705,-0.6035947222702822,-0.005847838463848768,-0.5824200005458612,0.027641562590001414,-1.8955615992572425,0.5274131418286737,2.6861512824443197,0.17214945761439687,-1.6763147359577601,0.2276234194937759,-0.868629006269755,-0.4312385797408455,0.805109963313052,-3.7949015144126137,12.658042654370464,3.8511217040438526,8.234600865185872,-17.83403367388714,-16.805364448187554,2.206958513467657,22.636770902420075,-0.7662598287486668,-23.408304419343708,20.926848951264972,-12.524546212172064,-4.449597517554625,-61.30729200758362,-7.736810151309281,14.902732605462667,0.0
0.0014171302056672024,-0.0016509768828483163,0.7766752119168305,0.9947496031802704,-0.02072966192161745,0.010834217448676818,0.09962995443933498,-0.2808523771032183,-0.14960201543021165,0.003752810311203092,0.34417289342530893,-0.10691246642825401,0.048958238301493665,-0.297007987139103,0.03620070641652153,-0.028396607744500812,0.4760859249552042,-0.22660163332198074,-0.06496675282274023,-0.022426636055509673,0.29805820754941525,-0.06206681323197194,0.4633304377156615,-0.07746665440057866,0.7423827468290466,-0.548660304630485,-0.8034627910256952,0.7391304144643677,1.3303576605947773,-1.736786069762174,-0.44461677738486266,1.841723280527223,1.3257786627133477,0.003460522060382616,-5.019920092510014,3.5700555056605143,-1.9328744435360485,-0.57746585710834,2.689563435118607,-8.90505500949785,19.79980284515764,-2.485873663970405,9.110941686650357,-15.73568002896176,-15.409560078737455,36.277071910663224,21.915847610445237,51.88787701189223,6.623242087026292,-10.292147416960004,-68.34616227013012,15.95004105761146,68.65174362788142,-78.32614491954732,37.83050945651539,0.0
0.0005447845679416538,0.0048821398720408915,0.774094098681311,0.9939840631235154,-0.014702972623891369,0.01065471684532911,0.10800917489469707,-0.3077887138850878,-0.16296888374916688,0.03204178079861732,0.40756024269015817,-0.1735080355422971,0.042480194522053934,-0.26361432238775884,0.03876048718795642,-0.029573637220440287,0.3873760979129025,-0.13596371194938303,-0.1096543863536413,-0.06959337444236338,0.3361221321864424,-0.11286452329088396,0.47248094212215896,-0.05383541366992043,0.675548139533903,-1.5527156269084221,-0.1607635602718535,1.879260151195706,3.503213791683316,-3.019803221555309,-0.4575407724404369,0.7043488937445397,-0.7351547258888612,0.022172460599456587,-1.6649079275552188,1.2444899020668592,1.037014850620348,-2.155842751885864,-1.3229790014473837,7.543789294535238,-34.06655270204161,4.335544168594024,-28.77485541332848,10.413114287653029,88.60274638800443,36.57172893611065,-27.023599523159625,84.9437759179614,-14.429763296068186,-114.95975076463162,-38.61590426064345,9.844450370139793,298.38530826417224,-271.24810034324213,338.0452681045047,0.0
-0.0012760187003160834,0.011098769457226184,0.7731285775102309,0.9933456180886474,-0.013438097757575875,0.01105913957090949,0.1138490051985126,-0.343462017928739,-0.1543403481099509,0.05288354756157261,0.49283822459465704,-0.24710618410125954,0.027005990215605746,-0.26360163538269094,0.024209268421772588,-0.033976559153880544,0.38596042498536653,-0.13817797557182024,-0.08359672998793628,-0.08721098869579078,0.29537393512142696,-0.0018360838018305677,-0.11529750196024627,-0.013344044676219175,0.500146715036449,-1.4589419972289879,0.8755063928962001,0.3179266996930834,3.851068176278273,-3.2917551298647334,-0.7399909409061771,-0.06843271204568144,-0.5589950496875605,-0.3276960690646686,0.2632499576975998,-0.4293551972638787,1.0175770027817956,1.3232651232607788,-1.1509811138987351,4.558954354526843,-21.171894126884435,-7.6295261252435616,-10.343981012729847,58.92120644219737,46.89718934033048,-59.19584260311066,-100.72683922800024,73.2008665295565,15.485710377733426,17.114440604227543,23.670876785436167,-6.072762447048624,-11.446996289995644,3.010296223522091,-61.671999129479744,0.0
-0.0030110526722001494,0.017196235894885312,0.7736647855050203,0.992746736852264,-0.01482895049390811,0.010188599256493699,0.11887056465593213,-0.36900959824509966,-0.13524161032955326,0.05043991869170053,0.5720146498678225,-0.31253099679334395,0.00825271374173684,-0.2632274428481172,0.013028083659276742,-0.041715830448406065,0.39162477855392974,-0.14685147925618777,-0.07516199807959471,-0.0810045484555633,0.3200780596887711,0.04934703397184118,-0.1364479120956879,-0.1556113120092696,0.4752855645624256,-0.877036746578809,0.9842948432707523,-0.3295261317784434,3.3333972051817504,-2.7573177816209022,-0.8293095730706734,0.1922196601158648,-0.5860906383926479,-0.35752090117652646,0.14318377898012274,-0.33592453317252674,0.07767801381969244,0.7707078374817611,2.1685120422972792,2.2514724128798247,5.578290564295704,-9.603635844157536,-4.95249572675105,55.216313543520904,0.31407459777018176,-13.267050159607509,-101.64825541557381,64.5327516870501,18.0918008136109,21.832995930217734,-5.475940397804821,7.996863875223723,-19.55278508591488,13.43807935490882,-30.943959854216708,0.0
-0.004636708879034829,0.024006047293017606,0.7749339920289275,0.9921486505665806,-0.015422130248993535,0.007961061980579602,0.12385408580114059,-0.38165724800577794,-0.11757988296374562,0.03763475074176734,0.6342402127617511,-0.3580961449022407,-0.008447416695391133,-0.25583596878985876,-0.00025282157627802473,-0.04895502081407339,0.39077551156970597,-0.15086862463786352,-0.07905958167265485,-0.08090217239299383,0.3614237387656844,0.07451044728143227,-0.023899918463953826,-0.27764447211484955,0.4810253963115974,-0.3053533787280282,0.8238846761512041,-0.6969903790752874,2.528620573873021,-1.8288336720554574,-0.7093289624567272,0.5031215074031393,-0.7461644345379176,-0.3038901331129776,-0.17060389544955212,-0.10975963578477756,-0.3565207135510845,-0.05946862648202222,2.5800186361767654,1.077267701537965,9.503807350267651,-5.785369165157822,-4.069849238961341,40.65475866363583,-5.568768044069595,5.182586873493982,-81.8922153912757,45.42423665747457,16.14081362536623,12.070949267678355,-10.549403312612348,10.14482976883017,-10.637065716224011,7.9479785630397215,-13.45354358211778,0.0
-0.006312906724704718,0.031507951137604934,0.7764567509265026,0.9915612753686458,-0.015196618339732178,0.004879500205811338,0.12865259600210888,-0.3831666906215148,-0.10069936730035184,0.019446696521130954,0.6790056280223707,-0.3855223876178152,-0.022598121145492676,-0.24376337563765263,-0.015371399721967525,-0.05526327733357544,0.38507448044783604,-0.15128087655304584,-0.09034098521990949,-0.08756796102295623,0.3892841362095204,0.07578594778468788,0.006906088859768941,-0.33856396604040334,0.44805346731454593,0.16359056973396838,0.8879435642777468,-0.9054391550956628,1.7851380185053585,-1.0628926905355351,-0.5979849184887231,0.6485113026376638,-0.7824989932777994,-0.2701313005371519,-0.33259947471493934,0.026488469484329473,-0.6558658686171482,-0.5977533520127972,1.7779157510199195,-0.22085008420451782,4.75969237292522,-1.601597220755903,-5.291547993096625,27.562784759261426,5.782344250727373,10.586537428993697,-59.48258825185516,28.00611019736191,13.91070726543631,1.3097067593072538,-4.457711547500631,8.4051384796151,-1.0897048718142561,3.14783118272386,-4.776645581417052,0.0
-0.008160901073026102,0.03948832801184211,0.7777127956367008,0.9910257883895505,-0.014815013425853979,0.0014139154296834604,0.13283976425460317,-0.3746928641003039,-0.08111248153773701,-0.0008101117199762484,0.7033468586754597,-0.39671411540884755,-0.034015710591899465,-0.2309550509168236,-0.030619243582541943,-0.0603855312748431,0.37935280357778567,-0.15098165260257915,-0.10368628281396286,-0.09905364350077198,0.40811907999261604,0.0501418755894368,-0.012231475489740424,-0.352628572719926,0.3776885201657466,0.5971613336979092,1.076805691005855,-0.9756291205914084,0.8014533150671254,-0.37410968666865263,-0.4770293282129324,0.595268048082883,-0.7553334696703393,-0.21445057506630735,-0.2211021003305349,0.0025445903772973806,-0.635639802083717,-0.9863277689696704,1.100660137274712,-1.5530277996199073,0.4992746913492846,1.5925998094425697,-5.191251095489732,15.087957213375658,11.28847034857098,11.112754831995678,-40.471633175821815,11.243229334339349,11.38294771236291,-8.194233228651091,-0.11813434425549439,6.4203690427675335,9.261490083571884,-1.6103716525405665,6.925430079763447,0.0
-0.010198404923997775,0.047834569051317256,0.7781189074328686,0.9906011417056625,-0.014639770817698525,-0.0021944985048999765,0.135978819446833,-0.35327203720256406,-0.05955360006832589,-0.02298651637441403,0.6896870037248208,-0.383654895535477,-0.04241881164766126,-0.22168651314383683,-0.04514043524436995,-0.06321422837646366,0.3808181207380929,-0.15426813456846672,-0.11231042728991439,-0.10938337265708105,0.42130773448124026,-0.008286328578672189,-0.07134148360575863,-0.34401662125730786,0.2748695347484312,1.2147672662356446,1.1438148691863064,-1.0943565155627726,-1.2144514334696832,0.7330619639011935,-0.34187736565605975,0.3210016368349082,-0.6834261189004847,-0.1069152213017441,0.2938267629652884,-0.2631035034777301,-0.2711386164505215,-1.2020867513606635,0.2429603218855892,-3.3558433083223327,-5.916269110179428,4.410712366350147,-2.6684689290776036,-0.5136639197142641,10.793038463467143,9.311400862830467,-15.594075302583976,-15.46398368365017,8.734800868480622,-17.67141620665749,5.738738469531699,1.9888541706232452,22.07210958213789,-8.14321023584728,18.385394691881334,0.0
-0.012211781332348995,0.05635526953139666,0.7770776649879676,0.9903498229001195,-0.0154198434010168,-0.006077588025143571,0.137595492785868,-0.31060261662461053,-0.037178500727975836,-0.04917406492730388,0.6037843123308297,-0.3239711425944357,-0.050912572814212395,-0.21804819121229696,-0.05690102090802123,-0.06258955003050444,0.39412043679006964,-0.1642548568902858,-0.10781452101418362,-0.10500385535761383,0.41917725982400683,-0.09880342854203503,-0.25360703325976397,-0.339901193988815,0.12702928594654705,2.2568300977164073,1.2308863787062347,-1.336543073298172,-4.964296139130139,2.914756776311018,-0.365046151594526,-0.009393252202444025,-0.44683726619793585,0.03706813486352964,0.9551804762228271,-0.642113061436029,0.5157797617805844,-1.2502358498337487,-1.3623415826807792,-5.627663578245376,-18.090518625222497,8.1608622993552,0.9019880722216773,-26.89475501010653,20.143355806150364,8.435718412928725,39.761961017242996,-67.08698476620602,9.227940010836003,-24.71374881415364,19.207224826666334,-5.636962311219131,28.16283126975655,-11.218482517164794,27.581901118705893,0.0
-0.014132488620063674,0.06443405000264373,0.7741889889612498,0.9901279475859195,-0.018438990134840332,-0.010243663036089784,0.13857026527976402,-0.25837135043133014,-0.007893075100917664,-0.058075573347481806,0.46942485219833996,-0.189288931232953,-0.036341232991481884,-0.2227519479646588,-0.059446004702580844,-0.053402830355666744,0.4256698976351376,-0.19122477055290238,-0.08665111545944601,-0.12608797591572116,0.407953805245043,-0.13076239461292544,-0.21988071247527852,-0.2716455243616842,0.3857906680676163,1.18027234124819,0.5035677597113473,0.31513886306967187,-3.3034603186979754,4.666524021657822,2.0022881077647243,-0.32172267299052915,-0.3263609542815012,0.4227040715711382,1.5102023653630048,-1.0656796959704247,0.8707042226324445,-5.130896143898463,2.178355157453912,8.253887689380669,40.64474632716339,16.05389233601323,45.38481563123945,-218.80788688324617,-215.96626387974462,-73.49426003498246,567.0470679085863,-685.9549200187311,-63.81857768182501,6.498010680612,-44.939784960822834,15.968066051577285,-56.46309368573222,75.41171153104254,-46.22399583798576,0.0
-0.017405583320824165,0.0727165055620643,0.773501420626956,0.9895514685312001,-0.016987868079429716,-0.010985259106746286,0.1427537304178692,-0.253459300326714,-0.020416477727266027,-0.05338793791349292,0.44952602282185566,-0.1611070875079958,-0.0005558973468880284,-0.23240694805877507,-0.06402893362790611,-0.021906535826801,0.45519124498394614,-0.2268034161796328,-0.05240638204908479,-0.17625674791379636,0.4122653660921206,0.03439122221449248,0.3420696093618286,-0.02922199352241176,0.408164053441621,0.0877503542679363,-1.096969670781472,0.24876417036256956,-0.5485383113226066,0.3755898431279449,1.610662034168029,-0.4104446390192017,-0.23200282195185631,1.7824042027367082,1.143740622011619,-1.6987781904810084,1.575830119466026,-0.4437230775782256,-0.7069646459622368,6.462328400425162,16.07545427634901,4.822126702300917,-3.576597322853843,13.94856779993823,-26.2705404204803,4.72540783423497,-25.303061422268122,-27.288900144660964,-20.789937752957904,16.132078162526124,-3.8044483122908432,-21.26213097581375,-45.72316988085437,29.5495982893189,-33.61492079545769,0.0
-0.02118849692974987,0.08019631994946423,0.7747261498360116,0.9890316281467488,-0.014421558210243726,-0.009698647319109155,0.14667785594410046,-0.25479911784845194,-0.0410997765779245,-0.05024612355341449,0.4397640157334528,-0.1561918214768513,0.027059861454954516,-0.245759159425471,-0.0630651281322739,0.007302951112694295,0.4900233473330527,-0.2660855793758694,-0.024073294327531677,-0.1917225773929596,0.3426031053042752,0.08063963294503247,0.18843396763589576,0.1424015359707871,0.39812148111860285,-0.06530580929168682,-0.9129805110232576,0.06757089247053025,-0.644663187793849,0.3376654891157878,1.174775268028018,-0.6611192701651643,0.24501170296559663,0.9599139977812399,1.6769674166720923,-1.6998961377530588,1.184374422729749,0.10845531785992137,-3.4900667901174662,1.8345792113854071,-11.767598741450415,4.845079583897634,0.5644277791897702,5.52380505536582,17.60494102227025,-10.202507967793792,-25.06536798491937,18.532874860649695,-22.945212965041463,11.547872674707495,21.91031781054765,-62.310616076637615,-35.36120980764194,40.15545537935209,-26.144210202225487,0.0
-0.024858644669413035,0.08646373633237779,0.7765947156158323,0.9884977010681578,-0.013618211956812232,-0.0084261087532894,0.1503856375367807,-0.252292574188132,-0.05626985652859556,-0.05021557772171567,0.4208650338419239,-0.14544622689490125,0.04683316530978603,-0.2562069862231647,-0.053263953561500904,0.019361308207247966,0.5233241811121473,-0.29971935245513476,-0.00872235486461278,-0.17593180265825412,0.28932523860972376,0.10037978669595171,0.014177726630644885,0.07908536448074627,0.3703274957299891,0.2489041415981251,-0.6183046358250784,-0.06642587688607307,-1.1227105299920328,0.668964829152755,0.8354512114190444,-0.3334814982595475,0.6791329277121265,0.25745748891151216,1.3945242200811454,-1.4271201164142604,0.589694214959946,0.8015876943533446,-2.688429038044097,0.42089803440115564,-10.475372046709184,-2.878898244134541,-0.027425869407440767,9.724240158937521,16.25037571539741,-8.125552088444056,-12.56923797870402,10.887001824961109,-16.39937554724211,23.38910712043235,22.328877238292556,-34.474224925639085,-41.36599448459848,32.6129267059506,-13.541566865828857,0.0
-0.028301706050326638,0.09179339926114938,0.7785490442315384,0.9879386903038411,-0.01416238753359583,-0.007871787719976294,0.15399547375871603,-0.2457166863190593,-0.06662825600406963,-0.052799051163572995,0.39608209858426396,-0.1300440266335888,0.060811754413036045,-0.26105932588346553,-0.0360108510677258,0.02109204578578264,0.5511729098204614,-0.3258263017919106,0.0003001867233084625,-0.16917420444699524,0.24803996289934674,0.09291747950314806,-0.09784052528009342,0.0427869903874595,0.3751509674180677,0.35087214852802345,-0.43254102719608334,-0.1854093272242785,-1.253216030985807,0.8097971227994176,0.5965441151917446,-0.11432498169341289,0.9974220199049976,-0.08177189404747967,1.1816952320905925,-1.081449968281079,0.36702963939360517,0.2176021878106057,-2.0142752137382516,-0.7952650384856959,-6.313220389533391,-0.948979269689506,1.4469507359405804,-1.7879686659856717,9.381722261728603,-6.137036948616183,5.178691583272373,0.8725374983237963,-10.35641663590145,15.29727650986278,13.249138258480793,-20.30926303169112,-32.4474777833602,25.98117071664763,-7.807511587810157,0.0
-0.031702757461084745,0.09644960448208656,0.7802078660561284,0.9873363007782727,-0.015335819963625846,-0.007618492821328165,0.1577142997912723,-0.23849189893426548,-0.07458953274498256,-0.05712840994109356,0.37059702860417076,-0.11308733190472445,0.07126900770880566,-0.26242913853272104,-0.014857969484969646,0.017717003525383804,0.5748765487860674,-0.34656305210885957,0.005623394295507373,-0.17132498522892306,0.22062640135462244,0.07262276630720554,-0.12531280460977567,0.03751515954011933,0.3885391685460741,0.3283662744705092,-0.3687202479931199,-0.24388563989139816,-1.2193047177508918,0.8429217005670394,0.4697855916379248,0.007492521152970593,1.0864440527421617,-0.27327358501658666,1.0154463032877048,-0.8696622314783383,0.214626462286327,-0.22933171733069002,-1.3169205708072484,-1.3426574449382056,-1.8711681722961935,0.5297579247383285,1.4507615985957285,-6.983826200229432,3.1230534615270393,-2.833999031338999,11.534147608958177,-3.354955299486673,-5.071307705970729,9.667761082252047,1.9302228248990811,-12.00299517027585,-27.21566114592517,20.634269357471435,-4.390780670122785,0.0
-0.03518036443895002,0.10066185289162896,0.7813976456386091,0.9866824611004539,-0.016529397952203134,-0.007411147670943611,0.16164645016296691,-0.23233267164918583,-0.08209598849521924,-0.06235822186233756,0.34698409395237834,-0.09631726543112633,0.08007574509770617,-0.2612013358205126,0.006218145418400479,0.011210022117555209,0.5941795882200662,-0.3640766604133207,0.007624872174369776,-0.17668619030039187,0.20261400669399418,0.04709706731163662,-0.10587386808108773,0.03338206181945944,0.41197127416280077,0.2561209620927933,-0.378975259776655,-0.2728135806469957,-1.0894803266996655,0.8084275478617726,0.4165045931748106,0.12805772437670454,1.018511530107382,-0.36912597948534076,0.805153991236871,-0.7483976019746671,0.06892424406891001,-0.4015090373842514,-0.8587191080565894,-1.5207430045028105,0.6734183503129348,0.5396548148681616,1.2784530165304537,-8.469034667787136,-0.4495399083359697,-0.7094622098710064,14.380213508770105,-5.233426592311638,-2.390642470356002,7.820297425661422,-4.580292694478442,-3.9467376844822324,-23.06810744669084,16.90666343812999,-1.3836832454483172,0.0
-0.038765412109679556,0.10457165244032007,0.7820858388948077,0.9859772268449772,-0.01741662069922485,-0.0072530486303692444,0.16581002005932435,-0.2276349858295134,-0.0901209388758806,-0.0679629570535133,0.32634120347871154,-0.08053281690446913,0.08813188675177369,-0.25728257616054395,0.025145408076555326,0.003689848720334007,0.608823108900311,-0.3789548233087813,0.008126435995495557,-0.18249697594454367,0.18974049356252673,0.022735962878641946,-0.06645266705915877,0.02011441167898899,0.4309121386839035,0.18295036897449715,-0.41757790609163187,-0.2785244844086399,-0.9326922993513803,0.753823679518145,0.38673170350162267,0.25564782564938465,0.8828924712245906,-0.37381825601540375,0.6032769399022533,-0.6363059275413933,0.009852885477916058,-0.4702333449472876,-0.6180753514650198,-1.4016683191811923,1.8492146488099186,0.30457460209823833,0.5119680048066912,-8.262817130291712,-1.802437009555839,0.9865096816760426,14.565817923221028,-5.299395414339072,-2.0395991364470296,6.114773042896823,-7.536394884999174,1.2490262059715516,-17.13386601378271,14.21870316413568,-0.6992040163832526,0.0
-0.04246707060449013,0.10824374863413648,0.7823316778168307,0.9852340339730671,-0.01788937746137448,-0.007171451066887455,0.1701247741065272,-0.22440210457089282,-0.09892467222550874,-0.07357200350548562,0.3089421755247372,-0.06592297395427286,0.0954599100386956,-0.2508139701309052,0.041109240425840986,-0.0035729428782162067,0.6193684978925215,-0.3912051533691495,0.008149872854210309,-0.18857471490745598,0.17859100308188652,0.0027045464910701433,-0.02555785403292976,0.005304631143937219,0.4393186599611525,0.1129518589372292,-0.45647339424183836,-0.27049885283717134,-0.7757874060840656,0.6963313757774983,0.34867459256638167,0.37012784163522167,0.7279796521071161,-0.34006386351276496,0.43240971387636096,-0.5208471270706871,-0.0015336744021720971,-0.5046943710850893,-0.5445456648099466,-1.1453569891359163,2.009278658767922,0.3369365137409301,-0.4564742003066685,-7.532397174515319,-1.7245184369787183,2.0758720519631515,13.115670531310682,-4.833384858697782,-1.8279951936487193,4.042161143299671,-8.060129170369061,3.688941702918462,-11.61390214096931,11.708608115234004,-0.09231310049255453,0.0
-0.04628477548235963,0.11168953417423957,0.7822302193051716,0.984463254194781,-0.018004708890283213,-0.0071570475955027085,0.17451850408399017,-0.2225852058788702,-0.10837043037185849,-0.07908916361742376,0.29466408377211056,-0.052536123370074614,0.10199567280994258,-0.24200924123901627,0.054090873293545734,-0.010120463360134654,0.6259535943922272,-0.40071500407040095,0.008055267349239184,-0.19437168606131136,0.1670865140186835,-0.012397248282286954,0.003743298434903532,-0.005174119088499593,0.4429616735247586,0.045584380870193245,-0.48202228942250247,-0.2644380585658624,-0.6312359183584436,0.6374980889795377,0.3135207047803426,0.47422887359559446,0.5869475524554527,-0.2964165507642411,0.25550793620768325,-0.40082091811461007,-0.005482362266883755,-0.48514293975551365,-0.5508080629529982,-0.860744256413373,1.587470005821355,0.40306227783612175,-1.2403991068541669,-6.153442393053954,-0.9433701869176249,2.5353657405880594,10.33915518109576,-3.92544969017826,-1.0340049453947002,2.234395405034106,-7.0954149838625,4.763675624688026,-7.139423590298986,8.980101555575587,0.0021469086126274387,0.0
-0.05020108179757618,0.11489601712380744,0.7818768946881499,0.9836657981901729,-0.017896802436143007,-0.007225700239765085,0.17896673207469668,-0.22196297146545466,-0.11814661456357138,-0.08462906411584722,0.28310866550830477,-0.04032841010146621,0.10781089613951954,-0.23091787913459705,0.0645568607833096,-0.01585176795787808,0.6281776566230581,-0.4073903124572291,0.007913980200430335,-0.19892468943674504,0.15483479296567698,-0.02305447386931976,0.0196758238461002,-0.017930172830418575,0.4455688130212244,-0.0043590367418367745,-0.4919350554797609,-0.2657193107307197,-0.5122822408355342,0.5842185481608027,0.28057464042484276,0.5792599099676784,0.47317759961417016,-0.253008921796715,0.05654445212911736,-0.2777708004733941,-0.007247991026266082,-0.48912984023538103,-0.6006514469022439,-0.6705250495944811,1.1245969301883587,0.608594053817678,-1.7452109083934495,-5.503306622715941,-0.1686361060518115,2.7610481964502567,8.509686105478421,-3.1742300316343837,-0.6744031400578349,-0.1745008839743879,-5.677747896233838,5.1439237794885795,-2.00340318263563,6.066823762980571,0.027688666034499078,0.0
-0.05420095497241452,0.11784506817198186,0.7813469476663133,0.9828419085163668,-0.01767327183618175,-0.00739254888875816,0.1834524149403246,-0.22224766443904434,-0.12797550379283618,-0.09029920018580825,0.2737148569502817,-0.029091143137224364,0.11287140792424288,-0.21783774072440668,0.07309959865599035,-0.020776505469107736,0.6261652030095788,-0.41127138336323404,0.007762246943076678,-0.20321254135505096,0.1413957900147539,-0.03058604995807825,0.025261599648381407,-0.02711632465040565,0.44781326829606605,-0.047413575691129,-0.48878710733386754,-0.2728280675891385,-0.4160128181152677,0.5417520873650205,0.2431568837979322,0.6588181765531833,0.39102467535961505,-0.21384938879843524,-0.12477906833996776,-0.1562373003357413,-0.0073600927150577365,-0.5312350647631104,-0.6742610463581934,-0.537278152659965,0.7144727712824323,1.0685366620669332,-2.0559287987969403,-5.476683054978253,0.49081234891355463,2.867058021933954,7.139522892360321,-2.387145616346765,-0.451408656983957,-3.28816687865856,-4.139365156317604,4.958866272575897,3.4553428591110014,3.3081776650396684,0.04387393079794834,0.0
-0.05827979136199652,0.12051175072815869,0.7807001091159411,0.9819855259915513,-0.017439290332974176,-0.007630235884742614,0.18799488662227437,-0.22332762070897208,-0.13761747448402542,-0.0962422160127471,0.2660176121189084,-0.018548203898532976,0.11708859958783449,-0.20306916221480517,0.08038118715520828,-0.025042519275254665,0.619278674541164,-0.41255546339766613,0.00762495832125418,-0.20761953661538046,0.12661975654869306,-0.03551674744710625,0.021900377423574258,-0.02953970019141842,0.453389407101526,-0.08984410877712233,-0.4752269129047114,-0.2872059588976945,-0.33972686531362667,0.5133712747444161,0.20170738861045442,0.7226715164530281,0.3421116685077976,-0.18388624206239282,-0.3552797458585065,-0.04083194166050515,-0.006373936932120695,-0.6121169741863779,-0.7466664573118409,-0.4508149943011021,0.4908372892570038,1.701448291911761,-2.33242072249368,-5.796005578292801,0.9093625109772284,3.046402276853471,5.9143189250437,-1.5605114433858296,-0.15319275396657372,-6.78355304204728,-2.732233540909343,4.640163980945037,8.457775322781757,0.546156821917106,0.05284247735759901,0.0
-0.062448890902175896,0.12287473133765055,0.7799774885509686,0.9810925559254914,-0.017256493965599317,-0.007873930025359391,0.19260740211517816,-0.22517808322154523,-0.14694272263268926,-0.10252128639202485,0.25952830415308953,-0.00835734070052044,0.12042775771451703,-0.18709363428619155,0.08699202035170339,-0.028839305838151506,0.6069904418787863,-0.4124844323143472,0.0075375954970946565,-0.21276831648100814,0.11105232062200496,-0.03874977091292139,0.01678570912743042,-0.025343653220519315,0.45914364646198097,-0.12812989878039033,-0.4581967848842599,-0.30215357608199805,-0.29224681179955536,0.503948135863212,0.15953295296190945,0.7594168731501759,0.31938978552605757,-0.1639266392299196,-0.5999314022607827,0.0053909703165202294,-0.0034018400944495516,-0.7083822646963017,-0.7916683988559762,-0.407242918778643,0.5677511416787581,2.206704519539672,-2.7193815972247806,-5.868361557366957,1.0174651330452833,3.4408991827569064,4.443336915550385,-0.6711076748089962,0.1970138473335876,-10.474294730961686,-1.668505397161148,4.243251542376185,14.427267448126692,-0.18332132942704527,0.06896228864132074,0.0
-0.06672591255154656,0.12492472328024933,0.7792060314407281,0.9801634785934468,-0.017119297953426846,-0.008067213855824946,0.19728508542152934,-0.2276557050039377,-0.15593886751120972,-0.10908234182139898,0.25358919771838473,0.0018539477730493677,0.12280830417612383,-0.17044910108354197,0.09336613195684859,-0.032435668457603685,0.5890360955148428,-0.4099897005634227,0.007536546293299786,-0.21888229127558448,0.09528284258458385,-0.04102907391200131,0.01603892900479386,-0.01717760906182522,0.46461218254150966,-0.15784743411779997,-0.4430884008551783,-0.3120172783158022,-0.27746445651201485,0.5106994791343282,0.10901068118870771,0.7704056083992965,0.3151304368681947,-0.15830481487905493,-0.8513496156761398,0.1087736854936307,0.0013137016842723584,-0.7946957825163284,-0.8011941863190281,-0.40852509726932795,0.9401473267671752,2.317945405195852,-3.0379215244689526,-5.567175415175195,0.8244714429948033,4.04605154326177,3.1547009355121314,-0.19776478298490932,0.037052067816392635,-13.605956231303544,-0.9260901703558891,3.8746886683675417,21.043118274566435,-4.230052445816447,0.07953435717250522,0.0
-0.07113461464952799,0.12666884920984628,0.7783969506284651,0.9792008365075198,-0.01694870241828858,-0.008154277211819752,0.20201972931489526,-0.23059231093046473,-0.16476880847778058,-0.11585328634362634,0.24758003758556923,0.012228932509895632,0.12368160903390857,-0.153521160778557,0.0997400525881643,-0.03616694081903302,0.5649877536264943,-0.40433225482587176,0.0076331693582815914,-0.2263840244059768,0.08021149856469437,-0.043278895531182,0.027083680755710354,-0.0050583291128469265,0.4680584042433001,-0.17947728090132625,-0.4401380569466712,-0.3180751849385792,-0.29314724672139325,0.5240561123981282,0.028794394880038238,0.7640862158600961,0.31996166387244956,-0.16713943568149553,-1.126640512665873,0.25009963033015126,0.006188794936906913,-0.9270547287154173,-0.7919985242522107,-0.4915805502203269,1.5612121569092638,2.7389774522493138,-3.5345839800835424,-5.7920616098031275,0.26938342430286366,4.771995563701091,2.051768901689225,0.619372103512519,0.6044414363124088,-17.189757993673528,-0.30319351367018166,3.9622823304381347,28.12389106206927,-7.711873716826622,0.07078447589507578,0.0
-0.07570012008681838,0.12812974976499775,0.7775264652448782,0.9782120273500334,-0.016616627199628753,-0.008078372003108372,0.2067845670112405,-0.23377099939736168,-0.1737241943469823,-0.12261713105661205,0.24078249098829085,0.023246289614999683,0.1234817640931135,-0.1364683326385947,0.10618646680546694,-0.040483811155864594,0.5340499067110352,-0.39477823262071987,0.007795336163467469,-0.2352915509669771,0.06651702547853794,-0.047703009999899605,0.05364374252166135,0.010619438711707717,0.4678382345612188,-0.19368414945629414,-0.45412591236732264,-0.30894301718545797,-0.34055991509383726,0.5647979603321696,-0.010115610371501672,0.7509140432963347,0.3262029011694456,-0.1974365097919163,-1.4399827997051484,0.4210998354319185,0.00889654589266154,-1.0864372080544185,-0.7622633843487384,-0.6703936369703222,2.407219840856653,3.2512374890378872,-4.112442854484214,-6.671249882108432,-0.5530523020815378,5.832886440050654,1.945514974378119,1.0043177216421613,0.9776321923843226,-20.902439738427955,0.16883076171523995,4.585811165889678,36.04883155193604,-12.034983163438216,0.04132043624772946,0.0
-0.08045466244710756,0.12934809209167109,0.776532950641735,0.9772092139289881,-0.015921283601228884,-0.007759507288578341,0.21153830619398048,-0.23714353556633205,-0.18325860077589318,-0.1289918556995507,0.23275510019596732,0.03522089322397905,0.12232201809420883,-0.11927813831004573,0.11250305390431266,-0.045812415474825494,0.49531968566031664,-0.38017818048924074,0.00796813351012208,-0.24604715904927393,0.05531219170798551,-0.05602047596509898,0.10600063310055474,0.030522742834173843,0.4618188533528275,-0.20944085250843292,-0.4953578674377443,-0.27643085354767477,-0.40433573095357994,0.6162505345738573,-0.05196629932299223,0.7395003559231175,0.3160838167638639,-0.24108618132651927,-1.790294444629582,0.6461701777485226,0.008702138525647487,-1.265242068408182,-0.6809064218772628,-0.94767458892512,3.6775310978191893,3.778549116778761,-4.899045819616367,-7.794289034264116,-1.8863860448438512,7.455437833354243,2.17903006151493,1.3466701339088978,2.796081354943302,-24.57676339514728,0.12316838779288855,6.420458099295116,45.39474477551691,-17.511872304513364,0.00870128952912624,0.0
-0.08542207306222496,0.13040427160157367,0.775308506517389,0.9762029011413644,-0.014530041002373964,-0.007125347248305987,0.21625448697829217,-0.24074084925789424,-0.1941632043579987,-0.13440267351704333,0.22341068610646334,0.04820759843780876,0.12024390953008839,-0.10105117650440021,0.11810391198637418,-0.052155926376441286,0.4462627570719935,-0.3577041249218637,0.008104120576305458,-0.2581008367203265,0.04916367363923634,-0.0711590703147765,0.1998703074161797,0.049703048389585336,0.45197213080973814,-0.23130157520071873,-0.585513048464894,-0.20835373061930496,-0.46284781356594273,0.664593814558944,-0.0940620408651164,0.7845228398066714,0.26560230903090115,-0.27013599545572453,-2.2761967117669535,1.005951962642405,0.00632073741805956,-1.4889194852131498,-0.5006631783319104,-1.3808762441096,5.775393897481558,4.3898895572674865,-5.934630751972286,-9.617996312077741,-4.167964497961528,9.905043307570029,3.3927255163602217,1.0484782207202505,3.522838896107134,-28.25601684659738,-1.2392367948651246,9.800469402631485,57.10941199903691,-26.01895798880324,-0.016028062732917965,0.0
-0.0906384155891249,0.1314434302239,0.7736939500639155,0.975193756411506,-0.011888633424678177,-0.006062928058996634,0.22095030833801158,-0.24508347271674724,-0.20776333136045178,-0.13769741779627062,0.21350787237429958,0.06192347263635469,0.11574642659956652,-0.08010458220188406,0.1216035842645574,-0.05875756018674217,0.38273927453126794,-0.3200277597895529,0.006696860464068037,-0.2727405919312155,0.04978443296412874,-0.09019980194738518,0.34211194588364624,0.07231218879512713,0.44902849287224267,-0.2920946720926059,-0.7284324306959876,-0.08445059917070816,-0.4752505791698866,0.6994899499466805,-0.32150460766635935,0.8139485727409114,0.22203063708492404,0.11937807302296916,-2.795396693691183,2.1850531538835103,-0.7173697548029219,-1.7055203713068554,-1.3967230718823676,1.0895785912332947,-3.38351250477788,7.040413941070769,-3.8193206549586702,-11.515861516478193,8.473657778991509,3.6300955012168448,0.0401265696718537,3.760603093141489,-33.84306884896548,-89.69535549947955,51.78728178650596,221.13832451040437,162.6214904122164,217.79880926794118,-358.75269789438244,0.0
-0.09597851278427245,0.13232512646890696,0.7727501331059137,0.9740502269187399,-0.009877579641340716,-0.00496995071832984,0.22606169169020882,-0.24989841704392066,-0.2185784204585529,-0.13980884013465192,0.20303141322612464,0.07497895481090766,0.09561914183172,-0.06838703544674493,0.12329600854444824,-0.055658600974835236,0.336132900532906,-0.25904039369750265,-0.051966471399049995,-0.2593691705996002,0.034399109437519115,-0.0022644059578549626,0.05140862913619746,0.042134568361218996,0.5469922481844145,-0.1726197992673786,-0.26363203413696995,-0.06972931417459885,-0.5910733426818353,0.5198610867189608,-1.2870102962586194,0.33024976376973925,-0.05932568357450053,-0.2798606177432796,-1.5235688024356533,1.4238767840362618,-3.1801436819520785,1.1673668171492368,-1.5247125441990927,5.433689245042065,-23.184068092153606,-1.738162941449979,2.19171513147019,7.921902232923574,38.31478066342531,9.006552049806032,-5.703286169731169,-27.11298025000644,-7.6359683430209,-25.807591432532096,-5.04193924533866,-34.31091422051652,79.29595085250168,-150.75501290054967,201.2865005731634,0.0
-0.10124092311579111,0.13266398158565354,0.7737151501817898,0.9727872289047754,-0.010863422684109761,-0.004042559373849809,0.2314101359946521,-0.26205097022866203,-0.20814337418612444,-0.10844333966255404,0.2029422377625933,0.0550397762716619,0.07425330408946648,-0.06616203027888161,0.1215508767039473,-0.06402012253514004,0.3124897941464012,-0.24257100731472434,-0.08646641932227463,-0.26003973083889514,0.008031343742365278,0.0751006488409124,-0.15554701468474974,0.12263014709966596,0.5786917564833044,-0.7505236218942499,0.9207876848194289,2.2513536420280627,0.17329532681936471,-1.384550932460493,-1.301208749600439,0.07679135527616733,-0.07293469730479568,-0.4923938425176586,-1.1338722358134277,0.6968761363928219,-0.8678090248299898,0.5166063223783949,-0.3258723806929025,1.8344780571880477,-5.7036500202439,-0.49191006153608563,4.1849664092396806,-2.607993479655267,15.052289692437412,13.46090616866148,9.16526455632155,-16.317411840174863,-23.958782691017202,4.144792606110762,0.951092864091067,-5.7330047694628075,-5.964206659603616,1.4476129527606134,64.25239641662964,0.0
-0.10672234236131184,0.13294408633013857,0.7755544922389197,0.971567968751666,-0.011925821792317133,-0.002718363969900738,0.23644463911805455,-0.288415867022969,-0.18503055904167465,-0.04160396741301426,0.23121643894029512,-0.018868508667574176,0.05896486836849119,-0.06643396506622638,0.1175652350506442,-0.07197081724632594,0.29168225354597127,-0.22808589489371078,-0.09672236717428877,-0.2751309913285654,0.02723745281684615,0.09897549585018313,-0.0006559067782413511,0.10825136154082958,0.4554342480027893,-1.3253477640703886,1.066175935986179,3.2843492559916108,1.6631128953709478,-4.148618665647268,-1.0875760695682135,0.007188206438390644,-0.297793646017597,-0.3043141399314826,-0.9750926698274687,0.7242430425839397,-0.28295494564480733,0.46486142105837835,1.9943032805300605,0.2643108777761516,7.968917232019727,-7.783629256210856,-8.158972949224742,25.983785565477394,-28.760042469324542,-60.70020215583642,-14.190398399593894,10.740091562512188,-42.00839754435355,6.532144816491234,-10.608351756067606,11.158013722977804,9.367221080406248,-3.0851968877601177,21.125346763698712,0.0
-0.112437628984144,0.1337411861710442,0.77723320748713,0.9707758690820673,-0.011539682973377733,-0.0016077512542557871,0.23970494959582136,-0.32151349971375026,-0.16576994852851407,0.02329177341529649,0.2839877036663606,-0.127563527055579,0.04534253547976162,-0.06994660948976977,0.10981347249774055,-0.07581706713662137,0.280142435385874,-0.21645111154676572,-0.1000503542786925,-0.28241395490541354,0.057107944426906525,0.07357517605748363,0.10744634192905522,0.021952656965660008,0.22197513830798468,-1.4799826922572696,0.7358964205311916,2.6854405672855823,2.56239148689473,-5.096453731818626,-0.7794422845796248,-0.19260025319092125,-0.44083356038022414,-0.07569716413212879,-0.3369010784115826,0.46920466101051983,-0.0687290420478141,0.8910086649363372,2.332737966336661,-0.851665026607679,4.980360577988687,-10.967051408208446,-12.447117280094629,40.076846914287906,-36.99651861367538,-90.94099259668425,-54.19476716999664,104.04181772657009,2.9785229439998457,5.2462774423234455,-5.984446812124107,13.16308107094035,20.91968687773128,-11.713170779813659,10.013986913568285,0.0
-0.11822380890200969,0.1351294694177656,0.7784712744679224,0.9702583170933499,-0.009981184078060512,-0.0011387504125835541,0.24186334431467166,-0.3542191936818484,-0.1572516154708813,0.05922094295369452,0.34625774777834994,-0.20781627558497345,0.03645423938591975,-0.07642304456798606,0.09867597255951674,-0.07825799993508782,0.27988045377441556,-0.21003521059715857,-0.10029012044345044,-0.28566125324017566,0.08478095284064177,0.057496434672246605,0.20859021639509184,-0.05594807929756837,0.18256887656621248,-1.4185605574103834,0.18862165248676196,1.040970026783298,2.8426883406301364,-3.1339369756725612,-0.33389672969800327,-0.30922624345039784,-0.6312403257365049,-0.08674008164168152,0.14108113291402846,0.23162573406820403,0.05889517513075949,0.8800930379650764,2.0006244364784824,-0.12387049929870077,5.327900173096293,-9.39736929367002,-6.451466437353434,42.682008978204315,-23.14521593589379,-71.68623262725818,-72.79776709658336,85.04779504100229,7.752619954706914,8.654170842617033,-7.338806149109964,7.725277258781061,10.035152820527138,-7.518820270958897,9.503022379150357,0.0
-0.12392773102830552,0.1369605027685407,0.7794155215959868,0.9696761094480679,-0.007611394492387493,-0.001504317482475742,0.24427043715613755,-0.3825094216930472,-0.15477900383987797,0.07257481463443174,0.4107461667245854,-0.2599775403337744,0.02485343007412129,-0.08333635754606779,0.08473797413610187,-0.08212735798567136,0.2867596749708648,-0.20755371275140796,-0.09776200768727264,-0.27869888987358776,0.1024201063349393,0.04438580044065879,0.24191156230678154,-0.16270713920925806,0.27003744306398325,-1.125361777934591,0.06440700165852556,0.4104226124144924,2.804961857543766,-2.054393088916504,-0.5389977035180998,-0.27401702314181,-0.7477830489518598,-0.21775213046469347,0.4039388059219369,0.06958829867954204,0.1941425362320523,1.0157264011369607,1.4586204383274832,0.0025853465066615067,2.8131196711269353,-9.194037304037781,0.9921216173433403,46.093770380067696,-6.25411838105852,-24.20526029721687,-81.64745912800474,55.49756624596526,10.595175837092116,13.323717886709115,-5.286227754543916,0.539505159745492,0.5146036519316877,-3.9459450799904823,7.531334392010514,0.0
-0.12945854148030883,0.13907001050909157,0.7801124232063847,0.9688647816492846,-0.004955601220246868,-0.002846100047650314,0.2475244969912017,-0.4035210944667296,-0.15296921721741538,0.07620754102503,0.47031508091405266,-0.29549623272338965,0.012424702018113354,-0.0887971761732498,0.06951959468236527,-0.0881805387167935,0.2971065349980858,-0.20752335615733705,-0.09344901801156785,-0.2706674802134013,0.11228988562971949,0.03181133907119961,0.2225585792054436,-0.25059069745467716,0.3608005378802406,-0.7679665267330668,0.11550061150535022,0.06810138084667651,2.534938391260391,-1.4099645946288324,-0.5452014826184017,-0.1952457306653214,-0.7749274905312705,-0.32483878614430833,0.5221879595370206,-0.02496159567504449,0.2485976376481834,0.8274848162543581,0.9586964622117551,-0.07782256337889257,0.3277162116430618,-6.94622520822211,1.5731543320480776,41.768741628226906,3.2697775746149893,-8.341262902889891,-76.68095582424813,38.01635790728761,11.575107424660906,12.431273272919002,-1.5706136015361296,0.010895820505795281,-4.277152117022556,-1.219303696639294,4.0526537196457975,0.0
-0.13483555507786868,0.1413266322791262,0.7805825459027934,0.9678570607169635,-0.0024782529378677438,-0.004957777557829172,0.2514398312208736,-0.4170786310409835,-0.1484315001720367,0.07545219570664918,0.5226530307406632,-0.32059899201932746,0.0012283241600098756,-0.09230573769312422,0.054496429383308675,-0.09563418932951467,0.30802653340851505,-0.20860524838460728,-0.08846852579588851,-0.2649786467432598,0.11688300974929193,0.020767494474500325,0.17321238145044007,-0.2981497905450982,0.4153026378208789,-0.4354673363850773,0.3095430860937019,-0.08509578322297451,2.212658150171043,-0.9998553880997367,-0.48012316287312573,-0.11124779947549698,-0.7400128821729943,-0.3780056052581594,0.5105219769837175,-0.054803872516715486,0.2663760715095186,0.5076248251876542,0.6270029259167393,-0.08872609361880565,-1.0218373279217743,-3.9042132984490956,0.19984607902857032,34.59177117211822,8.537303215730333,-3.634766616335509,-67.03373199463356,27.33108108923104,10.538082107210455,9.162453995796056,0.8451021612093005,1.2146315210037841,-6.616906926278325,1.1790620856917955,2.5626460836263933,0.0
-0.14012675131663282,0.14364614474427337,0.7808721015869098,0.9667102526412636,-0.0005141865428152069,-0.007490793325602225,0.255763388830018,-0.42449704296678153,-0.13964918242630145,0.07137541719570925,0.5685203159388085,-0.3391827590499498,-0.00841385092270813,-0.09405036505406861,0.04057869562361738,-0.1039058039627225,0.31740994886365104,-0.20948001785664377,-0.08333043323311644,-0.2631971507497324,0.11843958974030648,0.012637406362240651,0.10649431791379216,-0.30352629584125096,0.44963843921417035,-0.18349509609951944,0.5367325479019736,-0.24934913058120745,1.9553190828980955,-0.7428199301996499,-0.4101609197379865,-0.04527596977945879,-0.672459445358817,-0.41136964846601637,0.4129171008220148,-0.02259786481426496,0.26763372921830386,0.11802211929230422,0.4220776162597081,-0.054871700126389006,-1.5593260898913262,-0.7637575390123729,-0.7243098304694051,26.01064380963223,9.972538145062769,-2.6770120666526944,-56.05380326618486,20.92429312212459,9.259764502800444,4.6384565924657615,1.8048091835395257,1.885756126534713,-6.481843708975392,2.6490221454504255,1.9433717917675088,0.0
-0.1454148022575435,0.14601104493145153,0.7810295520470382,0.9654734361131473,0.0008018196396345372,-0.010151133147225933,0.26030243130052316,-0.427201819972311,-0.12659196450229257,0.06413003724677888,0.609213470477536,-0.35352949051302185,-0.01684358713783814,-0.09463337664349128,0.02803423617080929,-0.11260939538302572,0.3246057638709086,-0.209461730481637,-0.07807524076387566,-0.2653918379917558,0.1209446971776704,0.00664316040095994,0.04296237323233228,-0.28611932463380446,0.4657270914324717,0.0112455431914903,0.7383067370231119,-0.3966289856092857,1.750002337536641,-0.5741177175551035,-0.35885769720715527,-0.010976304911107005,-0.6059307819985928,-0.4254336104741308,0.31317043495565255,0.02515553146792819,0.2732889538616532,-0.17814955490309087,0.45531096475318156,-0.00021083628223271447,-1.160606712314064,0.8102242023469758,-1.621774267660224,20.937171461717934,8.529525313605648,-0.681170013986508,-48.986897130328956,16.71911787325143,8.258270746909991,1.4386127896768062,1.3471057349551727,2.81272453641967,-4.698330243638097,2.8587877620088284,1.7808251918969846,0.0
-0.15078098708057572,0.14846840370294226,0.7810950263757254,0.9641977925833447,0.0015309232224369007,-0.012755043832884788,0.2648727655088628,-0.4259935014309153,-0.11033810096074945,0.053913132566660145,0.6450210240388609,-0.3648384012059556,-0.02457715986167246,-0.09470957014328456,0.01663543228750386,-0.12126381034506323,0.3299261413768886,-0.20841430984830192,-0.07250436085210088,-0.2712819475334356,0.12687253489007624,0.0027725397345279954,-0.005929521731737726,-0.2595838012097226,0.4625970315505684,0.1842376054247586,0.869461748149407,-0.532436833868259,1.5336033319535496,-0.45304090978044226,-0.33108594495936083,-0.0008488034239641164,-0.5564557818510745,-0.41292687517258064,0.23071588975714108,0.07720391082353031,0.29039792212029003,-0.3895550937745435,0.6000438391945635,0.07291978733195695,-0.49183287104752144,1.3222744924066485,-2.2664622602396016,17.808900213036,5.597978074396968,1.62744786677561,-43.180290755328755,13.341975535248364,7.699820215926755,0.09983372043254223,0.442696563922968,3.635556490948312,-3.7514242448125996,2.856945708767414,1.7928794025051757,0.0
-0.15629196660089048,0.1510929815966693,0.7811061990622308,0.9629310540220497,0.0017964841952368509,-0.015220393295577015,0.26931189626982477,-0.42105368970456525,-0.09230813292042854,0.041217799108172054,0.6752424981943621,-0.3736526065756334,-0.032017465167189035,-0.09460958819605157,0.006034297476151793,-0.1294225097957151,0.33364506917194264,-0.2063274161313136,-0.06648788399725775,-0.27987224685400425,0.13675951864775485,0.0004737243192891414,-0.04282347257426477,-0.23350997057281678,0.4457840027610854,0.35811374266345786,0.9299982437161438,-0.6374017244980746,1.2760413561919774,-0.3525103282688848,-0.3203063945038647,0.0033604447395882983,-0.5229651849529262,-0.3825742164916258,0.15620641522107143,0.1274716426565849,0.311771199681808,-0.5531552005322548,0.7413336309188564,0.09167724250264758,-0.14549792106741205,1.445045613031964,-2.521622083899833,15.00242934082119,2.8231539613490892,4.304386577070074,-36.70609635161076,10.406652236990677,7.47563098081226,-0.5485957810684865,-0.17921776738026543,3.931722974084656,-3.0522206754117596,2.6149383421077665,1.4077184751388014,0.0
-0.16200277124444265,0.15396460024850123,0.7810865426609191,0.9617055566492207,0.0017242340698890724,-0.017523928784214084,0.273518484287352,-0.41235063524968263,-0.07380298849280933,0.02720604560262535,0.6990003856510855,-0.3800946627613905,-0.03932017802249466,-0.09447012592650919,-0.004139150484695865,-0.13679905041028087,0.3360016214833472,-0.20332824314791537,-0.05995491457926824,-0.29137487477401647,0.15044542139713424,-0.001048999724482507,-0.06775044603744057,-0.2070612962909258,0.42142377788149255,0.5284933775202985,0.9266972118136739,-0.6760123562603193,0.9810195029551925,-0.25398354437152143,-0.3152363589351304,-0.002365848227715712,-0.508497761937824,-0.34140140518214657,0.09718897655444697,0.16922927829433834,0.33479737734721254,-0.7675183203578156,0.8409176852591762,0.04660970961894857,0.104885630000215,1.9840510068060453,-2.5351430350939856,11.113181757057644,-0.0340435640372585,7.0990681619548255,-29.12284486237618,7.632583997697769,7.327100246251996,-2.2174295226225285,-0.831819608519732,3.971062355806756,-1.3666282696606538,2.1015983868445294,0.802637091661186,0.0
-0.16797188254908232,0.15715511043185182,0.7810485430740123,0.9605410215579608,0.0014196650323135844,-0.01962616577891263,0.2774414245789622,-0.3998972322368804,-0.05608203488594408,0.013178246091710777,0.7152050333464255,-0.38378017392084013,-0.046222001576224976,-0.0944925717059729,-0.014256237649249876,-0.14322145818201945,0.3372744534170101,-0.19953193421918336,-0.052893177456326344,-0.3058299246234066,0.16739520444657077,-0.0023116269593077415,-0.08317862773423546,-0.17835195337840754,0.39347381747570526,0.6959489175418626,0.8611947474448213,-0.6554045589738611,0.6308822349039668,-0.13518789206389858,-0.29602947513288347,-0.019237452920168156,-0.5110019513192642,-0.29383644053660396,0.05156242569696725,0.20674235635242225,0.3604122555016846,-0.9727671019999631,0.8950889309724268,-0.044862513846485146,0.06464852558316678,2.6138477754763763,-2.2639500414418863,6.808325836677907,-2.732119630931343,8.958865313444154,-20.81380552756131,4.4184320643794575,6.895913027037426,-3.8059954767212543,-1.1756807140869432,3.6782056658992053,-0.0017924204433679147,1.7808586640552244,0.4691137110331386,0.0
-0.17423813065566798,0.1607228925312687,0.7809966529996948,0.9594534244654401,0.0009423937413139011,-0.021538581540138702,0.28104150526357485,-0.38325826703701715,-0.04027402785546752,-0.0002165648304852379,0.7215624564012298,-0.384593474009708,-0.0520984588692986,-0.09472151411400705,-0.024519083608434255,-0.14859532495540595,0.33762293869975274,-0.19496783134015375,-0.04554808920055603,-0.32148057375213984,0.18663287248423088,-0.003638288110759911,-0.0987216206659554,-0.15483770537149852,0.36223829159399035,0.8918934897354732,0.7496585441035419,-0.6186721432225024,0.15330424287850059,-0.008198507501234508,-0.2469790855141318,-0.031840587437678,-0.5150857066150397,-0.24400762220441724,0.00752752094922383,0.24445356126714737,0.3631779225240006,-1.0854077863402105,0.8557150854074567,-0.16260231731837171,-0.7934345306419585,2.975828103411911,-1.7336641734012408,2.494392871528297,-3.759676975667753,9.43521304147329,-11.557348470388812,1.5608697954921724,5.91180070720931,-4.526239653395137,-0.2127397817872798,2.9900803534455664,0.3639169800264989,1.5276504037776517,-2.061136973179843,0.0
-0.18078871380098996,0.16469142248757912,0.7809262266509287,0.9584399207222474,0.00021069371226847903,-0.023412841709426462,0.28433204676430984,-0.3615761395915056,-0.026715239559344038,-0.012609266234738873,0.714600338779576,-0.3784509984677096,-0.056278574737812795,-0.09472161103500064,-0.034559772870154624,-0.1529805682827255,0.3367907222531761,-0.1896822410925646,-0.03894015422204826,-0.3354893381293379,0.20599954684077587,-0.006144455169703524,-0.13583758633728252,-0.147022354975982,0.3368133490005944,1.1269939732225251,0.6413063656977369,-0.5675760019926622,-0.4873216446136056,0.3155305792701401,-0.16827233721588744,-0.019351119150613414,-0.48742573684777796,-0.2034948639360264,-0.04416736691517552,0.27234285296701777,0.29429554122452045,-1.1183029756747005,0.7094770399920796,-0.4548042871528763,-2.5484194798148083,3.0037794512745433,-0.6707698955639638,-3.0850520549054092,-3.0635245828225104,9.09340106826165,1.4328591012211112,-6.682455305272012,4.337364126352702,-5.252088941693632,1.6819877168319548,1.4202437233907512,1.9441867465557277,0.5618570461579919,-4.019459812774607,0.0
-0.18754406564066975,0.16906177453653595,0.7807492053207024,0.9575035953083458,-0.00094466383985915,-0.025571157704992274,0.28728398576225556,-0.33234865825449467,-0.01507620148578487,-0.023502224158488027,0.684961378434157,-0.35693158466336083,-0.05769154985586126,-0.09390790801853506,-0.043631484319559946,-0.1562592755071195,0.3350266011794338,-0.1840949304337694,-0.0325082383963988,-0.3443370816810079,0.22402459834724214,-0.016949345867602834,-0.20897112369596652,-0.16707767376177093,0.31086816179675447,1.493700324590162,0.5618902663071791,-0.4988104941106232,-1.6566393630811647,1.045634973988913,-0.0381970805846537,0.01714743910449349,-0.412067027842775,-0.15951702868843406,-0.06484811725663223,0.2706057296907318,0.31603795669374024,-1.0458692587656597,0.3262816943732828,-1.2139453197175218,-5.99140300387553,3.109062834564677,1.2702508678693132,-11.792043583902931,-0.7372289346196361,7.135993231721285,19.145471635033697,-23.133035781009298,1.8025634565107271,-6.61559604579853,5.25807608413548,-1.416040282376444,5.092284111421454,-1.214913881218377,-0.8461662639523808,0.0
-0.19433700231742937,0.1737876083489972,0.7801607755905339,0.9567106849596769,-0.0028937894947307016,-0.028484409296433484,0.2896289517527213,-0.29063070380357225,-0.004939934220291858,-0.03362939150017087,0.6143851662436292,-0.30624205599318827,-0.05637742038205251,-0.09251698342418746,-0.05031445935404242,-0.15771219698013766,0.3347094132973067,-0.17990352716959065,-0.023645055681564893,-0.3429257255654035,0.2369653600930924,-0.04980146054403429,-0.355268719943217,-0.2189635941738867,0.2525682107627118,2.1038992062393613,0.5156268742426459,-0.5002968907055501,-3.752662146358179,2.4025195697702504,0.08035878991120357,0.01617348105016039,-0.23643802754212825,-0.07646794738825781,0.08102153897720649,0.15724683499359451,0.511366524090987,-0.8539284009368119,-0.5052587145660223,-2.7606121867011826,-12.65079041998754,4.19131067824407,3.50754216109733,-27.545144693535917,4.306204190080383,3.1114756988988885,53.42235436474707,-55.229280640358105,-0.5556477806138871,-11.428334231356583,12.573543518557974,-5.343698179788142,12.908977276133633,-5.203892100137036,5.952444294836992,0.0
-0.20092165922922825,0.17876096843604505,0.7786305119087484,0.9562030783084307,-0.0063390722946601195,-0.03276411064491395,0.29079546463033557,-0.23389123357575495,0.006370082396129683,-0.042952952783382986,0.49535866461356665,-0.22689389236948215,-0.04653424493145168,-0.09108823947102497,-0.05222167197201577,-0.1562014650332348,0.3388521990975409,-0.17936680104629868,-0.008038540406488414,-0.3288364803891058,0.2447330529873878,-0.11027074438280082,-0.588512433276491,-0.3095381106463644,0.12652727489947915,2.7533057544452433,0.6455829951312926,-0.4875962559951866,-5.866425407589234,3.584491125334558,0.4983821382570554,-0.011447443324463603,0.057844932236692084,0.06940182095424502,0.37630165194569287,-0.06760122540655569,0.936171982318514,-0.6683461616437495,-1.2358922555138787,-4.1884360027725105,-18.42052535967203,5.0483360227400835,4.952923751332913,-50.98453589289791,11.46405255733149,-1.630283189128555,118.30105833789898,-89.2456843154309,-8.385378794098699,-15.787192513856981,18.770083700764097,-8.627889876144202,19.898236655115536,-8.326931016229866,13.052205043897786,0.0
-0.20783531949454245,0.1835576524802212,0.7770932357641108,0.9555241219719092,-0.009978810394974575,-0.03680841594843387,0.29243668748684853,-0.19682609220927305,0.012989052763153063,-0.043014470839766755,0.4058154607144953,-0.13600515618437828,-0.016813866439576407,-0.09336976165469585,-0.048334881751739285,-0.14153373890121992,0.3480863504463274,-0.19029770679364352,0.01108852099729864,-0.37748093360784796,0.23937484977100787,-0.003377234824669846,-0.14998993109126063,-0.2244034542081492,0.33943273264820795,0.5519979533405959,-0.42070579380231854,-0.006636118737644591,-1.6075771465629738,2.0308473824761046,1.4539565222488198,-0.09684056866766814,0.10166561832257229,1.2778340905782248,0.11089602556584852,-0.28666344219615764,0.4004656204230912,-2.0910416827517704,0.39352391898681244,7.557378889445525,35.601886529121444,0.6847500593132889,11.561331653789473,-77.09321748642303,-69.01397667715104,-5.0029335533280666,190.1372764232934,-248.35544503118697,-27.492922768707082,13.566572266542709,8.021709268230058,96.44479864568171,-60.47157313267013,73.71509115358838,-65.32732442345386,0.0
-0.21575800424067632,0.18801157168595378,0.7782411320602641,0.9545310580539006,-0.009164214734965355,-0.037626595832302434,0.29558537796187656,-0.19286186988163595,-0.001940490795107681,-0.04196892097428117,0.3852600236078925,-0.11624294211227569,0.0085098864841123,-0.10163457805627002,-0.04021488586729895,-0.09219258045802257,0.3560563314340063,-0.2158666265032569,0.018725365544093105,-0.4015855528937659,0.21385954114537448,0.09036084757926827,0.19467886434057743,-0.05783638023855405,0.3573362797994223,0.1856822594016883,-0.9241518731963992,0.0611275233839737,-1.1011280343173928,0.778421183214364,1.1278364089822028,-0.4411448997728664,0.4329294569308381,2.73387525016709,0.33734281713182573,-1.4961904740431833,0.06923074362677455,-0.11469220103590709,-0.7909028393347365,2.260358994238555,10.84997381468462,3.7007958503550142,6.878727888590819,10.440576870833963,-14.331182865484699,-2.879826408323005,-32.370195942930366,8.911467698307849,-14.220668298600879,8.393220584772667,-12.127150791085946,-15.833019237829124,-18.60944258318408,0.47426804617698526,-35.0253342104182,0.0
-0.22394103687749345,0.19176755490521274,0.7800730476997793,0.9535809841128137,-0.007543645048605356,-0.036427461062066534,0.29883011936280973,-0.19090109543399358,-0.019842060008018112,-0.040462085551695295,0.3603059920055811,-0.09873768702775813,0.02897935498688587,-0.11845414310880055,-0.030326470367647282,-0.040758195606939655,0.3800443614159673,-0.2497646883778853,0.016260710322927304,-0.40775398113829936,0.1692631976930099,0.08666318338158133,0.18340802889791083,0.12135055487314564,0.3629593481428608,0.06215134473702925,-0.8585281918061172,0.027852124517304656,-1.358859285766964,0.9855696009019342,0.9144015114349993,-0.8789056936190239,0.4147320590659669,1.768586639261321,1.3621003628694446,-1.493798094482201,-0.1904066479416295,0.5738062452529357,-1.9762262626185982,-0.939147932498392,-4.109320599445212,4.9663664880880365,5.394998436229144,-3.5980778946625263,5.958370283277196,-8.066837008179133,-8.4086884496948,11.608627654971944,-13.020257702272014,10.1426814486885,-10.11290399117634,-106.55902447026975,-15.56964912336699,35.48345752925252,1.1702641808097414,0.0
-0.2319560620978124,0.19474891559398785,0.7815071066727648,0.9526434908605238,-0.006695929100375868,-0.03465672636973426,0.3020338642799717,-0.18959006797691988,-0.035233924897666136,-0.04002205485127673,0.33214983212071,-0.077644141177257,0.04531765629551579,-0.13806875368065252,-0.020405212188896193,-0.01609570482166777,0.41879561211641936,-0.2811251549607385,0.011371911371850318,-0.39030230660318954,0.13432117319700806,0.059132255437844054,0.09460829415946491,0.129057055458838,0.3422116322759638,0.06046329774620231,-0.6890257318455784,-0.02204949011707283,-1.3743844653940949,1.0718205616939873,0.7243351783552573,-0.849799043870376,0.5464728025625311,0.6699075987336425,1.8226158088221636,-1.3052540894281828,-0.21892336330512452,1.3731954970871596,-1.561846343492583,-1.4785940579745334,-6.608372352646734,-1.9930689861757314,2.862137332059564,-2.490847092840573,9.409986762957327,-6.762041865408378,10.429174646782855,-1.883436293168686,-10.507759614458594,25.156547903202483,6.810565951487847,-60.831248309272425,-42.44590398804536,34.17922038642777,4.604756424664305,0.0
-0.23960735252939583,0.19708097471681385,0.7822915641727947,0.9517262926694154,-0.006695655360981866,-0.033197739139546205,0.3050739945604043,-0.18983543855248247,-0.04740515910366603,-0.040691333643398116,0.3074979336871901,-0.05713276208911218,0.05798227188660561,-0.15540672968177333,-0.0069062366960347,-0.008611087902668207,0.46135723228387443,-0.3096773155410421,0.007784710266186258,-0.37266371148458766,0.10450839587036105,0.024743617307767782,0.014212458474235794,0.11790066144886079,0.3236069726930143,-0.06276025987672504,-0.5452276478549043,-0.0642619409734999,-1.081267629463124,0.9649389913930971,0.5629247997626668,-0.6987257494130659,0.7733328673352642,0.11097915323581609,1.8781106939144303,-1.2083162159276515,-0.14428687282343694,1.2359650903644164,-1.1949441081475523,-1.5278196067080279,-4.462352176612124,-2.7159327426247386,1.545918704382128,-5.687358892355162,6.594165825796349,-3.988425353931749,19.605824510218994,-8.542409306383387,-7.088826028514429,27.414676085279506,11.443303124758218,-24.716497252309736,-51.88125357554915,30.06616181244861,3.756172940974736,0.0
-0.24697176286021108,0.19890156228352218,0.7823939478813106,0.9508310099173372,-0.007154874581482792,-0.031944820530251265,0.30797520483083024,-0.1932496535794355,-0.05761058194522695,-0.041859938818682205,0.2897691364988881,-0.03942115364729189,0.06826225888884588,-0.1694328360295403,0.009749083700667308,-0.010101947050975208,0.5033220145743228,-0.33655674236042454,0.003440853404421627,-0.3612880682476896,0.08273884539605744,-0.008085266333962622,-0.007844812708802154,0.11699753055355845,0.30895954652688307,-0.22991859931853306,-0.48368689479175314,-0.0636648929856012,-0.7318235783633664,0.8209953453027905,0.47367355881912854,-0.5372977671153859,0.872573416299504,-0.22937705413751366,1.8254658088577307,-1.1464846462104927,-0.19537000609437552,0.8979486870831795,-0.7488474665198225,-1.3158917088287452,-1.1312586720635476,-2.254178145047295,0.9165527365574171,-5.164476241310403,2.6306481508440878,-0.5266769114239526,17.06589243497195,-7.384200560583949,-4.337566221354997,26.201158422826357,4.08084833414697,-14.515009779279438,-51.99411255662275,27.86876585437399,4.458803204851909,0.0
-0.2541382361244211,0.2003673290096393,0.7819101338867789,0.9499267526930546,-0.007597995982859117,-0.030725051541614236,0.3108655757443043,-0.19966003307693206,-0.06733994706111097,-0.04303811910185351,0.27839161463349427,-0.02441262065551576,0.07722374139940555,-0.17960057415652564,0.02685185506885651,-0.01757548390126003,0.5425768193866631,-0.3623272444418129,-0.0030513832205790415,-0.3530971790002114,0.06795720115700672,-0.03428862520616672,0.011606379874255291,0.11378314932488885,0.31068431605384994,-0.359940527987122,-0.48763120026114865,-0.05730105367931929,-0.4572780063359277,0.6985967833666625,0.4230700525900729,-0.34634913990333716,0.850492518485892,-0.44297246437218774,1.689586809263831,-1.1087422120125165,-0.2964648531994744,0.683716733465307,-0.43876517585785046,-0.9603561675324688,0.9950487113477344,-2.0478848577703492,0.6817208563871249,-2.509322595876305,-0.2827993311596746,0.5653414563527648,11.055737052611008,-5.5201395697492215,-2.771506341229639,24.516736788876656,-0.046090447148342165,-3.2333375346347406,-48.61878631153297,26.16149288688357,6.45939799612781,0.0
-0.2611513044751676,0.2015867234355229,0.7809960913046411,0.9489947366421385,-0.007736974410491497,-0.02947172676497483,0.3138161027958572,-0.20793281880961786,-0.07752017285398367,-0.044169863784196774,0.2711747915946222,-0.011416122829914463,0.08537651807540456,-0.18556701727325664,0.04280792833023567,-0.02814289722613904,0.5778847982802485,-0.3869819312596818,-0.011227110895281136,-0.3465109515302627,0.05701928436047935,-0.052449970678315784,0.049788474481375335,0.10932949549962283,0.3133506893545583,-0.42839871527006174,-0.5206961298651587,-0.050470623363357815,-0.3049361361167999,0.619804160452766,0.390461403907456,-0.15181366601436597,0.774182495128209,-0.5322529131388377,1.5126181395417764,-1.0644173874986853,-0.36590595477504323,0.4973797840186372,-0.3493402865580536,-0.6387489646891787,1.7961906256011546,-1.2995372557325344,-0.10222548852238161,-0.5706032316290648,-1.0618713228140582,1.5728732836304111,5.02350694083686,-2.8047815354244126,-1.9838790365205077,20.318599919244665,-1.6728336949557547,4.322945309320189,-42.02409092976616,24.663148804065184,7.963789798831305,0.0
-0.26803125947437956,0.20259680184142603,0.7797940297463526,0.9480379630792319,-0.007533020641039722,-0.028157693392162297,0.31681922047665434,-0.21713217819624134,-0.08829736970793786,-0.045260722957491235,0.2661306461014043,0.00041019907580264366,0.09283105960179806,-0.18744861680489774,0.05720283117377581,-0.03955693908350601,0.6084376188351203,-0.4100548503920733,-0.01992467447870885,-0.3406164340408207,0.04634331477649557,-0.06440733218784007,0.08168138425629433,0.10888213901959602,0.3148938574888579,-0.4653136145157966,-0.5458549278330838,-0.0467005885985319,-0.22893646865855297,0.5784237731542922,0.3570622273453242,0.02730607500554951,0.6961262833258812,-0.5373222234276046,1.2999838886049713,-0.9956426241623639,-0.3813302439491148,0.40446471608315404,-0.3879648866561888,-0.3918551811896855,1.4500889906637184,-0.7476823202449256,-0.574230432245009,0.3638235568924315,-0.4164955135288113,1.8650342355898148,1.5070265018104396,-0.900810422775337,-1.6753046144099297,16.69153108951513,-1.747346928526662,7.710238853859184,-36.648314134555434,22.76683264995588,8.38230394339969,0.0
-0.2747879033761589,0.2033839209045889,0.7784057848112275,0.9470591655546957,-0.007120606313327555,-0.02677880924831284,0.31986110935813306,-0.22690530025391706,-0.09933788082637143,-0.04638964777276986,0.26226332672923575,0.01162123433465706,0.09946871794206764,-0.18560976898851253,0.07028233718167252,-0.050414563264240174,0.6334067754226475,-0.4307324361588719,-0.0281099370445258,-0.33479958786471126,0.0345822697795852,-0.07197575244972887,0.09702763103752844,0.11045938314316643,0.31764547779696495,-0.49132159480360654,-0.5491013127143585,-0.04761795820003188,-0.18195552010847654,0.5520584627829855,0.3152241964649212,0.194164335112114,0.6347919050736164,-0.4939224227714765,1.0387464826825274,-0.8886807038769626,-0.35283423963332466,0.32935634332986435,-0.4731880567046933,-0.21040901750401014,0.8321956973802369,-0.3657679558325781,-0.816317991488347,0.3253283893839235,0.8549435467312017,2.698732405625865,0.5196786143376866,-1.2606201860942834,-1.4541859832620792,13.165738103077523,-1.7033999213211453,8.571397668889166,-30.750218567783556,20.047479461847427,7.861502305436376,0.0
-0.2814171218559026,0.20392946536824527,0.776913009921925,0.9460479903761405,-0.006640900051576002,-0.025407308563086796,0.3229606276674449,-0.2369753930556553,-0.11019801888606957,-0.04759438206116879,0.25910872416218983,0.02234220403010851,0.10504130012405935,-0.18017498945594326,0.08242547413553725,-0.059838388264993964,0.6519390021680279,-0.4482187595222764,-0.034990811300565736,-0.32889287798123645,0.02185403831109958,-0.07575989046477284,0.09826793212039316,0.10822953322369293,0.3243108569324232,-0.5057621320350638,-0.5283034437742561,-0.040743122084397614,-0.15066794433390251,0.5199453339518225,0.265844154025852,0.35359537332797075,0.5897899203363356,-0.41626765248517344,0.7475178004909613,-0.7458255413894641,-0.2911712915170667,0.23141621888961514,-0.5722831721624991,-0.07213087386420135,0.3773837641283189,-0.03434577817433556,-0.8205842216003312,-0.035361171669235754,2.379466693123984,4.765301980086565,0.03555181726635379,-2.2494778168837763,0.029090462857994853,9.274022775229575,-2.1017154417588038,8.07257208526072,-23.22913874820688,16.714939320658825,6.603925266221461,0.0
-0.28792061567672717,0.20421342425335104,0.7753734218559667,0.9449960527553088,-0.006206979638889659,-0.024120918539916717,0.3261320514292306,-0.24700374941439926,-0.12045768956777086,-0.048840428733003816,0.25605742269982923,0.03315113641815344,0.10921243006167566,-0.17145199538430841,0.09397785481644619,-0.06723917893715,0.6638022387375606,-0.461994038451411,-0.040057165196479554,-0.32271259033555766,0.007879678825567699,-0.0781741339805017,0.08349625950899446,0.1012250587171633,0.33355083407468583,-0.4985060980135454,-0.4800300072954814,-0.029970800708574843,-0.16416207979881994,0.5734817748431611,0.18560894113539694,0.4956435824574349,0.5665479880796757,-0.31741736932107706,0.4529753492977328,-0.5819864626533874,-0.20910820692403242,0.18350070329739232,-0.6994421134635079,-0.14558024363293098,-0.5258376443544124,0.15232451807801317,-0.44313309375546034,-0.3381056288223471,3.7685629263534097,4.7717310952802965,-0.8181648352752605,2.5122993652986914,-1.3143693422496168,5.390429537327269,-2.0392074071503825,6.176806128064656,-15.15109471301456,12.925011847791382,4.887643157159134,0.0
-0.29432366230013657,0.20422461469897513,0.7738246904581694,0.9439013273268912,-0.005872785633780289,-0.022949424414954425,0.3293768640606909,-0.25679431231499766,-0.13021787420759406,-0.050707380083813494,0.25272408017268216,0.0441466605987223,0.11189746078600274,-0.15996930861758238,0.10498496924344138,-0.07240788295067536,0.6690143420315674,-0.4718499357955914,-0.042909529626635225,-0.31969475504837996,-0.005668354459577102,-0.07728193350700024,0.07531614457997574,0.09696967279014065,0.3362089122109612,-0.4914240732894109,-0.47685112935497653,-0.08865642909858142,-0.17149373445994281,0.5302521777838141,0.12598493512988776,0.6032821417041786,0.5236760844489206,-0.211206107068413,0.16003521655692665,-0.4102891125429814,-0.10976674933230743,-0.09859150093760322,-0.7033217309910222,0.008871151804891599,0.21744066276290194,0.7707960766484093,-1.6516740589457208,-1.102777396832225,1.8754150728420533,3.510184500711643,-0.26804927501392894,-3.716142528353016,0.7963432988142684,0.5329711340591344,-4.39500581055207,4.848691154856088,-7.064627112574699,9.014368801343588,2.7824476355222547,0.0
-0.30068475331460665,0.2039653754342136,0.7723133297817664,0.9427949571578756,-0.005598665973823964,-0.021853847062632575,0.33260897923170346,-0.2661356952378195,-0.14017264502396637,-0.05435151526412314,0.24863299990708565,0.054767442024164156,0.11340532730327625,-0.1464662978746508,0.11515355653756615,-0.07533397929800872,0.6678793180839646,-0.47810194094852143,-0.04374454469487324,-0.3193062563591393,-0.019613554582886508,-0.0748097584442169,0.06939139364725498,0.09521979976482838,0.3302205452958615,-0.47054811780118466,-0.4946958310483998,-0.1873315790569068,-0.2153930748023875,0.4979608118285467,0.07583055269182834,0.6747467893631647,0.4726392199062394,-0.10881772383774185,-0.11609840808225383,-0.2569208399871666,-0.017393065753563735,-0.32107307619012193,-0.7806962731700717,0.05117100955423695,0.47533704935950716,1.3319692889963508,-2.440239921288831,-1.7470731433939335,1.536945470925066,3.6447261387236143,-0.6022559284972272,-5.383683937194225,1.7892370089629248,-3.938550155785634,-5.706148956908457,2.96347109354038,0.6597428669703225,5.337284291965161,1.1978783210526212,0.0
-0.3070537901493188,0.20342652338610706,0.7708691322293484,0.9416901422587584,-0.005368378484288149,-0.02079243172303623,0.3357953711238022,-0.2748166308168382,-0.15058841650678942,-0.06020482119751376,0.24313779673844066,0.06502807783958178,0.11406097456265667,-0.13129728363589002,0.12427038668277929,-0.07632883246953756,0.6595022025564893,-0.4810567618893325,-0.043681068353539715,-0.321364700576114,-0.03423995940701534,-0.07152510303820049,0.06600488070836633,0.09830776248747246,0.3225021019707961,-0.44231603647196555,-0.5179314398217902,-0.2933548019364112,-0.2916697662717521,0.4779070471613696,0.03248126702072451,0.7334055868353232,0.41351270815457436,-0.022868153987148393,-0.4569216255343818,-0.11957128261799482,0.00817001307114782,-0.5568011529258216,-0.8886414998338998,-0.0014357537250959326,0.7398756172232024,2.1074917799464674,-3.1031481733669875,-3.033921736675201,1.8227583352266294,5.030340873917022,-0.5125012866407215,-6.17764459169344,1.9712098961787707,-8.538072457297387,-6.66476579093943,1.366127333327053,8.089514069687905,1.589026420857131,0.2014083871606001,0.0
-0.3134865223177029,0.20259991745158518,0.7694928476528082,0.9405908386842402,-0.005139827782839652,-0.01968984002853484,0.33893180221586094,-0.2827245850522404,-0.1615032892963557,-0.06801774885908467,0.2355878990178617,0.07511814506614248,0.11405105749252532,-0.11472116045323646,0.13177684130951478,-0.07643713039975453,0.6428087352575993,-0.48173494717600046,-0.04151608037886456,-0.3265090965134082,-0.04917173525015778,-0.068842609083291,0.07183086124224423,0.10804309978456997,0.31423187802887537,-0.4115594478724564,-0.5428800021665932,-0.37772146754324404,-0.3977080872572505,0.46395291599276384,0.0008384724210239063,0.7760503601046574,0.32058126815884497,0.0013998852231101473,-0.8389091401809402,-0.010188420120460931,0.11077180166990697,-0.8205333814958968,-0.9970051734235802,-0.12462801736580875,1.2582684021539898,2.9879075052747552,-3.8089849861722924,-4.759050946467201,1.971917319658492,6.755023270305991,0.07031829622316549,-7.291723852764463,0.9456166349852567,-13.607148471441102,-7.450569496786447,0.34518913398404844,17.14397487267538,0.9570472453825449,-1.891393375954248,0.0
-0.3200475889709388,0.20148328757525918,0.7681648463973537,0.9395146292728899,-0.004804582860239206,-0.018429822760322616,0.341978828290272,-0.2899103688459798,-0.17285438585299112,-0.07688519436077,0.22557371501348072,0.08472650653012925,0.11338158387194668,-0.09694640815273486,0.1374174016980508,-0.07570337425584374,0.6165791166583481,-0.47916981316291773,-0.0372529847740064,-0.33517205549644435,-0.06394007716712136,-0.0676715734087904,0.09635208543505495,0.12567270787943213,0.2991769315957452,-0.3867010317270356,-0.5669757491033997,-0.406373705666703,-0.5191654935261317,0.42241601341879503,-0.022060771751226876,0.8086996707063793,0.22371303481011065,0.05680386181383061,-1.276179483780967,0.10638735470868597,0.20108076482237047,-1.1234651677249574,-1.0643325354260116,-0.31559632597591275,2.2968624091632166,3.9191871325612015,-4.643644473869128,-6.765338539493563,1.467101370436895,9.034142768308422,1.040415800733223,-9.429847204766888,2.2274896694584,-18.766631121260986,-8.040942809774656,1.2768051544917196,27.676007987871667,-5.264127481972451,-3.8667412091238265,0.0
-0.32680956862757826,0.2000923905593933,0.7668414433632127,0.9384788777037445,-0.004154112819421159,-0.016850953034355427,0.34490025345371716,-0.2965237861638239,-0.18464372671285736,-0.08532408044124809,0.2128141230510502,0.09308128529130702,0.11205812333141525,-0.07779716864543952,0.14078908636794668,-0.07418115841054239,0.5787185047697051,-0.47207770901373547,-0.03134031933973963,-0.3478279123021603,-0.07764569308422384,-0.06949983157211156,0.151132171019437,0.15275977137050756,0.2801555276939701,-0.3728290554294494,-0.5964384475484835,-0.356114529836727,-0.6528434243538437,0.3357407537324986,-0.0495671561942477,0.8510947928441885,0.09868992027425567,0.09464239166827185,-1.8187496019316542,0.31217923308371737,0.2706944947934161,-1.4761070479274836,-1.1142209050619079,-0.6115551950125404,3.874921098189648,5.060153881361856,-5.520635659806866,-9.212981618621873,0.14341959303789464,11.32259051223053,2.1976973625778182,-12.139949685138918,4.038658003752494,-24.58831138795384,-9.023418549057002,1.63351769813755,40.36415135275172,-10.5578508269433,-5.399016841781147,0.0
-0.3338424505732004,0.19845812474280317,0.7654222741228209,0.9374647373352201,-0.0028928948624162886,-0.014754624688583544,0.34775537157982467,-0.30305384999816803,-0.19704253949875636,-0.0913828971393165,0.19761702748118384,0.0990468374153681,0.11012947243473213,-0.05630035391340881,0.14131710972930475,-0.07280229024556364,0.5247273249506547,-0.4580542230509192,-0.02449209315017666,-0.3641600563107656,-0.08987980222130747,-0.07840190623761213,0.24458444907904175,0.18990846131473238,0.2695509159435451,-0.39512422866837243,-0.6395102893537558,-0.2010837688410249,-0.756925871399647,0.19700983242678083,-0.07224040048014295,0.9413649313508518,-0.04432344450793414,0.09312556830943719,-2.5935514714622543,0.619320398298732,0.30725699935129425,-1.8786673046627291,-1.1917832743838808,-1.1457351576556623,5.916996119113813,6.524607826307687,-6.34648154081984,-12.87520582262614,-1.9494047647388375,13.749646666087376,4.326099027093527,-13.52338858349195,5.279967835451839,-32.24586331133249,-8.622084836412716,3.69988454703844,57.25881649777658,-18.98824646818643,-6.278937413923241,0.0
-0.34121695898556426,0.19663049726421808,0.7636850002078545,0.9363267275891055,-0.0005682118760346037,-0.011894632870213905,0.35092798983042867,-0.31165265857705204,-0.2104799093082872,-0.09157094038160188,0.18327645327934045,0.1001173589215389,0.1065247357505158,-0.030506047511171048,0.13898569894926574,-0.0712937784910968,0.4465672993109279,-0.4277652683622879,-0.019062938182541043,-0.3822093759709861,-0.10239738167232866,-0.09339943053079826,0.36633332049577527,0.23459496866436333,0.31767825315418224,-0.5466524492879361,-0.6499363918060054,0.18356455442705102,-0.6693958744064448,-0.08266253278954276,-0.22407730379067148,0.9589291149478247,-0.09164929393247434,0.269533063860332,-3.5237237320274213,1.972160569588099,-0.5833285374389767,-0.9119136926975956,-3.440055642942022,3.2999152909848495,-12.610211769421365,9.2028487022554,-5.333722413139801,-12.850905444902885,32.48962640289933,25.699274687432606,-1.7813048709314372,-28.445800790530882,-16.727412771288158,-140.5172644406274,53.28800371760059,97.87170611597524,215.8697927232931,288.3795352019764,-459.0476079999429,0.0
-0.3484002420257964,0.19425574214148672,0.7632250481181642,0.9345251561227805,0.00026818631728504336,-0.009588921444667397,0.35576777992859404,-0.32132266422580874,-0.21327613447117078,-0.07727045320030036,0.16996634718023687,0.0886204259883813,0.09116910916739536,-0.020574291632039134,0.14028404703388758,-0.06988756441507256,0.3899434132691254,-0.3560012071367482,-0.08269884129524482,-0.3371214995019198,-0.12826771176295057,0.03976944291867846,-0.02996266098919116,0.12366998827313808,0.6788683429048962,-0.35114157272590113,0.1999244164426253,0.8753113223386638,-0.694077648392605,-1.0480332380955437,-0.9924256220440313,0.19185980931821123,0.03515795156656288,-0.4246152417786758,-1.8484665195169179,1.8834283997298984,-3.2654231535339573,2.9613303284598134,-1.0293767188039595,7.499078295093965,-25.530929861335224,-8.399165648060483,18.799747444268537,20.423237610285117,34.46067905324872,-3.87021836301641,-5.045518254414255,-49.46523993185183,-21.654794854408124,-27.78774045189946,-2.3241989272690207,-44.353283485796915,100.61926803946704,-158.19596620846377,271.3337181073976,0.0
-0.35519722518480656,0.19138727561070087,0.7652957046975215,0.9321824989780602,-0.001410588851300236,-0.008032604559888553,0.3618967754789975,-0.3356465368181134,-0.19520431080125006,-0.02679189722922949,0.16784698293410133,0.030068045563832246,0.07513690412422716,-0.024142575724108436,0.1392479654307992,-0.0800913222673579,0.3647779470418823,-0.3319588451019809,-0.1161071333823585,-0.3384758097560461,-0.14448002698094858,0.13840412611206107,-0.11390638608333958,0.21987973246867215,0.6580307726864852,-0.769233916629778,1.0623262181582693,2.8267398534731614,0.06174898728627337,-3.5331693120649796,-1.1842102701102712,-0.23438359251916213,-0.10617613674942826,-0.5343386298827332,-1.1687975962993786,1.0261678118207984,-0.8641694759161557,0.2461002139199264,0.6049292585997381,2.5072825654780235,0.4462374613648838,-0.8755944388583724,0.24063495063765641,8.456488874975667,-9.732540480143726,-29.141675150388277,2.0556397264919273,-25.767895619357944,-46.360353047855746,5.510106634351135,-5.737104484927061,0.46042352991354646,-7.1847582900454015,-1.8231093664158025,58.88757751511634,0.0
-0.36220627070784184,0.18859604598286706,0.7682615084215767,0.9302962503985068,-0.002749102637395414,-0.00599595492754472,0.3667497477213513,-0.363164190177137,-0.17199612674811451,0.04129484812386808,0.19904961725726014,-0.08123467463070017,0.05580443281975761,-0.030489800268793103,0.13531964266929605,-0.08753067453418348,0.34357892423994396,-0.31163829461115905,-0.12777006728046192,-0.34992173320760067,-0.12355689935585666,0.1490154081099747,0.002490226311818576,0.17768687652062765,0.3754448287164047,-1.3660666260478982,1.0306443142000852,3.113054353104263,1.8764927670327587,-5.812178261584432,-1.390839968531806,-0.26222154860564634,-0.2529287366492003,-0.2059216360354094,-1.0041001820196938,1.0019404258241227,-0.3773530867446252,0.6413109829785786,2.509473191239504,-0.48879147422245994,5.0934855803146775,-10.71326470952713,-18.50891275058877,30.82650245890844,-28.36480759257281,-74.57307566559226,-16.250911303830556,34.68286973639834,-44.70606086661347,11.989539182936072,-5.093355902894249,20.289899038505894,7.2405775538322175,-3.721233740561833,20.38602842112385,0.0
-0.36948537781886326,0.18632629937636508,0.7709315322776601,0.9293758314658649,-0.0028211052702556442,-0.003904570597738876,0.3691034537641636,-0.40161024815627006,-0.15750002749761072,0.0895776386375719,0.2649614872997124,-0.17713589141237332,0.0394868812995908,-0.03948944544159088,0.12793548910118632,-0.09006503580473414,0.33033926200446195,-0.2940105941078799,-0.13225863387813552,-0.3641623125799602,-0.09409209773500908,0.12500340407286,0.13260955699154817,0.13714729768044115,0.0913205718001601,-1.8571955880882205,0.4398428504138506,1.4240817362774392,3.473686677166083,-3.764178487505945,-0.5895846439335637,-0.4554095888972101,-0.4432456701546057,0.026339618324031887,-0.46987161761288904,0.7944619384094873,-0.10137943038248477,0.5998672667844458,2.82285434706116,-0.5997062584903978,7.490009555200828,-10.815410471681227,-21.65430591424753,39.55811808643374,-29.145721358663383,-109.09308251348756,-47.02553970774562,108.70430956850564,16.645735435517867,7.956659254849225,-7.451637113534523,22.094574361100943,16.252145450007976,-8.987304006339768,12.775861288195479,0.0
-0.3767890216176464,0.18474562129503677,0.7731699025246668,0.9290779718242552,-0.0013525102025956656,-0.002217413834060132,0.36987481133887584,-0.43831876799956315,-0.15353145647210142,0.10202838859821838,0.3402393513400093,-0.23025652100799046,0.028802501809071474,-0.04995152722724234,0.11640939192297965,-0.0907073947001041,0.3264400375077377,-0.2811019391946256,-0.13211524398689958,-0.3607106922640053,-0.06013219548638238,0.10700040569187057,0.2629903812118657,0.03441848437183562,0.04349339272961993,-1.4947693834035798,0.05737949700751982,0.2533529202973663,3.2094371375396866,-1.9533380226412889,-0.4507689207949536,-0.4789037181971568,-0.6737703132643035,-0.0023688470457225268,-0.06192386776530903,0.5492163596403866,0.09478171030299676,0.7794904257577455,2.3812986557700913,-0.19131092488690765,7.322774696569304,-9.396951826539796,-5.503922939158773,53.485094847506346,-11.488730080917085,-23.38348552290187,-98.91646727238712,58.670020732277145,9.59007749751694,10.59082245465653,-9.874806221263341,6.772539840990576,8.37597475209601,-8.637892529553083,9.420303896206345,0.0
-0.3838997237163148,0.18371391321238373,0.7749814559347038,0.9285875923603404,0.001223557078725246,-0.0012706323509608963,0.37110911025725335,-0.4661365535690761,-0.15323399600689258,0.10390258924706185,0.40607587610208734,-0.2609079764201264,0.01627563923349442,-0.05993152263514423,0.10171882462101375,-0.09309169365213749,0.32926154426470083,-0.27308215524739865,-0.12803563552602468,-0.3477346797326682,-0.039654601421868434,0.08242146816645181,0.29209907326488277,-0.06933811571371512,0.1817615782978198,-1.067087681420036,-0.013194000297736994,0.041517577475065695,2.7474512800454605,-1.1612704402856941,-0.5663619146582632,-0.43366501278390907,-0.7799893363206952,-0.16597294608610658,0.21715740466723096,0.3156739411726411,0.2720345831515102,1.0424236544275518,1.5410740721035023,-0.6029830605472833,2.1754434817677653,-8.196240938748872,4.3758636620825975,47.144138317070414,-2.523675907711509,-2.2911680015747473,-88.28789393607825,34.09552210381703,11.549370254718603,11.622554423121,-4.565616452206965,-2.8201825853389333,3.2004869019643962,-7.215091879677306,5.980901566036082,0.0
-0.3906817521884716,0.18302096395233675,0.7763222880245475,0.9276803874486275,0.004069653116249349,-0.001286538473849035,0.3733508825293354,-0.4835969073021813,-0.1520877891596059,0.10372527541423132,0.45740236889330316,-0.27881402265009925,0.005593348975551647,-0.06823865815463478,0.08642855377958629,-0.09760589250007932,0.33567036698904207,-0.2686482802259303,-0.12160156712474236,-0.33015867253612086,-0.02762618268032861,0.05834676188694763,0.24617545825114556,-0.1529849811504137,0.27775397319840023,-0.5759489911083084,0.11151981198137186,-0.026031217532434536,2.0564276030548596,-0.6753777122362715,-0.4514497963162297,-0.3491370938120691,-0.7518404592060758,-0.2545532228331849,0.3429850585628126,0.17373245009981075,0.3429637157717823,1.0743729632587036,0.8941982842657992,-0.7501882906068715,-1.9178995165525001,-5.741745208156033,3.417282170627295,38.784201908172776,5.895013157324083,-1.433226576161365,-71.75017025157398,19.69140133963948,9.92679581007462,9.888362816245548,1.6690757864320895,-2.25898601553536,-0.998181089369649,-3.565880466399338,1.0833263313490635,0.0
-0.39712396487391977,0.18251209881421163,0.777208940017907,0.9265241636482658,0.006557460074645594,-0.0021585538060835737,0.3761719215182307,-0.4920544496882812,-0.14740660520633853,0.10211341907940334,0.49635044600362466,-0.28999895510080237,-0.003246814513457219,-0.0750154415794101,0.07245933635902564,-0.10319142693050343,0.3437603473437439,-0.2663247788140342,-0.11473949547672628,-0.3145269596768072,-0.02147712536931056,0.0361743613035862,0.16535943459796362,-0.19792387006457657,0.31937680420335707,-0.19968402875883157,0.3256795131416851,-0.1109985833451939,1.5821447212389685,-0.42508096791842054,-0.37561423751321565,-0.29505047882374247,-0.6578893490826807,-0.28959257749214523,0.40750231617992017,0.09290518846149425,0.33793673457104645,0.8508953330499196,0.5030602856179675,-0.7324555643305126,-3.639325548373836,-2.8342081208542944,1.3221029443607273,27.956782204087283,9.573348442726907,-3.311529517865396,-51.55718999911011,13.011236078491242,8.338539470213899,6.1074277603740565,4.499299637674476,-0.8213461937072688,-2.1350549312845213,-1.1770358316521579,-0.930410089274804,0.0
-0.403311647163658,0.18210069093097225,0.7776849287375996,0.9252409235497443,0.00838182898813479,-0.0035389076705918273,0.37927095125270216,-0.4945339648808406,-0.1385583829838053,0.0986463390177284,0.5282953068190165,-0.2983946898665023,-0.010461299308338015,-0.0813219076958123,0.060355291942658956,-0.10936580954196129,0.3530814755268038,-0.2653380286281259,-0.10836219512523507,-0.3045257054188755,-0.0177970285606722,0.01704352999678859,0.08597015010891437,-0.19882001286768258,0.3442833426497076,0.024777250829286362,0.5265977966447661,-0.20788287610191014,1.3479508264160605,-0.3284998767260671,-0.30420375665320815,-0.3003509992924944,-0.5668249067259068,-0.31566201242795894,0.46777073457241347,0.037626578744680485,0.3090550598934656,0.5562026082932287,0.407600511315548,-0.549046347802384,-3.382820952887884,-0.6736158680891587,0.7312114446121056,20.375816902735522,8.528829386506708,-3.1314674162913905,-40.136095688742955,10.508318752934045,6.9498493538136685,3.308980104493086,4.057837815115555,-0.4071055548098666,-2.5849375941702553,0.17641859274034194,-0.8030546540428887,0.0
-0.4093293011219767,0.18179033980087442,0.7778579823403249,0.9238433726966065,0.009514948246811273,-0.0051592303713702495,0.3826176561874735,-0.4929218991430492,-0.12638816959352409,0.09300431944761253,0.555960649325002,-0.3054252358242605,-0.016306403832840665,-0.08743726144999994,0.04984692441378388,-0.11610950346947382,0.36273270828287413,-0.26490320975908604,-0.10252597197537862,-0.29773720773051127,-0.011819937567676622,0.004723349447409069,0.01983619428651074,-0.18843885107472094,0.3739289450548662,0.20032052730765076,0.6669135673656793,-0.3119039564607953,1.1793468231789717,-0.27900410591362645,-0.24524317730879827,-0.2880458022656903,-0.49821428005005286,-0.34462639082560886,0.4619524592620606,0.02527072561280619,0.28696015552171106,0.335972561652536,0.5082935689547498,-0.26036188423763446,-2.5017417345929536,0.09676709695469644,0.8819983453445438,16.660028094685597,5.771896746259392,-1.6078179408471724,-34.00538043246505,8.979175375004464,5.773389509767415,3.083665777913396,2.6426299698052462,-0.31863614921122374,-4.209599699564567,1.4012977524827348,-0.08315255208763914,0.0
-0.41522779076927324,0.18164733187709978,0.7778718103631366,0.9223017540657691,0.010093787105233804,-0.006964987800810246,0.3862759102688335,-0.4876856818549988,-0.11233318276068202,0.08493805595759092,0.580470838068515,-0.311589808649825,-0.021343283031718042,-0.09266802142913264,0.04045545812125173,-0.12348347997428856,0.3713052210687134,-0.2641917529060839,-0.09709580569878663,-0.2931567872645214,-0.0019352325654674789,-0.0003776201523865995,-0.02993908092349028,-0.18528007245750028,0.41031484463873524,0.3713228977238596,0.7314999671704157,-0.4225313150447283,1.0582070308346632,-0.24539761698403495,-0.21297201191632228,-0.2320446292566144,-0.4547159798205062,-0.3749136445194131,0.38685756573581437,0.051161896844940394,0.27153649297421395,0.1268534676309528,0.6438853169971163,0.004283315445863821,-1.4479839595339299,0.29348894369133705,0.8643201913491118,14.552328911242725,2.9032523875298994,1.0507727401987825,-28.640214929102736,8.079234145816557,5.104099349181324,3.2809188778435474,1.0982067672600053,0.06314367316067315,-5.217982680230115,2.0851550381959085,0.6337232036957616,0.0
-0.4210457249909749,0.18173973376352023,0.7778558167649439,0.92059264444903,0.01025363171182499,-0.009003762782648372,0.3902857648938966,-0.4787916241880509,-0.0977413385807645,0.07428026043803682,0.6029153511328456,-0.31719030329398085,-0.025973455783209327,-0.09609993469863538,0.03185729808179108,-0.13151076384842345,0.3774131431268415,-0.26247549317449625,-0.09195124713181947,-0.2904449813327326,0.010920853539103232,0.00016773565350881962,-0.07275439133644437,-0.19206895515050337,0.44801289577042236,0.5498414710070062,0.737581111434299,-0.5376605817433098,0.9882887364490214,-0.22303926423778844,-0.196708060220968,-0.1328032750138438,-0.42102527409947155,-0.40441613005910526,0.24743467110638245,0.11041502962866519,0.2613043923449594,-0.08354314401090085,0.7359739764684504,0.16613694045476493,-0.7661588484137476,0.4715721200239781,0.35542875904494486,13.219981551511607,1.1335262386945897,4.424158162032041,-24.247011929834912,7.604647423737462,4.805928276974971,3.0005262365789678,0.19846297097061394,0.7894320520193473,-5.410412679604412,2.3715009620621395,1.255286793511273,0.0
-0.4268408258939834,0.18211939860885118,0.7778931645341582,0.9187367130062835,0.010103440125677,-0.011287332613478305,0.3945799903625495,-0.46605768335999476,-0.08359257809654098,0.06156928008270456,0.6236443431883778,-0.32239289589448455,-0.030523004195879663,-0.09731720480034746,0.023816341074593763,-0.13998541831699024,0.38040154097126655,-0.25940916509572703,-0.0868404568880992,-0.2912585240818643,0.025944400874121292,0.0037521881341744737,-0.10535198446244962,-0.20047063164275256,0.4735227384200733,0.7359770493517446,0.6995428651725604,-0.6139703087892476,0.9182184606118446,-0.20854449116930837,-0.19497250783789388,-0.027772916713305524,-0.3991450982530777,-0.41832828019703056,0.09453457152532342,0.17851836048522804,0.2650875021760942,-0.34910874656130547,0.769958943768048,0.21243997887359403,-0.12438471349336827,1.0247184106048945,-0.601629839142315,11.520290697108997,-0.2653859274467676,8.200045330645759,-21.076377099593824,7.12864772392306,4.75036675554053,1.324018731734965,-0.571968320624326,1.919605643971111,-3.972650245185542,2.0546452809117013,1.7859580854273993,0.0
-0.43272013622110855,0.18280755362172008,0.7780026070498641,0.916818966396211,0.00973842068606029,-0.013655392466945906,0.39895071910613106,-0.4496788060931048,-0.07057148637048807,0.048189083323232844,0.6421623197432089,-0.32753641148040935,-0.035148921014841954,-0.09702174268059872,0.015988998452596416,-0.14836014087231883,0.3809256628990883,-0.2551883329142529,-0.0814381773302868,-0.2984463073967,0.041155826543464426,0.006864725449559337,-0.12192406527661452,-0.18957478179284995,0.471422347014571,0.8977598449352158,0.6298607066408988,-0.6173830888738262,0.8137075889743387,-0.21268120239451338,-0.19959134204194215,0.018100367720918987,-0.3962100674472468,-0.39988531775193353,-0.0010058462828291738,0.22812327692444012,0.28465320325148274,-0.6856209473120526,0.7107905750645039,0.13366465815014378,0.44461028911725897,2.3158245992913136,-1.8245119891099644,8.267775889650224,-1.645070500478031,11.08997249034444,-18.27835865431198,6.711086458455049,4.761319829408218,-2.1977246835810056,-1.2989571879344863,3.2470692451267,-0.9446522494162698,1.2901995278043392,2.1366300016084594,0.0
-0.4387841052123944,0.18380684566998962,0.778185742750971,0.914912401909001,0.009190497258960416,-0.015939077508075494,0.4032329071410567,-0.43017496938545624,-0.0590803134448382,0.03562882451083753,0.6579892656713897,-0.332913831071399,-0.03980655598398448,-0.095882279237897,0.008154422655690493,-0.15622570196620772,0.3793984761118393,-0.2498973765056628,-0.07540210247798415,-0.30959212959871,0.05645723630692005,0.0104818584009963,-0.13450972312667506,-0.16847856137890688,0.45909804190227926,1.0321364211187176,0.5444100136700522,-0.5569917853935611,0.6923673458848268,-0.2284679558338063,-0.2012655851123951,0.04924132504977556,-0.3980662866870641,-0.37052871068401894,-0.10121498134404966,0.28358564167463696,0.3193532538827297,-0.9148502068475586,0.6465437603586871,0.08850470378970993,0.46261899905825254,3.1848122028952703,-2.1976227240398685,4.82463819500619,-2.8679928249607984,12.171015689916304,-14.77751906055341,6.58263165044227,4.694054368120931,-3.983549181831473,-1.412014775278141,3.5813471319546495,-0.10023850486792996,1.3860169335839512,2.1141365067332805,0.0
-0.44510329419426303,0.18512056129973903,0.7784495425740572,0.9130709310049828,0.008459493262167486,-0.018059784323664438,0.40731284796532596,-0.4078006661524451,-0.04944997578665756,0.024619092315523568,0.6698343696692681,-0.33789001179932976,-0.04401370432755562,-0.09415536870755027,0.0002616873792248809,-0.16332495999466434,0.3757788640337233,-0.24339802311624112,-0.06855256780311138,-0.32389327413691543,0.0718083896372245,0.014029267042083082,-0.14591461104153286,-0.14214631261219218,0.43328922773960554,1.1576619277959013,0.444459816891646,-0.478740319312239,0.4948274200500372,-0.2102642626269735,-0.1786005492079387,0.06834048152658487,-0.39985853049251235,-0.32817305195330004,-0.20036875169548152,0.3450089298268381,0.35917503695346187,-1.0974164808529419,0.5587088028501278,-0.015053705144534447,0.20626674468677053,3.8413349215140715,-2.5815394275563524,1.3284072508822202,-3.613812237086206,11.552897948666615,-10.921335650266036,5.664838512238534,4.198920441454294,-5.652136943586515,-1.1576521277762293,3.832629550283827,1.0210036779128617,1.3369135084389612,1.7080007947971847,0.0
-0.4517060712099766,0.18675396977183917,0.7787971205624845,0.9113402682817172,0.007518714921230313,-0.020075891004773132,0.41109529665821465,-0.38214844543019155,-0.04177352485948177,0.014963492387100878,0.6747334326122605,-0.3404368586433928,-0.04698381423090241,-0.0916177076038256,-0.007496082479639335,-0.1695152228131794,0.3696554154177597,-0.23540355704098284,-0.06089965651703885,-0.3384516511267664,0.08717706541463469,0.017293663187553255,-0.1681769355169031,-0.12535223836295592,0.4003524763051146,1.3095592746953144,0.3522921756771673,-0.4247200765351684,0.1408806669848114,-0.0944004251013168,-0.1191768726197932,0.10974347684290162,-0.38389227332504583,-0.2837970497919975,-0.32789075048671884,0.4227304011794763,0.3939541645826687,-1.1712162344428996,0.418218083805172,-0.20494244289099092,-0.7249543620387601,4.055414649201494,-2.5545943786323995,-2.617430768720779,-2.7194325771366694,9.961761785768731,-4.9933943086255335,2.5659951691792213,3.039637814078376,-6.60301627481083,-0.03913736082243355,3.4892086703427285,1.9302729575069815,1.1844023087544353,0.8563647833525704,0.0
-0.4585660551779646,0.18870439886148438,0.779195900563887,0.9097314156385495,0.0062758077262398,-0.022216614299410357,0.41455492722525267,-0.3522873946297088,-0.03550691885718563,0.006376167978072866,0.668194271716895,-0.3381344081044543,-0.04798144051326311,-0.087622145543195,-0.014584334696837753,-0.17487946158021306,0.36050871063577417,-0.2257218310591717,-0.05241351209126756,-0.3507042154117775,0.10180883559611519,0.01733557016743432,-0.2152891142359995,-0.1289955886611635,0.3715197885195319,1.5026984957442004,0.30098177889599625,-0.3836104067783085,-0.4330632210500584,0.12503257971426124,-0.026604073599622368,0.18530053015955816,-0.3337636575385972,-0.25179324490495425,-0.4729037237406562,0.5021957084638299,0.43012930598297006,-1.1562651644530246,0.1840443890142966,-0.5932514429734487,-2.479531782344134,4.041778133546609,-1.6573244026477274,-8.443495421820229,-0.4931474066943933,8.129573557235826,4.9718243324583975,-3.327035615435683,1.2324469147671548,-7.7245671215191365,1.8775353651730888,2.062018046547137,4.153545637063443,0.04087487182343241,-0.301763692875491,0.0
-0.4656214725875918,0.19096383891139246,0.7794952021507082,0.9082785763316767,0.004609008942691939,-0.02480769478428773,0.4176043140257988,-0.3158389642163844,-0.030038537582725174,-0.0013168324114443924,0.6396503605646613,-0.3208877720134322,-0.04741594959306152,-0.08214642778790741,-0.020322455565911716,-0.17927956175954446,0.3495798870477876,-0.21524622300762214,-0.04269912063855886,-0.35909072991630575,0.11491601963849878,0.005504359959427713,-0.29671311752738927,-0.15606866969121014,0.33383883558917143,1.8155002640653926,0.28033370301096877,-0.35606577782877974,-1.581540173303684,0.8502261185966227,0.0367699176041948,0.23586086712588417,-0.2405931395638099,-0.2139107123969382,-0.5022568398257633,0.506317866809152,0.4883106193948791,-1.0404905535138809,-0.25640472492185246,-1.473359065343272,-5.861015093619417,4.343415634547683,-0.020340948674099357,-17.95762737991656,2.3328855207325296,5.446089334984239,21.824282703470775,-19.528316374276834,-0.18309872640261224,-11.329024976417164,5.370808586269092,-0.5920625384266127,11.013582811190258,-3.794644079378277,-1.7220371437310336,0.0
-0.4727344011133941,0.1935116011173286,0.779347827576333,0.9071394248005501,0.002189920108407329,-0.028312000928683752,0.41987105023549814,-0.2682734766141809,-0.025012014727714596,-0.00950169224662856,0.5712052768379594,-0.276200649469565,-0.04227369614885132,-0.07627432733266434,-0.023327591968099595,-0.1819636640087318,0.3405514597608502,-0.206364446491366,-0.031270170489720854,-0.3583781967454544,0.12509690463140546,-0.028938719756021677,-0.4523358673900882,-0.20629564707615497,0.24843159420697936,2.3474635149105874,0.2891790615033074,-0.42717211188172305,-3.6103207794754657,2.1103851431750162,0.2626825141777553,0.2047449758081898,-0.04790324483183943,-0.13698074014921685,-0.3036759338235927,0.3658048392713463,0.5656855248430539,-0.7063394291985173,-1.0298036130060992,-2.924077864717676,-12.376471298429767,5.602405268699707,1.8604272544875244,-33.96223039472875,7.808004125768278,1.4879958967764422,56.41347656076999,-50.433894860314055,-4.211919187864279,-17.829008135988865,12.564290298155539,-4.670533232639331,21.400052197783296,-9.48653542420744,-3.987710655920574,0.0
-0.47964243633903697,0.19625382903610947,0.7782747972121768,0.9065056731478848,-0.0017655748707027911,-0.03344198027900838,0.42086337599165696,-0.2088556288080988,-0.017103225170440862,-0.0196067297464238,0.45986551101036977,-0.20627254210809154,-0.027610429584952703,-0.07101022624764061,-0.020780573302198794,-0.1823646985590984,0.3370135133471222,-0.2016432376317769,-0.018996941895182494,-0.34725905794619943,0.12914466039757772,-0.07796742637224505,-0.6835244343544805,-0.28021536422600507,0.1408896790645299,2.614891275318489,0.4742672591007882,-0.4024215028995764,-5.23378920707405,4.063041325940798,1.3806028644975772,0.1576399518529467,0.2511790335698886,-0.049948341521821704,-0.019206664062224172,0.15502939327213586,0.5869194137222725,-3.213400719279107,-2.5160033577703778,0.3282252598816304,2.8523717842901255,14.90364163930864,21.22017994459241,-177.9447377117703,-21.304060217384137,93.52871197785883,215.27165473198284,440.133125296001,359.81061226431,-21.002793948898226,-10.580181151989535,-18.30319723651648,2.6702938758341084,6.120309212221128,-2.842790136834945,0.0
-0.4872033416132601,0.19874272136448634,0.7781560948623497,0.9055335240618482,-0.004133495678266926,-0.037074721907622246,0.4226315369314977,-0.17946624765514074,-0.020429263322390756,-0.021242314827873122,0.3961135503224128,-0.14599516989749606,0.030461026337968815,-0.07020082313193803,-0.01754202348093638,-0.16794053812165854,0.33701439940131467,-0.2053729375820163,-0.008676242798527837,-0.3998757258152935,0.12346191496803359,0.057484366458717025,-0.058754277827888945,-0.2145686697474269,0.269021918063552,0.759934028830067,-0.6113046239633255,-0.029817924066547256,-1.7281951349518436,1.3412110081225521,1.7547020254469656,0.044134969346228084,0.10133376773770109,1.4500905701142766,-0.18969954311880136,0.027210489795853166,0.4057057093828598,-1.2544275441995691,0.4283223481679913,4.882553604391833,29.160064097911103,-2.284313564715068,4.792689189137002,-29.03304944305596,-36.55536247877763,6.218561983505494,66.73699129736771,-84.60806477710898,-106.88413438576737,7.563974622616632,7.489820484852645,95.81873801549813,-26.554614927446334,67.86639010770672,-14.069735684420312,0.0
-0.49538060513143695,0.20065805743673445,0.7798748461657932,0.9043093488260284,-0.0035052560646961634,-0.03757106497964825,0.42520669077762685,-0.17108912052459618,-0.0346292079132837,-0.021624596525354787,0.3675679712566555,-0.1257696042045163,0.05316052601001506,-0.07904457156091498,-0.008233884567933725,-0.1175721169638487,0.35013416044078816,-0.23094893959587223,-0.002332317822366895,-0.4087782726686621,0.08139433977818725,0.09604216016374131,0.10282120098495028,-0.011137685565592212,0.365405252138406,0.3103152978605731,-0.7839949060506569,-0.08348661857509576,-1.4235565984463072,0.9888524803975588,0.8419888760079227,-0.4972859719783916,0.5332279157758931,2.6235841260921413,0.8511864225603862,-1.5048138326328675,0.0033049379799305646,0.4262858203422995,-1.2452004433568598,0.2029213745292101,3.7244016400941264,5.162541241261475,13.253120351246258,-4.894193632482917,-6.492745548548628,-11.743139087069963,-9.148314808517096,8.801122797802268,-20.6848046009949,11.83526840414531,-10.210736793110799,-55.594245701106516,-6.51011202677047,16.334193695889514,-14.490276854947764,0.0
-0.5035562826581156,0.20179391557836468,0.7816286457896149,0.9029386650818004,-0.003157122438150357,-0.03629354183805568,0.4282225805571861,-0.16727876844275397,-0.04917235124643444,-0.02252300251619123,0.3380071319185848,-0.10436928103400081,0.06800199906759956,-0.09594587642318021,0.004382626653823622,-0.06813946921876332,0.38591202202178043,-0.2653446881653259,-0.0054226075674142565,-0.4026386918515711,0.04109739072676897,0.07892591996183869,0.064427040406138,0.14843027825032407,0.3591709201335434,0.11668437699226357,-0.6723521780428297,-0.08672622763207076,-1.4865262128076921,1.124846796684468,0.658740765545288,-0.8372999441656999,0.5830239762995727,1.7493574337621676,1.8213488003733755,-1.4489928407494808,-0.16319687332608712,1.009410629199902,-1.5563540107309262,-1.1876136050195574,-5.392880693398074,4.345043235154026,6.122683444063196,-8.631701456861572,6.963893489961288,-8.440420399284259,4.429826067220656,3.392655298920002,-9.034518518818235,15.239692488043213,-8.797724530605661,-99.2331460829594,-34.59574617332538,38.33856583275052,2.4685894414423437,0.0
-0.5114466389461568,0.20227144295122584,0.7828485807357952,0.9015980281358624,-0.0038410266800296337,-0.034571275274223184,0.43117405893847793,-0.1666517816403905,-0.06087551779572007,-0.02412477700004326,0.31020459073648404,-0.08223337633124095,0.07986919559153201,-0.11482293158095698,0.017668953379463323,-0.04117489447291994,0.43116024361186805,-0.29627518807359565,-0.006400200858591279,-0.3838044989011042,0.013654081779536802,0.04746761861541096,-0.02424290574081839,0.17814732323255028,0.3405442043355024,-0.026120112928315495,-0.5153268830096664,-0.11644563719482731,-1.2670191608337282,1.064527001552569,0.5356230943919333,-0.8067705970094741,0.6769517017035813,0.8026340615743431,2.0304659687612907,-1.2940259579454194,-0.010722751912235784,1.3589641386535585,-0.9550472238091994,-1.4764819822241455,-5.750674674905008,-1.2985150040583306,3.27353760378127,-6.856907948222801,7.673537936516938,-5.761063773009103,17.9211890668932,-7.258227009897927,-6.344438729505681,25.787513772503793,0.3399327450269831,-63.44312518504313,-54.52777249569477,33.21715892217411,1.8254458050850384,0.0
-0.5189634336945902,0.20229122508427544,0.7834031210841419,0.9002440987857473,-0.005238860867355087,-0.03311916548018746,0.4340924300378281,-0.1694236158342151,-0.07006625455143373,-0.02655382940735098,0.2891320560127347,-0.06277470149074152,0.08961365937190396,-0.1310514874700808,0.03249606420927915,-0.03045857010046949,0.4758728226653847,-0.32428918394486006,-0.0051795094582459,-0.36646631797611007,-0.005699246069526079,0.01420645359105389,-0.08267908831388854,0.16978529685385443,0.3399208781030612,-0.20369985413538366,-0.4169395170364082,-0.14472583755440127,-0.8747399724525455,0.8920705554434559,0.45182325171329163,-0.636717221243873,0.7648465289100687,0.23265960854403522,1.9244652073207351,-1.1860773015189086,0.0656609868307535,1.1419676359617266,-0.5434220566799195,-1.3594283936197744,-3.172503936255158,-2.802430206951707,2.145866200654155,-5.956896839525267,4.452150156036596,-2.7863552177981927,20.236560819312267,-9.34213560230819,-3.6090317317903513,27.670522666767678,2.5259603331018154,-30.829696746462005,-56.86642423402447,29.073916424114884,-0.7698470364547554,0.0
-0.5261882466746542,0.20200824570594703,0.7833273720121275,0.898826078815147,-0.006846164881205367,-0.031941691036486454,0.43708641987819413,-0.17561478272514255,-0.0781558350466166,-0.02941299131681534,0.2759479597045945,-0.04684918566593126,0.09797079765923622,-0.14305848583760333,0.047873376195638674,-0.02890379694009337,0.5165269736619345,-0.3497710656246264,-0.0046739856796730395,-0.3547145714260314,-0.017623018677079688,-0.01537511078590215,-0.08721764244012185,0.15025543160413699,0.3467396984416214,-0.3566859816892916,-0.39593272404946006,-0.1476778361946117,-0.5094581093128027,0.7267021922037827,0.39238224668176175,-0.4252478277421026,0.7639227551021719,-0.05405341303334821,1.7285518139348004,-1.0831260613994826,0.011151792852840889,0.7868824983115013,-0.1866711514297814,-1.1127236596878152,-0.09203519024275447,-3.078140373803046,1.3060963113190065,-3.04913569230774,0.5799380938591279,-0.36382927686046995,14.89041439513855,-7.286801604644813,-2.5012498170975217,26.243284120785134,-1.673585937318761,-14.3385874588521,-52.02952531019276,26.009721774837775,-0.6593563460942686,0.0
-0.5332216228111473,0.20155199443556776,0.7827408868214841,0.8973488998513489,-0.008208233348713524,-0.030889290036916185,0.4401629568715242,-0.18411859937441688,-0.0864687685235938,-0.03228607363740952,0.26869231157272816,-0.0338199243062454,0.10522104770784646,-0.15049988828404484,0.06205455577186626,-0.03210185326893841,0.5520573149756349,-0.3728791867228377,-0.005393885733378349,-0.3474361838812778,-0.02430641317489092,-0.03787581459882092,-0.053114878899291194,0.12985506260406376,0.35103369131150386,-0.44388835075657745,-0.43025924288952716,-0.13917126317286238,-0.2759978814457006,0.6048633364783844,0.3474495005241573,-0.21482752447878223,0.6635627085961224,-0.23357101915077738,1.5008656111171208,-0.9857902428160343,-0.03669160481168335,0.5166904976801634,-0.0160936254098379,-0.7973367462734177,1.724700916908194,-2.637607998261694,0.3341686432920682,-0.04352027516846935,-1.6425846689039794,1.070625550801048,7.564860776233638,-4.320734241842248,-1.0337305296214603,22.594217332643005,-4.9827699173488,-5.634717666228182,-45.08759927423915,23.26865784702352,0.9629742502815952,0.0
-0.5401221460053479,0.20098545812233906,0.7817936831765561,0.8958443300331289,-0.009138028318448892,-0.029839603880769974,0.4432708323657054,-0.19368490973770644,-0.0955974360861752,-0.03498195459002949,0.2646790409427154,-0.022651579602617752,0.11164626739786465,-0.15367973657651307,0.07395600353886607,-0.03804617846603407,0.5820398908951709,-0.3938591946267499,-0.008030893011480408,-0.3419333225418068,-0.02988238834262486,-0.05293769356868118,-0.011365593719987497,0.11730237454883952,0.34654131211194744,-0.48057521226382743,-0.4723047934369025,-0.123289855760655,-0.16598677060386807,0.5365013311368918,0.31122442507986026,-0.035580051748178236,0.5503133383024046,-0.3115933466859065,1.2618971166614525,-0.8992138675379172,-0.127030368545997,0.3602422508948025,-0.09988469002872652,-0.5085580401752022,1.8356516785787216,-1.451601164989022,-0.7172495548192244,0.8509672306018254,-1.3527698873724288,2.0887403291944207,2.455113773291577,-1.6162730332774822,-0.5013497952873702,16.80962469285946,-4.205940301533176,1.4231442113621,-37.045286010751596,20.925991098892997,2.6815432648969906,0.0
-0.5469010171699707,0.20029949048591744,0.7806183927212315,0.8943340693304839,-0.009726327733238536,-0.028737794432619233,0.4463699252355082,-0.20370343479618055,-0.10532151924105136,-0.037445128218526094,0.26218044621989767,-0.012530565335582236,0.11717378930886982,-0.15323387279109618,0.08397576955219736,-0.044917439395147626,0.6060633665688283,-0.41261365025222074,-0.011823352506922211,-0.33594797519400854,-0.03675512709917475,-0.061993169439255785,0.01533516178846386,0.11211127086062352,0.34319588941070334,-0.4982167610862649,-0.4920910125010162,-0.11123586824235734,-0.11532708202227593,0.49808234960531494,0.2644559875844179,0.11805557585911589,0.4731146129955877,-0.32751788940441534,0.9914536341316419,-0.8055056043463626,-0.17113640549798204,0.3306099610801819,-0.2090902783121373,-0.28608675447795895,1.290132953407097,-0.833810269078247,-1.0811405086652504,1.3201309649903152,-0.3638209420018675,2.2997062207474532,-0.29074698659779535,-0.004016971593734625,-0.46569553357225457,12.658203096028936,-2.578240724390742,4.4993059433184435,-30.49292361945341,18.22630628725468,3.728052353884374,0.0
-0.5535458495699076,0.19946542067214537,0.7793159805192003,0.8928131506685645,-0.010132974915585857,-0.02760683775744532,0.44946619819700084,-0.21392589077807503,-0.11523433852665464,-0.03986850367360526,0.2604179605219819,-0.0031148245932250017,0.12131544559711731,-0.1496705509319532,0.09292241279242172,-0.05169879105240093,0.6236965722695662,-0.428639437206842,-0.01583674949625079,-0.3291692650342227,-0.04497880199540276,-0.06681696304372582,0.02670817194063817,0.10871030914791999,0.3418233266915189,-0.506138810775755,-0.4933501554047058,-0.11215866481971874,-0.08999288566207307,0.470339141538297,0.19237409792310625,0.25049521166063404,0.43551630133305946,-0.31020283330476983,0.7046774162563652,-0.6853048607258496,-0.1751371580919519,0.30503251994997604,-0.3290257067265598,-0.15629374157157447,0.6769929874327381,-0.4029288165354283,-1.4090632139958303,1.2311357501906846,0.5339728723246742,2.2435594513446295,-1.4798339476798732,1.018289008439233,-0.11008115160762705,8.519224211170124,-1.076207812865233,5.456422373597006,-22.884057322365134,15.254560785040368,3.910741081099682,0.0
-0.5600428232053918,0.19845753102292618,0.7779534072194082,0.8912687585310186,-0.010486203875697856,-0.02650974599808929,0.4525784716068257,-0.2241566999093289,-0.12502901162504104,-0.04253305140426657,0.2589532429323007,0.005932230326475593,0.12394982093199838,-0.14341159435010928,0.10158377049787376,-0.05782947833615083,0.6347694744066615,-0.44145092861470736,-0.01937247131608155,-0.3219344153806796,-0.05452433902167616,-0.06901924523820471,0.025165008851363243,0.10492186423183612,0.3435380185015132,-0.5068545732179487,-0.4818898998743732,-0.1270812825589447,-0.08108231547796291,0.4593337382318479,0.122488156944709,0.3603141268931014,0.4334793872849906,-0.27451258990799776,0.4154627151083941,-0.5434884283534387,-0.1500759812756189,0.25232989583015164,-0.448604122020488,-0.10224003704510806,0.2391711651893711,-0.03524250476662112,-1.6544774217657148,0.8607463545819408,1.1342862365698705,2.2341077220405574,-2.010083675841203,1.8029589395333518,0.8376010504389136,4.363192744552642,-0.1925982690424464,5.099400577915146,-14.894591564522695,11.912541924241573,3.454658141392322,0.0
-0.56639167916198,0.19725239942676778,0.7765707279424499,0.8896867886492787,-0.010867765948569948,-0.02549261727350886,0.4557295647977713,-0.23418261422598796,-0.1345238227997336,-0.045620817581192886,0.2572801851073873,0.01513440148215587,0.12543646039586237,-0.1349514496844167,0.11053429238741512,-0.06299612984784352,0.6393118762933578,-0.4508247474167512,-0.021949216296527282,-0.3150579044370318,-0.06514438550726656,-0.06973905396351535,0.017099243901319734,0.10055982384923579,0.34866039162662216,-0.49666059770184484,-0.4649299315071444,-0.14939672526821332,-0.09871180045326941,0.47513246511695106,0.07414733346443994,0.4450968989235976,0.4529327505093984,-0.22857163029400804,0.12793676231425408,-0.39391273166385293,-0.10523656003767254,0.15940289040497885,-0.5589073482361905,-0.10762074059296646,0.10136392337824277,0.31467661025939414,-1.7991872299947163,0.3847888313308606,1.3138669475910116,2.2992282659111036,-2.3514459384768944,2.3044168670146457,1.7710245789836616,0.2536173212042574,-0.16060662559078875,4.027514350475287,-7.001409138457812,8.34641795113087,2.5575339533410673,0.0
-0.5726140724706485,0.19583149693877105,0.7751865693799295,0.8880604071088873,-0.011290354182280018,-0.024560411908183394,0.45893139726426907,-0.2437293268768953,-0.143717394102411,-0.049200550781119796,0.25470011768905076,0.025069982474365836,0.12622324360217937,-0.12497494178637973,0.1199840966916999,-0.06704662481761234,0.6378829877000715,-0.45678362874671474,-0.02327662497954075,-0.30967382348508665,-0.0765646597385311,-0.0699328166211071,0.010919879353115577,0.09630120745407826,0.3549362668994819,-0.47196419997887074,-0.45165975149808474,-0.17375873763657454,-0.153210506621894,0.5182812593578398,0.04402573713746283,0.4940568664899794,0.4751947411550552,-0.17811703727819397,-0.12562820661132285,-0.24578539986596842,-0.0488835221671399,0.03401287550305995,-0.6544782244899239,-0.15810989584340618,0.24990370044949073,0.6184173267569089,-1.8842829935205352,-0.09354850610885607,1.1228655638758689,2.425099241535227,-2.6007024157781826,2.510577210868791,2.2821435424945493,-3.660660551933317,-0.8478653277889892,2.608104293003446,0.6419603837268169,4.903295853689384,1.3901984089116386,0.0
-0.5787413260345614,0.19418543432081445,0.7738071678051747,0.8863773502534033,-0.01172241106831399,-0.023696724175002504,0.46220800869292045,-0.2524962206469169,-0.1527235381737074,-0.05330309988106522,0.250480214671028,0.03621128433819468,0.1266227386662614,-0.11387545051195454,0.12986229007766273,-0.07000416741307725,0.6300915428465896,-0.4593082223902893,-0.023672255048685545,-0.30608175265959014,-0.08838668668805605,-0.07019946899014276,0.009927009048636295,0.09289758640396123,0.36387077375900234,-0.43517053565496094,-0.4457675646798051,-0.19836935935958663,-0.24057082692518744,0.5814297490696074,0.024476015667687825,0.5281531696599128,0.4897315703604166,-0.12943460402215218,-0.4192165223961516,-0.09874766834915266,-0.009201385118670306,-0.12502012416492103,-0.7546504272225667,-0.2640531427901103,0.5860670256528844,1.0704250498922396,-2.0404450522235837,-1.080684595397048,0.7478574834327455,2.762364415403921,-2.2357422644103235,2.314320349641412,2.190281246923206,-7.563900933864273,-1.923719200772738,1.329388215585014,7.5196464160076175,1.1582919182984266,0.5359400151669783,0.0
-0.5848203382954549,0.19231064521157454,0.7724178759773224,0.8846414310680699,-0.012089921766911087,-0.022843045864957893,0.4655551175587254,-0.26030237802675404,-0.16179395268564628,-0.05790486184211344,0.2440446433207951,0.04880433144253296,0.1267610969124005,-0.10202614915019302,0.13981929570811025,-0.07197162224287668,0.6154850873778349,-0.45960006992178415,-0.023637731112627118,-0.3051662499337133,-0.10025434295672302,-0.07170080384621912,0.02058767120148084,0.09180625029267006,0.3693528256217184,-0.39191810344678396,-0.4550555121709755,-0.2194907567808222,-0.35296569580424686,0.6533555897839695,0.0088503624078999,0.54138097839254,0.48215820865790665,-0.08484568745942826,-0.7261171961117051,-0.0007127312234484848,0.005625773924073569,-0.3116329467581809,-0.844215134436728,-0.4209828264151534,1.1372192140654218,1.5613469285135935,-2.490097237175359,-2.390326923043782,0.19077504599692807,3.372671218167592,-1.3456326495224729,1.7601408194313835,1.3813966316233564,-11.63184908505266,-3.2998312988794605,0.3812022976398177,15.181669796337879,0.3590992623435862,0.18845968690434184,0.0
-0.590913067693845,0.19021333798228765,0.7709878204202569,0.8828803159661385,-0.012270956509386656,-0.021902603390274437,0.4689264838656532,-0.2671091652012672,-0.17144258731517525,-0.06316522775645017,0.2351206076843059,0.06260382026050804,0.12658847027880712,-0.08972783994598492,0.14922625684906352,-0.07319208037354515,0.5935466104591987,-0.4563179190386177,-0.02253542691043538,-0.30788861757004027,-0.111494418021246,-0.07489375098782401,0.050407442094402094,0.09448719475714858,0.36573970113279225,-0.3500720711569937,-0.5031668648305977,-0.26331410301406394,-0.4704002147392142,0.691377433254639,-0.003792884569474589,0.5413254545124151,0.43735729735332624,-0.05158199012114098,-1.0552022282093967,0.14749589893471732,0.0569209642068483,-0.5690764856767554,-0.8995730748277047,-0.5736306776432789,2.1873173521746736,2.160267803937171,-3.473363153456365,-4.024103577248097,-1.961294756114997,2.1767593816413067,0.3590155221654455,-1.5042236815137005,1.0775100239433542,-15.642760262399701,-5.167460183090551,0.048007241822158764,23.68589285604135,-5.4460453496316905,-0.8800829072048977,0.0
-0.5970882249402109,0.18791565132190602,0.7694556736368499,0.8811704727125853,-0.0121087464675398,-0.02075310933507198,0.47218776427538917,-0.27295012109018113,-0.18252561608061432,-0.06975955880214829,0.22357451702191183,0.0775395666620878,0.125757494078478,-0.07690266535139637,0.15735761533112405,-0.07402808872671211,0.5631346906286767,-0.4486313019702521,-0.020401535605113097,-0.3145232666948275,-0.12184283447853095,-0.0810993159180792,0.10353168216087127,0.10420264620448953,0.3429607831658443,-0.32227808030429794,-0.5815547883314272,-0.29843881574649944,-0.5781042787207931,0.6858149921615269,-0.02080011547567339,0.546503294219111,0.3537597317479396,-0.035626811401242964,-1.4472239005274479,0.344559661821242,0.101596718360511,-0.906798957814374,-1.004716566708711,-0.6507098352928254,3.874192419677143,3.2653910977855527,-4.679746230089978,-7.2336437735286925,-1.9348319808387766,8.14075247009849,3.9159135354523325,-11.131267164480636,3.0580869880400243,-20.12274821538083,-7.4262744687995434,0.25368647073873135,32.84758304609077,-10.211596904974352,-1.8105161470928297,0.0
-0.603455147547284,0.18542865551403193,0.7678152335641539,0.8795446847536619,-0.011323578424271324,-0.019088687787645962,0.47529837585646856,-0.27841793778094853,-0.19522916995360143,-0.07554385640375101,0.2099095008280534,0.0903720375240275,0.1245541078602792,-0.0632383271902758,0.16296473367916173,-0.07514623488230857,0.5222715586300224,-0.435580638711554,-0.01764852081740376,-0.32725333313372795,-0.13167396800841677,-0.08709164654434623,0.2033065475136325,0.1306193873109505,0.3216515278334921,-0.31919731120911543,-0.6707848468464401,-0.21098253707023334,-0.6847437182175535,0.527245495602949,-0.04046833413211331,0.5680891205102356,0.20561543006450506,-0.04349843601949736,-1.9326857108240472,0.5777188526767787,0.12600251312757813,-1.2762728238237975,-1.1056753052466735,-0.7788344144208,6.030874369914517,4.582437482966474,-5.3104337140808,-9.346278833819216,-3.0296512373920828,12.557772693858178,3.6607733775227262,-15.167396237814504,3.3909934900742393,-24.946149108704745,-8.953768104747562,2.518503827660271,44.432077589295055,-16.37693851245557,-2.407232235186023,0.0
-0.6101436650217029,0.18276895597641438,0.7660490124554219,0.8779364882348261,-0.009511292509686914,-0.016503519931730767,0.4783980474150783,-0.28438620225021005,-0.20952194543169317,-0.07712242538612521,0.1941143394399735,0.1008198181823506,0.11773653602841623,-0.048017707671544285,0.16482696892059723,-0.07673433967471616,0.46816714718839286,-0.4144554548749455,-0.015080837916958002,-0.34686098182142955,-0.14049360221598076,-0.09514451852060324,0.3638255029222497,0.17237069069960806,0.3290565602323476,-0.3733640097492577,-0.7655113604153437,0.051899830888405885,-0.7778275246346362,0.38135991171972927,-0.4031682890750126,0.6275289390557686,0.003543933602475794,-0.041708010889298444,-2.5475200291128255,0.9445541555220429,0.11166680933885172,-1.6847870320318354,-1.18167924240344,-1.0469290748196707,8.696623001255473,5.790270693958162,-4.275048211044735,-12.51355148917992,-6.008722097229575,14.909858024713726,5.298204002262486,-19.0460118027226,-1.3999935142662976,-30.121592097907175,-10.13336559397306,5.242405109866145,59.41443722972165,-25.337519091246378,-2.4160146842755723,0.0
-0.6172565692460827,0.1799658872420475,0.7641364167767126,0.8760466011835571,-0.006286967791884801,-0.01270213467432568,0.48201813489270023,-0.29313843081719443,-0.22543755780114522,-0.07033793653972488,0.17989380298634292,0.10418699622980657,0.10147283465669961,-0.031128167011262812,0.16319902215449447,-0.07455742933034762,0.39862582739863994,-0.36926408871366484,-0.023527971698348044,-0.36231999135191467,-0.15116080040155783,-0.07933850830784248,0.4726072916786641,0.2075668117618968,0.4296105786205433,-0.5046861981248427,-0.7060256186949085,0.5450038624896181,-0.6895945711845489,-0.12622623624302243,-1.0134743459610562,0.32844188440241695,-0.06798856011842686,0.4510891634668031,-2.519748663688747,2.7012888737126732,-2.4696552119480795,0.1517476551355066,-1.6620537647154665,6.118159440464909,-15.537153791659382,3.172370813055797,1.4706664885554972,2.8032490412329265,31.284285240942747,15.073065991502403,-8.73045452725201,-51.613073326102814,-26.41514811647171,-110.33442490408345,-33.33057989881794,-64.61084828862793,266.49052542844265,-256.4683988167323,-486.28316128977013,0.0
-0.6241911731404113,0.17680799926494545,0.7642470479990269,0.8734098580011409,-0.004708513011436928,-0.00953697613531265,0.486869690921342,-0.3046976456844335,-0.22740641361630337,-0.04129472894367919,0.17140013081654307,0.07637439654062361,0.0762604516965824,-0.030140075536586767,0.15796235817117707,-0.07736091324032526,0.36416282626911045,-0.3347136274969032,-0.10647924941260833,-0.3302337689830998,-0.1588928972938233,0.06935444636677107,0.13597916156778703,0.15929474746872752,0.6579039878739245,-0.49890624501141734,0.21797487603210747,1.6513312444727768,-0.36936484575028905,-2.010781330291426,-1.5621566927355797,-0.07810917008572403,-0.33289837381472714,-0.427433694677891,-1.2547212331761575,1.2159001743949627,-2.9663734408555738,2.260008077183602,0.05268491417800256,6.885600500689768,-20.202109684216587,-5.5725335705311805,11.822463814197592,17.609258912923575,25.240783940328516,-12.58171741699824,-2.7181122384150296,-48.71226027986906,-29.440586114669735,-11.064024520150156,-1.5840440082142946,-22.243074612764257,46.641862479048775,-40.07773965456186,277.57088632256136,0.0
-0.6308954927627572,0.17338986320031688,0.7666555765811103,0.8706075371269789,-0.004934851416358129,-0.007103091902223499,0.49190213419401135,-0.32558772709252787,-0.2117030829822066,0.02080554973217942,0.18717241155922015,-0.011875109773337564,0.05464466107075966,-0.03712502730865583,0.14937481616113052,-0.08537937910692454,0.3470562738873009,-0.31433110010652077,-0.1333569004215631,-0.33471419437582994,-0.16621724485081238,0.14718082226885293,0.09236066515347043,0.19913982894546414,0.5104862044539911,-1.078936206698437,0.8854305899511428,3.2340350591593783,1.0676394870489643,-4.996151514599988,-1.4675800465253037,-0.3351495062852471,-0.4734095914521473,-0.339951532143034,-0.8176718115164301,0.9838088557063455,-0.5365748428273924,0.2444339833923638,1.3877652755377115,1.7875759640188411,0.017228938390513777,-6.087014905662191,-7.933921961816677,20.163684272291437,-12.863932046760254,-47.47784496560254,-5.504665868383759,-4.5154945276428435,-49.20126729562623,13.152891090492728,-2.821837904231909,9.471065382406644,-8.130974746500172,1.6290110002179832,56.28933257977526,0.0
-0.6377376822916729,0.17007629261811058,0.7694576374641517,0.8688547606973029,-0.005188932158855143,-0.004924734020560335,0.49501538035854065,-0.3609518339265502,-0.19483710384024647,0.08178203604268452,0.24320641441152388,-0.13525432206654098,0.03612136281767837,-0.04549206644610601,0.13995472168362552,-0.08934788963541279,0.3339304542454827,-0.29568880351429877,-0.13846825278346334,-0.34235756817522445,-0.15007071556409046,0.13481193866028576,0.09647982299830327,0.12592816015526773,0.18595448451757177,-1.7843076141455727,0.6638470241414074,2.3317079582181646,3.0827558502279193,-5.539543158025991,-0.8408877716735922,-0.34316219729368613,-0.466688692518316,-0.022816786417593167,-0.5970607215519463,0.8925740986250319,-0.08356880738319326,0.17860984664321583,2.564616672482995,-0.5029374268867777,2.632710563013375,-12.053448070436849,-22.198999606532237,28.35068535040569,-30.45593206747477,-116.28775206316334,-39.34235785109961,120.40331327152595,15.846963398231578,15.1321234562899,-0.23887109856343663,23.107823393161457,4.254429787422682,-4.8952053506153925,14.746120384331128,0.0
-0.6447727307212489,0.16723998074555735,0.771942641895777,0.868298492592039,-0.00437988856099497,-0.003073089768497828,0.49601320593091275,-0.40127384778001757,-0.1878924438212213,0.10257815717219039,0.3197654119433104,-0.213008950227833,0.02927146123448872,-0.05454678183205057,0.12821936413513213,-0.0897673532728004,0.3272482574481433,-0.28048345922776113,-0.13771843160487376,-0.3547198946830235,-0.12451389287480659,0.1208223055410122,0.22907035641207107,0.06134326908159149,0.003436171939644867,-1.7802330339025862,0.18580907626403953,0.3271073876382028,3.466693238764972,-2.8713161853386477,-0.1919045748522776,-0.425517360144559,-0.6710886489685398,0.0786672945615415,-0.20304951931915113,0.6720258340178809,0.13262835551635313,-0.14417426520104548,2.444804296975972,-0.026216995788248317,8.374676407939093,-9.065574056996496,-14.608930935344315,48.32219465903764,-10.17579244153299,-43.37335488128615,-92.75097404202073,86.28537863213816,6.236811319994621,8.867963866597073,-9.080111853152308,15.726431706983218,9.864697379938985,-8.547743813820585,10.039689664908114,0.0
-0.651875117661997,0.1649084430716967,0.7740828987239421,0.8679665066891902,-0.0022190762616043696,-0.0015589133542818754,0.496615332783297,-0.43627134186250666,-0.18471762557207674,0.10479822499773836,0.3938226244490736,-0.2577796366812419,0.01877042611193107,-0.06377774659972482,0.11298045594264304,-0.09052850603095937,0.32742880577487804,-0.2699905209557738,-0.13317741636165767,-0.35328197218553875,-0.10232196790830378,0.10137644035389173,0.30412199852299787,-0.042557685765817775,0.09219506803441993,-1.423576390842674,0.13602487932357432,0.03129980380850404,3.135265675391228,-1.7072177562352047,-0.5051232186754724,-0.39758563642740696,-0.8346657865542607,-0.06352644190276739,0.09477182647341185,0.4322220764599183,0.29748301999065974,0.3109297368790955,1.9472200618294093,-0.30395564676398373,5.198515391938448,-9.178834606140569,1.2464076318120012,50.71937331195469,-2.3424560801603427,-4.062230447932682,-98.39962011265465,48.869099670350614,9.791706983105604,12.069793208280887,-7.871950592209651,0.5334913005430832,4.428003895394301,-8.475046492960699,7.01941677144139,0.0
-0.6588321137852537,0.162967966701102,0.7757734072896403,0.8670743182467628,0.0007215827647025969,-0.0008564385706957663,0.49817755114838247,-0.46213119028938227,-0.18059006467897418,0.10419324129581896,0.4566432725368127,-0.2850946528903103,0.006958853036958833,-0.07167576511939791,0.09600170611340236,-0.09386134143977301,0.3322748075565365,-0.26392828007811336,-0.12611120323825684,-0.34219665002760563,-0.08721658703811543,0.07575030070637383,0.28963514937551743,-0.1452047282169526,0.23095402565493814,-0.9740849256790378,0.25164995769282783,-0.04833369588527644,2.5973964257456688,-1.0449190428172352,-0.5187576296742213,-0.3212403620522713,-0.8641925936790193,-0.21153988906544338,0.28678113619395607,0.22949418383724046,0.38393013679063803,0.6794003154628183,1.3357383809128427,-0.6916207858951766,0.36802485775220706,-7.75797659378878,4.72102907217909,45.1134839413355,4.281295941948812,-1.3070464599546125,-85.0645361869374,30.079450374427015,11.06733555278314,11.800598626689187,-1.7010492202675045,-3.040245826805334,0.6944408491434426,-6.210349996308411,2.2883774613918497,0.0
-0.6655212354607486,0.16129152085190424,0.7769777593740921,0.8656619942128317,0.003742736681904023,-0.0011701267558745063,0.5006135580474905,-0.47793156501987194,-0.17295927292113542,0.10163421881710746,0.5055025161229617,-0.301485036632688,-0.003605773592909135,-0.07763733227772271,0.07959701416261006,-0.09904190481590966,0.3393794701628962,-0.26089180128180584,-0.1183077527465997,-0.32781874739727557,-0.07767670299335938,0.05132150011078119,0.2198276742300301,-0.21751211228853531,0.30997215457231647,-0.5095613434842221,0.4773838341425648,-0.1659841032386477,1.9673738150129008,-0.6205054698399777,-0.4518111303232683,-0.23700044234623102,-0.7908335864793288,-0.2798072958773335,0.36312365622385223,0.11310803290833507,0.3916225501803732,0.7334593156597485,0.8285824985725269,-0.7743751985627663,-2.6262813253820285,-4.949618097866116,2.5683413300710605,36.61969660383692,9.906467815798106,-3.2787559340403774,-67.82602885647012,18.236117611236583,10.028905334014324,8.736841321897733,3.0126415568568032,-1.4580939642496282,-1.6742877297340533,-2.82805010982105,-0.09625536859969411,0.0
-0.671954306921617,0.15975209990939035,0.7777126862709677,0.8639399435872576,0.0063198557328390465,-0.0022803363656941663,0.5035500306464319,-0.4857822478356706,-0.1604067833975204,0.09721399105151475,0.5439495391196314,-0.31247706799593494,-0.012718120058044262,-0.082581375076616,0.06495565269224446,-0.10524459381377295,0.34789867976147093,-0.25975379366052337,-0.11080540133350525,-0.31671773234336986,-0.07355023467669339,0.028521838661529342,0.13485154806410823,-0.23920989466281037,0.3574703252405145,-0.19291050769047513,0.7305496902280286,-0.2578379887154719,1.5870043746825206,-0.4245832583711066,-0.3880547661389442,-0.2211203671623707,-0.6924542512933409,-0.3225979048125961,0.4338999905117752,0.03498040239673083,0.369484660288237,0.5057295888425879,0.4820661841836354,-0.7093515139192696,-3.3671212102671824,-1.7704572212871472,1.5825796087953883,25.85019940923769,9.979921262312757,-4.1228288946037726,-49.9447780010277,13.041631666366419,8.775148666903274,4.138364246143533,3.9841596360349256,-0.90429250785992,-1.3607496504587226,-1.0192543403501397,-0.2789240706407317,0.0
-0.6782055558722924,0.15829802302528323,0.778064003263163,0.8620053944899576,0.008227261068287922,-0.00388716154695328,0.5068174247405424,-0.48797998576357077,-0.1434016062367659,0.09066172667673532,0.5756701843764631,-0.32083610287272524,-0.020136033575061458,-0.08721548597488439,0.0522142750295726,-0.11216961214130906,0.35713231182340344,-0.25953202815328114,-0.10383861298476221,-0.30983042099757735,-0.06978569890999921,0.01174502100637953,0.05524642929985191,-0.23354460723810785,0.392728388023155,0.038101486717323725,0.9271950419882051,-0.3694400408119865,1.3329550351330273,-0.3284147217543108,-0.31108705277530874,-0.21875842250341374,-0.6028100587479636,-0.35535256556752204,0.4555050613050844,0.006886575653598029,0.3434936077498218,0.2396842805714118,0.4430127825736452,-0.4573029668125012,-2.84043928467849,-0.21461082226232095,1.0950011885608113,20.06716326394011,6.9890653482039715,-3.704249112447027,-40.324710124348044,10.347958136429076,7.32329068662195,2.497019591306136,3.1127653723703195,-0.49723573413684924,-2.3138041977849424,0.4205163009559218,0.0682752149958615,0.0
-0.6843559379688884,0.15696452657215296,0.7781681345069495,0.859869276158357,0.009500314018506165,-0.0058354257684299395,0.5103925153825777,-0.4855953217177438,-0.12367046214469482,0.08122971923318728,0.602645728818593,-0.3275380961624843,-0.026351532509444112,-0.09126899785111829,0.04100075838766733,-0.11977287295042788,0.3658921644448215,-0.2593319466213528,-0.0973105484657272,-0.30677969764936824,-0.06239642865109028,0.0024363193025879848,-0.008236163004738176,-0.2300623943021004,0.42955254060463066,0.2510083182543844,1.0240921576095807,-0.5081912372523666,1.1444351877913836,-0.2634873427767225,-0.2614162449625124,-0.17944658662485816,-0.5390250949866379,-0.3866646775351452,0.40953539585236387,0.01999229614363136,0.326509936902471,-0.020119495863351357,0.5559301286532801,-0.15660574038573685,-1.8161110256543898,0.10401285759654257,0.8770782236395072,17.341874909643476,3.225605359226512,-1.1593627815025482,-33.17807747941155,8.572445378890977,6.315380456947256,2.8025048063660982,1.6033135602806263,0.04338622861393529,-3.849569113260027,1.5502330005263811,0.6880483961490436,0.0
-0.690479417527632,0.1558294531351883,0.7781672852614916,0.8575268421365841,0.01030754208401376,-0.008122187395890662,0.514271814961068,-0.4786930610042203,-0.10308498166075689,0.06874082417015909,0.6261334110532067,-0.33302605514213623,-0.03197809989423076,-0.09386631895269223,0.030868262105509733,-0.12797302719046466,0.37283112431539145,-0.2583986022348376,-0.09103606295186946,-0.3074398115042892,-0.05126778824020219,-0.00039380815492928007,-0.05885981280672417,-0.23681854006640582,0.464103095737919,0.46848617482212807,1.0350078779433465,-0.641275513227634,1.014685154516719,-0.21410335957982163,-0.2387258012345015,-0.09654949305056795,-0.4939122907975556,-0.4116889640177848,0.3008052185345126,0.0669105323134409,0.31766415514503377,-0.2931116679701309,0.6336398491013223,0.04900935194416356,-0.9665628368155614,0.32672646729701205,0.3190292708830893,15.312694165200927,0.33699760207735074,2.8903944959262162,-26.83660681099278,7.407725085724416,5.851792512255716,2.6464805938761873,0.4390653525598184,0.8768180473175649,-4.375865454135449,2.025777049987692,1.169462453150764,0.0
-0.6966718951907631,0.15494580895413515,0.7781577925755173,0.8550311141260768,0.010799008548663171,-0.010693246055679591,0.5183539618633966,-0.4672434208820963,-0.08306559861255222,0.05413688547874769,0.6466170732025771,-0.33761048410854017,-0.03750217233478005,-0.09468954728264636,0.02140791275385243,-0.13643134845298602,0.37737838344353153,-0.25640744679066535,-0.08475375777535162,-0.3135375159630675,-0.03834315977609405,0.0003056674075267768,-0.09294702010906983,-0.24120953462903022,0.48157944561706906,0.6833386247864793,0.9819673124371985,-0.7122311426326579,0.889237777274656,-0.17943574821036012,-0.23714676824218567,-0.016560289053909043,-0.4695874057091096,-0.4139880373465408,0.18565875782121175,0.12002051516853394,0.3232025958820389,-0.6130945072607279,0.6171429729601513,0.12176965573708842,-0.16456921998933924,1.068655944019591,-0.6975697192506777,12.706253181040378,-2.025659588136887,7.344935048425524,-22.004080755977757,6.355941734070971,5.7529527725151715,0.7861061744352157,-0.6004610694856379,2.1178430380820714,-3.0595771843106574,1.792171927132797,1.6362983079649078,0.0
-0.7030610409078747,0.1543167773981853,0.7781791869013195,0.8525007944176984,0.011055219399723778,-0.013329664444639887,0.5224389894399266,-0.45165467314744084,-0.0646086927010811,0.03916900269783028,0.6638159529385297,-0.3417098498145219,-0.043135925518365856,-0.09441737566946054,0.012177144700316899,-0.14456708800184498,0.37995383930116916,-0.2534376835008129,-0.07814307265224399,-0.3263723648519349,-0.026375673353629784,0.002053872448181896,-0.1100708012795065,-0.22321824043809213,0.473456248635105,0.864787401150158,0.8847794349334763,-0.6956824900104055,0.7403310063467208,-0.16558141502221135,-0.24369056998171357,0.012958411679984124,-0.4661266440825116,-0.38566000004785567,0.10254393333445395,0.16677679938845616,0.3436990355157993,-0.9208710962901369,0.5140633821446627,0.132032437953911,0.3237932314286569,2.3100553678523807,-1.6225011512400234,9.079721809214183,-4.055284584728754,10.46810905981172,-17.833722658951967,5.4749027377539115,5.765686528790453,-1.7566257226522195,-1.24672389429126,3.183008023131642,-1.810309995863781,1.8235230934859679,1.839567718512251,0.0
-0.7097604403027679,0.15392880580065532,0.7782529426688496,0.8500310853312004,0.011097379730627193,-0.01582530442035338,0.5263777748668523,-0.4325255775425802,-0.04849100949310604,0.025357659826900154,0.6772459491448576,-0.34536160010790395,-0.04871275166780599,-0.09370135496094176,0.00285607435035136,-0.15195441314403177,0.38081548883789595,-0.2494692609150899,-0.07089760313867031,-0.3440074439664912,-0.01491586775457808,0.0047748857828828085,-0.11908848872423251,-0.1932837964136636,0.4538648525445815,1.0178376552702306,0.7515413344852278,-0.6182230289169067,0.5696774658725487,-0.14940170511358286,-0.24062839601531844,0.022322475612067995,-0.4741399659803661,-0.3432411521962906,0.020691841019257484,0.21890376104390882,0.37709137115923796,-1.1390262859149767,0.4176061426306775,0.11308064429812395,0.3522756439142077,3.1310284130194823,-1.8856633464231487,5.415598308896855,-5.829492888330317,11.701085596566545,-13.19260429918598,4.6553782097444865,5.5970545232758875,-3.261947273709976,-1.4121059074991034,3.4638347757175656,-1.3893435338185314,2.120249528299297,1.7605055316348746,0.0
-0.716849959103709,0.15377446825108199,0.778387416090682,0.8476931114720739,0.010938562784285764,-0.018094812995446113,0.5300653868624773,-0.4099948991834179,-0.03539886138046847,0.013220112667063435,0.685230946305158,-0.3475024821251171,-0.05350578859866174,-0.09286613323957249,-0.006698419502141762,-0.15830869207669368,0.38008697958684956,-0.24441052806297406,-0.06292262262091036,-0.36482016914106363,-0.0038948870277074345,0.007154857838748488,-0.1264958924485827,-0.16072906316249366,0.42193404222233605,1.1710655439332105,0.591236244702471,-0.5356048347830259,0.29962055907374446,-0.07976497057643259,-0.20158549841425993,0.019404223477463324,-0.4841677359247908,-0.2888070242174904,-0.052531211959026526,0.27362301969903857,0.4114553094225132,-1.2761507062585846,0.2776452471235455,-0.022208972730933637,-0.10127290332212677,3.729884726283481,-2.129094279111665,1.5450441621829765,-6.370988270398854,11.367597068323212,-8.025443129746046,2.6204909790750466,4.797783086029109,-4.882072917707361,-0.9502336783134433,3.5258599677573077,-0.19280049017481082,1.9986187068782904,1.2080121967612125,0.0
-0.724341665131872,0.15385288565048091,0.77857941810014,0.8455083062658894,0.010525958394122799,-0.020263225792043794,0.5334738137113879,-0.3836471973413161,-0.02538199596297691,0.0025557369518082016,0.6849418574583035,-0.3471535570754164,-0.056563715293713845,-0.09143374371918422,-0.016152987327437408,-0.16361793369493194,0.37706178186754263,-0.23791966900999667,-0.05409922320028878,-0.3846248650104104,0.00673287812221594,0.008799856474011955,-0.15468503141520082,-0.13996252893502137,0.39310209194815654,1.3437603893922223,0.44882323324806256,-0.47191400463110156,-0.10897820142547592,0.027430099255529104,-0.11937090694507244,0.053344586440060106,-0.46448841541936214,-0.24281050135077603,-0.17516910170567712,0.3497326853326999,0.44773599612426307,-1.2784142916417478,0.04899237174741217,-0.27405873965106725,-1.514757372746443,4.242154599277038,-1.8002757776665184,-3.703573425640388,-4.720712112403561,10.34751631641239,-0.3071928323401085,-0.702524765194889,3.1725975495201824,-6.31205736721639,0.7203682508056217,2.694694237883407,0.9536981607306382,1.8073682794318382,-0.004434032332951449,0.0
-0.7321901705311252,0.15417003529029297,0.7787737504407414,0.8434859136937335,0.009768363000808137,-0.022626057121617076,0.5365856446306227,-0.3519989883928136,-0.017822081832721902,-0.006751215986631895,0.6696238127042996,-0.33741806927233475,-0.05741006705339797,-0.08876753800931567,-0.024832198152504256,-0.16799714205605773,0.37145114812063834,-0.2299897496229781,-0.044334665613745064,-0.4009618224692547,0.01753938963395686,0.005185357053545512,-0.21330760738991358,-0.14370808252853384,0.36539596220140397,1.596025700740611,0.34805467428164794,-0.41458276747859607,-0.8860396158099539,0.48898166089087686,-0.0144749871563423,0.11442624549611394,-0.40372108566604054,-0.2076837155710409,-0.2874289022138952,0.4094718877276799,0.4900456427859682,-1.1212766633938296,-0.21354280215829505,-0.8176143886425842,-4.0079919610676065,4.206985733400004,-0.6654816878692588,-10.465734003043963,-1.8644181019910055,8.6035005592723,11.595268771785854,-10.811132279616956,1.3863418956393767,-7.713919324553202,3.483208091687056,0.7010608655803525,3.9896581502551323,0.04409170890257724,-1.1281934102136617,0.0
-0.7402910937076097,0.15474116135837604,0.7787406443019992,0.8417286497489331,0.00851703220079042,-0.025628839010208664,0.5392249094443962,-0.31159134541678046,-0.012113258877495781,-0.015330391774674948,0.6252465569995922,-0.30658073100921746,-0.05498370128713165,-0.08507939010356907,-0.031686663421246916,-0.17106445097390277,0.36525658628347824,-0.2220861210066254,-0.03289192768267153,-0.410142788884668,0.027892777794074636,-0.01585911548509511,-0.32516057871703175,-0.17495390169643138,0.31428638766896355,2.0196578257035083,0.2830050533663172,-0.40757104256709675,-2.3962108825293966,1.4832034637449774,0.1316259523251812,0.13374754558164842,-0.271376227339031,-0.15068512318379707,-0.238919145966213,0.359443897630098,0.576923581709,-0.7136885404570015,-0.7107997516852662,-2.031492656562204,-8.96723588452739,4.68196488522485,0.9536774752716606,-22.163817557818398,2.668252267454305,5.4534224979453185,34.340665906280236,-33.85151853965593,-1.7759090786609422,-12.245104809623525,8.992193655145684,-2.379771169179903,12.411707767638278,-4.8938684323329955,-2.262428400402627,0.0
-0.7484338453047669,0.1555997373173409,0.7780661335228864,0.8405031583628728,0.006396888243579911,-0.02995933103615504,0.5409398849102373,-0.25815700603656927,-0.00660887810962538,-0.024038706241092386,0.5366781270298198,-0.24722449261947899,-0.04645912052892407,-0.08100109707785932,-0.034683243332830974,-0.1719131555818269,0.36169698406782375,-0.21671964761830015,-0.018986358259499205,-0.40646964733661495,0.03999558449770933,-0.059449372048631335,-0.5251566154233954,-0.2438277086334925,0.20180825642143443,2.629758014763279,0.33549788615656406,-0.4486474559431289,-4.528714278507394,2.7386440741840077,0.4211332701979683,0.11767693599164261,-0.011330819403355827,-0.04916810988825019,-0.02230982359944885,0.18219192653604066,0.6664330515413228,-0.048676005817570325,-1.256161762050136,-3.241575330927869,-16.23365647848704,5.172739974876523,2.3385456470284325,-39.678981438379296,11.156276448447889,1.6594457033735022,79.66805234434715,-66.73404766824021,-7.291199578805991,-17.16390419650296,17.632639235304268,-7.81157365093311,21.411186212790085,-8.341206226539667,-13.350006304106287,0.0
-0.7564991589358675,0.15651627040992477,0.7766531276228853,0.8397364103356314,0.0031373021634141626,-0.0356318094234038,0.541814813980734,-0.2040988159093467,0.0004928755329861579,-0.030269205976470967,0.42706572509716206,-0.15848112160091576,-0.0160974545436585,-0.07847553241073339,-0.03286837859271339,-0.1704671868328611,0.3636508813413085,-0.2154197067599325,-0.006436644168569662,-0.42703591722619155,0.02445216890238113,-0.03872355454129859,-0.42455159112327856,-0.21629708082252103,0.26262388840458567,1.2875436386282357,-0.07906964991744414,-0.14451593420818196,-3.005225491061853,3.3202854357558387,2.132876763140961,0.055453472582498935,-0.10591793599544219,0.050937848817864104,-0.022397778477045743,0.17133774399177512,0.5023958095809703,-4.157442199296105,-2.97329888302558,7.646694736110732,35.55015026831319,13.089532680082641,19.571017956716734,-199.23442181837885,-75.43124089409994,-2.4260518302916427,397.4698153860557,-409.61820416408847,-101.3240151066565,-3.247722701998894,-41.68022235001706,3.717007739634443,-35.83372232751723,23.88147233767631,-22.90186511548356,0.0
-0.76534118157368,0.15666190733852708,0.7776188849978707,0.8382450205695372,0.002884731199982234,-0.03770756187835277,0.5439807934049413,-0.19158122425472654,-0.009945154089015194,-0.03068019778028417,0.3939917371998175,-0.1281132356478176,0.014405058635904543,-0.08099239389242459,-0.029405893892603032,-0.1400595271727822,0.36432056961648757,-0.227250920803449,0.004158968655413666,-0.44514987888103424,0.0027179138572828152,0.09517865288532912,0.06454550663676802,-0.17120606459803284,0.2843395757790438,0.5206704212167729,-0.770467588349029,0.03897848300653508,-1.389326133725835,0.9633791734741957,1.213099550268978,-0.10017055234394044,0.36969603386682326,2.408897869460277,-0.1501316469987104,-0.6180519209235676,0.31654914501168324,0.06747920633224223,-0.03313695609010389,3.2340394724727095,17.300238127456026,-2.6642772422278234,4.9440527582071265,9.231883061194585,-21.585119403776538,2.3846938144170062,-12.508780676301576,-13.06290728716881,-23.82924422455951,12.197596235897926,7.263205884635779,46.50360780806311,-21.079682883098616,-5.274461409919641,-41.43775768397359,0.0
-0.7741415828897745,0.15608513621960304,0.779645992341399,0.836688100669718,0.0036843069435709133,-0.037369264834455344,0.5463908730256913,-0.18557197133944844,-0.025463250013583603,-0.029783179095627544,0.3665481760441021,-0.10934357311962581,0.03528256166627052,-0.09208284081991155,-0.016855574456380543,-0.0844223992226992,0.379167951005728,-0.2557681420015954,0.005028825929921128,-0.43187993825499815,-0.047189844948164625,0.09895364490946408,0.09736912298177751,0.06689877483671518,0.34939218364949204,0.1924131866398572,-0.777008888943772,-0.024030712273181185,-1.4237786760857765,1.009898519023552,0.9132939515863937,-0.6330235210862812,0.6364753428175809,2.375615539557844,0.9660052663117592,-1.4049587973696713,-0.11359763874713444,1.1527622102736932,-1.7028376796999054,-0.7602080816436096,-1.9431245728355302,7.875416841013199,10.336538656020148,-9.64523929401798,1.4053922739151863,-11.487779024245127,-6.10546440215327,10.805409618466365,-13.77405532352638,5.633343146322309,-11.028044704181882,-93.2645878042436,-6.370682117615699,28.158440372894916,-2.501889667016129,0.0
-0.7825514641313167,0.1547930241669746,0.7813501437611153,0.8349716796901887,0.0035769202008655667,-0.035963946317073094,0.5491048117823443,-0.18252983298518036,-0.03969308017736737,-0.029998387286630165,0.33682084594100226,-0.08757987631985925,0.05190261067929488,-0.10890037536307802,-0.0030808186259309797,-0.04509488509742697,0.4138472315656302,-0.286384125636516,0.0013022599177820952,-0.4076687569389246,-0.07428103598995461,0.07288560185128691,0.04179662143611191,0.13515177168342288,0.34400043118186874,0.11656136911813082,-0.6516677492781959,-0.05523036148133464,-1.4687407222697582,1.1191873652458302,0.7447159134082875,-0.7720351293755299,0.6547904458894742,1.2731906842441076,1.725850546198893,-1.2783501837153604,-0.17438684740939542,1.6070045718768102,-0.8721472080265483,-1.5097976585190003,-5.432089573456113,0.7072972108194658,4.874405101021627,-5.698419884981448,7.212427373349742,-7.730535905793776,8.720708312809137,-0.1529451751023756,-10.168151637866506,19.476235237442204,-5.000702071222748,-85.10498515877764,-34.05128911572274,34.08855884037888,3.2968197415747658,0.0
-0.790435706202437,0.15305663254852328,0.782404251238084,0.8332661919755043,0.002693478682504612,-0.03470011642086042,0.5517754075741392,-0.1818122472093312,-0.05121429120495888,-0.031189284900939883,0.3100555422641219,-0.06598723889369601,0.06504385306695425,-0.1257305035223484,0.011525588400070057,-0.027180857687246637,0.4566203531646497,-0.3142370634344778,-0.00011144546727243528,-0.38090029361432187,-0.09260470514275974,0.03783684210333293,-0.03260803023983619,0.1368743720972466,0.3321632020311192,-0.018632406969691866,-0.5169907922759328,-0.09478535579943483,-1.192681477009011,1.0225708216744238,0.5867569801234549,-0.6942531064786779,0.7571758165362201,0.45745198768508344,1.9268405588079722,-1.170088530176623,-0.03857782130954528,1.5554095071968501,-0.4336156486113538,-1.5883596165931493,-4.622490432903217,-2.3940162750848875,2.8178067903587096,-6.376279463247435,6.325154756058365,-5.081819677963694,19.723368849294193,-8.503776579575057,-7.290447661766013,26.101461733732297,2.4409375295569182,-48.74968845246936,-50.47731662069623,30.03428734891861,1.5294616178179066,0.0
-0.7978493703018472,0.15101331541452756,0.7827561711322896,0.8315666411806996,0.001391618020072719,-0.033761027337954955,0.5543962280786385,-0.18438234031488757,-0.060782914841442874,-0.03303786961278767,0.2902806900292875,-0.04725515113542344,0.07568622081467016,-0.13978018125044075,0.027547520097211443,-0.022504692114185015,0.49950648599966163,-0.3403308929330043,-0.0009238855570473775,-0.3606855395967764,-0.10595111795924962,0.0037431231008600804,-0.06331699205932918,0.13142938155638184,0.32348650244701477,-0.19238203787659958,-0.4481277910977404,-0.10421854541989378,-0.8199512346367305,0.8638344039980732,0.48927440553766677,-0.5405295261584958,0.8292425765970353,0.03507205855209457,1.8616813113543909,-1.111471951045018,-0.032607721756257334,1.1406925208535978,-0.20853285091047535,-1.39446585303612,-1.7460494687471029,-2.487478457812814,1.449757837821349,-5.861759575266037,3.0720366434462485,-1.4395464956389874,18.986778854805895,-8.354738837102932,-4.553441736623269,26.046664242713593,2.677440657601578,-20.222638057594573,-53.37658589562831,27.179701279638223,1.1021868026844992,0.0
-0.8049311945635538,0.1487560506020587,0.7824791947244163,0.8298521033804787,7.43708154801532e-05,-0.03290927988371469,0.5570120827069304,-0.19028314452701672,-0.06974486459554714,-0.03496766879664697,0.27766790801433255,-0.0316761910495527,0.08469935471144628,-0.15013246388067586,0.043707783598465146,-0.02482352231163125,0.5390583771219902,-0.3650180132910548,-0.003653033844793093,-0.3475171827291291,-0.11488385243213999,-0.0251866051829773,-0.04715363193190781,0.12642367043840216,0.32293219216330316,-0.34364650278385317,-0.4486941219332933,-0.095689167090178,-0.49784208033381616,0.7172278119750674,0.42190312118364137,-0.3595816277434141,0.7863394585591319,-0.23316235995220955,1.6903751073583022,-1.05841373677213,-0.13200108514368547,0.7419997540478366,-0.034419905248053245,-1.0926350002164118,0.816369009149174,-2.2046664027070246,0.8044938985924317,-3.4547098509411547,-0.30210761830286387,0.3095276177081919,13.3259790961877,-6.500918205730763,-2.769805194752854,24.066892445534155,-2.5176502003153134,-10.274128153687723,-49.81457136063878,25.102001677489646,2.8827131017252072,0.0
-0.8117903560218087,0.1463614790643189,0.7817153181825821,0.8281128791210248,-0.0009562824455929043,-0.031948240882316334,0.5596494035217907,-0.19848746105720816,-0.0791735021898485,-0.036759509331494855,0.2701490585054029,-0.018619034213226665,0.09263667955935306,-0.15649986712283523,0.05816263622576987,-0.03162591465282135,0.5738645823554943,-0.3883358197276649,-0.008539885678800306,-0.33820938422995794,-0.12087657285971679,-0.04612452099881998,-0.006785122626141972,0.12159496709596075,0.32019304807974847,-0.43214171352607983,-0.4857274888495068,-0.08226931018286902,-0.3027110506270254,0.614144380142607,0.38080800962103123,-0.17641384495929122,0.6844313874405523,-0.38065634878196575,1.4748073339066434,-1.0043857993790988,-0.22572241069066076,0.5429822015133985,0.010705623777211716,-0.7389994961522633,1.782451740580572,-1.743332596923093,-0.08552236630038307,-0.7507573845222935,-1.3675160842121181,1.3613176662681572,6.614556012711996,-3.567465342686358,-1.426305632301535,20.69813907516012,-3.398111634230256,-0.5665622161641839,-43.7613079926477,23.28080846652969,4.851039783220958,0.0
-0.8184651664390451,0.14385955937539735,0.7806192859132355,0.8263657560576828,-0.0016453384683067492,-0.030818803182423856,0.5622874100021634,-0.20792341354279878,-0.08929327781257314,-0.03836059930463235,0.2654538874002417,-0.0071567831496345494,0.09974677465942179,-0.15905000242266873,0.0706327138365967,-0.040424149590837434,0.6033247360753411,-0.4100995826205422,-0.014684908734243635,-0.32949247028323336,-0.12672475554734297,-0.059829385278428654,0.029465518821092246,0.12162547709077591,0.315628851074974,-0.48063094795993616,-0.5158421553656573,-0.06847070998749424,-0.2029380991600737,0.5541652970703921,0.33951202710946593,-0.013916138275349127,0.5924520231602048,-0.43036093270309467,1.2427492585564517,-0.9393504790546842,-0.27451998720270926,0.46144466266534984,-0.10343189132377834,-0.46208024083550986,1.6811905908832978,-0.7991940345540336,-0.8372363914726224,0.11448019222684191,-0.7604027408458842,2.2387893977973468,2.1856231115037974,-1.3098702564163098,-1.4466583822439736,15.612829681907947,-2.5564363012289726,4.926463057202616,-36.02240444314515,21.426674678854248,5.977101918379178,0.0
-0.8249510506868712,0.14123883404759005,0.7793116524178687,0.8246139411702629,-0.0021079395948284617,-0.02953870082981443,0.5649202331051668,-0.21807946941635278,-0.09977543649028252,-0.039772129333746034,0.26224560774873984,0.003383410012753215,0.10588138087462863,-0.15822447604093004,0.081639038156883,-0.04954054485705911,0.6269981343091043,-0.42967776938629393,-0.021056416128869535,-0.3198499792731926,-0.13334656723412242,-0.06844149318935344,0.05041036595147709,0.12418176392624451,0.3139180002048185,-0.5112583297525661,-0.5249504622185924,-0.05980279137218288,-0.14849747303927735,0.5205293643340818,0.29137103251848545,0.13272592818330434,0.5324512911510718,-0.42235767169002614,0.9794166581782371,-0.842446210598439,-0.278094320685311,0.4708033393278795,-0.19507368234514988,-0.27181034582983044,1.0375922310653984,-0.44547654173116813,-1.0652410085764954,0.6248198918653026,0.1928595131401413,2.2043730893870586,0.018419616532686978,0.0880742048432275,-1.064461936193333,12.111175190429897,-1.3498624665413599,6.951381868376539,-29.759396491856783,18.906313404370806,6.152949986983037,0.0
-0.831229247948244,0.13848270911648405,0.7778806786468193,0.8228416685242853,-0.0024754243752668674,-0.028192041168167172,0.5675655641677929,-0.22867440132868297,-0.11027559327737267,-0.04128416830914361,0.25991429040446473,0.01329483796558306,0.11067206474417496,-0.15432050996624933,0.09187107806970206,-0.05798953088229485,0.6443456074921851,-0.4462904080237404,-0.026841201688661928,-0.3093082316009788,-0.140737191014886,-0.07321852719296894,0.05623674959358969,0.12468796851761778,0.31528567090518034,-0.5297389905542053,-0.5190584044050174,-0.06868466969992193,-0.11393986088116081,0.4934337519760657,0.2227747881315872,0.2672104469965008,0.5041299921280914,-0.3795252195870975,0.693450624182381,-0.7097511372064718,-0.2476310036573393,0.45775771540318155,-0.3040812902939668,-0.14511563546151976,0.5114715804859191,-0.17915376383493306,-1.3149373439160101,0.6213519162775635,1.06274805808878,2.463814430714141,-0.8696161886616349,0.2414542583586603,-0.5156154750185417,8.380654948985713,-0.7157688030854532,7.167532265923395,-22.357190077501627,15.776625362599937,5.581174525460813,0.0
-0.837286251134104,0.13557774422722507,0.7763924048843088,0.8210321891826654,-0.0028334202121979572,-0.026882997703236166,0.570241545742073,-0.23937902120965274,-0.12052912050122797,-0.04315406350402555,0.2579413818477581,0.022881946160467587,0.1140666626342235,-0.14757735861129073,0.10191035863428925,-0.06514703566282767,0.6550459734525657,-0.45940959889676847,-0.03141840337285989,-0.2984024325869315,-0.14895009040661805,-0.07513837270249904,0.051305613611406,0.1214357930561165,0.31958287592739465,-0.5333387642504641,-0.5008160864962337,-0.08454928827555995,-0.10347525981271774,0.4787481236412371,0.15975695866048345,0.38717886003203816,0.49936438389858445,-0.31367612727272054,0.3979977920667499,-0.5553413015639159,-0.19110511418893492,0.40914538519695914,-0.4314608259414262,-0.06682224137680708,0.22887951398786568,0.09717390581212101,-1.4700488610249867,0.3437112868891365,1.8127061205500756,3.314565738081865,-1.3643821825168796,-0.1340229174438309,0.5726737411060749,4.4545725892790005,-0.8468837937245692,6.218422588876237,-14.409001379543017,12.195552489431977,4.4358047731075425,0.0
-0.8431249648055699,0.13250631514341843,0.7748911992694039,0.8191740761398028,-0.003225278505338052,-0.025679518241479,0.5729607254445537,-0.24983185040798153,-0.13041757663618783,-0.045584113273154016,0.25565055464255304,0.03265925022033756,0.11631517546439642,-0.13838366353208814,0.11207957476823345,-0.0706707628090994,0.6590697685681655,-0.4688336823525931,-0.03439566702009974,-0.28796614297412426,-0.15811587133955768,-0.07551533671657729,0.04088759442091665,0.11542825323574503,0.3251407742775316,-0.5185244570621941,-0.48084146558085933,-0.11348434919820627,-0.12964497032605288,0.4996734077520567,0.10837076503573628,0.4853939514619028,0.5051984208607566,-0.2365156597001263,0.10387433276630209,-0.3943228642445025,-0.11888355642012066,0.33298277857189107,-0.5681507683388067,-0.07676524524752804,0.09180183574871928,0.4018067382592772,-1.6659282167944198,-0.05563779912508072,2.208596663649489,3.8756539155612035,-1.80734817438498,0.5593874016589734,1.2985488958200604,0.37268739378684473,-1.4983398109638477,4.603644945599127,-6.337206475560573,8.418314338422972,2.9274495576147834,0.0
-0.8487793708998649,0.12924646086111885,0.7734018549380678,0.8172871922411211,-0.003635929218555323,-0.02457678171073114,0.575694717031592,-0.25970171547671184,-0.1403598425857688,-0.04937728512916062,0.25233298320912834,0.04293372406921181,0.11764470859904115,-0.1274187757474584,0.12228048936493716,-0.07447591004993807,0.6569767585514211,-0.47463334502989835,-0.03557647346905082,-0.28015676730433137,-0.16850709287666674,-0.0745502837122313,0.0373377162850545,0.11071892338212179,0.32329045546432605,-0.49026677582796696,-0.4961187930578884,-0.1956944136675486,-0.18537200266444498,0.5076107460951241,0.07068951848711436,0.5448876435520639,0.4951689168825877,-0.15801676636294576,-0.15622581268968855,-0.23684465973995072,-0.03920455365628934,0.15045679405900492,-0.7227072380234688,-0.03168371889792109,0.6134903309476196,0.8952273236657401,-2.291006778711032,-0.9158896154585519,1.2293575856953338,3.6292178954443743,-1.2368876028905933,-3.2756914132166473,2.4905188511764544,-3.935040361752994,-3.3327065392771758,2.8855280636410923,1.435821584132528,4.841900559170874,1.2426764609457064,0.0
-0.8542948989230678,0.1257770138274565,0.7719420944668947,0.8154021324484754,-0.0040285545546412446,-0.023533332339217512,0.5784023819242888,-0.26871355109853673,-0.15083550872694332,-0.05524057774789915,0.24734586006713158,0.05377253109738188,0.1183358364556039,-0.11505108784286297,0.1321976880022179,-0.07672941356536861,0.6481655309669851,-0.4769922835202921,-0.035832193145199476,-0.27456261836754375,-0.180220510565138,-0.07295023043195283,0.039261155785203644,0.1092006823686667,0.3175695709446623,-0.4534701619937081,-0.5240620284682533,-0.28964058997547726,-0.2689823352382514,0.5160254841531333,0.04152676492704998,0.5914160809370191,0.4693992092536049,-0.0892019808207316,-0.4706117504791158,-0.09093753175591528,-0.0032776216627594793,-0.0223032234907877,-0.9106130869015299,-0.059721109940886474,1.0882992122878166,1.5898266272675918,-2.9229477695831068,-2.1951796302555424,1.316551310199857,5.335465347430379,-0.7595102772005744,-5.594156586475916,2.8369959955299535,-8.225992027284367,-4.866520523812767,1.4812103267201202,8.455360224215148,1.0402744453217452,0.47078539682051845,0.0
-0.859723950921693,0.12206942878135721,0.7705201139722809,0.8135325589734913,-0.00434813429647364,-0.022455440813496867,0.5810693782983692,-0.2767795555306986,-0.1619729126764591,-0.06288673368568082,0.24023417380035195,0.06476899535328301,0.11861194948525966,-0.101534302932419,0.14133977445090448,-0.07769569835180412,0.63169447282926,-0.4772079233394669,-0.03510977446162924,-0.27177783312303166,-0.19336192193320947,-0.07158513883825116,0.05289293196507578,0.1126479790865513,0.30972655072340244,-0.4127614608011881,-0.5599059921878812,-0.36775945935048493,-0.3770736196145804,0.5099093095574796,0.022582757932977034,0.6240419607971961,0.41749577707395674,-0.030998265377900586,-0.8220566833781925,0.0005441637286715268,0.03871137987473462,-0.2113137683485986,-1.1052832003070692,-0.16131031610588095,1.7236615637618256,2.3457562363125417,-3.555828242788312,-3.692611646550241,1.165294128638074,6.9539731248622525,-0.14066309413329897,-7.608674774962625,3.0097473294123485,-12.76302695686834,-6.355335253218952,0.6157579008515598,16.782860081669345,0.21124694568254762,-0.5540923178055429,0.0
-0.8651288898849074,0.11809638737719617,0.7691248233717478,0.8116953395410839,-0.004503221593495852,-0.021207055187626868,0.5836785567183633,-0.28388491270061084,-0.17385946174180994,-0.07164203516774863,0.23059879542021122,0.07532987830485464,0.11858867620454407,-0.0870460974979513,0.14897631448950016,-0.07794262107906053,0.6066028911294785,-0.4738168552672159,-0.03276795381946812,-0.27237596132610703,-0.2078742164545482,-0.07121125255496163,0.08474494715993333,0.12263393928910603,0.2986317229730729,-0.3740168660728075,-0.6008109021067276,-0.4046874770288657,-0.5024577149767347,0.4683781374581034,0.010063472245495583,0.648134647167607,0.325740637035311,-0.004980424582131217,-1.2132363986289436,0.15070381119230275,0.11497051605261138,-0.42347912257234527,-1.303693032974495,-0.3165311175264394,2.643392541041759,3.1822942013237343,-4.2779070394769745,-5.4904304859061615,0.7551414639915202,8.863104539765315,0.7378041260885791,-9.85509802715232,2.91429731573471,-17.412219737260465,-7.682901762131186,0.368393865891341,26.62691909386298,-5.783212447297623,-2.031668340978307,0.0
-0.8705818404733783,0.11383319284042427,0.7677244305117478,0.8099157048263711,-0.004355509182690268,-0.019588564023255636,0.5862029245703819,-0.29014712304930973,-0.18652294615123557,-0.08023743257413907,0.21812176509543685,0.08465280169249804,0.11827581702946226,-0.07151008386727006,0.15438171725843766,-0.07796605336586344,0.5713843284122491,-0.4658262803309621,-0.029095939042739508,-0.27689919895467974,-0.22372293221613734,-0.07307761216394298,0.1432580875080071,0.14287596828561244,0.2828757935622548,-0.3459979015987522,-0.6451781868913793,-0.3702523991354099,-0.6416276742482449,0.3837119541576373,-0.0029845316398037962,0.6760840017422592,0.20002472520946618,0.0019491550450249154,-1.6810238398214823,0.3550687433109139,0.1704146898527436,-0.6741161521424832,-1.524279322152638,-0.5516179494787716,3.9607719350259094,4.289941759978658,-5.0462744540815,-7.892500713931156,-0.2050451299814675,10.823115655736247,1.8918275858731741,-12.26378735455898,2.1593439460197064,-22.574187334670185,-8.908683635351158,0.2943168345085654,37.8698340404639,-10.99498805944397,-3.2834339765407963,0.0
-0.8761654739415856,0.10925979824487726,0.7662478832606321,0.8082081518015899,-0.0037044262619103704,-0.017317890404847214,0.5886305728208935,-0.2959237307700531,-0.2000406898207902,-0.08680524825499661,0.20268731766436807,0.09181242049275742,0.11741062268871079,-0.05445634175279891,0.15698568244181643,-0.07798617572239389,0.5232768288475929,-0.4517545741441553,-0.02463043209739665,-0.2858845846059024,-0.24067320227894476,-0.07981225725167705,0.23940208821728579,0.176101562073144,0.26581591094065715,-0.34310869749629386,-0.6981182001772963,-0.2337480941990483,-0.7810816534759478,0.25250384174273444,-0.0247056790352096,0.7257265645740121,0.05188236134053984,0.008350995293346881,-2.2859083430124967,0.622023943799635,0.20141474622599292,-0.9451990223579398,-1.7805114641623168,-0.9411623431637135,5.642684869008906,5.678379239795855,-5.748459166902655,-11.12605581152473,-1.7581219453492878,13.133604970374504,3.5544856542138126,-14.191390589688995,3.0482350573033505,-28.895945442798332,-8.4879586196731,2.882155575918072,51.861160875814555,-18.082882709200664,-4.134202930046839,0.0
-0.8819772403342732,0.10435662675668173,0.7645437915530138,0.8063977369505139,-0.0022349814219547594,-0.01399044721863896,0.5912038244850538,-0.30292127949285613,-0.21436988916573993,-0.08742260802029944,0.18604344423808958,0.09535353388008022,0.1133033164721405,-0.034534531297587115,0.15629198914217438,-0.07809763322301454,0.45674651301105346,-0.426675648051163,-0.019822067125731105,-0.300517208751243,-0.25847919375179695,-0.0968773650895717,0.3968021868880253,0.22311868103289242,0.29862905761663455,-0.4534375425881032,-0.7536893020581156,0.14037921249080154,-0.8011190154899627,0.065937522809977,-0.2561405773297514,0.8482212645171044,-0.1269220844238998,0.012632531260124102,-3.1682603341619617,1.1304199346147021,0.2139411567418063,-1.3467598381332189,-1.9824542244556522,-1.6749550727940334,8.833067411315248,6.950569793115616,-4.507842234868058,-15.42810331512168,-4.4376417218601745,18.754962519135237,4.971029703965351,-9.931274366704184,-2.638176235166231,-36.11152910461827,-10.382967640669,3.85767173088799,71.84586629635413,-30.609071243509554,-4.432346961160413,0.0
-0.8879306474204428,0.09907018774231444,0.7629636973721937,0.8039623813673397,-0.00031595507307342874,-0.009831271596252446,0.5945988022333615,-0.31379187793708446,-0.2261031812166641,-0.07580425330210216,0.1725643270117898,0.09115329412880523,0.09750213464312099,-0.018824079087584617,0.15404803264210604,-0.07542633971129452,0.3857031288332445,-0.36736695632230754,-0.05215745447398247,-0.28451658056706924,-0.27334339240377076,-0.029117385783582028,0.2658063484881895,0.21436359443907774,0.49518896549291586,-0.5221054690581328,-0.2936680106050172,0.7779322696286478,-0.6731507485701017,-0.6212624313426349,-1.089929121693233,0.1062465551482531,-0.11650141092596986,-0.0291874680620436,-2.0299835809253683,2.2670733352243326,-3.9577332256863196,2.175232045367408,-0.29476242427419636,7.174807980798735,-22.556382824195158,-4.231399645198042,11.548245998746554,14.434425577706671,34.26296198178943,1.5309966275105389,-6.450762905805215,-51.016980667335474,-23.204473386672337,-65.62896038849237,-10.72381435051537,-54.07306146335746,177.79653066945465,-200.49710693450382,-62.2765087209851,0.0
-0.8932893552543882,0.0934478317048749,0.7640396482720985,0.8005786597683915,-0.0008589910236015148,-0.0072782414638114,0.5991828592834253,-0.3281564966962287,-0.21717117062511504,-0.032556787620183936,0.16748910606552964,0.04602971381527632,0.07499710767036344,-0.023368953742626822,0.15011207501280577,-0.08217221123567504,0.3599665447829343,-0.338048568149094,-0.11733014872326164,-0.25239230121702955,-0.27776091785107104,0.1131082329472442,-0.016573871670105263,0.206042976113012,0.6532404326650152,-0.6678726161209393,0.7425796459404044,2.41912346743668,-0.14601090189458868,-2.9120705066986776,-1.4938908654670544,-0.3034843012263884,-0.23023258343756037,-0.5211374612388411,-0.9829563440722677,1.086165906033182,-1.580238240546417,1.450184414192142,1.0677049298898378,4.832661355076236,-10.875428518816287,-5.912310751985011,9.94799356871975,16.894150597498548,6.336104656643158,-25.998120774149157,1.0007139435900796,-37.61551705774293,-37.11431061178381,12.806213605350951,-0.5592960331783997,-14.470976311529093,-5.382563572634819,-12.926443826209558,139.5982934097916,0.0
-0.8984816794151156,0.08776708566719267,0.7668664430869715,0.7973482012711832,-0.0022609905377407417,-0.005331069444626776,0.603491767590887,-0.3537887510632127,-0.1961426424509137,0.036054737432689096,0.1937455719102748,-0.06002294313427445,0.054667472555891765,-0.031954504398290395,0.14389823574599434,-0.09021136663731466,0.3435978738091486,-0.3177411802151721,-0.13421700804301223,-0.2636605754084973,-0.2729152834143491,0.15343226041557517,0.0317973703887013,0.18883088497831352,0.4236534354581604,-1.289427339838846,1.0176089233477956,3.3083824260388623,1.6431199831085745,-5.733798384730878,-1.4200861700770868,-0.35631320419182544,-0.353348365497948,-0.26732238232988553,-0.8236096908234963,1.0080691732509905,-0.44047684381537233,-0.39544102187694946,2.1915465071194076,0.48750497835576884,2.9018748587845704,-9.673907187543891,-14.594494520522977,28.01203562485691,-22.57215453862594,-67.07219337818171,-11.436535222184556,18.58379573926984,-49.51065587847355,16.407566893067724,-3.372466878440725,17.072783217758055,-4.503013781272201,-0.30742397963373175,32.49568546730154,0.0
-0.9040197363103214,0.08231537478160711,0.7697253128735353,0.7957238367289803,-0.0028777300413426786,-0.003246775019229308,0.6056440809444891,-0.3923638259510884,-0.17988451930468455,0.08883554171863264,0.2592075019243026,-0.16580642187527486,0.038774113759611,-0.041674230216369346,0.13540869394653926,-0.09299789025568235,0.3317440374505074,-0.29924687430475777,-0.1390120870340922,-0.2844570017972575,-0.25564614645442574,0.13685274260237082,0.12386281169328896,0.13467581376565163,0.08387331260006159,-1.8878965331416466,0.5879670208515563,1.690735156311262,3.5306916655331833,-4.3704818254568485,-0.6348066863255399,-0.440223011369221,-0.4676309547085428,0.046666207354134126,-0.4834957365285192,0.8633831631338046,-0.09613746320625656,-0.6803768820036624,2.8262361030014334,-0.4817145191061493,6.041140912536529,-11.921090554888316,-24.82856986486643,38.87939500817752,-27.098554227383342,-124.90676560398313,-44.4565314759682,109.42904077453811,16.623794868605568,13.145255661658148,-4.206029896033461,25.762683839995525,8.615804856572824,-6.7712458340734525,13.317373526779242,0.0
-0.9098871297508289,0.0774241236695239,0.7722303031928098,0.7954204038911943,-0.001974289691663201,-0.001210366503213452,0.6060536430603409,-0.4304310381241076,-0.1730990347580334,0.1035509946361268,0.33622354130110527,-0.22670324712837436,0.02924905942055985,-0.0518017842843466,0.12336282912314801,-0.09283046031158587,0.32704710530687625,-0.28482496507183536,-0.13860014490163386,-0.2998224866559734,-0.22667594712173905,0.12126627436935211,0.2662826812401477,0.043462286303046146,-0.0061043303190935275,-1.5801206321573842,0.19138677271063442,0.26835562870252083,3.2928034385728533,-2.237149079162686,-0.38293003679487664,-0.4634440082101162,-0.7041483889163841,0.056581517053736666,-0.11190976698557953,0.6252973347313362,0.1153165055395971,-0.6684752207653216,2.394400862086466,-0.1141265978993003,8.450762285184132,-8.999679223496855,-7.617232256761693,52.32017434101265,-12.499232397505489,-31.886455799449884,-101.08904726435998,66.73568398662123,8.635813989697748,9.712439175015119,-10.777039223639456,9.141809119418953,8.99341346453285,-9.281405195327206,10.082333683575351,0.0
-0.9158933503367308,0.07307783841235933,0.7743270569763196,0.7949162293933517,0.00031214924063595616,0.0005306867188416921,0.6067188881034735,-0.4603591955808711,-0.1701654535495488,0.10541891932370878,0.40481562420708306,-0.26162972444166394,0.01673408423644143,-0.06152910347437067,0.10779643834548941,-0.09415396401019223,0.3290245425253556,-0.2754772788441806,-0.13409833651255765,-0.3004768269524664,-0.20289805354825433,0.09683919961415688,0.3153675299691477,-0.06605122385404093,0.1327946798659096,-1.169046893898429,0.10936861558030712,0.02857430185977617,2.8797932922830056,-1.3245663449386933,-0.5764731778208844,-0.4186523834455594,-0.8371464838717542,-0.11194928696644534,0.18053614968817908,0.3712159069797257,0.29648372417431246,0.006722994974018352,1.9111101931676446,-0.5783494954300161,3.4848415784401543,-8.780286277821167,4.343226905975268,48.58489674411085,-3.8503817807998635,-3.3346792620299768,-91.44397893225862,38.6560142235519,11.604264675776774,12.152166860640392,-6.198695183048148,-2.4392837720628195,3.7240134220747865,-8.557957378993335,6.558846713353596,0.0
-0.9217984985764315,0.06918871840785962,0.7759270212660918,0.793663231182901,0.0032943165785606575,0.0014144428893563138,0.6083467944338252,-0.4799155724218315,-0.16665916540248818,0.1047218217271705,0.4594232936831886,-0.2820233755021913,0.00517507485718754,-0.06942309007011345,0.09122496775900185,-0.09789105847777864,0.33484265612264613,-0.2702586277448029,-0.12704254351121053,-0.2910574361742727,-0.18363930172793708,0.07033641103191042,0.27717739912979467,-0.16385281094063733,0.250950373354005,-0.6670685297743955,0.22293750677424928,-0.058459391894587875,2.203857139284713,-0.7695669519203987,-0.49419941528286604,-0.3208369500673149,-0.8230996352421918,-0.2235676532547113,0.31818871222963163,0.19977014209614083,0.3784845408895266,0.46590483004162353,1.361200996926178,-0.8423667784431293,-1.3205220664436763,-6.615926902910316,4.356676754956334,41.09899657869056,4.9888884141659435,-1.8532530584843157,-75.7434154851308,22.439474228187418,10.795109623342041,10.836922590759249,0.7666087406577113,-2.902529142198478,-0.4479768255345683,-5.005595674879885,1.4930082603129844,0.0
-0.9274836925096603,0.06563221089473062,0.7770227321837491,0.7918921001017645,0.006270554525838099,0.0012867547490616666,0.6106274856281635,-0.489767776360157,-0.15970409286393827,0.10232787121638126,0.5005377945108952,-0.2941285515470355,-0.004612519999631868,-0.0754511334051633,0.07585554365224928,-0.1030472328409193,0.3424252716175085,-0.267622442095552,-0.11941961071961088,-0.27907160600782926,-0.17055032132198206,0.0454464908356564,0.19456870556925104,-0.2212329649341709,0.31193630581227794,-0.24865000921467634,0.440166523095967,-0.15316899382579058,1.6534247870156324,-0.4544142973376041,-0.4165584929626054,-0.2508806578596824,-0.7279339866511989,-0.2753718102030247,0.38513269205960843,0.10002313516368673,0.37627904038201265,0.5487485746037349,0.9086646773151156,-0.8445272276464851,-3.605646932549227,-3.7681187405362038,2.130250679501748,31.18594319592862,9.595272362169261,-3.2703730167756127,-56.64094926446313,13.853249504205497,9.268378319905151,7.2158220309257395,4.397623031653037,-1.5060700204682427,-1.7494041114328922,-2.0925561828058044,-0.9416910472779807,0.0
-0.9329610477115289,0.06227580068438481,0.777650814718179,0.7898358938045449,0.008753896490601707,0.00039277257627620845,0.6132556366507455,-0.492908548657727,-0.14828504611589335,0.09827231095107483,0.533232941247111,-0.3026061973954934,-0.012590926369221628,-0.080861096479984,0.06249295784495702,-0.10904943377574246,0.35140071426802416,-0.2666325888573401,-0.1123274561144026,-0.27022867052252364,-0.16348379497566992,0.02330543351117397,0.10680601290029924,-0.22635675004733205,0.34817346273483213,0.0021497500153308535,0.6609262644255489,-0.23758100163480933,1.3645287466006704,-0.32746816360305014,-0.33620491900318783,-0.25636292790477827,-0.6251322883362805,-0.3124267872550728,0.4572931338659818,0.03209373351315857,0.3434368583713935,0.3574238167030139,0.577227689112183,-0.6943231448666145,-3.7501481034593382,-0.8541352638484175,1.3350312103892732,21.329215287336144,8.789374698820348,-3.7359735152825495,-41.95591913336008,10.528285735158628,7.695910970974761,3.1271261861951682,4.487026457429461,-1.0448614421539675,-1.6708926365685826,-0.4470808286884777,-0.9025535367610038,0.0
-0.9383056777621015,0.05906629740585082,0.7779197011759419,0.7875647445945047,0.010577057880942656,-0.0009854796337131684,0.6161403474438824,-0.49155443700700774,-0.133207773717564,0.09217078089310186,0.5607653580529156,-0.30939286482289835,-0.018935587690534758,-0.08618666482801036,0.0509882047317708,-0.1157368424366515,0.36100106957586486,-0.26638779554311964,-0.10585342342810952,-0.2657297472304753,-0.15635350451995128,0.008266113045129213,0.03168067652365663,-0.21542818753168927,0.3804204005879865,0.1908866745059416,0.8146348920645095,-0.3405515121044139,1.1641493111217884,-0.2671410522311558,-0.26517449888474726,-0.2537749509219371,-0.5427231572611448,-0.3438522211678643,0.4686055626189368,0.011159862467719456,0.31774636325394273,0.09526903001619094,0.5405069973484015,-0.39569835450415713,-2.8782844483933667,0.1459525565797987,1.1365199403349335,16.85869906689006,5.616262032788069,-2.7459597059000593,-34.42907214349598,8.673565056224605,6.280847395556024,2.491844167392617,3.1215128537262578,-0.6368993147260151,-3.1143477071077674,0.8599504273488975,-0.1583474630297811,0.0
-0.9436068651353544,0.056034708419404014,0.7779777859059914,0.7850597154719331,0.011847996554066171,-0.0027256432108749805,0.6193007661789778,-0.4864339826466524,-0.11617219751802535,0.08351250381449278,0.584746071768051,-0.3152137436648432,-0.0243136502289789,-0.09086905838105362,0.0408207982933,-0.12309651596005121,0.36992514961792144,-0.2660581660418332,-0.09983376647029067,-0.26578565345708666,-0.14663982507774617,0.0008591246979205426,-0.024638108224829647,-0.2106502768285077,0.4179179454877252,0.36645636954217553,0.8770251648493356,-0.4592063465440924,1.0301098977343075,-0.23040009891090346,-0.2267587874185047,-0.20910941837874655,-0.4898006404871099,-0.37550597921300904,0.41211230833107176,0.028786939863999852,0.30028427873230784,-0.18218868547329795,0.5791380307675833,-0.09274279197328585,-1.7340247882472704,0.33656311136179856,1.03810932797815,14.56118244549815,2.222637629352621,0.03461811920945306,-28.39266128218842,7.677598037512033,5.471463684115194,2.8946594125531186,1.4389655580660372,-0.15276946753062562,-4.498993755286764,1.7893965012946618,0.568127638457567,0.0
-0.9489462161355656,0.053230753326757765,0.7779691947019876,0.7822948215695117,0.012731851110835071,-0.004820653714264835,0.6227595630824019,-0.4775763045086807,-0.09878627420166114,0.07212099289415949,0.6064412742396462,-0.3203947023212856,-0.029177406593640872,-0.09394234070065094,0.031578736013758525,-0.13112022712150506,0.376698017653151,-0.2648512064252174,-0.09412491439000661,-0.2696700148561858,-0.13478724970945438,-5.355902809562338e-05,-0.0709305598078287,-0.21601730812451678,0.4558460392309801,0.5480961058770984,0.8693720493331297,-0.5782807477965578,0.9520696475513988,-0.20471527209627943,-0.2060274847606171,-0.1176607343492163,-0.4513633808192276,-0.4047952471645889,0.28521502724436293,0.08338445449524906,0.2888923604558275,-0.4385986667370392,0.5682965208189079,0.11147943818559089,-0.9231855041136057,0.5188301413040776,0.4872043481079595,13.112447767987895,0.0503452591190645,3.8736609010047847,-23.61950096366408,7.128860498080953,5.069663609667548,2.798213836397639,0.36018781021486207,0.657723659417092,-5.066678395375153,2.2659701892659223,1.177601066926131,0.0
-0.9544120557886258,0.050676083865819406,0.7779912712648371,0.7793153051569491,0.013355516710812705,-0.0072337171651182045,0.6264478898180541,-0.46483182431418285,-0.08219573411770685,0.058672533834768933,0.6262699044207788,-0.3250802230522014,-0.03390041096140957,-0.09494920711733329,0.022949273049060363,-0.1395645167629006,0.3805673069105303,-0.262369361834183,-0.08846221828153772,-0.27823453584188607,-0.12267568450401183,0.002652678729061617,-0.10473063116394506,-0.2223520433811397,0.48017258521114087,0.7357729514993809,0.8112889968570614,-0.6511640773776504,0.8761409239349451,-0.18575633338738193,-0.2020344752889034,-0.019493400349746687,-0.4279339704093417,-0.4165488272044226,0.14120553799736607,0.1486735423455275,0.2922119811672423,-0.7060232333643499,0.46962311784492844,0.18695192684380896,-0.19964383774340697,1.1006155672511788,-0.5311418294889654,11.325065492548603,-1.5751872726120026,8.04899548712679,-20.207999113155875,6.560373899985341,4.947897554645718,1.2085857694112045,-0.5186170526555034,1.8713496452902334,-3.891242604805699,2.080096707554642,1.716268192052052,0.0
-0.9601117261353165,0.048339393535316834,0.7780814455519357,0.7762574910456335,0.013766725452233891,-0.009779596448370136,0.6301897685294234,-0.44840956242115704,-0.06713949418591954,0.04468722658463841,0.643775086931745,-0.3296065873957708,-0.03868240233907806,-0.09444996978020256,0.014586138548798103,-0.14788477966968455,0.38187674779855507,-0.25866648513351764,-0.08250642129069881,-0.29239376978466863,-0.1133899527895176,0.00605775574608733,-0.12355890912338179,-0.20877737928093734,0.47809681646238095,0.8986302741348411,0.7210303488051386,-0.6457133523766059,0.7672405831482301,-0.18547986188458251,-0.20623225318139604,0.030025691663565446,-0.4215137301776812,-0.3974255374380996,0.03167614156942921,0.2059549808484508,0.31178691974950845,-0.9709858516272273,0.2506646874098921,0.152277303930195,0.3420571760959182,2.4691809970323737,-1.7456075237817092,7.94486128815322,-3.007048954363124,11.143958692221323,-17.207408799611127,6.0488275825089355,4.931283791196175,-2.0574494621349286,-1.1824263945928186,3.181578135683715,-1.5973902462569225,1.6839224898407963,2.0367639496840524,0.0
