floating_base_joint_x,floating_base_joint_y,floating_base_joint_z,floating_base_joint_qw,floating_base_joint_qx,floating_base_joint_qy,floating_base_joint_qz,left_hip_pitch_joint_q,left_hip_roll_joint_q,left_hip_yaw_joint_q,left_knee_joint_q,left_ankle_pitch_joint_q,left_ankle_roll_joint_q,right_hip_pitch_joint_q,right_hip_roll_joint_q,right_hip_yaw_joint_q,right_knee_joint_q,right_ankle_pitch_joint_q,right_ankle_roll_joint_q,floating_base_joint_vx,floating_base_joint_vy,floating_base_joint_vz,floating_base_joint_wx,floating_base_joint_wy,floating_base_joint_wz,left_hip_pitch_joint_dq,left_hip_roll_joint_dq,left_hip_yaw_joint_dq,left_knee_joint_dq,left_ankle_pitch_joint_dq,left_ankle_roll_joint_dq,right_hip_pitch_joint_dq,right_hip_roll_joint_dq,right_hip_yaw_joint_dq,right_knee_joint_dq,right_ankle_pitch_joint_dq,right_ankle_roll_joint_dq,floating_base_joint_acc_x,floating_base_joint_acc_y,floating_base_joint_acc_z,floating_base_joint_alpha_x,floating_base_joint_alpha_y,floating_base_joint_alpha_z,left_hip_pitch_joint_ddq,left_hip_roll_joint_ddq,left_hip_yaw_joint_ddq,left_knee_joint_ddq,left_ankle_pitch_joint_ddq,left_ankle_roll_joint_ddq,right_hip_pitch_joint_ddq,right_hip_roll_joint_ddq,right_hip_yaw_joint_ddq,right_knee_joint_ddq,right_ankle_pitch_joint_ddq,right_ankle_roll_joint_ddq,fallover
-0.0027421307328519655,8.737507702648877e-10,0.7906008645183167,0.9999831152630317,1.597928729102787e-08,0.0058111262972002755,-4.862312507598205e-09,-0.05757097643335702,-0.0006896505052695505,-0.0029780136412001384,0.12569670047223272,-0.07618242263391398,2.7516392895085615e-05,-0.057570981578436965,0.0006892804977533147,0.0029781814403752106,0.12569668590940763,-0.07618243825327659,-2.7555718382952283e-05,-0.16201217655187258,-1.3815040528913289e-07,-0.20886621142642928,-6.422664153380801e-07,0.6749498579004031,-1.6199792552671605e-06,-3.3278256815342258,-0.000836878563749633,0.014219305791013027,6.7477049258397415,-4.853138256753754,0.007068559153738307,-3.327826241084361,0.000842126993623165,-0.014222935012854362,6.747702736553316,-4.853140604694491,-0.007083299973987094,1.2119119216013121,-9.626814352933029e-06,-8.495753051281897,-0.000638222426356262,-7.456164679069914,-0.0001893507676475863,41.22852759103926,4.45100488663683,17.560690904562144,-197.71694488381587,-60.2461452427941,1.4446619671613052,41.228509608719094,-4.449010304663,-17.568464364197563,-197.71723314588044,-60.24609536149466,-1.447843887750788,0.0
-0.0058367924919655945,-0.00013364972445147297,0.7872697085069971,0.9999297219850695,0.0009835989963464028,0.011352070765144367,-0.0032732420043066176,-0.10599605182379812,-0.001737350390893347,-0.0014811478772772783,0.2069755795506759,-0.12791080331087656,0.003196398342550918,-0.1368955402728758,0.0008617101952558644,0.008316589947275002,0.2702259740906903,-0.1486278380042235,-0.012140139798839348,-0.12631687868524552,-0.012952028316608029,-0.1261174041332278,0.20209920801559172,0.3451871480197603,-0.4204826958968561,-1.733761694013368,-0.11685472002749413,0.30771321965019793,2.7553270558079648,-1.3535117957754834,0.10619905662718881,-3.751817779938635,-0.04682620265884644,0.37836446794888895,6.707545230569692,-2.457846705725512,-0.6624794555775023,4.801816797106811,-1.272837715310126,3.65151766537689,5.790042181908279,-31.36850028619451,-0.8338356908271967,83.82153987867798,-2.678464310515871,9.310559836351716,-110.68042618952104,81.78055464628008,-6.682481902410024,73.76570356099474,-0.8777237731956837,7.6487489808928375,-111.19354187506987,83.37933972151532,12.294098569247009,0.0
-0.00799355658679383,-0.0011140170284966494,0.7855962875893812,0.9998935078943496,0.002744377654187295,0.012292964794871198,-0.007370500564801352,-0.1250329942306851,-0.00225791961720363,0.00429786254876969,0.23931696290148144,-0.13926267736045492,0.0036443059126733185,-0.22192466751194506,0.0007508378782918763,0.012120486754519462,0.46123599432460993,-0.22511697359153574,-0.0174581612924009,-0.06450829706795179,-0.0859193575879529,-0.04472687015286367,0.10085641370460423,-0.23000675015787247,-0.22773153251802514,-0.20453377932182049,0.07086409120368703,0.08468365900423487,0.8611837321077507,-0.2322635867827727,-0.03868245937903481,-3.5366801547377213,0.04614930911037565,-0.0914549597362243,8.949046126952265,-3.0885821826751982,-0.1773649303398828,5.966931371542987,-4.636631408285726,4.571691211900995,-14.08571923313274,-40.724726889349846,27.670132474021745,84.18611327281215,14.374755841615015,-32.27136931927192,-70.262716927436,22.233689607835284,-4.514082336439041,133.10846888118124,10.664753200800149,-30.16179002161263,-212.0978374281098,96.796799812768,4.768579926982177,0.0
-0.009110210503628643,-0.0036038032688464,0.7850620961765917,0.9999274787846342,0.0025126981784643525,0.00907602324753694,-0.007506618498308515,-0.12804764316258405,0.0018876521922934738,0.0014306340298628293,0.2575067663773374,-0.14454415597464113,0.002595091385714943,-0.28079371424218985,0.003365935362469778,0.010338946684085625,0.6118811350825675,-0.30580263324036583,-0.012140024000188201,-0.040517134828782296,-0.15800585357587704,-0.00640436832797606,-0.14760222826185657,-0.4337462796404428,0.17229127591865567,0.014143996182369237,0.34475347982208976,-0.37115744169218606,0.8106581649363064,-0.2385349767658854,-0.10353382261190953,-2.1937121088981804,0.20399245087354856,-0.1657756610302482,5.63977945265958,-3.678810706020062,0.30362061057622663,1.9413501931923838,-3.782973232632403,2.481764187065032,-15.562043714544066,-13.561076409641544,19.770023529720632,23.436193640811457,17.01640170395522,-25.9206209069988,-17.712791359197393,5.400274200660353,-8.02237016920179,90.28911970458928,8.866640986261157,-10.092877515920064,-229.72049471214177,67.66755420593637,-4.645771964193029,0.0
-0.009890905553016232,-0.007149451088996429,0.7852452896140614,0.9999713106658509,0.0006420290339915079,0.004452102406281899,-0.006094622884475711,-0.12423090403737516,0.010562089034368047,-0.004551484029141183,0.2680133343238315,-0.14697034868234535,0.0026657463332080966,-0.31683495299483766,0.008400188831406372,0.013379089048251101,0.6931877007342098,-0.3609678413600456,-0.008452465088188784,-0.03675454294416221,-0.1932108678539234,0.02100201470073464,-0.22429416297852964,-0.4961149436047438,0.1329998545205602,0.3326832374292083,0.509350359757334,-0.2868160027151363,0.31560181390092135,-0.040372422981253875,0.010142101849736958,-1.439574579006845,0.22542145747262465,0.23079004477694784,2.719588506030964,-2.211528951145038,0.13379483083970406,0.20938294114513378,-1.7476108365344765,1.1440865070364523,-4.7279330819805,-3.768422165851755,0.03718110850959841,13.87903832349445,8.384392930455162,-0.923619811372475,-19.442250957331453,7.064226891626433,-2.548159919710379,39.1682688562145,-6.946577196205912,-0.9036576525418529,-142.3741799481149,47.92004742615518,-3.7915206275099806,0.0
-0.010920909265671712,-0.011221020582386226,0.7855665715407988,0.9999847156530915,-0.001565267477669678,-9.738482322960637e-05,-0.005301784051106146,-0.12005691301020639,0.021388342418091212,-0.008406870382454358,0.2770699327974284,-0.14891711028012566,0.005745313247655473,-0.3459105073544186,0.012086075203363068,0.02429814066475723,0.7364854287009962,-0.3867485267447991,0.0001728067220764035,-0.05881855969127325,-0.2123480482000244,0.013525203814240369,-0.21856800172913549,-0.4488452011366703,0.05466582769750254,0.18397213964976336,0.5686998848149682,-0.15548616053381417,0.4714379200070723,-0.11205299578102514,0.14690034023072093,-1.3560094908567972,0.06955766100935765,0.5987936531861109,1.5472902904657784,-0.907865174085731,0.4131395892262041,-0.5398698024210538,-1.0082493082113302,-0.20158288785499498,-0.3407182046522113,-0.773483397266277,-1.4972352720584579,1.719379843804537,3.2008741629064987,2.0716010335695767,-3.0233969320283767,-0.02264347030911279,-6.975074151474734,16.36975710975033,-16.748222955116205,-4.500861271837576,-74.02238809592158,25.267678079584503,-8.640367191454567,0.0
-0.012348428016139164,-0.015551143848216011,0.7856217070680909,0.9999744910386829,-0.0032662343314829793,-0.0044285806612093135,-0.004553752139188028,-0.11989724375001874,0.03139226473079897,-0.010766235833614544,0.29242673992933005,-0.15478252114087196,0.01789304142311657,-0.373239043714406,0.007705623323707936,0.03553101451755934,0.7643954738894017,-0.39295291183434256,0.014115341206274876,-0.07570300883882032,-0.22181250339889844,-0.003916444054180073,-0.13883319895125237,-0.4518681267437532,0.09168669752737195,-0.010543232720602537,0.47159085655103095,-0.11295742793906721,0.8280909140800571,-0.3369297812290094,0.6578754201732333,-1.2566088928973689,-0.4442719660452297,0.4926580460858938,1.0817777940895208,-0.09465472034890944,0.641757373671208,-0.15125047187568,-0.7222868383059338,-0.5854478290966436,2.4555247591612437,-3.6568103397320546,2.085702496907197,4.704853929346728,-1.6937978828747962,-0.7103130773209017,-2.72814177403123,0.11977238217537123,-8.272736003690941,18.656280947703145,-23.471704964395364,-8.395573674726814,-43.83312174668228,9.737444579153248,-13.242890475520895,0.0
-0.014020926163769269,-0.02009391383567741,0.7853028158271009,0.9999467032113136,-0.004140939830647808,-0.009055685114400682,-0.002727255259896107,-0.12368048137839924,0.03853699319809664,-0.014325951082445386,0.31595582414633155,-0.16577906223251485,0.0424423319717391,-0.3962527825556319,-0.006848453450796139,0.045213097780333715,0.7836642998054899,-0.3874997711719511,0.030088514991097465,-0.08402108129582027,-0.23408128152644567,-0.023741364975431313,-0.055366107909801746,-0.5031417229421816,0.23667845903066106,-0.17692040059823802,0.31599350622022965,-0.21982135338608633,1.2161521605431045,-0.5738204244837779,1.2257010990479045,-0.9699544253414799,-0.9104584381836051,0.49027401143802435,0.7411425129935874,0.3283697463801024,0.7071578309388201,0.30464465611503355,-0.9378159584266985,-0.6762429653900617,2.3428857880363108,-6.118094996062216,4.8493897994760795,10.279722025316504,-1.7667181155018088,-3.5970776283242416,-8.773983483779215,4.406467286524487,-19.693183746712204,25.25647256894364,-16.74171239600777,1.932959588796015,-30.71358997693629,-3.3286613778501835,-15.223151829342155,0.0
-0.01579637245680411,-0.024960966043090057,0.7845106488634582,0.9998876528812339,-0.00441858793148791,-0.014300764676923658,0.0008036330030736825,-0.13073114066172528,0.04306231135709839,-0.02070678637839261,0.34757253890677375,-0.18146226737629975,0.07579208561455851,-0.41116335532679943,-0.02835439618438722,0.05628140530503514,0.7925061269117436,-0.37097116042571715,0.04677861574976402,-0.08752598729875265,-0.252905340037312,-0.05065450565712176,-0.004908532017259393,-0.569014176546823,0.4111736114727402,-0.3299062479594255,0.20420242309085157,-0.3683247115399462,1.60668513900436,-0.7936620988844215,1.5461230843402118,-0.5236232244627249,-1.165095689849642,0.612771858823959,0.2262477606699056,0.8261058705745907,0.731451454906149,0.41828454851312585,-1.1795870660593197,-1.011046741664367,1.624439246779419,-6.082336929939056,4.339852960461642,11.783128103405847,0.18553582400806712,-3.0556372041974607,-11.836187494752073,6.58405463105051,-32.53017015755524,26.210859908349704,-7.113058688438353,6.54001745140757,-21.06799034699947,-14.076579773216313,-16.09176125468889,0.0
-0.01760931034814514,-0.03019425829261732,0.782995301732594,0.9997686887140148,-0.004371091137501209,-0.02017058659074474,0.00605062524967456,-0.1418265966218299,0.045687464710283954,-0.0299771005063631,0.3891119089684324,-0.2025877912858369,0.11355998047902124,-0.4130680343232683,-0.05323566633291772,0.06918393260094251,0.7770260499104882,-0.3317249359125737,0.06986731383622605,-0.09005091113615225,-0.26927533042295687,-0.09656054200760372,0.039022423859716514,-0.6201410380437111,0.5542342462928876,-0.5615658965631256,0.10865449645926609,-0.47981911942471456,2.1441599269079807,-1.0864305366140672,1.6472058162573142,0.15075740597643533,-1.2707004712269416,0.7018214263900305,-1.1215768205856047,1.9120994144162033,1.0543705922179563,0.2224070011739388,-0.849064401392219,-2.1708914446387038,4.198353453272083,-4.10544406332476,-0.40013190728983594,9.392712446818791,-1.0683187842338242,2.6934783807523877,-10.29368604031839,5.649289215157639,-46.156579861382255,19.691951377102683,-1.0874711871683513,7.351910016410494,-8.849745869001838,-37.323833612077024,-22.144994696668935,0.0
-0.019442013190463583,-0.03552034655801877,0.7802774218456273,0.9995585108382102,-0.0037562181827715483,-0.026322058941818917,0.01325984347292487,-0.16258553033437698,0.04983343677742142,-0.024797898101808352,0.45070171710361184,-0.22786951882759393,0.13974341770807158,-0.3884400887595645,-0.08201468580595173,0.0788127335474485,0.6837504576600941,-0.2247600601013542,0.1204810008547746,-0.09291845235183382,-0.2633899702809895,-0.1853816182256998,0.15029961865809835,-0.6164460544715556,0.765985393997115,-1.1268032634481864,0.29263854297591224,1.02532491762605,3.2722917602865658,-1.4361565494300301,1.095199844304662,1.581267129325041,-1.4841554820706142,0.4901696203561998,-5.584090186804997,5.195511895900841,2.40920179418829,-0.2734048784247303,0.3418542220970335,-6.331938065063977,11.992256459422071,0.9655254044876236,0.2758101858173978,8.063320461646912,0.16103471550372728,52.98861783404914,-15.52647467993466,-20.367921180389637,-19.122083625749223,1.8678915018070708,-0.07217718971034137,12.394309801947632,22.784453928795614,-111.75754936099298,-47.8228289963541,0.0
-0.02115550923378652,-0.04042811288622808,0.7750159539606893,0.9992358596088429,-0.001108353582212075,-0.032604473346608785,0.02152711643262844,-0.1867718667578712,0.053501554831994924,0.0018713898048945835,0.5235619168579819,-0.268040881459892,0.13822452252119266,-0.33831884008112356,-0.11737646750484328,0.07720418812746692,0.5059726936889033,-0.03469411020253636,0.1997664142192274,-0.08819832990198992,-0.23003990017960949,-0.3456308352334434,0.45284067113982357,-0.6128326572003584,0.7403865108707635,-1.1208769535580148,-0.05711321820964001,1.2726360644701553,3.383079897197605,-2.2933418589241987,-0.31706079065469395,2.446583967821372,-1.8241775858259814,-0.13081371984459494,-8.87683190719162,8.859990612476503,3.6486255696733867,-0.9816155131380608,1.7587214984738526,-9.948445947251557,22.91716604719029,5.560578928208528,-16.66020213408925,18.141967494202614,-38.080991675207386,-31.560108092671744,-52.258992251551184,-26.43021892660109,-12.85164319625472,-60.14174038181321,2.9818773776858984,17.351488418860477,161.6531722017352,-199.69434634779466,-74.14763295833511,0.0
-0.02327954501194694,-0.04470373152867457,0.7664270791528801,0.9988940699005494,0.0036411988308802613,-0.03804010890483717,0.027392132138598344,-0.20930095388255646,0.03872895645036836,0.005671206276249025,0.5895363624824355,-0.3085541644772734,0.1132226836765867,-0.2998617858137458,-0.15052179150219525,0.06149661096313305,0.380818292303672,0.0695122202442697,0.24236966551095315,-0.13675229511620482,-0.20857243386904453,-0.44460822625599095,0.387426957830186,-0.45016001228997,0.2840997000385454,-1.1197390707463,-0.8000594943121327,-0.2279142552369086,2.9501693414494934,-2.2534524206753828,-1.350261651759031,1.331721203768403,-1.0165154653499575,-0.893984222008169,-2.8270808170607915,-1.6819469724129337,0.5728983503048182,-4.698697933082591,-0.19557131016903967,3.9421950375693466,-11.926147449476401,16.24558752947274,-32.32103609609551,-52.195893942263986,32.44197958086825,-104.45268580590113,78.3574370207992,-49.59395801991335,-66.23656861639344,-35.88023548423751,72.0428031774295,7.3143777534683405,217.92969660012702,-451.03676667483313,-103.4806677737982,0.0
-0.027469774291843434,-0.04847374072092648,0.758498209378347,0.9987945007360932,0.005580305429727042,-0.040668546663762566,0.026916069603592607,-0.241440361625729,0.020983573692954793,-0.01965584053340018,0.6559534901278253,-0.3433392022304383,0.08698789386990126,-0.2955145559411555,-0.15693880765716328,0.04925554779628622,0.370523087205472,0.009724528526899482,0.22848326701852723,-0.27902473348041595,-0.16446635246131472,-0.2965326590783721,-0.10324203571156647,-0.1125339856084441,-0.4976063055234238,-1.6308439347803751,-0.5822183613660067,-1.3919278320636976,2.882691844176252,-1.2496435045982943,-1.045429785180444,-1.078553155339422,0.4677925331128704,0.10144929113606077,1.316468029149693,-1.9637027197084158,-1.404335521043675,-6.133607571004546,3.4575613733084043,12.654389811366523,-33.18182961600084,8.763132839536397,-46.983079434796544,35.9306113637706,24.436697917128825,-10.0521551445397,-118.02725389433111,167.1142629406565,48.62388877408918,-106.46670301190866,77.24473793308998,74.60689581785488,130.77211717935586,177.52450192434804,-1.006917214329986,0.0
-0.033827910082687644,-0.050916576239893666,0.7540499268361947,0.9988759120441267,0.0030382683682667892,-0.04231097430303492,0.02115331455974385,-0.2702758403465754,0.006233708673725671,-0.052982692487233536,0.7078958276880983,-0.3598037362215097,0.07194449309388705,-0.32532849456287893,-0.14205995152508066,0.05546681812555812,0.41055085996129387,-0.008783602103779596,0.20293320709307439,-0.3292905566813498,-0.0897891583643234,-0.1725086449357008,-0.38859075297813706,-0.2883963731324139,-0.5669392938214658,-1.07000828615514,-0.7583138959129765,-1.5857397468959336,2.110284264539398,-0.5985806286853715,-0.5718099552869599,-1.3057624253729885,0.8398238984545543,0.3007234907370978,1.8399818272063881,-0.26133757264547963,-1.0621952150971592,-0.08085990582681143,3.261033483774373,4.622850681335023,-10.404109442458054,-19.19830050993959,3.451720276094622,60.30510075534188,26.200187178174303,97.60574993561491,-95.02108470284732,-30.745242092843647,6.891219049925954,48.175249254198455,3.675419219911399,-12.563425400894126,-53.84144434943748,59.08941476930341,30.843152992511268,0.0
-0.040740839577971664,-0.0519584880592506,0.7509836608140594,0.9987862751777887,-0.0010233416513493214,-0.046237782348413525,0.016940979069781075,-0.29078632819307393,-0.008081695468055108,-0.07050840967135427,0.7532699471139,-0.37627769637832265,0.05923175599349961,-0.3442797232059458,-0.12705855180327535,0.05813677744900835,0.4383149175418698,-0.007149697219840432,0.18408382099339313,-0.35318162788522833,-0.02092175219705758,-0.13727015234735493,-0.449404808921644,-0.4926390045755957,-0.27355040205021397,-0.8281761775072977,-0.7037047969637159,-0.3338145843465034,1.982439175761502,-0.7265397491381674,-0.5574293815246618,-0.5724545805109993,0.6457762571827074,-0.008383035659769025,0.93349264363696,0.322709067367522,-0.7925871189072298,-0.5698804009269195,3.4631839650098972,1.6905357107524832,-1.0003672538549762,-13.147530079850533,14.236921778419953,30.063305712349614,-3.3308435351948904,49.03583153008691,-52.83264399454809,17.450781988987345,10.88188258232824,44.1652870199228,-13.301111097009551,-15.59248013139716,-51.679877813357166,22.71201278203836,18.174075410871232,0.0
-0.04822716747312197,-0.05165224767336871,0.7483489029193158,0.9985457977054762,-0.005494902122485664,-0.051568741879848515,0.014722798522260959,-0.3079810071022946,-0.021610514209827132,-0.06669234196517841,0.7977136002561775,-0.3985816582081372,0.04653506101303849,-0.35049197298369866,-0.11551304932415173,0.05683189642331981,0.44756913178796065,0.003744395624637368,0.16878475462855436,-0.38831291607466145,0.04589829855834203,-0.12596920339006468,-0.4629769370874136,-0.5691450980156968,-0.15207279428081796,-0.7356643986978477,-0.7099151497381694,0.5034093058101698,1.9896126903072866,-1.0145556043686177,-0.563697325650705,-0.09680405252107088,0.49875572611232377,-0.09796299412226803,0.11836528793806586,0.6904359733426777,-0.6448673160848478,-1.409733151286318,3.4206535946387167,0.5676277350937641,1.2940415127068199,-5.448746210542997,4.900680991847049,21.66296710846747,-8.076422986841964,24.521659140777665,-48.48401541133139,22.500006695499202,10.74987698447184,21.90932459725127,-9.8175759328339,-2.415419790898362,-33.02568386247075,12.805468887544416,17.6158927432187,0.0
-0.05652947967047794,-0.05005900155213106,0.7456997906510217,0.9982340427734625,-0.010034166057664537,-0.057128682404041176,0.012822831452279963,-0.32415011892673107,-0.03570981241628757,-0.05119395460774905,0.843779272882143,-0.4277384137688529,0.03574449307529642,-0.35129873630277947,-0.10606575800356817,0.05567160301756421,0.44480491590370674,0.020089300002665338,0.15706634786679335,-0.4335309158065502,0.10794432794473527,-0.1354783943968117,-0.4640173498523793,-0.5500367257993581,-0.18702690292131274,-0.7121281986266369,-0.7538471099112066,0.8820480848843473,2.1023141046856137,-1.3233703657339935,-0.46603592482200384,0.019404082742086298,0.4314164003109868,-0.016242102029584822,-0.3274238827660754,0.908541251022737,-0.45990432133327824,-1.8454924086448263,3.125691517497528,-0.2888092516327772,1.4948453989019863,-1.128066656613462,-1.8214123779221312,19.415726624467275,-8.809717680442132,3.1723801081375367,-47.325111453148,28.703816822347225,8.951308348989162,6.8432756836594555,-5.564597167099565,4.755461812401199,-18.401542696816332,8.940020582771584,17.235325792612322,0.0
-0.06576869540862444,-0.04728315737454484,0.7427335404891362,0.9978919718520958,-0.014576095700442432,-0.062358315957108536,0.010516195997649486,-0.34023661928039317,-0.051730517778674066,-0.03396039233498985,0.8938617184891354,-0.4613242836935194,0.02916424956474193,-0.35142183039764896,-0.09784892613888567,0.05624794023291026,0.43551428082815086,0.04010823279694926,0.1495008910652586,-0.4812367096814796,0.1644934813442746,-0.15578256882074637,-0.4662481051683984,-0.5079490531206513,-0.23721631737441062,-0.7093977196263364,-0.8527901606448894,0.8176440996282615,2.3297394125045274,-1.4944469926809796,-0.2634762454551777,-0.003887324369225743,0.3800868639564641,0.08242425951872213,-0.5703697464390525,1.075796200773369,-0.2563872027466285,-1.9198398219250725,2.837793340218736,-0.7570046197935206,1.6989447734556198,-0.19869129833178922,-3.5280275334976174,20.114082351320256,-6.2658234304515315,-6.933077481068856,-47.57534151238565,33.16583815647845,5.450644113891979,0.8283391150535934,-4.162313195803667,6.790978681468987,-10.028274893570682,7.739086135214982,15.4588424290015,0.0
-0.07594824996990339,-0.04343901295953223,0.7392833528228142,0.9975234728720626,-0.019121185242286804,-0.06722784154450913,0.007856122800471254,-0.3562124297732794,-0.06925231471043079,-0.01999020596772148,0.9494915925711211,-0.49666649559467846,0.027235573847760243,-0.3524788849600824,-0.09078304930417708,0.05845349423435842,0.42272687740384257,0.06304440687873585,0.1457847780225948,-0.52729598930047,0.21550260498140422,-0.1824181962813288,-0.4658853942133303,-0.47889768369704994,-0.26253014844761235,-0.6877782050292931,-0.88713589578905,0.6256379422994934,2.6105516246559266,-1.5511646576880622,-0.043175273013460296,-0.0599992817025493,0.3175204951048821,0.15440465696572908,-0.7038980396931888,1.2083410384773146,-0.08461160217498495,-1.7738370069088203,2.5745989971287826,-0.960219807338587,2.11643475170457,-1.2719073373263619,-2.6037949231558413,23.03442948592993,-0.29845195825697746,-6.8429458977736015,-49.957837893406015,35.12727249617958,1.7471076880771848,0.7376549137048038,-4.799926555697225,5.7507179024248005,-6.6893979282095914,6.477138875913602,11.779696662517432,0.0
-0.08703267880642644,-0.03862960192054102,0.7352359639128686,0.997122425516346,-0.023625734488442806,-0.07185154799273691,0.005103748948380387,-0.37153004748309043,-0.08643990217537387,-0.00993993651212831,1.0108023947369686,-0.5309143963678365,0.02924693795574342,-0.3548592547579045,-0.08515195336608333,0.061857758732839406,0.4079834555498452,0.088344843584948,0.1454169872180152,-0.571838873945768,0.26190514423777433,-0.2144491405556547,-0.4566038626112833,-0.45864347050853643,-0.2598125097656943,-0.640002480743048,-0.8249119574901357,0.4440349705584236,2.879449900792917,-1.4791535857830318,0.11086548991308559,-0.13225736876437988,0.23578003692750324,0.20658201145171892,-0.7761831743383414,1.3190904283504254,0.0682639886656237,-1.6948842041428296,2.4111320919808485,-1.165852264295227,3.0330707958830954,-1.7513012289609848,-1.3917967099597286,25.10443029661745,4.7726939810090885,-4.227013587840692,-53.24719080724234,34.48060704997421,-1.8885611494858756,0.16066511250899052,-6.174205201313462,5.27538907561628,-3.9894410403632667,5.7697252092345135,11.06654445063905,0.0
-0.09901866431690313,-0.03294350677355578,0.7305241185697289,0.9966947834734727,-0.02809265968696545,-0.07618231454602167,0.002562424416777697,-0.3859151140118035,-0.10132222339183564,-0.003406605724309613,1.0778439509575672,-0.5616878335707273,0.0354811363028063,-0.3586864150543691,-0.08120423632745245,0.06591701730313232,0.3914905133721011,0.11605852352897905,0.1478531507748127,-0.6174330763126289,0.3043853774697599,-0.24831827375842977,-0.44967264415006,-0.42348380089084536,-0.22527317282531792,-0.5890431964996077,-0.6725893656945867,0.2762619942577498,3.1600009729496272,-1.3051117547115256,0.3034545924600934,-0.21038473931701562,0.14737810587351777,0.23075190234206827,-0.8645852809669984,1.4390886983561078,0.16820554669676085,-1.7556925890704573,2.317335561755069,-1.2110486612078704,3.5738898777348402,-1.0189814267402588,-0.09756686702191383,26.012581567897346,8.362939353159419,-3.0466817946277738,-55.80421801760969,31.745548746311357,-5.540619388644713,-0.8603495538543,-6.848501299861531,4.840102516826648,-3.361108468904007,5.132688085562471,4.429995269974226,0.0
-0.11192860456287781,-0.026427289097011235,0.7251371911739717,0.9962655823449164,-0.032509426432449064,-0.07998644597330189,0.00044168828207813383,-0.39862347636210693,-0.11264881836393675,-0.0004365432866119863,1.1482608779327188,-0.5883737386956017,0.043824933757663505,-0.36400982619563915,-0.07936215005732171,0.06988414854996004,0.3723648781764688,0.14650289385808848,0.15219886399476282,-0.664710235024757,0.34565985871952987,-0.2825765986741503,-0.43756288147980504,-0.3565245579253248,-0.1790471150081987,-0.495037031223139,-0.477295433389803,0.09565551181427003,3.2742886254251347,-1.1256501061993112,0.38098882830940667,-0.300374669077096,0.023903554512570747,0.1986948569866229,-1.0045265866814388,1.5679786743589001,0.21525446379111088,-1.9231886041620672,2.336634805993,-1.2866968409168347,4.118064952250085,0.9022332536411221,-0.23871226934767853,26.117616634455537,10.248415740284882,-2.717704590732801,-59.90180519529759,27.707800641546317,-7.273353048956396,-4.008135826384356,-8.952015938539224,1.6505880437203475,-2.2769514610239145,2.273629047622837,-5.034448075829847,0.0
-0.12578801131732276,-0.019057205602715215,0.7190612731775519,0.9958759774682517,-0.03669353130292356,-0.08296177127642594,-0.0014024153640854473,-0.40813412358890605,-0.11990423502357844,-0.0005329282430614012,1.2159630556032583,-0.611751128007846,0.05257805453882741,-0.3717527371687154,-0.08056669236653864,0.07271125360719656,0.35060100255895404,0.1786889354676045,0.1555165259626759,-0.7125626663994661,0.38976867587586633,-0.319342136794318,-0.3994974699566054,-0.2603787974286898,-0.1596077035414731,-0.32097993554584664,-0.28048093988878386,-0.045370380569258004,3.04833030785165,-0.9959871347394951,0.38962955526654286,-0.44747433555789934,-0.16253170284744145,0.11297154343119453,-1.1341633108957567,1.6459216949844007,0.12829304972875766,-1.9658835250325757,2.5193421834805574,-1.7099719926435382,5.7226661701209816,2.5430566075731007,-0.9183672363957363,25.19088118033337,8.487172061200399,-1.7072742588859562,-62.701598928639015,23.656386746587863,-7.561921799586302,-7.12541463703063,-13.67031558408294,-2.4888918943204477,-1.647096729330587,4.0330608174284395,-6.772818259762954,0.0
-0.14052821513937708,-0.01071672642371043,0.7121198289528996,0.9955678062455482,-0.04014750535440878,-0.08498786355411536,-0.003159751533240541,-0.41297128031015234,-0.12475820545803783,-0.0036296291111963756,1.274952656520925,-0.6326743672280659,0.06114704986929313,-0.3826537828527306,-0.08817582857022953,0.07057813549665119,0.32633758019002124,0.21565344910728235,0.15418063825436876,-0.754672568941206,0.4421128121204839,-0.370117404719485,-0.2993437759760186,-0.15976583686933574,-0.17927578615191167,-0.08618584260918061,-0.20893583059786475,-0.1799154156155655,2.569456582893125,-0.9001211282060733,0.37899867641849594,-0.6573483679656382,-0.5826134155057204,-0.25709097228107514,-1.17944196408177,1.916017294107897,-0.13776549338247726,-2.2828567977537477,2.4841730448542143,-2.048156868735683,5.117381436952584,5.035354955529561,-5.89265557117019,20.404783413316693,11.217714166767996,1.6942539724137375,-60.056946980236134,20.97133270927696,-7.498149889573438,-20.32319487972241,1.1590466497073673,28.621806703850968,23.387877336361452,-70.49795882279149,66.26777258512261,0.0
-0.1560950204003931,-0.001230449212715405,0.7041374320458881,0.995375977206269,-0.042448718062572756,-0.08598665281168487,-0.005573676861136148,-0.41279203790441554,-0.1290173610087389,-0.009525386139539389,1.3210975389908768,-0.6516604942970047,0.06908318909756411,-0.39892255416516015,-0.10622889599353649,0.05762091570129458,0.3037857192858559,0.25100856327331844,0.15178358366168002,-0.7980429580824016,0.4995124162756751,-0.42067621495668034,-0.21038360611571919,-0.04049725650697796,-0.29959215662797234,0.13337331047164175,-0.15624497175599164,-0.31696015760258395,1.9150363039033638,-0.82544365603077,0.3484537842104567,-0.9708814175239217,-1.016549243958898,-0.7006298026706063,-1.0297294294478498,1.5282523358029134,-0.04397227831128796,-2.206630741179583,2.698384369068757,-2.274632321686834,4.194400203199438,5.316795262650062,-10.636517491788426,16.509234558322095,10.390471206781587,1.9961441951834114,-53.30090245814127,17.86906131065009,-6.778982600952595,-18.88889929030409,-2.1190284166553166,11.985143809248104,12.99506177269803,-30.106630344243147,5.656673936211494,0.0
-0.1727307459454358,0.009297589074903455,0.6955113459640647,0.9952937238193962,-0.044500881594176145,-0.08556873256854533,-0.009384395008355478,-0.4088757641831957,-0.13147137260003763,-0.02115165063339681,1.3497870719824967,-0.6690734782809844,0.07639960074381702,-0.42215016634784264,-0.1254252229237082,0.04592243118471978,0.2851532019051947,0.26243359379652637,0.1590904954085321,-0.8588511752034514,0.5479104834587714,-0.44093352334571,-0.2577571730366886,0.12719939243623163,-0.4248881349136533,0.25691553829826086,-0.045026399231747546,-0.7093703585277098,1.0183950524830263,-0.7686309037738382,0.3254885259064369,-1.2926333089715862,-0.8574487295849773,-0.4199794550272689,-0.9336790235685332,0.14682798854570578,0.3357208187622766,-2.966432637018815,2.3864110456022933,-1.2259208498097158,-1.8699884090553767,7.299523763024807,-7.923306973395192,6.844589376537236,11.201649590051364,-8.196785227692995,-45.399948870823884,15.222597256382421,-5.7134371317873365,-13.101303047740286,14.667701880882099,24.17351801239243,-4.1370234180323795,-31.969900987102207,-13.94715663749714,0.0
-0.19063204151044005,0.02074554143767491,0.6866729461679938,0.9952735664585276,-0.047307006069270595,-0.08357578417129724,-0.01441053038013721,-0.40110483250716783,-0.13187504682410184,-0.04445836063705192,1.354448303324867,-0.6857967390808571,0.08465533064032534,-0.450480081631603,-0.14014061456715726,0.03914820185752666,0.26624285632038536,0.24711494448985474,0.16881600246321457,-0.9250042760091203,0.591414894973169,-0.44806197884935334,-0.37916129885590316,0.29003429023639793,-0.5097274534311883,0.44097610539548815,0.07646038443246603,-1.3941663703403078,-0.2139042772477038,-0.7582115930016838,0.38377476373352865,-1.500036685042957,-0.5999165461884703,-0.23217352265117266,-1.0270183002169029,-1.197768377260314,0.343259224202841,-3.340278802029469,2.0686716863017014,-1.1454960157514913,-5.877493231765291,7.752230364499139,-5.137955388044745,1.608110701651827,16.385652698123526,-13.404165510068013,-34.36441164858173,13.023829731001525,-5.750865032273615,-8.377087543274431,17.05786181069091,15.389125257084823,-12.049092004123166,-34.61628565353803,-22.400702594288376,0.0
-0.20965133896798924,0.03272497491982029,0.6777272762377078,0.9952060985684551,-0.05168653432627765,-0.08051511281646938,-0.02026425793469376,-0.38021287373103235,-0.12954566526076355,-0.09331586688458735,1.3033883473468821,-0.7280380166190038,0.09769631013532917,-0.4842023104004664,-0.14705309642261874,0.03715909356111447,0.25226063405700255,0.2042086949255508,0.16974179541321818,-0.9752876347659561,0.600638895054082,-0.4627651517249813,-0.6041227323889927,0.37081776645877235,-0.5171714671535685,1.263202469054515,0.3135364050919083,-3.0285592049215424,-3.5935470786423696,-2.2027943104217833,0.6358203287430603,-1.7776960846877543,-0.13067866805171102,-0.02968506991345745,-0.6290783117498427,-2.535884115275455,-0.21553331763662167,-2.94511846957082,-0.05582387765041402,-2.9926940717015977,-13.965284986615904,6.273788012243459,3.8794914674842618,3.5872827456726406,34.52228564436951,-40.43604810883345,-48.421865721212164,27.419676131268687,-8.24729427026468,-7.092694143314232,22.718025339602555,3.9343626634492224,-3.12409507737323,-21.129894640655987,-25.269242682075824,0.0
-0.22907399059625747,0.0434024375832247,0.6700609630080433,0.9947786600445412,-0.059313218781333665,-0.07839908833889662,-0.02740333091823826,-0.38338474814937984,-0.09482142210053787,-0.10588676764658204,1.230698124568135,-0.7671724563669389,0.1338116107305733,-0.554233610940124,-0.1397024915615314,0.028154082606820195,0.3354654196895786,0.12562513699168917,0.13662153177618655,-0.9212561944957531,0.4851769062581433,-0.28344984569653914,-0.97486130828128,-0.13820565645823535,-0.5076814510817208,-2.0336405959626136,2.085103346255645,1.0692702177894726,0.948320828792251,0.16422292377083664,0.44816120488289496,-3.4345221552083776,0.7872904980786983,-0.43197972265953305,6.53102215465519,-3.6327904240135194,-2.256605901797655,9.990854109109609,-4.3103944247523795,14.782742230438139,-11.398633298712138,-61.648801745799155,19.209019211089903,-51.37029379377092,-28.54112310549635,42.699765614932176,314.04830362608453,-64.45456415148166,-110.14017603771813,122.85514081870937,46.631238031255386,28.085026656856606,149.11447063898902,100.07896927179823,-23.141334849064062,0.0
-0.24686520918608526,0.05337767766820013,0.6664082662453185,0.9941955013043221,-0.06605910851749885,-0.07990658968791453,-0.02874780500435933,-0.4349285130951443,-0.08215139746327975,-0.09208456058137747,1.2692737083985917,-0.7309636511154375,0.1382145801796015,-0.6193470603191155,-0.12414044293800332,0.03760781892951425,0.5206813435583092,0.015794096298760857,0.1063453306938426,-0.8493713427547074,0.5003962689457032,-0.07334753714254179,-0.5289180347893879,-0.2714613050631632,0.26585560190565993,-2.4016786230774487,-0.0855212342379819,0.33190652489452366,1.7421366610528293,2.5965511277981603,0.22772002442158065,-2.14340409645271,0.7174739244917477,0.573295018931434,8.755791652288753,-4.708182772553206,-1.176228708145038,4.762840453935832,-0.28097869823037075,13.515017420864094,11.426915570955694,-14.120172956150146,38.7315474555104,50.580109008662134,-52.00345930215733,-38.75340150393928,-74.31657689482566,53.81861947750165,8.82719977941356,167.73622178853427,-5.745736687499217,-13.603088954309264,-186.8309728495262,131.4730014766553,27.697164310082858,0.0
-0.2632525116942124,0.06309833263766083,0.6666525303966915,0.9935838439322455,-0.07066222346368592,-0.08296048989665883,-0.030258095909995904,-0.47257524569024595,-0.08028164990624106,-0.0798896601636741,1.2886800683988446,-0.6759530579113363,0.14601502068892272,-0.662410006129689,-0.10018134943175946,0.032668234291584816,0.7310818811037748,-0.09630874720887378,0.06434034870317565,-0.7932472803443433,0.4745003890115355,0.10193161864151719,-0.46257799618131773,-0.36642476171653704,-0.40330983067706355,-1.3478955349893922,0.2887848104866668,0.7293358880854879,0.1914147749990864,2.808250244401742,0.4282262757247852,-1.412346857822689,1.6917229764404749,-0.6810094837763004,9.630759329058002,-4.680394689283502,-1.9381100167634095,2.5934997046171646,-1.1791266328689447,10.890687591218834,-2.3307325559044614,-5.532198099308014,-25.85044026878207,61.08541213046194,23.54951118470944,6.964389583140126,-91.31507522638519,3.809202544028372,-0.9610877317482689,116.62466595395544,61.05931128484156,-32.761506941799546,-213.4086682553537,128.80160051861625,41.11204353380671,0.0
-0.2795126637160976,0.0727026401487727,0.6687543618251389,0.9931994608772112,-0.07364376218099326,-0.08392946191004892,-0.032973817318234865,-0.5038988865018673,-0.07965110592556993,-0.06713753220132085,1.2848880488086407,-0.6177869976796622,0.15052897528343204,-0.6858195526931923,-0.0647077952903882,0.02374545161939354,0.9083853099004112,-0.21176636490564332,0.029216049447116553,-0.829808870003563,0.48682394158054104,0.11813214060345334,-0.2291029307367537,0.12457852272930138,-0.12111130407325141,-1.6968553526526873,-0.14551677781039085,0.556190123956339,-0.5527080803907557,2.978188541710527,0.1991716929373253,-0.6990960097938546,1.7843620431830662,-0.432686366540077,7.244797681374519,-5.139199348854241,-1.471237277816294,-1.9613598289544496,0.8734155514812724,1.8840778965586686,8.530849800918068,23.20201788641946,15.067437487740623,-12.814045183886892,-18.108314298150443,-8.917665188636569,-41.81439822404536,8.179607801913052,4.7668429192485355,62.75599657097379,-2.443225594773489,-6.295221617930197,-221.43418657988656,107.24041277109168,32.74641290850313,0.0
-0.29615297049768396,0.08258350087138602,0.6710130927002438,0.9932584851893228,-0.0748964790088719,-0.0819022051820632,-0.03346831065054267,-0.5370030072519948,-0.08460664946995908,-0.055728551729621226,1.2679214907726104,-0.5591044706671447,0.1532209791489813,-0.6885073315684971,-0.03129190663621045,0.012158725212522457,1.0332026541794952,-0.31046305235294236,-0.0010357441032207391,-0.8353631558524098,0.501495554952812,0.11170071292750582,-0.06884594813828508,0.2676525668448094,0.05521372499285269,-1.6241931449667497,-0.3359490658968151,0.5725433393883878,-1.0897166851383346,2.908122974697489,0.15819272952260305,0.41665341036462344,1.570716040229368,-0.6879076330773494,4.974153778710748,-4.187903420379471,-1.299819536068541,-0.4868678718672412,0.9238154027309579,-0.14028341494393914,6.879349094751015,7.795564465345813,8.704815722925973,2.3028697863458865,-10.293608413468153,-0.030748570410185416,-25.468562774690383,-2.1596699292369137,5.851700341998036,63.08501310205285,-11.75048906327682,-9.640056187198633,-158.55116875021994,92.64917039936995,28.36968835308049,0.0
-0.3130752193522074,0.09291928130211002,0.672717636637606,0.9936004399828954,-0.07520197921768419,-0.07812455499086586,-0.031613001993154664,-0.5727916641518244,-0.09300952826635137,-0.044884476400060797,1.2463000483794069,-0.5026914767209029,0.1435861561330198,-0.6595849236055351,-0.003862338388432836,0.0013932860110842864,1.0650606898948778,-0.3943060115362795,-0.0340548650396252,-0.8542402149250357,0.5304039589553449,0.049455002932267185,0.04358869472802372,0.447794417374114,0.3328872985932122,-1.9291483862472378,-0.49907794354127444,0.592271925702487,-1.0991272172878417,2.85617269942189,-0.6576461808887096,1.980987173129315,1.1640495710393195,-0.36006248012565495,-0.30630324112199575,-3.783832409576137,-1.4765759620880439,-0.8222113610163645,1.7010052280823824,-5.130287337027907,10.579462539908143,9.806712401119242,11.746315601821953,-18.342317638424525,-14.831170705291864,9.183700661340456,10.784839819441249,-49.005570217747746,9.22574549257904,36.39477021584603,-27.9599524740863,22.032728094795186,-143.5948063245183,59.73602711153478,30.14069829537547,0.0
-0.330722040918259,0.10418816775462562,0.6720121033248344,0.9942732063124793,-0.07419614444533505,-0.0715629492540292,-0.0281863025708331,-0.6251055030026627,-0.10445885161213471,-0.033329821312374885,1.2527531679851136,-0.4854797730697429,0.0983591512074495,-0.6196486078686155,0.011826315923057353,0.013021967141583837,0.9882520031858698,-0.4640010401662907,-0.04224472346498223,-0.925100646825861,0.5951594928031886,-0.1014172841924446,0.17577078413684338,0.8340531762992681,0.2531988113438517,-3.033013170659003,-0.47312672681317136,0.730714801659899,0.9471295206046191,0.23161075108714238,-2.3461020155176513,0.02522396923769943,0.4979624684934779,1.6518064379174402,-3.290005303946554,-0.38290082938683667,2.3213760311268516,-5.097949399169931,3.6438774158609952,-5.809453847406311,4.56666173005056,18.969486390198572,-20.50349711847571,-24.364794923739233,19.41655233285494,15.851605572355517,28.738352346464335,-29.81320253419841,31.444302633922167,-295.55771717051505,-50.59031819700138,63.78297155638605,270.35130769702937,301.4839301259353,130.7521904991841,0.0
-0.34949786377140407,0.11657130582079624,0.6694720869759321,0.9948556642628311,-0.07369291386370373,-0.06375974461719211,-0.027681342033736612,-0.6845701219999677,-0.10456727632548157,-0.019430545271300885,1.3075862132593006,-0.505934926281953,0.06797687670233643,-0.645714269092662,0.008780753079029608,0.03927942968705053,0.9467713631503674,-0.4263163634627548,0.009881535180597693,-0.9348150363050597,0.6428337262206846,-0.13382292477819183,-0.03543057130665802,0.6460932091251701,0.028697354057507087,-2.5707793258758773,0.2524475346709491,0.5589409507954893,3.3727133903050355,-1.0985113128416473,-1.1604270703416264,-1.766384270587535,-0.7837231074032663,0.7413597600214679,-1.3277676300503412,1.9970660432847958,1.9742437965700486,1.3801524819965327,2.892664783587349,0.23392859739951166,-5.129635108654911,-20.08950816795637,-6.602838667698388,69.27797158946343,21.19562607239672,-21.12722903395752,12.821299105952221,23.066069732293272,28.14062790769923,-9.558381902138564,-70.87726100192774,-71.54124811599125,51.587547761616335,-54.9978534353874,-82.67539011581704,0.0
-0.36796505167653765,0.13003368586473,0.667052934798631,0.9950415111501544,-0.07464648220037948,-0.059109137557992034,-0.02874723708944208,-0.7213766351606484,-0.09569941058969064,-0.009690733677022667,1.3733551904486625,-0.5290677463629673,0.06206867435803067,-0.6739607119096532,-0.013277197804969804,0.046997580090707994,0.9084895274564142,-0.359648766272351,0.04993697185034111,-0.9123848603337338,0.7005891091563067,-0.11078504862522055,-0.14346183470146992,0.3134918720568895,-0.15180190347792638,-1.1463850236705373,0.5250794154828204,0.3826796319999044,2.907272980782565,-0.987635546757613,-0.07529018944165103,-1.1247881040751029,-1.3381990722422314,0.11863654010493718,-2.103483841578795,3.1188927259621617,1.7130854781280138,1.2523394040676064,3.209770119278033,1.0227125388828058,-1.2101737381509745,-17.557248837671416,-10.905524224896373,82.19752371480207,4.635910554574377,-13.539847067751124,-60.865102921974525,23.898727522520176,9.540787721858322,32.00111155862506,-21.12198051168806,-24.05158197033242,-10.020393599338668,-75.75525145179337,-42.45502051660352,0.0
-0.3861866691976887,0.14465404381218153,0.6646674189553231,0.9949652942991879,-0.07606502514284097,-0.05689981385438537,-0.03194661599428452,-0.7324339256817984,-0.08512754587500108,-0.006605213524555508,1.424794005045035,-0.5519238987139997,0.07970669344375442,-0.6909420626281335,-0.04070317473124461,0.047297840515380885,0.8569274527235972,-0.28677195752377377,0.07548745010329187,-0.9108597688394431,0.7572336245283944,-0.13013527520908044,-0.1616132869655465,0.18411323967022641,-0.4239992576057877,-0.052662656995294904,0.508944611998033,-0.011132403616119751,2.1412437951254164,-1.0074374996077062,0.9215566730070535,-0.7151723085624678,-1.3592225849105666,0.001423001072205876,-2.6764054111431874,3.142491579594441,0.9860537352360675,-0.07210757357231123,2.97993798138115,-1.5619711397288008,2.085425075160345,-5.459399201530642,-15.47916629029767,55.32246578091666,-3.3931331207410307,-15.842854015495776,-56.07377440604707,22.410511595335308,-15.804719622080436,8.943650202986447,4.293975132846126,2.978289481302457,2.5951624908313233,-89.86163413449783,-33.102751300430484,0.0
-0.4044090027024885,0.16033922563353983,0.6616809684816574,0.9947030355621899,-0.07769956038288399,-0.05598342001408162,-0.03734308561432996,-0.7225566858764675,-0.07654481083026747,-0.01783296186241965,1.4625328884245794,-0.5820903344448451,0.11014429225589503,-0.699184586603376,-0.07134738919645653,0.04101579585316321,0.7924681356839256,-0.2126046582533671,0.09303948818882567,-0.9135947516931211,0.8065154509172721,-0.17188840802957572,-0.20241872491328386,0.09456814134279205,-0.6403059868380601,0.9146513271210577,0.41183173254713085,-0.8874540899381789,1.5789903818302737,-1.4044244231505951,1.420648480784179,-0.33567216391188137,-1.5699978077908692,-0.43554420802065613,-3.2728207702942655,3.164184557747854,0.7336877703879773,-0.45188830186064144,2.4662758538073906,-3.0684636483681578,1.318586629398638,-2.023050771476313,-16.25738075391238,44.08604029590648,2.4190326860997633,-25.177113236934037,-39.13236675067885,28.103268606784034,-26.237924711487842,-2.144717432655969,4.289464605535335,-2.9070089960567596,13.735519604180858,-98.71880713269763,-23.11868910151236,0.0
-0.42275476376288484,0.17691156292697718,0.6579817434074042,0.9942487030293263,-0.07990731437186348,-0.05581136310210559,-0.04437825349271344,-0.6907859911943005,-0.07032762337661201,-0.05150725556328654,1.4714798902941177,-0.6248884436525572,0.1397437593279139,-0.6985597413619761,-0.10772342677749248,0.022164949882029113,0.7136045436933208,-0.14041158058686096,0.1139281876205585,-0.9242788526760085,0.8438237172613117,-0.21095650886938222,-0.29808939544868757,0.06503759746847948,-0.7944028692846402,1.9887590107812,0.3706262639022158,-2.0921324782207047,-0.20231037105569816,-2.045906972049983,1.3039651154246463,0.0672730297696636,-1.8314935771745624,-1.1611533214310013,-3.974367667656202,2.952711705657186,0.9764601916821354,-1.0409491503302455,1.4833378841547724,-4.050277756160773,-2.738874389997199,2.6796714336421577,-16.772706588944754,33.21541134096169,17.25643791054702,-25.635831042256807,-49.88959446312739,34.4420433076166,-24.342153394362168,-11.758866698070394,13.56196351226143,-7.933978856950632,22.079498089485945,-112.30438546951935,-24.66500186143571,0.0
-0.4414349094782383,0.19317181540204761,0.653497853526498,0.9935211300176928,-0.08386703864087654,-0.05559807379007745,-0.05282933114103818,-0.6363553176156226,-0.057178728835727194,-0.11188543996556277,1.377914272040928,-0.708229045474145,0.15411580359086444,-0.7012543974185151,-0.13469430073963468,-0.000731758881361848,0.6481235387983267,-0.11872917913530678,0.11551842068456197,-0.9508709682990605,0.7699437582589853,-0.2660707509355413,-0.6632511589177785,0.09323269958770286,-0.7267005602635648,0.6433321801950719,1.5990763321216965,-1.172911318706337,-3.3717327703638547,-1.0014916647486725,-0.7832170595806325,-0.3214650625198593,-0.8185969737958639,-0.9950207331636859,-2.76994979085836,0.06383811543046342,-0.3066247874635141,-2.1686639817510205,-5.306455398170652,-5.064995532889551,-26.506577528505495,0.2599441941088423,26.00798560427282,-468.530116996479,117.141248919636,430.21487906468246,590.999472266291,583.270352223447,213.9610638981572,-14.374564251726973,56.84287102469408,30.283296246649776,52.578200655021384,-65.07225103115444,-15.51520257470044,0.0
-0.46010165127476954,0.20784180739617766,0.6492715410407558,0.9926327652764658,-0.08982759589694496,-0.05670524084311684,-0.058272737844513534,-0.6640586820457957,-0.024384172942745894,-0.09608822072259696,1.3581126370770118,-0.6284612223628485,0.14621686225804306,-0.721093399891379,-0.13661843269086604,0.007013472468126268,0.686990283077316,-0.13507681042794395,0.10430932511262407,-0.9020610028112519,0.7156998075415525,-0.1359458692984302,-0.5946318444499697,-0.34226742470253957,-0.3279490261283504,-1.8687494398214475,1.1257971309854844,1.1570290110935393,0.2556856935052882,3.5005405722859964,-0.22697225475447116,-0.7130286078017884,0.2574662729041075,0.9619107747750432,4.011258654994945,-0.5523873790745014,-0.6154989901666427,4.006097858077231,-1.123515321775264,10.527932465114013,2.8766969051871127,-29.571371684618306,22.371570402764043,15.392491344815898,-82.19942864803676,-20.854348133756222,60.85830457468845,-161.9267946684743,30.621831228720282,80.59640704924104,19.88916489648556,13.394285548317045,84.35672385571841,51.852818359477354,8.927474757415574,0.0
-0.47838577750749495,0.22206305654230146,0.6475661684635163,0.9919766866824681,-0.0946946284225228,-0.05855335057954212,-0.05988894357310146,-0.7052263765596009,-0.019567208231086503,-0.0790275004120406,1.3627527956630499,-0.5613853335726583,0.15006610290300434,-0.7431341046358266,-0.12631880571096288,0.03170473297046635,0.8116552785421605,-0.18822922944269344,0.07136149511191467,-0.9237783858333876,0.7028369260335656,-0.024391736409567648,-0.4724376495180514,-0.1078111086453286,-0.004317922402056883,-2.0032293981105633,-0.15789606538841636,0.6030619124358204,-0.1376380414171065,3.35288895864593,0.4277364434165079,-0.8611084382875805,0.6834143384583311,1.0616536458428518,6.267151508214325,-2.5042765275490577,-1.5928056212535748,-1.1418174628405513,-1.1403889050558866,7.778245411435721,-2.7616034412804553,9.450928643704293,16.569830822883045,16.622038165716177,-24.599596909897894,-26.484821126827942,-59.06041226899637,5.226604254258943,17.990457213286135,57.138206418615766,16.60455852185016,-39.90761009274728,-94.01466321766254,66.58620362644952,29.748804737480693,0.0
-0.49718690306563174,0.23594463676777333,0.6472596465309894,0.9915980286091751,-0.09885260252125315,-0.057904336485105956,-0.060071627657259416,-0.7450767417987525,-0.02516623218503561,-0.06770497871265636,1.3524825589525518,-0.4947232052912972,0.16230886774870834,-0.7660411692743574,-0.10944338140689988,0.04653380427289681,0.9587588967010701,-0.25957979212670806,0.04918420335438422,-0.9537645414756418,0.6882705579266922,0.007169062248145712,-0.42476475566819655,0.14367818980966424,0.023740040412732893,-1.9193096529869778,-0.3008014279038501,0.5053712931473157,-0.9020377049244803,3.348043475957177,0.6877594932857637,-0.958541733030857,0.9711043537839227,0.3460461262117359,6.833721704826179,-3.136530785534463,-0.8661673265568609,-1.587962306235867,-0.5272607092425482,3.294311109407933,-3.1125325493952096,10.762713989306258,1.3241319801080331,11.226606143232742,2.213893619169532,-8.387301839160722,-46.46370328590891,3.823405424402642,4.2322411157805195,43.128703844098965,15.5960283971904,-46.01953341091555,-134.38546749875456,78.28417143444135,21.133404476528746,0.0
-0.5165299209986624,0.2496918926045041,0.6474246261185596,0.9913959698936803,-0.10238993739667963,-0.05522504145944576,-0.06000438645862292,-0.7820603243501564,-0.032095340884286186,-0.05736522144846364,1.3269390690873502,-0.4266306357145323,0.17445387071043175,-0.7838134938586574,-0.08851503138950602,0.050259634140252286,1.093715010182387,-0.3341846189387652,0.03862728394996698,-0.9788698134881388,0.6887296474661997,0.017304759600234986,-0.3521069621277164,0.31549498965692313,0.07054956884481278,-1.7686576680338528,-0.3583467300445956,0.5055385258822809,-1.6019691093928994,3.4622225614217887,0.5964669355296691,-0.609205857735307,1.0998192563429083,-0.01806468928528935,5.842267607108709,-3.2708087195850473,-0.3922786088785323,-1.3406537435080665,0.2880653647435172,1.3562509342294633,0.010907138733791344,7.522858258963781,1.6074844924107876,9.932105425996712,-0.1442627468117566,-2.607674542839614,-35.82036773022712,6.197667605338815,2.8734362222136385,42.14901181418033,5.528482367669962,-25.289487238946464,-144.03407301200446,73.51956617159775,10.11932679119746,0.0
-0.5363499433578214,0.2634835635743116,0.6476495521091695,0.991306503107352,-0.10542799911290396,-0.05109743010023974,-0.0598782643141426,-0.8162110834340595,-0.03889715429922801,-0.046639648181086076,1.2895520978298332,-0.3579580406995115,0.18629241390151283,-0.7922410033846732,-0.06569939354852303,0.0441142976534802,1.2008102032587016,-0.40440798273276346,0.030557394124283363,-1.0015914069082483,0.6919147624227103,0.009777991406316676,-0.3223539913653325,0.44562154784230845,0.06658338899570335,-1.6622319826658651,-0.32381535949722273,0.5398241999817129,-2.038379351571249,3.228522506819999,0.6091679164338308,-0.1587932008472389,1.1834424564935335,-0.535570614984621,4.471966499415847,-3.0506707190734175,-0.34136980225068314,-1.2403019304362062,0.4045054378886424,-0.08008051832965488,-0.31217238645014134,6.149962075733371,-0.5974221493548628,2.8412341461581736,0.3574706741304198,-1.3760132119965856,-9.887221116521307,-53.200797965700275,1.2744037161041586,33.64748645575696,4.889741635316008,-23.076993583565724,-122.38290031545392,66.74170099371904,8.298019690361858,0.0
-0.5566221924411391,0.27734226772863313,0.6476676394015808,0.9912664056805114,-0.10811082399910873,-0.045907399047214144,-0.05996226660319679,-0.8489298374640459,-0.045239969598437665,-0.035366778209885395,1.2472565739033061,-0.30489566500543086,0.19777023667239696,-0.7923920545167853,-0.040414123569167126,0.028081780029645065,1.2844596300794244,-0.4657755040503387,0.02360323029625536,-1.0246480739824995,0.6961613174266992,-0.0036467566819227974,-0.28448410170718547,0.5435372628148886,0.05544095955869271,-1.6230404302656691,-0.3329417083365312,0.5618482598926415,-2.148605630588604,2.076436600489436,0.5525643650378753,0.1913569243827781,1.3328383048467534,-0.9840125891265633,3.561881802915456,-2.624680132245422,-0.2895972991242286,-1.2946737896460672,0.5483285579377195,-0.42606589053073174,1.3701960144412721,4.89606729186887,-0.22661484667466508,1.129565340735677,-3.906560235660787,-1.6077872850814168,-2.9074726293713846,-67.52866792614819,-2.484138518642055,25.804248739349447,7.348563599259675,-16.408238543656886,-90.05261790269527,59.18060366050541,7.62769634252502,0.0
-0.5773415209819021,0.29129277034798634,0.6473890429036595,0.9912614342341242,-0.11033679419644297,-0.040087488517980344,-0.06016273024788783,-0.8803071929062394,-0.05163451503636085,-0.02327719797760629,1.2027836512090098,-0.27410591341551716,0.20944770359978082,-0.7853628034993312,-0.011811394800299628,0.0031750876048867427,1.3530632579181097,-0.5195359139924515,0.01813623406852389,-1.0464816459276118,0.7008192507942411,-0.020744695009262196,-0.2370344419066629,0.5867795697362734,0.05370507891692042,-1.5339813198641024,-0.3288783753295475,0.6251543011979441,-2.269735800441324,1.0426050074826798,0.6408383209437388,0.5370951106198872,1.516969356802131,-1.4016230384728166,2.9920549121595417,-2.3086044634751413,-0.21901914186408297,-1.2519662446534112,0.5506768577401366,-0.7605027569524015,2.2789806163640582,2.576520737259347,0.3859397483026442,2.9748872161291944,-3.3544648502996286,1.1940602501944424,-4.232452126732857,-55.37182642401549,7.047461611539924,23.072423940961208,9.55999563795407,-12.014810089294343,-67.64640267971352,52.28885898303469,6.609991830209464,0.0
-0.598471508635028,0.30532571365763916,0.6467398324631791,0.9912791682382943,-0.11208730774149783,-0.03424119014758201,-0.060246053458595517,-0.9091720377166733,-0.05732360074272109,-0.00931392332076889,1.1553170009661764,-0.25890297460880507,0.2226597417912093,-0.7705653520856737,0.020555838462549568,-0.02964427659024667,1.4123383527120756,-0.5675891825775677,0.013672537694519652,-1.0661131975496385,0.7047698886889375,-0.04173677338839533,-0.18558916723605867,0.5632550314692327,0.07304221131748188,-1.3934006970187913,-0.2797871694992158,0.7392924019430942,-2.412855389169067,0.39486185615828007,0.6724842945256021,0.9384648837802876,1.7085682496227066,-1.7623299766962395,2.6484767160718405,-2.0685275347715724,-0.1770792061265721,-1.1708616931569744,0.5612687191490981,-1.1156048315763472,2.963551052021194,-0.14644682022799194,1.3345806506802913,4.031979281337214,-2.5436905085391297,3.2660502616260403,-2.452337961041164,-46.04890297804551,0.33102567757241014,23.108303420471344,9.832035056453591,-6.943553076436654,-52.455991403553824,47.31141979636417,5.956842688989412,0.0
-0.6199883929824097,0.31944275996480853,0.6456695059917934,0.9913264374612175,-0.11332822254248538,-0.028924207941477112,-0.059933284248156554,-0.934083498009827,-0.06096281361514487,0.008383529863579426,1.1035092617981506,-0.2540843424717134,0.23942188986195856,-0.7464557638441502,0.05688476043878995,-0.06872580991736285,1.4641351807635286,-0.612247466509311,0.009296054453372397,-1.0857012698230533,0.7078979721253399,-0.06462185023914985,-0.12918699306215847,0.49054028523609944,0.11912652848245868,-1.1501503239157571,-0.12238080783127503,1.0008829499955623,-2.6981636451367534,-0.10374293353632709,1.0980147556705393,1.4259185642191543,1.9141709266503153,-2.0320555646612086,2.309487197197085,-1.9410240498797302,-0.17825098927981672,-1.2595285375766645,0.6654208221248965,-1.557324177532748,3.938665153749379,-1.561331744557061,3.376175840889495,0.1429620229078863,-7.507292151253402,-4.103353334277211,1.8411533818449213,8.61603104027337,-123.39484118527392,22.655877491676303,8.31178682808925,-1.4846383067863016,-43.924197620336315,43.74498667945984,6.063966971059228,0.0
-0.6419200439873817,0.33364159698296997,0.6441118090274842,0.9914382959358479,-0.11397338341083203,-0.02446100606085161,-0.058837338554705076,-0.9535176778055717,-0.06081862252170145,0.03256311406238327,1.04489518682574,-0.2552411185985577,0.2596557479889039,-0.7117108477381119,0.09745278029830304,-0.11143346387506088,1.5072218890464826,-0.6547734015119578,0.003767091975701757,-1.1073394541538972,0.7141693561368263,-0.09296914850515224,-0.046651747135014444,0.3913877094130838,0.20444011958664415,-0.8901049111979034,0.03496123781860069,1.3267360545688844,-2.9998146429658634,-0.3078417081499616,0.8324624165010807,1.95804547982964,2.1091949747258036,-2.1422423877323182,1.8831517100238238,-1.8597103494788676,-0.2373741762656214,-1.3434597365348768,0.7570005269998235,-2.0973867280979097,5.214635692549764,-2.3924323975892117,5.222707858242878,4.049702871673015,-4.560695837763773,8.032375405786567,0.33438776512857427,-39.60173362922218,-37.70879065578568,20.74811798514112,6.9216025034746105,5.808458468265544,-37.88692259831569,41.30602151637642,7.045279988867055,0.0
-0.6643070323128388,0.34808804045620323,0.6419278777137752,0.9916868335402782,-0.11358866185382215,-0.02102607427205266,-0.056681075164652366,-0.9675783745631558,-0.05757379475145714,0.06466816251538449,0.9803928064415572,-0.25736110413151775,0.2649750158735135,-0.6656519530411507,0.1410915959238138,-0.15404038453908392,1.538479397951157,-0.695919129504642,-0.005575369866889177,-1.1310267955008015,0.7319964692041196,-0.12947988705146735,0.09244105089204963,0.28091272304335707,0.29885592978081027,-0.6161126907562335,0.16569528101572442,1.777213686757739,-3.2747197351643216,-0.37435281424025646,-0.04292510199428342,2.512054890533637,2.2140888244541115,-2.0501557369994248,1.2748081482164857,-1.8119212016498736,-0.42498163801516986,-1.4697926131097283,1.3438710165346068,-2.8668844367147184,8.06978086638354,-2.288210547377379,5.370993354400045,4.75726029422774,-8.342808433686553,13.488743172563042,1.9302807924814736,-48.83230961385724,-33.52663276512978,16.63311821748153,0.7475267267471204,14.25829359412981,-31.652193794903937,39.15754522999023,10.286908264322774,0.0
-0.6871558960721192,0.3630812983490007,0.6389110644187098,0.9921526507250451,-0.11149255773479361,-0.018702459839583213,-0.05341109645915313,-0.9756031427859299,-0.05156099981923973,0.10838495880346263,0.9101844916936206,-0.25958774318015615,0.24760751582490226,-0.6070496389877745,0.18407864239554111,-0.19191333023468976,1.5513460758631294,-0.7362533682430523,-0.02391574866357208,-1.154052683955692,0.7668191429096106,-0.17927216876149252,0.3067579228333466,0.17223377720546665,0.3892945300181315,-0.30622986556502335,0.2841308456320994,2.4375767999364766,-3.5410721581380034,-0.4492953785461639,-1.245336482017415,3.1423243212341316,2.0631752384263558,-1.7048128578645683,0.28809665608185536,-1.79268368957371,-0.8585399465790157,-1.5085627625900864,2.1288781741176823,-4.052731213914279,11.477158895935053,-1.3198356716505477,4.197230060688586,4.598874508171873,-12.523852444654624,19.435305461175403,5.1890295233341766,-61.00537485479394,-33.9670427202079,12.826548609527977,-12.404011974545787,24.729039748560425,-25.757373248823125,36.98635351010462,18.087609807166867,0.0
-0.710151199148404,0.37901109755777634,0.6347679189257018,0.9928782364456498,-0.10708751994273177,-0.01765835904654469,-0.04912487171356517,-0.9803728125639452,-0.04282957922236428,0.16617373440606734,0.8454580180186693,-0.2763452703247153,0.17927720415416498,-0.5269782703196332,0.21891008722313204,-0.21468978651985585,1.5045367475822151,-0.7923868250835009,-0.0659127083748887,-1.1499012793556473,0.8270396474572673,-0.25385179015516074,0.6062331954268008,0.046505665828954226,0.4310006656258841,-0.1775064387667021,0.40637527237685683,3.2426198097150016,-3.0644685736450734,-1.4927706282656716,-3.9592657933847337,4.358237465804281,1.3720994486861178,-0.6257949377136741,-3.5331279173583097,-2.7289233558971993,-2.0085973760373186,-0.40804848189138443,3.826893487156918,-7.069683794905114,20.22892408933142,-0.038268344942256505,-3.560756158027793,4.149144797185042,-17.10932757596237,30.742464710654392,14.109234095204705,-74.51327769910611,-16.640163710239783,12.011328423165365,-48.685903310431144,56.725483682554305,-57.33031082561856,41.729408486163315,38.64692981287851,0.0
-0.7321299311840059,0.3966846282948405,0.6298352594980012,0.9938319765264964,-0.09999698238032173,-0.017626791244788144,-0.04458589663424426,-1.007988565850904,-0.043720133694267076,0.20316454897932412,0.8795328365994854,-0.3136360046938652,0.08426114639192224,-0.4029919094126585,0.22706200668853255,-0.18962749905659163,1.2352649972187637,-0.882240106395273,-0.14004312840630997,-1.0894006976339812,0.9671357246602168,-0.2854998724101838,1.1064677406035406,0.08119149698754044,0.08099411094996642,-1.9528929244449318,-0.4020186875752051,0.9515517137175203,4.255130967678245,-1.2859702261772172,-4.226955327683953,3.6297031259688888,-1.514189846594604,1.8548037448733496,-10.781712300862647,-0.4714513153080313,-1.9255551993834277,-2.6323957084573393,9.16928962569929,-2.1622180930429358,40.68098097414795,18.65713568118427,-81.14511807682698,-24.379502016272657,11.909890091670594,-61.23971672273973,134.53948436675816,68.42739431381082,88.03054541664177,-935.6602788617809,-319.69223087844523,-137.8761561572101,1858.3056983747288,1083.7268467247939,329.9718237315188,0.0
-0.753738938064727,0.41596581184733544,0.6268531071392213,0.994438638365139,-0.09184511476708268,-0.0167249799813003,-0.04874981502051146,-1.0405600252841465,-0.0428150541456834,0.19258663682890245,0.961894153341455,-0.3110209983786815,0.07948785241234442,-0.4322966003525076,0.1850650198609826,-0.1661598175681472,1.2222860144766858,-0.8676604009884453,-0.13825750849574356,-1.0412995723065142,0.9474567449193281,-0.0029834156313786678,0.4863904792685445,0.08594836416183993,-0.5772749146447598,-0.93723854974138,0.4177064347221466,-1.4739982798021576,3.535356003347493,0.48092203562527197,0.4971275725288554,-3.125341084762963,-2.0738728843817382,0.8373713637585177,2.7307013479057693,1.701781694658204,0.9571132530517384,6.129493893727147,-2.3580255730289497,17.611403696602935,-36.5668702351969,-17.435801474543606,-2.3661400508602797,100.2122126096561,40.304112398306394,-78.57400358802221,-91.73609705752904,6.983857929154737,8.40142020353106,-37.47718149574564,29.184581694749593,-20.583638657289853,93.4267010645543,94.43187880292982,46.586347065982565,0.0
-0.7742974894129404,0.4350024029524977,0.6281879224355519,0.9946170143604905,-0.08838757252982807,-0.014713412887371942,-0.05203986210697144,-1.054340574987492,-0.04837243508010222,0.1385060898479077,1.0074588431378144,-0.2944530852093054,0.09262675861365481,-0.5037933728841802,0.14229751926048023,-0.15361064043950004,1.2816557982795804,-0.8206720979010631,-0.10413996630315994,-1.0112919103010325,0.9502459433220214,0.1268468680558079,0.1917606566674585,0.3369977761827328,-0.10094695397222803,-0.3909916964812589,-0.5040845814789444,-3.092626117571494,1.385012588331149,0.7714588278401476,0.6319004920766692,-3.492370665141608,-2.054458464924262,0.5458861881500355,2.390122382351408,2.727475703999119,1.8690787387956695,2.076073356438593,-0.4370994088249562,6.699013116064308,-15.573649400407245,7.596106427134273,21.886663755913325,36.990611499694246,1.1092523316082916,1.429071654396893,-86.71133904324255,-17.59123040004585,-7.326317979909232,32.3923905115698,16.836477571843396,-3.799597540720593,-101.99141229345965,32.41950492345897,-6.282832562966965,0.0
-0.7941533054206266,0.45391036773977317,0.6313313499451488,0.9947142845502666,-0.08750268691768284,-0.010646864239863633,-0.05266323362361146,-1.059659526415791,-0.048634803027875026,0.09078441652805927,1.0381550390547754,-0.2864983948099359,0.09804822299399292,-0.5681575290703995,0.10673898865176863,-0.14098425489476693,1.3113372006474446,-0.7626940684058412,-0.07658907709801074,-0.978013214819664,0.9452591351511713,0.1832998570181554,-0.014755554143813616,0.46949903962575285,0.04853156539092916,-0.10247155901862917,0.3680281080232985,-1.7396224195437098,1.3947504778283777,0.29732895667118087,0.17502118113049928,-2.9452716945052924,-1.6021787384868877,0.6810730289478631,0.7187754892862229,2.999669264463535,1.0440916706269554,1.6000900187592113,0.2827845587053306,2.8655167941022888,-7.55169728981167,5.50903345374553,9.610992462948952,20.627322542823634,38.548491685257915,72.34377466968887,-30.33611874115686,-4.719863724322665,-4.155009957183396,31.88701493838005,15.303957810128892,3.5150695212140692,-82.37072700038891,8.247941022208524,-31.40637968461736,0.0
-0.8133305739912736,0.47301320059246965,0.635184416191318,0.9947088652736606,-0.08777437664964763,-0.00542242245194823,-0.053108657340449034,-1.0620894625658857,-0.03153469057914158,0.07075563959016906,1.0801031910277428,-0.2914253697699745,0.09918914808465354,-0.6223636260066152,0.07937184135247297,-0.12421226015868356,1.31283613919174,-0.7023992963589907,-0.06700748592792054,-0.944689038236397,0.9695294309764676,0.20291663823856695,-0.05674192600005339,0.5644460110156245,0.005565940952545418,-0.02768841708601659,1.0837870824655131,-0.522408956548976,2.1776261601594142,-0.2587465646554226,0.015247313125254135,-2.5143969142501663,-1.2750695879595437,0.9435291475530622,-0.4153065381693169,3.028357064017852,0.24260103399040017,1.4764539914947097,2.0319944200221074,1.2292762105848893,1.8921149119316842,4.557710926145537,3.5263649342444285,17.121759291704933,12.025677699392006,41.97635282979518,-21.87180890965553,11.014189335684186,-2.036987552930092,21.199857074718544,3.8646149624407973,9.756826452975323,-49.8826271773143,0.9488677369325761,-17.24594498997641,0.0
-0.8317246534349003,0.49284092763832515,0.6390559006318528,0.994653780511557,-0.0879861875115514,0.00010664881882090903,-0.05405808308920392,-1.0641048056540214,-0.00944796970824587,0.06084756980893176,1.148416791344043,-0.3104709511955041,0.09971860296254777,-0.6681491738191834,0.05606533241416734,-0.10257093812088963,1.2969926565159933,-0.642517369454121,-0.06586149160335297,-0.9029901025741268,1.0157444634281216,0.19200081293860913,-0.007936464660021108,0.5626181122166319,-0.03786946511323331,0.02532838355172596,0.9987860032572347,-0.47355304360068545,3.6229473624835085,-0.8529470996942672,0.03248157260725669,-2.1210708106824514,-1.1719414202996545,1.183315150763411,-1.0769421507971229,2.9830416618294686,-0.0598214861495523,1.602468451785546,3.1276116679252306,0.1461339125256877,7.3583228993202745,1.3595334845117384,4.414323654512739,25.703805490362743,-19.801927559198422,3.3390457671138125,-28.197788488387644,28.882500557304834,0.29792500267701083,17.149005222365844,-7.318347147772272,10.151847158069339,-29.167735032743042,0.32535689594301287,-13.411410631424234,0.0
-0.849207899190567,0.5136837317124961,0.6425356472589911,0.9946070971078926,-0.08762441209914484,0.004975660582277615,-0.05526235236271943,-1.0619840437285815,0.007481100617696474,0.047311250911085644,1.2452851307231259,-0.3432076920738077,0.10375127943203966,-0.7056006752937416,0.032964645238966285,-0.07727100247959404,1.2703293176901245,-0.5810878039914307,-0.06904535130981451,-0.8556900499288776,1.0700475912996068,0.16612172355518703,0.06729694683029605,0.4652298098016601,-0.06085482547373936,0.37225722610714845,0.6465396760583015,-0.7487925562172911,4.90877308791679,-1.443834913262232,0.2153776349653378,-1.6997423056803898,-1.2381771441078886,1.330524720799584,-1.5164846271740753,3.0847931278257708,-0.25240804469218414,1.6632407854192195,3.3853070848053064,-0.46563022649507463,8.813224756702576,-1.8638021071528201,4.833230931077188,41.511732639375495,-25.34220767010696,-0.05887301373832576,-51.26888649415186,43.31946712390077,-2.2554187312547667,15.612693126651484,-11.188456287970155,10.327365372902769,-10.592151025023163,-43.01158550480627,1.427633754880059,0.0
-0.8657338882493342,0.5356566062394807,0.645400792772854,0.9945861157234324,-0.08657079046242429,0.008521007726199747,-0.05684495647123884,-1.0494550263651667,0.017747235344887615,0.028481423030093836,1.3657538183097333,-0.38710761174640207,0.10597868503493031,-0.7349060945407364,0.008227529783677705,-0.04912865826282146,1.2371985664843461,-0.5222191561239554,-0.07362322321098749,-0.808437282824189,1.129212790509243,0.1320971477793923,0.1494544820426887,0.3289963883805055,-0.1340679862643009,1.023795167801616,0.3474393621302417,-0.9656399422507659,5.950474891960497,-1.9066645912388116,0.09310668288045981,-1.3139433531399711,-1.3782340296016216,1.4325099162009076,-1.7824864390158524,2.9574649180324517,-0.3908895067347434,1.610941541285435,4.081712034462489,-0.913957346491719,11.014338434717391,-2.4783185385344484,1.8108879409468437,55.05487370954895,-22.73459787846175,7.815271365835727,-69.97130468561522,55.031542071855526,-0.3067834312286676,15.29559671028472,-34.5788752081604,-7.198067616659855,-27.24409593744591,78.20066614956366,-59.114610006534114,0.0
-0.8813721575649153,0.5589659468583279,0.6475785823959433,0.994619956222006,-0.08446253665146175,0.010622475498301696,-0.05902868456626768,-1.0184890845215984,0.021069877978518368,0.006051485950811571,1.4948744073377167,-0.437197837015821,0.10562731670423352,-0.7569848930501445,-0.023479873181941804,-0.021035345124205147,1.1986683022551137,-0.4626202312061484,-0.07927435435604527,-0.7662805104958577,1.1997754169909933,0.09449275066334276,0.2772812972214492,0.20522537897838922,-0.22529989226152408,2.083350311995651,0.02132274274642882,-1.096842749227096,6.082132299894761,-2.1646226150267966,-0.01852110730381371,-0.9925802393354508,-1.8509144725559887,1.3521507085825746,-2.029682025562875,2.996761076750504,-0.40347200898631086,1.307131822137915,4.007265826790245,-1.4655363133723045,10.564708837838944,-0.9227125224041814,-2.1965256861782527,63.493814750979794,-14.160638785963531,13.37750305381238,-89.81739008859775,58.79809656258241,1.2652326087224846,6.6574898148452375,-32.53901325313893,-4.896660465125569,-5.117309857384056,-25.516345332533575,-8.225730101033637,0.0
-0.8962462946170613,0.5837062206074128,0.6489444981581428,0.9946900336773061,-0.08110605695276227,0.01147859026870252,-0.06230398377357959,-0.9616467611800887,0.01752059341528639,-0.020727762053012036,1.6127081486164516,-0.48966596473084484,0.10106593184049338,-0.773636854357589,-0.0665686452757122,0.0037329017545550485,1.1545755866523866,-0.40019574941988284,-0.08192473709342808,-0.7305995063429277,1.2681277487405511,0.046441928715140725,0.39566170267975487,0.11365090217197821,-0.39075785653568346,3.4588378399618325,-0.26878299787581145,-1.3708004117114159,5.242860945346846,-2.2750673248192537,-0.21115312291518035,-0.7943727557914124,-2.402921127213557,1.146238153912147,-2.2579782356416125,2.958637765567253,-0.18169140991444077,1.0265055143899773,3.340564126667227,-2.6081697736807645,7.3608530520846704,1.2680436573686493,-9.463636556117727,64.5150847828092,-2.9834042642377456,8.114953236106977,-101.18134107174679,57.56541389713404,6.307870550149825,-3.732132645601598,-22.46979859911812,-6.581756560465843,2.9173713282263973,-51.868671050589455,-6.153357851963282,0.0
-0.9105395231432253,0.609427584600458,0.6491937942817995,0.9946460698899494,-0.077323862037297,0.011532603405131589,-0.0675811739378316,-0.8741811173610703,0.008893757868945106,-0.06072595369822333,1.6895010983047813,-0.5588640410729029,0.09878774027653323,-0.7881185367851953,-0.1157182042388377,0.024670308579074332,1.1066184059566186,-0.3420595248629709,-0.0809761327269145,-0.7067728199349617,1.2967737772363177,-0.023443693840183293,0.35957751764700013,0.0791658426235174,-0.6549941876878873,4.950164750429685,-0.391220109380008,-2.2972887536677455,2.685444460065873,-3.2519781497210767,-0.05064035663520664,-0.7828324330823092,-2.4026838115093057,1.0056153954925737,-2.3565357579924453,2.358554126924958,0.03987585278410006,0.43067761112686653,0.8492158086598502,-4.733318344822193,-3.70742916493878,4.481964397831261,-17.105437713019292,48.49160366583524,18.258707994105873,-15.684791393288341,-121.92567262660245,60.807815831506964,5.421363435689557,-14.776579632327222,14.705232297555181,-0.6431134517916803,11.000511282959573,-79.00525892000225,-5.244387844194357,0.0
-0.9246495718162334,0.6345408881861223,0.6481983513895445,0.9941122698843593,-0.07611164336174704,0.011825963007367745,-0.07620996791161894,-0.7510718701907836,0.0022693693583108886,-0.13865177453561303,1.6567038947714197,-0.7124648238921018,0.09057867723347852,-0.8049894016013668,-0.14383604710121833,0.05230557700894509,1.0643627722098403,-0.3344328468038494,-0.05363990520272344,-0.7104207881520793,1.2184968884310474,-0.09758720457971194,-0.1040193129703601,0.16936435476721878,-1.0474671452323714,6.675865074766955,-0.02275891850130919,-4.820389194459756,-4.170641865475551,-7.843625660573551,-0.3480554102866805,-1.006219690138999,-0.6437033946094189,1.5034850679697969,-1.9367429550149362,-0.40527410964119054,1.2572773336408445,-1.0763641897212353,-4.293707953699588,-7.542430183568898,-27.73232947514986,11.145704858960904,-20.957928662860276,22.078994117415974,52.90513741856249,-69.10128807296059,-190.6185502901003,106.29331287827547,14.928040192056148,-26.641920829525493,78.97199666996573,3.8134318208834035,21.565735055497264,-49.46262240346273,-44.90813799168738,0.0
-0.9387300355360662,0.6571710077046012,0.6469787270376124,0.9927375766703552,-0.07881199187083111,0.012691144700546558,-0.0899983813755181,-0.598058900594726,0.026532598545417355,-0.21240952508295202,1.3772133978770675,-0.8654948974384338,0.01974316259649824,-0.8347792686901994,-0.11761480273531391,0.09380438944834413,1.0915673485495108,-0.33343211638191556,-0.02519201426440375,-0.7053058812203896,1.0506941365497473,-0.08377797585563906,-0.5916867319979495,0.1655702145716834,-1.5239285543383994,3.7571148952901403,1.6787871604196332,-1.1560082849483668,-9.449983261104066,-3.2765412682224744,-3.0598564918227176,-1.5781631738632746,2.647963498705647,1.7923302842617477,3.2113177412133056,0.26903241579317727,1.1774557194784956,-0.5325087484802383,-7.600055649839199,-0.3174406685150707,-33.24530209687567,-3.051001588051788,2.575128285173276,-804.858836028518,-78.77060456972285,366.5123456585828,1561.6543273381155,397.84644126639625,300.5852250736251,26.288094528865518,99.56188469542107,-84.18432962685327,104.6288890568146,22.957637701292324,-27.904408944122565,0.0
-0.9522498997309354,0.6793994652253003,0.6469029405309736,0.9916568245852656,-0.07838555483746945,0.012921596724115183,-0.10151590705101585,-0.6075248266704976,0.01794382669775279,-0.19376260396782197,1.3454041805581034,-0.8532997080643377,0.007894513073514102,-0.8533408781764463,-0.09204151509806896,0.1215624081174162,1.1396146236464548,-0.3525582783274822,-0.02261539632854789,-0.6341886336696998,1.1518115169263328,0.08884539042140904,0.5572384253357565,0.00876130383381981,-0.9756556366103746,-1.8435600444674685,-1.5494265041872533,1.9320018009210216,1.083152818250349,2.525965775684395,0.6365589724301554,-0.24850408528858683,0.34129721578081496,1.174224633547485,1.5882354155573613,-1.1076100072311044,-0.07567655355778613,5.691239335023785,3.658196795877827,11.392866562612717,54.196987459420306,-16.961238383829233,10.840680329692898,-31.27456084584486,-80.52500560795451,79.60120071290973,79.63468858798399,127.59384821242828,85.40647812727038,81.07375741967691,-89.55453380649406,-17.054685926965128,-89.38722020515517,12.255050054371258,-3.3843842153658366,0.0
-0.9651480749348527,0.7018428371068426,0.6493202004161804,0.9913566964481033,-0.07313369411593305,0.013936488745183336,-0.10802378198302125,-0.6575321365851706,-0.017119080434489273,-0.15666574688841325,1.3733354955768193,-0.788463340088025,0.03320289737924271,-0.8565855455294353,-0.09600709709263959,0.11626580537809235,1.1712366682890107,-0.39101916359995165,-0.03034170620796832,-0.649913261389577,1.0949937786108177,0.15271949201965934,0.46834350964081933,0.33693545990648516,-0.42935543753784466,-2.650659016557184,-1.7401170799178594,1.7727432524087567,1.0464863267379816,3.53195855742749,1.4666487006770141,-0.0014729985372640628,-0.38045706221673825,-1.1051120150365903,1.3729821103264157,-1.8251558112169417,-0.35939155827107533,-0.3659158724042011,-3.1993408893723316,3.7752145536607076,-6.187085096844364,12.688817529948484,17.776992442979413,4.528524426486547,11.318504235913453,-10.10992538218971,-69.22911198965261,15.467163744418166,5.241441313428135,23.532228233707727,-0.6617348669394038,-66.6861652908425,-33.358893776029866,35.260132148219554,10.204142335351685,0.0
-0.9780473113025352,0.7228266719233853,0.6529150462904014,0.9911981568352272,-0.0694071718487752,0.016794988539151998,-0.11147549839481792,-0.7050918660818957,-0.04650519189643485,-0.123858864051971,1.3795018184985939,-0.717932414171705,0.06314181420818751,-0.8500464415632549,-0.09806804839855715,0.08320848464058817,1.2044398763670001,-0.4391886702748242,-0.03355434188779814,-0.6419989162145555,1.0134691884862412,0.20252371363467891,0.23686219386728813,0.36063732388838116,-0.2502197415314388,-2.1285787338088182,-1.248392266456106,1.5114050236044323,-0.29504854636989025,3.4710793551310175,1.436285612855787,0.6433425454346836,0.22837747156975,-1.9149309170796358,1.6171215131668057,-2.1780223313568934,-0.0836422618480525,0.23721491809747094,-3.8082539734591463,2.4426400888434574,-11.536554589174473,1.5324768277838121,6.159974311057292,27.70112480287115,23.399819806833044,-15.67850668542013,-63.33637383901543,-8.778460543989343,-11.363989502051734,37.36005120964958,43.99482816841718,-14.615335390888397,-21.61278566217193,46.863071470320754,5.4793356770496775,0.0
-0.990722091351461,0.7424260835099735,0.6572458846932206,0.990993909422217,-0.06769638036986866,0.019527633387549835,-0.113872486172783,-0.740688321723566,-0.0667016982534612,-0.09582639582799936,1.3626128038840346,-0.6509352039953092,0.08910289766223965,-0.8263892850900645,-0.08472076760637981,0.04435627845757894,1.2281831729892778,-0.47955900588972705,-0.03445659075782811,-0.6284106006291532,0.9549828455224868,0.22274904186945288,0.07597032049554918,0.2734624354874157,-0.19084324597413438,-1.5330287532096623,-0.8591679329548879,1.301768165076321,-1.219067043784395,3.234416980803538,1.1802354687126968,1.5657877359255399,1.0357218886260176,-1.8689987310538916,0.8448492719059929,-1.705862639289982,-0.021028371707641453,0.47100326763458705,-2.552390264803377,0.17520530616983412,-6.115762898968136,-2.7250334652159207,3.4255578092345864,23.54916077155139,12.811718407415011,-11.519251722624276,-34.90029867136941,-13.556188091651299,-13.69002086522827,36.677709621765956,39.962512163666176,14.74979919450029,-34.815857033904365,38.37951268522818,1.6277208668571839,0.0
-1.0031884435319596,0.7612373491952883,0.6614111252550392,0.9908160706968185,-0.06704102392748233,0.021759563141427504,-0.1153929658669284,-0.7683283421212304,-0.08218675229453554,-0.07182483502956585,1.3347020104604281,-0.5897698811652051,0.09984385432741069,-0.7841717509511583,-0.0592434128835613,0.012285865111041325,1.220977211124292,-0.5095406542496834,-0.03707855262169289,-0.6200521616238839,0.9312579581774132,0.18563621136339484,0.03958666417963067,0.2220014326694939,-0.08689537683067944,-1.2946834532518119,-0.7554915735978887,1.1457733325326067,-1.4961182390804701,2.9334676375430115,0.21988001033745677,2.3852859141467246,1.4210814319459155,-1.331641292884992,-0.9284744547438388,-1.2915920275794086,-0.12345780016634363,0.2613852074692866,-0.8267964264525427,-3.3733638750046855,1.8085432831766992,-0.9113420508981103,5.773182593271695,6.026985471139771,-1.2621231936587733,-3.746117893417994,-7.026345179701955,-11.905175502612563,-25.305067661511103,16.955976705140063,11.60398268721246,32.82152229931695,-31.161656988812126,23.914823960622474,3.1318038953030953,0.0
-1.0154111610089285,0.7799652547428805,0.664012299549759,0.990771496229377,-0.0662966734431356,0.023477550629633803,-0.1158680196007901,-0.7952570527828408,-0.09723193930087892,-0.04990446522738598,1.3097780166110993,-0.5369727420502745,0.07628622850940427,-0.7253006998478962,-0.033386294513574936,-0.005541334381667901,1.1615377711376729,-0.5304687049575753,-0.049310207556680294,-0.6045717640598602,0.9430901514918436,0.06806169706995667,0.11075173473845881,0.15907581754067818,-0.0024799157585821954,-1.3807270000284144,-0.7955587803463622,1.1551712424264937,-1.1060682155386288,2.4761645918691735,-1.457393863183168,3.097797920282201,1.1252299505079348,-0.478242129487688,-3.6857763216342128,-0.9439805740794974,-0.6050140751750269,0.5895937688074993,0.8992786236340177,-8.080862170072797,8.999255626245395,-1.5403118523490154,2.288461812759672,-5.637253344959147,-7.252451609274373,12.058719249875761,15.303027920451092,-16.283093668303604,3.5301601040478934,-5.552610664991191,-23.57419856877976,46.68653365905572,-9.18670301673502,9.731554236325849,11.191732279412404,0.0
-1.0278049821575668,0.7990536386699106,0.6641562119552704,0.9904943609344663,-0.06675843086543602,0.025030617506468372,-0.11763375813368192,-0.8275372993475775,-0.10351689361682039,-0.03541092105485711,1.325780437774106,-0.5180587987098277,0.04618228520481329,-0.7163356109402343,-0.012610092130130693,0.024119764191068236,1.1122157216586024,-0.48367364202986585,-0.02730543606200855,-0.6126015213701387,0.9641785135413645,-0.034162048756243305,-0.16310192190930903,0.07519332958921009,-0.20377610352492687,-1.4395126334787864,-0.11942438466661487,0.10252348205264986,1.6390541243729926,0.38789330783600684,-1.343462126429897,-0.6866749569106292,0.40803388643914296,1.6343170291280065,-1.4548488035499199,2.8561617286224346,0.6745303949770456,1.9341868756260439,1.019235299458628,-3.91728587613695,-9.182154303268309,-14.68464765204241,1.603231155325157,40.10297904532743,15.982123016161257,-72.10848960692634,48.107935313848145,-22.009615167735046,28.204065862654208,-60.22538347513538,-92.59916101903877,-49.64392216798411,91.5584712792225,-36.77819271159665,-81.18757779229792,0.0
-1.0395946455298435,0.8184940918123031,0.6629477205490634,0.9898846828033765,-0.07012396615441492,0.024567622129610438,-0.1208609782557235,-0.8503229120667887,-0.0946273350383394,-0.04364933217506565,1.388981621532275,-0.5303197300391146,0.03416620729932517,-0.7326229914804098,-0.01666578796979215,0.04622180911563833,1.086278196760281,-0.42212778581029775,-0.015595705888708997,-0.5692720741846987,0.9811484043798218,-0.07137984407136182,-0.4186508797541383,-0.1790071111485144,-0.43449388190336646,-0.7058719698059701,0.8812568373271946,-0.7879716306769537,3.648494756965977,-0.6684492274708915,-0.3742652800987864,-0.7865562310932598,-0.6587010381016285,0.6552353318826872,-1.0706863903446002,2.1113485261535345,0.5631662376452515,2.3136358061563214,1.3879791845246368,-0.5245138325595706,-7.218091924979775,-12.838643723367344,-10.336388911376206,61.103073527639204,46.2168695539454,-36.86273257132923,1.3342802338199498,18.750384257455078,12.716401617048085,12.39050878463094,-50.355272433526466,-51.31608017405985,14.32926335512289,-102.45587451146031,-17.33300616751818,0.0
-1.0506749689111952,0.8384409089818112,0.6616042803064439,0.9889090211764138,-0.07545377091307559,0.022208990143693094,-0.12598586050705082,-0.8519140286944159,-0.06798845296211227,-0.06699540715904191,1.4534478515679428,-0.5525335252105144,0.04167787430899774,-0.7437289696358325,-0.032089188606626094,0.0549670332981141,1.0568943448025252,-0.36906962807093396,-0.009836750496610192,-0.5393960007409629,1.0182551629451524,-0.06944763914832687,-0.4954970330440134,-0.32311475615868224,-0.6278470686892875,0.45202629696284813,1.6077923700071322,-1.4057204491600919,2.6610171303748054,-1.0339911476970127,0.46230868912828077,-0.3806952753379489,-1.0483981467098322,0.18827333943641067,-1.7383363988660434,3.007851188900237,-0.016140307440737148,1.3740335225974738,2.3204554354854396,-0.5332722299130109,1.365297686951585,-5.760924020008062,-9.015346525261627,57.36053468408871,30.08867878856336,-20.338458614630554,-73.14723321695061,22.091265077809677,-5.23474638616579,8.06258929999104,-15.584682945278525,-6.944948703188955,20.502189117514654,-177.95825109368644,56.938274480477816,0.0
-1.061311539451535,0.8592338098464694,0.6599393669063245,0.9876389235333356,-0.08086216692647975,0.01878826034886853,-0.1329573915016816,-0.8302768316460261,-0.03142429834107763,-0.10323280769029534,1.48480082527592,-0.5835317190708826,0.06177797386822436,-0.749144228997697,-0.051689398494579764,0.06003920659361337,1.0175411615715275,-0.30621306283131144,-0.008670242646714362,-0.5256739056071227,1.0616704341999916,-0.10401818135816504,-0.444833581656929,-0.3626948587992652,-0.8279373040611866,1.5116071023048088,1.9604663991686533,-2.0307319508703903,0.7929729279190181,-1.4687009601548764,0.9717517736797778,-0.23290682687701153,-1.0456257010626817,0.22648356394516939,-2.1166741865204144,3.4584007163214903,-0.36753447423319646,1.527773221494387,3.744195037475069,-3.823309061600379,12.627867008145648,-2.6242452327277177,-6.432634976367589,43.86000131075597,-1.040032903960972,-11.657282379766178,-72.6148661950922,25.305886520198687,-16.113726027456828,19.83364406613322,-65.73724412605924,-53.47456621440947,-100.7256600141311,438.1514643409955,-248.18378721858087,0.0
-1.0716786199472086,0.8810480560939855,0.6574470488120732,0.9863136164087581,-0.08483076646436315,0.014912187369543379,-0.14059451559574349,-0.7844644529605289,0.0028436738222340197,-0.15105535931211844,1.4506069825733139,-0.6164588931479112,0.07362230315020497,-0.7522640611897565,-0.07340440651084686,0.06835862861265811,0.9724341128486977,-0.23899316278052757,-0.006619026289439918,-0.514524214386781,1.1136266063449693,-0.16103033415210555,-0.2575204691443944,-0.3613036236463146,-0.8084659871385599,2.6727783661545983,1.5635282181935095,-2.5133907706009073,-2.9531119259295653,-1.5462256248552095,0.4643862631680081,-0.2023868846628502,-1.152245337700288,0.48873605265071945,-2.235179620486373,3.3412885233090748,-0.07234403971441361,-0.01490794246744484,2.2014074346458536,-5.521308825608855,6.803836689721409,3.192913256066257,-1.4399313752865346,20.869985317060955,-9.267508399418908,-0.537924214937171,-74.19231988525102,20.786035724003703,-8.513730843236067,-23.295842750616263,8.91101318408672,27.555692648911563,56.19793403226457,-194.57387515875823,79.38332406134666,0.0
-1.0819864327990254,0.903990491773945,0.6541849255893344,0.9854535932723268,-0.08635895283946765,0.011201732784493868,-0.1459378907403948,-0.747958951924929,0.014530211689919522,-0.17074896711546705,1.3775468641567026,-0.6622606869463041,0.036114426000136216,-0.7549656179665503,-0.09852444770110495,0.08320694552247024,0.9262096668822224,-0.18030268798267837,-0.0013897648899207711,-0.5174607041978588,1.170073695355558,-0.16935502792957002,0.006127298294114299,-0.34661252754386224,-0.3458607199421986,-0.34734875444088065,-0.4764752324828609,0.7926378172084376,-0.8530795068939916,-0.3331973336215567,-0.619277450955885,-0.07182047808323594,-1.386700573791822,0.8394184135312523,-2.3334368742445877,2.6534715331770213,0.09201985667467694,0.3127029985339852,1.2216452340106405,0.3047354561675804,8.401663573800471,-5.564446049646995,19.890318978038614,-179.65996142442876,-103.44673886421587,109.9549820623893,250.7399753402463,306.59388614209513,240.48047000783026,12.961415212342123,-0.8408083544583751,15.681192659129202,4.808680132992925,-73.73854931577605,-13.261922683158145,0.0
-1.092523993883776,0.927164230866128,0.6516225045419943,0.985203088458143,-0.08675574331254136,0.007872531188065416,-0.14760196051380542,-0.773546326048933,-0.00567875215748685,-0.14585079968460293,1.381269120603238,-0.6306032052993973,0.05304431768143606,-0.7536100349641607,-0.12169604347934167,0.10298082402965901,0.8770189586223296,-0.14213583896242635,0.00018012227415834032,-0.5317979297556998,1.141160179607411,-0.09466987974154926,-0.010470625400354046,-0.32629997237748437,-0.10909735904995893,-1.5454515691526962,-1.1892367406175912,1.3647138816502478,0.4053101493573352,2.3971457285102957,1.4203515020773414,0.17076018017701336,-0.9191438869032286,1.0978409160999,-2.4141631849968253,1.214892019579668,-0.01843968858720668,-0.44248367158562657,-2.430637197304477,3.569159315084785,-3.754245248679349,-2.4940296090388467,7.917857174081341,-1.616412863395854,-4.4962060863902575,1.0532258164215273,-11.468329551700778,47.10312922038951,28.86661736900433,7.32199828217762,28.53305028774835,9.355647137950996,24.1743861723409,-59.35969358149641,-8.582524625829645,0.0
-1.1033132465913669,0.9495287099659991,0.6501457239600685,0.9850984551322882,-0.08760166849942756,0.004793985055216436,-0.14793241389021944,-0.8034015457823956,-0.028601173251112326,-0.11840062541066572,1.3839555021491516,-0.5779209677116314,0.08573215458784028,-0.7496246061213254,-0.1392480219521822,0.11078359654437825,0.8394803697169368,-0.13128539542103657,0.009858329090119562,-0.5465535606746597,1.0971252284270452,-0.057773707623134725,-0.07628142328143792,-0.30833435068966336,-0.04849578831164737,-1.3781112098992965,-1.0492586868241196,1.3439762773099313,-0.1561385547528754,2.702528864629675,1.6567725590493882,0.19815899000504608,-0.7112327393315306,-0.025964477875599107,-1.341904464828036,0.3061904228380894,0.507983354653728,-0.855598645199955,-2.470499014549154,1.7230545898212695,-5.38065397871008,0.05622812255858822,-0.20197834204649,16.30208529416817,14.202388795314123,-5.583319327266729,-34.669089248964696,0.8035401489341152,-5.638049833256506,-0.6218385747717357,27.57880328013599,-34.13911243945901,62.69067387318914,-12.434709838645826,-8.00060454768026,0.0
-1.1144850755672262,0.9709630810554972,0.649286554626097,0.9849334567960117,-0.0895588766705915,0.0021203417500839494,-0.14792159221771878,-0.8280618839078343,-0.046854272341125484,-0.09370495681556876,1.3738549383854588,-0.5239023173688817,0.11744206422383241,-0.745931205842156,-0.14735266629437116,0.10557169564028107,0.8228321814231726,-0.1372782469853868,0.025004556423820764,-0.5689448668682111,1.0510641467794142,-0.031794585142465706,-0.2280519954818438,-0.2828756482635639,-0.011913990948932012,-1.1153392098675832,-0.7949688657708409,1.1292140694930715,-0.7681576312197372,2.6988835653291567,1.4931593246684016,0.17584303081609423,-0.12313725014526446,-0.38934654419498993,-0.4678362466165322,-0.41387522376165126,0.6932010118108994,-1.0100306008501312,-2.260244959615121,1.0410600274600248,-8.109711606887124,0.15547865447803655,1.563927678130507,13.429741397287764,12.281292495590664,-12.377524755235532,-26.52342896634362,-0.3618912556930488,-13.068318539120506,4.545599308706551,22.74887708941013,-42.18452791327879,40.44125332329113,-5.139553237363489,-13.285815353474957,0.0
-1.1261599508315503,0.9915863044150169,0.648863532425785,0.9846655958439082,-0.09283983488148696,6.714090524685393e-05,-0.14769707144232588,-0.8483170784157984,-0.06023813237002194,-0.073077236816162,1.352789546459401,-0.4692360694362781,0.1453637077954856,-0.7444482956857992,-0.14292992128333945,0.0978938667923601,0.8252657812583668,-0.1549586251686693,0.04187348014657261,-0.5944133936008674,1.0156463814041572,-0.013078696562411542,-0.355968153329079,-0.237490677778985,0.01124622111483071,-0.9249469038062222,-0.5759318467386603,0.9425428249625641,-1.2635367673594036,2.777820894871775,1.3669560505456502,0.07731589182802337,0.4288073390678458,-0.5913191255573631,0.4207100947237601,-0.906205375648703,0.7449816724682393,-1.0515418474493743,-1.6923595877594242,0.784791720101032,-7.034882813640352,0.894855801377467,1.0915977029586716,9.924918776483961,9.797030541230585,-10.596295122622987,-20.29576322607096,2.5460586636115536,-5.022428238878625,8.229631950296636,20.060535813776177,-36.560124027279585,21.06170787383708,13.334767268210006,-14.595404661645306,0.0
-1.1383142063861886,1.011564742640256,0.6487150741958164,0.9842880362770484,-0.09700584993336803,-0.0014810331360915908,-0.14752875401570925,-0.8650144607817393,-0.0693654369857376,-0.0551442475379743,1.3233127858000364,-0.4138090400571849,0.17092923470670837,-0.7456886910271776,-0.12791265751147746,0.08401496528977202,0.8540636712351982,-0.18252786691279274,0.05702872805356481,-0.6176219335409352,0.9875303030118027,7.326138887115124e-06,-0.42955654554695216,-0.20164338912092516,-0.011460021487910048,-0.7568849507837708,-0.3757883878639547,0.8336684359443693,-1.6320575600047482,2.749290927649625,1.1667806081003456,-0.028359674285605787,0.9977060524128031,-0.7865954647544666,1.7358274687449706,-1.2146876612443613,0.6603979820630488,-1.0345234101374636,-1.0887333441291398,0.9018218816546966,-4.8117864452569625,1.3526259441481103,-0.49596304041338446,8.621036027146667,7.544997641014299,-8.338316665285129,-16.495558711318534,-2.8656186908869308,-13.13566411964144,12.841791656647835,25.979628668433836,-9.83290264760199,-0.7808111527716388,32.91285069131482,-12.837474693229195,0.0
-1.1509749726068956,1.0310819125714539,0.6488038112526066,0.9837540730793602,-0.10154630266912656,-0.0025051430154454345,-0.14802025662885618,-0.8787840710760308,-0.07425285792681505,-0.038310923262309296,1.2867239091101614,-0.3589271932811171,0.19298180248532595,-0.7516161431191376,-0.10142253351577732,0.06886624630006301,0.9143977317758545,-0.2212657441396087,0.06587532145212499,-0.6439409964352991,0.9694383818246128,0.013967232734575428,-0.4600982084470753,-0.13819094890525627,-0.09611452555178071,-0.6145766518746614,-0.16156008958376036,0.8114994776232606,-2.0010880950605645,2.7458538432547237,1.0424467017140597,-0.27521829700637346,1.5334255588680494,-0.8211921972680235,3.2157800988638576,-1.7127911176815775,0.35055373163204623,-1.086716042284713,-0.5000648261707035,1.315429607634739,-3.561363600906616,2.28837249329063,-2.2411222010651226,9.056550217992461,7.230378791350467,-5.72041738432971,-19.173449188440554,0.6237889231378535,-7.737381127465044,17.257652898423345,19.1432313561321,-11.3848917062202,-29.523134816450472,45.98278525887668,-7.052395553234177,0.0
-1.1642037092563322,1.0503552214744203,0.6491528184264223,0.9830393773696322,-0.10609231877035333,-0.0027412850129568335,-0.1495676696185855,-0.8902665174078115,-0.07461721921213176,-0.021114357372054436,1.242383852417868,-0.3025948486693621,0.2125447937182841,-0.7629486069067666,-0.0665606566602932,0.050955613686964864,1.0009505166943002,-0.2711843455101954,0.06677379871916021,-0.6742854827349625,0.9611216338729175,0.02754200959540798,-0.4699058878216718,-0.0311608340970708,-0.20050756182484372,-0.5295216411676374,0.1006121303338815,0.8667319687181976,-2.3852122634564954,2.815147302536586,0.909502205370313,-0.5344029463837258,1.873507991143623,-1.0202847593372972,4.2892195515620894,-2.2056179849981827,-0.005231988723230779,-1.3042208302500304,-0.016318772621748034,1.4495332084508787,-3.191414282999268,4.230980814814191,-2.337693328407805,3.774309150823676,8.4614453744985,-3.0520567737173216,-10.666220682422756,-31.496877461699448,-6.5614512341813676,19.88271940782809,10.623840342031441,-16.148832130701635,-60.4434026717438,55.921108236264374,-0.484172505070129,0.0
-1.1780219117175057,1.0695784981386427,0.6497502010197385,0.982218139983145,-0.11046996343660333,-0.001968745664594805,-0.15178944860192406,-0.9007388760748597,-0.07026732931164627,-0.002411538388906059,1.1919289119849763,-0.250203718313123,0.2282898365467181,-0.7765769162184085,-0.02781308923796389,0.02734145316057938,1.0971731998485608,-0.32415762102080753,0.05988403534923176,-0.7040531237869005,0.9634049665665883,0.038078939674000216,-0.45847007734533285,0.08317969934511475,-0.21774378962433882,-0.5250758361606881,0.2941386695037891,0.9557950052014552,-2.58782831375546,2.2419257199808635,0.7157232030450382,-0.5888990421438338,1.9738391588698632,-1.3104605430426723,4.4619946931436125,-2.295217689602739,-0.33950702602270805,-1.4261813232663785,0.5291855593982884,1.2038279023047387,-1.65622177818622,5.339271843145348,2.309401956391471,-1.682954462793217,2.3980307024076173,-2.0655986873965038,-1.4902531945883601,-65.69952449695276,-6.357276742194028,22.395694700734307,1.677127515485759,-12.528040121287525,-83.74431323089156,56.10309912435598,7.961416869105246,0.0
-1.1923905891031323,1.0890478360134401,0.6505656067502992,0.9814566359809689,-0.11424480606839764,-0.0003036224489150778,-0.15391849722733908,-0.9112840057955695,-0.06497694146986716,0.017849168687656826,1.1391843298342204,-0.2177519394896404,0.23967672906178158,-0.7889958504908274,0.010699338849515877,-0.001240394196915173,1.189206380334276,-0.3742656831761758,0.04730514276242287,-0.7306852338004486,0.9835568765086349,0.04810406865440025,-0.3806315801364782,0.16789737624832649,-0.17157468201240328,-0.5190341727453709,0.2194280675130994,1.037385644224515,-2.6813420652972435,0.9301253375336416,0.7289295109018217,-0.4952140793962201,1.8914769852999709,-1.4872281340064546,4.121782528925606,-2.148184157432378,-0.57493938708764,-1.4763340769342324,0.9972945931512122,1.112075726746329,0.6184298894391402,4.311819853653741,4.999478027873451,6.588689372498779,0.8530226440980915,10.940683362696475,-13.257503636490785,-122.00995429186106,134.7908222832818,22.86420351050268,-2.0497491232592315,-2.960327702593845,-88.03368490136221,51.420180261580754,13.10662848088398,0.0
-1.207279221204239,1.1089469248429222,0.651569886543874,0.9808286071750345,-0.11720277940094162,0.001762278294732561,-0.15567802100164363,-0.920242265574225,-0.05967066595082154,0.04127187981795365,1.0827572178818898,-0.20774870794195194,0.25333843494829467,-0.7979517955952427,0.04794313746466704,-0.031780222262434675,1.2716168571086521,-0.41980868560517576,0.030150772879028325,-0.7560862918662278,1.006634350724992,0.05453875539950722,-0.3029637189727552,0.1874442274608792,-0.13038928332884575,-0.41536678776116537,0.22954075695494927,1.192665091760872,-2.877850555492713,0.09845285541752645,0.43004888658306434,-0.3020483299184097,1.8345109378452433,-1.5224111338949566,3.6572203092216733,-1.950285139528063,-0.7713025156469898,-1.3137802211556222,1.48588296543473,0.5258537987611611,2.055791208856679,1.3105699914172442,4.583246408504667,2.314492689188774,-9.921556123034865,-3.4884466496282673,-3.3706215660265375,-48.27411312679571,-35.31040857712363,22.074149115536137,-4.018107806272826,3.7663441400391484,-78.19760071898824,45.90081304618738,17.170171073871593,0.0
-1.2226257592083933,1.1294010065986717,0.6526674107317878,0.9803498008622561,-0.11939752518663398,0.0035795085863816046,-0.15698944565454742,-0.9261127593818425,-0.055577778897673846,0.06669014999900004,1.022164918835415,-0.20809365048359044,0.25280595877920675,-0.8012651513421405,0.0843176670866741,-0.06113239332075301,1.3416606363566528,-0.4604650365984691,0.011070575871956078,-0.7772324305752332,1.0373206196534515,0.055092702667792384,-0.220110410235719,0.14275038333250853,-0.08854901833041931,-0.22365882890172598,0.12499822335689864,1.2697201786082148,-3.0797317570694944,-0.3726208120480089,-0.31876376401753226,0.003630946965999797,1.7970696694996864,-1.4010717185046695,3.052441728865906,-1.7439899991151953,-0.8399610880416616,-1.1493671780292134,1.747841814092511,-0.11291209043525241,2.2584568218096353,-1.3532244552767803,4.128299322019396,5.619557170808989,-14.055157614516816,-5.528109328418732,-1.306049952400517,-52.363220897789375,-30.23927027975596,21.539228274863646,-3.8322133290349547,9.146451599314215,-68.39789977942989,40.22770444899382,18.585335407778114,0.0
-1.2383699838211801,1.1505136692322109,0.6536998296165626,0.9800423947613714,-0.1209575927156349,0.0046762828277730276,-0.15768417046028801,-0.9271690393262828,-0.05436752236424101,0.09319239911886196,0.9568633801481572,-0.21686341279344756,0.23836861508516302,-0.7970623963203235,0.12010526940403506,-0.08767159049970435,1.397911223116982,-0.4971584033343682,-0.007524230764580056,-0.7963060371326894,1.0710731882321065,0.04620986925759951,-0.15193503844706524,0.05793002314989435,-0.029048329558700552,0.04010045223509966,-0.038313413766305544,1.3075299361784685,-3.310492998510258,-0.8136745646885176,-0.958145199819077,0.3995709240137269,1.7750016967150655,-1.2551808002093041,2.4039162954947737,-1.586245195790155,-0.8056315783367962,-1.071608646171154,1.777013170169642,-0.9153944743583714,1.3852651491627959,-3.0148312763259355,3.8875707125711663,7.202067779968573,-15.058604738277424,-7.305044718456706,0.5860478983616261,-54.87981294071966,-24.736878314276797,21.319046124924242,-2.80976226274709,8.981853532903374,-57.00229128802326,35.60563165688347,17.901880436755654,0.0
-1.2544687353832402,1.1723246022181653,0.6544400127456359,0.9799117930741833,-0.1220535716686387,0.004740107359221394,-0.15764940475399783,-0.9218986790373197,-0.05651452529166445,0.12064039571297795,0.885737342859182,-0.2323793037406205,0.21279725774591363,-0.7839673753100104,0.15591445672833462,-0.1109444239101858,1.4409622523245953,-0.5312542996785874,-0.02364578465085498,-0.8131269327080708,1.1063067966124516,0.02434034891417379,-0.09240775981489317,-0.05615570212413594,0.03269791686935719,0.3726304277927149,-0.21464347346297755,1.3488290880195395,-3.6007951039398125,-1.1533588084274156,-1.468781903036057,0.8517948678802159,1.788445124522956,-1.093760786315644,1.820030536573106,-1.486621730703083,-0.6863881405883147,-0.9955758363352428,1.742445770753558,-1.9026246342530908,0.7674330132525462,-3.9367429353559356,3.935034166368031,7.239852004557488,-16.17070520756068,-9.034302351362616,3.185385522289355,-57.74601053538771,-21.392306653113728,20.034958805847566,-1.8850969047604256,7.362590095387994,-43.40244792527989,32.68898929781185,15.440829339088133,0.0
-1.2708669288820742,1.1948455952035746,0.6545696221574205,0.9799551899467542,-0.1227687734691864,0.0035209510536382683,-0.1568542535635237,-0.909310604550116,-0.06141978799640716,0.15015371288771023,0.8082270344290009,-0.25308452019259586,0.1768026669181282,-0.760867839213376,0.1918995807635535,-0.1313155689034616,1.4721153738365151,-0.5643695673899911,-0.0365541423903599,-0.8269099076171251,1.1411406147900363,-0.01577797897223157,-0.03563733328421308,-0.19312768182587958,0.09308698260471988,0.7395628069293886,-0.32602693989582165,1.4867095488427549,-3.895475140680102,-1.4320039070142911,-1.979633417886093,1.3603277206707627,1.7946666326240495,-0.9716386758099685,1.2896528101549924,-1.4601904167482496,-0.5423827328092193,-0.8888459863102744,1.599342838529369,-3.151762657807372,0.2504368882916707,-4.441222305525267,3.4860709977668463,5.586905614693416,-13.528710047197622,-6.611826650796759,8.54205107539489,-62.653172395511646,-20.14724970815055,18.75109249025105,-1.7813828113341845,4.17877493534481,-31.5958008316285,31.372870828450587,12.42708060120992,0.0
-1.2875099144844206,1.2180410207928987,0.6536907755836701,0.9801552114515371,-0.12317416514131997,0.000936368071132083,-0.15531583860304213,-0.8890513618793863,-0.06641510998110241,0.18555332837392452,0.7245643831548926,-0.2781473897112653,0.12982763478979684,-0.726428618120796,0.22736669260906325,-0.15008317960806583,1.4903195666839084,-0.5974447451937843,-0.047558386676236186,-0.8380316231526865,1.1733416442549605,-0.07797741710787946,0.014300254898709945,-0.32778244848736204,0.14905686297831405,1.1070453161442346,-0.27235193033321814,1.8683758697233737,-4.159640236899965,-1.6851876299117352,-2.5420298217901864,1.935643128089655,1.7480647852837115,-0.9230159829328914,0.6514037499956163,-1.4721261265799974,-0.4682338528076876,-0.7690899179184931,1.373720655743411,-4.707548465812705,-0.29530411040388194,-3.719473492995112,2.9793249704554077,1.987876554182594,-9.481301481844408,-0.6175810544585305,15.938940724532108,-69.62072072338755,-21.886723323970504,16.843452661269556,-3.3003429807304427,0.8875177768331878,-23.38821613932619,30.532542300193583,10.784720725892011,0.0
-1.304333850673305,1.2418605936204405,0.6513121077934851,0.9805028521342752,-0.12317565248454183,-0.0027092838251847966,-0.15308355683323036,-0.8613469695229027,-0.06659254919105904,0.23578321331925645,0.6358977311293932,-0.31134701486811717,0.07056232476612936,-0.6784711943379248,0.25942424503045086,-0.16901222497122545,1.489339960723773,-0.6334521761403302,-0.0640624142681568,-0.8450875430572422,1.2034029444197527,-0.16872881650161833,0.07963724432471729,-0.4069701236023071,0.20440719560575546,1.452941553613118,0.03858522576439985,2.7865308756309406,-4.365439221009444,-2.181313685046671,-3.218967435664273,2.6321307018523963,1.4937686672319135,-0.9524363382124954,-0.3839861474413401,-1.6468592198215337,-0.7601526873465976,-0.5467021384024368,1.1801301004226177,-6.8537255158373585,0.29775653300778876,-0.3521279069515048,2.222842895106667,-3.909691301796933,-6.999628135242228,10.667215759071627,23.82868856233361,-74.22855602346249,-26.09369353220596,14.492845088059994,-10.383904548991199,0.08245281943862892,-18.483265367632892,31.090870145413696,16.159154064907295,0.0
-1.3210541897415127,1.2662874963049668,0.6467617062453633,0.9811164465705771,-0.12232550615753741,-0.006536466225460535,-0.1496805378842181,-0.834507788913052,-0.05206117426021844,0.3263178657528869,0.5585021743268056,-0.3806845448025616,-0.014275198439795269,-0.6046495563029332,0.27561331289129426,-0.18609548306376872,1.4259721368146765,-0.6783165247060138,-0.12570088525454196,-0.8282334842390159,1.2401734765404397,-0.3071094151737607,0.23944410537598965,-0.36944248991856377,0.3473422173054099,1.079616205432012,0.7231640660404361,4.901326413087681,-3.3429576930382594,-3.8385689916952623,-4.336227679314677,4.180402281708424,0.24480140619879381,-0.6826421153683391,-4.364751578867711,-2.1693519917460082,-3.020004972359429,0.4422033998297761,2.5794240569198337,-11.0764168215517,12.75685248016084,8.200624705219413,4.0121228136112554,-58.07297121682826,-45.96258973699441,-71.05799516029157,87.54927092211507,34.2912327778405,64.88756383914195,22.13921508000841,-63.33035681181356,23.274916029480064,-49.83217176583643,30.04237706262669,58.5373974500773,0.0
-1.3373649273682189,1.2928532736091185,0.6403273850854961,0.9825541830071964,-0.11772647708611984,-0.0068101608001777045,-0.14381020741876036,-0.8945118135440583,-0.05694439583685909,0.31713865536272823,0.69982992521492,-0.41523137678517863,-0.031720064165775844,-0.48699022455238034,0.22614097277636677,-0.17629663242448387,1.1468700838893833,-0.7091994217252946,-0.21871960596019932,-0.8247080354192307,1.4187381384579296,-0.33454199663406065,0.9090521302925325,0.30366714442779347,0.1751919499897511,-4.617782557938035,-0.37423948917646666,-2.05954917535373,10.412434690332741,-0.42991305767666277,-0.1312656895877637,2.1822286942310174,-4.329165014484824,0.7782511570367526,-8.02123865463052,-1.4040767143964372,1.0768023094131896,-4.31126161403662,6.162319219322462,7.019936855841915,24.62634261992914,37.10351491422591,-92.58251948103681,-51.98165011268096,95.43423571274553,4.748847569827042,45.744601004212186,96.73248625033449,18.200565957544935,-857.1451298370639,-68.51601054258781,-81.0000616159805,1754.1934945686287,14.96797631173191,334.02406647179424,0.0
-1.3535958025262518,1.321506318650736,0.6361111017449306,0.9822593941229922,-0.10941118773440145,-0.00653218792685254,-0.1521611158495059,-0.9749051943154226,-0.05090345830935392,0.2500827808389736,0.904992530554398,-0.4065329353630594,-0.011165402417333683,-0.5312943314324817,0.16221809491077416,-0.1484194661260716,1.1592763475537362,-0.6997897716123266,-0.1702066231875913,-0.7708258360072967,1.450053484841107,-0.07086316735949746,0.760881684023967,0.06335691536289842,-1.388382895693197,-2.7348163540905213,0.8372624517846862,-3.576248411501923,8.643861925439458,0.7072059848558636,1.1250938642024848,-3.525953457662453,-2.470717796371242,1.9921912084633027,3.351211970543984,1.666448285743946,2.455670831084205,6.03302849212348,2.428687798220238,17.26670349349145,-0.46917621342591564,-26.31528015605169,-42.61610569425321,180.19065082833032,53.873228429772205,15.568231971599609,-249.61440721529632,3.6132724253626045,-12.58677407608264,-16.32065065559101,67.2100056012782,68.33103847299476,59.68358463589669,105.68892530335037,-82.31531022683889,0.0
-1.3687676792912313,1.3509033297840836,0.6360800796582219,0.9815561889623039,-0.10250540606884574,-0.006463391424560337,-0.16123992746137716,-1.0180789838440478,-0.0597599971725644,0.15475593492148762,1.0306964994287622,-0.35653504082598964,0.03509436659945372,-0.6061033634594041,0.1134094961242698,-0.11124640902684436,1.2205724848035018,-0.6502809214723295,-0.11635254326394817,-0.7462531677820408,1.483088380780883,0.06095609422823839,0.5880742271271329,0.2968327845464098,-0.5295198990766722,-1.5101150670423678,-1.0170776900763847,-4.846874773507179,4.409848907936774,2.556128401271899,2.244416477568978,-3.5427683033758637,-2.3666266610611832,1.7941959781946277,2.2379846228155618,2.9207240834703634,2.0868369850125865,1.3661183017059608,1.3398369436743984,7.084206639334279,-7.854447706959497,7.666035678287887,39.592267641482096,77.86069278592686,-28.613340184900096,48.39231968275469,-197.226781346887,-44.0273048858708,-35.39250818976178,42.17531906534663,8.447204435435303,-5.417269836827409,-121.46974401654728,37.11422218070237,-81.81091008053372,0.0
-1.3834234422763902,1.3802076326665373,0.6379112980545127,0.9814759307430271,-0.09840524415377941,-0.004351055169121755,-0.16432429404703833,-1.0384213618113782,-0.06584104855057983,0.08695703247602109,1.1093173997325456,-0.3399840763902174,0.06774130228056767,-0.6671103132444812,0.07296985282180037,-0.07846766849779004,1.2428113001302674,-0.5906381407368956,-0.1022051383738786,-0.7223216690529188,1.4582648796394506,0.11712903423039776,0.21825086786780767,0.31220881815157103,-0.06927112896013236,-0.5805428125639542,0.1974103211460947,-2.259237141366271,3.139113852070715,0.3291549325897095,1.3117069171367721,-2.6017829915889017,-1.8887577429917195,1.490381647846024,0.17869976788607528,3.009373260796491,0.17056690093758656,1.1321569892762637,-0.24166167392751448,2.6510714693435875,-14.003963422465088,0.758186978258844,24.469271982999622,47.64060000058093,48.144178527128716,116.30926411741174,-105.61421145861459,-19.2965934562863,-28.939351685092056,50.1948142307567,4.198559951051378,-19.292398156831304,-97.68076234208847,-1.3964586001560837,-34.556638157059,0.0
-1.3977119155957916,1.4093849510095842,0.6400671852477708,0.9812386816082891,-0.096804419236619,-0.0006997158370280546,-0.16673051469252356,-1.0538123825944037,-0.0455728318522891,0.06167856981377038,1.1944002675079008,-0.35272455205387376,0.07696082443540317,-0.7159375678760822,0.047888638617408344,-0.04294876773991288,1.234352533336,-0.5430783071747043,-0.11249832189426749,-0.708333311289634,1.4706888145040842,0.1078861830493963,0.044657432940317154,0.4897690712383353,-0.23982008571570035,-0.7214327046581246,1.4108153622099548,-0.6372598181817495,4.266233058153057,-0.6452672278966454,0.22507681083297823,-2.2896213951298297,-0.9378961361740363,1.9548484885732758,-0.8845721639020031,1.854602217167444,-0.6649383486224759,0.6648843782765071,2.105501948155203,0.44843106055172005,-1.9176166582106842,9.103339925516654,1.9109833084132433,17.958027144311057,22.943504680184702,53.29889778129178,-54.25487589517719,21.253611742483955,-9.078334193266908,17.5278187006,19.49617848143017,14.204102043876855,-47.083729257921846,-56.3224013859018,-3.875383868215201,0.0
-1.4112601253952193,1.4393136213555138,0.6419390578060455,0.9807933349889866,-0.09569890963007281,0.003307371831726144,-0.16992708444613142,-1.0676809600086081,-0.017328319440454015,0.05006435151545134,1.3091979610711846,-0.38654589130640993,0.07845950199215158,-0.754161768848285,0.02865224405984784,-0.003191673035680264,1.2050118815164335,-0.5008005997819978,-0.12148569945082846,-0.6556913012101628,1.528611707007187,0.09059604644095033,0.09072277359907252,0.42662838933180486,-0.2537141141618699,-0.4274105395072931,1.2425928367148757,-0.5349293621773873,5.83344780222955,-1.5352545637283144,0.023189206005305975,-1.659069309246574,-1.1462309401252764,1.9815476612473224,-1.7850629346240128,1.84095814253674,-0.4143261906175171,2.1162233628030345,4.290187829796433,0.18258708073573565,9.695326175780588,-0.02704211230042408,7.212468276847454,44.34225017818653,-29.552161532752578,6.5867343395718185,-59.54112989057539,44.826110230284826,-2.401566212361833,23.71947113790671,-30.11677538530317,-2.0536034462528483,-27.37545244036647,-50.69629592465274,-2.6839228695922106,0.0
-1.4237073246327003,1.4706909349715116,0.6435254329694282,0.9804358778203383,-0.09366386091226793,0.00612729435323039,-0.173017417925416,-1.0667876283735218,0.0023949848728472244,0.03662323271704922,1.4377760876745378,-0.426304897286523,0.07927473959740619,-0.7799739950815189,-0.00059283774689037,0.034399631071853225,1.1586458492066054,-0.45150032112610855,-0.1286580140269646,-0.5999081541746237,1.6086732667462924,0.07426431634689845,0.2415578698004589,0.30247163219610046,-0.2690168829060248,0.5767975795926861,0.7069166167533885,-0.6950163146595375,6.080762199274662,-1.6902464355914304,0.048656898028140584,-1.0802450524729688,-1.7848370158330058,1.8132347658664372,-2.5420320998319026,2.1781496126092783,-0.37674077508688614,2.0971125278724565,4.810659968307811,-0.3780110229306786,12.736460910804393,-1.7704714522326812,2.9991920782856614,66.57840891970184,-33.81438797607376,4.886937917366659,-90.23156036302683,48.89983295476338,0.349190194777364,16.86148406527291,-37.579655050025714,-5.484233191622987,-15.394870840597068,-64.47780843942616,-6.809653511874208,0.0
-1.4351021712521772,1.5037690794959833,0.6446416445030322,0.9801261132052511,-0.0900977274357898,0.007486836537964792,-0.17657618469863381,-1.040080550271157,0.008485509192307414,0.017227960737084498,1.5597844974263382,-0.46752768616025236,0.08264473013191537,-0.7961827981921206,-0.043815591937557886,0.0678424471107212,1.098575597207119,-0.3982932013525966,-0.13218153704064067,-0.5502456143093004,1.6931598380624675,0.04036423965915506,0.4201233302098323,0.20341396119595495,-0.398247572308156,2.008754262193194,0.021985155338765515,-1.0344385307946165,5.541957010621295,-1.7615064606110669,0.1802850547123877,-0.704538650325455,-2.4440703900352645,1.5908586248286836,-3.1489286342278353,2.231065545001098,-0.19139840662132732,1.7437461409843253,4.409997742690867,-1.878046982668825,11.682907058735868,0.10497926365245847,-7.633933199048577,75.45105748586539,-25.966866291826783,4.6619668798668785,-96.94417328005726,48.30302240893853,-1.4334278593183072,3.717667177990565,-26.69654462937729,-5.714435589009876,-5.996454581942639,-80.85722934164167,-12.13676180474827,0.0
-1.445489681414232,1.5383233017898719,0.6447270576087665,0.9795802332029011,-0.08537740418778285,0.007217668044299592,-0.1818822994145039,-0.9806846202981633,0.0007968241746388997,-0.01361340102958841,1.6663174422322287,-0.5100970605209003,0.0905648409275344,-0.8056507747774757,-0.10163440913075922,0.09241519297773473,1.0263441005581788,-0.3438619479267139,-0.13232350078099436,-0.49951217067722237,1.7542281639882151,-0.030354268389443023,0.5194385254831474,0.06524958540658925,-0.6692218968901485,3.734115195606672,-0.5739433457166707,-1.7359944357466819,4.75294188640023,-1.8282368663689552,0.4005199050503001,-0.419246354750979,-3.1339857964584086,1.0220456963460132,-3.7350805049383973,2.136859558496615,-0.03262494693273951,1.7430581851600082,2.7103990245127427,-4.381480213004986,6.323316324118136,-0.8974804561847733,-19.158414874437202,79.98966657777294,-8.30012895559355,-4.361140185725187,-87.78271710371395,49.21906419219002,-4.460342629097732,-3.797649103189531,-15.054800576519519,-15.322305697930075,-2.606856320060231,-102.07245831061402,-12.90695517559884,0.0
-1.4550787338990616,1.5733593479784935,0.6429928440636139,0.9782773522584621,-0.08119611815481947,0.005428987276543234,-0.19065974549419648,-0.8829806481538539,-0.014274291018294154,-0.0690999865274695,1.7367479525578426,-0.5868614896426511,0.10679060462319782,-0.8111608380544175,-0.16570462218178994,0.10426351872918663,0.942515275311052,-0.30491581606195767,-0.12379806115928345,-0.46935889402066466,1.7448368076695515,-0.1468231048486957,0.37279758645987465,-0.05011025956780156,-1.138099061177791,5.649477522476089,-0.6580359196145811,-3.3047031699455003,2.4947919267466627,-3.7509123317537956,0.8106147246142856,-0.3851735000330844,-3.0699936812448048,0.39160878267263505,-4.078649648673065,1.422931479213624,0.4226617866975238,0.5734818472845251,-1.1605468593650277,-7.753686431793497,-7.721168255449768,1.1587795780779073,-31.276699674146744,69.30179233351667,30.188585825619512,-32.330225719005256,-109.39022394503614,67.4812499548354,-9.6087347295467,-30.46566338813975,30.991481145469862,-7.636686497580891,50.4241652407829,-70.05881486673236,-13.712097107960643,0.0
-1.4649963057379696,1.6064922395892316,0.6397597574878607,0.9752260800467961,-0.08217896891744275,0.003925929543288364,-0.20534190254657197,-0.7336000600901014,-0.019804162179814712,-0.18670969554620329,1.662681833827241,-0.8142122599250281,0.10760626291575083,-0.8251416826892564,-0.19817933866473816,0.10903970684265982,0.881666244430474,-0.29888912939939283,-0.06926441760169275,-0.5220780700116457,1.5821091554934683,-0.21062286932493351,-0.4939188147054461,-0.0015634513558593147,-1.869848611634968,8.385382536213777,0.40034841460807186,-7.386210445218863,-7.35875326581106,-11.85432649587559,-0.02046945713646755,-1.1014817721711245,-0.454688493605885,-0.11824355460911021,-1.9815746329466695,-0.03677073480449515,2.7573124601905175,-3.3163886295436877,-8.157283539913863,-8.457407565951968,-47.59900821017983,9.091582249482268,-42.975380125884904,58.84935674553939,101.36781905841008,-113.33846969831127,-276.1296376657489,155.60449310497123,3.127783249143726,-54.47319776884285,129.11608203536497,-42.09279143307729,124.18366203143401,-11.182414465497152,-49.832107814210715,0.0
-1.4751302540501734,1.636587380376087,0.6369811136362192,0.969748338940466,-0.08680284376066895,0.0007528712405266732,-0.2281509557774443,-0.5762824433977429,0.0024229015553268525,-0.2751136160698417,1.3810390655584945,-0.9356555083976836,0.02529293668660197,-0.855406885691069,-0.15923800948585815,0.14232861137247493,0.9307350983142604,-0.27262741653690753,-0.027807980806681596,-0.4934788695951357,1.4264739469043008,-0.08665686646614636,-0.5203995574418615,-0.4569723938329067,-2.685261411348974,2.471205004835319,0.9883377464459666,-0.27482316869137624,-5.588574874670957,0.572609831086423,-2.9111886036331143,-1.2250241910640245,3.4745222285585484,1.9674475133207514,4.428199990060108,1.6793193071075372,1.6228317421070653,2.605720934163189,-7.737176742203758,12.536806711642804,-2.1036811157850828,-32.959444954099084,-25.95919233260096,-560.1014222601011,-67.29559016488072,359.233002429134,1138.9244719469823,305.72939608012234,236.02747875195075,91.13680248027147,112.35176772071028,-40.612117385464394,70.51047521079539,12.755691935978378,-41.11456899217139,0.0
-1.4847903424919253,1.6655224953846037,0.6372035034707192,0.9654508837644372,-0.08669983640413,-0.003568032881343294,-0.24571324455006865,-0.6012795801512673,-0.014299935733238183,-0.24716352792175245,1.3838452882579388,-0.8690993831679091,0.013327922056362535,-0.8780339799841974,-0.12317561582140388,0.16063499183863061,1.0484339079795184,-0.30597576490415146,-0.03592397468454844,-0.46129342996528544,1.4593724117086515,0.1180359024153405,0.5147702615785966,-0.16816123305483818,-1.3084901844260022,-2.526715945038454,-1.8004920397748232,2.109964230183843,1.7503562834182214,4.559798793488782,0.4740070191148953,-0.6240141178784554,0.6747569093067857,0.32432641300383264,5.764806143314745,-2.021446569942759,-0.6903153810556766,2.97241166506991,1.0411781678273953,12.899794289834979,44.5469517335499,6.663329319582429,48.327418607082485,-42.69385920343496,-72.19786809426864,47.09484642380333,3.689292316212937,76.56816091169023,70.64983695182009,80.14294314873818,-104.49412301691531,-42.926314893718875,-85.09931011228018,37.63699856031936,7.944985228529573,0.0
-1.4947869615103506,1.693920762052189,0.6402529335831434,0.9638227160038095,-0.08242300018508221,-0.0036171279872095853,-0.2534544091955291,-0.6655927892638562,-0.04926473606711273,-0.20843125257167044,1.4150855130160094,-0.773117732516176,0.029507439105159315,-0.890438633957936,-0.12487663474630724,0.12475507021692628,1.1828799891483914,-0.39172144123045627,-0.05416498689093484,-0.5299163015514444,1.390181648113409,0.19686236029138726,0.2769311444527956,0.4212928101817232,-0.4797835401243659,-3.425230178462059,-1.5678769179821752,1.7571018353369439,0.895179638079319,4.882009523642656,0.9201226059340882,-0.26861608201523934,-0.29806388463878447,-2.8821761105666672,6.360662140028061,-4.061726242365917,-0.7756888455516093,-3.303083475530589,-3.102175204624799,5.779943552281359,-14.342032412018403,27.154454322430627,26.73652531339325,-4.127518878994512,27.392374823173242,-21.488575823258806,-98.22386384651765,3.391070926834027,3.386334713928566,59.50577565260365,6.487595278330639,-75.19992361522836,-105.9426521897995,87.17529053401731,22.28636364959738,0.0
-1.5056654042607798,1.72094567523074,0.64501478207955,0.9627669271191243,-0.07936612898720552,0.0004553195428228783,-0.25841953157472203,-0.7274105204970971,-0.07150185493003487,-0.17365969986804858,1.4127860607894596,-0.6774269059205288,0.04837301234305475,-0.8833999665659108,-0.1207935703691607,0.0586453700057402,1.3069357313844037,-0.4728300362945999,-0.059117528036375294,-0.5564592198358905,1.3244953022024308,0.27518340494390453,0.10180935497086052,0.5939611914995523,-0.4857443822420092,-2.810419495629673,-0.7659483377730074,1.6897882589362334,-0.9152301889554146,4.674434579343045,0.9323285979930388,0.9824735919070193,0.733433183999513,-3.4507566528263007,5.41750039050986,-3.425698812079721,-0.06943057581087128,-1.4487517041490983,-2.578681318368211,4.0753901385078795,-8.120933057757146,10.201622051410586,-1.775053305172676,29.68860781457569,34.422553688666426,-7.783699905702084,-83.29212329485192,-13.485865341489882,-4.062280663333689,74.263713831861,65.83981803651764,-1.4469516893427032,-124.28274425098098,82.2120429864594,8.971829306746736,0.0
-1.516911034980095,1.746980240399109,0.6507529152459541,0.9616519308409947,-0.0768255822524659,0.006067346644284386,-0.26322344334434544,-0.7781948133180044,-0.0800402556041956,-0.13897622724923805,1.3810311027115345,-0.5876548591471132,0.06425212343530481,-0.8489200614360687,-0.09554971856710803,-0.007056415386602227,1.4009460043395898,-0.5418756246587455,-0.054719054337027305,-0.5671689783151241,1.2870785435672172,0.29262500445514567,0.09347414992038162,0.6989801556193252,-0.4016958801273187,-2.360238913132771,-0.20421097895185164,1.7592951404277222,-2.050429950577153,4.267158784779369,0.6678466032919035,2.307405135850037,1.6837926166173434,-3.0719106519411588,3.8296540818125147,-2.957987279044978,0.2583082951806712,-0.4778913563511506,-1.2289537214044857,0.13064715159452145,2.0659281728585457,7.247856566179738,6.82556404073462,15.403976867671666,15.542556031615884,1.2057222597703399,-36.444353015756846,-63.56010026521889,-10.746483641216754,59.80046475457486,43.05802050797284,30.136430230943205,-110.01835424771197,66.81171195806371,-1.5407530666123552,0.0
-1.5282134114154124,1.7724897190164184,0.6561929661591701,0.9609343598123852,-0.07374534430511637,0.012459613469999629,-0.26647990235186353,-0.823319443268808,-0.07874957841557928,-0.10088048972941806,1.3358639357195565,-0.5157423552533187,0.07306886981441475,-0.7868896311022074,-0.05668522495549416,-0.0631142840371967,1.4490004661900262,-0.6041720186901749,-0.05324093648461774,-0.5623814157372162,1.2709657050931948,0.24536718875812136,0.18516820362875325,0.7569180583372977,-0.15706075917907386,-2.208532968667298,0.13454370480961533,2.0064011641125803,-2.333390181340555,2.8322035477690886,0.35707079763744753,3.595825866122789,2.077296671700724,-2.4864508393737195,1.4021717948727241,-2.7462106939067246,0.020476429374568582,0.3635291022050355,-0.0746183666333941,-3.816978103987455,9.81551546676621,5.569145313778286,15.869130794589708,1.912108121371853,-4.355946195514811,10.242560775159824,-3.2254044673386026,-89.17243813285388,-2.264326060973439,41.38500697062034,7.418155004324062,42.07338450328423,-93.67121939051304,55.32123160785564,-2.3443265585660527,0.0
-1.5390340307232422,1.798497075411,0.6600208824839583,0.960871136855764,-0.06898842137285655,0.019517810602671718,-0.26755618315275453,-0.8702750294525721,-0.08467037670818546,-0.06452825441693269,1.3005865897258975,-0.49651223334959155,0.04871004438208567,-0.6929302970628641,-0.017694324415798907,-0.09859553101358404,1.3687352162120379,-0.6927513404419464,-0.06351055635969614,-0.5221818585550926,1.3285989968831948,0.11543101630191749,0.4357187413790171,0.8728812729728196,0.04204192176963871,-2.4548786146108696,-0.7303041833247941,1.8177409843665528,-1.4817500045142122,0.18204039305813635,-1.5229067960312175,5.044122773007285,1.6861543992252723,-1.023040757910186,-6.68258934786265,-4.425918531796913,-0.5236013574473141,2.096289235817477,3.4936844888953007,-10.935751492142831,25.36825815981386,7.956430168405789,8.287820265007845,-16.053697436169298,-54.336110741977954,8.007812653541638,31.09957653817896,-38.376803183669736,11.850456949175943,-3.0603560795882485,-42.00192687718382,90.7056608375874,-155.5352127749713,53.88055192557563,9.796238229433921,0.0
-1.5489387930861733,1.82560186676105,0.6599506691985013,0.960482445331943,-0.06163872372464806,0.026256865694854952,-0.27015683768997756,-0.9288187083182223,-0.1007165734416662,-0.03134991012547468,1.3417964244973184,-0.5114198118959307,0.03035050431668083,-0.6121986846961387,0.007543473463578046,-0.09096796618908327,1.2022761982052177,-0.7727785607485491,-0.05569496876823912,-0.49444683238137566,1.3946940546512134,-0.08151357223970303,0.6245104315496723,0.9270612760087626,-0.5475489540183817,-3.0890703164399245,-0.7196186282106373,1.4837649146023029,3.711670625543033,-0.7350800597345116,-0.6908310523485124,0.04532622123161212,0.753776032497981,2.351560474754189,-4.039840003248357,-1.3088074739679012,2.705489476357207,-0.58093414005357,4.2378539428331115,-4.005123439886137,1.5248988431499462,4.942604387023976,-40.24318519531932,14.970298059106847,25.342932136030413,-30.35202856014291,84.67193506175435,25.54874571621664,16.25348744903726,-534.7584732087978,-69.10175076233307,159.83427609944286,701.1528203624531,340.28518252428006,-115.06851000907861,0.0
-1.558395127969913,1.8531127687675388,0.6591923975792106,0.9587800611551279,-0.05710902402796462,0.03141253311884279,-0.2765729677119572,-0.9702621767190478,-0.10626305921687189,-0.021015715667410974,1.4070096675421027,-0.5180144457995088,0.02715062204374302,-0.6541857543979762,0.010686782918654355,-0.04363906269893585,1.1788407733476396,-0.7159994397914105,-0.01080795206336092,-0.4408818282794268,1.3487520338591643,0.004753058349251682,0.03866321595546299,0.3614055983185951,-0.5465559056606372,-1.06618469716755,0.0007197150872019359,-0.24626463649968647,2.708130190870222,-0.1768452793802931,-0.0305189495438646,-2.5115173148172327,-0.4393774948455206,1.7947613260124893,-0.13496560144312258,3.744018583225203,1.931348320585476,4.241410206061749,-3.511050403887372,5.020653865798945,-28.959034655451074,-37.21189854879998,14.333003443375699,120.01422154663356,28.529186383399317,-78.0194298918963,-71.30456295967451,9.396087158793366,5.293507386669517,29.01732298111394,-71.28766909874385,-93.06307228496128,33.78999091991558,-13.913136107249937,-43.623106211513644,0.0
-1.5663673715721835,1.8797115068556476,0.6598542492419405,0.957402653222793,-0.05833276573224697,0.032040243505743755,-0.28098197600571206,-0.9704755295826156,-0.10035884821200086,-0.03392195344617916,1.4443198215468704,-0.517248673216576,0.03954326425012739,-0.6954489623646988,-0.011095663619085263,-0.02330261177269041,1.170633984366418,-0.6175283860607447,0.00657418618211984,-0.364070316905124,1.3133944160286226,0.05143419977814581,-0.2605255721284063,-0.19347106248334,-0.39127870228271844,0.815254841920779,0.5538128566042909,-0.9168027437380738,1.2388206312043537,0.08707651952386379,0.6518911237789832,-1.5393753975926017,-1.5364327171660923,0.4328835725546104,-0.6796193895640943,4.610442406013322,0.41631567428101945,3.704190861765494,-1.8233893567772215,1.5694300958101581,-14.278600581039052,-26.683897316017468,6.319581714620396,86.43589616300508,31.58293692616272,-24.086042411235166,-62.71186347881069,0.6987478915257931,-10.000156295184048,64.083420698253,-40.624380524134,-58.004854515303904,-33.44464635857298,-84.62458152497508,-30.021052087532418,0.0
-1.5729738563985824,1.9058975878606697,0.6607514571228853,0.9560856878952587,-0.06273001186869964,0.029216203124942455,-0.2848008365292553,-0.9422946771811838,-0.08210690452345218,-0.05150298498103712,1.467366844057666,-0.5190889903910827,0.054419238506500905,-0.7160842019672123,-0.04674688570680224,-0.0218242163317043,1.143736846871538,-0.5057055610687421,0.0032711271115760153,-0.30452965601226656,1.307919242287324,0.03323532658242266,-0.38185332301520886,-0.4913239962553339,-0.4693158149142305,1.8450024566866803,1.1682600055996952,-0.8347046971820234,1.0214100926431156,-0.09167836976383385,0.6578439789659244,-0.6775352678260076,-1.9116409700705572,-0.11954036487104613,-1.6124822346347087,5.1263563571597714,-0.2707364872211131,2.6471988278337286,0.05682598814319112,-1.7890044848212356,-3.7503689534584987,-11.72502949257723,-4.592781069508363,43.21980088523937,25.43171236703598,5.9474875179870015,-18.09737381785877,4.921911199472756,-13.189854205725359,32.89591484660282,-8.174748309540712,-14.525631032439168,-15.481898714255927,-98.40908015981833,-1.481998667812488,0.0
-1.5786001165662904,1.9322780203176029,0.6608729909753125,0.9543253145139785,-0.06818883655590534,0.0249412767887916,-0.28981271428129635,-0.8986655730548742,-0.057159602974267996,-0.07155524413423137,1.4877865739137468,-0.5388618276846826,0.06665798618104932,-0.7246518604189885,-0.08439426023233407,-0.02473518664739483,1.1016351159769306,-0.39296133621707413,-0.003030305118931017,-0.26628487098818177,1.3302796689069112,-0.022121214365572642,-0.3940302651596936,-0.5292988512084432,-0.6598561495480477,2.383832910446836,1.3047189086505198,-1.0785974177433881,0.9431926694915636,-1.0302277429248,0.5264367794450162,-0.36898430615172667,-1.768545398885598,-0.05249986288526498,-2.094685687513241,4.58785782447424,-0.11898359798046124,0.8580698787134741,1.1794336730276311,-3.303548062419286,-1.089245667066697,3.183678777622584,-10.885800680112252,14.89678897829423,10.553685232369784,-4.729464713139452,-12.966236833191472,19.32571853601071,-10.177901537016016,-12.117307090799182,39.036147471393,34.93523107650683,59.50572711173606,-351.98416530683323,93.72512461245661,0.0
-1.5838313001321627,1.9591855213722855,0.6599491913967374,0.9519403576860124,-0.07366086041140237,0.02112128807741963,-0.29654261791861986,-0.8424607678159527,-0.03423233328775038,-0.10441747701290556,1.4822983631460014,-0.5737169951515159,0.07740478962392547,-0.7326552911868638,-0.11126915970288538,-0.019597643769717853,1.05931576122241,-0.32327294677341434,0.002128364372908259,-0.2567392097081345,1.361090857634667,-0.07984859310551168,-0.40556260831331553,-0.40893021196149293,-0.8229966115736739,2.9982611052811476,1.035633870073765,-1.934665729450177,-0.9221035336754667,-1.7026176326806144,0.4834924709250825,-0.45777308043137216,-1.166241314919779,0.36491577831826044,-2.2678170853546877,3.669919788498522,-0.0994344027308432,0.5555603655073496,1.9158271965768967,-4.972285137869206,2.128647568400443,8.100283746046381,-7.608359727841359,7.937936336345799,-10.15775952230717,-18.024574138599675,-42.41278034236365,26.323275409900823,-7.333262910821178,-12.247576633686966,11.25901764788386,9.528900976649881,-7.002611773421171,8.020470411044805,-27.651526675305217,0.0
-1.5888666799831266,1.9867750198919945,0.6579261876919764,0.949374049724265,-0.07788561197825529,0.018173637127111997,-0.303796747959048,-0.7655809113429229,-0.021615203251715478,-0.15182771440031348,1.3887619357793848,-0.6135330969502518,0.06890361461191052,-0.7431460826833874,-0.12953607029533434,-0.004660736248554075,1.0146020206631674,-0.26759249848424066,0.011648112085962788,-0.2532368893774694,1.3901605621040605,-0.14598956816295963,-0.3029498508812674,-0.2751663841255827,-0.8094102395373303,4.123660473707859,0.47264423960740665,-2.54041005295452,-6.354350981493469,-1.9290444722687063,-0.4970706638290272,-0.7055314490547315,-0.6588227505852009,0.9878154382397512,-2.045703936663469,2.07495918252137,0.4407582373647307,-0.61145121093001,0.9189884134378097,-7.075798827829451,-2.4387762853993853,9.796368022526563,-2.8462267366888288,-1.7011863034469368,-5.1243506878118374,-4.42279952754753,-76.93233405935734,19.96325822224036,10.31969754913596,-28.116557990308955,30.686374824693182,22.21418697257949,29.882074494126964,-73.40708119559282,-20.23515363427,0.0
-1.5940752747922673,2.014656448364703,0.6553263009087756,0.9475457101116883,-0.0812171498555886,0.01537110423654061,-0.30874687200491746,-0.7565863253974665,-0.0223625536815163,-0.14831480971402694,1.3407591668207102,-0.5826184287740893,0.05074969765751534,-0.7535164961392526,-0.139267910264426,0.019821731292611125,0.9725492999730275,-0.23896608503803918,0.018469161506425014,-0.2555027963012966,1.3919637896479142,-0.10259775649800414,-0.1594730488501382,-0.4275356891730092,-0.39444119278119066,-1.102568652713611,-0.6561178027209675,1.172560015847933,-0.3500555816801334,2.1243288021706075,0.7302787609510115,-0.2698785655217779,-0.36545544540921693,1.4247191187391797,-2.153533890019114,0.8054239101158405,0.13547077089936668,0.9694351758081025,-1.2460161215099792,3.6825138655959386,7.005745579444327,-15.866704622700736,13.597198717534692,-67.30915066478663,-45.12258077929454,46.33947221047027,101.97866166898483,45.96139538443732,98.4173844847426,34.52351064934965,17.019729079397308,22.26912675597364,-5.18636149571835,-72.57157752357816,-19.34564849652168,0.0
-1.5995656648038392,2.042220877411237,0.6539635926902484,0.9466030665670548,-0.08396018405016384,0.01224876333625392,-0.3110358333968021,-0.7877324070101294,-0.03907913320916199,-0.12189975511684166,1.3391288067528084,-0.5317671756772439,0.07774529721454332,-0.7573852816114602,-0.14117274863050994,0.04858687826787719,0.9340513117921642,-0.23565550180718228,0.017625295725690594,-0.28792532021556827,1.3624037342947626,-0.041414519108097084,-0.18597668092248573,-0.3331550636717553,-0.1766267358088749,-1.6300294270381632,-0.8864954312177508,1.3178166589738052,-0.21350465641245828,2.7763553651138015,1.5475781096040058,-0.07590126633524805,0.047730811716939214,1.2274586212243357,-1.5465762196537294,-0.10567631909687865,-0.13359383522746826,-1.4484412901938157,-1.9319708138167822,2.8233915024524667,-3.074333043958499,1.8482018623270173,10.491814229950355,7.92911054342374,0.44256296824583896,-6.622316131355863,-33.78382838295987,19.650843311071178,4.943693886761396,12.136884307039905,11.801719365118412,-35.42055934535691,52.619855390868764,-9.870960545731094,-1.0483015416226187,0.0
-1.6059006827542566,2.068934713841101,0.6533501101192124,0.9460407514709447,-0.08735562470069502,0.010624206244386971,-0.3118701935599465,-0.8196566448635942,-0.054548763988144726,-0.09834706520957592,1.327866083438578,-0.47368879826250004,0.10894098871346038,-0.765652696258106,-0.1347566256324975,0.06404964034388601,0.9392635583938185,-0.2599039653748921,0.019471753922265474,-0.3387950337808528,1.3147158910844434,-0.015579160332064187,-0.36910613894927213,-0.19904291704206756,-0.0665550816033433,-1.5093402943633243,-0.6586538090561858,1.0257222615256734,-0.8945592056722823,2.995243956595882,1.4830434837416526,-0.5086098440415143,0.5321721038098675,0.31933422631971814,1.117323198290031,-1.2124600996611974,0.11968617087338507,-2.3101932248683945,-2.2573750034127213,2.0507729506650243,-11.893418179145945,4.7104910339448685,4.930314058381137,13.084242993342945,13.778061103848689,-19.096933861073957,-38.10209833229231,9.041365768322837,-12.820666530837867,2.928668790302326,24.85756915638103,-50.07577015112895,51.82970333555323,29.040589234153778,-0.6366806338760851,0.0
-1.6131194267356224,2.0948709407986414,0.6533881989818072,0.9453869326633936,-0.09182615937329666,0.01045402304476497,-0.31257353919714453,-0.8465813258407191,-0.06431004906620776,-0.07927071422445131,1.3016126633700038,-0.4118732117418718,0.13679854448159157,-0.7797637367807647,-0.11744100417437359,0.06492623024908736,0.9864811925007236,-0.2991041882187653,0.026604472401920046,-0.3771949661709226,1.2839882092197998,0.021778287158716967,-0.48616043032547335,-0.11784150090068983,-0.10767418298927449,-1.1963111497235988,-0.3525252574708488,0.8615434930745333,-1.6480003471581817,3.166103267116888,1.2896729668983224,-0.6587270446918008,1.1086279971964066,-0.2518548797087502,2.6576210894936763,-1.7693209535889463,0.3511837565428944,-1.65888946194376,-1.2964992845892305,2.4628388763676528,-8.313036754047346,2.6015605764162992,-0.8373645067196003,17.366510097260456,14.566691340925635,-12.352487078610235,-35.838382848926905,8.111779099016518,-13.669575612125644,18.915664482383605,24.533614075862292,-36.2730279685569,-12.610174728292797,43.65428684174476,-5.728851679991917,0.0
-1.621033541525634,2.1203635942296275,0.6539585314465444,0.9444856501239149,-0.0967434911087081,0.01130483159262112,-0.3137829734398702,-0.8683161061554359,-0.06803558874746334,-0.06191851031143726,1.2621930732264055,-0.3472091473483392,0.1605197234971586,-0.7962369336405404,-0.08912030411293838,0.057568041484958504,1.0592299557055507,-0.3420561168761026,0.031217225432296842,-0.4092226979464247,1.268270431674567,0.039975154732458835,-0.5326533995250748,-0.024870942805908278,-0.14661610610818204,-0.9868626800359225,-0.03641345561197264,0.849843870332997,-2.2175635732510885,3.223166299228345,1.0857807076301027,-0.7312785890686287,1.6117457534395614,-0.5645245221741433,3.6612578533979088,-1.8466226392732772,0.18299208347864096,-1.3366657800513706,-0.5320934922797906,1.5326877379215644,-4.946301006858611,3.3052582015154344,1.0631702282631468,9.919111927520973,13.64171035874845,-4.684461050417202,-18.674713262988977,-32.00340356149183,-10.867818767228034,24.39398301278982,16.9154420559961,-26.783618578637768,-45.17763341917353,47.94832702174189,-3.323816838494729,0.0
-1.6294769541688954,2.1457234541414567,0.6548404606192533,0.9435388857464286,-0.10147568405828593,0.012977635180754904,-0.31506925844075145,-0.886705316825491,-0.06784435167537582,-0.044620634935013836,1.2150648026871496,-0.29347403517361803,0.17988377370316785,-0.8116399167876543,-0.053948422315334595,0.04302876350929979,1.1421057468012985,-0.3842687627524826,0.031832053466973126,-0.43150769020064506,1.271038075220029,0.0528505805745854,-0.5007600982142147,0.05970289134787581,-0.11806915320646502,-0.8672607366900176,0.003280897335603118,0.8400752835604999,-2.435639851184628,2.0725151450314723,0.9487189297358853,-0.6260971237078701,1.8326725569661506,-0.9014742261717849,3.88052787102644,-1.8092433026887849,0.00041804117357008524,-0.9701073108971863,0.5775694971568154,1.227680198668976,-0.11878851139755174,3.9791525761682043,3.8328854260990246,5.573067947770663,-3.7610583830945763,-4.948491291257091,-7.751681283393809,-75.36251859785618,4.366486076860895,26.355798882291744,5.097505506972064,-20.166597650219966,-68.6686565258034,45.31528737681125,-0.9535689341913911,0.0
-1.6383049494295394,2.1713278859936676,0.6559330254746244,0.942741046368725,-0.10535061001325208,0.015259550240727294,-0.31608181628794485,-0.9029618771983805,-0.06845434803893635,-0.02699445077787264,1.1641093163997012,-0.26501842195132425,0.19868127284698814,-0.8234949220011072,-0.016652867753762214,0.021985767273353284,1.2214097249141267,-0.42281973490248803,0.027229009148741108,-0.4490901497855697,1.2903410159151059,0.059431877354302595,-0.41115097376395165,0.14138310329470002,-0.0753605727191541,-0.7739976208620637,-0.09280857131755482,0.8760748077255076,-2.6265645178270662,0.8442455247073046,0.9233866864302777,-0.44396016498321805,1.8684699672581637,-1.1694703754154767,3.5473296639975755,-1.6428359612207724,-0.22649264776138203,-0.8278577077495287,1.3228942611920405,0.637667344526944,2.9831834996513167,4.138226409093793,4.287256836669622,3.4634640536309873,-9.910405533861635,-3.526911945873491,-7.815012620314564,-64.81688505797199,-6.625638845134514,23.39472559368335,-1.521427624654968,-11.214015281107713,-74.88128202645592,39.834395732416944,5.487160861987406,0.0
-1.6474802348391324,2.1973643023571143,0.657073526748636,0.9421260367427131,-0.10820667266714756,0.01784904402072821,-0.31681423343864695,-0.9169342693671789,-0.06958045710530097,-0.00729264257018333,1.1086337543369713,-0.258627545190961,0.21824793931571107,-0.8310061676155677,0.02081325758776435,-0.0033590556610496526,1.2915432803745246,-0.45695418410422584,0.017960139949499337,-0.46764853920783983,1.3120046681487498,0.05684185431927112,-0.32995122010851746,0.18203143373830166,-0.03880851186130075,-0.6302121882962725,-0.03079573841181797,1.0640789468660246,-2.907138991825864,-0.22967652139964806,1.2797737705738048,-0.2322668693226825,1.869584434263646,-1.3300878497629862,3.0958444666413403,-1.453015525470464,-0.42740720147113476,-1.020812271518253,1.263805093301029,-0.06228810586071372,2.0148547072422005,2.404870810008031,4.538695594285226,4.834695949759676,-1.7464949332724098,2.244419948620333,-11.005922521863303,-50.78320551801155,-5.498497682865992,20.502613378729567,-1.9709019460597845,-4.870179887814185,-67.48298974075098,34.71785372646358,9.783416779785938,0.0
-1.6570063792418959,2.2238483280523096,0.6580822103891368,0.9417013983097515,-0.11036483368436258,0.020289803962842096,-0.31718512538016214,-0.9276237340781341,-0.06924717834500461,0.015744329685730807,1.0478515841201852,-0.26666809005455255,0.23272771655565047,-0.83312701620662,0.05818962929595868,-0.030800888580073304,1.35071998400366,-0.4872471017186629,0.005528980062773126,-0.48313191482344714,1.3363116171049738,0.04439138909045411,-0.2567188282759647,0.1579207737168935,-0.004894355307156371,-0.4794275646354157,0.0022410112922357454,1.1793343797256375,-3.0793082958106384,-0.7520999818876954,0.34449042665682983,0.04378369306785719,1.8517876183227773,-1.3792783243215414,2.580123187637083,-1.2965056558324337,-0.5564191516233151,-0.726918654717593,1.5100320291249456,-0.84164850520091,2.5429248424185587,-0.6170791988413965,3.032730045538595,4.775726858403868,-5.872021106006256,-0.5088032691283135,-1.1212673486704134,-46.92532072288665,-39.989319225908844,18.9725897608643,-3.464646425883518,1.7253479276616668,-57.58450400067073,30.337435666688137,12.571637575020175,0.0
-1.666791805176796,2.2508720140881326,0.6587613092599056,0.9414711310337271,-0.11198751046216897,0.022059153155848343,-0.3171818101540615,-0.9342603190824694,-0.06869713355208074,0.04135433150780534,0.9830998964057388,-0.2829927968942562,0.22966035125541376,-0.8285224496493883,0.09526342226989426,-0.058346258112870135,1.3978649993244159,-0.5148523778121352,-0.008718449639940772,-0.49419964751738515,1.3647302554656915,0.022395153231888627,-0.18389166301936483,0.08635052530122116,0.030710838461656353,-0.24396632268026958,-0.010155178681874318,1.3094660424003082,-3.276592238383942,-1.1491076667530822,-0.46774018178532856,0.39934908338583,1.8379448762628778,-1.3521597430696706,2.007440472790537,-1.1958616500802277,-0.6288837878703533,-0.5343544453219174,1.614269927695491,-1.6197407675652307,2.452580890513477,-2.772902995171203,3.2101594175252113,7.639804235226177,-9.126743250366891,-1.4479777223533286,0.2081648235190503,-47.55861483404776,-32.92114018029526,19.031687329829403,-3.569088060305989,4.713112572505388,-47.94810785641104,26.866691287428033,14.119278399156425,0.0
-1.6767659035837494,2.278484101358629,0.6588669810055251,0.9414913040518601,-0.11321324399079775,0.022829819963265004,-0.31663178157009525,-0.9351623489610553,-0.06896707109084714,0.06972270246355858,0.913081270672536,-0.304189975630607,0.2123866747344371,-0.815993618441797,0.13254258097408328,-0.0844681260222884,1.4340121079168953,-0.541759135691113,-0.02266902841019413,-0.5027219870083834,1.3942737662654157,-0.013902857315910684,-0.11735450845005652,-0.011399122250894962,0.0888125688348529,0.059589906489870406,-0.07736834741259198,1.439685866543874,-3.5430443910168865,-1.3765382826439276,-1.114955501578519,0.8018696749678825,1.8651905647838325,-1.2608081416918036,1.5381219503741157,-1.1844492380624965,-0.602936723272027,-0.4538863362284056,1.5825528120116867,-2.6247607682763165,1.8392593396579469,-3.57520962786102,4.031789986152021,7.960760394356796,-12.597917198802202,-3.747824046012675,2.51804914508729,-50.15400180814451,-27.605380575343656,17.99401253945505,-1.9771045241010181,5.675571255272297,-35.231918972036716,25.810644488184856,13.679169387888031,0.0
-1.6868641718658333,2.3066737970614484,0.6580747696962619,0.9418142135499465,-0.1141610605870732,0.02235393110290463,-0.31536255510947414,-0.9289649589278514,-0.06992655185487753,0.10224304190191365,0.8365843411532288,-0.3274261740679331,0.1832656275439698,-0.7943807912752416,0.17059244155588496,-0.10864199822628239,1.461615197435898,-0.5703394415604797,-0.03531412892893582,-0.5073696528421555,1.4218593546007776,-0.06804645403277049,-0.0529173527271861,-0.14206914071757099,0.15542829947193765,0.4314738682463058,-0.09808363272216483,1.6820712681831935,-3.8581446521129257,-1.5008076480942554,-1.684477588639996,1.2765820566397923,1.913941131691324,-1.1712890663286974,1.1880080755352824,-1.2796638439979904,-0.541281238076774,-0.30659941639004495,1.3768713795302057,-3.817874700759647,1.1663439802727695,-4.753303891348768,4.109348562632239,8.30794920398948,-12.041855849659315,-2.2836565578032855,6.094430350100268,-57.735625948655894,-26.928447888881216,18.69792289445285,-0.5930308398174867,3.8243149457581316,-24.135567099091446,27.15416617145613,12.388134553470149,0.0
-1.6970088127309182,2.3353826475399804,0.655994859988359,0.9424528792257257,-0.11494529696030187,0.02042473567209272,-0.3132937588247996,-0.9144479813967826,-0.06959648552238008,0.14271382457973628,0.7527378396660198,-0.3517972246184447,0.14183604898402632,-0.7619264471279857,0.20910579248893982,-0.13169725616412137,1.4814079178012405,-0.6019024777331126,-0.047724531238752387,-0.5080873044962915,1.4457457385926984,-0.1436428994453764,0.004981971832002068,-0.2882481942493665,0.2259986408758875,0.8487423101048446,0.0027576383606500755,2.155984577171308,-4.198941630004931,-1.6006738325580108,-2.304557776805628,1.8448885816086953,1.9243341812671035,-1.1431858155433268,0.8241957664459525,-1.4239489279047284,-0.539239964185441,-0.17286172892427015,1.0767199263505836,-5.2693670652882885,0.12682281367535198,-4.863185596594385,3.9861548798712643,5.649004951468703,-9.81704510092283,2.557828988198355,13.537079074161369,-64.36802574111738,-25.593290382212952,19.397529440040103,-0.8641661206123721,0.711957484342522,-17.298782284914385,29.625898475601364,12.23940890774348,0.0
-1.70713316917199,2.3645426568434726,0.6521635896476321,0.9434132934954037,-0.1155372637521909,0.017215406719567047,-0.3103645084610848,-0.8917483846441795,-0.06350511690065141,0.20050788119068866,0.6625301877009373,-0.3800602085937601,0.0867943249733897,-0.7159200780239807,0.24524149019013247,-0.15591436046839896,1.4888341179155973,-0.6394067211088822,-0.0665858385728998,-0.5050775122450887,1.4667718526780198,-0.24546959525919013,0.0666676703130886,-0.3934898469994713,0.3068953983371924,1.2200354594270473,0.33582691735046205,3.161386433719911,-4.429862244241633,-1.8545117363045538,-3.024388031002238,2.5632216491255275,1.7214664834343527,-1.239608542930244,0.13468677180696434,-1.7282500314537845,-0.8674408734012942,0.07928056286503579,0.8849746656114571,-7.183610522380405,0.2433461057876761,-2.327061014227388,4.477909157964589,-1.530913969503057,-13.053174848882996,5.480740750328516,26.965205635758018,-66.9620923543703,-27.484745441005824,20.206405933425923,-8.424617374284374,-1.3816054151052806,-15.156155498722237,33.38932483818753,18.551412356416115,0.0
-1.7169433999521304,2.39404936462987,0.6459907316550528,0.9449278566508735,-0.11563300700869565,0.01341927517289691,-0.30587624371491684,-0.8675191308472834,-0.04408598483157508,0.2992946656769232,0.5813971190730725,-0.4362552974604998,0.0022871968519524513,-0.643785276318951,0.2673038474333919,-0.1809997806811176,1.441959222041701,-0.6917157856474228,-0.12754664838221538,-0.4761973979228627,1.4861557118801387,-0.38967484667198055,0.18652746545924406,-0.40428639867771654,0.5111526210785436,1.0059495705615331,0.8642427576226693,5.185211477825346,-3.6251906727909082,-3.1715987008185516,-4.283114021319432,4.119962963998481,0.6012851835972687,-1.1479290532414337,-3.445645296983127,-2.5448378914078433,-2.964917010898279,1.3978956533529747,1.7772725539041219,-11.073168287162318,10.082576693247274,5.361281439093843,8.42926940425096,-54.3515978871792,-58.83457036854532,-90.36946483346985,86.12413459341236,26.767100876818116,68.97517758841181,27.992635845763886,-56.18250315835621,18.08777877662194,-50.949399415035124,37.56099856309545,58.15194498659899,0.0
-1.7257206709440533,2.42526569665379,0.637980196266609,0.9476425102007628,-0.11236128015787615,0.01229289929153657,-0.29865950547184805,-0.923897492210133,-0.04701990901885474,0.29979377048917005,0.7147352649502947,-0.4545043066540992,-0.0208728401761338,-0.5299356735972446,0.22931250521697086,-0.17841006270017512,1.1752170939920716,-0.728661444140216,-0.23320642309702136,-0.4117503879453341,1.6538392689912653,-0.4178493822465275,0.8087655390403332,0.2031118605708674,0.4055961822851997,-4.304045156062469,-0.4588335336005568,-1.7024382349167015,10.047359285518242,0.2734487141124047,-0.3846609857235567,1.91454200404408,-4.0483738845835555,0.37202486666414475,-7.941154358322106,0.962024995307271,-1.1193232702811624,-0.7475619818010352,7.767151942748827,5.279425454589443,30.698637433351607,31.481579825483188,-79.57871887812372,-42.462004725737806,64.03555967113421,-20.75091501825156,59.247017287174714,80.51050599583911,22.70320302390919,-841.1795805867401,-111.8274767742085,-39.59485111821615,1738.0944733471454,-133.8935289827394,723.3417971265686,0.0
-1.7335373801218872,2.458559686540245,0.6323137060955337,0.9466688935929214,-0.10528682416094752,0.010968337670206526,-0.30432283208857164,-0.996766513734217,-0.04538551775458609,0.23633532538654198,0.9048082443067733,-0.4313368642597201,-0.00802674635656286,-0.5769827074009795,0.16771122454903645,-0.1557215802488082,1.18679402077532,-0.6967509019769493,-0.2034758484441713,-0.3504469959710873,1.6665657632144926,-0.13501458348939965,0.633909795566262,-0.010069172788691988,-1.1329992931701593,-2.415683464015051,0.6032795296257771,-3.508473884116379,7.851528583269551,1.3059603005195752,0.7696329276619651,-3.633736106460724,-2.364610112624472,1.7688627446028358,3.2702934049782195,2.2250696449527627,1.8946849600688185,5.734344490563658,0.048859916761291936,18.182324085839785,-5.362620783040832,-23.368111253153266,-44.22294154457778,168.8145211458051,58.438485438785065,6.960353359102784,-239.5323561347146,-11.858785345811988,-5.789648481606771,-17.640694737665783,73.23600331454476,68.57729154450617,59.09008729753151,69.71969715837871,-79.91560381413728,0.0
-1.7401614474381903,2.492211340286943,0.6312251055109369,0.9450185606676955,-0.09978562537562649,0.009802481236566768,-0.3112662209806249,-1.0342179872999195,-0.05620474683266189,0.1445065381868318,1.017558689760808,-0.37661321302536993,0.035294221585257315,-0.6531711560712167,0.1200103375144966,-0.12175787599372287,1.2465776012627034,-0.6400814339697994,-0.15576245065582764,-0.31497928515570295,1.691792559650204,0.016551378195759737,0.47501297233312584,0.21638295274676161,-0.3865720787321286,-1.2756237436615556,-1.0110214529134756,-4.624377475442827,3.89911126719554,2.680865877498034,2.1498886824836365,-3.5912746690690707,-2.320451445679512,1.6839945559476424,2.162395137684545,3.1853592428469613,1.8922598570606473,1.7322572490362105,0.8958533011698852,7.965571764292482,-7.592713512130881,7.650680833180669,34.36915688236735,70.84864489481687,-18.218865729525948,51.45596897621028,-181.33773858005853,-49.057519461105365,-33.18672873754519,44.01501500528675,9.26381216106085,0.3530683442451873,-122.08250932432215,31.125993192229807,-72.74715030233943,0.0
-1.7462464840930698,2.5257129219442644,0.6323266073539805,0.944573895624016,-0.0964937664891413,0.010859455560053785,-0.31360991846456315,-1.0518751083044748,-0.05953572913555919,0.08348054667415365,1.0928200016801577,-0.35734648652107626,0.06505076310028801,-0.7147182732542516,0.07886844716246835,-0.09047545620005819,1.2678310896319842,-0.5801895349886121,-0.138125412943903,-0.2947641390791917,1.66895684466837,0.08852501185489407,0.1446644507468918,0.23844337530857684,-0.06406630687803634,-0.5081802877168127,0.40375998308203137,-1.886801430029029,3.161534023354346,0.47464125229136345,1.1741264423533972,-2.629797570236738,-1.9339016495247991,1.4684726009918176,0.19024223170499688,2.637614577780573,0.4904662651604542,1.0639509981741395,-0.17439770216186548,3.6804780977673524,-12.73150061487982,1.6938341756839952,18.444492865126215,42.41463539496953,53.00128617881172,114.82573354712278,-91.15675566677217,-19.187726216516342,-26.868406423738882,48.79542764917022,9.087665764203578,-10.432203923752713,-88.9545905861621,-57.39510537514455,-22.559324908664966,0.0
-1.7520035329489008,2.559168889503778,0.6341274355657328,0.943905472218635,-0.09506688089090336,0.013918317862918498,-0.3159288339187458,-1.0663552193655488,-0.036509165298334874,0.06391339970019937,1.1773354673114411,-0.36420804445130256,0.07324679581504578,-0.7642332376319112,0.05340158693922082,-0.054657383154887565,1.258589719697538,-0.5404498287738246,-0.14007745059097376,-0.2794008363069272,1.6870848411769035,0.09865080130137718,-0.003140446391154795,0.457778603016767,-0.2514239989651669,-0.6971662920141883,1.486114505597108,-0.43455268204869074,4.212052341219959,-0.3610843397025292,0.19345072410223454,-2.3303369039334587,-0.9374407610372846,1.9965903117421455,-0.9674785494151497,1.483804204297185,-0.28285381947109284,1.146867067332126,2.3671963909537714,1.3608726611582043,-0.7439211047848528,11.35632115895201,1.0814503039020154,15.548391286161216,15.759215127518642,44.00276500860389,-56.13399427742331,15.898081686040207,-8.281791882563992,16.912442208108086,21.63437247430881,17.30035951081401,-52.17060764493268,-53.37736173500594,-11.024787846146243,0.0
-1.7569004749261827,2.5932703426444976,0.6360154956765,0.9429117751794288,-0.09396703037038957,0.01765129342446177,-0.31902353090609653,-1.079387128454914,-0.008273868908311829,0.05401729661445082,1.2890835524360484,-0.39170022008250666,0.07594625970833332,-0.80279976821388,0.03519976781853609,-0.013693724550858034,1.2265115055858598,-0.5060258538429215,-0.14168293984637603,-0.21688069166663904,1.7314003446164314,0.09869552890726102,0.026044234371815307,0.4090642079287727,-0.25308805610840807,-0.3804006591430024,1.1924355725851996,-0.5218448340716325,5.638793450011256,-1.2625692213826163,0.11515039187132901,-1.6540769012737686,-1.0535036053023943,2.0601691515005784,-1.972293180486257,1.4475648235417882,-0.05895341312296529,3.0231027262741934,3.6954624804051974,0.9092383378251601,8.697500452542693,0.8481928574842202,7.602211419763018,44.17281987902142,-33.96647227024494,0.43892464259672015,-61.45459568889595,38.19255821555384,-1.5570964527633966,26.20827205023524,-25.885760992023343,-0.28277509123950745,-32.98095460708697,-49.99803808544597,-7.059018217736423,0.0
-1.7604130672961824,2.6285055535993798,0.6378568796770447,0.9420081397683026,-0.09227177742015585,0.020268335256518333,-0.3220182887475773,-1.078339225799899,0.009353160084275667,0.03957466505052491,1.416629356492245,-0.42879621357781694,0.07919456109583987,-0.8280958497323851,0.009307925721970955,0.026271388054094617,1.1758326875213658,-0.4662428657797897,-0.14162033032142254,-0.1443674504154935,1.7952533709513945,0.09084971699077982,0.15948464473205243,0.2999109384867488,-0.27041813100286266,0.5653029848917103,0.5632810688260935,-0.7700561406775082,6.099159402004653,-1.6008007674055915,0.15973755355206096,-1.033259552452099,-1.5754460255584706,1.9569127675042326,-2.7957484964408565,1.6912154685665737,-0.02662554401523809,3.219771392779068,4.259388161316514,0.03148267695548014,12.37823459074354,-0.7911653553090365,3.2600120175940863,65.33065207514582,-37.54843276623786,4.2017367919459065,-85.50289604687376,46.65630648945527,-1.6848020984798389,19.36360146399608,-34.6206331072487,-3.568778696777303,-20.11687940834876,-63.44505178309084,-10.252131441907416,0.0
-1.762449389407007,2.665163911401742,0.6393265173358363,0.9410757015247945,-0.08924957165640678,0.021268975252961085,-0.32551293161786093,-1.0525056328919566,0.011854470187293182,0.01944948831273462,1.543805804601111,-0.4707900301656151,0.08443908543323381,-0.842755927365097,-0.029613364099139505,0.0628988858077846,1.1099733116960953,-0.42196474508760784,-0.13891445671474195,-0.07111270343318678,1.8682286968940331,0.05949404824919498,0.35748391865664386,0.2025529987255023,-0.3984856484157746,1.9630640118826466,-0.19394888744642444,-1.026794028812132,5.900353584529745,-1.8089114581555075,0.2581160322747716,-0.6008947572312869,-2.2478907852477095,1.750836784645018,-3.4695527591881206,1.8042740335775544,0.0716160865639538,3.0385945835539476,4.142841908784543,-1.6921537206791233,13.397745021674563,0.4513337579216802,-6.6776151425006836,76.81335707028005,-30.539383711608423,10.25774944880718,-92.30947460778621,50.25145028550225,-3.141672576030453,7.031562031772101,-30.21505542264373,-5.69873564090348,-10.092891556837507,-80.58340187057512,-10.23852403866247,0.0
-1.7630133974850244,2.7031222361043845,0.639790057658752,0.939725885813224,-0.08493525131636182,0.020338769476189223,-0.33058674666806054,-0.9939502490588433,-0.001191618181709594,-0.0086062577141365,1.661165298684185,-0.5140695558572999,0.09417508480961238,-0.8493964696150653,-0.08490600831837326,0.09059991773650931,1.0300992482672051,-0.37425986051756893,-0.13349626696872166,0.0012406375610957464,1.922227601437003,-0.011170090493442343,0.5169495736329334,0.059949992643636,-0.6498304600475318,3.7160019496455483,-0.8911209771088846,-1.493407529164533,5.351333596726345,-1.8401423621663524,0.47840218843560384,-0.2536487855538593,-3.0758404035738227,1.161127487696244,-4.156858640665984,1.8219651325197577,0.15235116561749715,2.74681076666842,2.5955357097218963,-4.3301295218829114,9.680976204590474,-0.9356975037700328,-17.712080005768588,83.84428817945975,-14.029542900767217,6.2718689101920235,-87.85442266208048,51.71122531691088,-6.449441663041247,-1.8899165965656826,-22.39581800400858,-16.391989267763524,-6.270247379581238,-102.26900303365447,-19.73905024164936,0.0
-1.7624269160763375,2.7415587616700474,0.6383245599533629,0.9373300904913334,-0.0806062149114526,0.01751092498465174,-0.33853848685687077,-0.8970989904219477,-0.02331701742305944,-0.05323936214556869,1.7520844091402008,-0.5787608999257099,0.11601350940815312,-0.8500318209663166,-0.1536425078587902,0.1015156578509307,0.9323096352979655,-0.32932664213378166,-0.12455195781745027,0.04478511960313336,1.9176674783307432,-0.1371139232298775,0.48726255174876465,-0.09494004053086982,-1.053057792419441,5.630149526212365,-1.0639747093703333,-2.5677974653521485,3.7079987188038714,-3.052883742552001,1.0767496380824548,-0.05833363799680771,-3.5318786769513344,0.16914069502117207,-5.129555277518198,1.3321703694615832,0.2730147337694093,1.306765026519658,-0.6121782969887176,-8.289880001910374,0.41376095900237764,-0.8090682740551394,-28.517972565988302,74.91354978236039,20.773904088137424,-13.80318483171298,-101.18707178306886,62.40818236818114,-15.853308146241236,11.929289625552093,-12.731159829604799,-69.18106504432572,-155.67552902373998,-381.75292782809896,-116.24967128546166,0.0
-1.7622513665795825,2.778562166052769,0.6348309069278625,0.9328224845724011,-0.0803798326067541,0.014942804478165025,-0.35093875160861093,-0.7540841432642469,-0.036314243761964175,-0.15061400262581864,1.7372976623947634,-0.7777920021546206,0.1332579479863833,-0.8531553198924313,-0.20809987392657842,0.09203402095793287,0.8348907615555993,-0.2869514945302689,-0.07677620566722355,-0.028996464127852194,1.791707204218282,-0.23690162547233523,-0.2462121368235578,-0.10329623023446363,-1.6215305209415154,7.9078718932971634,0.024425493507181262,-6.230904290584191,-3.506561580640193,-10.379090345527718,0.795486809622213,-0.49708731759250435,-1.8600924347775147,-0.7995593035247393,-4.001496361716099,1.866812371599467,2.4293435574817415,-4.865039727977645,-6.450654193570308,-9.357323542208713,-39.04984689951636,7.446705632453894,-34.614168995985224,47.084026497009695,99.94679263648051,-103.50712024810862,-225.21473556645452,139.44122842863544,-5.655866699689389,-56.82887799746281,110.92105276913718,-9.17050961661814,138.25146586879058,-46.17848764264109,-42.71008455781647,0.0
-1.7645955766622885,2.8113382340789768,0.6315712834874574,0.9239091640149741,-0.08893023579490988,0.013698830315951831,-0.37188117975851986,-0.5675650641686194,-0.0003645503523778109,-0.27312695601848785,1.4284742750271253,-0.9789093478848219,0.06562702931805071,-0.8878272219120954,-0.16693184090883148,0.11363212281161433,0.9102877036216162,-0.24422687471766721,-0.025069782215080678,-0.1883134924767639,1.503596509883612,-0.1310653985251297,-1.4388728919372298,-0.4003298890170498,-2.7575404149137124,5.004016508895303,2.8861176956498666,-2.8484751580012238,-10.885579332548463,-2.433809865785395,-3.440079205816486,-1.8201142223840745,4.702490137610071,1.1617854085093222,7.248049444130861,2.328100559214318,2.209997132624044,-7.143055227981677,-13.983012831555941,6.78401997313226,-70.85854150691414,-24.518775589851938,-28.54344524923405,-939.2950423966452,-13.107210588896045,559.9891333694333,1853.8366961538586,566.5811837014633,47.043226420058716,73.90563015817375,220.41362600593908,-96.65761364191357,151.5873915344937,19.611737842247173,-47.95946186632995,0.0
-1.766835409513845,2.8419571171162317,0.6317377095686824,0.9147122511833606,-0.09687738930445483,0.00948568969137439,-0.3922069487753897,-0.5686178821201697,0.009980316071304583,-0.26376140576489016,1.398117333472476,-0.9377990919766079,0.03525765093971573,-0.8987948662846167,-0.09731247235231685,0.1430160478313192,1.0252413711097268,-0.24827261857093902,-0.013739837025755666,-0.040409465285857885,1.5472883381051066,0.13098400317552916,0.010357493641978022,-0.5972182877039397,-1.962711678121426,-1.7746657877608374,-0.9224279538651061,1.8655993210071697,1.7526122956235515,3.9545766729616822,-0.42983661825178504,0.5692262965257259,2.4096212287043213,1.5447697296360088,4.2650942426887655,-0.7287268952835241,0.1436872938813873,8.593915505085796,1.329035731870046,13.64593365760603,69.20269789793768,-14.714487565219025,27.216411958829895,-49.77595144170465,-130.57541684064603,87.607125445564,108.97477114779373,84.27510103966824,80.06617364614434,124.25400054614894,-123.30501687831553,-2.030691420574012,-166.83941334745475,-4.15521488055912,-18.424103225910446,0.0
-1.7680667871879558,2.8730777759283224,0.6355676217446028,0.9100123359632919,-0.09580793121024615,0.005713751605018392,-0.4033184123672536,-0.6249212642032104,-0.020603048880788496,-0.2262288500479212,1.4355189835647253,-0.8401254431118026,0.0410915064015852,-0.8887037908826109,-0.0823153194758807,0.12887246274067707,1.117922083000592,-0.31283811693112673,-0.03421600078451047,-0.07737239575956267,1.5614884975205217,0.25211140795339304,0.3457234364821616,0.11724918644222472,-0.7662577642988104,-3.178904878524082,-1.8283486671373985,1.8247602118380168,1.2080908294477566,5.297371533549393,0.6373196833495313,0.6653921446960092,-0.1597120908349154,-1.8724378295330313,4.211978138971729,-3.248327578518269,-1.0366161939335001,-1.6988127100729329,0.507835247248754,7.2315374314904215,13.32823509442495,32.467908923247485,43.789945698322875,-12.788239312081128,-23.77687945486429,-9.227809657850996,-111.27952575577221,25.2590274443119,25.414361384389757,30.733509810343907,-67.35369953604402,-79.70100431278222,-85.34522042848144,62.184646770887596,23.539009272693637,0.0
-1.770113864243769,2.9038539154738556,0.6411259350787137,0.9083243313007465,-0.09108592151888828,0.006670351161605384,-0.4081737013619169,-0.6871491882378835,-0.054096993473691915,-0.1903761675982243,1.438955091523022,-0.733805868930322,0.05545857105042619,-0.8759392602834257,-0.09156974386952446,0.0709421656238016,1.2279648225848923,-0.41077827135874556,-0.04760049900167688,-0.12391305059212428,1.5247281739076242,0.3085060115041323,0.37457575724997094,0.502266296370468,-0.3507668291826743,-2.990378641848539,-1.5107459252133189,1.7354215442299843,-0.7146315918803101,5.273865814237446,0.7216533784783807,0.8748986659228255,-0.40074803184274665,-3.298462938802867,5.498922132881149,-4.449573765134926,-0.47402626383910174,-2.4533833866104144,-1.2471048514922936,3.832595246959733,-1.9120187111148441,20.184878837933486,11.689274607178332,16.226233882397704,18.570944615910012,-9.101158023663631,-96.20628773133309,-8.979895423539471,-3.434977507806737,41.44066297774827,29.34637714627857,-13.831504162302137,-65.18870831509668,101.09679453350795,16.85937162313994,0.0
-1.7728763162207746,2.9340527470835354,0.6475611047853929,0.9071968246008002,-0.0849653400149334,0.010312342558743361,-0.41190832477788386,-0.7417811520930285,-0.07760501294295785,-0.15360919495321554,1.4073950803570179,-0.6288929972673646,0.06968723166124317,-0.8489484685903912,-0.09203655852724965,0.004614665928296044,1.3327842292094663,-0.4994926703118454,-0.049898580297762944,-0.1509582488666434,1.5007031976826644,0.3321473985653372,0.40727224574086496,0.720894162921402,-0.3614904879792695,-2.5500303414115124,-0.9044661308752939,1.8934626486230186,-2.206577739879177,5.172488817116116,0.6570069621422895,1.7935532240986531,0.4079780247121896,-3.1650023903026856,4.535197435518748,-3.775017953647654,-0.011961221517128895,-1.4791782676345715,-0.8056236479681487,0.8793320659443925,0.45058089870168255,12.748529636185221,-1.7784706351973398,16.00130083096473,27.00117336028934,3.5962193411621834,-53.30769987912892,-52.71247176669015,-7.195887199746532,49.70313213180384,55.075703472251945,28.552908387346438,-105.83739480258716,87.20363621914107,5.190625150166306,0.0
-1.776207020450157,2.9636560279430446,0.6538424516140192,0.906091648270909,-0.07817514541339353,0.015476008699645636,-0.41550820055449045,-0.7907140424478882,-0.0858538937991017,-0.11248042775942535,1.3574963225678667,-0.5415476422987311,0.07883872093961346,-0.8022601098788431,-0.07283581825445913,-0.05290777652717627,1.4192251811473158,-0.5741035144762876,-0.04914885570600879,-0.17788471170203451,1.468336556218961,0.29770065908581667,0.3989564661457107,0.845898746227271,-0.2691862862625126,-2.3922523976398264,-0.138186646733367,2.1383661208499203,-2.6346428606848877,3.4852963420967136,0.3360919690765024,2.777711590835568,1.3830520387553356,-2.5950376515159057,3.7736921936881362,-3.166019274908726,0.05616541491394096,-1.1142864522834581,-0.9035502038532663,-2.1034681705080693,1.4727819349645375,8.817926931144203,8.135612881098963,3.3774153531468487,18.41814992849194,5.135647396495239,-10.163101326942304,-102.9825380857432,-9.055275300404126,46.54009593581111,42.33769499702998,34.3767476801043,-82.0414573454916,74.31595356884277,1.1643028956107349,0.0
-1.7796122755385455,2.993101684639567,0.6590133141807752,0.9055536257767284,-0.07067331707274932,0.0217553302256978,-0.41773749975711544,-0.8391427909580036,-0.08741743750050078,-0.0688870932875574,1.3078560077318582,-0.49609800918144953,0.07304890211977966,-0.725722560953078,-0.04112049916960616,-0.09684772511415476,1.4224260432044922,-0.6535443902972491,-0.059007560430554926,-0.16123953070968006,1.4780967310490225,0.20564579574110164,0.49322172747183385,0.9545695813312675,-0.05899022175002379,-2.4654059202288305,-0.17589391456994075,2.231055294329086,-2.35980311926634,1.4506572857501676,-0.5559383089689562,4.316810382482023,1.6436801119479896,-1.7275612949353993,-1.8567607217595727,-3.7485905676021045,-0.5040547591875432,1.2071883243884922,0.9169094282155457,-7.5703574604720085,13.083415241318818,7.309380326055158,12.43138908466841,-7.53575052053162,-22.333426601264538,6.902505227641713,14.313027744984796,-76.4850590456924,-18.15512037239009,26.069108237448937,-3.2852830487173974,60.723270486804054,-147.4657078975411,56.70426328276315,10.06558596947422,0.0
-1.7819980115786849,3.022949555686099,0.6611307670369372,0.9053359832639749,-0.061511285355944766,0.027973562482358605,-0.4192858201553635,-0.900654932376543,-0.10037331039844552,-0.029152422100750735,1.3322980232599315,-0.501073080800958,0.04835659239155112,-0.6208522722346365,-0.012073237621413182,-0.11084485000770965,1.2708839069276887,-0.764346239623221,-0.07980338280375723,-0.07841665127464195,1.5152452715078848,0.0019695212202154484,0.7996936333155164,0.9828492362365826,-0.13533362393482523,-3.3527551551322836,-1.1911839959291697,1.7823151728317084,3.088385995314177,-0.5108707951755993,-1.188460752546954,5.381148769198702,0.9966271486705989,0.2435336141281207,-10.088652152578808,-5.407537592049701,-0.984611560944363,4.834394093354077,3.5076592899483647,-13.154005876517118,36.97824063295439,5.364119992069463,-9.812265710164773,-15.175882582141305,-64.89071473985446,-13.43287231142818,123.57623009999023,12.541085805194923,22.0852222977661,-32.51062455235284,-73.14808275495035,106.20383923830545,-105.08514692689023,75.75287669480753,18.603974631796312,0.0
-1.783689798714072,3.053468232425708,0.661023673466637,0.9029606317932055,-0.05248838832447149,0.033606230611242655,-0.42517959474417066,-0.9565838879341131,-0.11063689064449204,-0.007480332618271342,1.3977347830910543,-0.5151894704380768,0.042638602684860555,-0.6130366286545685,0.00323586451313089,-0.06809437823148849,1.1742206700815472,-0.7592547028451891,-0.04509125672586001,-0.08138871964709235,1.5164054967790195,0.02304351156798707,0.33476177754416403,0.7764302234557726,-0.7679440582891982,-2.036042104985741,-0.02424643626210607,0.37153885252783203,2.9917469401441865,-0.6277615959832406,-0.06635545385051153,-2.4923792613648734,0.4174891875915894,2.6852813463251723,-1.0336030455797993,2.7098823005516293,2.0622443068673757,1.7537210058184725,-3.241525236600318,4.672014297810528,-29.78336064774634,-28.78371933285265,-1.910969375934766,108.62800971600988,40.11349594645984,-84.49270192173036,-53.8837299266682,14.861317584483347,9.264232271954631,-121.60331259698934,-53.30862503549935,-31.248373838104474,209.1814439612334,89.68500783028524,-1.612724324685217,0.0
-1.7846978935855198,3.0830388889865463,0.6624047503673702,0.900241995235715,-0.0501558564969598,0.036772529083580224,-0.4309251920900792,-0.9735245949810949,-0.10746168030556509,-0.015625039465089183,1.4390333919771157,-0.5189540622492785,0.05612947893125932,-0.6649983363733393,-0.004723247576791029,-0.031186620519300635,1.1650883208717195,-0.6753903187578252,-0.01158819722173268,-0.022910953459180924,1.44238695869334,0.10381351971585627,-0.12363009840134503,0.11311222363101532,-0.45339990886080195,0.1313973814555481,0.3257968802022112,-0.9555315018229239,1.3742479845030116,-0.04821057836554882,0.7193355272542868,-2.1995662944177274,-1.0352994114792065,1.0236258300308982,-0.4256596892442335,4.097950287617241,1.1078960734098762,3.0456934690422273,-4.184630312173729,3.5142437725687463,-22.6088773590181,-34.76872843173154,17.216328259222518,105.77006722363986,23.119025170719283,-50.871940120721945,-69.34081004922585,6.759562060239862,-10.267244207001076,69.25088451127647,-64.04749092890852,-92.31169656156337,-24.536225586348202,-68.22997071568408,-62.060634409941215,0.0
-1.7845150612071061,3.111421445321541,0.6646509109690615,0.8984423725933076,-0.05302250042035111,0.03651900056590765,-0.4343458071349925,-0.9553036520259723,-0.09475662916925101,-0.03562599072556314,1.4592922061426965,-0.5192012874376911,0.06731853303552285,-0.6974271200260441,-0.034504463372331276,-0.02275057905836881,1.1445508823211252,-0.5768128709421584,-0.00401739111599533,0.03438474927581574,1.4013425488666802,0.11270262340217772,-0.32928886748796776,-0.30346014321989956,-0.3629901888704136,1.4937018932762953,0.8868162990466524,-0.99187592895494,0.7415149266237103,0.0027392683863519587,0.4595939189949305,-1.1398836999880408,-1.7677390647805629,0.026939930472359402,-1.362691095271917,4.482734679168507,0.11184850259748223,2.6596477048811358,-1.7804424459337709,-0.514090365086164,-8.677124307797687,-18.40060235646496,2.313427389893166,58.6761161802264,27.89391633508528,4.197856168974946,-27.290012904887114,1.1866949854742779,-9.548537124341964,50.9726476659264,-22.626697525408087,-35.76652674416495,-29.20826412014001,-91.85263761713242,-13.94216037985623,0.0
-1.7832722850773441,3.1393768385967387,0.6664791693852651,0.8964898196610568,-0.058190511451959366,0.03443206467828091,-0.43787475440248275,-0.9181012569068555,-0.07358388112672642,-0.05429468609700063,1.4787295538022578,-0.530040124245385,0.07212869600286918,-0.7129502533860758,-0.07077754102344076,-0.02494066531695664,1.105906416625469,-0.4766179237277053,-0.005531171303598425,0.0835645700795145,1.3985675231985442,0.06828496021278803,-0.3832350942973624,-0.43025164957698675,-0.4908378233384681,2.1132355948047294,1.1639964776519687,-0.8525247279805478,1.0356579322774957,-0.5558875695728814,0.17446024509540145,-0.5775197771142242,-1.8050940814486067,-0.14458153479242214,-2.113660321510046,4.459309562557502,-0.11802267863462576,2.242019266583627,0.4271199335169602,-3.0115226754809004,0.21556657925849054,-2.6920565205648144,-7.01463257667555,23.784602181835833,8.813678083361692,11.103348127234185,-1.437993557097223,13.057829538731811,-3.910162912351583,14.010027904538452,4.988253386842845,1.8183355798979934,-5.7058123671911325,-96.82764835729374,-3.409704203533659,0.0
-1.7811876388061492,3.1675259531296582,0.6671562566745705,0.8936805732653729,-0.06361019384089438,0.031963181248859614,-0.4430204636944554,-0.8682839532557062,-0.052105560165844646,-0.07858024254758623,1.4910889868896642,-0.5580950010382759,0.07751130564416901,-0.7222996390683352,-0.10391933655704771,-0.026003530129414303,1.0574694437454604,-0.3859604783288114,-0.007750599261540903,0.11875283964831682,1.4175974048278026,-0.00266691991723194,-0.35929720038351615,-0.3845850145538316,-0.7270122033320492,2.692969464152457,1.0263080661340482,-1.3947720261905534,0.34355382631008613,-1.3985811657433644,0.26120204406654324,-0.4958663632036993,-1.5070856096521152,0.0687842794274848,-2.417666914654941,3.875396298302035,-0.1316731035030275,1.4154139439127287,1.3792681011018684,-4.700790573321737,2.7325710826893177,5.951701445333912,-12.702616016929703,13.823719853252875,-3.0689170465719995,-10.405698516053995,-23.49866974924727,24.4321238405575,-3.22170971680713,-11.575766844400173,18.986409564990897,17.147634404751784,12.861491227452488,-97.18122991145745,-5.217119108005505,0.0
-1.7785682048519906,3.1961078434677983,0.6664827681225296,0.8900685694129093,-0.06823594780497773,0.02978065929444173,-0.4497053585431253,-0.8011868358564166,-0.0377134244959627,-0.11792807242339375,1.4518065156883577,-0.6009979855438876,0.07926989046742294,-0.7325020957697602,-0.12867561656965087,-0.01891314616672567,1.008770106089464,-0.3253909054023217,-0.0005696106644096594,0.13599962891111453,1.4385788106726638,-0.07723545149618238,-0.3103951419719362,-0.28975175845945794,-0.8597611332253,3.6140147822203414,0.5997448092041241,-2.246039430868922,-3.0736507347153488,-2.1091840165896554,0.03304593965447218,-0.6442136141312025,-0.9808313596036322,0.5604924055568916,-2.2947507285054467,2.2787366656124832,0.33322910668567535,0.18103908733970664,1.0999494273289403,-6.249596619946626,-0.9863012452429595,8.240546497439329,-9.448522292029631,6.685520774254443,-3.559302229321867,-15.41850583802251,-61.4438726838531,27.988941073376633,-1.1635644928122928,-23.019534246289012,30.57438248068269,21.65277889145222,23.765841297033248,-80.56860401498247,-16.728035381823254,0.0
-1.7761236698110736,3.224908892331377,0.6644672559603602,0.8862851108980198,-0.07227078797064236,0.028565551293471048,-0.4565738107753075,-0.723353394537075,-0.02615692869330724,-0.15991766273700203,1.308716153946167,-0.6242667418266536,0.06943214603319726,-0.7467783273614258,-0.1381134025076311,0.0004613461179942273,0.9643466155166425,-0.2956561140793764,0.008856462007284275,0.09344996604760554,1.4411619646590221,-0.14991779372061084,-0.4066954473062603,-0.16140593964865121,-0.6433419550488865,1.3269393380058263,0.6610128071135839,-0.4436922931479631,-5.1499087550633975,3.099432407826474,-0.2796376720647331,-0.8391622440737732,-0.10130244256625723,1.1144143924606755,-2.041354996163329,0.8749996090377442,0.2969147491031817,-3.87370540132235,0.2878042231180005,-5.399339309897763,-13.105019754743928,6.088048679139754,31.13323007137541,-496.55294591839134,-11.5612493528228,285.692910670701,655.8091298815659,564.844947533291,52.45970381916059,-7.482827471413252,27.12006211597085,1.8180067904217896,18.02620477212317,-59.57915927270942,-25.80983436048224,0.0
-1.774193484067947,3.253836612132089,0.6620881729897937,0.8844044787525572,-0.0755263612459646,0.027527950115048407,-0.4597463416731273,-0.7455586745318271,-0.03322000254630016,-0.1451105193235063,1.2827145451806188,-0.5584763411301101,0.0753875048434924,-0.7587890179883152,-0.14009313795686054,0.028487985844554326,0.9280472377022754,-0.2878671853698016,0.00987305915207529,0.10270567503156347,1.4362306726749883,-0.08392850332507182,-0.12577115675213751,-0.3197465496960155,-0.21340638906904658,-1.8770566750993207,-0.8884031310270573,1.1605221276503688,0.052634252295643016,3.3699678591906452,0.7203004372751772,-0.23244014056069623,-0.0898576245867013,1.527060884824857,-1.4988661483716952,0.1154038971195738,-0.13485529402451438,0.7332637347971631,-1.9537356639263244,4.332681363365979,11.440417529584003,-15.333751514630162,15.758077598633259,-15.298509594601475,-34.32884681507787,22.300074481424446,44.6393896511503,5.54390881282488,31.92534157318901,46.2772600782751,-0.42211659669565765,-0.6597880314115436,44.968115939233,-16.105671583780886,-5.8437293242829345,0.0
-1.7727505142516402,3.2822194084381002,0.6608269681122352,0.8836054246766394,-0.07839709082085454,0.02597979769523754,-0.4608908761784682,-0.7863484427274579,-0.050487053085743167,-0.1219031820533997,1.2840078765926237,-0.49073651269642404,0.09560214003472937,-0.7675763774657159,-0.13553546127586633,0.053405806602020545,0.9285662691379966,-0.2973768805328093,0.008839633805535709,0.04899581930889315,1.4036122728158171,-0.03946605038382774,-0.2565279274131033,-0.22923004296456476,-0.11714697398222548,-1.9600795162802178,-0.7726523390045577,1.0867652142271993,-0.21871107829632097,3.39760967095729,1.1026211590161858,-0.4428427753162013,0.4404621449634149,0.8476660903007902,0.7821175035226782,-0.48203391881545554,-0.025154412283912228,-2.4376224260231574,-1.7801670450963631,2.9926164373418165,-9.393160849591354,1.7733666016506024,4.321231506896664,20.3464391970082,13.561010974138107,-12.620799497868697,-46.209643333236684,0.8648732153697576,1.8297722074356,11.489035304811235,20.678829303714416,-53.89251509327722,48.78476651049421,14.527001599021025,0.9632540926426347,0.0
-1.772380400660274,3.3099698254722574,0.6603628816043642,0.8828286628885763,-0.08216535737394312,0.02589008866924469,-0.4617273105835073,-0.8218952894506016,-0.06231661778806915,-0.10202452956033434,1.2698957549007948,-0.4229961807966323,0.11840029069716818,-0.7814286119233804,-0.12024645744965098,0.061830603035869534,0.975921287384747,-0.3278657760946982,0.013231796281023587,-0.004171574814005193,1.3754463634359495,-0.0022510264490133306,-0.4180268332233769,-0.13895503363679335,-0.11947029490783352,-1.5894850128748679,-0.43367339641704167,0.8797841701506645,-1.1258510729858053,3.3871834148945488,1.1135289392515835,-0.6549439133346658,1.009485310285413,-0.001453343796396625,2.8267490198479397,-1.4448561083290798,0.2345925924473192,-2.3527021370689116,-1.2588196579186928,2.723918317716589,-10.894378440372305,2.901554663491529,0.5390229536708383,22.442067308472325,18.00045865444896,-14.794908336770783,-45.95291184644093,-0.513972250394821,-5.6843876433168115,20.246210446663802,26.127879689158075,-49.02468432187873,-2.761990993422023,36.4753939353498,-3.1884105947483747,0.0
-1.7728785729536536,3.3373102664472594,0.6605882662784277,0.8818282595419825,-0.08661828752869419,0.026942245686511553,-0.46276377163313176,-0.8496892859232774,-0.06728073055297752,-0.08467718169925198,1.2389002287697515,-0.3566136015947763,0.13994702533334155,-0.7957871383050793,-0.09441575147904065,0.05641515556679658,1.0499160192685792,-0.36717850060710205,0.018928266498740694,-0.04043583413335688,1.3614960708334212,0.02818298383853412,-0.4926984387987339,-0.07719888115922596,-0.14180031500056653,-1.2292987978324763,-0.0847197385732835,0.8367826763556938,-1.8589619183027237,3.166508476413769,1.039451008622852,-0.558008126686569,1.485572345779803,-0.557872884374441,3.6596329411160315,-1.7265266280668552,0.25936081093529634,-1.563476606502626,-0.4544041478848827,2.1303099646280423,-5.985799451616404,2.3394108641343356,1.5749496926694526,16.345935613893083,15.492909438008192,-5.834570786095508,-27.68449464362684,-35.72424861305064,-4.827095817972479,30.526030064585,18.172851739971176,-33.95458845143637,-50.13700841745793,43.60754490294533,-4.154707364489285,0.0
-1.773986564851258,3.364551425416855,0.6612539561008313,0.8808234532494957,-0.09098249625880907,0.028798264612864024,-0.4637271714439808,-0.8723448851320753,-0.06730137288253185,-0.06755668550843272,1.197648763702527,-0.30378716568166647,0.15899513692798184,-0.8072528628170763,-0.061061624934278705,0.04189753808333747,1.1336266381793623,-0.40724070440784593,0.020808430033645738,-0.06508245800315303,1.3655397709420174,0.04299287764841341,-0.4758147283803014,0.0111359328700171,-0.09889753039878202,-1.057420130202393,0.011218532109367428,0.8252762388607476,-2.1905986734239744,2.0683753717429196,0.8969059653734045,-0.40774090521884776,1.7689411000087691,-0.904145219117375,3.9410043880154504,-1.717700202947083,0.04313344616375177,-0.9047413274702056,0.6260828924351411,1.3376488537926958,-0.49824650165907236,4.2304172636577,4.2277662605247786,7.870199500748254,-2.5529404073065205,-6.220429966049341,-12.327950742445264,-68.69439741153101,-5.007497883398704,28.65401537538799,8.125385262866525,-20.355614128172665,-67.73568635644503,43.573973692622594,-1.0591842957738344,0.0
-1.77545481857246,3.392048176020853,0.6621487661753609,0.8800515200902644,-0.094476989501933,0.031215438725844355,-0.46433718010366104,-0.8920042927639914,-0.06785105389298533,-0.05076232458612941,1.1508426263294,-0.27366357471557257,0.17521956836843425,-0.814432410931191,-0.024194662919454817,0.021218083409256065,1.2150412608476187,-0.44496933951180856,0.019880055137605167,-0.07873227664343918,1.3851390935236847,0.04971878778776286,-0.394822979360636,0.09887171865620491,-0.04838406010948347,-0.9274004031538329,-0.09430030112295382,0.8192817430175101,-2.447039502474206,0.9655186898733754,0.7852360877516045,-0.19693810092422437,1.8753775718356451,-1.1459735084598928,3.6655424897959863,-1.6158353426860814,-0.0457504280164489,-0.48727423133472864,1.3489473059873158,0.6685572619437216,2.820986239557475,4.627469739475329,4.340814493562151,5.720960616886973,-10.24844120726608,-4.235828935240958,-11.427982445479651,-63.94555085827577,2.0781432025693927,24.761517647053083,1.1819350195618272,-11.294692476973314,-75.00521861093748,39.282088254974774,2.0594068950240434,0.0
-1.777149670835895,3.4200095613882278,0.6630774974997705,0.8795344136079053,-0.09687944106939128,0.033887193079124175,-0.4646345309194086,-0.908892734278967,-0.06999743937521186,-0.033086092599308524,1.0986848062837395,-0.26384411786135514,0.1907845256445683,-0.8166278925085922,0.013526856308174795,-0.003945816241232158,1.2872385836260714,-0.4797791577725741,0.015059957132033478,-0.0890840205968574,1.4109244036232986,0.04515191454433627,-0.30482097397319136,0.15659248350012203,-0.010504261316639174,-0.7864070385143033,-0.1452343377665404,0.9049104340832013,-2.7254109343544575,0.04102029271508499,0.7937487702793773,0.03727612698481238,1.8819878360062627,-1.3268286148859139,3.185828721270704,-1.4946160867547833,-0.22961279967401096,-0.4239992237473681,1.6062478565582954,-0.18162857045754793,3.297262146930881,3.535359572477547,3.033625998166401,5.23896850989674,-6.866243897190162,-0.4926390559168482,-11.42806463053968,-52.181672243749425,-2.6229355591521264,20.226994633678427,-1.7207677737971894,-4.882448472738841,-69.14591379899926,35.35038261067646,5.686518424710725,0.0
-1.7790768764475262,3.4484655246500107,0.6638307070577728,0.8792245708634168,-0.09853141922750659,0.03647006165608531,-0.4646780046632892,-0.921904635671721,-0.07088820016512769,-0.011925569755267446,1.0397295789923846,-0.27141637835857696,0.21250229639037196,-0.8131946365530447,0.05133029303877328,-0.032452578755553886,1.3485903603714955,-0.5121609858285907,0.006316642949163966,-0.10283493349543774,1.4339187681835386,0.030907950021023145,-0.2517459773472416,0.15442818667384642,0.02565329251805313,-0.5684448421142557,0.001019839617447294,1.1375546257096236,-3.077121344990532,-0.81944767504137,1.2515872098868184,0.3280417786418294,1.8911820494938674,-1.4734025953673004,2.685334756628125,-1.4001315056582373,-0.3991259498539162,-0.6683647132590572,1.4150793805226276,-0.9445837967935098,1.3116006652943246,0.8278358333709492,3.6737601090029037,4.430403853761557,-1.136816044232179,1.1900707149264225,-6.337009811793378,-41.487796700355304,-28.9577527821795,19.24805455179279,-1.2717360648190832,-2.045457872203584,-58.82589720431406,32.26387689070199,9.378303472382102,0.0
-1.7812380728024615,3.4773983435064126,0.6642113519210548,0.8791627941986934,-0.09987061380696916,0.038522784039675705,-0.4643432317848489,-0.9305811886326318,-0.06952144455070285,0.013003461376292729,0.9748503417024401,-0.28759506001721524,0.2254126888213852,-0.8028344002607849,0.08960413490524861,-0.06250639238000569,1.3988058594082973,-0.543176610256553,-0.004947324888109978,-0.11138187846513697,1.4588967738870233,0.006508496254997365,-0.19124691054981632,0.0902437107675348,0.06611099784697552,-0.36022351291764254,0.052735906465738516,1.280393845266117,-3.2785581434678446,-1.1112320593129004,0.25391307904160804,0.6891365363952369,1.9130243991827074,-1.4938180279891284,2.174908578827724,-1.3553398901600198,-0.5007283351955304,-0.28504592147150154,1.5034374936381676,-1.7076468899999766,2.2730603719839526,-2.1641934801646467,3.396936289115001,6.344855495300503,-7.025376286057466,-0.14793369230804862,0.6123251780839651,-47.22598875061715,-34.23805147783581,19.11083625385297,-1.849769493448162,3.848407086345457,-48.16112849551779,30.2392435657925,11.567166255052742,0.0
-1.7835134490160414,3.5068525016554006,0.6639906398295559,0.879433643961073,-0.10098732209353607,0.03957247453661568,-0.46349977983249807,-0.9341306721906015,-0.06724925119537785,0.04189690274849172,0.9050964840357776,-0.30756121362253164,0.22005892505196684,-0.7841324658026861,0.12854053609492175,-0.09221293769804426,1.4378986977819346,-0.5748006620685958,-0.01748547057828343,-0.11514568561041391,1.4854944293173087,-0.030658074126330374,-0.11857705355793553,-0.0064237883488572674,0.12451409107280864,-0.08344317130856588,0.07903250646622414,1.5009241810037792,-3.5190035054123543,-1.3066018356141051,-0.6125382744207662,1.119647577698241,1.9523713028358038,-1.4534727703582369,1.6632947727827205,-1.4053072555815238,-0.5499396673144805,-0.09652242409146,1.5390418960476415,-2.6780325860068097,2.7738744268624735,-3.2411430827628034,4.123506567435686,7.034306884267581,-10.500454559126938,-0.1884274578220742,3.416649706342867,-49.9070502412994,-37.141749956387315,18.426330871155223,-1.427696476969946,5.614410136155843,-37.93326249507378,30.04858962104038,12.62752311439745,0.0
-1.7858186690120086,3.536836675832566,0.6628616739642644,0.880167127995718,-0.10187626189916817,0.03936997552007941,-0.46192754744090525,-0.9310694653085874,-0.06418477028149425,0.07687901465486374,0.8288586965684215,-0.3281008642304085,0.1981569486279962,-0.7558613402754157,0.16837325011950918,-0.12061383946974677,1.4667782879595248,-0.6081007509316805,-0.03022806741358041,-0.11516038622214783,1.5112859061366928,-0.08542461123530919,-0.035978793135807374,-0.12293022583517095,0.20939454496552795,0.2648641131737851,0.11076717272593768,1.8424446635539158,-3.8464749451191027,-1.35568602631132,-1.3968959092332602,1.6123681045264353,2.001481477227494,-1.3799772923607823,1.216997202821522,-1.4890000760803932,-0.5530952523746134,0.03970153788171026,1.4155541262778408,-3.9105002827562334,2.801946243601624,-3.8493529960852455,5.221890236876522,7.246783800729117,-13.105117518350234,0.942870387971368,6.394353161517003,-57.948961265437696,-33.12029251720915,18.212982269943307,-0.9142086019999052,5.5069359916835445,-26.782513827021294,31.32784037588724,12.717176594356308,0.0
-1.7880806093179453,3.5672969084843476,0.6604475820907586,0.8814871428645028,-0.10256350072497537,0.03775455865708845,-0.4593862629467951,-0.9200869186300726,-0.05872833652706456,0.1225739470632714,0.7451013265736992,-0.34868944177511196,0.16036930450513828,-0.7160608335870973,0.20836290299690827,-0.14833143422103645,1.4850364969401892,-0.644123129715592,-0.04501830299750976,-0.11149004164608067,1.5330513706956503,-0.16077051308581888,0.048589477253322515,-0.25453681631585207,0.31870362229807037,0.6653387413268608,0.25618034292363867,2.4706404140270277,-4.192916896046287,-1.4112334096054906,-2.1793702365383396,2.2219298525352724,1.9845549276078627,-1.3726629836337185,0.7025465821294574,-1.6237663921068355,-0.6568376460270794,0.18097971161119514,1.1560830576198513,-5.390501255121887,2.441349658955038,-3.94845285970875,6.231606552309287,5.1156830121430055,-13.906899066171508,5.567877230256939,13.89516439462283,-66.43056387024737,-31.150416462165875,19.260966041156898,-2.6919532952028273,2.8456246354480164,-19.07380924020121,33.32760849092992,14.712581593822364,0.0
-1.7901901142654086,3.5981561464781944,0.6562827264757766,0.8835697929424936,-0.10286466015529057,0.0348792805227108,-0.4555290533883795,-0.9016485872359692,-0.04694113112004118,0.18962185020059252,0.6556617205807375,-0.3744857810854159,0.10339424146223797,-0.6605050268875745,0.24384059579052098,-0.17780820030252362,1.483748541816279,-0.6869224367665393,-0.07224265258691176,-0.09972306071861528,1.5508759677647876,-0.2644117749228533,0.15403825835510046,-0.3444365018099982,0.47179307815388094,1.0041266515579188,0.5986295627232646,3.7058970419704877,-4.377662956716764,-1.7837873210724098,-3.2094423270462893,3.08334147857851,1.622911194664736,-1.4858153903223887,-0.4266220977373364,-1.9831391083136571,-1.2732049608216085,0.6841451189290171,0.8741388142267268,-7.640840352940849,3.6240039233835617,-1.484357101281291,6.695782596821612,-0.5288404114481722,-19.64099681248748,8.530579532968414,28.83028837039964,-70.90294732064302,-32.394736526689755,21.91568872305085,-14.606872657974751,3.5110188309659627,-19.151971739745996,36.95791273205428,26.617640092792133,0.0
-1.791676334300522,3.629079319522308,0.6500894093906265,0.8871339033913987,-0.10280499910795522,0.031555665160221576,-0.44880821027277323,-0.892275986511754,-0.026040719093075964,0.2908545331732821,0.6152228944133574,-0.41704263540431263,0.002272539908007437,-0.5661635636258618,0.26230583195273954,-0.19965700831661948,1.3644843406324267,-0.7707409885449998,-0.1479373602336381,-0.04170729056075296,1.562234801546124,-0.3830444614862796,0.33805867032100706,-0.3328574235198988,0.8774741245691388,-0.011972519323902822,0.6663124376166456,4.8935332878567985,-0.5500169586505315,-1.8492804055495111,-4.739593137090595,5.407242238464512,0.1544321380367795,-0.6383875110959669,-8.48889585373321,-4.288056849709567,-3.649113498933094,4.251741136173842,3.4786417478472345,-10.86444419666152,30.205134119129575,10.334637115578595,10.473133656420174,-59.87367132358473,-88.87290892505527,-110.82160102412304,114.79775193434592,46.52069081885784,91.04159060743527,24.690847309885182,-97.31123497723895,56.036165986641215,-121.88224109573711,54.60165939186618,72.38369120076652,0.0
-1.791300878299099,3.661350533346958,0.6424571458675598,0.890841715470506,-0.09780905809153927,0.029120476973522498,-0.4427035395765952,-0.9482065422293979,-0.034874191177577715,0.2903976138778541,0.754546473390038,-0.4225533855843223,-0.010966738877418345,-0.4884087592581304,0.2296694404093277,-0.18400537907974643,1.1516034013339278,-0.7640927068017894,-0.2178237573250889,0.05590856514301006,1.6575558074037362,-0.3225693977388092,0.7523596911812369,0.11718454155985383,0.18600502183695755,-3.577478206526774,-0.5018635999285204,-1.7995193949635662,9.138258555670191,0.5656908495940839,0.14166021556595199,-0.9884589087108436,-3.1858865268648304,0.45015852917423144,-1.8862490610355669,3.1816303578865175,0.09292847276587979,2.967023232428302,1.0643393351191823,14.738779151617399,0.8678170440847408,6.336591401806829,-52.954244032897044,29.216387405911632,50.0647003451478,-63.761333987821544,-4.273453514722805,53.858642036155274,13.781752875300922,-432.2027129801028,-50.63685464952294,-22.816177807764337,889.1220925589391,-237.89213519443288,284.35980954764096,0.0
-1.7893637685694477,3.694672734687354,0.6385007862295682,0.8890983940576053,-0.09060354269290292,0.02658163924735104,-0.4478710307561832,-1.0066693415010266,-0.04419404432151526,0.2257635858081827,0.9135101202067475,-0.39890907094704176,0.016727644929186325,-0.5540631295607628,0.17332972472789313,-0.16172135985877395,1.2010390180551287,-0.7161773975669962,-0.18359738905272888,0.1405191906800346,1.6615112949945725,-0.07395531139812812,0.7651747257286576,0.08990382119620025,-0.9721598391446054,-1.9210526788979987,-0.23147728363040013,-3.520309105173993,6.284034913733203,1.2198890295822633,1.4432284383212273,-3.811060805861378,-2.4452042423942135,1.7168542514303093,3.476863572816573,2.331730126880826,2.136508670622369,5.3269272226107836,-0.9565212303285974,14.745276277671724,2.9715370584318204,-10.191605286559545,-35.94941676826882,132.61239659551907,37.1725848237324,15.4232179101732,-214.53060027798153,-16.617479675124905,-19.74398675490633,15.968712548058953,44.045630665630846,68.71336540252155,-32.195748789618165,24.84465752902262,-1.9551362249929447,0.0
-1.7863341668542325,3.727682629311267,0.6383507553708053,0.8862539162785988,-0.08472635037641253,0.024737178756264442,-0.4547125613174994,-1.034299567529,-0.05701455610550894,0.1439581374309678,1.0085801799256209,-0.35687442007109427,0.050683099374319245,-0.6275728586659068,0.12815301767712364,-0.1285156538905766,1.255797159008669,-0.663097858020723,-0.1416590827598106,0.1596534233129636,1.6402503909033679,0.05050144252866381,0.46810197371342543,0.21352641742983297,-0.5516645851042419,-0.8113345827347602,-0.6496613017489472,-3.936750503252632,3.417165961928479,2.0275847809984424,1.5456919473341342,-3.364466716776234,-2.0547475817409975,1.6454695388026295,1.8129328331412897,2.9112518953196043,1.6591358004574632,0.8198257962405657,-1.1071646761789795,6.462030986078901,-13.609786737981707,3.973998780081402,19.86748632784878,66.98082465920793,21.556814481587306,55.514801762928066,-147.65594024262518,-36.620953795064665,-25.916112230220907,44.563432998176744,23.49286752552065,-0.9286671250117259,-116.45649797104149,27.425779096453283,-55.55904847492632,0.0
-1.7831250308376834,3.760058286095796,0.639906912607829,0.8849314341389334,-0.08128622650391149,0.02544754800853006,-0.45786605962215504,-1.0462710146599012,-0.05979121814818143,0.08501250236780208,1.0760123380901192,-0.33881330197096754,0.07081647196061536,-0.6865608053251125,0.09154624090720236,-0.09926338643259376,1.2722863394378736,-0.6043979986063641,-0.12795498184490983,0.16457919514028946,1.6074809782455506,0.10208581044357283,0.1404560472172324,0.27916995791245003,-0.1270016277384133,-0.3447869196696701,0.23860600916121488,-2.0963813310903743,2.880045564154238,0.5802075330707764,0.7881634495772973,-2.5911544084425593,-1.7658397019832324,1.3056906310808023,0.03904024319873306,2.9473005423614484,0.26148600648167064,0.7156320117510865,-0.8147938772793151,2.653526990368282,-11.938370062358773,3.245569854627988,22.153667716554935,31.101588444926552,37.795994520582276,92.67411325212768,-78.17425132389701,-15.491423426920006,-17.212611256336906,39.30284632375052,-0.9206191971371517,-18.46915655332601,-81.41653552277704,-0.3099545555993403,-30.88472767721434,0.0
-1.7796176036641773,3.7920682395344794,0.6419014957716593,0.8840550528907106,-0.07942516492011935,0.02811210195925452,-0.4597260231477519,-1.0556341732973737,-0.042357241430508424,0.06074886181776168,1.1529621622123083,-0.3448013596218319,0.07891688450191693,-0.7341189620078533,0.06364938078091048,-0.07023073983805725,1.2609001231138872,-0.5487714071493348,-0.12852776854936646,0.18878504084806447,1.602998474391375,0.10413180008931085,0.003349552229699113,0.3922255383408304,-0.16450755527717736,-0.39089147425089554,1.1747389122262728,-0.6424898456006903,3.8370945569126778,-0.3447492859020935,0.28393456112016735,-2.2111977360336894,-1.2387209199647848,1.5362199655672157,-0.969557758060815,2.387476120652943,-0.12643690901199797,1.7974279787242642,0.8417259324624556,0.8511059516328267,-1.2340148181109338,6.274911283497679,5.580510439514529,19.441296295379544,17.125640107423745,49.878905035434215,-50.476752423474124,14.240511877899895,-7.61040537493635,17.59171580177981,7.228486737531648,6.544226883230674,-37.89844856572482,-54.746576632517005,-6.690083231431093,0.0
-1.7752067374461102,3.824090016446438,0.6437429263910696,0.8828731677500308,-0.07810075650057487,0.031169795246479438,-0.4620213040167704,-1.0636924801469667,-0.01713324140060293,0.049433804567020484,1.2588622406709993,-0.3694848821228397,0.08147826641255823,-0.7725640757493311,0.04099938187719583,-0.03791180965113912,1.2329564184638577,-0.5010848114196118,-0.12924129086824557,0.24968290764572462,1.6099378200660457,0.0910915923179664,0.004049624328129706,0.34280049808490953,-0.22344729473876918,-0.17589743666375954,1.1703250214365848,-0.5126637805219683,5.416445745896338,-1.107005748458501,0.08855016852679413,-1.7254372426584959,-1.190864114944149,1.660571076389514,-1.6397833405467037,2.028606474951758,-0.025933298705926998,3.3850161898621907,1.7008165376265767,0.4096344774939499,6.739926853841043,0.7020434248551671,4.518677363897537,39.203260381135955,-20.506918552638222,6.142263408480069,-53.76694162992863,36.84958528716288,-1.5921462561704876,18.56395136723889,-15.285013666594512,3.716143729593014,-21.565111035424984,-53.44405478544937,-4.211789701330143,0.0
-1.7693564033656968,3.856416194737045,0.6453226689868471,0.8816057086574471,-0.07674671381957683,0.033117756498790105,-0.4645261355241315,-1.0605106340524086,0.001534833742963048,0.03476928675861801,1.3856480414352,-0.40626062032123145,0.08219544641739196,-0.80078360029476,0.0140475582247905,-0.0055616846709984225,1.192650350744255,-0.4552546419715267,-0.1295068451551473,0.32803033002161053,1.6308977918376666,0.0758119367178418,0.09394644774949834,0.2219480723267823,-0.25133437033813416,0.6128551820703124,0.6743815160034045,-0.8033664461630383,6.141775907968657,-1.6055468658502854,0.022911259681983768,-1.2232196894301628,-1.5557442170188016,1.5987025301505755,-2.1856480861419056,1.9627697777466853,-0.037227365533141925,3.8966761767101548,2.2491649536561225,0.007326924416050193,10.208275506112475,-1.4436760877412187,2.989646139924302,60.2453516104935,-31.410777887389585,1.3057254860655276,-81.08425342753574,47.229326086969415,0.37342582055641527,15.588115235411887,-26.588768783943355,-0.6511581496862265,-12.856295462475334,-58.16690248440547,-8.065274601472357,0.0
-1.7618408117606648,3.889332034655986,0.6465047927404273,0.8801899880252713,-0.07475892492392999,0.03334948623301824,-0.46750882333094523,-1.0355150124982189,0.007716908190901994,0.013628269316800307,1.5166971206212234,-0.4503884371409301,0.08264453313008371,-0.8199731089036801,-0.022726062042667056,0.02481822554484899,1.1413773168638146,-0.40739633112353874,-0.12745243686985155,0.41281056755304196,1.6647983634718457,0.04856618498530344,0.25441729047006806,0.11228137807655433,-0.3659631429574449,1.8709186117057133,0.03909853422367595,-1.092036922926717,6.135853983026559,-1.912641441570142,0.03346501869417166,-0.8439734946928238,-2.0795293702311892,1.4816600247791425,-2.6874917197104073,2.04259438778816,0.06253408222311514,3.866877824741915,2.5414536007588167,-1.0820973151305429,11.813334700026335,-0.015261809710977486,-5.2200218219810814,72.77590843711995,-25.78536581039424,8.741090924553134,-92.74630052184766,52.95613480527214,1.3350828635209362,5.911226977389946,-24.37110780676509,-0.8151628378589171,-6.318855122006186,-68.08874069221942,-8.071012405389325,0.0
-1.7526610934265285,3.9229216161219624,0.6469319513244688,0.8781877919969667,-0.0719085929246772,0.03176559898842901,-0.4718117240722108,-0.9803033520761711,0.0003180320701758382,-0.01535670571448721,1.6373865027927752,-0.4978501551437357,0.08641070342092204,-0.8324100421079547,-0.07207130874430316,0.050059555841253954,1.0793795514923152,-0.3557437896365037,-0.12063813436245521,0.49238854798163106,1.6949017138991236,-0.00292678528879845,0.4002281472078994,0.009243566104057436,-0.5849348384484993,3.4932721915399294,-0.5877307541146485,-1.5319060273828418,5.443115619844386,-2.0487208418129494,0.20960750099472159,-0.5708936607888557,-2.7071330973341046,1.1339762749435578,-3.1996954807083977,2.147631169166817,0.2749675650824331,3.28593998916663,1.894597147081156,-2.996216921861467,9.050058651305584,0.778815012142898,-14.77614683672528,78.29714372039777,-13.457297456127124,6.436444311667391,-96.60418053932926,54.44835971831676,-1.0174120270827676,-2.6255992362225675,-17.681691146304026,-8.773400268400845,-2.539296983618746,-85.90170862380864,-20.89738707274492,0.0
-1.7422747026612206,3.9568004747888725,0.6460228815461346,0.8748946830307371,-0.0690500904029129,0.028791468316543296,-0.47850018805855477,-0.8889750661606091,-0.016040599302813933,-0.05907496389644958,1.72515138773134,-0.5650192208201129,0.09998634132501841,-0.8403027456854643,-0.12974390842778932,0.0669346671695731,1.0073777154363284,-0.3063984129348603,-0.10814492387271321,0.5345427112971948,1.6937754947976442,-0.09046185058154818,0.3806720055783087,-0.08520403427711891,-0.9393348613565154,5.296621580475407,-0.8078278158814215,-2.470805125445593,3.402804483119157,-3.1599094345748293,0.6955008846978751,-0.4268366339347029,-2.8913328434141743,0.673997946499426,-3.6272986818232513,1.9099903961742797,0.5428349618951014,1.0902208634360255,0.026629561784348717,-5.914653944453943,-1.3973413703513962,2.1208858326162976,-24.236784141786725,66.96204879509214,17.345620515518053,-11.250210931796005,-112.26168091529402,62.56974700973268,-8.538965979244367,-16.276473196264725,11.44409614363588,-12.002078400365878,12.136335750279105,-91.87482408450828,-22.793029513248484,0.0
-1.732342801712776,3.989899790587981,0.6436307243976948,0.869259786984029,-0.06919404663527115,0.02675855026950658,-0.488757185758113,-0.7544321668864096,-0.028382422843381157,-0.14763993268050596,1.7084595564918765,-0.7490744766130787,0.10542579848658425,-0.8455743468556377,-0.17154316845063938,0.07803424077138878,0.9253282423839023,-0.29050990167092766,-0.06855744859353435,0.458346751364266,1.6238576733140084,-0.1764090585870192,-0.18772176167959992,-0.06040181620227425,-1.4223835211352973,7.415598911320573,-0.16763253849337462,-5.556582881318381,-3.415326264259602,-9.524684301911783,0.21599569224732465,-0.37980508411084873,-1.4220301010534495,0.3281146923090612,-4.076410365318911,0.009284914812851305,1.851418237603203,-4.760095812382562,-3.2378025387351843,-9.049353811708935,-29.728507825231873,8.60783019363816,-28.94694900007803,39.994266826115776,71.24134806716569,-83.07809121523493,-203.71365008616652,129.556937431418,3.6618867504642605,-33.75426304695433,74.49360173944083,-30.73679287212291,37.26760511250018,-61.69088323934796,-43.09021851780784,0.0
-1.7253332132310608,4.020397793336199,0.6413157504704636,0.8593056725181312,-0.0752798934983352,0.027070633771179336,-0.5051671798526393,-0.5796312894755096,-0.00047097792266197463,-0.2504379087866351,1.40728194282575,-0.9764906407309765,0.04102992349603714,-0.8736154453915369,-0.1371958978360097,0.10973546035510569,0.9724382724020353,-0.26780980105017815,-0.026658372611712278,0.25322377317677053,1.4358688477697146,-0.10498196392855957,-1.0973103650703881,-0.22139670864303682,-2.2563478977997558,4.567649398047297,2.3884366433946687,-2.199458628204204,-10.724493612785245,-3.852475237715873,-3.0227746519182532,-1.5913897294579697,3.8938916343291905,1.4772810151260056,5.561070600959914,1.5449401560148839,1.803392070485851,-10.513986441707383,-9.753142369128255,3.4272367573172065,-62.40886819478469,-16.345053528845003,-17.687897118796933,-894.5600809882361,21.148925447315555,496.38997908662725,1735.100887134821,816.3747751331179,129.69395102070845,46.54890558422816,188.04302839306877,-95.81362123957476,172.32559216491848,27.117111097524724,-40.01625345221137,0.0
-1.7187463541446253,4.049185344963489,0.6416412285237427,0.8502438408095573,-0.08003223642707408,0.02470962062656427,-0.5196822942398409,-0.5837556481975038,0.002505119243870197,-0.23770523803587756,1.359569143384378,-0.8900063608136446,0.018179523442814836,-0.8862756887315969,-0.0889847434528428,0.13849292168612876,1.0692211734672994,-0.28423848320282386,-0.019233204749366666,0.3995294024064225,1.4309470546410543,0.14343583261233267,0.31976926653193416,-0.4258873516598641,-1.4357862103426902,-1.7500537416376778,-1.2216218134517467,1.8786693434592197,0.8254124488979986,5.158995671675355,-0.048243348963278615,0.32646271998638,1.245431345845515,1.4031721331386027,3.787416163545797,-1.1989425259037447,0.057355571617011804,7.744615350543476,-1.7338449982262012,14.697809162181192,67.08767338232562,-15.625184176748292,26.18403402711973,-41.54357984153466,-107.54153803981755,89.37789909158263,109.03368257455776,5.971326526887338,82.76996697190525,111.25010507560765,-122.7815771886047,-5.341165750914362,-130.6952618764672,10.831306773913294,-9.003702412540775,0.0
-1.7114639984487767,4.077974443379596,0.6450209087679156,0.8462245749274748,-0.07729055323488995,0.021987736100219608,-0.5267320748071511,-0.640613135591353,-0.030090612500834203,-0.20206999049379845,1.386977743645139,-0.7877487590135872,0.029284646762525218,-0.8838957824006887,-0.08922209933284377,0.1235287278799568,1.1585939850916915,-0.35574874466717443,-0.03937312529174591,0.33608001392433456,1.4434731078305045,0.20376902369060057,0.36419624926161204,0.27749635720461097,-0.4475414973226736,-3.2492810690567238,-1.7498351485935546,1.6659233619076592,1.0077563911399716,5.074949216225536,0.7989645952773565,0.19367115140677577,-0.60602552894781,-1.8870981262690014,4.234661766176009,-3.5188913461684788,-1.005531383370307,-3.103714936885633,0.25174977364503176,4.6035269205119995,-1.2634456579480404,31.10309822167088,33.23678924124867,-17.4687308126598,-0.6820762555092248,-14.229676547332325,-81.97740448055339,-3.9125746442907983,11.029010126544373,24.193543484249076,-32.98513124278348,-80.4529900855468,-70.82712127452963,69.32001556221525,23.15829341729096,0.0
-1.7054505879265764,4.106375184278138,0.6495325311915501,0.8443648010686119,-0.07265705797097244,0.023622114979582762,-0.5302933436573172,-0.7018261487666773,-0.05847157732861237,-0.1690430418533925,1.3897145056482543,-0.6899564860522982,0.04765799332311873,-0.8775566568257686,-0.09701247169135478,0.07154423457256902,1.2612647333580553,-0.441302199899174,-0.050402117791997145,0.2726797201175477,1.4049136113942386,0.25136272057631487,0.22866873612518507,0.5306158032343415,-0.36091564186372926,-2.8586424127508305,-1.1330618193306488,1.5999172394303476,-0.6157127203759739,4.744276430229732,0.917393926166842,0.626365954738793,-0.0214176554940909,-2.9044815847222267,4.999057309242845,-3.75251855414493,-0.3661969316395149,-3.006335342918446,-1.3734301782411367,3.20630859180971,-8.568267870714035,13.403242766928797,-0.4994365852708922,23.650667185496307,30.933435962366136,-8.684483961305046,-81.81899866449086,-15.484871020571157,-6.371807904298408,46.26527911850183,53.565421944051536,-14.44693352436125,-68.61910568682534,88.4813928031423,13.865419410571288,0.0
