floating_base_joint_x,floating_base_joint_y,floating_base_joint_z,floating_base_joint_qw,floating_base_joint_qx,floating_base_joint_qy,floating_base_joint_qz,left_hip_pitch_joint_q,left_hip_roll_joint_q,left_hip_yaw_joint_q,left_knee_joint_q,left_ankle_pitch_joint_q,left_ankle_roll_joint_q,right_hip_pitch_joint_q,right_hip_roll_joint_q,right_hip_yaw_joint_q,right_knee_joint_q,right_ankle_pitch_joint_q,right_ankle_roll_joint_q,floating_base_joint_vx,floating_base_joint_vy,floating_base_joint_vz,floating_base_joint_wx,floating_base_joint_wy,floating_base_joint_wz,left_hip_pitch_joint_dq,left_hip_roll_joint_dq,left_hip_yaw_joint_dq,left_knee_joint_dq,left_ankle_pitch_joint_dq,left_ankle_roll_joint_dq,right_hip_pitch_joint_dq,right_hip_roll_joint_dq,right_hip_yaw_joint_dq,right_knee_joint_dq,right_ankle_pitch_joint_dq,right_ankle_roll_joint_dq,floating_base_joint_acc_x,floating_base_joint_acc_y,floating_base_joint_acc_z,floating_base_joint_alpha_x,floating_base_joint_alpha_y,floating_base_joint_alpha_z,left_hip_pitch_joint_ddq,left_hip_roll_joint_ddq,left_hip_yaw_joint_ddq,left_knee_joint_ddq,left_ankle_pitch_joint_ddq,left_ankle_roll_joint_ddq,right_hip_pitch_joint_ddq,right_hip_roll_joint_ddq,right_hip_yaw_joint_ddq,right_knee_joint_ddq,right_ankle_pitch_joint_ddq,right_ankle_roll_joint_ddq,fallover
-0.0028351022846665646,-0.0005289582498256257,0.7938100102026349,0.9999782135257108,-0.002136909030735121,0.006223070423452399,-0.0005286664607980588,-0.06417590273117094,0.004866558182834659,-0.011868914989157263,0.12034518324143616,-0.13104278154598673,-0.07959098373083238,-0.06863672887870709,0.008098659266304322,-0.00734466656378341,0.1334840124871072,-0.18511455073117605,-0.16097228309745096,-0.16869337229746026,-0.05138532075030748,0.11559057042179112,-0.43048219733774523,0.7336691281330351,-0.11798733760201162,-4.088706509115716,0.6107597476664588,-0.5559721043805336,7.136409103715141,-6.2907623807564885,-4.052789890760597,-4.50271709367444,0.7678420875487632,-0.6770750060692589,8.265439457111517,-8.84755305381929,-8.232201810641257,3.0363936990737845,-2.300600847641323,4.670411555430939,-19.104312225340255,-16.247439654797212,-4.534300659973415,14.265105901603206,46.04259671003469,48.99263904024373,-13.959942632355911,50.36101823795805,-23.23835594930442,3.806288096501582,42.715078723531335,16.563930187448527,25.420121825799015,-4.418356672343421,-41.36753438338752,0.0
-0.004225095054438279,-0.001398770782640526,0.7967723526845539,0.9999508235772536,-0.0049587975843354525,0.008462726006464381,-0.001463906496177015,-0.11969040853076818,0.026979406883731266,0.010796165398807405,0.23736723034650736,-0.2697053689009595,-0.17192389302665548,-0.13119871373530123,0.011378046290790325,-0.040409807233639995,0.2730402518667599,-0.3558844017912208,-0.31101472097608235,0.024840864470307325,-0.027434858858108334,0.14488392365867103,-0.0949908759768256,-0.24974228723233743,-0.011263494423923964,-1.444781816147517,1.1515187068076276,1.7599102735399572,4.473898490075277,-6.857217979632505,-4.718756153347633,-1.5476784890555653,-0.28633969206475385,-1.4813780238159566,5.2434870669731595,-8.653078146691852,-3.454645619641634,10.542334716386957,2.2614619599517938,-1.9056150580109006,23.33834508339979,-52.26322776717315,12.771410200046315,153.07394296182747,-19.406744216194753,17.05236422954005,-161.97859357140672,43.7995243841975,17.362376394731736,189.2556438893674,-49.484933704045915,41.95712049178226,-226.22663088204723,41.76237995338508,507.75054568492874,0.0
-0.0034260261883101856,-0.0012684271857876812,0.7981080195713038,0.9999787914018097,-0.003731010915434188,0.005318588986171462,-0.0004570725562840704,-0.15241658774971514,0.03352053954471059,0.00400499595975772,0.34100307033652527,-0.37664205165777986,-0.2326085959380696,-0.14911755215271172,-0.005721437136169743,-0.0673518771140489,0.3434559482643188,-0.45303147955497225,-0.32392240337287787,0.06487838280727891,0.025866928941504025,0.0032615156503063934,0.2533893323342015,-0.42085075911742725,0.028316756486309484,-1.2160544120852765,0.08226072339048551,-1.2094209509251193,4.431034050368522,-4.460974709914681,-2.2656132526677086,-0.4066588839405582,-1.102339102544106,-1.1863425952141757,2.5622767038434677,-3.143819836833087,0.4508614777596611,3.156310261634818,1.6481205619580268,-6.657663887111934,12.016123154593393,-13.161655046440544,-16.450631752249777,70.82456049940136,3.340054899549422,-23.40781364940292,-145.43883578164886,92.90437889199316,58.36690035860493,47.125495793765026,-12.124818733745343,35.29260744635984,-77.84422513130457,129.60809469007555,54.07067952728934,0.0
-0.0024520783771706457,-0.0005388890909302021,0.7960449131387081,0.9999974294956585,-0.0006008910661034973,0.002126194527829387,0.0005091451975044139,-0.18555977826014133,0.0354461322926319,-0.02523578735569342,0.4432187845753959,-0.48579982747981765,-0.276863052070544,-0.15977337150233148,-0.034315577480630785,-0.08894262624500941,0.3903108187535475,-0.48009781270046653,-0.31082195010424196,0.05019425174508569,0.04203819315400229,-0.1782276373646937,0.3488799414445276,-0.30086342101480884,0.06993718095913491,-1.5223152986776727,0.3168491698439969,-1.0865336655341433,4.383622660105753,-4.855977799596857,-0.9757252308149912,-0.5235800222889572,-1.633383009201413,-1.1524904931858226,2.116110977504338,-0.3683981941203441,0.6768717016622472,0.462017316058162,-0.45276177433134496,-6.031838347702209,-3.7822270543588843,0.6606485191694691,-14.528135595289072,37.99724123562411,47.880209659771324,64.99771507322762,-141.4942115523364,103.37549769139538,150.1456955361479,-18.27183470697616,-17.386143376773614,-127.62912706969769,19.739369973347358,150.96172089518234,2.385592284378715,0.0
-0.0018679469418756349,-1.194718581184267e-05,0.7908620654989625,0.9999988092588591,0.0014132632906989596,0.0006051626823763003,0.00013396217014292091,-0.21512688863877763,0.04513565920730037,-0.05232916337842603,0.5113592221393838,-0.5926373070279797,-0.281069373132361,-0.18739592528667479,-0.06236967541923891,-0.11746476395719603,0.4638744828796548,-0.5166299422261739,-0.2985670378295095,0.028615057789193928,0.008193024841440839,-0.312256242638076,0.05100575503417265,-0.10848656588488377,-0.09458056563513463,-1.2413472922681132,0.7853443492513016,-1.2511224540516883,2.306534277669165,-4.761697288477532,0.08772363908853963,-1.6468761640871301,-0.9701024423963835,-1.0791769487791014,3.9645131681666954,-1.4474786117824874,0.5162664381198874,0.9075521063469218,-2.2970094669497763,-5.049537056246788,-18.58199614862104,0.02967005768929387,-3.0222065221472043,34.077229145548834,40.464683491015336,23.34151622564089,-125.06940991514459,91.62180485446795,14.86007951480406,-4.089447971048689,59.599703722465016,61.896419361417486,-15.912863035044262,92.20122984546491,-12.02576166298258,0.0
-0.0010159247182696576,-8.140196426905622e-05,0.7836883583503144,0.9999986520496086,0.0011491920576358421,-0.0006327657782463859,-0.0009873520396695065,-0.22612423750466057,0.060658545052571136,-0.07167965991663629,0.511560974059691,-0.6488539368818855,-0.27859762889101364,-0.2267327172344623,-0.07687839713265822,-0.1320651291976807,0.5706537894003547,-0.6208163837975319,-0.2922321813662561,0.052491319411938415,-0.015411674022927738,-0.3602352499531025,-0.040616715034083616,-0.13749476834325322,0.06540235389374391,-0.8950814348931331,0.6776930148458964,-0.028868699406086384,1.075357032477972,-0.4299947418081112,0.17051541073376458,-1.7284979945414893,-0.5582759468212248,-0.5425831149798458,4.969135360022869,-5.2174429921663075,0.20322403391811786,1.7200706521344418,-1.272306017823158,3.4451866313698014,5.239308588027961,-4.671551451660154,26.86404011682618,-69.5685207650736,-42.460661470650884,69.9421805864508,236.85520380997949,214.68673733970752,6.918321808212356,57.39214724196137,13.85538516935348,19.625520972359716,-110.2408891184875,101.80221873116096,-8.927622652645642,0.0
0.0007237803190598699,-0.0011639362627545316,0.7777221397784291,0.999991233335382,0.0019817735619453154,-0.0035493253210124314,-0.0010040496484943395,-0.2327288442152759,0.06614018441628902,-0.07072214606443811,0.5106104796252193,-0.5255512425465265,-0.27299173384788705,-0.2654423560231002,-0.08390269845241317,-0.13527215743670756,0.7082731419522323,-0.7582702770916805,-0.29164344098039413,0.13060026494357332,-0.09623179299288523,-0.24580387062447476,0.08858703270923732,-0.478447042663657,0.0057506402271206,0.19325449964873576,0.08341610644124683,-0.18242586394341476,-0.4410532933985256,7.428451701163696,0.29250810749839107,-1.4469835673798155,-0.005107903688299012,-0.03863882586914943,6.558590157483602,-6.221826415744883,-0.03907547160356885,5.516495291878362,-5.261047600712591,5.825529774495463,-5.248100127708046,-23.031061304326276,2.9909220251975097,62.82765386056966,-8.943449313205665,-33.42208226074036,-30.15798424136319,-28.479332615389456,-3.3747663289481,86.22344278526715,49.50511577634307,4.3959853603746,-133.4121722887481,125.91590302893647,-3.2972696170403175,0.0
0.003351773934206075,-0.003885981290237231,0.7731400425775713,0.999968058568129,0.003198046234124367,-0.0072369441100093275,-0.0011318055134164776,-0.22954345991493638,0.059690406076785274,-0.08655248600298447,0.5095125271846704,-0.41738651017215866,-0.2508901631022127,-0.3029123232323554,-0.07199961387472313,-0.11276152810630127,0.8577424677455734,-0.9200207843694111,-0.2942291971461122,0.1448091189046354,-0.17495248175546302,-0.19971981825435633,0.085990371598832,-0.331854789855217,0.025471053953244824,0.2850113610556539,-0.4187636890565039,-1.1265709256928158,-0.08727553930747753,4.430800422604431,1.1963718060317183,-1.6914731911812062,0.932715544414502,1.3014171345755066,6.637298574087348,-3.9097672984588865,-0.14973064353235724,2.125400945524878,-4.641510519983493,3.9400278288703108,-7.308170981717339,1.4182581817508877,7.2792204935848055,20.20334476804119,5.86415697668419,-20.18368053357149,-18.309658513232375,-82.77976047188685,-7.0994395035829845,47.35788256822319,25.59016246455442,-24.149716565712964,-167.2204155534277,572.0120352882793,0.821581490478145,0.0
0.006385173162230443,-0.007922399261079953,0.7694329141473176,0.9999419432473894,0.004789782022740013,-0.009652342332694377,-2.0255925325272678e-05,-0.22784574551596762,0.054129663864959696,-0.09868641877745495,0.5206464277947852,-0.3876241693189934,-0.2049413040143562,-0.3321613985878385,-0.0571953900969439,-0.09481010811658228,0.9711516568702747,-0.9372103647605093,-0.29683719660354596,0.16406520811643746,-0.22558844870112643,-0.16706792696967585,0.2073025126823542,-0.1950214493589473,0.19336925274562958,0.07902827037333486,-0.1549169803805954,-0.3495427688021676,0.59239859428299,0.590452246176343,2.2324934986688887,-1.0828139587130907,0.5732792730914025,0.5155756930841254,4.4084987454528655,0.34501514578183323,-0.10759962310719452,1.6437127366879127,-2.7259507658132525,2.287511967003838,4.414810253596931,3.9833447687060635,9.63222871172244,6.0380534172130735,14.883735995563788,23.235182025840576,-17.064599332380435,-39.41615143620853,-34.359499837391304,49.29143461855515,-18.215521532792135,-40.94103570867857,-158.30960959036767,60.9747072525134,2.754746345042942,0.0
0.009505265281999882,-0.013013202762190564,0.7665522189805254,0.9999222784802724,0.007814764679858052,-0.00932578175258859,0.0027196041112881658,-0.23162615282981627,0.0534128881028337,-0.10053016871441627,0.534345834040022,-0.39846927423476053,-0.17360015817699254,-0.3551549138920928,-0.04590585019247757,-0.07674035214451164,1.0439958649062673,-0.9256755181969721,-0.2988090682961082,0.154779238383915,-0.27700727389252167,-0.120351631526049,0.38365730161399797,0.19330332260670433,0.3666464638178573,-0.32289222023015385,0.004607212041554083,-0.007435578613608387,0.5591144814188549,-0.7614789739138856,0.7625118096600287,-1.0587774783423114,0.41988314550163885,0.9598515995015309,2.7465188849244666,0.5873742396698811,-0.08394429502993823,0.16067828617088772,-2.330244019194649,2.9155672417365412,8.995188080933872,15.959154652852206,12.224677678758122,-11.372331558622854,-1.2343971367578312,0.09480919545456654,-19.17923941012304,2.191877590553642,-102.93108496630488,17.162621427234487,-25.55761706485328,-8.653307187571528,-109.77041983327283,-7.879765760876612,1.9213669403765168,0.0
0.012611832807825905,-0.019190144904418897,0.7645168178157304,0.9998931157757642,0.012125978271211922,-0.005968447536903032,0.005576316813023084,-0.23874165714715087,0.060547251719979024,-0.08964843785005087,0.5383356518981474,-0.4025667587093453,-0.1720269537315881,-0.37901194658172077,-0.038089368015784934,-0.05266880767661012,1.0917007508784131,-0.9162774009887221,-0.30042122514224623,0.1595811142613213,-0.3331561558555297,-0.0851141856666904,0.4713835299271765,0.4319181983379426,0.26971889580593617,-0.3676677823362627,0.5000723322440648,0.7520037042242979,-0.012015399914195736,-0.10034301505162356,-0.2803753671869002,-1.1732398235496164,0.2308706555581522,1.1539577980227418,1.8598305025534758,0.36824445358852387,-0.07027681419723966,0.7276414971928301,-2.605544621998053,1.8621022174466126,3.577819309301907,9.006852398462208,3.2709503466733674,0.37364116409881853,6.221276614435501,6.92137182087826,-20.149926237884777,-5.152182896731383,-24.00834352467314,9.734712853030757,-26.126419182928974,-20.358234438000995,-69.42154117608467,-10.901751304700891,1.4873550638041109,0.0
0.01619335013251843,-0.02653026871798998,0.7631166214206586,0.9998287379832951,0.01682088283264225,-0.0017004122893268568,0.007527363516391667,-0.2419711281163851,0.07598342209222538,-0.06777605347450001,0.5302332666654845,-0.3954520763019252,-0.18111280206888541,-0.3996375569893456,-0.03522633661687313,-0.030376316821306704,1.119834205614341,-0.9108912614400196,-0.3014814970476382,0.19488798043645594,-0.3936542224278829,-0.059732019926086496,0.4689624215395646,0.4207394605912334,0.17733801603550323,-0.044513056689815374,0.8535318875190542,1.1351135268278147,-0.558032662342315,0.3092267941478837,-0.5201059067904347,-0.8776160403317259,-0.0058432946708532885,0.9447718741314451,0.9814060413104456,0.19951123705368248,-0.04071828976229246,1.724228395468197,-2.918081089252179,0.9091948876559163,-0.9977939420295616,-0.5942920234555459,2.905494208725486,9.94025438907068,-0.19413413663714163,-11.43429448000278,-9.001526024022018,-21.284879821217995,-1.7818682174102347,18.56286333250808,-20.65896148696203,-26.559588901576276,-47.89422616149564,-6.72705214015431,1.2131555779563417,0.0
0.020521522064658723,-0.03500710208624456,0.7619426045183769,0.9997272223151091,0.02137482489919338,0.0021246102146329758,0.009169724863995816,-0.2393901931425203,0.09477197062011186,-0.044162723254725034,0.5145886679634804,-0.38276410114378256,-0.19161826076120103,-0.4130524639765341,-0.03822125813849664,-0.013665412488499848,1.1308859617939706,-0.9079266097035651,-0.30210520530264545,0.23242552763645116,-0.44804027066428026,-0.06142553090308749,0.4462287021667747,0.35610328998841856,0.18058608852706257,0.20709432601260486,0.9072958404728193,1.0376819883409438,-0.8055453162129697,0.5366425779320604,-0.5026741936867507,-0.5140299335817906,-0.3037828919383042,0.6784915565966305,0.2583223141277397,0.11087918781396007,-0.024025758587839608,1.6656797078882266,-2.691764366338356,-0.597326338922663,-1.8018549540897018,-2.391505205060794,5.186989902177006,4.952841348285407,-9.733991021012855,-27.40395022285181,4.65401745238011,-23.447781865255052,4.158824470793134,15.990918450376027,-18.212396665906905,-20.527000829459872,-27.134854112439236,-3.6637394045264204,0.7251222880034742,0.0
0.025653162643524845,-0.04444158211951444,0.7605458855694066,0.9995971107072199,0.025868082352514716,0.004981158829918204,0.010566297265033565,-0.23191434248998102,0.11339235082937217,-0.023070510201565027,0.49719303242854157,-0.3708344919040871,-0.2020259385136977,-0.416999927968506,-0.04644555837574349,-5.7804785680033895e-05,1.1203857987613348,-0.9060291143509449,-0.3024533079202101,0.27207743840431736,-0.4901396508796074,-0.08309418126790825,0.4614670972840643,0.24584417221820923,0.12109609358287118,0.4307345475113678,0.8564534052348238,0.9131593040452917,-0.7977811473861544,0.44930806165573955,-0.5105518883679412,-0.046210875677151805,-0.5298118748908278,0.641022034647302,-0.8584086746854825,0.07696724383973542,-0.012683086793837634,1.4298239440478642,-2.043004162036779,-1.9264823394040431,1.18966369192123,-2.8967887491057502,0.12522728248563142,1.1737834423960727,-13.053926885581635,-24.588044629979382,13.772319384628302,-19.98054613251985,0.7154077763505313,9.182188129184135,-14.18856264434792,-6.725266537017776,-15.113313427559103,-2.1056558658996516,0.42992418846900804,0.0
0.03158023309244051,-0.054490760997613095,0.7585451807489256,0.9994408012910422,0.030775009362238603,0.006637147169610052,0.01126640097470587,-0.222698686662924,0.12845726103857863,-0.007408382030047998,0.4887143941753765,-0.37736761612922154,-0.21511577901555534,-0.40526705132638685,-0.058539842701585215,0.012762743417069473,1.0610517471025804,-0.9042946160939184,-0.302591555956288,0.30837759917651125,-0.5098544407903467,-0.12732600630167865,0.5513399404437485,0.1288522187582645,0.006604957375379403,0.4504760207313428,0.6046121012098619,0.6497269195723379,-0.2109154847413652,-0.5275644150377399,-0.6641238478231187,0.7785201103724501,-0.6991283046648549,0.6670229352349265,-3.6863911102743865,0.07913724973432167,-0.0032039586496342178,0.7700644350172339,-0.713789809594155,-3.9383208574819517,8.628740270899904,-1.1449473165902346,-7.979418074564439,-4.871428802824888,-19.719202065776994,-15.794197813761194,20.496275150019677,0.19836459230907355,3.49761376105006,-1.9602058999834195,-12.215687411115605,4.003734463869877,-8.545723838780905,-1.575322065802123,0.31551758734007085,0.0
0.03805852976812197,-0.06446573350566165,0.7552201149086637,0.9992383888053182,0.03688049177524031,0.007429630860954953,0.0103572317458986,-0.22266375748415973,0.1305137174609108,-0.012486771360928364,0.5173984555825658,-0.4400991399557058,-0.2595750228655398,-0.36564795229124203,-0.07511351748845453,0.015670832175430947,0.8914364998940693,-0.9022506530527015,-0.3024920499402395,0.32548965058857504,-0.482663645253826,-0.2267805964858425,0.7607999787429883,0.06806290265469483,-0.3250102124301175,-0.12673711291003614,-0.24100855984710015,-0.4449551869714377,1.9124573463458947,-3.342110553063683,-2.243610351551163,2.1800877411007535,-0.9103160671840114,0.00033837369406195563,-9.861355996432014,0.0990517392217974,0.011461068623672228,-0.7651255227042322,2.1780851172553346,-8.51741901233253,22.97074659743935,3.813381549616653,-36.545424119479016,-5.990169312124505,-35.952949840274385,6.460425252506565,16.297809310382515,61.99348103455117,44.52232620697701,-36.32262631266025,-8.823721056217162,-0.018905820557678837,30.30225366697617,-1.575769783750584,0.590963448383635,0.0
0.04420649880855253,-0.07459516016589095,0.750790789551437,0.9990800115600742,0.041115535855492456,0.009245320295049493,0.00794778365833735,-0.24815101637283687,0.12567061932655993,-0.018832257888359044,0.6176666734763951,-0.5368141757162573,-0.2846707094732681,-0.36141653778396704,-0.0786848103252113,0.00870151959312634,0.8491734425024173,-0.8961142223986823,-0.2974938498928704,0.32875742262136726,-0.5242836193402062,-0.18420444412179693,0.1231539947741303,0.10603096118506708,-0.19101830706986206,-1.2030033658999837,-0.14602873891913346,0.24595327451899865,5.465185122063768,-4.260383447776549,-0.2927158566921466,-0.4020133197995797,0.44361714770942906,-0.42528481818644664,0.9073400516718012,0.29824033694487256,0.27430702335823304,4.491534880185208,-1.7839181835905176,5.91953076047913,-33.298492943413564,-14.906789354548465,8.424287483741137,59.63814137209191,-2.7422799937414597,38.31214849032931,-69.15865285953902,104.73860762248415,55.253935670512135,-1.379914280780391,64.4388488249732,-1.623962806050347,137.9632612545064,-6.5495503076601915,-5.10241592010764,0.0
0.051169030466353266,-0.08510412413054166,0.7473351286595613,0.9991087164002669,0.040297279232578684,0.009982157997919348,0.007632733531734011,-0.27307459951664903,0.11068277778312682,-0.022034173052811797,0.7404486756427722,-0.6468661768058038,-0.2849596754761625,-0.37177998525583067,-0.05820384844994385,0.005337484108836921,0.88356927413304,-0.8886300824166913,-0.29391524211938924,0.37987114198808186,-0.5261802981867607,-0.1522978412976716,-0.2226835094935587,-0.013382887198555758,0.08654814215581919,-0.8306393653093778,-1.1967596650254586,-0.24099832800459722,5.428923611406676,-4.980316845380435,0.08446259126505225,-0.2608267913764429,1.393087264595069,-0.04435965651475043,1.6996668964283113,0.3635774711345498,0.11239928097227836,4.2285454740019714,-0.07928319306913742,2.7249839511602993,-14.147432696682621,-11.69677852513456,13.933360274631653,66.36659659504534,-46.50510860245211,5.160354057505549,-139.6136729589797,100.34935240702823,4.00075071320423,46.40382216945041,32.857803705177396,6.243633510759439,-38.809611916003036,-4.963828677890756,-6.169992081604992,0.0
0.05952336948257619,-0.0950551047205734,0.7441695006179017,0.9991690999034581,0.0386238303215506,0.007999012609066476,0.010262812805636483,-0.28065369075922664,0.07232472486837534,-0.028620430290517977,0.8389961691431576,-0.7648782583800093,-0.2834757253104704,-0.3703456435668793,-0.03814610001948799,-0.002755922826654609,0.9067492660599498,-0.8297977040970976,-0.2936450950604986,0.4529570044505354,-0.47845305647229863,-0.16315052095789506,-0.1301840696450722,-0.3348655967356083,0.39506019691142635,0.1301347476981244,-2.3538660201806674,-0.13894055263654667,3.9840107613059876,-5.330579203463984,0.05988944528021419,0.4326098028927471,0.7575918756050929,-0.6170306202176192,0.8268582166451149,3.5415362087357467,-0.021935131703059677,3.9716131953372056,1.7235925879866763,-0.6692517840198183,3.567147744950809,-15.71778675025752,12.591259769055833,59.90129499476296,-37.1405582482392,33.05620865706116,-126.84182340642226,102.82858060568597,-1.742659499668867,42.768968333578144,-20.017928523304526,-17.36223654460871,-31.661117055634374,-2.2497387260498716,-1.471820387376454,0.0
0.06863370368671046,-0.10417127739290526,0.7401566171189551,0.9991434136498671,0.03853353237830389,0.0053121854496910315,0.014120429465433815,-0.2769276290291045,0.024462040765097365,-0.016025894791687336,0.8997872811378765,-0.8656191839805482,-0.28190324678894185,-0.3639802814548197,-0.026815681323621336,-0.014066468337456827,0.9211636527081926,-0.7458283697836385,-0.29387081113904273,0.45923431121034247,-0.4409262186535497,-0.23107701222823493,0.06251780402204768,-0.19081672668092106,0.4069007058263928,0.24474755229618295,-2.422235720270937,1.1064388113024914,2.1666778596133307,-4.33064198538727,0.07419206282979492,0.26811560549836383,0.4442483211944104,-0.5383959273767863,0.702054135446357,4.102377424996596,-0.0038806102755917712,0.4539253188783574,1.3045100375283767,-3.3918046678137697,6.545824564403185,7.047491294565123,2.2212593383071275,4.943601631286261,-2.3596034173334086,39.50738653939322,-96.52138376713239,89.2141655183348,-1.418566400308995,-3.8275147860937806,-9.890531835925136,1.95536172622359,1.062529025688308,-37.42910073757419,0.714911360354137,0.0
0.07807819727603034,-0.11303459365374414,0.7348148817102235,0.9990798374607522,0.038941704554188654,0.003602923041140082,0.01760798033194397,-0.2690783160347286,-0.018864774640684593,0.014974800014403288,0.9243693848769431,-0.8973368439734702,-0.2803437326266548,-0.35807207915065437,-0.012231528028879016,-0.019417681128231883,0.9380427469644076,-0.690936554184051,-0.2926975950165205,0.4811051032544937,-0.4470433077609238,-0.296534546038531,-0.005336006058462538,-0.11938051977954091,0.35026092076165694,0.44478686599462275,-2.0102593737472816,1.6738822600265413,0.63725452659796,-0.2016601987853099,0.06922094515402778,0.30323620326046147,0.9149442408417054,-0.16164354954485285,0.8696298949752906,2.1996189909542765,0.0745982846803384,0.8623109750420197,-0.6124776829819423,-3.307035834564339,-6.38312841694842,5.135344706417271,2.4256686900401188,0.3651070023790546,14.089336902269121,-3.408870943637539,-50.94414382010072,78.72135554558382,-1.5002467209035817,-0.47900151711286687,16.910307817319804,2.74685063889818,-0.41898817225342677,-34.36661688419347,-0.029459312111702662,0.0
0.08841353185077376,-0.1221661317385867,0.7286577401872272,0.9990568021394269,0.037990182034456775,0.0015404231249978558,0.020973298847014335,-0.2500636530991085,-0.05475266881156068,0.04741581500439044,0.9109181805370999,-0.8928190327792704,-0.2788896773583551,-0.3465255054941631,0.010279202967227064,-0.02238893339207255,0.9536712346089556,-0.6657497684290529,-0.29049717568612227,0.5380788938399031,-0.4672260961945454,-0.3227990959646726,-0.20326448036502834,-0.20795653935544856,0.3895913950414789,1.1220609702229125,-1.6286735720923313,1.4209200418766985,-1.1560558066753304,0.3511778459375992,0.06493627869383695,0.7187889875353443,1.2629381796831867,-0.2441372728290405,0.683965567465298,0.9334077501462583,0.10907015873310728,1.812391687227337,-1.391299636510356,-2.0559895852994186,-13.155921522300243,1.2391529301208808,8.605660593625093,2.129417227154506,18.52327862043828,-31.842661384934942,-13.61986028864959,1.8283751297801167,-1.3464491901843616,9.613290915203065,12.50840690939956,-18.030579715326585,-10.527626133829182,-16.62845761384898,-1.5348042265208999,0.0
0.10013524121100367,-0.1318074959419139,0.7225091491499352,0.999111885740549,0.03513329967528674,-0.0018310307178001624,0.023189186109057396,-0.22090408681309184,-0.08689314040797086,0.039133855188026284,0.880855500432623,-0.8795317600643605,-0.27257659720606425,-0.32551609881257404,0.03926194448128235,-0.026711923787656876,0.9636200374861397,-0.6609236384834202,-0.2880646935781283,0.6181439683907438,-0.4932210294932898,-0.28444855717928125,-0.32246056518158756,-0.376679187868232,0.01995336543362937,1.0858208910325082,-1.6014677575609129,-2.571258865300429,0.16023039045891474,0.9302369993802948,0.37608807988474147,1.2516345011656882,1.5220713448756276,-0.1731590580915998,0.28260067090037577,0.02780383964845658,0.10677737304909178,3.8711376706358123,-1.0918812322522542,3.3751571061859202,0.44099399951998175,-6.226277054234786,-32.97574477075964,-24.805297286464295,59.862034543483816,-76.46331202292929,147.34754407622344,-1.661413304829697,-21.614355312366865,22.29990850126373,2.1625257765541845,8.224043522922916,-26.68583392052263,-11.452471962104676,-2.795603492442677,0.0
0.11381856503426299,-0.1421366481030452,0.7181454787549078,0.9992560410992496,0.03193383110545174,-0.007067303877663306,0.020436437397035084,-0.1932377883734587,-0.09583397813657016,-9.333501024325671e-05,0.87990819880094,-0.8054400739456579,-0.2679245728212283,-0.2908904698857407,0.06561569441886458,-0.03434360310645253,0.9653764411287522,-0.6896034774113406,-0.2866051383083547,0.7329322131797278,-0.5343094290774366,-0.17433976460168316,-0.34248137404020595,-0.6057021287289562,-0.48842969604505804,1.6938036290643077,0.6062751583550456,-0.9626710733232106,-0.27661327914676354,4.207169199399045,0.13190760014407293,2.0581535069760903,1.14049299515379,-0.5420120435964678,-0.19166814843771088,-1.839196616549674,0.046379668207940504,4.79991368213027,-1.7499694922887934,3.957349070984417,-0.22715533591877857,-4.659010419903921,-24.667588669287102,34.40501917252206,112.3940127289933,124.86257355535302,-31.358102078645107,-24.693070355213397,-9.436068143410102,28.697046455648483,-22.306039285424816,-17.65430727078639,-32.80541997749391,-10.666239045190329,-2.579333661452762,0.0
0.12893456324338526,-0.15396372357065502,0.7148493339206908,0.9994358366884799,0.026723061065502644,-0.012222220150061091,0.016263569248166604,-0.15983970333333908,-0.0595027521101432,-0.0030351497667328343,0.8542847948050676,-0.6298688458125369,-0.26708597050217636,-0.25204199585994663,0.08445431007314595,-0.05718300219069119,0.9767085621867162,-0.7977670763792329,-0.28817484761400636,0.7691573779479511,-0.625008920668797,-0.15337204807300683,-0.6481567274509683,-0.4108992572683098,-0.33523937178691027,1.6297364179204736,2.1068470224414155,-0.140473299164879,-0.36333847329073404,3.3182307791578767,0.030933707485190875,1.8058561049099293,0.7441603232243214,-1.5177080003824894,0.6643554564075573,-5.784395030620244,-0.11301070125805843,1.086657870572495,-2.49325591365849,2.9719134349204164,-4.258438184641576,14.884083606270522,3.1634353708195833,-2.8665628972707373,-16.682604589392525,-36.245262468069136,134.44594036742726,-826.9817454353847,3.0384823056840577,-19.981168192530436,-29.595937265617344,-27.63834598255645,-11.205223795761327,65.59512473365234,0.0869691238780671,0.0
0.1431470593461703,-0.1668925865541008,0.7116163754129434,0.9996406402525666,0.019614772461672758,-0.012202445255474445,0.013599683323590779,-0.14513090983671617,-0.02408119949647141,-0.021215656028203814,0.8770213427273638,-0.6391306391243762,-0.24119281724967398,-0.24285520572886898,0.08541291984357922,-0.09012285690119409,1.0174228788156754,-0.9396726358774736,-0.2920474483139296,0.675733208437872,-0.6706553299465028,-0.1532692093513233,-0.8017896973054923,0.29035695996782446,-0.25376474477973504,0.3160706867338956,1.7346814575638958,-1.3047995241394983,1.5571657051675845,-1.913401468680296,1.3669354596500984,-0.41109690300537194,-0.27172022645037647,-1.3107785324175105,2.1105248677111597,-2.7481329213728705,-0.20783601242421842,-2.7894590953456637,-2.9425135437655676,1.3937575271645615,-10.977104557365664,26.53885473491034,-3.4866342148006257,-22.228649935793065,5.379102762367284,-35.46414586104057,-6.664485480928008,-71.63763486228024,-28.327983337895862,-79.5489587294686,-23.934708773235446,54.829864651400676,-28.286303636822783,476.20367509916053,2.126837431391523,0.0
0.15623590818716476,-0.18028753702052241,0.7082719821448876,0.9998617666155942,0.01215720116439625,-0.007739593182540047,0.008291490671756548,-0.13994034697272625,-0.004040173288078328,-0.07262036918337832,0.9082781209535554,-0.6762032766184215,-0.2014320348315193,-0.2665698679096385,0.0762579575024394,-0.09769484839106005,1.0582618723605675,-0.9457405257896275,-0.2949050480351181,0.6464935033399606,-0.6745699709253935,-0.17497062075046538,-0.7227300288923371,0.5296520909190432,-0.7864384599877237,0.37253641233233414,0.7855053051148034,-2.9348107963459036,1.32192319809347,-1.7201482539233786,1.9028112178786487,-1.6412233371842178,-0.5984431472693906,0.2648360999760224,1.650096468535481,0.6143743562331522,-0.10253455957470439,-0.24784220126871664,-0.8808311156823458,-0.716256410571737,1.1896671186647887,6.0055058164415955,-30.006029805457175,21.84084164863598,0.5982974935396479,4.8948180733182465,-39.88033619851752,19.346542726045953,-27.49286599369784,-39.069981931351,-16.51456078278247,59.350413490950196,-62.401994430553515,41.52520972927488,3.583164247502529,0.0
0.1693290485058881,-0.1938892216081511,0.7046314232065478,0.9999814500204021,0.0054599664818462765,-0.0026996966106771015,-4.3955544671895296e-06,-0.13883867706792594,0.007806664113495971,-0.13487188823561735,0.9514716315970942,-0.6925001125330013,-0.18168827169967364,-0.2911769125675609,0.05674355012721273,-0.09636331300702196,1.0440794821150066,-0.9290685643583168,-0.2961700788349449,0.665772344752203,-0.6818998662145993,-0.19572313818979353,-0.589525220334787,0.45194576338547926,-1.003535075529064,0.020768674842025353,0.6146587515030896,-2.6978775325919915,2.4390981058516696,-0.22777984634151893,0.7074419842497961,-1.1672933991349594,-1.4004042120847866,-0.5565388192762557,-0.8180005868584084,0.8788305856022388,0.01032519921858064,2.545385476727745,-0.18650893028631763,-2.8632349105307746,13.37772718982034,-11.34458413478659,-32.68867317190143,21.01581114945286,13.239546634020455,82.32904556678017,1.6436005962469133,44.959634099884845,-15.437787757414904,-42.018933638518575,-121.63809724098036,-357.55509730951303,533.483811319714,27.309275586716346,30.594015927008094,0.0
0.18441699921829324,-0.2074735618323212,0.7006816760679652,0.9999716100182378,0.0001768726970722914,-0.0024437728284369604,-0.007125717363565168,-0.13796377333178644,0.0179482983005602,-0.1840925304058807,1.0293908631858226,-0.6958276702135309,-0.23501064403485494,-0.27437554947465026,0.021473451305038194,-0.1553390756495877,1.0131058281246645,-0.797935590130204,-0.29382476297023685,0.8227378383734507,-0.6768747796505241,-0.1949805128975516,-0.45562004023918734,-0.2904994727239486,-0.6775118221720745,0.3040918991411739,0.561392116977413,-1.8516983689936843,4.1732927240229385,0.5152846310033711,-2.9607679978663892,1.964425588859853,-1.4412038228331325,-3.279015600564896,-1.6311802169379557,6.72232586810941,0.13310917566618177,7.133859474821676,0.2836423879695637,0.47136718431347824,9.843655545031739,-30.752076749082978,-9.424921324216193,42.85348256581496,14.09549755780874,84.80681904807497,-21.786493275669137,93.03086138026751,43.77196498162529,90.63527959203829,67.93107873459527,49.42119364217176,3.5873356519668373,-125.07668201260704,-1.5841826304602278,0.0
0.20083104494125092,-0.2212443990670301,0.6967858082140054,0.999897641239989,-0.0041083149854617826,-0.00410414627457496,-0.013076114638651585,-0.14959862966802423,0.03885123940734655,-0.18322028790217498,1.1152600586346,-0.8441959648693127,-0.28267010756482774,-0.2369649305474747,0.027167709715916272,-0.18855234789986686,0.9878879355667443,-0.7197467824020851,-0.28996565172969185,0.8227415369199114,-0.690992856923558,-0.1732302216580381,-0.3748476699177553,-0.08082142473482881,-0.4829247464622113,-1.165557590196333,1.1022073334449443,1.0356021004982174,3.6608013182828216,-8.282613687453006,-0.849794131364007,1.8100452795886945,1.3906599906165413,-0.514541483968002,-0.7090186193590575,-0.3488059343716592,0.19890195483390555,0.6869231445414209,1.1944538676913465,3.651168054888413,11.009280070679647,8.354774126666314,16.21494107941689,-53.040128373297975,-28.44560970861651,63.787733132502154,-108.24612730870547,104.15307953027181,146.14996455631774,2.080021068871698,55.579557611325114,71.29384465526972,18.003198767909513,-262.73884829697727,-6.286741815711953,0.0
0.218355444281843,-0.23423934350910686,0.6937361770930787,0.9998001863034627,-0.004561530016516481,-0.007522209352839433,-0.017949826682226014,-0.16075243276923656,0.048402459738771955,-0.1490189221794587,1.1338863134510824,-0.9157229042637661,-0.28488881576604014,-0.192514023517768,0.05289105640488791,-0.18817173944121743,0.9776451590803397,-0.7552677976831668,-0.2878249066867848,0.9100503379359836,-0.6135042691432291,-0.1457809273351431,0.2212652694749883,-0.49870152297355247,-0.4141590882472737,-0.3185647212482935,-0.2272291884875865,1.9224555245138923,-0.5596608632365893,-0.6671417046578897,0.1653517213384748,2.5010800301912246,1.043374268264419,0.264200620952135,-0.4650828615449133,-2.3030654103993227,0.04497044964693638,2.984414259158163,4.071356993535629,-0.1552730666557828,27.869988175226716,-13.42349932061607,13.384982920804285,7.9361356808750845,-88.5379519949119,0.8303169709590223,-110.44875585771742,184.38272808633235,12.581755311312103,25.15080083826479,-34.84512345803096,15.06600450992906,0.5764446830118181,-22.73263283931127,-5.272173231814765,0.0
0.23640430880760646,-0.2458016534931337,0.6903982397016826,0.9997263970704329,-0.00012629478560659388,-0.011592230258078257,-0.020315886587672815,-0.18206827010357796,0.035208733635100596,-0.10005098460900107,1.1258170139133783,-0.9112758278816808,-0.2811939859444681,-0.1453865635185543,0.06691741987313651,-0.18201394101056864,0.9704182914513496,-0.8014588495844284,-0.2875832853564234,0.8995382078474894,-0.5503837193944191,-0.18589736319337394,0.6227019015253268,-0.32915725108610877,-0.09341826575078349,-1.5939192467714824,-1.1285687390549888,2.5745877299214452,-0.33232532417116345,0.5145505912039467,0.16709306067467114,2.268371773410971,0.4171369374892328,0.2985313091624835,-0.2979512832272597,-2.2522183532973847,-0.004717188614718496,-0.021059702741870023,2.9008825593255896,-2.275716186115782,17.760482233193326,6.183051556133839,16.070825660835098,-51.45054367363254,-58.28987255057004,-6.926372366588363,2.417655642866243,8.651256943201833,-3.4961306380013566,-7.389173592291462,-30.11942252363704,-3.3037618319550717,6.079888632124582,8.71332690548657,-1.3046092738803203,0.0
0.2550531185125079,-0.256779883871603,0.6859419835376348,0.9996670766637903,0.0061776170869699025,-0.017000913570861812,-0.018399505954119863,-0.21853015111212196,0.014232318340184368,-0.03796337803048375,1.121824175750135,-0.901779295324414,-0.27702676724045616,-0.09142581491776594,0.0728954867268696,-0.1807319626037057,0.9602881281518052,-0.8442989545034407,-0.28320161333888977,0.958679965272372,-0.5464237335654986,-0.25692069118792044,0.6639840009836817,-0.6821599620955049,0.4049461672354264,-1.963990226655203,-1.1880092726183522,3.1521001726548596,-0.1393859799583533,0.40109895932482975,0.19501949519602185,3.012499795981214,0.2198749897387193,-0.1147197344966488,-0.6333160136865907,-2.081048327521606,0.2666362507019495,2.8288695033578963,0.35657064523957255,-4.16173816188925,2.2859179022527836,-16.37507681507049,23.123756077782836,-12.626425630830678,-29.360358322544215,-22.022853546859906,2.5270903141663115,-9.783929381334882,-3.708248229666396,32.10097237636232,-6.682366087055769,-18.02157712149699,-11.333106779586071,4.044660164859873,-1.8843957304047363,0.0
0.27483767797768727,-0.26780103563349344,0.679725263447537,0.9994866529803327,0.012343202602743701,-0.025432201070031815,-0.015075775682023994,-0.2578043538555669,-0.01350968106098272,0.01041057928213291,1.15128481974966,-0.8758782996629286,-0.2653028231394123,-0.029282884760755225,0.08468046329620108,-0.1680064701401918,0.9500818764302271,-0.8805500376365323,-0.26482837644239776,1.027991600997475,-0.5602758456509673,-0.3433471599531062,0.5950060190783288,-0.9980945416956283,0.1371955774971843,-1.7644958985025936,-1.6415441996546254,1.011988209574608,4.400108242230586,1.8936270875721664,0.6438873340868301,3.1882496436788403,1.1003389982028282,1.6953994798190366,-0.4275473753143867,-1.4132089177429035,1.2787293328196159,5.166476178610538,-1.484396602441626,-0.23477689977850863,-5.821690821054757,-20.87755202867476,-29.519901906557802,70.88304813038182,2.0847368079633015,-99.37174292775008,177.39355888783683,-78.27048621021203,-70.75548270503856,-6.003815194613668,52.435267062782344,124.89785251261196,41.34524503113012,110.26804340855108,91.44851468637441,0.0
0.29592139160881886,-0.2793072544479469,0.6720782795846203,0.9990675558527654,0.017698020742755317,-0.03672627782603963,-0.014211946426040055,-0.28003875828230285,-0.040284734385391485,0.03938502722620408,1.1958249528364595,-0.86277042975575,-0.25045266010031386,0.03020550764595424,0.11136626714734248,-0.1236153787815988,0.9669071455150342,-0.8732095642844283,-0.17235006895359806,1.0795925936438844,-0.5886628899216062,-0.4205960407763854,0.5172963322491473,-1.2240235805425592,0.09404958883774109,-0.7227975838885686,-1.2785670306014254,1.2050038697027543,1.9699464826177322,0.7536845787480597,0.9054450884629204,2.9993603639126594,1.4291228567081593,2.143664854204868,1.3622196108661249,2.0966477750062538,4.593535288906463,3.268803477231253,-2.1783832053174685,-4.4164026307329936,-10.124820308594154,-12.172377854016508,0.51092465038026,11.034177580884743,-6.7772511155059805,-115.10666118109035,302.08476096494485,580.386537906573,277.9559052977113,3.734763528798469,6.090646413195421,-41.54745591596202,44.1689338094515,-216.4928185142996,11.882369436709716,0.0
0.3179458180007238,-0.29174371746697053,0.6629438618926836,0.9984177241934821,0.021387937970604218,-0.049802096657671664,-0.014978494389458436,-0.27841446214101284,-0.05300217475420819,0.06514774765339311,1.2388494462298854,-0.8674228264955843,-0.20317504422022178,0.07846887190270907,0.1542842562120643,-0.06548286734994614,1.0346263639294868,-0.8559145969167798,-0.09954936165663768,1.1270207314579808,-0.6469956077017142,-0.47515377621409227,0.3000558627699807,-1.384550860121185,-0.05191378323417223,0.743630579380425,-0.3271659095873116,0.9072340607596465,2.37570469226011,-0.139188934035942,2.652712272317587,2.3141862015958794,2.370452928850823,2.743066505425073,4.042635881356704,0.7200600787304682,2.987732075457605,3.5230426753227535,-2.005032820866036,-1.4805291826830966,-6.57567589823352,-9.654413221152447,6.907191261181025,59.83979257673872,-14.796386708331848,-129.35940342702492,-19.548417544556685,733.1090096576535,-158.50341987567322,10.493637749771896,-3.869934995203905,-65.56177397036257,11.950003279251668,32.352127015525575,-60.9388016262802,0.0
0.3402564081129226,-0.3053840242852324,0.6534673132684217,0.997612490005525,0.0239410544982283,-0.062180460204617476,-0.018158636050987737,-0.24261507841233584,-0.03684048450076897,0.09636758478398394,1.2673318841648014,-0.8885915054651834,-0.13121371455193234,0.1046232919126212,0.2090430518220258,-0.009301703606160946,1.1504769379482453,-0.7777253694561508,-0.03134089661183189,1.113015893302508,-0.7094181467745547,-0.45424427212218804,0.2671226414419889,-1.1417214237956639,-0.2921895336240035,2.4074067978104945,1.4642258290482058,1.588753389107591,1.4265447175032369,-0.8452754220399931,3.991189462645388,0.9153807547321385,2.6738409203785682,2.1758219298224457,5.857334718428231,8.22726024935948,3.5274251143498505,-0.06953876712723889,-1.7658571640326985,2.064172452720517,11.231205251640834,12.292163671551819,15.717138076301483,43.854202165412204,21.904434232854474,-18.23350066556261,-19.941350302451852,0.2967181268130634,-57.940569973335705,7.310479933638085,-39.302523187163,-116.35645546770984,-178.23231676026313,1621.1525565696024,418.80817585690704,0.0
0.3585508458173302,-0.3198638508570091,0.6449727060596171,0.9972329502275086,0.028001387263962486,-0.06140440146176425,-0.031174745756089518,-0.21326077586648945,-0.00041967226531137254,0.13576458759953727,1.2825788142357335,-0.9070100567518299,-0.0603797355792652,0.029465627667085763,0.27238021334766105,0.03753487811546457,1.3667526145756914,-0.5594554406760949,0.02554281273813179,0.810424130132087,-0.7361892418615442,-0.3809480743928169,0.3760079180009769,0.7496666009278395,-1.7635465910892711,0.9350009305354869,1.6419535085048462,1.712990176048883,0.21365294935766938,-0.9117311798755211,3.170796966677661,-6.050707649399234,3.1248185922974154,1.6696205535785593,11.420978118897716,12.382457804237669,2.727747958824086,-7.626129229240874,-1.5901796789684417,6.208344513326335,5.855463520634368,57.90917054745035,-22.693949404673695,-42.1294040446023,-44.95481179711378,-62.188601318988056,-57.943344447138756,7.772896577053376,-41.11439914465907,-164.8768285108872,-24.474707767052323,-108.04767800688674,-132.35743588671522,-89.20306589990203,-44.503867302004274,0.0
0.37524913090363127,-0.33567224726962264,0.6402098839681276,0.9964479880813223,0.03033360361990968,-0.05479796911477703,-0.0562890941569691,-0.1747148650687093,0.057416994087885774,0.1914507555454432,1.269531611898216,-0.9236763031866815,-0.01983780343340432,-0.10017366973224066,0.3070710101497368,0.056082193644394,1.5409140815387388,-0.6392878099256429,0.12640957218334195,0.8521468178689631,-0.8305480010260377,-0.11837984788450374,-0.178955544307488,0.4633027112693887,-2.9567681231148857,2.400864058605035,3.3792320843921497,2.7844353609553365,-0.7961000372256872,-0.7858922802483456,-1.1258832118086197,-7.010853895334352,0.5743305994804501,0.2555004479423399,5.920469857181257,-7.229736059216068,4.727720087004068,1.869025913278519,-4.224014953613286,12.310599413306942,-26.422926346168612,-13.783725238188985,-32.70517573872356,44.86039983997777,24.003111544737493,-25.961193981059026,-20.358850185549947,24.798754216510304,-218.11894127148827,-70.03596285207472,-122.08593738765757,-69.68552696575773,-324.657467154157,13.14539603016718,-90.0978183836561,0.0
0.39218140791380784,-0.35317524445618775,0.6390069671229692,0.9947260320226702,0.026843506383368864,-0.04941943369895355,-0.08577451226533246,-0.13044575132153835,0.12792608288672092,0.22803955641428456,1.2687419276532554,-0.9279370533170929,-0.07624940109018599,-0.2617433639214139,0.28275052695976693,0.030126436203348844,1.60706575934932,-0.9216456581372046,0.10449562977543825,0.8455397477480742,-0.9109168335986154,-0.02691126241403641,-0.8064728726782578,0.35799046435457055,-2.932725441538868,2.178537173975023,3.5830780746323807,0.9903023553229221,0.5011179261003753,0.10991431328449758,-3.469350503175088,-9.052744878972717,-2.362318425488691,-2.0952717589480185,1.0978943312344298,-11.54741449976732,-1.8509018858252817,0.11109687340000551,-3.8971961269258024,2.3369308292655933,-28.055760576890897,-7.499899965628908,-1.0089975234294277,6.913257042812578,4.2255578214293354,-93.94714003635987,54.76735635985695,24.224971940061838,-36.04796370159536,-127.51111786305096,-99.53560571206633,-55.440345210408644,-236.5167856172894,1536.0132067962104,31.412341633031705,0.0
0.4070031766356401,-0.36959581948571385,0.6371631790675515,0.9929747677991978,0.025254605201444513,-0.03627446235552237,-0.10976100769885082,-0.12564927751425903,0.14616333109960244,0.18342584682901253,1.2868077923131667,-0.9116899855624413,-0.13669073841547102,-0.500806810643113,0.19079258733539764,-0.010269809820407417,1.6467503869252915,-0.9888599594079812,-0.0026175988801788747,0.7187924586056389,-0.779234876533829,-0.14940527709382545,-0.13753053002648147,1.5830628015364032,-1.9916174570084575,-0.39589648656198706,-0.6728550373129425,-4.105966743556155,0.6616997756427905,1.3500102661437239,-1.1142730241599177,-13.314743796381714,-5.866158120141121,-1.2199813416966525,1.725430117535413,0.00431714218810525,-5.165456604385574,2.272455396648575,1.4933330198363886,-6.7417453439658415,19.200728650287374,12.45705781936641,51.33981355215349,0.03573102767795788,-116.72996475812715,-144.78554037671464,-56.438384641575254,29.968568786146136,175.08550128278,-75.67574105965987,-96.95688964085831,130.48495517511844,-95.04821454001024,184.29021912026926,99.88035563811539,0.0
0.4241039123131669,-0.38506799643075434,0.6338029738364189,0.9917392708842598,0.029693161368097278,-0.02594159581446678,-0.1220596917926797,-0.11144952192407809,0.10638346431692716,0.08502619972140453,1.2759247775548905,-0.870359906340909,-0.19119067835518633,-0.7247531421794692,0.06985605326893717,0.019199884270579802,1.6182648457781612,-0.9676377919346764,-0.09690594002454027,0.9642836777219884,-0.7954932064033142,-0.19068210441676092,0.5158653315679871,0.5594457288354209,-0.6740842230192641,1.6614773960897835,-2.3433320983854924,-4.7341755037829385,-0.7793014335939914,0.2793067461347268,-2.5106877206291545,-9.462730014677218,-5.9928899581691795,3.3628364813602163,-3.1989305787764297,1.307589101748425,-3.9985275675337766,11.746045660952952,-4.851620191852703,-3.724674405078779,13.164372360359886,-55.81911130222359,68.55755732392329,115.80201790731296,16.542056460062476,56.12267989321874,-49.64695605733237,-119.4418039641753,75.98995387315884,189.87599003570804,23.982667209918645,179.32282578051894,-126.83261923034972,-5.378047673116442,82.39022794975732,0.0
0.4467732930338788,-0.4029629924376699,0.6311694529928935,0.9907724955156939,0.031369629880810365,-0.03145046043124827,-0.1280495099147524,-0.03886173915291127,0.055339961864785375,-0.022656877941614983,1.2504828027932933,-0.8579089277948535,-0.23839330700038536,-0.8239074337724644,-0.025216305511078767,0.0616298741297978,1.4770668311011044,-0.8777492244975225,-0.16301057836809407,1.2749181370479696,-0.9871114744843345,-0.11069721897268119,-0.019243598857757963,-1.4373502176089115,-0.5797112182768382,5.135041477059438,-2.227574618238461,-5.335981619648761,-1.5209781831473677,1.246694732325206,-1.695724001079475,-2.1869917472853864,-4.015729634747358,-0.4706413571462097,-1.440824311549136,7.831216680231488,0.1066365633282943,12.858978042013195,-11.198792580213071,3.81259610400644,-38.295906717662774,-84.93401713751999,-13.989323687728945,137.65519694467332,97.78764392633279,63.978491866018786,-14.736031184370843,96.79112356915265,51.23193133149028,270.9801422112904,129.9713194212685,-255.44805695923372,705.3004308554332,-213.05384457900016,41.46437954284338,0.0
0.4722852524964791,-0.4233424460476231,0.6316335839276375,0.9898304724322651,0.025118653904141516,-0.04712812958593573,-0.13184698886320775,0.05122398855040289,0.017727291680296523,-0.11525678457013284,1.2386958450873005,-0.9048425775503717,-0.2683012924245708,-0.7953472142633213,-0.08680577814709331,0.013630607326554252,1.408187098581623,-0.42772257417841353,-0.14810060030853506,1.2441168960457298,-1.0575307154343399,0.13082195242965736,-0.7970409916247715,-1.669537500137926,-0.2610867272641368,3.63808340690361,-1.1480078223078405,-3.3748707472977184,0.13838273438836352,-0.7984549410579641,-0.7800523745672397,3.799274770088212,-1.0249715664124808,-2.6729975874762446,-2.2952476187572763,12.056693950029132,1.5707988550903569,-7.932617367308554,-4.254938921947944,13.349520853468972,-46.258960475665035,17.57818482320321,-11.816714884702417,-131.83974841143828,109.37614400119554,184.29828965154678,73.6589581738049,138.460294310417,107.73098639739722,149.6803040547685,314.3719628697879,37.728128385341684,342.5084346629273,-2328.5926583402834,-59.883269583091625,0.0
0.49699209459293475,-0.4450445826190588,0.6375618715024733,0.9887157831093787,0.01272023496076255,-0.06422575506334299,-0.13473807271701485,0.12790177928613897,0.007934979145598242,-0.16413448355190408,1.1696802877640677,-0.9055666622983669,-0.2735022040885519,-0.6867094980872425,-0.07170780952276928,-0.03157613544292832,1.385922705036762,-0.4458401223170535,-0.12278976102534839,1.2044228750574393,-1.0802154956199004,0.40790782838228984,-1.117461272259601,-1.8657512185915732,-0.008391912575895943,3.282232135510131,-0.10673425222485322,-1.7415571173160522,-4.810591711279292,0.24223119153580835,-0.041968090999369115,6.1685328007208495,1.4855062742285865,-2.0785145321881644,-1.096402038628354,-5.770159111840836,1.0550806949357774,-4.713542922209048,2.563745419298809,10.323588799787652,-5.039353904077754,10.998323600181365,30.653048829508286,-108.37543461632548,28.92600752796488,76.06626448839792,-38.74122333667281,11.772848758737815,12.603700114541946,24.066329688735486,23.73042081358806,-1.2887465345234836,-21.477847405137567,-158.83888079211792,-10.494011017066978,0.0
0.520499412943028,-0.4648596151500363,0.6473288848376008,0.9885149805576794,0.0037881227585565753,-0.08191189205732534,-0.12694181847841587,0.16320100408573412,0.002106305779534529,-0.1765739364285185,1.117209540479395,-0.8994362688490526,-0.27492567179861055,-0.5644343199288377,-0.0675197759565784,-0.08750113718572058,1.3730386514334139,-0.5754497434591171,-0.24496789251547904,1.162031728179562,-0.9238792523616949,0.5543797020873047,-0.14829085214750765,-1.8818152173746094,1.3939276349941663,0.7789577409729981,-0.23970496871577168,0.4134390884358489,-0.6049908222378733,0.26113411639311496,-0.05380938800718919,6.327948926870842,-0.45009891328974294,-2.7534863387681,-0.9698865257100433,-6.063375325146439,-7.304218632939139,-0.0020700275132941384,9.34876467086172,7.384573841846857,59.231719890928474,-3.5661935937541926,46.23474797137827,-81.34695700617213,-78.87999558655822,92.05266052201074,-79.56688644283146,19.028727388155538,-17.14965300474131,31.07980148930423,-63.994115823778785,41.797262867658375,-60.89763390055777,84.23922755179261,33.50274607670828,0.0
0.5421081821373734,-0.482531973662146,0.6593096248445378,0.9901502914910655,0.0002582607687926467,-0.09647095168486565,-0.10146767486520576,0.13218078375820755,0.009443478434274018,-0.1552691616139203,1.1207943886048257,-0.8965748948339012,-0.27253430591918093,-0.43649896756075407,-0.08874868152530314,-0.1471825137743243,1.3299689777394677,-0.6683692344330973,-0.3072395522494539,1.0263332087472445,-0.8433764972830227,0.6217531999840175,0.2725377296113753,-1.1559275521577446,3.3271926618376075,-3.135505556244758,0.48902005374318935,1.4036428661423668,0.3816844917715643,0.08327593323356498,0.16471251973270404,6.3527039493091255,-1.4497506405089315,-3.0848897727801545,-2.922977268273672,-3.6141168701668915,-0.536098687943825,-5.115737498336693,4.936731525453393,1.2122327285972987,28.35228200340023,31.2613812319601,64.6219649815004,-149.3118042732922,-16.41762271246795,24.389728629653284,-10.163351826964107,-4.393741208964185,-0.07290284853906126,-17.775424696441657,-31.532840655539978,-8.60084256253081,-60.71144554778573,99.34823794051132,152.49705133229506,0.0
0.5616498269416833,-0.4988791664197919,0.6719089655948965,0.9918172081063283,-0.0003804313420625238,-0.10413459723895939,-0.07385436096835266,0.06129718300296441,0.0120758247154058,-0.11125830557523886,1.0872531927249016,-0.8934257260610948,-0.2713355084472442,-0.32693724142906627,-0.08802632488783337,-0.17777853120515713,1.2603858015902998,-0.7130629798395095,-0.29978475726637516,0.9277273355823411,-0.7989319429420914,0.6174139016368657,0.28670719085999286,-0.37978813891926466,2.4019770329624834,-4.048916253991397,-0.34692913864249425,2.4003214090972076,-2.61989705556346,0.16409690499951113,0.01643529381884372,4.696831574290141,1.4357748220845343,0.1169048531652388,-3.9269162019380883,-1.5404772348671836,0.6337958656331035,-5.445056369958509,4.7265571756409175,-2.8969742441017856,9.580996566376639,42.18969221078745,-33.1162742564681,-64.01559327363552,-92.26737028268442,-16.25498902035004,-56.6565631892622,-1.9600969771918193,-2.460601617445695,-131.57156571487243,-18.91451604580518,-23.671846235285493,98.2904552379909,181.53933986724627,8.032832716630368,0.0
0.5800308049378304,-0.5145923071625613,0.6837806856870613,0.9925651995037663,0.00032570564120537333,-0.10642204406605528,-0.059064093886962744,-0.012079616988546569,-0.003188308095360616,-0.06543581945739786,1.0717127199278982,-0.8678771265291015,-0.26448792325760695,-0.2498275838336561,-0.034909169908474896,-0.14167991350962228,1.1844145797936616,-0.7233026714258566,-0.2816893511449999,0.925713341784024,-0.7707305049965764,0.5781828856686917,0.2561811414972997,-0.133553132261544,0.7136614088460289,-3.0795486326938337,-1.3356936699387345,1.5283140657647953,0.2543206775063016,0.39268371940368985,-1.6073626364163507,3.3455610611638753,3.3657031144465015,3.021203741427094,-3.7116827769630096,0.07956407020814238,0.722527836422174,0.938233918916041,4.938778033126472,-0.3958129935049288,16.377082727240694,9.507542321674991,-75.36132721950669,116.6739989880596,-36.557844538900916,114.64146264526454,-433.10044183624336,-916.4493016279106,-429.9761941058675,-75.81384831512494,-112.40367165610849,-107.8250612473622,124.51088191001524,144.89367442124342,-25.94688342252805,0.0
0.5989998952114454,-0.5302965979784179,0.694679531792178,0.9925110946309713,0.0013315571181238299,-0.10844880296794515,-0.0562033017258928,-0.05755839307262649,-0.021559023669077682,-0.030618431912747723,1.0651462884248744,-0.8549849116434487,-0.2679413379213486,-0.18620592555247434,0.0384078606163569,-0.06225287742119558,1.1139472093381435,-0.6979461736309512,-0.20072516723564005,0.9570402819916647,-0.7917635410277732,0.5098462056501663,0.08252340424690773,-0.1922314933855933,0.028793795000747545,-1.8132220823157206,-0.7568466923560772,1.606034638258807,-0.4836125282218692,0.752930177804128,0.13201099829699986,2.9293037489525138,3.549468429912769,4.018781378673708,-3.163899950447566,2.155651404422139,4.2551565519729,0.2866199485908981,-0.502433242482608,-5.399386358075051,-7.367848448395629,4.269423239047274,-22.373969905386122,-10.175349289205904,-37.70763828589245,-197.27552494884196,391.96743333923484,628.6316538602287,33.0395931273101,-43.14404472941054,-45.35794090756493,-63.78004174430839,77.92666847689352,99.38351761777199,-53.11185723393417,0.0
0.6182349480940921,-0.5463458574685106,0.7032713663353132,0.9921349876908351,0.0015313684029196275,-0.11113368492463024,-0.05757712380445987,-0.0858406182043791,-0.020860935411892535,0.016461498119177295,1.0533307622806773,-0.8596054034211391,-0.25931807226869513,-0.14279097224681936,0.09199068189691699,-0.011485798600588126,1.0937548544902134,-0.6065924809551289,-0.10652369491291067,0.9654058508099446,-0.8099111597947617,0.37507667173882864,-0.03642693022954222,-0.3373614961313847,-0.21759284212728713,-1.0418854707689427,0.4683632851121753,2.609977730047371,-0.9933608231641343,-1.0966403016775477,-0.4137130738792238,1.602079621870392,1.9291680558589173,1.1401352642295342,0.31684363887795625,4.856743713866042,3.65091452335235,0.1022421671625323,-0.8683845429753018,-5.010989383716876,-6.149314135926118,-6.747960049847622,0.48834919712290903,64.95512566682463,54.78511573110333,91.11581357566942,-274.69276167731806,-356.1209688934599,-241.8466133787636,-58.7821123677992,-61.255473100203325,-152.14210727843212,123.70824488951769,-93.24259390116174,-473.86957539573854,0.0
0.6374623798367309,-0.5626569810345795,0.709221527345772,0.9912323814087716,0.0013828370991297075,-0.1147848873776302,-0.06542846045840517,-0.0906920173190923,-0.013053368534198112,0.05626929811673937,1.0250938990969956,-0.8197658741053714,-0.24887673853284248,-0.14174974086678466,0.13834115033201425,0.017843427815725604,1.1562606053853415,-0.48803330312810367,-0.0858350299160963,0.9681106012793568,-0.8251381529702682,0.2430517698026503,-0.15392368197648637,-0.45470040669882245,-1.0526508165997586,0.325237108850487,0.29492132907969787,1.2317039828626626,-0.9779486417670094,3.1956515883752648,0.9155544969494447,-0.7373717363089864,2.5581494215538636,1.4788350010826927,4.438630449869392,7.223156202523556,-0.6646817559388964,1.9120331852639512,-1.4420518142554424,-5.205346063237911,-10.532135388825036,-14.439217361344964,-19.467193592531277,53.79672285034097,-16.048938689688832,-123.18542615330699,191.51657954210557,158.1839591558677,58.33019541320898,-50.550408711750016,17.238271767226635,-21.028910620811306,79.65299991721146,142.4032693193687,-105.13994032110186,0.0
0.6550143602582028,-0.5797583147740342,0.7114217635177611,0.9903860829580473,-0.0009350398573123522,-0.1123914632741272,-0.08063926690254965,-0.08157190640606797,0.001583088433847951,0.0583549364328978,0.9825268798356029,-0.7083791520760299,-0.2229356506793568,-0.2087958453176494,0.19236493035321367,0.026601364571727352,1.30062443030643,-0.4685427799217762,-0.0971606213880224,0.8261271619146445,-0.8901178725789779,0.018361179138809445,-0.7070240825671056,0.6122469905528575,-1.6617853909474938,0.5868697055597217,1.3610551850111823,-0.3462703053531833,-1.698472502709482,6.155131855287544,1.189528890620623,-4.792259824739972,2.82668136051095,-0.552772907652942,7.494087754919697,-0.403821139965011,-0.476272800004185,-3.852264768879629,-4.145997094699,-8.499687889449255,-32.256921904667365,33.25880858338593,-7.6138274154961465,27.88583927221672,82.46010439773758,3.3799339402823287,58.52758604375963,-101.52041206960763,-61.2251264077574,-110.04319660340077,8.717772167815344,-111.8109465525894,-95.04210030527183,-21.6825543716235,10.878554465159311,0.0
0.670726999889028,-0.5967571911645572,0.7115672913739677,0.9896314238424411,-0.0038075089387463036,-0.10231546930635607,-0.10073079251094783,-0.057086624333535105,0.022920967582668195,0.03476490607708886,0.9333615543566505,-0.5728983330859504,-0.2033540657996904,-0.3343780008662561,0.20242826538200878,-0.0061570969136837735,1.4388169194982157,-0.7796514168834231,-0.17332962409582642,0.7531675305514232,-0.8165293285415677,0.021891243559904777,-0.497834399723296,1.2346431432670608,-2.146241072362952,1.6061286266232075,0.5719919129994779,-1.8610077745767841,-2.2533171803359484,-0.6708577790502064,0.38909572331752945,-7.4013415603305,-1.1232047348231855,-1.95004468244955,5.26001204219088,-16.978412032215264,-3.822873634218612,-2.6459268602285433,2.74362726003729,1.9314827090597297,6.687614691992327,22.59783618477493,-14.520968636754043,47.529188170682446,-35.513172135866135,-52.530418622552745,-35.811141551785624,-527.247315529062,-109.25336000060156,-106.23713728237364,-148.76982015629733,5.944270974637607,-237.7870372523994,219.92017988477684,70.78476660548077,0.0
0.6864889191716274,-0.6127046710940751,0.7129597472347261,0.9885547006091868,-0.0022367467721377396,-0.09142966117106756,-0.11998007303507352,-0.016140125050907308,0.014626726953157207,-0.021651870881236438,0.8872699327694654,-0.6211737835352161,-0.2152061623060806,-0.47955764134313456,0.1627402492012879,-0.03635324283558324,1.5004057854599417,-0.9836870946189866,-0.28988617144474593,0.818988994209609,-0.8017192845224221,0.1134718467117358,0.08662387106925612,0.9245772406587017,-1.6755466493381552,2.0543933997698094,-0.3019421874686197,-1.8961487308379983,-1.9285438147236673,-1.9112229095747848,-0.0762716892738774,-7.031900991101869,-2.434622246995423,-0.9071409609045069,1.404610368461635,-2.4915881677516776,-3.7576063087862566,4.5019790322165525,-0.8431389895547506,4.314973120527802,25.68467758511626,-24.119663570583036,29.1153519407286,20.57526706046043,-18.009778699887573,22.66474197079216,9.061077803042998,93.36226962685015,15.294964421241414,42.26068593918044,-37.19009010906772,86.4670138722947,-158.3327285814566,529.7232204937508,526.5659350806253,0.0
0.7022749308221744,-0.6282674211945547,0.7152540362233082,0.9878993052784607,0.003291556989651746,-0.07996398004830384,-0.13285288923374505,0.0051613872001173774,-0.010357476613780215,-0.0968308687438065,0.8737930501403608,-0.6369952954392999,-0.24658175123971676,-0.6160792388010594,0.10293407950114344,-0.04283111792657567,1.450447369908214,-0.9753224277871283,-0.3098412563716493,0.7808789922321003,-0.7632451726773255,0.10498414930019606,0.4754601000906835,1.3306962991168256,-1.1864810415913503,0.5870401012382187,-1.6211989617640323,-4.120229587906393,-0.10621993157467564,0.0796789593090694,-1.7486380158486934,-6.607867678851014,-3.26131860165417,0.2426183845932941,-4.6602143775409015,1.4151059952217648,0.11036677306878635,0.3449959947330066,1.0353609592271167,-2.064739490530433,21.1835660917892,7.081396028937128,6.987893406479207,-29.939639102078957,-6.9774118872267525,45.20755232461285,33.71051573560274,78.87123466413713,1.3026246132413768,27.51536251751742,-14.059119849633696,67.48395162063001,-156.05144398342054,34.62269413687886,58.52678580632906,0.0
0.7186058149331346,-0.6435581225938959,0.7170497924316365,0.9874879346692925,0.010491051906630305,-0.07122149476806496,-0.1403032978781,0.005341310326819188,-0.028443921433524966,-0.14088242429665765,0.9042495816301738,-0.6103794547201644,-0.2826959264457322,-0.6962838717478894,0.027042935746380156,-0.045546746966610055,1.2486130705287972,-0.9402330073767983,-0.30419081998484093,0.8593738537052309,-0.7583626341034834,0.04681996405473377,0.6906738835959474,0.6098820187141558,-0.6167772783117891,-0.14823420411615973,-0.5776287470800903,-0.6512316590774769,2.290309083368076,2.27841096379227,-0.539655528328422,-2.327832080467946,-4.0786656246554305,-0.22010791348656714,-12.144849525347313,1.6614495888765475,0.31490532415573524,5.820573576428656,0.6863684285360875,-7.150070374255675,23.270044996983728,-41.57072688012876,12.652593061477875,6.968056309885424,23.21122518693579,154.19604523827303,50.26464945976043,73.33620061206278,94.18514452794962,146.44638088422855,-13.8428387379874,13.892490713172613,-42.3053294961142,-28.624622846875628,-2.159925594995922,0.0
0.7381009072216853,-0.6594895278502952,0.7171313018119522,0.9860391519946478,0.016735076265154195,-0.07584638463391342,-0.14728901484510337,0.02475862882290069,-0.04868660215788365,-0.14424268844179194,0.9664708699504686,-0.6464937916648892,-0.28268441536850825,-0.6731413635477761,-0.019848205476236752,-0.02511362771169333,0.9433238412138636,-0.6656107077564283,-0.29664542680458406,1.073110014695751,-0.8179655707406253,-0.0634799821912418,0.7135810556509617,-1.1495565479487893,-0.834842881623625,1.8827867989535176,-1.537477303027874,0.22434399666580543,3.2415557591737905,-2.455608910762074,0.19036748231984027,3.2234889196911802,-1.2924036105296994,2.0600483104911844,-14.980619849104754,16.42730340949583,0.35713190053169497,10.745576911287325,-1.7838644825277004,-9.796213084758914,15.599683482193605,-78.29305082623377,-6.8488317812244865,94.80414274900043,-65.54006683204271,44.964273088608984,-17.57081217190178,25.215374935873292,7.352860225131197,159.68540987740803,86.26880958785698,113.387237272731,240.70704117647102,-193.65385212457107,-5.9847419299225,0.0
0.7607618881074459,-0.6764334503807495,0.7144709114603167,0.9836768858583584,0.02289015428364409,-0.09261075643429592,-0.15257481069148074,0.08137041693803977,-0.06699235409980925,-0.11967929608637229,0.9752494387951981,-0.7599418786374418,-0.2770386020167422,-0.6020529929121566,-0.05188492468427401,-0.001574714475394098,0.7394528888782069,-0.30919763830035646,-0.28978651703612923,1.143131953073421,-0.869729946593133,-0.18146124889394527,0.8193436776463275,-1.7786339694034594,-0.42508691607119586,3.0548549203423274,-0.4586665851159436,1.7485616714561567,-0.9681527376972994,-5.733833494806327,0.277630276844256,2.8514325155704543,-1.8352309491825098,-0.8678059694940387,-3.82094861373722,18.023462804710046,0.39750033748278374,-1.5203751352846986,-2.8648642835784464,-3.7696569942819074,-9.723518796815739,-10.26517705369292,18.187570491619322,-12.231148255052414,49.73476175505579,27.033402114068743,-89.70982521184649,85.46593727037632,-4.393671471194451,-62.05798881352295,36.211990225611714,-117.39069709615086,529.9574842721167,-298.2034306113324,-4.76257835181501,0.0
0.7826366499411787,-0.6944261228149861,0.7095367294598565,0.9813927023390246,0.027164273839191386,-0.10998829387375783,-0.15502593729191347,0.12793480676591515,-0.06487386170362366,-0.07859083560207908,0.9518696295997213,-0.8526419451408898,-0.27322594261667266,-0.5687630429140369,-0.0665449315459629,-0.010835929406821118,0.7673471367539139,-0.13196122212285294,-0.280968663629909,1.048859205415792,-0.9222874378406173,-0.2855414275302495,0.5153550497517849,-1.5634209280445477,-0.03374492576950319,1.6269568610239127,0.39695042385201096,1.821598962154758,-1.0670318512820287,-3.790760096694804,0.1350323412241667,1.3309981827892534,0.10442346590727838,0.017251371694604056,3.046087034711918,5.561528768703387,0.3718404097581104,-5.157037718965887,-2.255945804756755,-3.5536963086264852,-17.882827637865393,12.975840094933405,34.94988534596406,-84.36704798327483,18.660608591419216,-59.22679347444596,26.882514554744255,85.74184120116261,-4.994585095155326,-4.1319467210263205,82.28200190601287,50.44458804857023,52.692429823672825,-169.5627644159238,-11.065814535561499,0.0
0.8023921615545115,-0.7129323726234512,0.7029423203363819,0.9802737919711431,0.02847287887372668,-0.1239196091403233,-0.15131595558191577,0.13851239735611517,-0.05295952082491436,-0.04874887251061639,0.9496686030535675,-0.9049475955962807,-0.2724227279499607,-0.5469459600480573,-0.06001937146905396,-0.012028825331241668,0.8408710080471843,-0.07092713071205031,-0.2756064062951476,0.9447213243908753,-0.9277112659643335,-0.35652302281179465,0.2950827577204607,-1.207276797338298,0.7005067038513425,-0.22192610908601268,0.6450980574261921,1.0195744086637186,0.311162131264196,-0.6165506827306503,0.0015165389358807162,1.122687303090564,0.46779389687281814,-0.1627458760733237,3.58051148316613,2.3191593063746043,0.19348647966156873,-4.286889109930166,-0.2529800923689127,-2.4959970377063705,-10.122337470480987,13.331644336826134,35.74385772289105,-71.21344208824492,-1.0722847596410316,-62.582306768411605,21.82540899749422,140.38849137598424,-2.0859406565797998,13.823289721715867,13.068145896905673,-14.882336745218488,-36.92547528431565,-22.814981192118175,-6.845308029391243,0.0
0.8201830677703084,-0.7313527826553732,0.6964012561562963,0.9797418617595098,0.02677738742153788,-0.1347240826410159,-0.14573358362238734,0.13193317922725048,-0.03909617494599988,-0.03752440051411048,0.9353551527787569,-0.9018271235356939,-0.27229409022268736,-0.5310906691351098,-0.050573504748336294,-0.024673624287206906,0.9307373058820299,-0.12306732154280016,-0.271439287650214,0.8406192497973413,-0.9196859601589158,-0.2999719422507437,-0.14744002958919306,-0.9619257341658961,0.5441844481167369,-0.5210309521260486,0.7699833135156241,0.15782256560912827,-1.1671595030151223,0.414550870096935,0.008231746232071843,0.8033978977677187,0.6007129221444054,-0.9593740183948252,4.381650969219382,-4.299286440573954,0.19065625045418363,-5.605891374432545,-0.04360829595312371,3.0789693996224488,-25.152445151688205,12.755055787086738,-3.1917594775166327,-28.032070908065265,10.667569367085893,-43.92066670535168,-22.84996860951877,8.252924047467532,0.08142495837139202,15.88054491286372,21.442288928308354,-31.781764323006957,-58.34364363233543,-58.999290591936656,-3.4459107470459025,0.0
0.8355183453346328,-0.7496282113304806,0.6917906128185115,0.9795969956908107,0.020947480370458783,-0.1417080161994275,-0.1409601619057334,0.11262574446427903,-0.019333617451224607,-0.04172676671152966,0.9370639053687517,-0.8801055071662407,-0.27094213171897374,-0.5091811369925917,-0.03524912336688991,-0.05198474222601336,0.9953448588911887,-0.2038007870068255,-0.2711084436052994,0.7226240946967148,-0.9129552692419333,-0.17214038682996446,-0.5995124674531711,-0.6591906613257928,0.46574237370269883,-1.1214993626855514,1.1786835540574716,-0.48150280808732127,2.5360760754336096,1.810167506802899,0.11952687347513496,1.3842716711198244,1.0061203320050152,-1.5397197449071558,2.3091460722357575,-3.588949049388271,-0.04662977484343419,-2.9195177351186556,-0.01734769340341449,7.602110665089582,-16.88837413524281,2.890336059505587,-25.08960110093502,35.33855983231123,17.474525143108167,-15.418889890390368,184.1444609143179,-48.92621255603706,1.4475476111483538,39.23812757451382,33.398399877460044,-1.453208395611023,-100.0818643359466,60.06485035983516,-2.629180528901607,0.0
0.8491909969260322,-0.7677395261699039,0.6900438146967467,0.9795337956634864,0.01258600716125775,-0.14623118997157766,-0.13773733936851612,0.09562773708052409,0.003673115650885158,-0.057537833729692914,0.9862763274639987,-0.8783994691331835,-0.2689308595802795,-0.47471472274942905,-0.013475976134867647,-0.08657914059275897,1.0216025787395144,-0.26446172992520317,-0.2738977476238989,0.652103756496315,-0.8939854028163563,-0.016880763544413056,-0.7452248243646485,-0.45632787565720867,0.39179789540554,-0.5141180789229374,1.0398310818541134,-0.9230146284701142,0.7346659400521266,-0.8864295205274435,0.05479486814449222,1.9215237196340158,1.1622779714763651,-1.750132202052285,0.5692662002204736,-2.531622250863802,-0.1553361226220857,-4.080139290623951,1.7591433099927658,7.130202825913613,-1.0025325149868491,14.927373192770006,-3.9970884004023275,18.40135216746682,-16.645841614015392,-7.708713569146796,-206.8291595669015,111.14016214020967,-4.494532846860817,10.804221517001572,6.544620313145334,3.0572524444759974,-74.0561702588198,56.53780007687378,1.1676436406191455,0.0
0.8611401805872076,-0.7852248870525624,0.6906623034361211,0.9800247696637728,0.003868179333652722,-0.14771997403968848,-0.1330988253285032,0.07548116344998501,0.02272305460814833,-0.07548350728570698,1.0040423866528563,-0.8837783348957692,-0.2685984049129023,-0.4362151038843628,0.00736570244375275,-0.1261651729396345,1.0208854936703617,-0.3059872393367456,-0.27766589886889026,0.5611650893296312,-0.8574042616731216,0.06861027809232798,-0.7539851392305423,-0.11533412856114457,0.6596004640463312,-1.260485648650819,0.8272993073060495,-0.8869780891203893,1.10654997597255,0.0023664071834384303,0.008798251579743671,1.91111813545965,1.0173926225073235,-2.0110976130292713,-0.46937896599204276,-1.7141419680363112,-0.1779391109506646,-3.3585532160738962,2.1420948276841796,4.539529817029534,5.685088463418049,12.985424737117992,0.5262813518765475,-2.1400113659324393,-9.116670120205969,47.205523961705296,-113.98464691030252,6.52720137092758,-4.335490509996968,-1.8167202990614766,-0.7334934537171931,8.55698345877928,-44.14426829699695,38.69181349238012,2.924550748426685,0.0
0.8717676688975032,-0.8019314172856712,0.6926060273195928,0.9808992579757587,-0.0038522818921723307,-0.14684513526518075,-0.1275080855310022,0.047738314390833585,0.03674750437908261,-0.08575066653446879,1.022970626144673,-0.8826162155049363,-0.26902555581023374,-0.39914958118336763,0.02669549220308286,-0.16526897600708929,1.0054697710717555,-0.33514036496945215,-0.28121956029562517,0.5120105453663673,-0.8156299988864745,0.11767943157008375,-0.6071295575689489,0.07673829890681222,0.6218193509126053,-1.4293753802269835,0.4443408050027164,-0.5316968907932471,1.1046399612533087,0.09736990343194593,-0.009910842759288052,1.7880129548577757,0.9578046428672282,-1.8117588777887144,-0.9710531377866716,-1.245195884880807,-0.1578641558602383,-1.6038112003991676,2.115324725988286,1.5107683969414276,8.515170796750056,7.293579580101858,-15.175692572149421,-15.607695078628096,-72.23261278132958,-154.02690531272884,229.4382484521875,17.47313215979167,12.87952102724281,-9.746472297934387,5.9179183699955615,25.122314204551206,-16.53753922965408,22.861927810821904,2.8660269731632058,0.0
0.881560786154027,-0.8178484519690281,0.6951686309681253,0.9818949689231654,-0.009638651108702802,-0.14440914391514684,-0.12221033328599819,0.017516386061654055,0.04457676991437523,-0.08315794004501974,1.0388361391909546,-0.8817577036986511,-0.2699884358581714,-0.36569674447613376,0.04438183040852145,-0.19996597060444243,0.9832826460515967,-0.35743213468106855,-0.28399466656496997,0.4745336809924018,-0.7771523839277055,0.13425839577627924,-0.42629126926403194,0.2523877911938339,0.5879514860022008,-1.5200344808173862,0.2227382585626748,0.5236270126724302,0.49093602485488375,0.01792586289809884,-0.056228214367498704,1.5655029679422903,0.8173276805803449,-1.62026869197579,-1.18397841629712,-0.9807442469165503,-0.11765731994357306,-1.4530763308489942,2.2643007807322473,0.4372503407290252,12.105398686577582,7.799807216351075,-5.442638727454353,2.867541565058036,-28.180038633771645,32.137778571414664,-34.500778314061264,-1.5907023517305006,0.31291571594725776,-13.143420065322513,-8.393962447693296,16.003796400545422,-4.593756449082834,15.106478275037635,2.463664668320338,0.0
0.8908716885691471,-0.8330470020991145,0.6978396725237507,0.9828639688230768,-0.013260228556264677,-0.1410030751562907,-0.11798609208061457,-0.011709648585761054,0.042197967026288745,-0.07684829348734049,1.0536286587535675,-0.881022467376364,-0.2708447778140673,-0.3360987382816431,0.059105529542583635,-0.23005342240060073,0.9591395935176678,-0.37549708870787385,-0.2858976397778964,0.461466009076979,-0.7434767170197598,0.13205911574462353,-0.2399457603654651,0.3310488529740251,0.3655205158363191,-1.3246612205249768,-0.37167929630505975,0.35998530221242575,0.6296208393922204,0.03403820669863344,-0.03813199214778493,1.423019598586877,0.6099935120562833,-1.4162530003942861,-1.2226185346878529,-0.7166676998306429,-0.08309453859443006,-0.5082598364580426,1.471451316118172,-0.19450306177271662,10.31034338395207,3.472958039747773,-16.268242462896907,24.745733370935014,-7.905582786458982,60.796848389251856,-66.89541766311089,-3.8267696008421637,-2.7383755271186843,-15.550781791842025,2.58865780037679,27.327481429118432,22.612762871084595,-64.50727443388634,4.44162847745178,0.0
0.8999023481887328,-0.847728645665738,0.7003204670917249,0.9837601137692891,-0.01511126889361008,-0.13693072861876882,-0.11505504625610163,-0.03753425910024648,0.033423134752789685,-0.06329240661034713,1.0629703546142824,-0.8805196101378588,-0.27182236843572155,-0.30917117932266014,0.06842494258370409,-0.259401758165579,0.935773557035274,-0.39270852063502804,-0.2867861218102298,0.44561696969346787,-0.726377554234283,0.11535634384580232,-0.13901378002617223,0.4271314826070137,0.25357871897345435,-1.246666349499871,-0.6422211394223212,0.4973253657551583,0.6077139154401388,0.03656083873276243,-0.028006486094229063,1.2681083915121587,0.4028452728559687,-1.4242302609834299,-1.113895521995327,-0.9081621141613002,-0.02613543341913366,-0.19955379791345487,1.0508601956246302,-0.7137643225699714,7.392641568645524,2.837248809211871,-11.976258354794384,22.026790074336255,-2.45396738383951,48.67768935709291,-60.69225446397155,-4.115575588137089,-3.178039456442529,-0.8783558089178003,-15.728644646153395,0.2844794528418183,-10.90283194800634,61.30281434516794,-0.6817290235398575,0.0
0.9086446166972278,-0.8622354724532104,0.702381052952634,0.9846074463961384,-0.01595539181296185,-0.1321623039350334,-0.1132551428940628,-0.06126692211318249,0.02103346002405544,-0.046327811515244045,1.0698230350823472,-0.8800631889617774,-0.27263808971084696,-0.2854538274496345,0.07786978220235768,-0.28561755614479367,0.9129156221670919,-0.40744391813351893,-0.2867729610717698,0.43094923828830245,-0.7239989464623404,0.08993426598643614,-0.08643098959369648,0.5013545308205907,0.14077561746827627,-1.1809306483841824,-0.8119524616447551,0.5123498157746351,0.608574357580119,0.04329124049142896,-0.01016745993314782,1.0636709672921127,0.5833621800651971,-1.1330634948551772,-1.0978548911653117,-0.6400186239435628,-0.03203648210408519,-0.3917861704777736,-0.008006345795953745,-1.935710726974541,1.6668682447020338,2.564198105869549,-18.09772522781764,-20.2703981078036,-91.78948179724854,-281.4610426998634,245.77425025698153,15.54447476998248,18.000702937766373,-23.211782972260483,29.54577167511137,41.62698031074235,25.917806941543404,-43.47197401613791,-6.229287642799752,0.0
0.9171240884505458,-0.8767899862844043,0.7039075532140628,0.9853701625231932,-0.016167566856563453,-0.12687833691028585,-0.11263276705219592,-0.08308098196483948,0.005863934054899443,-0.0315907602168608,1.0761509956258322,-0.8794019417586515,-0.27293385504034484,-0.26682548385868143,0.09440776495716643,-0.30232768226666157,0.891106091956881,-0.41754975135315897,-0.2873500592366482,0.42063463600305423,-0.7282840842398126,0.06366510642547925,-0.04450851356478918,0.5421674561063616,0.02614499800575961,-1.0096105484854476,-0.8019182113690699,0.7158451488955492,0.20169129244408268,0.0284089092049331,-0.011809750179257963,0.8416723039224722,0.9357772582849476,-0.6523091918829957,-1.050753823255955,-0.45163997977169434,-0.05101624894214566,-0.2538898599853411,0.0918198575852127,-1.435384916638332,4.164604617848863,1.461933997442659,-5.096402468266951,15.562837973097695,5.784001425379632,37.35160707454097,-53.5329455838874,-3.1294550864557964,-2.4330671790708096,-8.710643784367772,5.3489507612512535,15.423783991416615,6.4163191022879005,2.1094025800805314,-3.57030726173183,0.0
0.9254763432749775,-0.8913786425846814,0.7049202139832162,0.9859559371435057,-0.015651626596682948,-0.12142271473946696,-0.11358891205415927,-0.10130961407621998,-0.010649707503235418,-0.01939049342700178,1.078576763587065,-0.8781336913639413,-0.2725720720000498,-0.25131055551546283,0.11509772821666439,-0.31142814803113283,0.8702195583460348,-0.42390629750621317,-0.2874014941986302,0.41624730852652675,-0.7292395466063621,0.03910856784349147,0.007936727825823936,0.5593326946262561,-0.1769207266465855,-0.7819816753520096,-0.7644870302678825,0.7878748453746981,-0.2032612458989156,0.03617104426957763,0.009633698319285167,0.7242962664668392,1.0724702253093994,-0.31906454643479076,-1.006043275711575,-0.287752468908277,-0.005708509823192128,-0.2996970366490458,0.12916036369351352,-1.56007406053748,3.798638848242598,1.7837645892317677,-6.346393879457486,14.097414044511472,14.515022854492873,53.57701538323317,-63.431843744785645,-5.56763422122616,-2.9139976737361057,-7.278647467396615,0.05125683424182146,10.265873145211106,7.159920234073539,-1.6655832430567306,-2.271234018088881,0.0
0.9337906292487923,-0.9059975471294283,0.7055055802983937,0.9861804513569329,-0.014373641100978139,-0.11600552748845921,-0.11740627493903676,-0.11475092932597258,-0.027166859405033647,-0.013144138234212984,1.0759434940563248,-0.872504179206515,-0.2711242473424984,-0.23759000621894508,0.13899480619217378,-0.31276145035415986,0.8504750143353632,-0.4294445526081181,-0.286217609172845,0.41497358437014364,-0.7310509265808723,0.020629531626222497,0.037885756339075496,0.5608810318004188,-0.5314946663722724,-0.523190900881423,-0.6907450852390379,0.4955607852401228,-0.5331491590590601,0.1216920680528424,0.05671478694189506,0.6402131294477971,1.262878856377829,0.11366044911169082,-0.9173167789541877,-0.43724225833709707,0.015454060178890566,-0.3873716521249923,0.0800714198678398,-1.1915867409785215,2.5313585520522612,2.0779343738080507,-10.670067561026817,19.5214390534768,36.56143781785645,98.14770378112578,-109.10992152657289,-44.74034568516503,-6.9805293149078675,-7.27688570776081,2.700500347178601,12.839679008627302,9.546676412401357,-19.505296079400075,-5.0943180875401595,0.0
0.9420825965706947,-0.9211610561230217,0.705727580466065,0.9857476580214848,-0.013417277105366122,-0.11073046006900635,-0.12593766947637974,-0.10979576762459885,-0.021774727575272355,-0.011400321285361907,1.0626730598082026,-0.8535694253981783,-0.2668444534572081,-0.2257001973370744,0.16954446653682012,-0.30497763941740097,0.8329572260847979,-0.4361114287770971,-0.28071502910470375,0.40977113829279127,-0.7725492645360579,-0.005791357814538564,-0.11737279735188193,0.5627701920682584,-1.0335678218104372,0.7479239143672812,0.899091842458298,0.15317177584883074,-1.1447505540373928,1.5131834564170612,0.13700797055323508,0.5338316634612231,1.6602287933137263,0.5100033456725012,-0.8276148154975864,-0.36089582164229256,0.33530890235222655,-1.160970923744828,-0.5879632871102992,-2.462273761388298,-1.2746231975902884,7.105022310048021,-12.351824738837115,9.569310124695415,33.004506722499514,-0.4117114219527611,10.114652590578064,-9.763433879781388,-4.546209344225554,-11.35387268470696,7.263250127657037,9.438947302344355,7.9969610923093155,-9.248310233966594,-3.6746744952187864,0.0
0.9500861726245503,-0.9365541643162868,0.7055011333461745,0.9846533894600328,-0.01212550698696345,-0.10470810287818938,-0.13909309075877524,-0.09179390034126964,-0.0006388460696976372,-0.003526433531883701,1.0407385112673677,-0.8464917516337531,-0.2569797728023696,-0.21906207783300224,0.20391621451016204,-0.287020303189457,0.8233354239319745,-0.4460752036998743,-0.24712072281332992,0.3896630383444708,-0.7662768688263094,-0.015744716152203228,-0.05512019644159882,0.6775745427750549,-1.4684082576601036,0.9098666896655333,1.2088652164537357,0.6237604611887798,-0.9035514085741705,-0.9144657299408359,0.16897532766627996,0.22983424642196304,1.7165548624824258,1.0976217752800455,-0.3871955820677417,-0.5106345981567919,1.9612678246958546,-1.3634203109807916,0.6571947223553236,-0.5659417228338145,6.6980684191451685,8.563848421038564,-10.392150635572797,-6.848487955675942,6.836717793081091,21.458727575856702,10.798450040317801,-63.44258065098991,-22.566734944163517,-10.240560634438888,-5.809307658148752,13.485521087912968,4.248039577355254,1.5517854439703476,-6.399272908953515,0.0
0.9576586776849884,-0.9516388609541332,0.7046538847238998,0.9828131531789762,-0.009157185063384149,-0.09799030624888064,-0.15618051024812493,-0.07237473974305941,0.024250059081896307,0.017172700942511644,1.0220485996613584,-0.8704605596599413,-0.24113609777143485,-0.2275084321484956,0.2372875359070521,-0.25126783030888045,0.8435100903237177,-0.4613882650513357,-0.1535581602533317,0.37194855301039453,-0.7499613551432222,-0.06446481616286724,0.06276481217079201,0.7142538105773459,-1.801993064366173,0.9723287856732187,1.0667894381937488,1.0429982529715485,-1.1660194298297528,0.11414636173933679,1.2106971596516465,-0.6967390127598778,1.7555529052008196,2.2512207034282192,1.542392853881014,-0.6328741188449866,4.813099584831686,-0.8391938785652548,0.4798282305502165,-2.577960707976198,2.7079892098654232,1.641661412684422,1.9624983152536215,-7.010682714756268,-56.70217416449073,-32.04826710014552,-109.48345294424654,600.6500450940003,200.26307236531446,-25.335149978744735,-8.638725137348906,-15.957532105524308,44.10925026495922,45.94679817361086,-110.25140885337713,0.0
0.9641933332338443,-0.9668890837398518,0.7014051833389958,0.9804479174936014,-0.006347846143837925,-0.08981171389026688,-0.17497268924002787,-0.061095861181164356,0.05900231304627077,0.05147410118496878,0.9956114318157154,-0.7989799149490676,-0.19509899300304248,-0.2869021677823752,0.2801080493701265,-0.19891641770188134,0.9682448894001926,-0.42868395179647073,-0.059958630832709,0.3134598702562008,-0.7910720893077909,-0.2205292935927778,-0.1911179304463912,0.7971888125545191,-1.7189889311734146,0.42774755042487134,2.1410205988098188,1.710733201972268,-1.0744957757923668,4.301140285255747,2.1540274632380307,-3.7133407701732413,2.2432789670112374,2.0109185339769806,7.561444506810116,2.905841336353837,3.808332268759219,0.016841575993352342,-4.287922500674836,-4.8665807893492135,-20.75300701347983,-14.559713833507878,37.60009162338834,-0.8483754940711785,32.588524419963456,-34.98447988341202,39.8348770411559,-12.961873950244478,-47.913334037684216,-14.990058828240858,-2.616358994575215,-111.1077889146351,-12.95858381504771,50.65926594625597,-95.46320969891015,0.0
0.9701662918305903,-0.9823945341701713,0.6957312589375544,0.9784721405925919,-0.0037024606237502193,-0.08002589812113454,-0.1901957347034541,-0.055093265962995984,0.10481549898466307,0.08690890379479427,0.9756564535105428,-0.7160039783667628,-0.1452464896066431,-0.39554034266734023,0.31436051982291574,-0.12731150551353732,1.1902016133712507,-0.4554935519393587,0.0194844483941957,0.3043261632756533,-0.7739606686449197,-0.28904024282944385,0.00024562525193160163,1.0320282865932824,-1.0779409959506148,0.2155741796408383,1.7421483991258098,0.8927187267153543,-0.3173641152860013,-0.49197348293161236,1.4320334040454068,-5.686050954112037,0.717601688630568,3.7217222070232494,11.0306624457835,-1.8521127632565357,3.3636059375741825,1.3326732480064443,-1.2699762978950708,2.890074617698983,0.08117811931281221,-4.793024683803994,72.48811942983778,-32.4339115757962,-52.53950037745558,-89.73425699361562,104.94503929115791,-251.01444487505395,-176.28816138240137,40.12823726742939,-145.49611512208074,-36.76174853623665,-181.96391637978698,34.003610889003596,-80.52760137850919,0.0
0.9770987061017791,-0.9981706010958272,0.6908744256029101,0.9777661377548433,-0.0011737707056176053,-0.07308417097601633,-0.19654695641259778,-0.04405085427240949,0.1327317894940353,0.09482155448510271,0.974560791084086,-0.7451713870124705,-0.14785212664692587,-0.504628213017223,0.28457934618194025,-0.06593675243699335,1.3897021952189943,-0.7731006550433435,0.016078514507535772,0.37934671186612373,-0.818745233567712,-0.1950957733113638,0.0026870227080357557,0.43258370743025054,-0.25477248230927774,0.9303610211990941,1.329636801974334,-0.03377313656567768,-0.14991131062568147,-1.6605367879858175,-0.792117203076754,-5.110643302907932,-3.192798358618119,2.692088796115931,7.655205076634138,-17.00836151773216,-0.7687411045287197,3.6676990839581296,-4.330679689752638,5.307333739036324,-12.994713360579787,-35.26977273320652,45.86679787868893,48.289475207739535,4.43889917887531,-48.795537988907896,-25.858070028081762,8.10152011037975,-43.35073189053239,43.91615391031146,-181.23225172428286,-30.172619379243173,-316.43020244186056,228.26005032344491,0.4938305479779844,0.0
0.9829759547707863,-1.0134690694143782,0.6851974908544554,0.9798718152410297,0.0024280913702506377,-0.06277710517473675,-0.18948447201400792,-0.0717644686674249,0.13570848245458317,0.040705232808601464,1.0162516514141997,-0.7657357456327061,-0.18650146791042774,-0.644604344432888,0.1750907720126035,-0.014558577576005111,1.5617185701104699,-0.9755644149312926,-0.05297547828710145,0.2606619257513408,-0.7594571119786818,-0.3291723460779186,0.2370254462495186,1.3693768163148128,1.3284349130850872,-2.2485993336978356,-0.2543097416001396,-3.8013326571791355,2.689217114673802,-0.8767901095607767,-2.1576532804930726,-7.719873085585038,-6.859039737624541,3.0088934367419142,7.794207395876426,-2.561587191065605,-3.4320323621288527,-0.9511647289926659,-2.399412276865543,-3.3502487257866416,-5.200569126344898,10.592437446193369,57.29146605090967,-27.60087741485729,2.725660320941179,-31.155042743405836,-5.630164709879743,-2.142382136018348,21.33653387398763,-17.23249029703277,-118.02507008535308,76.8437412167411,-184.8081323790026,519.2590857397304,60.4034115651743,0.0
0.9897344227475918,-1.0306444170497027,0.6794010691155126,0.983458373868356,0.0035625857691416797,-0.054944312377562546,-0.17256319824401584,-0.08968460048284219,0.1567612509135133,0.005217355360554767,1.0371059558316367,-0.7896426576909787,-0.21994685359067465,-0.7457028000181425,0.04925899308908793,0.07967758974693455,1.6350118272146674,-0.9708598010798859,-0.1676851027737609,0.38696520212485985,-0.9443983922098128,-0.26880502437806075,-0.1362226642604154,0.4206283343974048,2.122852510459581,-0.13893184619314908,2.0942461088028415,-0.5280328475782602,0.1526692481581434,-1.2823011088333203,-1.1436027677048073,-3.030236884477238,-5.856166917996549,5.541180445645706,1.020585122883169,1.211692455844172,-5.347465541529342,4.3474938810615384,-9.872282474408038,1.3585034760623624,-26.957268999042043,-39.186537464167436,52.18816116392661,56.80882668647428,107.56602264079504,93.864904518132,-63.488189066061146,-2.655515360797441,42.95948389248892,212.65181080537846,45.95330740554606,45.88451424996519,-229.18627698858126,36.19236832144402,100.80171883028109,0.0
0.9988485955111193,-1.0488194642714115,0.6761145690085401,0.9871457412192725,0.0018107369585333895,-0.056747982157007104,-0.14939770194159208,-0.0921558153421729,0.17249137641150997,-0.03714784498720882,1.0666187376344027,-0.77881029036356,-0.21800045412285352,-0.7157980257232258,-0.08026650374251443,0.18318827578943306,1.41191324071475,-0.9398698679026,-0.2873759895209697,0.5218559304046626,-0.8826479267908339,-0.13919767442877648,0.1897059204648213,-0.6614377682022166,2.3910319121273296,0.12692515560011153,-0.011202559085213754,-2.6621472748839143,2.290907457234697,1.2616896973186573,0.39373705026169187,4.487749366538022,-6.774956291696859,4.6262089120269625,-17.452503232309425,1.485145446688363,-3.235663238156009,8.023196070462223,2.0428185672142773,-2.2188342379999404,30.586166815314,-52.13445162946469,-5.626492556044344,44.2230794202281,-65.31369513297919,-3.8171676560066974,68.33894435518033,35.57168409388058,7.794705862197304,271.29321774683734,-9.14411751516843,-65.09234565610475,-402.6189822111694,-23.74939607089397,447.1309416617864,0.0
1.0097057318721998,-1.0663259901234237,0.6733918949998328,0.9890405919919854,-0.00013055342394652317,-0.06515612688790576,-0.13248912965565757,-0.08203837476828792,0.14568615386574996,-0.09680247127975847,1.1180770390188421,-0.8317144272073536,-0.24299340297475708,-0.6172993162440548,-0.17624022842854975,0.22500391949796747,1.0718026312714612,-0.6531198387054551,-0.24095900966516615,0.5494153977503162,-0.865808511645039,-0.12913675221257212,-0.11136969120487088,-0.9527694343796064,1.002647270137148,0.8681194548341046,-2.12344858974625,-2.481353675900647,2.3393247253071143,-3.0002202604196397,-1.477297739066529,2.6989443804907,-2.930473221035791,-0.9352054350033938,-8.054974139123662,20.039817580484062,4.796400807298477,-0.2706536752155961,1.2945681682411225,4.514002714874217,-24.389577760284695,-8.815126956593403,-83.26456515599502,40.107266897969744,-54.230090277632655,96.53910825211298,-56.92585473996262,44.50790387081939,22.59747343602765,-195.2038034278758,267.12141259784386,-162.9134527873373,853.7291332173542,-25.823611669342778,-281.1058899209708,0.0
1.0203764368747097,-1.0842166215774807,0.6718546857279094,0.9889769291428453,-0.007483180480172347,-0.07347470091714257,-0.1283359028418207,-0.0534888187272426,0.10673762913408127,-0.13675009010201147,1.1108568123907643,-0.8798644703149956,-0.2720485323547257,-0.5809327934843699,-0.18528346335157175,0.1943624252452575,1.0149910981837993,-0.3529856095739696,-0.1972461410055668,0.5036706045513742,-0.9007981699419412,-0.028315164368006247,-0.997021472110766,-0.7999884779987878,0.09222056792595124,1.436147039488821,-1.7431906263171333,-1.5237891176582836,-1.7153564648248432,-1.4317215770852938,-0.568739269935119,1.3619748895849644,1.31962576672018,-1.3711310275954554,0.22993354783095554,7.02979991285828,1.5237529219058077,-5.062376217943338,1.8750530650349237,6.437803456678309,-44.10845551528353,22.510909594136812,-38.30131660998321,-35.50301432800806,20.042525193499397,58.46664957308986,-89.00316067925553,190.7987307715178,88.33046307690859,-61.40755971264239,139.25141620437032,13.00652831094799,290.1114781754183,-1108.9112690271995,-14.82531775717982,0.0
1.0298644164442061,-1.1013846648806034,0.6721930098400022,0.9886476518815626,-0.018660096244819305,-0.07955372973567974,-0.12609054414328116,-0.03390836436378328,0.07835992040160042,-0.16662340690508212,1.087044169610796,-0.8906721117462797,-0.2612526835524748,-0.561392405234374,-0.15629575388152722,0.15662883928257998,1.0593164326269886,-0.3440644764159804,-0.2668931599364192,0.44603579158726164,-0.8473472117914197,0.07102747954758239,-1.0806560050730531,-0.7173177225300467,0.424690012089701,0.4656863370208291,0.08537804422081285,-1.4491787383413315,0.8438438688749101,-0.4276564848507414,1.2436520573209162,1.0902643023089233,1.4633239276581977,-2.23814052451998,2.4331229016788067,-1.9608031587962382,-4.628648666775858,-2.104790133932576,1.440085424132159,7.476660899184676,-2.3234412711610406,-0.22608424532215202,5.5713415170165845,-30.017785655599404,177.05463525649566,16.64706549253841,175.14267434640678,10.546424810946412,-161.8622046683165,36.745178152007064,-7.409569758706669,-23.017005215016727,-49.363532063292425,-106.44229336425892,1.3375881113299433,0.0
1.0380945755192015,-1.1164350603605648,0.6755563140698749,0.9892625763280514,-0.026727693133131294,-0.0832646939824166,-0.11709900184280811,-0.03871452662922265,0.09786630782365513,-0.1680258542449703,1.0964586249301647,-0.8948696326145842,-0.273933604079705,-0.5329647735276292,-0.1507334423747513,0.10880775475641648,1.0852624181171822,-0.3834429393845908,-0.29923900961926,0.3874262423780041,-0.6547712456832911,0.23498311774686542,-0.2787663333178392,-0.2822320537732398,1.3444598640003564,-0.7027451340601473,0.7249741646305048,0.8072833155280739,-1.09464606099504,0.09256017146982648,-1.2630531749373146,1.566223196713017,-0.610918943572871,-2.362544640154868,0.5354961044271551,-1.7930441138408493,-0.3394051787225215,-3.061371754216849,11.556752391129734,6.017050776130984,45.1563404458619,24.640330279226344,43.05999700359956,-61.956182340577236,-71.71295107213201,78.18757670451767,-172.67612988256784,24.04294792807544,163.83899176121432,4.826019018542794,-88.24961736455207,10.780091707413455,-69.94017063054557,29.450817197658267,74.51787516257686,0.0
1.0454775597969974,-1.1277165180818383,0.6810602222546336,0.9904910784385296,-0.027754978759925136,-0.08348154196229857,-0.10577294946871924,-0.05544859224612327,0.09304264796756916,-0.16639154321709354,1.0797812647282583,-0.8897457305827146,-0.27959018254096873,-0.5041468670035646,-0.1626546744423155,0.07441061217232782,1.0846913169667198,-0.4125049910778291,-0.2974860664755563,0.3614843952081712,-0.4949949975412392,0.3048623265901884,0.21179712914996024,0.09722557611731213,0.8394064369269669,-0.8224366559392904,-0.9951407051799711,-0.9002166341302569,0.3439797647615032,0.33718662825408446,0.12738148597792487,1.295768304615642,-0.5216032145421116,-1.1675726905448505,-0.41035309743647996,-1.1289181521873208,0.22377282013390076,-0.3317426411017332,7.355981862806758,3.5801194193671857,23.92760911196738,14.412178074405892,-42.256358889606666,21.34977623035997,-52.44321380483531,-33.78564975692911,43.52221495062334,-1.605433974120743,16.46651968503063,-17.975048898613732,10.415032617617939,63.80336006700658,-38.45852990332922,38.19655896464908,3.6278070342235105,0.0
1.0531467181350742,-1.1369891165908397,0.6879323938269924,0.9909437701499346,-0.02573953421103684,-0.08303072531403449,-0.10234167984481259,-0.05493001896148435,0.07907357906596588,-0.17008295323958358,1.058273125515745,-0.8835805201787807,-0.27678325890241295,-0.47579269632321836,-0.16473491994132206,0.06054075073191441,1.0683037956369046,-0.43041151180225745,-0.2938140594782191,0.3908719286062396,-0.43567951697037954,0.36150668225566684,0.23355173524647954,0.08961885417875012,-0.014738218582354676,0.3865535439577054,-0.6106973121028595,0.025083536355943035,-1.3441063548250602,0.27437931970761414,0.14575918762119627,1.3894668527459921,0.149120268068166,-0.3745957015574755,-1.0650645655272706,-0.6711044587610329,0.1403033107397025,0.45363848558595915,3.063645778972744,1.146980088726555,0.5248253464788389,6.017253876636882,-37.619889997396925,23.885575027823826,-2.1124504835716054,-22.289784463801208,61.614142716408224,-4.529826642225207,0.8756226318562643,-10.7748713257386,25.622747440645675,34.078804881745384,-21.09704729026881,25.827535832663013,-5.035969463751559,0.0
1.0612562094515867,-1.1455781834492669,0.6956874099729651,0.990949063789377,-0.024596575524743584,-0.08283119151088283,-0.10273244453579887,-0.04068057717326761,0.0768915503890282,-0.16252534626795478,1.0201797705414584,-0.8803007305564371,-0.2751882234407463,-0.4426306447516171,-0.15891392801849255,0.05089883220849997,1.039931975023647,-0.4400696176987205,-0.29276917061846974,0.4096446852760131,-0.42066927140879523,0.39869522103932076,0.027353918890739272,0.037502178751931355,-0.03967651828717232,0.7851983148930709,0.19378895166897053,0.6041424973356053,-2.1284564111323894,0.08442696493571797,0.03553938970745497,1.7613285353837254,0.36383800458991394,-0.5531032597291684,-1.6287096543160187,-0.3270848868110494,0.010987902699749114,-0.27382485138864543,1.416557024591768,1.0981200605634662,-4.867327161051785,5.125288932801843,7.1269525262255655,9.354322532724696,66.22303751219329,167.45158105398082,-240.79754590129738,-23.715947141135572,-15.053194238962156,4.303906641545081,-0.03232248664657977,-8.396816742434801,-20.551435143159992,17.9497540027513,-2.7531578967144936,0.0
1.069473562299594,-1.1538012900008339,0.7036079037632738,0.9910847520097501,-0.02469057572320724,-0.08216749637395895,-0.10193082136363318,-0.026638119248130317,0.08606921523141435,-0.14756442164458414,0.9764453025901437,-0.87699807377782,-0.27456123822130585,-0.40664733875001463,-0.1523082493665108,0.03765045529529584,1.0055422345186142,-0.44383981643423753,-0.2938196709230814,0.40661115686949056,-0.3997304281214081,0.38616300769806655,-0.014523469696243498,0.12355859810339806,0.2034765688605449,0.5254943568248235,0.6085769548578589,0.9366382529570815,-2.26761372623642,0.07643538732286195,0.010078467618750094,1.7529498705924795,0.2670131661158779,-0.7365920767860639,-1.7463830704693848,-0.1104523249039202,-0.07486608858192505,-1.103198603975244,1.5657865543957694,-2.5448586640004645,-0.32832275235523256,10.633910888052434,14.918120882752424,-51.65508818114628,-26.260309932282542,-95.55935325804778,192.37693871221697,4.06936962891424,7.047182177149113,-14.855693248926352,-7.966972893479344,-7.657923088748191,5.334354346524149,4.37129766592901,-0.8418729233699943,0.0
1.0777304251141937,-1.1616466348719525,0.7109270639684541,0.9913685818557987,-0.024461755011970024,-0.0805742017454995,-0.10048758860691742,-0.013115377314263394,0.09908926166100473,-0.1319355697667971,0.9287823088545035,-0.8521042398092156,-0.27355924136753984,-0.37391903563863166,-0.1455493316082807,0.026488648664690854,0.9724040223093655,-0.4454516560418058,-0.2951615297789844,0.41027653839683587,-0.3825535807979937,0.33994630018014543,0.05979205419233772,0.23489044603705056,0.15050803901426704,0.6052178745140424,0.616046512259558,0.6729894258606858,-2.186389310201145,1.347955444083011,0.05368159187491315,1.461374757092661,0.3317132493103863,-0.4572814857304376,-1.5335587247898845,-0.0890418523964812,-0.061310675369899634,-0.6904198768244864,1.2612562161931609,-3.5403716920533252,5.331898681670659,11.105472676849251,1.7557751585281225,-22.040763532285595,-13.168734195683072,-30.940408119243564,79.7544502859973,12.137648807038811,0.25568016882342914,-24.791721990555086,-3.486718807889595,9.942359125723893,17.671043973370303,-3.26218558908936,0.6629850751112223,0.0
1.086002537756417,-1.1692296471019403,0.7168963454698813,0.9915708213690889,-0.023012252793085837,-0.07779097312773116,-0.10102626851793864,0.005699753751471494,0.10780847571189486,-0.1206882414351307,0.8650142207891894,-0.7630086373264432,-0.2723874154824955,-0.3513957814438061,-0.1302123306073792,0.032848400214089406,0.9515880354699389,-0.4498368659567701,-0.29578511642379707,0.4066193543070523,-0.37646774415200157,0.25251251974262123,0.13960864609650164,0.39171584643025614,-0.11648949685773055,0.883335641754605,0.2601458198189656,0.3667088744555373,-3.1132168064152967,4.748319825537461,0.05604435478106207,0.8589260195967091,1.0657119577654048,0.7323845859289916,-0.7747581511614257,0.4689471932006108,-0.01825285049088872,-1.0905103185927547,-1.1167425460648104,-6.148704564878679,-0.647269633184034,12.008122242703209,1.0567397587952756,-26.761327406953484,-14.611763083253482,-42.65714434625403,93.95584641072709,-29.579278825370867,0.35040729373029106,-13.529422386225491,72.66800321013545,41.81759510894753,-9.733254490294106,450.54861687976626,2.6992131276503204,0.0
1.0941448436314891,-1.1770637188449278,0.7204696050976853,0.991497473548917,-0.020247333029506084,-0.0735826085780832,-0.10539641913344125,0.030862714667463115,0.10817194551157683,-0.11812062850523676,0.7989016096681391,-0.6547269872083346,-0.27085370961782357,-0.3407580144425681,-0.08742815961749362,0.06846600200376211,0.9590862594077739,-0.4811613792766008,-0.2958074487938015,0.40171556211784565,-0.40941425500679013,0.12671837538467856,0.24526758957317182,0.5304941330539855,-0.5679715056376269,1.2802701486504753,0.23635455073369302,0.42700785648253464,-2.5496520358987738,1.714664962484693,0.1209617432691421,0.42663268627799167,2.6551555954115797,1.888092308277226,0.8373640232254814,-1.6088888070195775,0.0035881468506032267,-0.7604631400150267,-1.2698210970173684,-5.014952861925761,9.610433295943631,10.111380328545494,-4.854872504755979,-9.861379149139552,10.712363137491176,25.102345500549013,63.51557333741257,-285.5025541119779,0.36128554171852345,-5.068300603556866,19.752892785666145,-40.778144709024644,21.98074401461795,31.147963868382583,0.11814814909901004,0.0
1.1021149723524928,-1.1861996087161837,0.7224879229172567,0.9910803268706813,-0.01680892767130005,-0.0686122537544642,-0.11300267375233945,0.05955967600298651,0.10389826116204927,-0.139120698717269,0.7565698926787221,-0.6426563971865586,-0.26850352236835084,-0.3427711331588425,-0.028065435177036316,0.09178306407486199,1.0121738130639224,-0.6255144250463843,-0.2967935311396255,0.39664964776773853,-0.4895788552982317,0.08439849772098677,0.21040310269181886,0.5584953690921179,-0.948413774112326,1.645212280613035,-0.5794208777105919,-2.243698266675381,-2.094147135224053,0.14561542139989114,0.08474698577356249,-0.3544443285067145,3.0798870536350273,0.3515808140272183,3.1033708522722923,-7.456502800245225,-0.06408693126259887,-0.3781561317376375,-3.4025797092869796,-1.6049503608330062,-3.0372560128217043,3.3995153669947977,-19.382833426909542,15.483387730664635,-20.520785106148313,-81.23967263568215,-1.1678796836718117,-17.75758914462873,-4.392834926498068,-17.154441863010227,5.530665874106712,-97.03140725426874,-12.152630064369465,121.00329539463316,0.04074819239711174,0.0
1.1095739933938777,-1.196620881468057,0.7232847747596441,0.9904691140426062,-0.014462493661428702,-0.06252512901333176,-0.12187033538402425,0.07771285700055057,0.0884249662809097,-0.201024778731495,0.7446598470836671,-0.6314572732968007,-0.24594610422194235,-0.35456276561939387,0.02366367555127762,0.06747328806980439,1.0705483575204597,-0.8505920770385318,-0.2975907106990277,0.3604329390620698,-0.5499128826161972,0.01334746527630754,0.010572570956440222,0.6709020257375228,-0.9492838992225157,0.5320801887136659,-0.5825059788705441,-2.9357443008986364,0.1591418781459718,0.7935110412715543,1.2019505111299147,-0.6788762289134719,2.385760377722019,-2.06459533257843,2.344109625562567,-10.66214753150333,-0.026206146354032154,-0.8241306520813172,-3.2558873478052766,-2.4152835757520346,-8.993497718810412,0.7466128921294054,-13.317211280466482,-26.152830674273314,38.339229202540125,69.61510294519255,52.90182655376494,21.729421101951665,-15.422567118163128,-2.763837802450554,-9.316101835691324,-60.37920942452086,-80.57058915030683,187.51154285870362,1.2105886218730095,0.0
1.1163226812687075,-1.2077016602005086,0.7228622485773869,0.9901919932819159,-0.013087720195913435,-0.05501561546246361,-0.12775683964370457,0.06592535839700825,0.08005534253608933,-0.2505143411527713,0.7814873754053364,-0.608283781920868,-0.23399805732828224,-0.36214664403678454,0.05029503580034521,0.0031372786590592103,1.077575107919523,-0.9412916438096696,-0.30028284364121255,0.33127686225942066,-0.5600908190863061,-0.05075186413383801,0.032550091194889615,0.7875091171784734,-0.4618583526812036,-1.0777307605252708,-0.16841921985805192,-1.6307885754462463,2.50125268103943,1.3683412989814365,0.3734496300364335,-0.18694918762954843,0.8285792182844103,-3.431635752199894,-0.6573230563841679,-0.6276161713983316,-0.15291042102671734,0.2780811012392106,-0.7999865168589445,-3.5059749397831497,5.5813364272628165,-2.0902904166292484,1.9100985029238573,-23.993099089811487,30.57787371876497,111.78848996917644,25.864039586020425,15.689860269178563,-11.408224440072942,18.530503211736974,-32.022592809916716,26.847046417305393,-65.71155231993416,232.27599979134186,1.5746025441126057,0.0
1.1232578491918024,-1.2183763693417196,0.7209924943941125,0.9902175251920423,-0.01020824226843723,-0.04889908435751793,-0.13028401337590512,0.028526454997853046,0.08383515983861256,-0.24943344147160904,0.8626995145388724,-0.578416523858806,-0.25633661590346996,-0.34928857681236763,0.06037027757942084,-0.042136570130419375,1.0170607522258404,-0.8608629961561963,-0.30200841154167285,0.3651532105515015,-0.5131019348759389,-0.12119443230389472,0.3323284280452635,0.49217549787872444,-0.21371124614297551,-2.015074840177633,0.30125963150813934,1.0167082844295814,4.256199381408258,1.9089376481142692,-1.3722723361693032,0.24113904489590765,0.3991754641168498,-0.780049257709594,-1.5873132326597,5.3522045689257025,-0.00021635119942483086,3.2931935103174874,1.7263628844809684,-1.8335416821425468,13.157150019954356,-23.835777499275533,3.1297305498278343,23.105341256663156,5.281384064903876,69.21445075822055,-40.23345318614428,54.06363587237857,14.653162810305174,-50.396559040722984,-31.059829305924726,100.86283205735292,217.75230545604595,32.08265649344159,8.885276201007574,0.0
1.130606714421418,-1.2283029287525185,0.7184521189169744,0.9902653371232937,-0.006129056514765935,-0.04530556135349218,-0.13147015961340516,-0.025472704737059395,0.09771909889372606,-0.1876517133264766,0.972115628588007,-0.7278603943706607,-0.27228860611959793,-0.3507017027411353,0.07946527789834475,-0.033549016711566154,0.9683854929769111,-0.5630684178967533,-0.29545236847151624,0.3998724240954852,-0.4771456041678523,-0.13248764541134692,0.48928100956623904,0.22407612911466457,-0.006431973517191297,-2.6705352689127664,0.36342544123727794,3.6756383366691305,5.116308636487807,-8.594549608321728,-0.18943090202037757,0.25431456882871123,0.9973955184666746,0.9486293171402043,-2.7050743784036633,16.720015140388636,0.3982985223207422,5.234027222534163,2.4770653774359603,-0.8390579576001546,22.163030140415163,-26.877331600051694,18.69898502351057,36.004904804949405,-78.52800224989483,-2.970464303233655,-110.32529770194645,105.19322849045804,37.47345430117159,67.50677628471597,-20.058557022158737,30.544794422218782,-5.9150522775390195,-115.64457159906911,-2.8937700414244873,0.0
1.1400728735776222,-1.2381121963699162,0.7155731192217362,0.9895745710438817,-0.0005777998592685313,-0.047258626622540524,-0.13604578898441558,-0.03744435711460795,0.0895734212490336,-0.12140010812122518,0.9600555144507391,-0.8290827204554365,-0.27303489313588103,-0.3419203786132798,0.11351676548292193,0.00816690755797086,0.975028205529462,-0.4960065373196888,-0.2643180952085823,0.5044458465685208,-0.4913141477529162,-0.1536490099254386,0.5255467075468899,-0.27068068546633317,-0.6613592305753414,0.2886845140466301,-1.1846194897496762,2.5719623071738424,-3.3619778680553964,-3.6832678361034894,0.023107020480785438,0.5648431270223028,1.6888776307462712,2.076312606200429,1.5510804445961528,-2.035856169551421,1.3828510944862165,1.466166560996875,0.10527352415170405,-1.6926112701835594,-10.009131601153019,-7.848301258623518,-3.9639524762290437,40.61887802418285,-87.04149341468946,-107.14712913317514,-168.98515431635582,94.33027826013793,3.1372701905191525,13.891247641916598,-21.857250828808063,-42.415538548737736,47.36699414153077,-235.09713113708068,-45.08287910479647,0.0
1.1497516598124133,-1.247811767477542,0.7120014754079594,0.9888813777937422,0.0031952604726294483,-0.04972424799548187,-0.1401103498123727,-0.041444339814309984,0.06204755338958271,-0.0786663455164657,0.8981483996650261,-0.8811219941428896,-0.27178993236275906,-0.33082247345779797,0.13250911498405443,0.027634959192304256,1.005635583233096,-0.5430367543037224,-0.24167310604965536,0.46485308142125503,-0.4896842725817878,-0.2016449654654714,0.22821091823824863,-0.1404595651419166,-0.20763271207075049,-0.6728430652325625,-1.4640397670745733,1.6695830713323263,-2.562402843660685,-1.4738313186599892,0.0679688788094907,0.5716791340698811,0.6840477438964855,0.3376677193707278,1.3783515313635093,-2.306165874540683,1.1464962624570263,-2.1408649295491275,-1.1715995356938715,-2.6408809345962805,-20.551601750342694,4.985004667633324,25.506400093927365,-54.528091596496594,-3.876619235605948,-55.8216004117291,74.30291434167947,199.023188233824,-0.7273233056183112,3.5790630038479243,-9.374593393484773,-55.46992960812716,-22.948678090395376,19.513348091093835,2.653627290998948,0.0
1.1592891670670105,-1.2580510504970757,0.7076307650305658,0.9885267678523652,0.003504053194518554,-0.052892442656594166,-0.1414388219704344,-0.06307849003450813,0.037675760672953876,-0.06788513989288662,0.9156353152945107,-0.880545265378151,-0.23928217642901045,-0.3107496275835821,0.1451128239040187,0.02919201730429114,1.024588033362711,-0.5832851637476802,-0.19443651806754517,0.504299560637968,-0.5384880592540546,-0.21891402377027372,-0.04351284818105846,-0.524220890818229,-0.25885444488259185,-0.8888529277784154,-0.9058767234098088,-0.4480494980102269,3.0380433800413784,0.3337523679824291,1.7634467197008856,1.4349439883112973,0.7483949636965006,0.03490469097277621,0.6415871089271584,-1.8103599192550235,2.44459010704965,4.076707770087685,-3.177169409537945,1.0669408066782675,-9.069923458403153,-26.98635789017203,-21.847409990771897,68.10450850232394,64.22040498270745,-10.63555353059697,68.1604888771254,-18.938298734478774,-91.44740035395517,52.399344565372246,17.78637965740458,5.947169594456279,-32.71295546690051,20.568251433954472,-25.60972139366864,0.0
1.1697913931402721,-1.2691006631883393,0.7030232718491133,0.9875988184108639,0.002546083517905714,-0.05927207114207526,-0.1453578787500465,-0.07132275486592284,0.030709120871112577,-0.06382214459308513,0.9613788310474498,-0.8773939311404839,-0.2350109356607663,-0.2792562254696028,0.16190482011445434,0.03016161103934099,1.03968017644189,-0.6205656687535146,-0.1740704351002832,0.5362184344738649,-0.5571612762640349,-0.23818650538577715,0.017501554990300594,-0.7114421141466751,-0.3969319974330419,-0.029290849689092666,0.11433354561700725,1.3603496636789767,0.2671934260583754,-0.004747941039890707,-0.9227715710928739,1.65780005402713,0.8205592887632374,0.02452013343815773,0.8030737603468326,-1.9008926878690984,0.24015375025356434,0.25486140167699106,0.1117218313612807,-1.437371092668715,5.315375024231192,-1.3175539018645446,11.821650416122036,17.353701198421696,30.31349664949562,112.01236988523699,-221.65073880966185,-13.009273361154126,-38.264938994829706,2.2530885719475062,-9.886785558104124,-10.204603615930766,4.56548305219064,-3.5344894294497804,-52.96209624327903,0.0
1.180211132185812,-1.2803209442984336,0.6973290358174663,0.9865467221909711,0.001818612504049639,-0.06508632458859928,-0.14995341921529357,-0.07640608807606213,0.032770146657280966,-0.04997605474461506,0.9967701943485516,-0.8769775848550028,-0.22530407509192116,-0.2526330623862684,0.1804033709878534,0.03024011031928684,1.0621132928335943,-0.6568133603068942,-0.1777086460450745,0.5144834961297041,-0.5634932932842633,-0.31355995806853365,-0.0194580210645639,-0.5141765994593712,-0.5155213012261154,-0.20252444118146853,0.155648230079635,0.5201582265317946,1.8282057983788018,0.009290908341022558,0.5054221873536694,1.1635864400615636,0.9518144034577233,-0.02065721254867029,1.261309292020804,-1.7793496791970775,-0.38917960297220294,-0.33461202836926884,-0.4134579440911706,-3.175794644886143,-1.0614225107423363,7.342234805849084,-6.042047900585521,2.598431376945742,-2.62893308292197,-49.20398637470961,109.46358576778576,8.8223952412059,84.98010691556911,-12.268927897165543,2.6103329929683663,-2.81763284961965,8.326179726853038,-1.3525533624136674,-15.697737811046824,0.0
1.1898887071602733,-1.292085697094419,0.6900271980481738,0.9852757170108204,-6.093928027162503e-06,-0.06783905861135442,-0.15693827945533853,-0.07425736464532441,0.051594431085461016,-0.03527601513035795,1.0200813570716065,-0.8635970435633691,-0.20462713151103457,-0.24998621578815752,0.20425134461946498,0.02464878385941405,1.1134423744234263,-0.6703644597499885,-0.18704356929078067,0.46658333263089014,-0.6095503618816733,-0.39874703134190614,-0.3189735043375042,-0.1763025226983827,-0.7582668268275853,0.422292204659978,1.4427338913110572,0.7199083368318246,0.5785921163754872,0.4064228301954507,0.8550435449222363,-0.4223432545071443,1.3334958276936832,-0.5429167015828165,3.1953384116637182,-0.036149023762860555,-0.574977701612608,-1.528582075140229,-2.505968971001444,-3.452761976737707,-15.871655672522975,12.7762322686167,1.1694090102028527,23.597410971552453,49.11632480066627,-8.081880735299029,28.11397096849373,149.25964175457105,24.063730093540777,-41.0405866924826,13.234940459468392,-32.87077994487718,37.04385499590779,50.4252768368249,-14.464286628281457,0.0
1.1988876764991727,-1.3047501969723803,0.6813614007236052,0.9835706662436745,-0.003088683676335462,-0.06679759069046459,-0.16768209927141925,-0.059823726992905966,0.08970177984233117,-0.012924333499230715,1.0227866723398173,-0.8145190760136581,-0.16448906499250493,-0.278363576080754,0.2364450074589916,0.02379559817949436,1.1971784147921665,-0.6640230256458223,-0.16795003646616874,0.44546403833646653,-0.6478924417282427,-0.4448300491518656,-0.4253743055140946,0.18004640877316172,-1.1867860883589663,0.8854190662658573,1.8288279441327442,1.002163929437767,0.5182309258935969,-0.1301379630940538,2.3328935386936362,-1.898830840425969,1.5266455420215819,0.09291270837058026,4.022360754400405,0.6957860871476131,1.0897858681708525,0.06950323387460236,-1.9807804226909076,0.1905068834377398,-2.2925348270671493,11.559311766760434,-6.090651397250011,14.68096637785499,-21.730852595122926,-27.705941914019288,39.650624148607356,-299.58918625692667,16.99686276342958,-34.61744969395325,-20.267175344856746,-41.701912073651755,37.65522790731398,-372.0257751268346,-98.42206051086804,0.0
1.2073995678190759,-1.3178879046620782,0.6730191547588337,0.9815609089386236,-0.006045445074537665,-0.06249167861945671,-0.18054479981643257,-0.04398998414518808,0.12820865247696756,0.004273755695555326,1.0392631091626392,-0.8473853443741135,-0.16187370263863055,-0.34054650337330045,0.22699148756429974,0.002968189856182097,1.26971201676813,-0.8906833968127795,-0.17109121287513643,0.41020338851723553,-0.6715363039429131,-0.39064782630589084,-0.5088179723388063,0.5001332437844257,-1.3504193584612978,0.7558554251164306,2.054292868975838,0.8220140624869344,0.821174869708691,-2.176090880162568,-0.7782591469187269,-4.1017928223784175,-1.7449551404843227,-1.4568428443124688,2.729195148115294,-12.639649701717522,-0.35018953841904743,-1.170026324663063,-2.2683288469621927,2.859213963862478,-8.370516666188697,11.12996116932619,-6.847549810660703,2.825982946354336,15.836436832878587,-1.805148941755926,-14.6240759718416,-18.983435095854226,-55.18761284640828,-101.62989711640712,-112.63663712708043,-5.622487281556396,-127.11049112119795,157.13470511706663,3.5816162297305802,0.0
1.214021010944046,-1.3306792554816957,0.6634789603149941,0.9801775454249408,-0.007386489326713379,-0.05163820272802221,-0.19113062349917587,-0.05874673057967806,0.14929881163203146,-0.020973984390260568,1.0889619315912467,-0.8856583164339631,-0.20168243238537328,-0.4744879362068651,0.16362108932553396,-0.03567348789003829,1.3876004213172413,-0.9688012863388185,-0.23021076541178712,0.30775268924586846,-0.6433850143035805,-0.506311616836331,-0.3547718552674222,1.2179175423543835,-0.8470873754911373,-1.2698959174462765,0.4614852875726567,-2.521574487552817,3.1010338728151416,-1.4877717008815596,-2.3102973173265577,-7.775093466566984,-3.9155161376455876,-1.5493476326627051,6.539685900407889,-0.27500042736867586,-2.9825279073977713,0.1904822119481684,-2.8906145266696295,0.4014154463341296,1.5024671033687418,0.5551984668633612,18.504243105726943,-26.483061829146134,-37.3575578974349,-77.38850451016685,47.97145148854282,100.131503747012,56.14419278788757,-46.973345778130714,-53.909594308575876,87.84645416982369,-63.21747640791503,202.8733670324891,53.036141950802126,0.0
1.2209263551110883,-1.343672736464665,0.6535287254804188,0.9791767334150836,-0.005206555762883269,-0.04036378140406777,-0.19888836483419217,-0.08035779521924002,0.14840348912950174,-0.06450584057807938,1.1455680091057792,-0.8961219731145481,-0.20576259880097442,-0.625608514602629,0.08095807879216584,-0.02547077611157585,1.4920860268144607,-0.9545693973802384,-0.2570120509519335,0.3856555082968284,-0.677918206839721,-0.4807012562621645,0.12581771400724898,0.9857544150703903,-0.6983874466318593,-0.7391244317656644,-0.035731400297803306,-1.6821913570312315,2.5283361602946854,-0.13860667724359332,-0.22223448445274524,-7.0669948477129045,-4.18437919584781,1.9320669641193229,3.7052016262915775,0.9765272572758643,-0.8900437811689355,5.10171313861276,-4.735628585011957,2.632404929948348,12.945890130998317,-25.430334544916537,12.614796522450977,46.38829093498682,32.08062747555245,73.54212550969459,-34.398267875462004,18.618005810934097,-106.52303688611566,75.14776890189779,-0.3127685622737416,132.07394880225198,-186.99985550561377,0.43565101449654503,21.183282564138867,0.0
1.2302012166254626,-1.3587543995253362,0.6452337394349918,0.9783266532814205,-0.0034737905761847996,-0.036194875593203044,-0.20385000181260926,-0.07593192198948819,0.15068373006034189,-0.09755082474944324,1.185071201317396,-0.8939195702827931,-0.22322054367400132,-0.7126099297628486,0.01258606970691166,0.02840749292203055,1.4561130374626896,-0.9322821567106929,-0.27442682731311735,0.520707512703183,-0.8120033759712099,-0.38449521988696084,0.04205509640949727,0.04018279697590428,-0.39654128985170467,0.9861326554800528,0.2707075421438583,-1.462935370747966,1.4697899554504086,0.2673033415509752,-0.7111218884337102,-2.480879172470719,-2.8713620497268164,3.0386189596505386,-4.678904842911233,1.0245941279607083,-0.20538505595440482,5.6950183463238,-6.234687239967545,1.4358316162811096,-1.357239887345401,-40.703196695909185,10.545651534100132,78.73991946634571,21.044565683062263,28.44261508494311,-52.812795859956665,11.143971150204695,30.46894408755401,178.59588403031665,54.75056053384443,17.789218629556537,-194.29487137878084,-19.527346479466527,42.87067909038214,0.0
1.2430590590754893,-1.3754906053761153,0.639826103485979,0.9773034075171604,-0.005282545730352945,-0.0442948827628811,-0.20709444156465592,-0.03263061756350301,0.13870965716369887,-0.13547325933314763,1.224702813615746,-0.8917565806547039,-0.24697341808879286,-0.7019956999373588,-0.05278915550647695,0.009102835229133528,1.3757028406056866,-0.5763872639475522,-0.23788238773672377,0.7176083205876749,-0.8663200832596523,-0.1758433765693845,-0.137634357565266,-1.4246040623606238,-0.41906940892598354,2.996658961141915,-1.0694985011125964,-1.6536083263201573,1.7681023528599589,0.08528020554178384,-1.9050478597740095,2.4919828722894515,-1.952261989901733,-1.6432182160752808,-2.1450756871920382,13.236235507531852,3.470893460220712,3.865338536137474,-4.7204542045750095,11.89031418886208,-27.015686159484606,-48.40155332551811,-19.06947440347011,60.610344804711396,-24.320461818947443,72.67224704503077,-74.28131373150822,3.3654410542788398,-76.00436292781455,152.4930073655468,316.8482517843934,108.90633565843386,412.57735577265356,-2107.1630123821856,374.6704427896723,0.0
1.2575424690273243,-1.3936146654643828,0.6394993415586326,0.9757309692446626,-0.012909894103789801,-0.059483697663361236,-0.21034281543089084,0.03766261683279658,0.12013955410505431,-0.17201411807820113,1.2007621228408498,-0.8920691053454384,-0.2665180382613712,-0.6309521063393401,-0.052312435870052736,-0.014870240405018697,1.3682067299431222,-0.5414613253248856,-0.15466512396580087,0.7049450610703359,-0.9209023989244277,0.1053271389668947,-0.7056774413539404,-1.6791919211978792,-0.21681047806688403,3.3830762594971637,-0.36278087366362044,-1.8717847387944822,-1.3050009278046368,-0.14857497315956705,0.8717872673377424,4.072611680708141,1.026688281764963,-1.1684541106442914,-0.04155993114957229,-2.723301122943912,3.315377409476515,-3.270351567209586,-1.1085869640320438,13.055746657049594,-28.662429818637804,4.359421856408546,11.252117396481168,-36.953538610443665,111.93182965079583,3.1173039131558946,153.8871258235714,-16.308040125864114,149.7024540491565,43.457882175592985,73.626320173548,-13.540871801350615,-33.27904354255165,-210.59510442987613,-105.51947268518524,0.0
1.2712950436388926,-1.4108361557227425,0.6433397839105759,0.9747534889587297,-0.021044706334664286,-0.07368356770718335,-0.20972240688112573,0.091020559972423,0.10833163147740203,-0.20206263373491004,1.1733168579994366,-0.8925769656043878,-0.26369947197706334,-0.5520090324885017,-0.03730328507643667,-0.04494421048947452,1.3725743846582825,-0.6193989348074591,-0.20579321012835808,0.6714526242574204,-0.7993696716045993,0.2555077732583341,-0.2794003389787018,-1.4178419138505487,0.30742857605203144,1.8775209671609354,-0.9995020050166038,-0.9713591938380459,-1.7562820493294196,0.06054640909994498,-0.17935399287482168,3.911803198012064,0.4899131745631224,-1.4386585434468508,-0.054685312864750854,-3.903640503545061,-3.816065708360194,-2.293127433972668,7.177377588215858,6.184790791702081,23.67934894043217,20.324603196593014,26.199783970893055,-104.82174051248924,-39.87239802253983,69.79882294591117,-9.75169325585596,4.0536401514086275,-14.819580630336645,-6.137491672452781,-28.978500812506162,17.73955253729892,-48.57058058499332,45.03274318113464,-11.829365053383363,0.0
1.2834620723596426,-1.4255534507432233,0.6496245767508302,0.9760080634487847,-0.025296986936282254,-0.08318694078736727,-0.1996202780714877,0.08921818439644251,0.10099508206039266,-0.20449582127974428,1.1790431085175148,-0.8934819984313003,-0.2647543186806265,-0.4785526268092092,-0.038885328864771807,-0.08268981455645869,1.3611079143998719,-0.6857221724447181,-0.30683249842455174,0.5742856146105638,-0.6734164620187413,0.36201772777970964,0.057451573641714354,-0.75658844633199,1.49317611682512,-1.3783565250672067,-0.340232417365026,0.573232254595556,0.6760405109647002,-0.03794125436694549,-0.12466440752515826,3.6282831311869432,-0.5694825081878359,-1.787625531253687,-1.2644496196066224,-2.5241932932258178,-2.059245591074164,-2.9931459206142494,6.9365674143485005,4.849577865756061,23.604687136827707,27.249469356424353,42.577950602891846,-121.58258533662669,-11.377170798872374,70.90499596688782,7.991459018683869,1.214210806270088,-2.7061218539178626,-6.3474011158523584,-49.96355406662217,18.208162058161367,-69.24469503763493,84.33597727959531,326.8862063923529,0.0
1.294420954513499,-1.4380648547790178,0.6577418729585678,0.978515663761725,-0.026313990382715403,-0.08811982181717612,-0.1845252467441732,0.047181976119255675,0.0934642590527332,-0.17657902231471428,1.1796518820167992,-0.8933811464576635,-0.26737664650871434,-0.4094061418946386,-0.0480959102608966,-0.1118730499381556,1.323852139201246,-0.7197246793210216,-0.3119643663619322,0.5283008213692765,-0.5849053876397301,0.43309050627611584,0.20619653398735055,-0.33061539441118626,1.5086923077825447,-2.620649923925137,-0.5845286293622695,1.824106563903182,-0.3962756155932674,0.019481693800761517,-0.11799053312826589,3.253358249105774,-0.41319737509534404,-1.2637878007650158,-2.199409814709799,-1.1593794415732943,0.4118075585653593,-2.0134996490279926,4.5654705484313585,2.295563075667304,8.809376451805202,20.25881445617041,-4.207638485734263,-50.66894012057601,-36.00565327781464,28.595865080590315,-39.59337509868296,0.4616399087175433,2.290682261961256,-26.82416338005517,3.732533472788824,18.763557162631603,-26.719112885942778,50.52859157971827,29.66792214739765,0.0
1.3048317566921623,-1.4492709714222807,0.6668655394997076,0.980503861663793,-0.026093426464579038,-0.09027513991040984,-0.17257377979253818,-0.0044125314154779905,0.0801441779412542,-0.12983048251563495,1.1555523363355171,-0.8926997067591951,-0.26627444375465753,-0.3481465966822842,-0.048689560215988525,-0.13056009990738474,1.2738969670347844,-0.7326883165667286,-0.3015859049411234,0.5084605144545269,-0.5515652658415797,0.4676160377610306,0.11081024222791487,-0.1228073590854639,0.9651052434027427,-2.6476996087612075,-0.3734016838061239,2.396459561772627,0.01539580419216402,-0.16794589191114684,0.9530951963178754,2.8797065246537072,0.2964897234007004,-0.7219961913088351,-2.69370319258641,-0.2768156077307481,0.4808575725727765,-1.5527839304606794,-1.6984281055870576,1.6788070545538822,-12.410257461311794,7.747160604440097,-29.56595341106027,-3.2833008364597647,120.76299027588055,-27.707894039496654,413.7760684773553,-52.20242806155696,146.25664521760916,-14.225657589400154,46.75093382525909,21.000700069900223,-26.025437747246304,40.32417457172563,-10.576205512262643,0.0
1.31503976424022,-1.4599514427116138,0.6764212034386858,0.9817523130499111,-0.026171695385037587,-0.09100746978836328,-0.16490930423885425,-0.05314171772032489,0.06820081421829059,-0.07981130741846727,1.1285883916254889,-0.89196426411748,-0.26344263997494394,-0.2918061937583859,-0.03985483397166158,-0.1426006113192365,1.2159711271582465,-0.7323506209459404,-0.29259215955050527,0.5058241408499589,-0.5173698285918721,0.47329723942381674,0.04819263070603737,-0.016357437926553486,0.6415760037460807,-2.4206366960211456,-0.9001866664087158,2.3228992661914845,-1.9309698621539026,0.10487422440579,-0.16614580973002324,2.6706921783148982,0.573804906969734,-0.4665521324827227,-2.9642720357190444,0.22575189908908605,0.37602609446338,-0.9377873235956322,1.9117299688312261,-1.5024115375949452,-3.809721911820993,9.249442053459646,-13.204026441817078,-9.001922428103352,-39.76925000786821,-37.140041264117606,-26.83870373851432,2.1149201288773005,-12.30570123803371,-23.91018424774187,18.150195544162106,21.291793308315277,1.5250998375399862,22.465366040565605,-10.033975913174276,0.0
1.3254805980437008,-1.470174190448064,0.6855821728552476,0.9823710652028902,-0.026581528247931776,-0.09160686664917166,-0.1607752922275807,-0.10021760103159773,0.042636534860096616,-0.06280722345305058,1.1343133926536368,-0.8797983660076795,-0.2645107203179728,-0.23698521704699851,-0.02648037024990439,-0.14987100200013473,1.1544782993227947,-0.726580438688207,-0.28546035893821387,0.5427712620482991,-0.5072805405199039,0.45306677556230335,0.014387371797712241,-0.14198330066234924,0.09464345996850268,-1.9465268847774682,-1.2703350654440342,0.45445714482257715,0.7896843653252991,0.3635171779072992,-0.08806383101108714,2.78534437293741,0.7964464042759257,-0.0814212419006586,-3.1345659519737494,0.3716341490060348,0.2987720229643388,1.7077107019823314,0.9395444183770044,0.2024432741004737,5.921863419542223,-4.524737542395044,-32.9191565458607,68.30720576554455,52.823289192340354,145.75470914020278,-287.18980409907664,-64.52424365225652,-16.75942107307496,-1.28493548177366,7.080138712060201,34.83647087499764,-4.121160817344985,12.191106447875967,-8.111214987662589,0.0
1.336344567206394,-1.480341341956959,0.6941766334066526,0.9824567200531775,-0.02691566437531426,-0.0929759735640986,-0.1594045437664657,-0.13914412471377507,0.028508757902389634,-0.03500190776693726,1.1219104080839002,-0.872174372617418,-0.2662720141992871,-0.1809576227562973,-0.01123259343148949,-0.15283757695344907,1.0912819027357195,-0.7183107422904171,-0.2784905939147426,0.5427271524837419,-0.507767967989592,0.3947988922554113,-0.01345495990390432,-0.13023361600958328,0.11774807935564396,-2.1899086149972624,-0.6656071563038872,0.9133330279721997,0.7521264984111845,1.2308971054852968,0.0067970290300842055,2.6986137680205786,0.8040815037394209,-0.07303716585160158,-3.0239331770171587,0.45276079576830564,0.31632038019962866,0.8797949769723602,-0.10767759142895789,-4.203828664120036,-0.7388929766653088,-2.2372934546231282,-15.516489737544227,-20.442796803255046,-15.204047558581447,-128.74028801511884,330.45199867266234,75.60739017860479,9.048473635366626,-13.85378119095348,12.365517022301173,28.449713927636893,24.420313599309186,6.68370616317751,-6.917437452499593,0.0
1.3474312934064572,-1.4904087196398512,0.7012848746224246,0.9823923301631798,-0.026716879449179137,-0.09491843878949384,-0.15868839896734926,-0.17897372292136185,0.018953907214976893,-0.006987881351877047,1.121199021926796,-0.8724774979352949,-0.26143756902036863,-0.12763421911945905,0.007289283655697521,-0.14376416521792224,1.0334185788368324,-0.7096575838423601,-0.26609963727057623,0.5602068945846879,-0.49758868183343846,0.3142218967777076,0.12154419664504076,-0.21662883245054587,0.030247581067619475,-1.9802076459682576,-0.530630603485968,1.3075763723890361,0.2131447691783881,0.02413487770688616,0.33488222788735345,2.5470978384469225,1.0416116790093355,0.9197071721393986,-2.6638685815669114,0.3743359462409303,0.5370866446979832,0.6224053225335856,1.3326246382173026,-3.8511976402102497,12.27513404016512,-2.0111579371110517,-3.180272470740368,46.37205205388598,14.726788908880579,95.43240392438534,-293.84867812461624,-592.6887087720122,-82.45314008077762,-19.883374989374218,-6.610146613627123,33.82215586992752,40.58980735756663,3.62563826422501,-12.276298474836903,0.0
1.3587716478645129,-1.500216166498183,0.7064780843556864,0.9821173296782855,-0.025241205430258595,-0.09792486063394377,-0.15880539651990241,-0.21329271857139312,0.009327939011136436,0.023738648277791877,1.1105947919164783,-0.8577812416080641,-0.25530689050811806,-0.08488911756969192,0.0244117225482535,-0.12085786099323498,0.9985851761661366,-0.6910261819585374,-0.22921906837762962,0.5718828308980632,-0.4862003102331307,0.2150486839913663,0.23391787695057573,-0.3207606036332379,-0.06165450389273156,-1.4990707836892427,-0.4928124405663967,1.5746190755995852,-1.0684382926062543,0.15074695524452542,-0.09302887328578474,1.8175889431378627,0.6766754303485262,1.0856308162419144,-0.9696216270823874,1.2410117375487355,1.9400525521872387,0.06160534092959635,0.6307124463199906,-4.609087011537427,5.109943201949147,-3.166854196006385,5.097219333763518,42.97770267827599,8.976217375527238,61.173985854933434,-278.1237133622609,-360.3115428685387,-184.61050099703922,-34.760485289481124,-25.646886382569928,-25.902694483162197,82.5689704378724,28.0266929723653,-21.997545825601264,0.0
1.370184490120911,-1.510243565364425,0.7098529418148186,0.9813864122220238,-0.024031008980032444,-0.1017905228913312,-0.16106492468223751,-0.233945935101195,0.0051213988872951845,0.05051236703449548,1.08944300710779,-0.7947389943365085,-0.22868957310685448,-0.06298312406489162,0.04035385882712472,-0.0947637640241648,1.0084745192476183,-0.6485888090944901,-0.18296142348388555,0.5712519086373062,-0.5153146682113144,0.13568321095635957,0.08171134581026007,-0.40518022402625414,-0.3081793264555284,-0.5458693251952187,-0.0001976645004507574,1.240221923086279,-1.9759001993896104,2.0955802161503203,0.7242630289348156,0.6915157625901491,0.8055258103349998,1.1697408976567552,1.293986437823288,2.7663250408125624,2.154813477560745,-0.40430483299548725,-1.3645412200758988,-3.260078456463652,-8.109972000033071,-2.625310072485169,6.8884571036033755,73.60395126218212,24.078531847561454,29.0386465134034,-363.19603933919876,-493.0924140328175,-219.14028156271303,-34.64352484785631,-5.781835787294758,-37.31100009394564,66.62075620660805,59.511853459563575,-24.04378287933459,0.0
1.3811547598637077,-1.5213520686064566,0.7117278552324975,0.9798552919135372,-0.025562983325232057,-0.10480140275689918,-0.16806786359306436,-0.2260010495982099,0.012240084474546924,0.06083473785718147,1.0447569846596523,-0.6443912375287509,-0.18957664789417875,-0.07575293246321388,0.07491779495318546,-0.05552966099497408,1.0774315015763845,-0.5550172746527536,-0.15577752864362993,0.5408770829599256,-0.5904845787616758,0.05919193227913398,-0.3875787296302504,-0.29175290432763135,-0.8376572513838072,1.1945106584837748,0.5961974804172459,-0.04423756638947486,-2.6907971211681487,7.291075540012589,1.692133372911825,-1.1769296829973186,2.200915080871735,1.9862606910200702,4.170262788568082,5.8234013913228555,0.7531639049798011,-0.3218650963034314,-4.104839426060591,-4.099969881578838,-25.125794106063182,1.1244231465037842,-0.8117922524987042,64.13961148119887,31.965582402784747,-51.76293235715438,84.33829227026531,34.01841262059759,9.605411646813522,-28.64171806642112,29.240882390798294,-35.54442620979767,20.270079135658285,-82.11701852255639,-45.36744917773363,0.0
1.3902425980615385,-1.5330153142212521,0.7123317765635742,0.9781421592225275,-0.028159115168063832,-0.10176152275662724,-0.17913562758618642,-0.2087196178150578,0.025350013284958072,0.05236058905348686,1.0050256365543215,-0.5056042997003026,-0.16954616996755195,-0.13505596864673555,0.11270104601167655,-0.034711988985430396,1.1808651274951603,-0.6430687812546969,-0.19967867954492927,0.3924522152424875,-0.5809621485544478,0.04786934112052495,-0.4229114145776565,0.6275564131512035,-1.1497851125729457,0.4812908037259666,0.7668743356513658,-0.4860749180037123,-0.48866536841390196,0.6737249061200984,1.6750157985465677,-4.010837275523015,1.5345871101912072,0.2270353347413073,4.614215605793327,-6.111492421195156,-2.4049735786030415,-5.727060597116087,0.331327523860428,4.295290938378089,4.5414566873181546,32.26873070584959,-2.699236817126395,-30.384573338779507,-5.179647950896363,-21.823782921976377,76.7978033815858,-397.67964404378245,-21.807456501199518,-86.70801566356603,-46.272984212674096,-84.50747060653407,-134.65632900439186,47.202539641337644,39.246931612817875,0.0
1.3975556157950224,-1.5444387143874638,0.7141571152773489,0.9768536021954126,-0.028507430940943008,-0.09388043613322872,-0.19008111418662754,-0.19631835603503536,0.023969546747990983,0.015574929624977939,0.9920167820033505,-0.5369160582526207,-0.14601325369893062,-0.22229638368284269,0.13004775662974838,-0.04576067868248415,1.2412547226040285,-0.9164759958031998,-0.2913190819111431,0.3416636630293626,-0.5741473999377881,0.13029581380565056,-0.22659459704298238,0.8793390276421755,-1.0249703391554215,0.602937044187307,-0.07444489958962573,-1.7535841908505099,-0.7455027482282693,-1.9550354740639722,1.1975078152154492,-4.680426628453294,0.5350908868221541,-0.8808072298177334,1.4922979730153163,-11.417033951417952,-2.544552194298003,-3.0058824082868396,-1.2165503854119584,4.928751766786838,4.096719670470909,8.153538839582518,5.502114859954299,-20.12679924811607,50.16279953853099,97.1727061846864,7.6952733170713525,61.097786932461446,39.958049432190144,-46.77373775959571,-22.576441495988295,-19.358038180447412,-172.84019026914697,1502.8588907771252,376.1962397341576,0.0
1.4039603675395067,-1.5559124555375692,0.7168388062469655,0.9759113001634744,-0.02681447193851601,-0.08451405336121309,-0.1993376359154351,-0.18532838402407364,0.016423887086495947,-0.028176813745684363,0.9737186634483787,-0.5716512726874778,-0.13136705396377008,-0.3269387456718239,0.13591744010028226,-0.058471017431030864,1.277835050005064,-0.9799000239988123,-0.3040346668904671,0.3130333796111911,-0.5827142210529106,0.14140529374009841,-0.027250069189017023,0.9590384995494341,-0.7867640671922624,0.579176043828503,-0.40555982468521223,-2.149722197948782,-1.0463010186521644,-1.3392643183315773,0.6551466545474338,-5.344506074153339,0.13134395515354816,-0.4440240776357317,1.6772006833591309,0.1914516127349864,0.12206220868451816,-0.49488146261980764,-2.2179581553274725,1.5042925839194492,5.476070853946939,-6.091879149796737,21.32184250174914,-17.675202095908222,48.07244112998107,103.63724878059811,24.145822682163853,105.01809081007343,70.79213748059927,12.432133758467234,-14.77592902392587,17.03348571000502,-48.68975160281379,181.43022357443309,39.18342044552366,0.0
1.4105077785066302,-1.5673530440357386,0.7193680241901818,0.9754404458655672,-0.02284369574832792,-0.07636769610006279,-0.20533406226564174,-0.17229340225834236,0.0038362535859749443,-0.07265360261085264,0.953269758238134,-0.5911492885636642,-0.13651843380867085,-0.4240018563294486,0.12155625937511241,-0.06537951272600644,1.2914007228160629,-0.9578645932535995,-0.29987136470207587,0.34214869387413527,-0.5677967948574653,0.11110640553984476,0.3159568745537293,0.7976038840880815,-0.47850360333390995,0.7970206491869558,-0.7511939974569984,-2.1756561973942348,-1.1116355204454453,-0.7516484000055271,-0.5280554804276113,-4.394987746970123,-1.2903887379229155,-0.1474349751773365,0.007133546582948305,1.2908830200888037,0.21313316535156332,1.6591908216563596,-0.09249157058010136,-1.925727766807769,13.416872863596584,-11.846820050563693,14.41348405514798,14.254333379484795,3.295014358693346,33.274662570367205,-6.477170950605684,23.89630906425123,-8.040377732603373,54.38457568668841,-53.555967750720654,27.259548575524942,-62.03722747162643,-8.135216057826016,-2.7634149825943557,0.0
1.4177941060299408,-1.5788906037400308,0.7214240688586024,0.9755131573620073,-0.01755506866170769,-0.07160774935491729,-0.207215418369903,-0.1597127113619953,0.0012746987222078956,-0.09127458658376376,0.9423039964114841,-0.5985430992326084,-0.17848853425300212,-0.485318935025024,0.07970654647108566,-0.07203317725018005,1.2374002715613803,-0.9329987855343346,-0.2982804368878741,0.3833041417023546,-0.5802434464018278,0.0825641695589537,0.5115664284859525,0.4028749594737112,-0.034994547176281275,0.525092741971194,0.18348288859863887,-0.0381595677428406,-0.1599265730852521,0.014251249915266925,-2.2837703193758587,-2.2169197697239325,-2.626809629894205,-0.27583352684342255,-3.885620175127655,1.0710667505938383,0.02578432912315675,2.198158958478431,-0.26528111311456404,-3.24419226196819,13.98089894798919,-19.557368474130584,16.777971499668617,-7.429944449243215,20.659774166400744,83.4900516089316,38.591993658177195,38.31008741418504,17.803962713720633,76.23691250486351,-47.19101359504081,23.169372395283354,-55.185449243316086,-24.717472047521383,-2.938071483616926,0.0
1.426151841634196,-1.5910993690021684,0.7225584292390885,0.9761031173326772,-0.012882505191974938,-0.07230230308672153,-0.20452169166561465,-0.15073360624379478,0.0077888018026804045,-0.08610658109555777,0.9569152118766827,-0.5861330954159596,-0.21555905896411168,-0.4933105796494464,0.030381963558389166,-0.0726796285264469,1.1020207215539874,-0.9093065970604315,-0.2971617814730848,0.445456653459354,-0.6278660611694475,0.014988837189452547,0.5409450947831949,-0.24391947957022553,0.39365151790754765,0.44183893446308736,0.33504502352709753,0.46304417642039686,1.31608656217825,0.9342017045092208,-1.5320100174845586,0.6135134266912642,-2.334556922445073,0.29680421902545806,-7.504190505487486,1.0781940841638273,0.06255315505570579,3.0041064812724296,-1.520567059771938,-6.030257498216512,9.989405933781851,-27.930086554810458,11.933211082341211,4.760052317842189,-6.090096726593192,18.58788984518347,52.45095096368667,19.965901602832126,32.90779164209129,76.1393978961671,15.83341158190275,48.29325279876243,36.28727499152134,-21.234047725704745,-0.3108799002847794,0.0
1.4355375737036578,-1.6035818734435932,0.7218897462224232,0.9767101734603497,-0.008408870664508912,-0.07796756969598881,-0.1997187673427381,-0.14597596375561908,0.0038758773811657546,-0.07564323275489675,1.010178140725661,-0.5925626542586947,-0.2684555523741556,-0.46227135917195106,-0.0059599041248174795,-0.06764496827054847,0.937872945024571,-0.6274107360836905,-0.2918396784318953,0.48920083957391125,-0.6215452827988743,-0.06848940843702658,0.642628194351241,-0.643009541269422,0.35355295767445627,0.3118339093051102,-0.6333513229924111,0.6838320535285319,2.8760490907783822,-0.2828208218969685,-2.2057348572561692,1.3326040943429998,-1.5696504369324051,-0.6414586586266696,-4.497675526030869,18.473630716268957,0.4086642249425397,2.3663037152168243,-0.31893913142845576,-2.4322457404274287,2.5379523206890524,-21.26312597553315,-12.027202696551218,24.75864881636281,-45.271825235517596,22.794620341753834,-36.16651919902281,37.88943754007159,284.5608061092316,-11.1956692605051,63.904538422848596,-25.98397074365749,366.99550694261916,-116.43210938459728,0.19111804212907715,0.0
1.4450500749430484,-1.6166242404280318,0.7198286441986571,0.9761292398108099,-0.004339291555193848,-0.08439075044910858,-0.20007768234814804,-0.13004655763741013,-0.009741176466814884,-0.05769167754820935,1.0082626519674154,-0.6850119191675375,-0.2823092236073452,-0.44539776643391227,0.009222295476827153,-0.04435882177105377,0.9053855778182577,-0.37972098193516546,-0.27859723403945275,0.4527789703774936,-0.6703242010791498,-0.13332909878619317,0.39559056579627105,-0.41563464334921557,-0.2504551877855242,0.7455349535992887,-0.8214475737108344,0.7968476145186912,-1.6479130216320776,-5.092214410555779,-0.07016258022952453,0.5897218920382304,2.3037521439313915,2.3440328012748877,-0.5173148508334569,9.193078621883098,0.5134851045345998,-3.2276470977897493,-1.4662697918385716,-3.8320264509276116,-15.30730080063095,18.80133653186473,-3.126579409060987,-36.93883180903522,-22.09784295070857,-28.588703608781007,-102.07936604668068,59.94241444244855,34.65085299268705,-20.06516592533608,136.94028530180427,98.1496561028479,58.37707191841986,-249.13288427851805,-18.710923240098452,0.0
1.454555699868616,-1.6297768696814665,0.716170395403535,0.975219386259481,-0.001108736005140948,-0.09089207053272995,-0.2017041171677625,-0.10669524569431502,-0.03780505488305395,-0.047947630450909,0.9498774147985481,-0.756077049821081,-0.2819466583930434,-0.4352833286872256,0.04108271374007845,-0.013748164306184718,0.9340046183716708,-0.31904824532287374,-0.27138443896345227,0.47742949432911036,-0.6469324360137894,-0.21732808389882394,0.3662035135628028,-0.6458764957640977,-0.16983333136950385,1.092976418665232,-1.7911509032916966,-0.17996253912677157,-2.3652762400248424,-1.7026553396411988,0.08761815125245569,0.4263932632286237,0.8809836699666559,0.5938598527470608,2.596280476326135,-1.0102577136921742,0.27271145032393235,-0.525142705143952,0.010000256124459182,-3.716508400419772,-17.111251546978835,-6.589502414514187,-4.54312693544744,-69.10591003007234,-83.49515098790367,-309.0904098619753,495.8592322814449,667.0818232671506,23.40990256615804,4.190665471897673,-44.366320401569496,-83.50953146243276,56.140068802492856,-239.4935161422972,-6.738981725220083,0.0
1.4638279655714865,-1.6429280983788144,0.7127633307810347,0.974045587253832,-0.00014374373956516336,-0.09784753719684698,-0.20411034455310628,-0.08691007682014482,-0.06201748230416564,-0.06517364079718545,0.953918484637885,-0.7737610369797709,-0.27727168610739383,-0.4190993493195699,0.054857352760090086,-0.011361542456616969,0.9758675722361622,-0.3558160812943211,-0.25843034234113166,0.45338763572841934,-0.6696085240479682,-0.12403878835248339,0.1019337931930671,-0.6879876601051758,-0.38708182655522366,1.1731496912601276,-0.48683473518622533,-0.668690823269885,0.9131812434225889,-1.0713259060820486,0.23194792624908459,1.1296457784649787,0.7029323792713918,-0.06155253995813126,1.5559601238133964,-1.9917994260811454,0.7774157029198321,-1.2334792359429758,-1.2888795543490943,5.385484337883246,-10.267831969191013,-0.3947090779921931,-13.658757505599953,30.615021841075123,86.95579689706605,55.15013846975579,0.5515818037925548,-35.36015591453971,-5.521122698960176,32.134315198336,8.504503455183162,-9.233088054905775,-62.922915682094676,10.846588893094768,2.1007184152558245,0.0
1.4723243821321557,-1.656579271422461,0.7116830855358324,0.9725176127102418,-0.0014238246050783188,-0.10341443582250323,-0.20859750754834117,-0.06166295611807518,-0.0559216934572665,-0.0691260969301648,0.9664269687537637,-0.7953099350091097,-0.2732066754598945,-0.3916282202543441,0.07236916034433677,-0.015386792721013814,0.9909981449574452,-0.38911746128602,-0.2501949622454821,0.3992882162111425,-0.6878023744041689,-0.0023947709490953987,-0.15178717678711684,-0.4653351462136607,-0.4810854368126924,1.267534476853419,0.8237898470433964,0.1452134013645348,0.2936421680842528,-1.087654334500165,0.15951537684549655,1.484651946548462,0.9735519329992911,-0.27997108270559806,0.18042376857916065,-1.3441050919851545,0.2576272963314008,-3.058426344791147,-0.08439762423654043,5.154105974124704,-7.94920030637971,16.144728579241473,0.18987988895971775,-7.207134037029404,45.68682129442603,33.79517673921205,-39.4090199078806,-3.392726894730254,-5.623809524795599,4.137570284697435,6.690248683671242,-7.126417154187626,-56.14337264242845,36.79951226016201,-11.939710147968539,0.0
1.480069393068439,-1.6703831529339463,0.7125478294839983,0.9711987950450366,-0.0037495003408194788,-0.10684672133654424,-0.21293806585459182,-0.030864391486499273,-0.039752462878550984,-0.0667949420015268,0.9481568752999224,-0.8185309756094107,-0.27153522130355867,-0.3598204699460398,0.09224451307111081,-0.024502949449027603,0.9873395195393685,-0.4138947236896858,-0.26794375173480595,0.3729653412295849,-0.6868131438777241,0.07015793629280488,-0.2236477608742638,-0.2927302400602102,-0.3680209588000395,1.4903756462721194,0.661816426593728,-0.24876734694468575,-0.8013081459741402,-0.5791300265650934,0.06432278457309612,1.6169143769134078,0.9622429532397945,-0.49786232899654614,-0.5147310507273261,-1.0163227778851407,-0.6304200628254066,-1.7686780797920743,0.7682462056956407,2.4401372590806476,-0.5410485251914434,14.324465691419062,5.644523923240609,-12.622969492576754,-16.328194921960208,-33.835213530656596,21.53513216081011,15.384201487062189,-2.0425906972039005,-1.8994770619011858,-7.082440511561085,1.7107274302714914,-36.45748594619743,30.228175160294498,84.97774749331144,0.0
1.487436936412801,-1.684283585999707,0.714142017516811,0.9702678768954279,-0.006067894916162373,-0.10807662993789657,-0.21647833558440044,0.005897932306367589,-0.026639429874919282,-0.0765906067699498,0.9154624513048598,-0.8010275715755263,-0.27019383971050703,-0.32816717405379886,0.11095085169108794,-0.03483306093270951,0.9731758052963083,-0.43184939138357714,-0.2726693956432972,0.3553027325321748,-0.6964081129160928,0.07766473795413914,-0.23966924230759679,-0.01974217822188995,-0.28756757798273,1.8269887357328547,0.651541192123657,-0.6102527382628299,-1.8522982647032609,0.8951715013533923,0.060293346703603014,1.4246826048497474,0.9016378977439233,-0.5516218608406758,-0.7976220938313483,-0.7822443574657324,-0.0699355077185335,-2.104244517576874,0.28086793793429576,-0.9030795648751729,0.8027431826819943,22.102862545917663,7.277567855358705,-21.54616813984278,-0.913357054387938,-8.539871526684523,2.207172362092467,-38.3004173006596,-1.2217140108517828,-27.0448631849314,-4.919223969817441,-4.703758008708548,-4.4835694460314865,13.060249731771671,9.52837281776386,0.0
1.4945102287083383,-1.6983141586738506,0.7153495825710469,0.9696761901405232,-0.0068953958342535945,-0.10664515304329622,-0.21978933350647745,0.04135228981092331,-0.012092448086537698,-0.08451828683723106,0.8579527925912418,-0.6952877143736603,-0.26839120004937456,-0.30470968858899183,0.1238302552882611,-0.04766896873000916,0.9633875586978672,-0.4562262895609432,-0.2752428979223137,0.3444295994397877,-0.7030777247136887,0.033290538389355424,-0.09280739842567663,0.2790788185353207,-0.310545740722512,1.540873274244564,0.801415116689303,-0.24144734571735837,-2.9118355403864125,5.828248686030402,0.08690261293977285,0.9061665674733693,0.44186303114895964,-0.7661042180834238,-0.3437073759297021,-1.1225870390961512,-0.13813008966919849,-1.2140425789347573,0.5638028706753079,-3.8276698254497634,7.353770908489377,21.217607074997854,3.841867263480108,-35.458729294773526,1.8289437491417055,12.941115050129342,31.189809439057036,-68.25504339639996,-1.9956018842567336,-29.02603415596935,-43.59153718883231,-32.18813100340924,-10.667456283660233,122.87944290988166,-1.8887589831948948,0.0
1.5005251473698835,-1.7124465503170967,0.7156398274213832,0.9700151758800177,-0.005158233868374371,-0.10034063047734217,-0.22130456177229593,0.058807923911005616,0.0061106799480664265,-0.08635543225278626,0.8211849343156602,-0.6599931063020911,-0.2663826351597896,-0.3103986877718695,0.12209709846333477,-0.0647418867256734,1.0102531338061465,-0.6054507211133824,-0.2822405455633344,0.2694631989099762,-0.7179579198077938,0.019117749194068494,0.06066630034238257,0.912885622760097,0.018431050644305627,0.45820517895285745,0.9626469734501546,-0.12811931761206205,-1.4353699263746633,0.13485183003058474,0.0882192670490691,-0.8566955530586309,-0.32078464250348154,-0.5340168568025799,3.047031549850196,-7.95350748000572,-0.3943259689021383,-3.127155811386607,-1.8223203757073236,1.5611714221550168,2.7531744604773727,25.411383781466725,23.20020651177433,-38.28935438818203,3.8625522579443965,-14.897611643557642,17.97912363278573,-83.85076070443544,-2.4666429351963663,-37.42346648768293,-17.72575748182557,50.160570848681125,-5.099191565736252,114.25067164389012,2.398291327580325,0.0
1.5047358572280685,-1.7268771905358595,0.7151342912564544,0.9716895745568286,-0.0028946630073595457,-0.08812183154695521,-0.21919291600883115,0.04931513829012391,0.02898423126381485,-0.08916005530010493,0.8130027398284981,-0.6645054429599658,-0.24594221815469516,-0.3472557234562971,0.10433151139247017,-0.07717656577672977,1.0816094742990965,-0.8532002225152889,-0.28952854405557693,0.17199148934571443,-0.7361483659113257,-0.04743772178494136,-0.1405496229141121,1.4445601037065794,0.3709240235975204,-0.9692165525723991,1.348305763960271,-0.21460313878215104,0.04717398884139345,-0.3771873122707004,1.0947168536103153,-2.3578093351986382,-1.1853335546081127,-0.5018711944421781,3.171352150646329,-11.797765477012623,-0.31031580036824297,-3.43428642691664,-2.406992577693692,-1.6641509929144738,-14.29286992796044,14.901905967216443,14.178177721463719,-35.15949960822834,24.440165605359137,-12.500079790489341,25.456290081879352,-7.129497106487021,-12.090907922419836,-36.79434337540206,-22.55917767660077,25.685370773833363,-86.04348590503757,203.55971018780258,7.22788825944951,0.0
1.507993959958562,-1.7418607009733422,0.7136155387304781,0.9735705299460277,-0.0016589870944499936,-0.07426792114001297,-0.21596746716108192,0.022439871691940855,0.05007724780770377,-0.10510829253615439,0.833052683113695,-0.6624030504972463,-0.22015534386590285,-0.3972556704527895,0.07559534151301145,-0.08151696017942646,1.1339856249824485,-0.9485085938159096,-0.29467697647573343,0.16708188519918996,-0.7701768572358539,-0.09233390762343449,-0.18267645988606138,1.264534675822969,0.2725734401838353,-1.3462644118641898,1.0026285935382413,-0.9555434356574677,1.3601914165878777,0.398555546737635,1.2656507930503849,-2.396647713218041,-1.537319818612696,0.08417390793856475,1.9441530781844065,-0.69136416787193,-0.20611398265459865,1.3328235970905413,-3.021074461400763,-1.4703645896498487,-3.9358336021594686,-19.47445217630147,-12.257987509988235,20.84181262409453,5.765677915631493,3.224078014565181,12.13735441467999,24.885650279203468,-8.750602924837684,26.769727084075253,-4.552332606226412,36.25286212948694,-85.15006117970078,232.99911643049646,5.792443950238649,0.0
1.5116282125211216,-1.7578687128034731,0.7112871016963016,0.9746367760353557,-0.001340320948382403,-0.06352833032830864,-0.21458217443408845,-0.00369750283664479,0.07462445966132342,-0.11288074692327302,0.8678952402134033,-0.6477198797444444,-0.19541146225303954,-0.436525016418715,0.04398274443457885,-0.07753810166934973,1.1556962680530065,-0.9375813938201085,-0.29733115798961407,0.2006484488713645,-0.8292498956675214,-0.13518925737776658,-0.1951482762450638,0.8523623129550553,0.03395443783245301,-1.076459206762754,1.3813757068809385,-0.04761539273050795,1.817068567789131,0.9147496369615242,1.153748757960074,-1.5537425984674187,-1.5549596004083432,0.33944862961362143,0.4664065967204065,0.9232087406427548,-0.08968128825301855,2.5621863830490677,-3.4626719560865165,-2.084329170270261,-0.33097526870029437,-25.695940267499644,-15.593194129304925,38.914915662792275,13.653594559743448,26.990555554536225,-7.009755475387665,13.30449741468311,-11.451527321016686,47.76166165125263,6.723202525254183,17.770411041935315,-58.69459210987524,7.4587098188778445,3.6346865525970515,0.0
1.51635798211645,-1.7748390489052657,0.7080386885446981,0.9750024312717949,-0.0013781269736172909,-0.05772324721192276,-0.21456091561942323,-0.022280495302270716,0.10019730349750208,-0.1154906725880073,0.9137442960999541,-0.6276372366615511,-0.19323703803528694,-0.4427443784487573,0.010895078104278994,-0.08105427002953099,1.123576971714458,-0.9133489424306243,-0.2971615819585091,0.2729872621270547,-0.8639227224659085,-0.19169358976994919,-0.031204022012940796,0.3151789874806118,-0.1483625538126164,-0.5749833476547422,1.1439518979972665,-0.0817823931013315,2.351900995672366,1.1068233867889037,-0.09237685249409207,0.24782976855346944,-2.055913595621411,-1.9366765406517008,-0.6050878059049433,1.2987328856994604,0.13713371858539955,4.23672357599342,-2.2749273198328233,-2.731089292781421,9.201273182117925,-29.20801862216837,-29.770273924390327,57.142273082230076,-11.580938853483088,11.555854245454611,-17.950827890198482,11.95725424066442,-4.300588243355619,36.80345401790683,-19.559123144241287,-194.51733302891458,214.28886812422158,-33.76964178612271,9.577409663294896,0.0
1.5223064199291858,-1.791764252315746,0.7042364992748392,0.9743470850336009,-0.0007940763337894152,-0.056714973225604925,-0.21778553473846854,-0.038432173279179596,0.10723389169093774,-0.11300620085729028,0.995659396402814,-0.6854721495105243,-0.2627751533830006,-0.4349784535956419,-0.018593665059527663,-0.12479315517137216,1.0979993556301153,-0.7050314355240349,-0.2919916256498124,0.3343949988747204,-0.8384275646119002,-0.18565935713101378,0.10729475578502717,-0.1286000945203286,-0.524237962045153,-0.5802490464230298,-0.33800488859544375,0.40068574540711654,4.31931537279749,-3.3498295516197496,-3.601894259931832,0.7485518991563253,-0.7637318875155004,-1.649955367501274,-1.4172591046737526,12.184553245761942,0.2585433740582129,4.926336261525734,0.5550220460283046,0.6438073250479012,12.891095625903702,-28.857947399705854,-23.053658931786764,47.704080170055725,-79.47499766560803,33.80092394560857,-45.522217833119036,45.881588612985865,59.93581492644912,51.937006614225425,86.30071087866403,92.82222087234797,-3.8962983408939715,-52.842429270345875,-4.8333105078759155,0.0
1.5294177125380053,-1.8092798372774277,0.7006845468983749,0.9726690332558151,-0.0009188633825227285,-0.05922087397202536,-0.22451502293003192,-0.03744528809320529,0.09352779854461762,-0.1051950024331018,1.0312593658751485,-0.8075505900439316,-0.28701341381425804,-0.41450968896579077,0.000563517017227822,-0.13108698628785095,1.0832314215866743,-0.569851174784679,-0.28527684291438077,0.3627411788312622,-0.8949577231891314,-0.17163815509233707,-0.0746272072376584,-0.29649599314370556,-0.7406282595194392,0.2188999171742648,-1.0257592814702752,0.27278156327287867,0.26366202018864504,-5.996589176635055,-0.21378095141456163,1.120534696749598,1.9162786766043411,0.4033819751046748,-0.18235615135834,2.756549768052771,0.3156405069722109,0.09658500645565395,-0.7855397754934857,1.044922011880132,-8.534864858525392,0.7263253417984987,-0.30668642185586487,-6.117239020363137,-40.57565789634747,-16.77119410509617,-124.2197830868517,95.41584287482765,56.95821078936236,-3.0805005905998573,43.333729697209144,26.675396336163725,118.38468728241993,-647.1259660738953,-5.288791262266863,0.0
1.5367256193077692,-1.8268462418911797,0.6974594512130954,0.9714157093213518,-0.0013953319785722615,-0.061815992998238894,-0.22919065369688862,-0.037999353762123204,0.06430196845151316,-0.09925975982137325,1.0166929048473465,-0.8951583808604195,-0.2862701133840256,-0.39070498391469405,0.02816968360703164,-0.1323732640421205,1.091742006778459,-0.5785780592178802,-0.2829859551229595,0.3597683423356723,-0.8693571266985052,-0.15428869706423687,-0.01219640064881055,-0.2267445092316669,-0.25865910638098977,-0.3684071583938705,-1.6749482888588427,0.3753611499016767,-1.1775348496698337,-2.121971632249104,0.12142748811309116,1.2383092682073116,1.1319494047269028,-0.3474779143618796,0.5689614805118729,-1.6902187815865346,0.035618334883060335,-1.0932884359992727,0.6786374998190635,0.5569735012257122,-2.5241354764792607,6.029206784760088,25.16014171197254,-46.60680278708306,-13.726751273869121,13.225346867343681,-22.88238261330538,311.79413285806703,2.798671727900949,4.723447227710534,-16.78346636329936,-26.66163705507861,-3.9624034210940526,-62.31561120343531,-4.312674590939127,0.0
1.5433025528835833,-1.8440725794883845,0.6947829200378359,0.9714495764381545,-0.0024553020128938734,-0.0625298093855209,-0.22884430267840866,-0.06247035257355156,0.041295636077131694,-0.07156604328912565,1.008539927017815,-0.9047647502863263,-0.28277569833689137,-0.36600481848147653,0.048172881270103426,-0.14606870235943617,1.097136461219505,-0.6122854182017906,-0.28246728702954244,0.31011271023267994,-0.8569425942609868,-0.1165269222171523,-0.132588226639336,-0.018281669673408094,0.2714393368523555,-1.7388376656395592,-0.9011087013488216,1.8843498716213354,-0.03867545941695604,0.1704910136690918,0.17029754223912788,1.276828681361321,0.9248852469762766,-0.9087132988503135,-0.00025831262031036223,-1.5764491930446958,0.019765774904150397,-1.5432518204959351,0.33197970138712474,1.9014529535800027,-4.388556252791386,5.654226933860733,24.13010285538537,-42.85000538045532,12.485827366221042,28.099907442943486,21.992936206876927,33.22635018000925,-2.8363199016948326,7.703064285081737,-6.348651472131467,-21.01098246615762,-30.4704576721896,16.836096686890357,-0.6221467920236878,0.0
1.549574654597438,-1.8613165200217927,0.692895904691532,0.9721339579491108,-0.004488446989340306,-0.0628043796731461,-0.22581193843482278,-0.10083412557924692,0.020271290464454063,-0.05424683581325835,1.0438711316934508,-0.8963184245525856,-0.2782867979989259,-0.33600209944412046,0.06741392596563615,-0.16531484746691288,1.0902272553261387,-0.6400375056586555,-0.28108101399054225,0.32858083313478204,-0.8708630979789469,-0.06649066640946402,-0.16880009568673213,-0.161669203002527,0.2313959230659524,-1.6364064861073107,-0.9654991895612102,0.5893368910370373,2.0138053618271265,0.4187400653497005,0.1849439119686501,1.7461756922603533,1.0384300044265946,-0.8606969359830434,-0.6419689938326637,-1.2154280676783729,0.07677098109089729,1.8016978858284656,-0.7310512021008517,3.718625082449525,4.409509000356907,-9.813240367081262,-8.314646595369808,56.27951137335271,53.39770435398583,142.21208093314803,-197.09845633459707,-19.167943052631642,-15.524590965520618,27.013580933781412,3.330190087329324,13.126389368328985,-32.55982034745881,19.132255157096495,-0.8723313377106292,0.0
1.5561935824090887,-1.878913454324314,0.6920998944812667,0.9725169120911829,-0.006838144846422535,-0.06410638952018184,-0.22372855493739857,-0.13106900569849095,0.006272556837467424,-0.03786229074287968,1.075870737735714,-0.8891507317516122,-0.27582906226336557,-0.2980387198567714,0.08979696074134008,-0.1816608788254963,1.0707001010506632,-0.6593614546027367,-0.278641212544697,0.33803070552522174,-0.8862640291772901,-0.019271212975185477,-0.17377955544792215,-0.20366339917308884,0.142628919370328,-1.3220372944236916,-0.6516426287263772,0.5001855578808443,1.5668470843010478,0.30520786660316734,0.09947620510374056,2.0164716968629985,1.1910086886850988,-0.6993722378784353,-1.2070158410837417,-0.7964598575046031,0.11897435666498361,0.8678222442367576,-0.3893576350695503,2.777583094292876,5.594018454104326,-2.0193011384353734,-8.814812011349916,44.65877519298117,48.070148007291536,126.03419930715795,-208.77145987794358,-22.172394850810836,-13.641549453008244,11.944615270492493,2.3388900404798316,15.364566198791984,-24.26874990595418,17.22311322069618,-2.232139651732827,0.0
1.5630590702591123,-1.8967578831024965,0.6920336875798137,0.9725486989659674,-0.008887316296144171,-0.06589680538112544,-0.2229969838119319,-0.15457260854193206,-0.0035074987410534525,-0.022284627461881576,1.0961867936201977,-0.8845546806612317,-0.27384778216348166,-0.25547782502781063,0.11496308900359732,-0.19291943019398305,1.0417069481408199,-0.671968558491841,-0.2743850611264063,0.35024366772449783,-0.894858003829534,0.006522807025079777,-0.1149758429613768,-0.2325578050600918,-0.022939836800750398,-1.0370902674230238,-0.5306323269660767,0.49647732494217794,0.9948981149538811,0.18582235262990748,0.09913271268533508,2.190402011957412,1.2988070118106463,-0.3984206250430249,-1.5876583070823374,-0.5231930006073539,0.21510564359568615,0.6680685982534625,0.10141906476203087,1.446137409140814,8.333808680824863,0.36446668530631116,-10.313136765641042,35.22299708203546,36.42511426065508,121.91698007873737,-194.37116451926167,-20.586060009872778,-12.334726570523811,4.162140218842172,-2.0003251427374527,18.418028027434442,-13.014415641619019,10.57452513593179,-3.3951628967706613,0.0
1.5703521021242957,-1.914815233211375,0.6922814015579237,0.9719569501087213,-0.010140233506170155,-0.06857820447854425,-0.2247084615013263,-0.16952089024377073,-0.013154719304344552,-0.013958986393117321,1.1062970953805285,-0.8769005382948547,-0.2706241249762351,-0.20787458037501302,0.14155363091792508,-0.19520239658822355,1.0048432323394467,-0.6790067445473885,-0.24981135717994676,0.3729214470398676,-0.906173138577067,0.012456444083079672,-0.02118137268696798,-0.3085293796264915,-0.3210675304778401,-0.5374361838936766,-0.4095126408011949,0.4935708791730328,0.05317895350343371,0.3198444264871254,0.12233507960881707,2.42106802839308,1.3611309862687453,0.07349370098056165,-1.888580530367681,-0.33989190213002696,0.9349078324790263,0.1901599172746284,0.1126753130646498,-0.043291102068937486,8.212547276802132,2.507110788130004,-11.975203989382079,29.680109794094868,39.09250424250991,129.38641134261135,-210.43502736689197,-55.363064214172475,-14.648473105624813,-11.007570849043043,5.2388825239201555,9.651691244662098,16.30756546327244,-22.417341269310015,-207.94106248010291,0.0
1.578199039090179,-1.9331255006803842,0.6923340229587625,0.970459736397737,-0.010488481464966715,-0.07256332116458822,-0.22985311877144513,-0.17337041409867257,-0.01964754683571251,-0.00816835526300429,1.108392152202943,-0.8687780422113471,-0.26143605891299,-0.1574278563761029,0.17081625438272172,-0.18845479708694343,0.9686185970706517,-0.6890100713408648,-0.24628712869181535,0.4035079281930215,-0.9167168664818244,-0.009848080434920697,0.07638211569203986,-0.43038505116147036,-0.6922568309049283,0.02860264427994413,-0.23566785597608492,0.36928374461937286,-0.12251653212344804,-0.013716253056003325,0.10712925627088787,2.512251060698213,1.466118683279083,0.5209016443703092,-1.6779542409100356,-0.5387314290217039,-0.3505286999595993,0.9021555892614713,0.16202249956468778,-2.477302862536528,6.05545524019806,-0.26866123174444745,-18.087115277941518,-11.794593522144392,-21.427822533303594,-91.18287761044066,203.92076424382947,344.02082855568347,220.86166899755455,-7.190839466234036,-2.0943270635163582,19.912487125477018,19.776699409364667,-2.2256840768485224,-37.53204169519719,0.0
1.5866061032093295,-1.9516749636938746,0.6915989514461987,0.9679858561546031,-0.010172940782604115,-0.07798507185030046,-0.23836573186802443,-0.16553211740364943,-0.020204268065227828,-0.000634381188103747,1.1081982357184033,-0.8498543957710845,-0.23660422161605324,-0.1081823111123768,0.19991090051878568,-0.17163005450010257,0.9460289791250429,-0.7051782405270932,-0.21765209131626445,0.43012456199298316,-0.9335986918758591,-0.0639308533741799,0.11313236080383261,-0.5698020497163842,-1.01915889040863,0.5770854162316894,0.0664337693868466,0.2736001600529334,0.4225909588867635,1.5126345100636511,1.4323330266129413,2.4333101873259335,1.4166938047780198,0.9867129527502224,-0.8518469292906614,-0.8782089889565192,1.8439583938353297,0.9933231114978107,-0.5010330609837301,-3.1528590206538496,3.9158050338438666,-2.4625723222822336,-14.437368667233462,19.04812741842801,6.502611927887466,-16.931178205939137,71.61099287034348,23.553082126963716,-24.1124766574616,-4.212175939159487,-7.3720740125939965,11.194088544261572,26.10499861834933,-0.11784341487663363,0.6186087197939489,0.0
1.5951270685292842,-1.9705144760685216,0.6893884391554337,0.9647801004114132,-0.00970970258344599,-0.0838499677791455,-0.2491470698790624,-0.14918287141966102,-0.011901336738434229,0.012589202392035183,1.1005265947976115,-0.8341179932649491,-0.203050048529677,-0.06897664559679148,0.22941533320247726,-0.14516520949479567,0.9510732236624171,-0.7185890855008049,-0.15991474195082908,0.42187016632666213,-0.949550814772906,-0.14798087364770096,0.07733101653831381,-0.5585981746489536,-1.1457711339036305,0.9147585982769529,0.5833316810469104,0.71507754155008,-0.6117495651570088,0.5343943918175404,1.4855238453255666,1.6690253426743926,1.4126838444660224,1.2037865467535367,0.8615782994949192,-0.3543711474493071,2.7244496143473604,-0.7031813030731228,-1.066370595242812,-4.760791422581081,-4.936252353366536,2.889959031179846,4.647436657600176,-22.41477198222387,6.621749444063897,-40.22420955882897,185.09385575065343,334.2136534163112,140.2988225235731,-26.985056931408234,-11.080181553323113,-39.052340854240626,49.51767891050766,34.51408170034198,-52.49590630316264,0.0
1.602922208106636,-1.9895862036343293,0.684975900330887,0.9608057699665743,-0.009475835278739492,-0.08784217213427764,-0.26276650041327904,-0.12939077886296746,0.009731700308234923,0.030551824219423724,1.0978026213391257,-0.7963682724616763,-0.16963342726012215,-0.06425618764319856,0.26459148526419074,-0.11241165123022012,1.0245213499784367,-0.6854517513434631,-0.10537958222739774,0.37519100451660037,-0.9657570612636232,-0.26629838656088095,-0.07013387413418468,-0.33174390418269467,-1.460710276844606,1.1840132222008424,1.3600066482121775,0.8726398487617332,-0.2741386286173942,1.6861281929113563,1.3007528289569714,-0.3715810361853086,1.8206312635643858,1.4229836923006778,4.578843475400556,3.8713138880515934,2.176910468609302,-1.5231257884868592,-2.4315495860257474,-3.8857808380777845,-13.897938834478078,4.624570899612891,7.892728543147165,13.840899553059334,31.83850800338186,-16.519719295638765,59.60623692124609,90.42605904627773,4.10449678277033,-48.46055523539256,9.6046621618413,-45.72670416312938,21.689887897505166,-151.59737302831778,-202.97952268601696,0.0
1.6086576184616417,-2.0080886090162453,0.6780747368849085,0.955208951716579,-0.007545456647290905,-0.08499437944185861,-0.28336351230847084,-0.10939500770866162,0.04537195501553754,0.061291202075176826,1.1022574326170764,-0.8118357063588536,-0.14303701687532022,-0.13624689054683617,0.31198959996330616,-0.06819202875140008,1.2090374133891588,-0.5715959159534107,-0.051875036254604386,0.25179227176974506,-0.9125592451919766,-0.37876067118184376,-0.07647219518238166,0.5967582591748414,-2.307219843695205,0.8909922080035535,1.8645720182550318,1.6775777494456314,0.4092962565266067,-1.7681957855903345,1.337138966059537,-4.789340261838491,2.189696315106116,1.8991161608136795,10.06821297302148,8.361412212362705,2.707635414163412,-1.3185165444373648,-0.015553333575277342,-1.8842909382965565,1.0566214453070708,19.083436359506933,7.879767453258211,-7.07811785902676,-5.40511754707873,-9.614595751274443,8.22822300716994,-50.65221487340006,-2.918782401556626,-35.72937033638473,-62.94434435343895,-76.49292479063871,-86.60774550363983,228.42245627937365,-19.208947039600886,0.0
1.6133531748643568,-2.026839738098031,0.6716176182658238,0.9483760279930094,-0.006289805656610059,-0.0779794404858201,-0.3073476122154282,-0.08390975846786325,0.09548288351792325,0.10423598641992014,1.1002074091653213,-0.8445241496931881,-0.09736180775192278,-0.24564615556907693,0.32806271118600855,-0.03204830039303917,1.3841894323742323,-0.7355701660351572,-0.0033046604127556735,0.21222882730699455,-0.9615719605971075,-0.27175130015027643,-0.5165454824648748,0.7412960129245432,-2.4056472279375303,1.3050745664631056,2.8628071535699835,1.9406660631794832,-0.1713421267363342,-1.6634979556255758,0.6579448406024746,-6.119383455624161,-0.4572494486689118,1.4687153379254494,6.643121844445368,-10.915465691255667,2.0063032236018614,-2.8935269246771753,-2.4224759272813996,5.517540677596063,-26.308677065727107,10.701003081894482,24.925045771028074,-16.458785274514515,24.663378428547777,-58.179263005587956,14.533604240121031,-16.127127738199714,-314.8080376943672,-81.7990966715599,-150.76927206117648,-48.348242529700414,-278.46553329558617,88.04930827282004,-46.20433059941824,0.0
1.6164662772626703,-2.0448423975509686,0.6654614938884063,0.9431858033618081,-0.005368283850228511,-0.06483135898752393,-0.3258352601500896,-0.08234171403622735,0.12613207642424057,0.0881859726228401,1.116072941381375,-0.8780026389832087,-0.13880856983461795,-0.41240685952045686,0.27051274789825236,-0.029149024113751257,1.5166190957612162,-0.9787909121840194,-0.05703884654491131,0.13623326086342735,-0.8794298532921017,-0.324728264764271,-0.48088437206121826,1.4441073645811122,-1.5807398203412577,-0.1690852501871737,0.41650170213517745,-3.0410976954664024,0.6713044387139343,-1.8527495762599797,-1.7547028305838697,-9.593062080838806,-4.452559509895473,-0.2050069156630826,5.342500987018666,-4.62672052371177,-3.0864734257870694,-0.22693756537427967,0.41810519018940384,0.07776407781375866,0.1394980969350269,5.688190166537916,33.70651047866908,-18.962416830792606,-133.26692191489184,-206.07240817782827,12.293508046946734,161.2804685753102,324.93745528060293,-85.9697733403572,-153.45182958356622,11.91556271987121,-210.09982771725666,788.9085577945557,50.464920230988035,0.0
1.620070823661358,-2.0616258222372688,0.6584803727114047,0.9396223996465887,0.0009233013542446294,-0.05064749198015784,-0.33844308997690487,-0.0882578529616457,0.10303467870338909,0.009849189832038592,1.1274787955957153,-0.8940356945219261,-0.14574663918701258,-0.6178594077109367,0.1509399242011691,-0.0009735913092522074,1.6222909698829975,-0.9884458266186559,-0.12092738651392747,0.2244037191015517,-0.8536324286324725,-0.3548048599417864,0.3428965439582561,1.4040589587125774,-1.0620113848256576,-0.12802283781451906,-1.5588767908815913,-3.857395032305012,0.5755247983631046,-0.44932980362668645,-0.8606178602831847,-10.236027499879077,-6.848509383099894,2.787539420478035,4.232929415166621,1.067993158343684,-2.787194966933074,5.1742359020562345,-5.251177865271109,0.7851853331447588,22.91031441281156,-27.92396381376602,38.17621833587077,27.62661007404248,33.82993518188977,78.10766580348628,20.409026392800317,3.4192184436147697,-241.91293113362008,45.07784855473578,-71.32462605533654,144.4894014721944,-175.54588798376793,69.61680568126168,54.690889715766836,0.0
1.625883003563691,-2.0811813034296676,0.6524845293399978,0.9371868909877795,0.006888018399588723,-0.04455634595323885,-0.34590174703010895,-0.0713936616016603,0.08400643872312233,-0.052409421869848,1.1354473738525215,-0.8968376854079685,-0.1882848864961418,-0.7698745795343105,0.03451527796834832,0.08106170017976583,1.602182322295544,-0.9580615984777897,-0.2012727950921144,0.3331899763068205,-1.0806975157179068,-0.2743344263118206,0.2513555007997109,0.26571408619694803,-0.6501017857329737,1.6276566931816023,-0.29942897606940433,-2.2910158812788026,0.1430059204731491,0.09862339577193244,-2.046584725290132,-5.655274504998508,-4.954519375536117,4.675334026468053,-3.8385389838878194,1.4911497678351986,-3.668796494303762,3.601969314157613,-11.580978065807667,1.3133301918896718,-11.318697679647045,-51.744723145745404,17.258774435167684,78.89947243906015,85.27413961556559,98.34285386547988,-25.00600127440165,20.04274673262764,16.747181599245685,198.27816824606262,97.45222161278068,27.14842130669489,-197.80365312219482,-22.9287392304355,72.06023614475677,0.0
1.6339963869914729,-2.1040963937549226,0.6485567653027473,0.9341959386567916,0.005763562678124218,-0.050235528958400444,-0.35315877615129465,-0.0240991760627464,0.06676916871806512,-0.10670607893682489,1.1662603620207146,-0.8857647417222407,-0.25093236681491377,-0.787120131379251,-0.0426423276040364,0.15887803163682734,1.3353626540954953,-0.8212076530093392,-0.2921779663363939,0.486361722237767,-1.1997153523491584,-0.19124460824485526,0.08470409475080595,-1.3048758887155096,-0.9370592363345177,3.177653160648306,-1.4753864990171166,-2.371821771675496,2.0381588943217444,1.81894582165497,-3.891983798272329,1.4842327148874779,-3.595573914437745,1.36294184421979,-12.173551312937262,13.330022341874962,0.026805620564026134,12.017520410926315,-7.186096761594541,-3.169331921688688,15.147136859555816,-88.26261637611705,-19.664829304387876,122.20952024757402,-96.74752225793338,94.83487861632744,-39.49103642123162,285.5179406828447,-150.31938420770126,16.380824391384657,-51.053526117473474,-608.9707616046111,1407.9486688764293,1263.8641896801134,628.2018792413768,0.0
1.6436518310701433,-2.1289827144376385,0.646044093333668,0.9304460037746192,-0.0021616919992905347,-0.0638615448143913,-0.36081472287236327,0.039111878011439886,0.0392534155715124,-0.14862277261862897,1.1886214486624278,-0.8778079827675076,-0.27020941076288413,-0.747737990193541,-0.09538081178625911,0.12525317797181615,1.216826480203398,-0.38085919364164306,-0.23082464159422247,0.44074470260469606,-1.2696361588231708,-0.05028932716658571,-0.721665646752741,-1.6371823790857372,-0.7976658503006994,2.779530065840916,-0.9051557865541084,-1.5598618662288117,0.5622830455231355,-0.16203579578768068,-0.14615009928150635,2.3578454549039853,-0.5771116584619136,-2.094578317669618,-1.2210697391152951,12.086417144259322,4.2043387134972985,-8.54057559065804,-0.16478489710966512,11.343518943903934,-56.90549333739718,12.284940378387182,-11.453260153167674,-81.78286980249433,75.58355924322795,79.31621012877763,-46.25223317215528,-28.193517051038818,41.90272146174597,6.471636273284954,295.4129220491363,62.870847525978206,489.8602008764753,-1888.7502561044005,130.87105493576624,0.0
1.6521021443853288,-2.1543169798277795,0.6472588371982568,0.9282232326499555,-0.015868723815784323,-0.0778836976139459,-0.36343354773507647,0.09501243626284786,0.03693222748319426,-0.16732045339009333,1.1579459219177153,-0.882877261952011,-0.26862271435297397,-0.690410669785924,-0.09194605201512637,0.08314937654876259,1.2463843541617154,-0.35842277635778513,-0.1917370804317682,0.39146538302817935,-1.251911578505699,0.149087593282344,-0.8659807521452609,-1.8527983536665007,0.22648968351162324,2.497824190219251,1.1295736431981407,-0.5155389407119038,-0.548435978745611,-0.3613113632787423,0.3621238236171124,3.350975816677557,0.4200012663050631,-2.2570366428463826,2.0364077752376177,-3.1105132833918674,0.7894236346181477,-3.2419135953620057,2.313925330887417,10.236052353793987,-5.490426490346911,-0.7728133233983135,46.71162600063799,-29.19296802859072,154.43687595997025,39.74050503619512,184.09880437379908,-5.679984241543786,-27.71804672202145,61.14952404123111,3.099575918874567,-19.886858715193284,-30.339843599180814,-208.24788382849687,-76.40903928879332,0.0
1.6595599344856908,-2.1771260017764162,0.652103942205255,0.9295540367014837,-0.02719917288535398,-0.09026245104176463,-0.3564297795895599,0.12189099069891653,0.04769430616851915,-0.17951190536459483,1.1380781744171726,-0.8856533660017955,-0.2682796281332201,-0.6250485243466222,-0.09308661821664489,0.03381355280302968,1.2830036256657134,-0.44044045076916705,-0.2806283990449393,0.36432628418704677,-1.04189525377631,0.3101069336773796,-0.2422236437582535,-1.316201048350985,1.1875895755590349,0.3030783681433744,-0.13076289766035296,-0.5708275029786919,-1.5235304433180503,-0.024633619428168482,-0.129771256831715,3.368684731102633,-0.51104442420306,-2.2923297774734834,1.1444106322690715,-4.000511911302744,-4.361372213445133,-0.4026688757508917,11.289284630899278,6.544913651059602,35.27241122518834,27.545848346807194,45.13206364649027,-120.14546164810439,-74.26555700454456,14.711728042748833,-28.28714418630888,6.47898037449223,-5.949885228038286,30.28328482286878,-58.663267788706555,61.29287854729361,-124.66320343048619,80.49209016772889,570.6926215296166,0.0
1.6661412296783837,-2.1962652565122553,0.6596194818493624,0.933790518363336,-0.03320563341974029,-0.09797997900286472,-0.3425384320605863,0.10527252794509726,0.05049453182272517,-0.18192247909383583,1.122427355873081,-0.887282880278449,-0.2635648515932644,-0.5560038299578822,-0.10636025242268471,-0.007738736652922674,1.282144662966622,-0.5035064145477806,-0.3068181150760391,0.30994902608790087,-0.8817389574596164,0.4221752799901749,-0.008456581996951512,-0.6288906956539522,1.6366635823200641,-1.668580916179158,-0.10305524177373623,0.16836557606792765,-1.2106208191590304,-0.038993354240112126,-0.01606343193801492,3.377557315342641,-0.8029851609607295,-1.9093439071372589,-0.7837387767509285,-2.5008739134575007,-0.06121213450822624,-1.9035308033476808,8.530177577184167,4.134973994500429,16.590008760848207,33.533934063718476,13.472550312688478,-92.39297270258358,-43.144641341993,30.1469621286377,-54.08966517227706,4.254858342185276,-22.31838840535338,-19.82979055933354,-13.569030948028322,17.343311474525315,-64.80697879411905,67.858277735938,68.2563022377364,0.0
1.6719253914914696,-2.212889917343205,0.6688521174957625,0.938132998809214,-0.03570823821890771,-0.10084796099973424,-0.3293343089183534,0.06640903013406615,0.05616751077912015,-0.16148327112623895,1.0928916286809893,-0.8882442529728604,-0.2695347598337143,-0.49288940558090316,-0.11547263515181116,-0.04031872142680968,1.2543037536961914,-0.539693568504457,-0.30229453877146295,0.2785524804067566,-0.7808177193382078,0.4848737257241838,0.07626614920008884,-0.12403169720815549,1.2021101362267614,-2.1744946522679434,0.08906577656713366,1.3472431378499912,-2.2459802541889724,0.022773084719384683,-0.5262792360094432,2.8836677326766043,-0.27674710145732845,-1.3721985848535423,-1.7543325802546756,-1.3079621754000776,0.29601803827173456,-1.1028482291774286,6.360949085438468,1.4139886074354275,9.734303941493772,27.502346617811938,-19.244901699731663,-36.432066783182876,-55.077128132659695,12.395274679343377,-92.12568511956347,7.79801214174597,55.59643141302036,-39.11067368320168,12.757781286079016,28.80251811342346,-28.613620108298385,49.8072105927316,-1.0297386570498732,0.0
1.6774467885659519,-2.2278158494643567,0.6788944937486057,0.9413974314755287,-0.03620594445068369,-0.10102344181662876,-0.31977221549289414,0.02260280482302441,0.05867285334725958,-0.12605447496377467,1.0482722508039481,-0.8873866059887163,-0.26992518780801816,-0.43697825089466896,-0.11695672003549472,-0.06490521109645501,1.212464209106795,-0.557215291024592,-0.29638652952369937,0.27725642992866095,-0.7116458090397378,0.5016914732929939,0.07879483472804658,0.05281058688423815,0.8393076834924498,-2.300205070159468,-0.43182645244508944,1.0572382448155633,-1.473729639026312,0.48444707905795864,-0.009211047748094697,2.635622159282816,0.06473549939948148,-1.0607584549700066,-2.2480365230738086,-0.5881496305150976,0.2523101281215999,0.5872518167022424,3.205785172032869,-2.505326525477653,-3.986307861648933,7.883697715004364,-33.619074409652164,-29.063214370459434,-158.3853963875906,-434.99909603736626,597.7261594394699,224.57913963400944,23.96295550136232,-25.456807523209058,29.782459718403956,28.67289028369995,-3.6698781949595185,25.22255119702496,-6.970967237700364,0.0
1.6834328994742866,-2.2421617429547513,0.6891175521989159,0.9426431988721259,-0.03694323698004059,-0.10139555838574629,-0.3158764593970334,-0.011090105406012334,0.04829510303427711,-0.129497949014023,1.0508299421288418,-0.8729534086484955,-0.26954942046747093,-0.3816137694148978,-0.1080210993869049,-0.08121021836713117,1.162496151772138,-0.5639880546254752,-0.29162072913982423,0.3152657830651377,-0.7152826675347909,0.5217240391174635,-0.029138456913864286,-0.1178376452671919,0.08938945799309916,-1.1038607442193789,-0.1618367554912504,0.5414781425777755,-1.1248846966984833,0.10177591647934983,-0.057436447008371604,2.810530553046877,0.6680928089254928,-0.5705862562813255,-2.6706260682093883,-0.14055934445051682,0.19628751333876787,0.9669261922136291,1.3376920253845925,0.25176646387374546,1.9722791431598996,0.41156730587124724,-25.90184821931279,41.41799853449911,41.95323912993157,135.20106006172793,-221.92852590936968,-67.56772293293508,-8.834295781765947,-6.733267629204404,13.298008110159028,23.945752552807846,-11.654269776155157,19.264480775097258,-5.994761965562255,0.0
1.6896116177757496,-2.256440765584119,0.6994070360074007,0.9427408464320552,-0.03857743200980027,-0.10183053114798912,-0.31524914136952165,-0.03372985672090298,0.052528888748282744,-0.11493171172474641,1.0286813607385268,-0.8747925615744644,-0.27068473254681985,-0.32517361022924124,-0.09218804371757848,-0.09414059277706913,1.1054166871500999,-0.5624969907644095,-0.28770520756186374,0.306231086557012,-0.7091739298728792,0.5022321380045828,-0.17899758440691962,-0.061126540544024104,0.027405692194824947,-1.0926436321253437,0.43613261904450407,0.9055861635997733,-1.277983919112044,-1.6874824872730056,-0.06989723087996336,2.7659334833578675,0.8729826284907346,-0.623440907809226,-2.931949101226696,0.20303600007156644,0.16294313467539373,-0.574082662855751,1.436545978710884,-1.7774037821065303,-0.01851417944514691,7.6740481047533295,-0.9388091102725881,4.329232561087612,33.02208951989225,101.31140228578826,-179.9456500775992,-257.9725901674258,-7.2346020129714015,-13.945701355154169,0.7044438369700547,3.8442157872266884,-2.9607582600789386,10.912031199850343,-4.972658888464299,0.0
1.695714817402284,-2.2704132238825254,0.7091355173749171,0.9427250960078297,-0.04061582463614011,-0.1017399389263702,-0.3150694097709478,-0.05803861097568294,0.06389160466330843,-0.09471776203597092,1.0111096401982054,-0.8788873238482777,-0.271131044638331,-0.27003099504158956,-0.07484257775589075,-0.10668591243742837,1.0449026854750056,-0.5551409511964851,-0.28379279269591334,0.3057007521586071,-0.6847947853056321,0.46905645653718625,-0.15840062641362018,-0.035085050101580785,0.032827174751643075,-1.227395750795845,0.6604643143200151,1.4642661223960904,-1.4018837346394029,0.04040471114301299,-0.04277291764810294,2.689153294735791,0.8224745783200523,-0.571689496240895,-3.0291154815895798,0.43018273724133316,0.17509889051307873,-0.3372887423581855,2.4738233563757293,-2.735326061106437,7.690075184175718,6.784201565982186,6.164435434884699,-8.822764798225968,7.002609762993904,100.17668190550049,-154.0934614326419,-17.928762391501845,-5.9897632404487995,-16.175160403998436,-12.636173585258502,4.252796998287515,7.824885876512981,1.3970327680184553,-4.462087984891839,0.0
1.7018126776003584,-2.283629663190608,0.7176849234996994,0.9428614258999904,-0.04125606963372245,-0.10129291482687339,-0.314722121361195,-0.08714702255196445,0.07171415894054485,-0.06849522718203718,0.9909585983199148,-0.8725634127468415,-0.27069459755836955,-0.22040493460117436,-0.060571387980606635,-0.11567760417635649,0.9881595498920124,-0.5470125230303381,-0.2792915498514768,0.30562358520173827,-0.6402155518157959,0.3883258477583482,0.01585646264769906,0.07080056560070006,0.01588720675741727,-1.6442440413404522,0.020272031583690397,0.7753548561248524,-0.1876616245355509,0.4418840172255631,0.06390400063692339,2.2521338985734216,0.6350664534094711,-0.27712092434400065,-2.5859065805650134,0.37445251661086587,0.20933537017524553,0.29691485698969516,2.067124738720582,-4.855041306564363,9.3673676995282,4.39567702568551,-10.611304088489542,-32.89010711711778,-71.04665090397899,-174.87707211671793,276.108332468794,246.60009320405226,11.091184416813197,-30.758208589401207,-3.334184847558472,30.629253059106322,37.73009209705399,-2.7000524233272536,-4.3924522395574535,0.0
1.7078428706613924,-2.2962103616403806,0.7243781997672365,0.942807247454486,-0.040302506401204745,-0.1006822183649165,-0.315203573948958,-0.11853937051618339,0.07176460664194108,-0.04920954685619825,0.9774922761572441,-0.8624857053119078,-0.26866380733604883,-0.18492293162768267,-0.04599542362790454,-0.1120605335294598,0.9511974215773048,-0.5347907961344414,-0.27393491206688503,0.29875733482302574,-0.6189779757958407,0.28854180215673825,0.10427312396998503,0.1017282938890702,-0.08762931601507203,-1.5998188225883734,-0.1615254013352229,0.6916266600118333,-0.3780385681211518,0.9830560794183586,0.11203587140248426,1.3878479042905922,0.7081945874582396,0.37412801397983275,-1.2124893457813672,0.7819805098100672,0.25509994167495353,-0.06571656647086875,0.8056815493661937,-5.371215026341771,2.721185204946978,-0.462415279389542,-6.895854620982216,-26.06452169806274,-50.21578194277941,-158.6690288819363,266.3249817258597,356.01590624210075,7.881128906408184,-40.15937300823304,-4.8759340144854395,12.40946767102535,71.49469642883419,15.79013103081042,-4.397183013213066,0.0
1.713540929744156,-2.308706485782039,0.7289538708223349,0.9420608131132769,-0.03945959095819061,-0.10001219098354995,-0.31774506563034766,-0.14320173883069398,0.07152319195772788,-0.036455097509413274,0.9585852067917262,-0.8152257855243974,-0.2559359463641814,-0.17532169747036322,-0.026935258336268492,-0.0952117610510522,0.9584543486770544,-0.5032555020848342,-0.2634945065185555,0.2783241435204783,-0.6342399583293201,0.1853411067642268,-0.04632566899117067,0.04845084008595054,-0.3430890065717242,-0.9224813161304803,0.08967703894069717,0.470162695400418,-1.1179737802232126,2.171537903400073,0.1575796094125338,-0.009460934974871826,1.0466137086003626,0.9134388314234283,1.2775367195011118,2.119395370188769,0.5427068931062613,-0.4083918675574963,-1.066022402628058,-3.8050595779073855,-7.165955993943355,-6.6551873641706925,1.9095395642838113,80.27576794186486,40.445536117701714,106.57520713633396,-364.40789798105317,-577.4605142901709,-365.66749920012194,-34.12598962863169,-1.5312201312038343,-16.37503815971351,72.18178086766261,51.851511713450265,0.3024532240168677,0.0
1.7187276267761704,-2.3217280078978897,0.7308286182168499,0.9397344431234248,-0.0398159409521414,-0.09889232569433222,-0.32486023944516246,-0.147298695687118,0.06959563525176812,-0.041676457996383844,0.926022737655122,-0.7044295079579183,-0.24747605678524903,-0.1991275955119913,0.009574996055394329,-0.06437284392793334,1.0398340375929445,-0.4335999061248906,-0.2605513368792666,0.2528839458916861,-0.6812818640198197,0.024437053794107048,-0.26686766469564105,0.06534564143541138,-0.9105347348176039,0.40437790407261576,-0.09251373775761233,-0.699306106176428,-1.6189245267542571,5.618908630333548,0.394513656309217,-1.4504675941981848,2.4468746877290144,1.4064085602554977,4.995770707510893,5.195925309321764,0.01620456569058338,-0.2362881334015553,-4.054197264676816,-7.2963504143946905,-14.81539921662479,-7.173743417450358,-9.025025048024153,55.260439780829685,8.295013688823259,-41.49903968176295,81.67241278179807,19.833142278592852,33.80081739009361,13.492713353423452,58.17039361003806,-58.10557867834485,11.119463838527473,29.756814852744924,-4.020508350246494,0.0
1.7228750577802885,-2.334992138055661,0.729386388891737,0.9355384282818259,-0.040104106784462704,-0.09446929465846556,-0.33798677813447653,-0.12881821469896163,0.05525456136174055,-0.09734348081788997,0.8593654808382527,-0.4324656333890607,-0.267818442988274,-0.2610205781358892,0.0499568205066531,-0.06366682835046406,1.1884393370907704,-0.6111497341168118,-0.2739398351836484,0.1658714654759195,-0.6624354404136705,-0.10963230282299459,-0.41205354150656565,0.638098303273827,-1.6463860851926906,1.087895932799901,-0.6604195258963855,-3.584523732090314,-1.7193595696053598,4.214784713831605,0.10928531940191757,-3.91233322922387,1.8742573595026588,-0.9138814453156828,7.233528249133923,-10.740773263848203,-0.23390418468551086,-4.6769072978856245,-0.5838199913464253,0.4906918978129642,-6.875582781820986,18.49942468960461,-29.277828255312308,5.2214415911384835,58.49594018138113,34.980321433412875,200.78748036556428,-1131.4302892445955,-14.75060490796192,-52.84196131514534,-11.34611267638046,-88.47653337242076,-146.6206287385577,126.92100021473013,26.72396851169921,0.0
1.7260068933395567,-2.3482454548939478,0.7281972483418749,0.9298058920562254,-0.03805557593667219,-0.08802299417847957,-0.3553374856858062,-0.09863526506937272,0.04219926986166983,-0.16435761155265544,0.8338801298991994,-0.4635770662118833,-0.2621862892625825,-0.33473727260135444,0.081613850128874,-0.08441195216086379,1.281008354257477,-0.9277948027622777,-0.2793325938328802,0.13684568186500604,-0.6640966862642005,-0.008605050534589287,-0.05833475787706734,0.7480126865650567,-1.8991143607173164,1.2807171081887245,-0.1389957277396617,-1.8028924792665433,-0.7255647467290958,-2.8355236314004624,0.8129124624507077,-3.6358619011534663,1.3844500549823189,-1.076583580596434,2.438632036076655,-12.52761307177606,-0.2506719255970178,-2.638504942899391,-0.06917076273182976,6.345739724162827,17.35429905170474,6.420872989116386,-8.437206922998872,-45.10258775934865,60.73706846393083,193.22661069547863,54.78794342403655,38.20910231239997,56.048791091865944,-15.89738061186249,-21.0903823940468,2.8715227198725994,-230.54651812242744,1671.5275529430032,4.009873068120132,0.0
1.7285035421943495,-2.361610970362567,0.7288201655378036,0.923878456682126,-0.03301908227703822,-0.08180712703908274,-0.3723787473122591,-0.07278232573894175,0.036898872936694325,-0.20173865115454132,0.8172438601811993,-0.5125049625171576,-0.2515370613485518,-0.4005784810598048,0.10780157539468328,-0.0946322535440102,1.279051446101804,-0.993086190579099,-0.2857578284179976,0.12126507479951325,-0.6674635016800918,0.04708604405951624,0.2135984472176694,0.7879700459863894,-1.7733554715946995,1.4468426724558925,-0.4917871833514968,-2.103386262819314,-1.1869290705122912,-2.073234650337362,0.24331835606924684,-3.083070227827272,1.1141181709087447,-0.11588163937661754,-1.4386042176159972,0.47552470889712023,-0.30413363633587726,-0.3178255815780972,0.35495497081383853,0.7243747161365439,17.202126154969363,2.625503189667527,5.413384124601625,7.755781704237849,-18.505230818134763,1.5293118791911642,-31.50773689574414,59.41264746863428,-10.520581432841459,16.700374458480116,-31.94148101108787,35.44057376784228,-96.31538364452769,198.13236299268092,5.461681053690967,0.0
1.7309006922926762,-2.374503976817079,0.7296715936178723,0.919717422664957,-0.02525979192525358,-0.0756046661144304,-0.3844030954872078,-0.05840306688885851,0.029947009337669066,-0.2264254280882893,0.8067158794169814,-0.5344912930216734,-0.2532225439807361,-0.44339710396418225,0.10083886827200057,-0.11073249977166666,1.1845005570553813,-0.9635115116987946,-0.2923996593605312,0.12325365643960612,-0.6225373514374389,0.020772478367173802,0.5605543671452925,0.9330013919438638,-1.0241686697519956,0.21542768286879227,-0.32756543218398243,-0.5020743215770582,-0.11785051499256131,-0.48594399756053963,-0.20772561956643198,-1.6959060418702492,-1.39272657800981,-1.0240337832641027,-5.995711959260627,1.6568208771972341,-0.2959529186145539,0.7647939328704092,2.4578964596542003,-3.717534354412783,24.48874352041827,5.826525224994326,24.91373965611246,-45.956037163128165,-6.385609950625579,74.76218715991885,35.455786762218004,50.43263732345428,-9.89245555940264,25.781320001806574,-99.91343753811836,3.824443740465826,-36.006045281524294,-13.75215091032555,6.624751971924935,0.0
1.733843612896865,-2.386980497039917,0.7290681095400442,0.9182215635091685,-0.016032878577276873,-0.07181685634939099,-0.3891714869506708,-0.06938457538253487,0.030119192345020956,-0.20962264341267944,0.8343453240628886,-0.5333831656168146,-0.27231709795464354,-0.44518940524304845,0.051526325546532,-0.14402269108353333,1.0037636639381557,-0.9289495857572925,-0.2974075338077602,0.1764324519646478,-0.6211953136737234,-0.09431115809700609,0.8404020216465684,0.511243846323074,-0.3287079945177725,-0.8604646291970381,-0.020523082040456244,1.6418574380845163,2.1628553920735194,0.45405041053638767,-0.3604067931959485,0.6708159289467088,-3.086728351156365,-1.6223396257438927,-9.52347157575021,1.5398058938668715,-0.19709126692061477,3.6548804450208214,0.21268483568164337,-8.634419180122997,24.338059107652384,-22.19921856681045,14.404772071077918,-11.136149397015394,-17.002263737226734,63.65376990778378,54.85751907173315,24.817498299346177,58.57568765682559,41.08462187124172,-43.28968424977103,55.048990933917615,88.76218902875527,-32.26574823031546,6.1812493413489555,0.0
1.737315700025039,-2.400306279854133,0.7264272212059001,0.9169589935657949,-0.008906670320224776,-0.07301394481570946,-0.3921426261005823,-0.08530718950897104,0.040861475976716854,-0.15916090331727598,0.8921214529582432,-0.6033465606748457,-0.2728571701034017,-0.4339573538037232,0.01563967687197525,-0.15989460938918673,0.8748878155168209,-0.6492028474865753,-0.29328137447663677,0.17066468148739136,-0.7081725110595618,-0.13959523319893213,0.5174717097720228,-0.1472745798996885,-0.41996347516671106,-0.4852607455307329,0.7610290648254692,2.5746251481085545,2.734269231623623,-3.883320994142953,0.0914514471190364,0.2524522986262097,-0.9069454777935839,-0.6617070676897807,-2.7562704850045803,16.98090737232559,0.35232647536944484,0.394116339147859,-5.237481757443333,0.341616063430342,-17.41889933739217,-37.94931143525939,2.908926001934383,50.36572631242523,1.2171074967851792,-45.64932287641822,-55.28871386260435,55.182162885148415,4.844343823688416,26.166773585242325,105.04471536945175,47.145735083072786,229.23899172090975,-131.07142932500665,-3.227163287932531,0.0
1.741061938503585,-2.4151217110968783,0.7233236550867905,0.9132076734615628,-0.004983325433473308,-0.07862133833969649,-0.3998069493595874,-0.07583983349323739,0.048832607434260815,-0.10587543961705367,0.8995443376567627,-0.7086545169336905,-0.2714425181361897,-0.429765863692324,0.03260716622783509,-0.13518072536708564,0.8599595714092905,-0.4085798334100622,-0.2850253498694296,0.1969463551078708,-0.7563414703642403,-0.16883496387636845,0.5164349757420659,-0.5185754994230045,-1.0647197393633652,0.8808990866562872,-0.1624289240906679,2.242693634896936,-0.8212910511213187,-4.957776026281777,0.05370000943103611,0.35619379500403453,1.8621163833659145,2.3042994503668712,-0.04663749153095799,9.352792738425562,0.3381019193911742,0.7508009808146133,-0.8990794332410419,-1.8042532884340015,-0.8858528819389273,-10.984665648870202,-5.647705804232369,16.2358866492145,-76.52521771021448,-75.731433102464,-76.25937990373355,83.5685579561823,-1.7032142978015916,24.637729584383678,77.94715257604754,78.01149990561747,31.457627643643598,-219.62146531830714,-12.71847842147745,0.0
1.7450297082950685,-2.4302878136778534,0.7187620838729353,0.9091338060117572,-0.002167168130956166,-0.08576992623376066,-0.40757152243836314,-0.06004164556769492,0.032255916292527824,-0.07589644143544926,0.8767419584343713,-0.7825976672838537,-0.27264458224471755,-0.42458827359349766,0.06863058423611244,-0.0934724837958961,0.888432003350562,-0.32986900662207463,-0.2752646347792553,0.1922801418694537,-0.7607580967248918,-0.272287765708723,0.4028313912919974,-0.5904617502854781,-0.7005205876508988,0.5837204409991458,-1.2421625907244311,0.9275037833939986,-1.1354447331849558,-2.940318327459551,-0.0925592573310224,0.2948939021628416,1.7018084584877382,1.7521109587993688,2.006549731815487,1.3373939641971802,0.7815557495048145,-1.5050948649007323,0.3921514844194135,-3.8585861258920824,-13.277650682454547,1.214453663774912,21.564250335595737,-33.95176103235311,-31.911700337397065,-52.6365221438139,14.764336180071915,70.78450299458919,-0.38081275312647056,-18.920360275181437,-40.781396053498845,-69.87499736531834,145.72634002253167,-584.9252073548944,98.58252951264922,0.0
1.7484114201455676,-2.445658409557305,0.7135925288575191,0.9056916780054082,-0.002177668735091717,-0.09161005060633007,-0.41391477477680694,-0.04829686389618977,0.01358268533964332,-0.07001435039199212,0.8700227534101372,-0.7898188019275695,-0.2714321939137072,-0.41370651502160904,0.09342336664993496,-0.07466520356820479,0.9277286723874731,-0.34623402802695463,-0.22751081224522135,0.1456320244478911,-0.7847738794114008,-0.24104416400807083,-0.03319420881777092,-0.5501426147297783,-0.8271124920157552,0.6947857700543495,-0.5926013940771017,-0.5511247522767675,1.0027122885070445,0.94721991073706,0.1373244642112425,0.7009567365307804,1.2139340793742959,0.3809497025706745,1.8324368739235513,-1.611680675628089,1.2884523243852168,-2.6651711002760203,-2.4105785967926594,2.6931586362374835,-23.791019340569246,-0.04274659179440033,-16.437133918372133,36.15393176868289,60.97535314842499,-36.44912842541371,56.72499507635864,-21.81922600743404,0.4758365904608875,20.171977819115437,21.036935387318934,-38.163348996624165,-29.716941050218622,-41.1393709917983,-156.9358141275922,0.0
1.7508725037847508,-2.461870077138125,0.7098630495997026,0.9004437730973809,-0.005959613407077867,-0.0958967186630942,-0.4242279031933701,-0.020894927199726243,0.01631170892882214,-0.07678348665575915,0.8790406853347841,-0.7686423019548423,-0.26059717070069904,-0.392525906611691,0.1252244298305077,-0.06823996140454935,0.9521786786358746,-0.3774580732946027,-0.22000595326148004,0.10166092687414074,-0.8239527262374969,-0.14751772858945544,-0.4227851164011098,-0.5745932938804937,-1.2823271910553795,1.7641349876931491,0.6535987347113065,-0.10513203291527018,0.0021412694483789463,0.7279931774259876,0.36879717922972627,1.2741989869271233,1.8485583816138433,0.29034905743103884,0.7238243350725853,-1.3820883405645321,-0.11641274339062975,-2.602546977228435,-0.7291158687288566,3.7895793770062545,-15.490981390330212,6.409972381067092,-11.64930690286404,28.49700291730692,46.7957527605448,23.91519229691858,-45.32399576756112,-47.11643224882267,-28.30920972991977,16.09368685764833,22.726358324666535,-3.5830288110409065,-52.6615866969749,26.521993080088578,-38.409304117402556,0.0
1.7526593016088416,-2.478293334046203,0.7072901556832405,0.893735847450463,-0.01103266389742783,-0.09878880753121595,-0.4374417524835634,0.020282924935228402,0.029251528989229406,-0.07641452634777059,0.8657394567130569,-0.7719745162216237,-0.2519145752982969,-0.3654597561921902,0.1647137951435089,-0.06038351943434577,0.9610858184992297,-0.40146737558326895,-0.2295902506518015,0.07388038199055898,-0.809623863954157,-0.12000962816776768,-0.4897694328349122,-0.4357898056596638,-1.4677673087715495,2.0383817593063416,0.5462138087565034,-0.0355382326211655,-0.913654605573385,-0.38385329747392194,0.4687774489113329,1.3139294355846205,2.0094458463136,0.4233466068896894,0.25920813001510856,-1.0476663784465783,-0.6567544779244825,-2.0767115035743666,1.8113645896183748,0.3776579162030214,-2.4258896561612375,14.728875900865914,-0.6007947676965368,-25.224285844496595,-21.049343400342998,-41.03283848016116,59.586609054356835,66.1579880232335,31.220568121356802,-11.679530944834562,0.7236164551625571,0.4660097083881006,-17.07088073240744,16.621546960360952,-13.128474528394568,0.0
1.7535585955979613,-2.4940633600484032,0.7035409087047171,0.8876523043930806,-0.01480183999295425,-0.0983893695257565,-0.4496374361669642,0.05378452558785244,0.044295565756379676,-0.0741460984730533,0.8509419982989048,-0.7570197341790338,-0.22256254807336873,-0.3503882997339645,0.2023022783396705,-0.05546226798221442,0.9755235774068058,-0.4255020808621124,-0.23666298451523746,0.021040726042304222,-0.769814585468134,-0.23993542474760987,-0.47412516496896934,0.043719010777969615,-1.1559950876790084,1.335309349166753,0.8642256631122353,0.12018616745016368,-0.5200860910629915,0.9069273264373363,1.4195108307202173,0.3356756220729755,1.7602496125718379,0.05901510723676934,0.9884942738234802,-1.2734015488671901,-0.34127724738714993,-2.6274752318359065,2.1761143844571365,-5.450902431029753,1.4643733210498133,24.652440032742337,20.700978353564462,-41.37378373343995,7.7170869906884025,-5.723177032096442,27.684405643626338,-12.39003219943853,-25.558855161538414,-43.47105989673449,-14.519244613897351,-23.20284781054181,22.39611221845237,-5.040572215051575,-9.592400215035408,0.0
1.7532685248284874,-2.509523637158868,0.6976325487871622,0.8848758332268869,-0.016969277806398484,-0.09371524587974821,-0.45598712270353714,0.07320498270523522,0.07252779677641018,-0.07043100567592822,0.8336191342909816,-0.6991936951139215,-0.18526516366809823,-0.3673794066390872,0.22387133177437982,-0.05473080711845791,1.0383837403868477,-0.5181511215010142,-0.2333585190400855,-0.0362138676205481,-0.7814941146477647,-0.3152136087047186,-0.4523478027963699,0.45106511534270927,-0.17173676930148882,0.615669738422476,1.4569932142245101,-0.2099425725378546,-0.09437554928416964,-0.3900297364224643,1.1043829370267808,-1.305481246323762,0.5607798931865553,0.5139252735849309,3.579466493136924,-4.826340828140221,0.24317638899036625,-1.936552871184629,-1.5887125082813949,-0.007553661469213768,3.2952525326528797,12.098184402511333,57.05923259816651,-37.52920880673935,-5.827705496673068,-58.18387102354333,79.83492606375984,-303.1922886929095,-123.59257014719645,-18.125673997635094,-67.05772184294436,52.63200325801156,-30.15261396169329,76.63675236372387,-5.933681728592269,0.0
1.7518652187480004,-2.5246911963103877,0.6905184848404426,0.8867045118917991,-0.017795577444806435,-0.08547923642358286,-0.454017319223148,0.06854102673314573,0.10992365701896524,-0.07385557307950379,0.8556914548026637,-0.7419425540911363,-0.19318506793387408,-0.4239005489938087,0.18906210531131792,-0.07397074858910832,1.1544927674027392,-0.8197037653062121,-0.2731877187403327,-0.09781406673949394,-0.7665699346800984,-0.3658137827103041,-0.49998588621619966,0.7878262977125996,0.5950301002551346,-0.5539560043218759,2.3381018574918615,-0.14753113389798583,1.5347479397212453,-2.8974262655617333,-1.0341525151446478,-3.514149658649247,-3.102439673815955,-1.332032114336566,5.81190802224502,-15.376939300384992,-1.2605426820757855,-2.8461582092254623,-2.876670920512027,0.08066885213612895,-13.415750057220103,-0.15543549298334436,30.3657398935951,-8.967894824892538,59.05194946180281,-0.4583191654365848,13.289514303088694,-43.80334571464009,-43.797869637168056,-38.721516869690866,-114.5033841793244,16.66260014925706,-97.40632110498457,238.83451062903774,175.53996670238826,0.0
1.749585925310389,-2.539241329160186,0.6813753564427447,0.8910821045925043,-0.016532542815875715,-0.0749146924135968,-0.44731101793227857,0.03537458626685003,0.14764287768688258,-0.09023019579740736,0.91636864715023,-0.7906238240068367,-0.21511468492397662,-0.524597466523508,0.11151856001008878,-0.06983960329374038,1.3256062571287381,-0.970601710243284,-0.2818774419849796,-0.12298018646662268,-0.7385751653090027,-0.50154250362331,-0.2730882281607427,1.0072428670520641,0.9613232917800867,-1.8962405529465312,1.8993121110089708,-1.0273079547729467,3.4108388721547267,-1.9610787659868492,0.15342374998229713,-5.361592968584218,-4.295404923463644,1.433844336358896,8.67563923741648,-1.4293301767838544,-0.09344648482905366,-0.9609792655749834,-4.396060394655802,-3.162746744511839,-7.041785838750673,-15.211200617195551,17.33383877475064,17.97608138278205,35.91437529543043,2.461349858752942,-12.766061425929895,79.30684514445555,291.3582792731826,26.07555123930834,-31.34634803841597,123.1975401294359,-120.58757633998354,374.02624220884536,19.392626471915403,0.0
1.7475402697380285,-2.5547698255991027,0.6714280305757985,0.896365580871529,-0.014979437186362039,-0.06697066121351959,-0.43797179409986037,0.002355044148693208,0.18752616506121092,-0.09365378510951339,0.9739377480788006,-0.7713969703603415,-0.2283226933705898,-0.6040836578239398,0.02873192749532731,0.0006526122077016357,1.4325090457983,-0.9604564641533172,-0.28065248276369964,-0.0823971415534093,-0.8128575409268394,-0.4878245269522094,-0.03727592310244083,0.5941958841120658,1.1696859765230325,-1.3399116532142503,1.8651193564933588,-0.03378864607242944,2.803487110593587,-0.4438757449065015,-1.289417081877887,-2.7882810011142722,-4.174939809047081,4.712956949587599,2.848984464229752,1.1400886258251517,0.10644372819177284,2.077178871639087,-4.734783630530545,1.2442170110271829,9.104549536581878,-25.5260188628249,11.882313300267331,42.88833372885783,-9.296261446847808,4.217615564234584,-18.34456233924457,-105.54074045914895,-17.95340371298599,132.7288784663706,-12.380626201815527,90.4340467353999,-249.57764106605575,18.391802480885985,0.6769447216290778,0.0
1.7473327466396313,-2.571169624501657,0.6632772687253032,0.9010329695296656,-0.013691935608253124,-0.06609695499466726,-0.4284662311784733,-0.02105467715589088,0.20548535516830724,-0.10463219554557554,1.0515881833624208,-0.7764071871109768,-0.24000504659072994,-0.5970269886991273,-0.06499026217962164,0.06490351802230743,1.3216225888158535,-0.9074011516254682,-0.2602784458254129,0.06854269598637845,-0.8366779137707957,-0.3753775739068308,0.42551461436971977,-0.27785634395079806,0.7177946547884565,-0.5396665119860412,0.04389172450196657,-0.6537205325303571,4.100968179837275,-0.20807162895216028,-0.39577145192748625,0.8590811183992643,-5.801557470033698,-0.9011559797309756,-3.4091618287076955,5.0924946734404095,2.6038325895609953,8.847580454857722,-3.287383436428313,4.173067844231489,28.115810456694238,-52.223083131326646,-57.783388421708565,107.78156804066478,-77.02222145396574,18.050520291136266,-29.196061362909965,20.53390980451867,2.8427856428051577,-56.379286806092125,-67.45146159203429,-460.76350096752174,669.1888733767387,73.4473214715718,-79.0811078130657,0.0
1.748145227740253,-2.5889517764678813,0.6580281631102171,0.902367017037218,-0.017297041813588182,-0.06956393021194397,-0.4249652203667025,-0.025917289101083464,0.20071036896293679,-0.1262432464480332,1.1183315373562015,-0.8897502597832411,-0.2754911778584268,-0.579312884952388,-0.12136042156768061,0.0251661619336373,1.2859363212244097,-0.6651187100785564,-0.22234030053074996,0.01821595854194654,-0.9314555423119166,-0.1629392627881422,-0.6046880475567881,-0.6025911618284802,0.15649896985253225,-0.059823258893391955,-0.4080074600991644,-1.1749863010642654,2.448302246394376,-5.149791505150352,-0.8939917392213511,1.34803883800681,-0.05581025771479442,-1.6279833573269809,-1.3164588123929453,13.02864577632361,0.9440069459599794,-2.3842407687984606,-4.345524121637417,11.353426189453012,-46.87681660804829,-13.910412023618495,-20.883410737235874,7.48145211951124,-18.31674083313491,1.491126007909614,-106.69086631353555,668.6187400596749,135.6696839668851,73.75756197744862,306.8109554721948,94.10713889858427,-11.10762704581057,-93.13363449081939,-91.57872441665525,0.0
1.7493772322992835,-2.6082628905170577,0.6568699190649058,0.9021070885905804,-0.02748486672799283,-0.07513516944906588,-0.4240307643643701,-0.004973094995194265,0.17547519785861154,-0.15451225272981656,1.099388842184102,-0.9164965177838283,-0.2819276267640729,-0.5393875437431511,-0.10539874624791963,-0.0061366932445169374,1.2946841622901062,-0.5932247163154554,-0.2605737950801983,0.08592328273406231,-0.9704359379069842,0.019694261040018424,-0.7649809722774547,-1.0909120581383678,0.15696194734133773,1.4209374885877915,-1.7690678480511415,-1.4276211267744439,-2.54031127566064,0.20189326553707088,-0.07816863208439032,2.4504303265814453,1.2522258404074238,-1.517462225470601,0.9514145209407134,-1.071635770556933,-2.632253322068042,1.96865305135495,0.9826731002572388,7.638703325875704,-11.400414304106684,-8.159499893552535,5.55439097703687,2.909255289726774,-39.98097721371795,15.813200930746666,-90.31892291410507,81.5333092492227,14.40399261977089,44.46172296535792,29.47894009220593,-3.4462939457843866,-10.070427131562727,-254.2551668697236,-27.1159853669026,0.0
1.750709320923075,-2.6257180730166305,0.6582617834243518,0.904113358487176,-0.03621423123581056,-0.07750913479734085,-0.4186405361213914,-0.011524311293754594,0.1495578162486813,-0.1620108826703117,1.0918443822406023,-0.908222901902323,-0.27566292066871806,-0.49816080150116715,-0.09246829097133805,-0.04244513020469434,1.3073299913474106,-0.6312291219973026,-0.29800286115225005,0.044338491107403045,-0.8201713461635697,0.11785153413304218,-0.5920349261391014,-0.24696996471910004,0.9095254257013422,-1.3684491318388408,-0.06993043459161874,0.5830046011613005,2.536842653340292,0.24906993389906185,0.694004906135202,1.9174415946915513,0.36971139684860777,-1.9321563733122145,0.09909317829279654,-1.9213851728468436,-0.4579339246121167,-1.778435416464308,3.7596595163241546,6.8517563763920775,6.909164421856781,28.521100496397946,17.288794058072813,-56.97569821107084,157.48518965098015,93.6901588484272,275.32406138416525,-20.482786517170446,-47.62447799557393,-4.983031629946607,-16.248712593826227,-4.107710163736543,-65.06811483322612,24.314669386968877,82.78012014202604,0.0
1.7521443084171857,-2.6410261065372853,0.6619902288155294,0.9074173342978078,-0.04066473695962786,-0.07655786090042002,-0.4111922354790001,-0.040736306917493297,0.14555520424577995,-0.14274385213161694,1.148866571472499,-0.9028092829416554,-0.2714985696766318,-0.4598852341121976,-0.08826974896840482,-0.07476337847638428,1.2984817886173141,-0.6626151373704788,-0.29820680799205096,0.10530017720474627,-0.71532863237927,0.24097680921000214,-0.14728239086643025,0.004330205544214965,0.7607880790289077,-1.3611469518038828,-0.8305039784702601,1.2188389349575888,1.7795334655224981,0.3369353758469012,-0.06134760809520727,1.8763497330719507,0.05068943956991042,-1.2866534715769355,-0.8155033503496629,-1.2639484398970267,0.14989223569689192,3.6655937031498023,5.560700620963722,5.5758645692652316,24.348800346086826,12.193900803215014,-11.038041069781658,10.856777568150443,-76.36093590569524,24.040297391831295,-126.0159878264232,0.2170116342143773,-14.871566055190433,-7.960850082151452,-15.680338208380022,37.04202183055347,-36.066218062261385,34.1908867124461,6.194460871379842,0.0
