floating_base_joint_x,floating_base_joint_y,floating_base_joint_z,floating_base_joint_qw,floating_base_joint_qx,floating_base_joint_qy,floating_base_joint_qz,left_hip_pitch_joint_q,left_hip_roll_joint_q,left_hip_yaw_joint_q,left_knee_joint_q,left_ankle_pitch_joint_q,left_ankle_roll_joint_q,right_hip_pitch_joint_q,right_hip_roll_joint_q,right_hip_yaw_joint_q,right_knee_joint_q,right_ankle_pitch_joint_q,right_ankle_roll_joint_q,floating_base_joint_vx,floating_base_joint_vy,floating_base_joint_vz,floating_base_joint_wx,floating_base_joint_wy,floating_base_joint_wz,left_hip_pitch_joint_dq,left_hip_roll_joint_dq,left_hip_yaw_joint_dq,left_knee_joint_dq,left_ankle_pitch_joint_dq,left_ankle_roll_joint_dq,right_hip_pitch_joint_dq,right_hip_roll_joint_dq,right_hip_yaw_joint_dq,right_knee_joint_dq,right_ankle_pitch_joint_dq,right_ankle_roll_joint_dq,floating_base_joint_acc_x,floating_base_joint_acc_y,floating_base_joint_acc_z,floating_base_joint_alpha_x,floating_base_joint_alpha_y,floating_base_joint_alpha_z,left_hip_pitch_joint_ddq,left_hip_roll_joint_ddq,left_hip_yaw_joint_ddq,left_knee_joint_ddq,left_ankle_pitch_joint_ddq,left_ankle_roll_joint_ddq,right_hip_pitch_joint_ddq,right_hip_roll_joint_ddq,right_hip_yaw_joint_ddq,right_knee_joint_ddq,right_ankle_pitch_joint_ddq,right_ankle_roll_joint_ddq,fallover
-0.0027421307328519655,8.737507702648877e-10,0.7906008645183167,0.9999831152630317,1.597928729102787e-08,0.0058111262972002755,-4.862312507598205e-09,-0.05757097643335702,-0.0006896505052695505,-0.0029780136412001384,0.12569670047223272,-0.07618242263391398,2.7516392895085615e-05,-0.057570981578436965,0.0006892804977533147,0.0029781814403752106,0.12569668590940763,-0.07618243825327659,-2.7555718382952283e-05,-0.16201217655187258,-1.3815040528913289e-07,-0.20886621142642928,-6.422664153380801e-07,0.6749498579004031,-1.6199792552671605e-06,-3.3278256815342258,-0.000836878563749633,0.014219305791013027,6.7477049258397415,-4.853138256753754,0.007068559153738307,-3.327826241084361,0.000842126993623165,-0.014222935012854362,6.747702736553316,-4.853140604694491,-0.007083299973987094,1.2119119216013121,-9.626814352933029e-06,-8.495753051281897,-0.000638222426356262,-7.456164679069914,-0.0001893507676475863,41.22852759103926,4.45100488663683,17.560690904562144,-197.71694488381587,-60.2461452427941,1.4446619671613052,41.228509608719094,-4.449010304663,-17.568464364197563,-197.71723314588044,-60.24609536149466,-1.447843887750788,0.0
-0.005523422704666029,0.00022384924164908386,0.7868655025426816,0.999931121212577,0.0015968414327258596,0.011242380212723413,-0.002968470170065854,-0.11043483018202437,0.0037968932417193953,0.01876395024909253,0.21963696766195528,-0.1509199194848332,-0.009811509796326213,-0.12944432823811375,-0.0019581118746650602,0.012968787894619452,0.2553917117908522,-0.14505532604934604,-0.002196984880431813,-0.09976463098876676,0.022651794024597566,-0.15708448501669373,0.34941991274340806,0.3350959389053085,-0.3903320123535718,-2.086644995411234,0.11079660592040225,1.4163233797022736,3.6982671769267523,-2.398866112237301,-0.4510598038457044,-3.2339391185764956,-0.31285295966910226,0.6327286763676021,5.785557375618322,-2.6153397833033907,0.008664342611822806,6.0373059598803325,0.9749296739097151,2.5641164489900943,19.39885110815536,-31.21115699541806,-0.7546928596023631,77.24502240206053,-18.741078966781213,10.521330381106475,-87.32792957048379,48.48833514668611,9.751199394246443,85.65356183124767,-17.54090272658266,16.12853811796802,-113.74588056523024,17.902358194539453,26.721405950406744,0.0
-0.007481152877486284,0.0009572289911017161,0.7830654228858229,0.9998434289402558,0.006729176279367378,0.01515821505924614,-0.006169627850331858,-0.15210085387388184,0.0021017387906266645,0.046786056062845464,0.2857411558175016,-0.1782615225509003,-0.013637292335224722,-0.1998510577423831,-0.025615009857796505,0.012325524383606621,0.3855024947244349,-0.2201517661916087,0.0003117297326991871,-0.07128441606090777,0.04527585221912343,-0.21131300015580043,0.6314103025307851,0.3228862262380015,-0.18299782009488147,-1.8041473579692315,-0.24744318187823727,1.3115505088405202,2.824353275627532,-0.7168391965588969,-0.07026361184493893,-3.0605214164311088,-1.8851815568019972,-0.35441028502989663,5.575398843586278,-3.0934665817248894,-0.03485143051381387,4.193217265470699,0.47543955034113705,-1.6997342773850561,9.896047460999304,-13.859987803333116,17.46873424164414,44.7125150552482,-15.102606526702818,-12.580098940839845,-59.94956779865383,59.63214608104175,7.579825739206118,83.58820964744879,-66.58315806336984,-8.979849896867142,-173.72230699722786,85.86291108940982,-5.428408874722596,0.0
-0.008921578263121874,0.0011224371580808097,0.7789690042481288,0.9997033132010555,0.012058860187586765,0.018956247047829364,-0.009409046905570744,-0.1850278009777655,-0.0002337159504242192,0.06931632179955441,0.33330666083198895,-0.18781393999292428,-0.017680653503370947,-0.27996100201167085,-0.06563513689149356,-0.0059707657966858885,0.5558285043725264,-0.31643293732457367,0.015269154324949824,-0.04305484483552767,-0.026415405119823147,-0.1691619826319196,0.4418432092479375,0.3005106926387833,-0.3170486863946638,-1.3250800308529334,-0.1405405716501914,0.6701532424273512,2.075168830169728,-0.9772467103686462,-0.1406189888843735,-3.7000737803237,-1.9346914877607595,-0.9511528979251028,8.094903377206768,-4.207040479370219,0.7721964752600295,4.863636205239199,-4.680509182596319,5.090501516493835,-15.616676809060772,-16.368946671257763,4.242480379311904,53.83896903963398,10.905819339274636,-37.03879422341328,-53.89043166206089,-19.654817091173342,0.8934651578350863,89.82379302844204,27.639891495286033,22.07128382904039,-185.81692033763534,107.19773922140926,-13.412812329888322,0.0
-0.009627227271554342,-0.00024860129744085383,0.7761675597156663,0.9995177887934279,0.016129979219087077,0.023038767421303917,-0.013161643195149092,-0.20923626643903903,-0.001438688490050642,0.08160276255734399,0.3660976642166998,-0.20714684196767025,-0.02203775847002091,-0.358560850892259,-0.08825240378864375,0.004549276278142923,0.7351478282106106,-0.4005258228571555,0.015469291823209792,-0.009073877804545822,-0.10836124543050042,-0.10294809846511603,0.3246956146002022,0.40542419621436293,-0.3132515013581425,-0.9394314642698078,0.04942927083625143,0.4817726768160815,1.1414317808937329,-0.7923777030135695,-0.275496744181341,-3.3762030087360513,-0.6432832959142369,0.9441069664163929,7.827518789474115,-3.479768393929396,-0.12749539434037765,3.804773219103701,-4.7709154407042735,4.854347477913635,-13.669961627987457,-4.557191106417362,11.842909785921579,37.26321900483347,15.728757494343016,-19.483305281381814,-59.59330668485576,26.600588790121176,-6.7105823307672114,97.64594195604724,45.11942236279936,3.2532759922440952,-213.46253158691462,85.50777468072936,-0.9035267636856217,0.0
-0.00930324951302318,-0.0031165133042468556,0.7748438906397348,0.999312108990166,0.0194339402841057,0.027794851402933772,-0.015002567318637725,-0.22402957666152368,0.0008502919612961438,0.09282671454195245,0.37808193816670393,-0.2196544411723283,-0.024687979305100208,-0.41167479402526314,-0.08943749273013396,0.035165440681553556,0.8687553462081122,-0.45805075616487184,-0.010350131702366443,0.04143477934105566,-0.17421965879271295,-0.032892054740487064,0.2961283470160508,0.5141122532236888,-0.021268206382949725,-0.5572848813138274,0.19429390608654976,0.5571089857745223,0.16843045927816602,-0.4783715885205337,-0.12666274642175146,-1.8399665149315858,0.24831086700187197,1.537067729900714,5.200097100642763,-2.341848864225734,-1.3176039764973746,2.8939197392150575,-3.5599422155495555,3.683137358102376,-5.885044673942803,3.494193806216299,21.467314119132233,18.927328513526767,11.256842687981996,-3.55333831252131,-44.398183603117396,17.238956034211323,-6.575785676702173,98.76477584608666,23.49947930616917,-26.27253223514984,-183.5596393802615,52.72424740356553,22.200262705276856,0.0
-0.008070522980446556,-0.0070794260528351536,0.7743661940881912,0.9990933027625869,0.022464344599072216,0.03376289535758457,-0.012961191833849257,-0.23482234961419635,0.010115074422128808,0.11258692294667647,0.3753518231355754,-0.21679344088043673,-0.028479903581630273,-0.42742330521553706,-0.07760805126560565,0.07825843925154226,0.9255138928521873,-0.49441968786614077,-0.047969923386851424,0.07433306934940595,-0.21491158153252793,-0.024811272340543006,0.2876072883204289,0.6948535646227182,0.44213544332261634,-0.6059456521533683,0.5940354813159494,1.1717677372893374,-0.272426405530659,0.5011991613531736,-0.30412620911380794,-0.06250886296715635,0.5993058042551954,2.206736769894985,1.3362554541584406,-1.5258204446998163,-1.7328055483324913,1.0514735638027908,-1.4423635484833623,-0.5359878064160786,1.892096898278548,11.356024034032208,30.926881290549378,-15.608927279637724,-2.584104794689797,-6.808520708982198,-0.9183336831329639,6.630725875646375,-7.471734826238366,67.86901282468672,-19.686683089339525,-22.939495993631155,-131.41217919607035,27.021594060093783,31.985942349674527,0.0
-0.006229119568099368,-0.011053142134169311,0.7734990641409529,0.9987986225548622,0.026155827099153175,0.04077627135653252,-0.007381055854605311,-0.2560801489252367,0.01972956063541103,0.13302865504640699,0.39374380623832217,-0.24302740508788892,-0.03523815229349143,-0.3975307463488987,-0.0780958988584949,0.1146091830346302,0.8334938561449703,-0.5349799700264277,-0.0810139837458561,0.09491283128098815,-0.1786332813333127,-0.08490610151956295,0.47119933699612077,0.7765133084514194,0.5430689672431315,-1.29513895067589,0.2560885603292196,0.9285941738327111,1.2938320784507193,-1.4994825452689229,-0.33273908139019037,1.9719324578811765,-0.5476354967539838,1.654580604516355,-7.017836118478208,-2.105562079077232,-1.4072202909259304,-0.5955737735151201,2.6152060730832067,-6.340384373739604,20.26815869364134,9.228498756541098,-8.133292142686576,-20.42229760447764,-33.859448420304844,-8.56851966242834,13.334093364326344,39.47399683673113,7.259892179619714,-3.96013011923905,-58.7529993999208,-12.343051244637689,-92.76081347881907,10.012297884259343,30.23868419806788,0.0
-0.003982000430635916,-0.014693562715487024,0.7708660186427224,0.9984151649272266,0.02983976965255509,0.047705393748460924,-0.0009705656733639708,-0.295073589312547,0.015934009067965712,0.1252652222527157,0.45499755364544087,-0.299499802339865,-0.04801474743045907,-0.3338851053066974,-0.09965755825517025,0.1039251559101626,0.5963524185649995,-0.5523376356144916,-0.08539655064930722,0.1016135620951778,-0.18708730433758694,-0.16198003885924578,0.21878593547072317,0.756793149950015,0.3783037630738597,-2.1341891432578435,-0.2679709997313087,-0.7805940369875746,3.4144205395191736,-2.5722910962790033,-0.5363669391688409,1.8804805103137507,-0.510432858218598,-0.33583938250359946,-8.570320300216522,3.2550250528687306,2.8573650095698055,-2.436381094119232,-1.1159754955792698,2.195315919318196,-27.20657286962127,10.62924212266638,-48.59698314070475,8.674456145646497,27.048529211560336,-2.200205772253553,-36.36163061200908,69.11362051512364,8.03920165602558,-318.82744770768227,127.40503253708026,144.71357387192728,893.6548065105161,559.5558183137641,393.2556653255583,0.0
-0.0015589808025149453,-0.018178071317565807,0.7686349861941034,0.9981207010845345,0.028556457532508014,0.05421445166520943,0.0006229208234640747,-0.33381679426408845,0.003204010153559968,0.08228144613373728,0.5520707604020539,-0.3638238266454408,-0.07025191692644438,-0.3297210144518891,-0.10137863360295643,0.09172760073193802,0.5230594150826381,-0.41266007717550773,-0.03146973639396164,0.16758241207439786,-0.16467014466101362,-0.06450921434261667,-0.39106369767901805,0.45710430946518515,-0.06311060607113955,-1.1235735042756718,-0.6963169546869213,-2.248291523069033,4.615171584123796,-2.7742481652133733,-1.0398743969542545,-0.21018727433997442,0.1966261696150073,-0.8237132239026349,-1.544598773537181,6.905809577080806,2.3163285707419905,6.776033539298448,0.9711161747482773,5.0872573828783985,-25.620986235106074,-27.99483206973862,-20.47627023797811,122.09854644582742,5.720801717846008,38.64134553565647,-95.36175850152082,69.29739859564721,21.838945356509303,12.931174541005998,28.37657394800594,-19.072801974195148,111.54376237748107,-128.8771025742716,-52.00347184067426,0.0
0.0017924048329681908,-0.020992112317546337,0.7668481405320395,0.9979616715834506,0.023595036172361382,0.05928904133797343,-0.0007654381846039634,-0.36113168392007405,-0.014020850750938186,0.03521901075988094,0.6847842550174104,-0.4594520655791708,-0.06178042745104392,-0.34868532588282686,-0.09758446258604109,0.07112936338115283,0.5320907538188823,-0.34073078075465274,0.013143936204189343,0.19002779097406763,-0.1271727850346286,-0.08550206324780224,-0.5706216253081123,0.46420493221010306,-0.32561417588770925,-0.8653519729261447,-0.7716097345276113,-1.870318328652629,6.366113368050755,-4.390123822475887,0.6157432826526191,-1.0773969582713412,0.5224764793919632,-0.6628369432337634,1.28795326383981,1.1125617279122195,2.022389919176585,3.7857413129526916,1.4602784836926013,1.547733340554323,-8.014126948460842,-8.735509773680805,-16.342511105794934,90.63312572780443,16.65208434162735,71.60924211651049,-127.66477162964249,97.06330898862109,-6.75720321060049,20.18859377686509,36.89753734751977,42.90171603866795,17.524264042391643,-168.61513237152587,-38.73440146457335,0.0
0.006465456313202606,-0.023420366403370054,0.7649969568397986,0.9979327192219951,0.016268109041857944,0.06212055152872465,-0.0025833335372488836,-0.36580516504771055,-0.03211977330665305,-0.009183774360164487,0.8081683950075562,-0.5613369614847493,-0.05234057615294351,-0.36172697340416504,-0.0825440941687715,0.05791849557509402,0.5581890106834708,-0.3416631377282452,0.04047592858860082,0.27360280683387567,-0.11569348741500565,-0.09141840191050692,-0.8135096053416687,0.12483572777971777,-0.19643431342853518,0.5126713376085557,-0.8108406721726569,-1.9848540745033583,5.178210190286646,-4.519322266663579,0.3957075843314059,-0.22635917619624096,0.9003273151299388,-0.6509258525785283,1.0535329458521157,-0.4725701874607539,0.8947065325439109,4.394671554868039,0.7494514867683469,0.37010375023496334,-8.259939171928593,-15.32252355178587,1.7520611672359983,89.30290768440473,21.822870287766815,51.38305501610715,-147.28956456666884,93.88316203477787,-6.985414626387732,47.162066554808035,12.010696031481277,-0.42494917033596324,-38.67876886639911,-19.104235739900005,-41.856616960111836,0.0
0.01233794096730903,-0.025871506859382772,0.7621237560837711,0.9979663940771424,0.007079176050090411,0.06319534264205347,-0.0043943403910378185,-0.3359420498101688,-0.03460037313849456,-0.03506400553270355,0.8553910436475289,-0.654506230366247,-0.06233421513718291,-0.3715457329670368,-0.07633283494587381,0.020503528105617133,0.5954835989342245,-0.37854956401119755,0.04715287415216983,0.3061676326283412,-0.1308568940601499,-0.1908495843506267,-1.0012680054712426,0.10561292731460417,-0.2535254002742188,2.0181760716426345,0.42215517321151913,-0.8463726681317859,0.7382307464902708,-4.166312668169705,-0.5776396470865038,-0.5330972850432273,-0.0007753703631064104,-2.570216430815976,1.9379928390406962,-1.5676447728655265,0.1260053509303589,0.953002346789028,-1.166389046335927,-5.693005654148837,-12.118141090701819,2.7991425584580845,-0.43347704477932286,35.82111941216652,58.311603481826815,39.60019196146292,-124.86293067342177,74.55333943897922,9.242201248180246,1.9013146989694052,-14.212517617128189,-39.607625456466124,-13.332118987573848,64.60399836811243,-7.148031334868465,0.0
0.019238110737960248,-0.029849529648253454,0.7570099847464755,0.9979361860360789,-0.00679697625706682,0.06316151260920415,-0.00936979393818092,-0.2530336569404888,-0.000599398730178306,-0.05945090696454826,0.7353561170119636,-0.6985661557296536,-0.06659484876158059,-0.39303740913184376,-0.06565608179764887,-0.0385992687812374,0.6774661486993315,-0.44523595828604784,0.07171480450159809,0.3563385907038516,-0.26200187038856915,-0.33508164100508925,-1.7398044367692442,-0.02944911119619771,-0.6584394954888979,4.825505843648754,2.668811080671134,-1.7680549740613842,-8.383712280629323,-1.6227800837235538,-0.08530192994115407,-1.1466936824029048,1.1523399100584055,-3.0664074657083367,4.509341030796324,-3.1914388445957638,1.4306572807432074,-0.5093353964833865,-7.224775449751756,-10.441855120145606,-47.76345915010171,5.2556837360781286,5.610409503376455,-1.5071296811559143,99.17643325496297,-75.1617902303647,-46.77508825247011,30.537937715564304,7.685671037883078,7.735049261132328,81.67344597726037,12.229558650586416,-36.65681298503192,67.89681293102294,-15.00224525964477,0.0
0.026686973274276105,-0.034701845104140885,0.7501080340351493,0.9976464494141224,-0.02083749877596158,0.06343803173002258,-0.015587711390039585,-0.16409648282955228,0.04207079493876257,-0.08963401011023761,0.5374141850993146,-0.5513586997145592,-0.05021964436904117,-0.42566084234754226,-0.041720290198359745,-0.060047440593306946,0.7979971284239077,-0.49532927421209766,0.04048028744256893,0.3806605996272936,-0.21758817524784382,-0.270650385658293,-0.8953130149018887,0.12413013248902122,-0.4499304469873269,1.9070847430060587,1.2715009461229205,-0.9611002653465885,-5.031824248904467,12.088220221606035,0.6694729465530532,-1.5316318350446234,0.6447836136870579,-0.1844674798634006,5.590766684823693,-1.8417771824634304,-1.8482490890639525,3.971702212511306,2.6616426396416104,10.079143792475758,51.57765862869632,0.08518312517109268,21.208734966983467,-203.18168885755173,-86.08677863126273,46.672899473362875,467.91677523435266,167.32560138293476,-88.69650903203838,53.69484640015983,-66.1019748031755,73.68367509068969,-128.35282957924662,55.57981358076155,27.14074714000443,0.0
0.03525207130391336,-0.0382617961588969,0.746879861909243,0.9974837418919482,-0.023436315017797676,0.0646337618371475,-0.017303197115083196,-0.15643461226641012,0.05025931506963161,-0.09823026430293548,0.5360683330899798,-0.497433741420723,-0.03944912481402031,-0.44021256561305,-0.04420692169687683,-0.04931103986384809,0.8655525137243467,-0.5331986894003907,0.0038802911922551342,0.48380107800324423,-0.1482564812526563,-0.08378307885550246,0.23653208938703962,0.05240622053005408,-0.10028425213313336,0.2621147008690974,-0.16490711176372824,-0.06030715987720554,1.1280209455319308,-0.7962647317703577,0.49096135584821193,-0.08202829171961662,-0.6901442218204944,1.0364331609272837,1.8620153370190295,-1.7160572426352587,-1.5842870586353495,6.637963602263256,2.984042069764688,7.107622166076815,49.53157969276662,-9.253813697255643,2.6491221063557906,45.11493797145823,-55.03296314351895,34.29303170285942,-21.701333978210773,-156.52398542125792,-2.149422561813299,63.50731332071563,-58.125726921666185,44.87777588851677,-137.25884662148633,26.749195952611625,31.29679868012818,0.0
0.04621437534522209,-0.041521638470809134,0.7464708141746841,0.9975622067346873,-0.019717256501980328,0.06402429984939458,-0.019538744060232077,-0.13839208390836263,0.04635451000559111,-0.09364587704364855,0.5437269333324847,-0.5227432596468743,-0.028938549880297093,-0.43046444468049266,-0.05818327160679676,-0.02897287435266821,0.8759493244912603,-0.5671648235027835,-0.016837748046825963,0.5910064153526329,-0.17722205647860328,0.0141773530332952,0.47770848782570957,-0.09151955496069109,-0.27683498374029386,1.4117330835001953,-0.1981965998149996,0.3927633061695093,-0.4152397992450082,-1.1644615065505446,0.4615479805354075,0.7467536035177321,-0.6978806762610031,0.9197261642455843,-0.13657340257928136,-1.5143623653906744,-0.803187930141573,3.833282553772804,-1.794517488390441,2.46897300545576,7.249545239154965,-0.5826162400917254,-6.96496034996461,48.85464271559524,1.2886260420669593,12.251554003476281,-90.05306743364001,33.87414684374294,-11.699254367546404,12.531091037709555,1.273167554405414,-16.898063884335752,-41.22963581844498,26.224884906995282,18.3044916802741,0.0
0.05832809864830198,-0.045904193235018625,0.7467269270141933,0.9975845202874718,-0.01636209664065416,0.06348637018742076,-0.02295402964107885,-0.10727131639407947,0.0470087869269812,-0.08635441383415886,0.5273826297251861,-0.540751574305767,-0.023320571991139547,-0.41931640542055304,-0.06270798498593157,-0.007569121567442448,0.8713386412700969,-0.5905115661411164,-0.029803018268292472,0.6119215445814307,-0.2527466330836026,0.004511252315360504,0.25012829598008074,0.026554565779642506,-0.3098453289853008,1.585063377797705,0.20824648611798718,0.2902245530237634,-1.0591764286583412,-0.7024639298121323,0.1330286670724174,0.3491385082386935,0.035545781723369585,0.9437873610125255,-0.21038795469229377,-0.9475026895130879,-0.5379976748071666,0.23126429036169732,-3.688874121434089,-1.4433046852499058,-12.634075123688532,9.522459294984188,4.842055462628981,-4.944206262873465,18.437827864911522,-12.447428548548512,-17.273636044116138,18.57644454298174,-15.869440786487232,-26.853815545268063,21.029172666436676,-30.308550298525706,7.528843190349313,20.95345702144535,11.247994584872199,0.0
0.07097769974697779,-0.0515425252501164,0.7467941795256209,0.9975352920082533,-0.014639603525336343,0.06315969947784104,-0.02683049698569892,-0.07098193400905076,0.05309229906215679,-0.0825689683704843,0.5001593141028708,-0.546787838165872,-0.02307532423084418,-0.41335652641821075,-0.06279321308132678,-0.001354307304892558,0.8630562508483975,-0.603508650160034,-0.03672921358715529,0.642239577575343,-0.305894843184621,-0.0033814703481715187,0.15069749915681938,-0.02867771990930536,-0.41707754578468553,1.8566611724119575,0.35494623550434323,0.022255758143084538,-1.398439120925321,-0.06784398851604585,-0.06494471609847408,0.1596365086684135,0.01363971699373899,-0.09826392787897759,-0.42328376351908104,-0.50799487678615,-0.257504419457219,0.614163547929586,-2.6598442564651403,-1.1473595816036168,-5.323582540599982,1.5133474117097,-3.6794878689151234,-5.237333341319292,3.8983766793603873,-24.078543525311478,10.30788100475593,19.272550653288015,-7.300563888976763,-21.25152293848646,6.0249094670087215,-36.46407242193607,7.862661216889979,11.54111395685613,7.229401403641994,0.0
0.0841937418840712,-0.05802894101478928,0.7467375057360368,0.997473360341768,-0.013063098593375738,0.061929053521851025,-0.03226520096837556,-0.033222269057053985,0.058018979523949375,-0.08758263439510411,0.47671303116319624,-0.5399901378574212,-0.024992072733093167,-0.4118992327541722,-0.06401897648648477,-0.01018933345022464,0.8558275957364769,-0.6162129966602111,-0.03812837272013571,0.6732638271539539,-0.340236085936918,-0.004518628732206415,0.226772636418173,-0.1600820892292481,-0.6354198649717094,1.8530588253174411,0.18500452418918656,-0.37169975469249056,-0.9024458447904945,0.5993322485196735,-0.12366288975546569,-0.03559137177874015,-0.041859342534364935,-0.5723628543178991,-0.27535013198936265,-0.5840421358605589,-0.01358791967124634,1.2271018502128088,-1.7818679430075177,-0.30671659271674223,3.5911704220053684,-4.363720521882099,-11.37865334096092,-8.093947891859743,-5.206891826392898,-4.928521403164876,35.74777550493156,24.415550372001785,-3.4751879476869325,-14.112119807645403,6.186371320166372,-5.305940978276652,11.04630176412134,10.793864881615319,2.702799958639271,0.0
0.09804322903132155,-0.06521317480654396,0.7468555688604499,0.997412869387055,-0.01069838952399898,0.05929059285922285,-0.03921400312487816,-0.001655033920469087,0.05999863050987421,-0.09435755868645744,0.47504881316927833,-0.5195651706497421,-0.029581804984576947,-0.41049037205044636,-0.06661972459812855,-0.027839980218308455,0.8431806497955376,-0.627373599401798,-0.03810388112838853,0.709324123561411,-0.3750174531112407,0.011840800978618815,0.34308624308957125,-0.3157316995854919,-0.7631007038820689,1.4431662401141792,0.03624542276834396,-0.24526898200506544,0.41774218494412346,1.3182837274494905,-0.2532702708381249,0.08639863714894794,-0.08829265245877307,-0.8933490001737002,-0.7096942030327832,-0.4942367974524981,0.007735642827868196,1.978463532461946,-1.7905865619987043,0.46184072031762624,6.449686691726019,-7.700271273101154,-11.79412480335515,-8.282260281694889,-6.359203542308716,14.518620910351098,42.84496247947758,30.029252496534642,0.2587615220689784,-2.7182146795433146,11.732678828421271,14.06479441196659,5.242594490670402,8.518174209235713,0.5015936562988186,0.0
0.11276556238522402,-0.07298311692077826,0.7473704583172116,0.9973806361880608,-0.007061016133008589,0.05472643045642614,-0.0467656542536093,0.017751963823329855,0.0578040355606564,-0.09756627044030926,0.5083928269516332,-0.48380855097425585,-0.03726883777965858,-0.39551464054333574,-0.06946844266097996,-0.04920609956459796,0.7911220676796789,-0.6242368732003136,-0.03569999346521365,0.7581781227962473,-0.3974301835753026,0.026730601978909065,0.5287054689583804,-0.526110730407418,-0.8131925612523876,0.8014741085843294,-0.24872265028343055,-0.006504919780557582,2.2649562271708077,2.136843632284622,-0.376845022219451,0.9724770421434874,-0.09781731469920305,-0.9146224600248589,-3.1172695824991163,0.21924335247318313,0.13368261913939328,2.4819978542800665,-0.8710087192023275,-0.5902220268785898,13.572632726959725,-10.153501764128155,-14.992174350310966,-3.304162530572434,-16.60247835252322,21.34320208930101,36.103275410328294,36.80043747142716,5.6516178858623904,3.196612877763796,9.628043844214705,34.8924271898717,11.43977455629092,-8.152042966127954,-1.3685026980943753,0.0
0.1287345446605768,-0.08130581018757486,0.7478937377082429,0.9975053883254739,-0.00257570474572656,0.047358735036207036,-0.05228303952985455,0.023376358726374634,0.05140429033088393,-0.10072797642121521,0.5809455414686652,-0.43196372834677854,-0.04856657860886877,-0.35386512195372244,-0.06489622598006038,-0.051841038549015415,0.7188935359914789,-0.5487585044463538,-0.018509114327181032,0.8348404523615237,-0.42846894007043007,0.02955436105344809,0.5046157962448046,-0.8572484730569764,-0.3796862136304421,0.17660224884945283,-0.33833780207647235,-0.1630257418901589,4.061765193444639,3.0749483459001907,-0.5820807906953996,2.5081767968123816,0.35280944126921193,0.4389207415181898,-2.2439760813419523,4.7457417751590825,0.959767877374243,4.22545308574243,-1.0099671861465251,1.0160137891121175,-1.3402884046583279,-15.07914356125284,8.959497109416802,10.290021286686207,0.5322933638183205,4.275684268787767,0.7053084999791379,63.705082552522285,2.4284150959293083,33.59291174140854,-9.981567056484849,6.613059118092739,116.04043772579004,-81.17645779070578,-31.62442872186374,0.0
0.1456755967437939,-0.09009661000271978,0.7486211072863276,0.9978078597845931,-0.0004717346520779286,0.03909410344212173,-0.05339385259153274,0.016903547112837786,0.05205983143644013,-0.09614699624419888,0.6762818787585932,-0.37357751754965995,-0.0634807268787188,-0.29714755722891584,-0.0543611614011477,-0.047439794451979524,0.6744406205786058,-0.4510313632225845,-0.008804720826582159,0.8609641661104659,-0.4421494218694291,0.052341982312329755,0.07897975344921598,-0.7751620545242364,0.02188680705641143,-0.39862551275864927,0.2281278481344253,0.3824244146557725,4.350725718760492,2.7926198252352896,-0.7117929182904902,2.8896753750501127,0.5462970890167498,-0.07874935845307247,-1.547974118955239,1.7232298590802138,0.39061984535626404,1.729061623362757,-0.03323710209646201,2.8572459661750766,-19.73269430682027,5.420094519022052,7.548852778399161,8.824065416341016,14.975388020734517,3.2465096382842513,-101.21113634970908,-37.06586522812029,12.471400235833551,2.5952176752293603,1.45309448314505,-35.5493549552639,69.67125358205105,-397.81953929947724,-2.9407651504989696,0.0
0.1628340737351459,-0.0983630805619739,0.7505334634006168,0.9980528174814517,-0.00011239249795388141,0.03355704932978419,-0.05257837317320169,0.0010134210041676285,0.051087207297181254,-0.09285155656289917,0.7536081203468306,-0.435361777314352,-0.056364334521463624,-0.2414116194382555,-0.044816039774473015,-0.05035555780376508,0.6447443314616986,-0.4559261543730737,-0.007269169968303601,0.8598435096232805,-0.38897725252362614,0.12965222447212918,0.08060846572141722,-0.37942491817336055,0.08646642026295757,-0.9835487395546799,-0.28162034324888907,0.0830903820932379,2.889426373501905,-4.001497151372786,0.4798984235790061,2.7583658552550423,0.4267898295631966,-0.1316676826541289,-1.722462563539382,-0.863762783816774,-0.06923523111349017,0.25598434304063983,2.7960470102901973,3.25802581655202,4.417971749158547,19.308618034469237,-2.8911949410133966,-17.304195960511418,-26.865276942386487,-2.2302468003269245,-125.9627033396417,35.46601622145425,-6.8837334143861595,-3.6505198043372618,-5.674386042471903,6.874510403459788,-37.6580192889051,-14.869091071639652,-11.082258911855327,0.0
0.17986920875055012,-0.10525096700493805,0.7532198070300017,0.9981648210319327,0.0022961849969943037,0.03143568989910061,-0.0517060440308193,-0.028305335949897825,0.03627412495861246,-0.0874692342394176,0.8063105523707846,-0.5292635483691438,-0.04778971618648425,-0.19043341381924866,-0.0414340208653452,-0.05125879889368096,0.6094210843546262,-0.47361250088033074,-0.010534554140746163,0.8494785690508269,-0.30912034490390766,0.13451983108248994,0.39499736830744014,-0.07139824735451603,0.05506367513605549,-1.709402150582499,-1.0976001026991156,0.46346047085942177,2.0345953189227104,-4.232951944459485,0.3511322406816045,2.389700237480352,-0.022867735046022686,0.08436283064082192,-1.8068461981726995,-0.8137194378575974,-0.22312403039576267,-0.06914103574096976,3.7924114455534084,-0.4033017519095042,16.49141382175944,13.16999303749843,-7.362923141509258,-19.149647369945637,-38.035919814338946,22.66528360468239,-83.33068998346863,81.12057739177656,-8.894506587328447,-18.465302287753648,-20.039392654722246,17.798113603909353,-1.7463916524828569,10.706357172454176,-5.787285321805775,0.0
0.196954195426853,-0.11093460391830053,0.7558125589054098,0.9981907120523205,0.0069498714362968604,0.031155624171811693,-0.05095418277204062,-0.06749491316175532,0.011715409811786415,-0.07313072939053468,0.8384590064321429,-0.5944760168551908,-0.04524897459221943,-0.1422776724435194,-0.04465875075737268,-0.049783732275976905,0.5687609629080269,-0.48484252786166016,-0.012627671963452334,0.8586103634835462,-0.2637892001682062,0.11911135689026378,0.5289462990195147,0.04662208044749033,0.07175789968597512,-2.082608189472265,-1.3584809181531359,0.8767380210422988,1.12319066173466,-2.624004950249046,0.05062230103506951,2.36369237411206,-0.2567783327118536,0.1276291006738125,-2.093105115171821,-0.4443032658363234,-0.129849829258777,0.4430156532394186,2.2357897141383605,-1.7262831866353539,7.631842050983151,5.483598853011363,-5.501799092857744,-9.219928336468099,-15.783708550790678,13.374800778874956,-58.784818821081195,59.71506684756217,-3.678356434399237,-10.26239505136861,-9.18741498799827,10.138142673514663,3.878327026977904,5.9440674771041975,-12.482673050281655,0.0
0.2142099142138976,-0.11590305873859061,0.757886505156053,0.9981591216160387,0.012382907222045858,0.03171547155273647,-0.050191238355081894,-0.11375334336840061,-0.01512541347074727,-0.05232493566407731,0.859994233145398,-0.6267494144187452,-0.045012863341689566,-0.09460206373329592,-0.05090722251252401,-0.04821537292024786,0.5238454672453169,-0.4897149793391779,-0.014133722562944744,0.8671821605808391,-0.23533340673090664,0.08524419547954716,0.5554516928137262,0.10739139960295833,0.05419801743938934,-2.395161193504122,-1.3636551582242453,1.1069158392934542,0.8534627325466122,-1.1757912487380782,-0.0030343617887164994,2.334279574574231,-0.34193256427491736,0.11147026481949769,-2.222523581295991,-0.18988805147889784,-0.1785102177122982,0.5078343435441274,1.4585894115995661,-2.498479167869457,2.5918351699905755,2.1825834321326254,-8.011208697500507,-2.645080479587592,-4.387685737443502,1.6934119514817394,-35.05782568120315,31.224235643581473,-0.8287075768355853,-11.144447910814323,-1.8086390295254424,9.265799896300749,14.635891479260254,-2.288009768200512,-23.642122304240644,0.0
0.2316366220120972,-0.12048027916650263,0.7591241741609006,0.9980856247015486,0.017535010677226442,0.032683749915877934,-0.04949122807232072,-0.16616382268719365,-0.04004703841879356,-0.030540169122275886,0.8825224083704432,-0.6385456041301223,-0.043185098272407095,-0.04671440248089869,-0.057351985378593394,-0.047243608711818104,0.47611425422720266,-0.4900810536122417,-0.0138772013640198,0.8762670480720006,-0.22255279114345258,0.03939475359712124,0.48321847763144704,0.127439966165676,0.04163152038820106,-2.6643909269070774,-1.1747934459665472,1.0417868117484435,1.04378197691708,-0.3744987900945698,0.0862520129945813,2.346753841712948,-0.2744507396234726,0.14762113925135023,-2.3089949169836457,0.0015027633666079739,-0.10079046650171804,0.6286332944084934,0.7596795977668932,-2.7416053120737396,-1.7680273091304994,-0.17042121522545742,-9.18927181488184,4.1182329909293305,6.4656712858577325,-8.441347495021754,-27.697172711379352,12.321851046960392,-2.6558376868777787,-12.323168970935773,7.42233409796572,23.859683407955135,23.436030284749208,-3.279079731529576,-20.774066812959553,0.0
0.24928774380112656,-0.12490385999870401,0.7593802440567623,0.9980100916556092,0.02171439432827724,0.03368749972819936,-0.048677452630371196,-0.22214275870876243,-0.06086626642824932,-0.012966635433725431,0.9066794211256638,-0.6389369638824425,-0.03809509993847151,0.001741190508764299,-0.061015153839137186,-0.04263120550681516,0.42732519105773786,-0.48724343235300804,-0.012419131475213927,0.8882432278494357,-0.21856174307695792,-0.01132640754655558,0.3677538644423784,0.11334874836273899,0.07865334045122102,-2.7890624891658873,-0.9440468092761914,0.7529162614722023,1.064025482293893,0.06731808722163041,0.24223065625997325,2.367080848680178,-0.04298348874643054,0.6565572989744027,-2.3273575522518346,0.1348180631027356,-0.06510141799103841,0.6634038393096043,0.4157128697280608,-2.814838593909884,-3.4529568688385535,-1.3955086744253715,-4.931111365392066,8.867476457231486,10.036741135999801,-13.808599878319571,-32.645368218441334,1.271326000607126,-5.191981926687651,-14.89838583897868,14.378821521616588,55.38172402923711,29.893541063626813,-3.107752474083833,-9.349771916415884,0.0
0.26724812253622104,-0.1292952865419701,0.7587997181386744,0.997974454536974,0.024513502934263923,0.03441552128205353,-0.04755678879409901,-0.2780008196349003,-0.07605257376200217,2.7261753233865033e-05,0.9264087572828483,-0.6306693257665106,-0.029987633522408467,0.04827124586752589,-0.06135739901622961,-0.03608689640528745,0.384989765746107,-0.4805602297655347,-0.01056137627594842,0.9077571526860274,-0.21937888106394682,-0.04263856957663551,0.20225085826296077,0.06006547089170812,0.0976047285913382,-2.6951622210093857,-0.6126348018897346,0.5618588227102144,0.7465026753198776,0.4355827997334508,0.37177440635968434,2.20318848916931,0.044444381952311304,0.19633544747281595,-1.7477546115423948,0.34890674018703316,-0.2021544881274866,1.2583863768606538,0.12321294225295265,-1.4434171086153798,-7.145577818297551,-4.050038620688983,-6.185713877227807,17.76610848833131,15.730058086308707,-10.56042170375137,-36.141850331578965,-7.376594028287748,-7.847118530403868,-18.530588583118142,6.948795009432528,-5.754752578498167,50.57588641014722,2.684275322083395,-19.835177859324055,0.0
0.2857246379798839,-0.13366018295180343,0.7579061701122515,0.9979963416415925,0.0256121125878914,0.034525297300632266,-0.0464254844356763,-0.3301851376154358,-0.08508811403531702,0.009781700560230132,0.9366473059242691,-0.6150994767350646,-0.020439334991019277,0.0901017205565154,-0.05905798498816606,-0.0363489137809754,0.35752346416019726,-0.4689872379426075,-0.015503992437380132,0.9393820240875214,-0.21645054008372877,-0.046579581066993794,0.03283828702949053,-0.0258802273521614,0.09713002929106554,-2.4714087838067478,-0.33384633797947905,0.40808879530581516,0.2675862943371153,0.7447311069407766,0.4250166814584584,1.969716568110076,0.1838318551739379,-0.0609459317810208,-0.9922688969187993,0.735188102778249,-0.26233221107111565,1.9556856716796607,0.25985201818992903,-0.2303682030955514,-7.444586856894739,-6.0366672985561,-4.490142547258159,20.13299430076498,11.98536872351372,-10.296148912825457,-28.8777513870349,-14.739824201164822,-9.022794634529335,-14.389597198709682,7.944269539967593,1.920473271909945,45.814117071764464,15.422440019862774,-0.1974687090785286,0.0
0.3050112753201724,-0.13790877311193264,0.7571526328285176,0.9980971238997417,0.025138407720440632,0.03358746208067172,-0.045189314127616016,-0.37666533674767616,-0.08933987747638478,0.018070244811415337,0.9368417026360888,-0.5942414951561342,-0.010740841035861785,0.12813923422407025,-0.054025211404525424,-0.03960502529969466,0.3445352132636898,-0.44811843958202996,-0.020525529374346957,0.9871210905652662,-0.20846709952092507,-0.03173202777386769,-0.10787146976284953,-0.1590313088909878,0.1273817365876522,-2.165000426410657,-0.14095190327531848,0.37489811681414753,-0.1647273404627312,0.959231428415056,0.42329441086502656,1.8423046640402394,0.3117568380844821,-0.17041387381800158,-0.33967809720140885,1.2602373900045385,-0.24746628374887414,2.7444602912906024,0.49203311973402125,0.5588675499194082,-6.235021087326778,-8.29437288019764,-1.0908107140543455,20.537456113371306,5.909043649346531,-7.437582047715627,-16.114001099809613,-20.112699988427572,-9.20812790049099,-6.110676920736774,6.588127546744722,3.3655300942844444,35.2162151638848,22.31183601707737,0.44061014055143843,0.0
0.32542887811397,-0.1419335026793963,0.756820610435002,0.9982856125235889,0.02347370215141747,0.031161810873006988,-0.04363212897423993,-0.41539302991662086,-0.0906439889711728,0.02755682745127934,0.9263483612168044,-0.5684144611079797,-0.0018709990554293282,0.1649328266926857,-0.04686745673311102,-0.043437720233332554,0.34273481924978105,-0.4157811195752986,-0.025355935492881194,1.0497260166189872,-0.19491648856805796,-0.007141434720991399,-0.20290512701510285,-0.3230827426000149,0.1747825870565016,-1.7585801502186083,-0.04585142320071034,0.4742909998119407,-0.6618929925665821,1.175823742221205,0.37929149878782265,1.8361075666111815,0.39643456092395124,-0.18361688600145393,0.12643268106084257,1.8836398433896584,-0.23178923730628717,3.3117594058163817,0.741355748977555,0.8342837649534134,-4.417912945027169,-8.93947831125097,1.3645559805530683,19.23083327075005,-0.8774147584734279,-5.458855833732816,-4.520086853549877,-25.194170230207458,-8.641488713044742,-0.5402165101310967,4.005892305876642,2.2638430775812934,24.863323287765134,28.45316918816475,1.697869425684831,0.0
0.34718742353367876,-0.14563694714277556,0.7569701231656758,0.9985404802667324,0.021055177181719908,0.027147816296431277,-0.04167235117994959,-0.44487751446196505,-0.09097981356905305,0.04044000292697027,0.9038792860655952,-0.5362552079422125,0.006395924880927967,0.2017947663820766,-0.03868298236814466,-0.047192759768043394,0.34924085606837885,-0.3704726348699794,-0.029132710620560213,1.1189333586519636,-0.17751914296506582,0.014788399702717947,-0.25928376967315636,-0.47502828068326763,0.22144848037334125,-1.303268689136927,-0.037495647266307094,0.6708829095767245,-1.2094915160502908,1.4646750427186128,0.3532633803515994,1.8395798376854575,0.428666756276713,-0.18770952574112532,0.49926901804886736,2.559893775922821,-0.1629804916196243,3.4596248600991197,0.8467586829437874,0.4852525280040841,-3.3680220442149102,-7.4623756550008356,2.6161292152738898,15.046372345450532,-5.8822980903963495,-5.264796798451155,9.037934421410995,-31.49941953943181,-8.367113227015116,-0.7480919425142629,2.42951552391266,0.09739142955635245,19.414220910833293,32.014422899786126,2.5488380383711498,0.0
0.37031495599530473,-0.14899480178772814,0.7574139188247493,0.998824438456013,0.018131614237406793,0.02182034722317229,-0.03930468362977152,-0.4638828603938265,-0.09187310195193099,0.05788658274547635,0.8660313298870843,-0.49398969454635827,0.016389027232133327,0.2373019841851193,-0.030233589945598976,-0.051437598888595774,0.3644667341638256,-0.31185917172969285,-0.03068346450356606,1.1860479019127255,-0.16136093536419502,0.021304754938212194,-0.3065852338083773,-0.5882284091680521,0.2763526854718341,-0.7890220389177082,-0.10321885799750018,0.8771644729003757,-1.9588487955284724,1.936831911484247,0.4437954073096146,1.736275499461136,0.44415725095309705,-0.23675625429305258,0.9355612778390908,3.226532805610033,-0.052992307246406266,3.2526856516238642,0.6580501482448956,-0.5677711104744376,-4.086789863905984,-5.027762942027148,5.044079890215235,9.510805390066015,-10.3861983884422,-10.447691985145246,23.40431640333666,-41.69782277021271,-10.156643225583137,-3.2988638910904746,3.8197783782282904,-2.953261915321958,16.03580630561836,32.778616449455626,0.4383895263526545,0.0
0.3946477652424532,-0.15209725816356223,0.7576682778179433,0.9991082777069175,0.01464319635078786,0.015628163872009913,-0.0363866282051443,-0.469524534735529,-0.09500281123996276,0.07892894547104617,0.802457775735872,-0.4332612131198968,0.03252495250627769,0.267397498832284,-0.021556689094834488,-0.057673029488212166,0.39320592548071126,-0.2408153817664506,-0.02871345553558262,1.2406281288721843,-0.15317759884198645,-0.005591770723901414,-0.38262843881569325,-0.6549083403522555,0.3567211261307912,-0.10803609185748107,-0.24055810727039176,1.0027343276872636,-3.2923258293784916,2.8034611859556047,0.7418167149071092,1.400633525844624,0.44660113913438854,-0.4429935205101132,1.6598735791502648,3.9653434917009864,0.620645560195531,2.553943501336694,0.02612801820712976,-2.8247493816798817,-7.469550551907369,-2.484183595668841,8.770250154254821,3.0318461289095096,-11.434092076697878,-17.096263024711718,42.87368492897464,-61.40140568017184,-15.949436098330851,-6.266868136279007,-0.19834413535657802,-22.539488903212586,11.604271053174221,65.14999582059323,115.33918639788045,0.0
0.4197008359666777,-0.1551627779442635,0.7567152212882103,0.9993438255339904,0.010189845339166068,0.00929502225736919,-0.03349161059563051,-0.45681314564639647,-0.10116214191727965,0.09987644706263603,0.6959963545842732,-0.34346838615299025,0.057467081439603204,0.2847766411817636,-0.010645846083908237,-0.0610729646028197,0.44467310783522396,-0.16222690109611201,-0.025660599913505115,1.2634550393866113,-0.16075165027523305,-0.09857832158390314,-0.5225030208757958,-0.6410593076204671,0.3475937424939939,0.8258016131680785,-0.36179964756554256,0.8809063366126407,-5.453337794689935,4.124489121129038,1.142529526920914,0.6750524615332083,0.7194367795476563,-0.053873325312148765,2.8653635991693136,4.031557574702676,-0.04460020269190498,1.2305405981557478,-1.2733109606075634,-6.651579993251783,-13.85955708162501,0.4878918531984596,13.273105963828497,-6.9650206800453445,-5.447501658603969,-29.694604113623836,80.66937854121788,-94.30455519766159,-23.893722953097942,-5.593519816888394,25.29371196548786,6.396808456381252,1.669656011752406,19.394816718073766,-15.385216464265708,0.0
0.4449712598740246,-0.15850467921603556,0.753187185411498,0.9994457964327771,0.004321490814231268,0.0032800331565566608,-0.0328430524234162,-0.4266343241634036,-0.10974083475633964,0.10493936004650617,0.5754464646841843,-0.21918986834707194,0.09380532434250921,0.2884544218846374,0.012240143397768844,-0.04251625490711295,0.5105127624508798,-0.13334501790019104,-0.03236304618294493,1.2615586794252556,-0.17380143961398728,-0.23525292383351437,-0.599805563453202,-0.590271142287955,-0.06682219816049226,1.3053283827117805,-0.40245608198183774,-0.45589754022082735,-2.7357558120059293,8.545698365038396,2.8770781666318004,-0.00555401588750095,1.2509568824715227,0.9175156072066698,2.7894148674705685,0.7427005802023877,-0.34920708795390715,0.08083578557163403,0.11378841199557843,-4.730500274597208,3.7964270300789815,2.949565852605936,-16.402113715969513,-33.582089905592106,-12.032504965678488,-139.27372507609704,471.2468408111629,121.53748552920644,-106.8365630339445,-12.605101789268831,-15.137521132964942,-38.596014647969334,-89.20359511679891,-26.87415897113552,6.003650048971156,0.0
0.46963573746506476,-0.16137221187131512,0.7497649976296933,0.9993285026469856,0.0012719465059032277,-0.0012774303681159001,-0.0365963675940111,-0.3988457431361752,-0.11491807306734299,0.09405300833746148,0.5736122853843159,-0.13159957828122312,0.12445974727389426,0.2734088717346814,0.020130277040351977,-0.036023975850982236,0.5745949567270391,-0.1961579658411929,-0.029253633202181904,1.1972151465288385,-0.1021578568923859,-0.0641342156797564,0.12882843548517073,-0.3043175972584942,-0.4419255075244742,1.2540558287092165,-0.2743307756168356,-0.010475240914984599,1.5601008033391115,-1.4779992663868142,0.8906577973988646,-1.242399437141681,-0.4378458841501961,-0.08198906548650164,2.6505912042411475,-3.484214569027829,0.2286872543471794,-2.9322511128933493,5.108130111276043,12.829494486627288,49.258656379283735,14.03700295731242,-6.673592769266175,31.21651735004086,-30.35885000275202,48.08259215029946,1.6563376283547946,-350.43249228662336,-44.231602200811984,-37.58497286938415,-86.09248997070422,-17.293120432983514,-101.49527809174111,50.847592896194556,-2.4047679366579193,0.0
0.49281241668215797,-0.16357159688715583,0.7503512825475063,0.9991878033048854,0.0027922243094385376,-0.003707282473811127,-0.04002740644639078,-0.36986218242003427,-0.12012402688578987,0.09249065069642759,0.6023307451008888,-0.19246505657897844,0.13781764616967826,0.24001010302981282,0.014124101696107318,-0.03539868124580454,0.6200403992724104,-0.29646033862824694,-0.015197907936114325,1.13837618822785,-0.11903204505112716,0.10039164118132031,0.16341541217983946,-0.2280141592488641,-0.2542137894982925,1.8059543461651861,-0.28027297173227483,-0.18381054892639545,0.8119262429774127,-3.2464045960263057,0.48387089125420424,-1.838407457571947,-0.16361369558133065,0.06796625074118035,1.5673203336781882,-4.68873873921138,0.6802882450004138,-1.7145500541270284,-1.280388132073534,7.16536468357491,-2.0081661318158677,-1.225709516915189,10.177546245959553,46.82029393222389,-1.8207728738541995,-14.36938264065916,-90.33027157851933,32.44873248503157,-19.57117671858194,-10.66229726849903,18.016152642117994,1.334181641604899,-89.04964271443862,83.94087906586273,-13.14369636966195,0.0
0.5149542090361883,-0.16654258292514615,0.7531389679220246,0.9991222837637734,0.002871621583446358,-0.0058374474303301135,-0.04138043116790478,-0.3296113592218623,-0.12291518350005268,0.0845429127689226,0.6081024724059299,-0.2493317703912618,0.14426556508661906,0.19448451089775248,0.022745165851697145,-0.026071148522894806,0.6558571389781319,-0.3780309345686917,0.0005486910765147637,1.091601461336931,-0.17312283778072615,0.16661194184111625,-0.10728768591917266,-0.24261090630197338,0.012026894089395945,2.2278362367213917,-0.046903785487120736,-0.6148565263339458,-0.1390512237732824,-2.445363585473151,0.1889106019405375,-2.3905192384079963,0.7872326254165889,0.42560665655545754,1.4924945028515224,-3.372994927981099,0.6894279711821713,-1.1200092818631635,-2.722591246300465,2.5531377716535677,-13.791277869880748,-5.714539498043988,19.053174363340382,24.95898426958045,9.359509718036687,-26.243344850160835,-43.85941628951996,44.86356020323396,-14.094212236788303,1.0173823359771572,30.892558558800605,-25.38578119013369,-56.57681168242563,76.9708425596477,-14.565855550870818,0.0
0.5362179703877894,-0.17019832988672526,0.7565601523575282,0.9991090227503833,0.0012540173297010415,-0.007682362500554472,-0.04147974693414882,-0.2836103434943193,-0.12172586073311294,0.0725879363448829,0.5976270056755895,-0.2895959491472538,0.1462109369701557,0.13706420406033126,0.04072605915307839,-0.01775750513485629,0.6926840988436747,-0.42900937909095066,0.010889338765931997,1.0501343903666127,-0.1923810589414049,0.17078504546650516,-0.20035885293132222,-0.19417264924934474,0.03597348951282457,2.391063686190499,0.11893267709656999,-0.6587327658468521,-0.7721569005179126,-1.7243193293110721,0.03300431662985587,-2.9942519414062247,0.9365206158752041,0.21429156264647292,1.5920323694117084,-1.9921169202326867,0.4142769175430124,-0.8371727687028203,-1.1769153961633445,-0.4189214189637632,-5.7554476397039975,-3.102165282043506,8.552086981578707,10.820700877073508,5.3583565839124585,-10.917981302961163,-20.887246298235894,26.245683706991098,-5.2011988250074905,2.10752705660215,2.494126755415646,-28.508221607439474,-55.82497019833587,50.59256143390904,-9.126124053445432,0.0
0.5567619253196247,-0.17394268602304552,0.759727185011713,0.999065970887494,-0.00039535405180770916,-0.008889388918752293,-0.042284846865679765,-0.23527531124598394,-0.11854380646974584,0.06274105718650626,0.5759691960174164,-0.3182580725603793,0.14571341155512096,0.06933109900438521,0.05564416419011139,-0.015756999496712103,0.7289703208351953,-0.46108939745853844,0.014741947958273804,1.0172678074974595,-0.1865917899066344,0.14442843810322528,-0.14695040361304976,-0.1155752471805005,-0.10276135716816484,2.4484765317700155,0.17128028767951606,-0.45300411342675917,-1.2340978669757963,-1.2626152790179153,-0.06665302262586303,-3.4548603293313236,0.6231959309139482,-0.030436679026197375,1.5040072786817387,-1.279666327301411,0.12866640528779313,-0.5806881088005896,-0.1796911636267387,-1.9025938234913653,0.12096376678258025,-1.308579914446892,2.246452235430149,2.6978561317010596,0.5132695137961885,-0.8586434893143347,-7.402623819527384,13.89109890799487,-2.5852978138296896,7.555100965972464,-11.105454316824842,-15.719259587311809,-59.89428995668413,31.21925339206168,-3.3325462858031387,0.0
0.5767793998165187,-0.177544837685812,0.7621881519046002,0.9989755271771538,-0.0013594658649538334,-0.009522226106396393,-0.044219624191850486,-0.18654672866813374,-0.11522149152836901,0.05658626821342957,0.5478776914786979,-0.3399219538979054,0.1439484255040062,-0.0047163145742079695,0.0638972655726097,-0.017120462330072195,0.763341344539262,-0.48443522578171905,0.015582524927083266,0.9955100035756055,-0.17929357476077562,0.10306345483159247,-0.07807834599468794,-0.06794113317553101,-0.18809698834075492,2.431183467845385,0.15444061807178697,-0.2834773821790036,-1.4359614558474243,-0.9887156664432174,-0.10784110442872326,-3.663366562467749,0.28459952245238346,-0.13376472306995196,1.4239963962947622,-0.9690019877255329,0.011427406431569134,-0.11351975514889254,-0.2365997476843183,-2.4902999597994193,0.05635598524162577,-2.6088958805760085,5.905316235007106,-1.0661316042582105,-1.2977112564210538,-3.6272672955896463,4.8833675910096215,6.2158598838302215,-3.411039168770598,18.907599698404294,-10.534051387386548,-7.885569673994282,-56.84436091352217,21.90068356987592,-1.453224723090879,0.0
0.596448471407625,-0.18106308815093008,0.7637190689939798,0.998866965149818,-0.0017979531249497423,-0.00987619871579285,-0.04651896383067072,-0.1388160709157747,-0.11239827348162386,0.05267855393601558,0.5182731116390618,-0.35773589918746984,0.14141573987808312,-0.0815400496308756,0.0662532797572151,-0.019431837039383656,0.7993728637980604,-0.5024259853829974,0.014270908820785333,0.9818613882093867,-0.17847555038111138,0.05435267151662499,-0.04704282526078422,-0.05273978833618712,-0.17973386278075848,2.3623084856213663,0.13394628873192863,-0.22561261676407587,-1.4199063995927232,-0.864364344875009,-0.14036310183066208,-3.7283778210010516,0.03380298797180348,-0.12889388570174343,1.583377381481866,-0.742892990899276,-0.06891747853590957,0.3189068870176762,-0.6650089825217627,-2.5603513582780284,-2.471863926102776,-4.327608718790095,11.327101028981804,-2.692441705221073,-0.1323493791950366,-10.169301059476533,14.415606136996974,-1.4857780868779766,-0.5095230563182717,28.33009126173876,-5.318899783001474,-2.128938596952903,-52.553330320194284,17.36801565988247,1.300632120189566,0.0
0.6158848084977143,-0.18458715635591877,0.7642813376149558,0.9987652114577916,-0.0019781838273891456,-0.01000722839564971,-0.04862092708140499,-0.09282888308393376,-0.10992746943653141,0.05006026782956991,0.4897249802680766,-0.37416232302333047,0.13913535175943298,-0.15949240857801672,0.0641410570328798,-0.020286906291916578,0.8402468105014977,-0.514112889016439,0.011429360003030041,0.9719349409433266,-0.18006175814475642,0.007821397473172266,-0.029691401916158097,-0.023091892320814763,-0.14770828206622563,2.2639272544605564,0.12390601198206365,-0.16933258185763544,-1.3453136967041897,-0.8298234057327797,-0.09541108011173531,-3.7618899021709318,-0.17456049743353633,-0.014709121127645431,1.8452628642676134,-0.44594160320397436,-0.13435911339870782,0.5118553163158929,-0.8394111077040464,-2.2266200062050023,-3.54436951345352,-3.6518833036546905,12.972221860011446,-3.525354257702816,1.283324606795302,-11.73191429655052,15.858016348511905,-4.390148501408945,1.7196046359911457,31.987787718738783,-4.351908799690332,0.9096379074822656,-53.880619986683605,12.30278269426136,2.6353106022991324,0.0
0.6352123261900716,-0.18816042935471633,0.7640204117686505,0.998676913366952,-0.0019759937215602314,-0.009803743324474702,-0.05044209327037905,-0.04804451433652854,-0.10760046955452235,0.04878615271242937,0.46130120789843726,-0.38983493851176326,0.1372027137534365,-0.23692897083937262,0.05831549023515094,-0.017869366250693415,0.8838540192798833,-0.5179016235861891,0.009003498985939466,0.9685022298940602,-0.18349874067789462,-0.028818099524966192,-0.01750984385519981,0.020799377939069177,-0.12332262954953263,2.215094914652618,0.12811335651217898,-0.09758124412277386,-1.3742681401248353,-0.7873235947317233,-0.08657958309466227,-3.7092877817599836,-0.35646675131032207,0.14832855858878585,1.926355344679041,-0.08520203297000964,-0.10445259904479737,0.6193048285278088,-0.9767307591825289,-1.7210580712310537,-4.405372939986165,-2.163332012286856,12.686148830908976,-3.669802067724294,3.1942577944425627,-11.70783639551885,13.375768163742286,-3.766187115361477,1.247358712528965,33.60921895816884,-4.750375084003716,-1.7891665257551383,-57.4874238786907,5.0514701205856785,2.003403931045183,0.0
0.6545973322852081,-0.19187217630834888,0.763139670156734,0.9986045987732137,-0.0019870170327918333,-0.009273312900720698,-0.05195106101076909,-0.0026800447967471443,-0.10458686690935409,0.04995340288230699,0.4301071643792212,-0.40434862984833364,0.13503938370581653,-0.31124679242110725,0.05018498443908133,-0.011364603173115741,0.9254076672545982,-0.5154388338649881,0.008281974942237511,0.9733495039812687,-0.1926487354489054,-0.05474591313654942,-0.029885212993204038,0.05827050958629622,-0.08431463005898185,2.2441118432200775,0.18584716681847904,0.05095556408867705,-1.5192491515446451,-0.7041441784195226,-0.11676269499091335,-3.5201833700962033,-0.44323238447046054,0.3530243017010181,1.7739718119124614,0.16774644256764978,-0.012341746168018216,0.6694704969445046,-1.2641974714735607,-1.2836993941394563,-5.9815328605932025,-0.8837013497662214,13.720825554106986,-3.921480255971301,10.178073600563186,6.936796685916938,11.10906037635882,-2.800769010690388,-0.21259278339190657,34.324172849872205,-2.1172153556757323,-3.880084649945767,-56.78622299946033,-1.6415370673305607,1.0999136397486122,0.0
0.6741895169818862,-0.19584711571676994,0.7618429286297164,0.9985677570940998,-0.0022817808974862565,-0.008528637464790219,-0.05276826992604397,0.04444109239239022,-0.09921295535811715,0.058024981519319695,0.39477637233425905,-0.4164707076356932,0.1317977839819149,-0.37976187979678655,0.04139357989415676,-0.0008628887014207301,0.9606179538628793,-0.5059895733238848,0.009868297031558964,0.9851551985896639,-0.20789567082448274,-0.07074025638334772,-0.06460020478554784,0.07832156819131485,0.012932194116413005,2.3083716719369183,0.3159600766818625,0.4039003155808734,-1.6788553884318385,-0.5488646484760672,-0.18478159286218082,-3.2032443136447637,-0.4645186331158561,0.5281427454654362,1.4436378096796445,0.4856972387242638,0.07858026064071426,0.652672229844035,-1.3083452815513792,-0.46734444604150227,-5.200137181824885,0.08397676504027038,16.609424492578835,-14.454861047141069,4.973246188381021,-16.622462787825718,28.85701615835564,4.804528973944982,-2.569066834380771,34.03690110680063,-4.396551212444805,-7.5490156776694555,-51.896382210005484,-8.03060762431777,-1.9217043536028808,0.0
0.6941248299345527,-0.20015278162717273,0.7604218962528511,0.9985843537714508,-0.0028920253155416483,-0.007767817725712185,-0.052541275205377005,0.09229673444053065,-0.09170740876941895,0.0718009236382404,0.35855297366804467,-0.42359490415182494,0.12666775802905844,-0.4401187296806695,0.03248114468169978,0.012672529757407082,0.9860215144487583,-0.489788356262829,0.015067491871115267,1.0050434045603245,-0.22475924604127606,-0.07004139037176317,-0.08690228632175521,0.0704026794243497,0.11418373267566052,2.3163075012275014,0.40763162819157095,0.641605349990768,-1.645556533775429,-0.2394322566847123,-0.2884880792050521,-2.7763731256988047,-0.47008395608576176,0.6610420792642007,0.9607741217547944,0.7745188637815771,0.2479204089955876,0.8666935458527979,-1.3031241044530804,0.2283627342689285,-3.952492077765224,-0.22707249376010222,15.60953286977048,-17.70412544056758,3.5668285238755324,-22.008719961712465,35.7890648924685,10.33822611829277,-3.71535031873905,32.72518493039122,-4.997349714119382,-9.63402482124018,-42.94893753185467,-14.853743898096555,-5.330122192093139,0.0
0.7145441709141774,-0.204850710905383,0.7591729547669037,0.9986514301869405,-0.003820235218493339,-0.007218391577900136,-0.051270084956828,0.13945823704703444,-0.08234158443971924,0.08888854119824925,0.32552519197643603,-0.42343082399774923,0.11837867697782266,-0.49030913720473274,0.02362213431362789,0.02647665077046693,0.9989678562514716,-0.4699578026943393,0.02353982225069616,1.0319148000212102,-0.24572305286296275,-0.056253879064668846,-0.11515863523364182,0.04092883245704355,0.20558578614601417,2.258110010365426,0.5027830443928492,0.771143999526597,-1.4214808685537905,0.15529660734887235,-0.4575633338315744,-2.2574972191903764,-0.4538644015056698,0.6160626067900399,0.366296656699373,0.8977731223705453,0.3887060921275115,1.1239508701639818,-1.3902355244383102,0.7103822227995095,-3.2489707291343346,-0.5810915075416598,12.826230013027335,-19.136437709842877,3.803674162087187,-24.226311451271417,39.64268702847439,12.876911948846795,-3.1853595919418534,30.269894408134185,-2.7671942978350037,-13.331277306208444,-31.051438643001095,-19.37144026176885,-8.185560878548248,0.0
0.7355745164782442,-0.21000576638655719,0.7583275142411962,0.9987530651628432,-0.005033935711547938,-0.00702788741310255,-0.04916892430779067,0.18455187734375683,-0.07142677979945897,0.10573339295810298,0.2990313438836273,-0.4144096445833269,0.10631233784885685,-0.5293245943967905,0.015486854796587131,0.03758703138458552,0.9997137663322426,-0.4509925218265682,0.033571907752132785,1.0654072359442885,-0.26924123857795074,-0.031990527817056746,-0.13236649687988428,-0.0005131005496883444,0.26034702382276353,2.143056866998549,0.5717909050863017,0.714966045746648,-1.0646658426964208,0.6287493406842131,-0.6325579261226356,-1.7085035351843618,-0.38650496841259263,0.45309075935514215,-0.15805232638821687,0.8159021692857272,0.4468660907212425,1.453749895746162,-1.400798339561643,1.078319676699324,-1.7921260557354344,-0.8287688973365049,8.182454131906496,-18.561590624217494,3.060203455333304,-24.325246138764598,39.08194885293578,15.996020034979978,0.01714853118146048,26.494739378717185,1.6938798133203665,-13.691290275001638,-15.815842987509075,-19.60306104439817,-9.42137815503033,0.0
0.757355836972183,-0.21565240486152742,0.7580696763143028,0.9988636487650426,-0.006374611403676383,-0.007346231898021743,-0.04665627912872358,0.22655821477062657,-0.05956477306944399,0.11851316641587512,0.28151142260267786,-0.395208191213881,0.09157669492497551,-0.5564684148136828,0.009076210617339235,0.04408147710049926,0.9893692691127086,-0.43591004139259915,0.04331612908168682,1.1065581001542089,-0.29372818848823856,0.00015886814095858546,-0.12901532893166356,-0.05947110134316022,0.2667878717207069,1.9905617893473655,0.6057570236861454,0.4924632976980871,-0.6058089471329986,1.1721789520029622,-0.7332831704443192,-1.118022180870111,-0.2675590054509116,0.21335483629260882,-0.643796003104175,0.6154020595560149,0.4244310988361206,1.8620266600808735,-1.3180404245958153,1.274212721044432,0.18161481702787327,-1.4738331195878398,2.8032055799498807,-16.224834614859848,1.544404869684255,-19.98685468580954,35.93155651525308,20.416274330627857,3.596411312373296,23.351750229203876,6.308769157728149,-11.912126278835025,-2.344860950535619,-16.944422903167915,-8.93332158850847,0.0
0.7800320188376229,-0.22178849096934194,0.7584956912378282,0.998959940361281,-0.007584456904643554,-0.008342454173621705,-0.04418050503568119,0.264729045536457,-0.04735697901309411,0.12553424339387254,0.2749744170497881,-0.3646679254930587,0.07606649333449661,-0.5713106970019838,0.005139207809990232,0.044933735862118546,0.9694420502018206,-0.4257915241473834,0.05187858345225796,1.154933771448894,-0.31729336384122214,0.0347067641643349,-0.0958249802288021,-0.13372756468135472,0.23193267175830523,1.8114914333217675,0.6071892277895068,0.24308967928751368,-0.06843255305731477,1.7831425202839846,-0.7510906522204155,-0.5140223466900208,-0.12056651917729003,-0.054516442090372846,-1.0433551729391857,0.384506557572976,0.3698926276815817,2.2929583194128518,-1.1496529685252512,1.2098472768720612,2.497568568729407,-2.180051318245228,-1.9268423380117314,-12.10898523387021,-0.7161942982641708,-10.596896149931487,29.11926697918166,26.94438928042091,4.7554270544906805,19.889096485519968,9.650692729228034,-7.957832632444191,10.898292039553578,-12.87136563907969,-7.6420520356751185,0.0
0.8037182849829085,-0.2283727272737442,0.7595761389140057,0.9990314416259163,-0.008352443663461823,-0.010120338632425806,-0.04199992944823093,0.2983025472669766,-0.035404305463742264,0.12704956475854448,0.28088511674340894,-0.3214774102766134,0.06070570048043329,-0.5738171692969158,0.003227569163009114,0.03891850629046954,0.9409357472742345,-0.41957439470158286,0.05934645300387596,1.2075903611023737,-0.3379420798555098,0.06435446046435259,-0.03108232323009011,-0.21066332812992705,0.18471294400430527,1.575324251290648,0.5742767732869296,0.00571211591486576,0.5516254912370976,2.4576354406425245,-0.7456204464347329,0.07905401093748099,-0.035469763959852435,-0.4087085122109261,-1.413221142610323,0.21835532241658473,0.3257617744027099,2.5415119096565357,-0.8949995792736262,0.7571606966718598,4.758546715578254,-2.193921394384127,-4.892899956315447,-10.926534208691962,-3.7154964564284145,-3.979429163308838,24.722413001768594,33.001041665485,3.907586799878233,15.038857615425293,8.85804377641422,-6.087507034815251,22.234537667013797,-9.568942596760511,-6.3040164422744125,0.0
0.8284578318208472,-0.23533070587521174,0.7611248282019971,0.9990800602599387,-0.008382972451718831,-0.012696837554963486,-0.04009425494971564,0.3254306584797372,-0.024439603582418236,0.12270455206520668,0.3017731005824271,-0.2646433802441634,0.04559022558122811,-0.5634247213553683,0.0023536951651804026,0.025835654843898395,0.9008593281466042,-0.4125051815924575,0.06648201281290386,1.2614527976364291,-0.3541095708374065,0.08024644787976709,0.06309545351843703,-0.29045272747390877,0.1464254849856548,1.2437222003739419,0.49560748329460513,-0.2748018488909717,1.2949254598094602,3.1789221752422088,-0.7374728722070724,0.7182994245340457,0.011985790977414021,-0.7055578400154621,-1.9978186863769112,0.2882395231389012,0.31787458333222773,2.716359603607993,-0.5546340573275533,-0.2513798177114592,7.219402837076785,-2.603466244996938,-7.7825792697751215,-8.308668530009546,-8.114254992728872,1.277709619094288,17.099299703886736,39.36437164420631,3.185416844268187,10.640157786751837,10.258716009324914,4.596813270525241,32.20535973857987,-11.079578808342092,-5.841588699539793,0.0
0.8542160670220742,-0.24247973660982822,0.7627421825903918,0.9991004367209779,-0.007229736496897799,-0.016163700183997588,-0.038532882717207326,0.343581876252853,-0.015808134851908854,0.11338014722335553,0.34119808592795525,-0.19307575847372416,0.03087598549899741,-0.5362055587445429,0.0027526250051495885,0.01049249652098317,0.8342244847283093,-0.38940650804821886,0.07384145349046083,1.3111913074212453,-0.3564141229351261,0.0677397413171863,0.224194281185115,-0.38040068167946967,0.08308375144703194,0.7793441500940451,0.3115258805781226,-0.4696669974482315,2.224192573414222,3.956163678736641,-0.6995586574113942,1.5942320401409715,0.0693482746814534,-0.6649786784078676,-3.471461327466367,1.1042249211109756,0.3266482990120123,2.607967317121784,0.34511432277318477,-2.3795450677632686,12.501961581907441,-3.186524457923963,-12.224317338424129,-5.298055114212836,-17.60709687015355,8.406869936834655,8.163062619121238,44.91180478164738,6.184223228813647,5.2298461219756085,7.806777138130848,20.5714324052323,45.78784276007575,-28.426334230717984,-6.547306841901337,0.0
0.8807455354652156,-0.24958940442956148,0.7634973575128706,0.9990848461567344,-0.004610152038746221,-0.020367615844033914,-0.03732796408837716,0.3496113549245747,-0.01115641737044567,0.09781944970945614,0.40214203769274337,-0.10601693475891821,0.012071918854841036,-0.48577995232683296,0.004809413104843477,-0.0038247434736101305,0.7167429455543985,-0.3371706138944513,0.07962938393412611,1.3404436329984353,-0.3476155988024587,-0.009890046542972085,0.3890993924037873,-0.4262101562850888,0.019447218613985635,0.14748896872297249,0.03605381569031081,-0.8988522663375619,3.21293193501127,4.874700777042617,-1.2575782981721766,2.7455246188082967,0.15329828038312876,-0.5695848350455605,-6.100690821331848,2.4292160647837235,0.2404444308157463,1.4606286152221857,1.3850276465454157,-6.770988839712642,15.836163127459775,-0.06655643161106317,-18.606782396179728,-3.3111727176812473,-32.2223559003785,-4.048838899657704,-10.848477750744998,53.7347898118665,6.070984148254848,-12.834985256938621,5.668117611471645,25.94431227013347,86.55585541870701,-62.67500768749194,-5.494996920211953,0.0
0.9073235840256335,-0.2563759737905088,0.7616943309139163,0.9990862863713563,-0.0007127532971850404,-0.023541985725727556,-0.03566313608640672,0.34057826677512754,-0.021294166693779502,0.06002047364800895,0.4744519137750971,-0.04786797182855516,-0.0042886944971820724,-0.4161185177329106,0.007685952153772689,-0.018711589722430522,0.5506938492897205,-0.2698278473012495,0.07239202889524521,1.3115051193472094,-0.327162235267527,-0.16582235711247792,0.4562604197173482,-0.1624458344972351,0.09084642269974272,-0.7251630598893146,-0.7858501137696672,-1.713797885042997,3.1121064373989764,2.2115332411788557,-0.6238136167263991,2.965346534620735,0.29959092399273246,-0.24502216189325254,-6.191538202875117,5.492055390393515,-1.943418129572088,-3.914170843657975,1.3850293648497192,-6.194150005997743,-0.2909334698885112,23.081865256541956,-18.633252617060087,-31.82166386932546,-8.554415935620712,74.61462849468576,-88.26196308820977,-46.65347445895127,15.374248958450432,-180.06478070763401,39.54880846011514,132.76775985085615,667.867731386396,572.2290440938466,-369.63930597622675,0.0
0.9327875172921444,-0.2628903439936411,0.7587914797603574,0.9991572988547786,0.002155515542408966,-0.023530664620157807,-0.033561193669191434,0.3150541768132077,-0.033049040230890545,0.03404692970028145,0.5280228685186205,-0.13052523307505132,-0.007670582202885056,-0.37045088443514634,0.020669183487229043,-0.00854314563785391,0.4824302989546505,-0.0853105448790639,0.02785680227374142,1.235392748226956,-0.3247072189938145,-0.10323124202311301,0.10820153051506703,0.1746223137359019,0.2268375602954919,-1.6710303608271102,-0.3132581619446478,-0.7685756589228815,1.7458458963591612,-4.961990674429914,-0.0429697025162398,1.5741288534511009,0.7389613001287076,0.49070746018407524,-1.2198426860098037,7.2020662111139995,-1.9072264691562077,-9.59019111564723,-0.12801481492868166,12.36672891733935,-40.726700575034855,38.039312189447614,-22.53015832350435,-78.23457767265637,56.160091570772224,82.97049540717589,-109.09986360771852,61.77746128051367,5.534362720196911,-202.21322320862132,-3.0460201033761662,-98.52861145805062,503.4860998006218,-1245.3230832731556,-85.32682154425952,0.0
0.9559913101975696,-0.2690605223659573,0.7591352057984213,0.9992759205300208,0.0007857644330833278,-0.01951743084294864,-0.032650989516792815,0.2653759686451344,-0.03619109026774697,0.02342387242375051,0.5644069779398999,-0.2721211665210562,0.0037228462539634077,-0.3557115773729525,0.03507452797947224,-0.008744542708376534,0.5002497604858068,-0.07757334276929698,-0.006292038511912894,1.1256881294399637,-0.2983490265460427,0.10947227858720862,-0.3374565524161057,0.4617443796634626,0.019362724131641945,-2.7942902615025726,-0.032885643065848534,-0.35483851417248014,1.258906463911423,-6.5962676427619975,0.5940172517674684,0.7986908921878252,0.8026466193361534,-0.22511491332977515,0.9673918506657994,-2.0717515606911405,-1.379909762593714,-2.186264424488153,1.1095851389897953,9.184227546632297,-17.91834703509918,0.06119988167885149,-5.633589179540218,-15.758281064110818,9.842743128433886,15.2037294856006,-82.40590464588584,119.8474867324172,-10.15775535654702,46.252247130303836,12.562377830502086,-12.071827353493267,-77.02921573104463,-95.85427408861412,31.34141130044668,0.0
0.9779969668179601,-0.27425859946059494,0.7622056629292331,0.9993635053244894,-0.0015999059094619138,-0.014950141097509207,-0.03234992747742576,0.20101169569085284,-0.04538957855795272,0.009171201718899895,0.5968075507264123,-0.39059441022332814,0.019363013036449692,-0.3355677847456655,0.047546814061727394,-0.012229687947973222,0.5127869315957481,-0.1276640058243347,-0.029315280318459733,1.0946146725216346,-0.230085479494133,0.18402625976505355,-0.17520216678786957,0.3704372179946304,-0.003289781333167886,-3.2518748501183743,-0.683519765381184,-0.6221745210545049,1.3477052133278589,-4.959406685196276,0.7074113384212961,1.330290685335154,0.5122170135025229,-0.06196620290308162,0.1610007536171691,-2.435286747513705,-0.940650700997284,0.27566530157664815,3.2199218506182956,2.798766214904485,9.431884677875718,-12.799369411038278,-6.975949306754061,13.947890633088566,-17.9416579569891,30.389924939446175,-56.814835231908724,110.14812328801446,-14.122058069552985,42.22148507720704,-11.069163854923604,16.18118504267248,-56.53887512669989,27.505881216951877,23.49442134932974,0.0
0.9996886656938869,-0.27835876881230703,0.7661995673865049,0.9994636397279865,-0.0024198106598472004,-0.011793333564758465,-0.030454797019294034,0.13082729661696915,-0.06158716583748696,-0.005773671014609155,0.6290904239640182,-0.4603391306409754,0.02497184018806832,-0.3024328220307078,0.053039754295783656,-0.015641218617153868,0.5056088067994278,-0.1698657840358203,-0.04576983656512844,1.0874406368619431,-0.18445750528900604,0.20712540212144687,-0.008580377501118414,0.21564942587143776,0.2654748468048807,-3.4406521827276633,-0.8349950305857238,-0.5366423485264891,1.3403325239375692,-2.6700081269579092,0.1584286828622748,1.9442302490942014,0.12237054649310289,-0.16262644711911978,-0.7050547148897067,-1.8621326046650999,-0.6797755510682002,0.9936692065323908,2.3172504067380237,0.3175660581612577,9.985646796925268,-13.799269090806787,2.446496641727633,23.942811195533583,0.2600436581401897,37.99503795106949,-55.469188961603635,68.39192532697164,-5.128700624551855,31.46629079848358,-14.615474788492737,6.936880746952633,-30.102099477562994,23.818327896031104,17.593846302201957,0.0
1.0213814598901385,-0.28176761042402915,0.770304218033879,0.9996046614359027,-0.002136722255590489,-0.010257476312016074,-0.02609098375540216,0.05955290211269171,-0.07738452727596067,-0.016718493155381004,0.6638000275427375,-0.49547620359756317,0.021512636084953584,-0.25824524434676177,0.05268790329504019,-0.02140413255850213,0.48364654045159844,-0.20131240643137607,-0.05763847935825981,1.0923481295423865,-0.15685306957225376,0.19870722679241737,0.08270917523093319,0.06047795192889886,0.4758713757558978,-3.387686937021537,-0.7282526777077026,-0.34223881245028065,1.5171387450324867,-1.2908848550999206,-0.2016432642742643,2.419373822655159,-0.10413688447884979,-0.2794639995291629,-1.297578455299766,-1.4116082700522838,-0.48286742073710465,1.4275762056431853,1.7001987756561354,-1.1991403990106666,7.9629152446121365,-12.582632362189768,-2.627267955984815,35.30179224992524,6.535494210699229,31.864625714170582,-52.37457064483894,35.763620247056394,3.2536567019179947,21.049865680798376,-8.318285725067643,8.476467859968038,-11.882516239375425,11.463877528684982,14.32093207364256,0.0
1.04326534549538,-0.28470823015771524,0.7739460461135119,0.9997371729405099,-0.0010828068643322169,-0.010148913703363375,-0.020528324842821768,-0.007985036382118931,-0.08947574177230191,-0.022086650106505644,0.7005058077145034,-0.512544416109955,0.013528520500816741,-0.20675238075472985,0.04928485443732231,-0.028207965382233975,0.4534893342275366,-0.22640397976767546,-0.06569142629974066,1.1034315299266606,-0.13550598838265696,0.16433547685068103,0.16430977114311282,-0.057103761344051415,0.5220685795306311,-3.1311044575016913,-0.5245461592283295,-0.11226841670958142,1.5962791691033504,-0.6194750215166431,-0.37529249137471427,2.678816225929316,-0.2145581817348614,-0.2757815039633496,-1.5575908667384164,-1.1953819148001985,-0.30674451447457074,1.4309530000035204,1.5568393904303972,-2.350925270285764,8.24462332174724,-9.229381653727232,-10.442156249677257,40.5516233662399,4.96053830112597,17.0828397561253,-52.21065820727003,17.60447122298883,7.0021644497934705,8.145491688308805,-4.8798936581594745,14.614515577848815,4.918675762223629,1.1309183075526996,10.850001918627175,0.0
1.0653420243432703,-0.2872907903002879,0.7766999589995182,0.9998273957674432,0.0006263869874840396,-0.010814690015323465,-0.01509399854596747,-0.07082742064548277,-0.09672558095356243,-0.02347457236848558,0.7407816542160607,-0.522709601368787,0.005089589638822348,-0.15229045782539907,0.044683934514944484,-0.03436592673146134,0.42037490760258983,-0.24846612822851538,-0.0710838559221759,1.1110825504126516,-0.11936334564480039,0.11288490472144516,0.22559755152444644,-0.09593209883484677,0.45948174671705333,-2.913949758682148,-0.27433884018684196,0.008967960968486958,1.8119708178159808,-0.3896819929589536,-0.36969775070099103,2.734878877987334,-0.25085182372830245,-0.20350839734817536,-1.6237028100112185,-1.07682573018613,-0.15000657366843595,1.1347519236036285,1.404330470348418,-3.042005665076785,7.900366730623474,-4.755865856802999,-16.14430332371091,38.59131050779205,6.784730381619092,10.83064781173112,-51.36879808870863,10.948282495532837,7.676409156785108,-2.6081085414178355,-3.1106677414776094,20.426789648305345,13.845193875077145,-1.772785635174112,15.88768437517427,0.0
1.087506898901579,-0.2895854902273157,0.7783243595968989,0.999874157186763,0.002871704366821181,-0.011410382948671853,-0.010640783103394738,-0.12992853053840805,-0.09903656730880185,-0.02322546495282475,0.7835040316752541,-0.5288865593475455,-0.001792918779673136,-0.09893713032472777,0.039684490760332064,-0.03914333456360296,0.38811836851837833,-0.2690014065153526,-0.07433677675329313,1.1113829283735697,-0.10677285956870627,0.05564250394005564,0.26456770589384415,-0.04512353598007628,0.33777848659334686,-2.7710662416702063,-0.02475626189454355,0.03768203410916945,1.8859393828536215,-0.2236132149102111,-0.290690030578894,2.566221749718658,-0.25061233119203913,-0.14916378544697378,-1.4566294816116634,-1.0655569178246327,-0.25214595945783164,0.641035195950089,1.1873677591857856,-2.8651358660457262,5.955128545734446,0.08210244743245612,-17.996353828727695,33.01700996216241,7.582895420766546,4.32266009632883,-55.505835902304895,7.318147070769271,6.305691926812005,-14.872654458016957,-0.9050491850033837,17.78512057797038,27.099294519594245,-9.567452514617653,-11.190277246976443,0.0
1.1096611248196828,-0.29164507503163395,0.7788553495811958,0.9998948176335917,0.005423115426885967,-0.011268450045222126,-0.007346122931863926,-0.18608860770434132,-0.09695607178409296,-0.022979141761387517,0.8235491141857422,-0.5304364765024641,-0.006173168183057177,-0.049687733544911364,0.034786444045205436,-0.04331053825923698,0.35984708131915705,-0.28992440191956165,-0.07987462259515696,1.1090264278038018,-0.09608450054589728,0.003210011567259523,0.2814312902348728,0.050949316052700956,0.24160928110579594,-2.659570344343865,0.17373666069804083,0.006331209118949732,1.691125731301622,-0.022226484780646313,-0.1758327267842585,2.3395155315443867,-0.24616141022147528,-0.14283807932843173,-1.2576088390350177,-1.107124888905693,-0.34816418112532266,0.3883334645348389,1.0413307836428283,-2.6020260598839196,4.430194822858279,2.6620621632742285,-14.605530328304397,26.961260915526385,5.174829554845923,-0.04102681422222168,-56.11307788505167,2.7956641969475764,3.9821145257855184,-16.39043708031618,-1.2698327410658852,14.389419031707337,25.024373635124487,-11.149084005006687,-8.036451158980752,0.0
1.13178580991117,-0.29347138076492785,0.7784203758083876,0.9999040849808203,0.008176690696550928,-0.01012300879015724,-0.00474207348694359,-0.23967233881320266,-0.0920110968821147,-0.02288646729172087,0.8556990866294445,-0.5265506135336432,-0.007809969876847331,-0.004450920078131046,0.02972199735177272,-0.047583785378235655,0.3345528985271784,-0.31123599846897115,-0.08580949672629656,1.1066519979391214,-0.0840941313239385,-0.04238602685784439,0.2975589467857016,0.1600468156116133,0.20689897935453677,-2.5663482739949903,0.27151691152817375,0.006732312516472976,1.271660371335028,0.2248713135736942,-0.053928079738975905,2.1508940203655813,-0.26647138245216395,-0.1774226185611542,-1.14398647718225,-1.118980125387834,-0.34253072518635574,0.21040618286771015,1.0464372541197273,-2.3447868394965994,3.871554048376554,3.8817075704734556,-9.871641525660658,20.322297699218854,0.19995230971972722,0.5053858426134477,-50.97241126687342,-3.1176549480788593,1.4746689019568264,-15.368663733768612,-2.6245663931319827,9.953801209236651,21.226058700551132,-10.584492170778937,-6.715447093774282,0.0
1.153892251317739,-0.29500331104852034,0.7771258033752734,0.999901772158874,0.011221490952366834,-0.008041289406388713,-0.0024211235060440763,-0.2907915194650579,-0.08629764909767003,-0.021178597962013195,0.876993053206475,-0.5174214079611845,-0.008059442251053454,0.03752176192247955,0.023897376096675027,-0.05216472773776591,0.31132372582012835,-0.3322921447052954,-0.09018175321177228,1.1056674529839767,-0.06785919826858815,-0.08392028580858203,0.32985103515448094,0.2455090745318636,0.19613978344484773,-2.4635768672563945,0.2582618170112828,0.12625788608907793,0.756542455409898,0.44612460755998296,0.0014968127074720845,2.004552005969013,-0.31804216358967563,-0.20498828097737667,-1.0494892131628768,-1.09887750937743,-0.24896109233829125,0.14292165799839315,1.1628005569813753,-2.219555159783677,3.85783331474024,3.1794866413039635,-6.854291368343436,15.589723423852126,-5.874328607986518,2.5537156391502283,-40.6830636765929,-8.72412595831644,0.6333377472386348,-13.481098432926371,-3.9412590998516572,6.981654434334873,19.958416629810884,-10.239461309097702,-6.776947943950428,0.0
1.1760364682379691,-0.2961804443609227,0.7750563551453791,0.9998785351394598,0.014597598128293214,-0.00545076935850904,-0.00033794918810433174,-0.33868599654740716,-0.0815923326830146,-0.016077831408383574,0.8865801058370059,-0.5054530848046326,-0.006169539429852439,0.07723888857016284,0.016881829434361083,-0.05746203801537637,0.2903057182893848,-0.3519653573871356,-0.09058665433108194,1.1089277375966884,-0.05006109424124671,-0.12012939084075885,0.3529241048577443,0.2722297731858978,0.17259104501602773,-2.2950194570323115,0.17962446571607532,0.302790324023821,0.2243846012474198,0.5429244258205568,0.09299688830834726,1.9100387329223454,-0.37785674692200916,-0.2836973615166476,-0.9133167090449688,-0.9968777653859999,0.005814999146814006,0.26218298588725,1.0705913901370099,-1.866524520796578,1.9118732520925708,0.7029578274625145,-5.970355882894736,14.216658962313037,-8.479480825595438,1.1245113074420274,-28.570297357259246,-12.31485110365508,-2.1767512944393483,-11.933766352316464,-3.5206368125598533,-1.1365891275351059,23.684795890663487,-5.980892517020467,0.03859259719679574,0.0
1.198386709122115,-0.2970951353809129,0.7725633903021545,0.9998386647945697,0.01764356071239817,-0.0031156200756073133,0.0012814284001212229,-0.38131116522898756,-0.07753816389274144,-0.008129396650804583,0.8852604035802798,-0.4930371995416808,-0.0031021778132340077,0.11467805093669954,0.009020940423299784,-0.06827211982656918,0.2755344207829708,-0.3648947939626382,-0.07724117558078902,1.125469236495741,-0.041947927001359436,-0.12862082434583152,0.2655782326853726,0.2024349081580758,0.1282476139133758,-1.9830377829192638,0.18343230078797465,0.39158291289219854,-0.24433681722227607,0.5391065429788867,0.13755186437192854,1.8022300329868697,-0.3244325956390633,-0.4479742911862516,-0.5132075021890578,-0.5692782975822955,0.5197145170507036,1.0190748110739738,0.43055670777650973,-0.3982841049438929,-4.6027774453721975,-4.231585231082516,-3.5063340448454032,17.74133672572099,-4.933633873908403,-6.852269611834902,-15.020327277637854,-13.382016509122398,-3.2258521755109104,-9.352071227272395,16.868562723134087,41.180753257219486,28.928945080546658,-15.166790097601467,-101.65777879537002,0.0
1.2212553262827202,-0.2978640938124948,0.7701858552342139,0.9998029115893484,0.01956221438745381,-0.0019433191984350225,0.0027715079315208347,-0.41606924279874596,-0.0739547214971285,0.0005011338368150216,0.874826801337413,-0.48050149656465496,-0.0005808721187541279,0.15042947944805826,0.0050710905216142105,-0.07429450105159545,0.27020450073936647,-0.37273349873598716,-0.07432136709088295,1.159322254474253,-0.03486446420691955,-0.11216557173257817,0.13268078679956297,0.0496878985444887,0.1621506739416802,-1.5520951670190841,0.13241808501237348,0.3857729684807928,-0.6173349479056224,0.5419922558529189,0.10280756048560487,1.7755196866802634,-0.11069548544869066,-0.2152510624495847,-0.05404442183785292,-0.2209703412346537,-0.003598968795901561,1.8694924081617836,0.44037284350151956,0.6609323665625438,-6.628421241374892,-7.798243601697873,1.7525616650217315,19.572536719181958,-7.790662450517193,-9.8363280933746,-1.6109894891913115,-13.857192069957712,-2.6251992446694694,-1.1293118191115767,8.63805184304964,7.317647790056141,23.50974843765265,21.025386659900914,-7.88173359404913,0.0
1.2449287933958417,-0.29842947921899166,0.7682550453943244,0.999780964428908,0.020272061925172148,-0.0024612363496254014,0.004583556101615075,-0.44160360022939976,-0.07153898185933473,0.01126441036298618,0.8586633051439749,-0.4670725019726979,0.0017381962888281617,0.18586191227160093,0.004216787103704119,-0.07735631905380921,0.2744643381102818,-0.37035397518986113,-0.07403141310641893,1.2045042739851373,-0.022681562247103774,-0.08589922195910557,0.019563027887305698,-0.12789999934237173,0.20824828276667617,-1.0846942000285458,0.05638163158954502,0.551285760712611,-0.803150282874996,0.5900350206705364,0.0961891874055109,1.7757258440335744,0.012827640040915448,-0.12457079498956357,0.4184291019024189,0.39223063466333896,0.02277626652965641,2.394925296386229,0.6060386895020983,1.035691588217347,-5.887595213354521,-8.725800772701248,3.3109249579156996,19.26860641197195,-9.45846561244278,-4.284721608351285,10.635600060539348,-14.427595623013307,-2.67593927466527,1.021715028474964,6.352068783283103,1.8957033928463263,21.428898306860297,30.686861767681513,0.5641611192562951,0.0
1.2695463473227115,-0.29869212080964347,0.7668817061996651,0.9997657264750563,0.020045319986819795,-0.004591712207341862,0.0067522952715398585,-0.45774957126993265,-0.0712156621820493,0.026460289468257348,0.8386620364672289,-0.45003838196042173,0.004712537867574126,0.2202659670031595,0.005196131614778205,-0.07851322973476123,0.2891009307315725,-0.3549490809476908,-0.07218325779939333,1.253582064775116,-0.006062842149917894,-0.05762621430285869,-0.06555263833644331,-0.2731821517451306,0.25347849552092905,-0.6324114518877615,-0.07648301380813095,0.7822079353580772,-0.9520094226043248,0.7746844545038467,0.12859358820810676,1.7070370943774653,0.09119129285497633,-0.04524061240946174,0.9228454111160643,1.087991588059219,0.10610097013401534,2.6089771374488535,0.7465277343990118,1.012705501605934,-5.080800617587698,-6.989860932217693,4.989268198467373,16.0467346388812,-14.504771307014847,-7.7652328684557705,17.744112859210595,-17.26384486580403,-3.5444393949440096,0.656065807084861,5.390311680997772,-1.3196732135164293,16.46278223596491,36.330371069697165,-0.5820859751299843,0.0
1.2951464441182188,-0.2986324834293305,0.7660105337442957,0.9997438642009309,0.0189920510671293,-0.007929640175525702,0.009414286778158882,-0.4641425356858872,-0.07386008646296503,0.04630801472383926,0.8116563574706837,-0.42493613418853304,0.010747134367341685,0.25188989513172955,0.007622726408261954,-0.07895844348958594,0.3149177405904661,-0.3252046317792456,-0.06859454924339436,1.3028716268147165,0.009019913234259103,-0.03691283561050272,-0.15278424015792827,-0.370548411850595,0.3230579774888009,-0.1583744517794391,-0.24726889877464267,0.9754894083834258,-1.3313535478395524,1.16356186034107,0.27856134768523866,1.5395831821347272,0.17346236829307887,-0.038891335675748484,1.4647005469081438,1.8382866450256292,0.17875919102994822,2.6175204642354934,0.5795521174739663,0.40252235914721496,-5.926531341887568,-4.451408489812985,7.668761024130018,11.568076863626024,-16.875352207364514,-13.690033278426272,22.807959422027665,-25.0067887186757,-6.481836388811985,-0.7706557059279509,7.368188062669828,-4.860665292280029,10.586818319739397,41.01460824640442,-2.7723332595197094,0.0
1.3216458508412867,-0.298339596781412,0.7653335476207315,0.9997038537873328,0.016951909292591952,-0.01194461927005513,0.012734345864029087,-0.45887402722853343,-0.07996853774114339,0.06925904937347817,0.7668072809615986,-0.38372915323235857,0.0229137631198983,0.2769052331756379,0.012002277344318328,-0.07944960337994471,0.3557693539158811,-0.2809712995107306,-0.06393999176792799,1.3451645817113378,0.01603537611874194,-0.03973120966142635,-0.27518831456393655,-0.4129641005960473,0.4149234886568814,0.42263636153951445,-0.4091257250685861,1.0755655363302723,-2.3137172384721953,1.923959993688523,0.5668170757731923,1.1490556769823348,0.3116021953875815,-0.06887540120038486,2.2488523288053637,2.5745969644001803,0.21264784640583534,2.3606843641062336,-0.04738796316488804,-1.2073411811892913,-9.364883103779073,-2.00447452969281,11.961304491487343,5.233264892016062,-14.482171024102986,-20.646247734276745,33.26333743957769,-41.885153935900604,-12.17063727179258,-2.7125714891115185,13.55904690336515,-9.025927442324814,5.031390929168486,44.16502397242751,-5.1774088087503305,0.0
1.3487736534363985,-0.2980255492351172,0.7640654165948879,0.9996468206498863,0.013502210134365178,-0.016084122615633467,0.016285738722790453,-0.43748489432717186,-0.08866323902536269,0.09231612219851679,0.6856531044537444,-0.31639635530306137,0.04356175285384801,0.28887107211998564,0.019690454810926395,-0.0782648292346099,0.4197481917339322,-0.22389233438424644,-0.05835332950474078,1.3694579895535182,0.009045559257933407,-0.0970641957766393,-0.4531575526623211,-0.4033998437807015,0.4387046886249672,1.2451551952361501,-0.48334753028540217,0.9856864422413129,-4.208615350447163,3.1123798839019536,0.9528980663594725,0.4223842011066438,0.5409612139943397,0.13285892428000057,3.421658203963664,3.326136830774768,0.7544144067880025,1.591199001704041,-1.156579341772306,-4.699077909165844,-14.539097634027064,0.1379558775934567,15.790445675094887,-4.652288878210957,-6.478762420266714,-31.2516745566709,61.90157180809804,-71.51222951198751,-19.857407122616067,-2.8062051780061457,25.656856209661306,23.7745968562069,-14.971893740305038,79.77166921183283,116.4928011353859,0.0
1.3760649466894606,-0.29790870325436614,0.7605433920424742,0.9996125863468485,0.008506560980520005,-0.019738584683627117,0.01768343608966035,-0.3966110429115395,-0.09923973631681794,0.10320609491724417,0.5610748156045057,-0.23715404476452162,0.06255260886443378,0.2844028341910303,0.035742389483997446,-0.057818279841061936,0.5054912130878244,-0.159909657193238,-0.05371766690219137,1.362792117967717,-0.004837755800897289,-0.2578953177991202,-0.6018798842250151,-0.31590416858959736,0.06418389072147898,2.173331805210218,-0.485574013365041,0.1431955144591402,-6.122568523487632,3.419310310572573,0.8130378871800711,-0.4014078769423266,0.9677325801485099,0.9889715557461872,4.197155070309772,3.4328126913881674,-0.09222944903602426,-0.028740916098986213,-1.2651895384106673,-9.845029842089245,-12.960854003997216,4.301442767021871,-1.6362397947566807,-17.34518754170731,9.756552327239795,-41.15622838117652,115.29763705020557,-91.72880545744509,-16.886195121222517,-5.2395885508723765,-9.481500532121895,-100.14606468513233,53.59997075128402,-73.38777567159978,-82.06486448447707,0.0
1.4029125782947207,-0.29813675792418487,0.7546907745995844,0.9996521056297242,0.002314633117782319,-0.022326288023573934,0.013850886133327366,-0.35501820640674564,-0.1045205090934128,0.08516664281799281,0.4827939149100296,-0.08781314616025623,0.08727720995781789,0.2635110937072735,0.052780241082174204,-0.03545570446992568,0.6036410364794054,-0.21008429908199164,-0.03970542688052183,1.300184334543388,0.0003487950241091234,-0.2484740416584434,-0.43326997343427964,-0.10520966467716136,-0.44549801938581884,1.0087837041828982,0.022508124929697768,-0.599781766002839,0.3350545179542521,4.995008216812901,1.4138037396980103,-1.3971668516489881,0.3210611920721109,0.632739965044808,4.0962920007828645,-3.341085434395476,0.7498714409172136,-9.069526313027394,4.469552678518666,15.234730729340278,57.19518953915283,31.596643490795106,18.562120139797784,-201.46236814822421,9.810894119851355,111.70766705187827,599.3462314241792,-1253.9797317671357,-39.44149505038622,-52.27795409928581,-114.83117305700817,-84.65930891249201,-143.6423819577221,43.73747369532532,-9.542681277262162,0.0
1.4276800698528689,-0.2973235832488951,0.7528188820860096,0.9996927912177533,0.0029264023215098663,-0.021866973640883296,0.01129578773259565,-0.344247227185614,-0.11041031588751114,0.08225829791415147,0.5269976964210235,-0.10995702431461567,0.11047500180836343,0.22683699878975971,0.03676168011440247,-0.04363881672619979,0.6708112993349199,-0.30787515738749127,-0.032116781221672885,1.2132129740051354,0.06725625718526844,0.02246110482543227,0.3848629917566464,0.06589300291299925,-0.17836779762284638,0.8981122877463898,-0.6168855265580153,0.04386160465150525,1.9020263555555492,-3.0346951594648193,0.9342849672658454,-1.927630471473719,-1.366496965611296,-0.5863804071433583,2.318662839808582,-4.588868648459732,0.26713627703777565,-1.4363969907414607,2.178448740819765,11.555239729716066,29.390005940147596,-2.914926794216034,4.164603110062497,74.89826284581726,-33.75550104302519,11.038358060883446,-122.49604467281159,-49.653587622753946,-24.027873777326167,0.6724616923949976,-35.10726855710199,21.713919216531202,-125.56260912347028,80.36061761306723,-6.860805190793275,0.0
1.4514432285451335,-0.2964947861589457,0.7545073788820459,0.9996976803021382,0.006093692229511501,-0.021229540055234888,0.01080377445984236,-0.3198130725854832,-0.12148713830133867,0.0798205186766736,0.5534917937064088,-0.1728969726617215,0.12476333466252768,0.1840183901933547,0.019499661661429257,-0.044967274100057776,0.7063220664881267,-0.38887288758124383,-0.013516238355208033,1.1760078066271322,0.01826044162594894,0.12866513237427002,0.2369194974351252,0.021526564208877316,0.05313129152373691,1.5847509883859954,-0.49482945709027676,-0.300555655504465,0.6806516276125723,-2.879160695750893,0.5257299188903172,-2.1835318080433295,-0.46803989216972464,0.19197131343482013,1.1517259587470954,-3.405690845096426,0.9040299591504999,-0.9060583787355527,-2.7256488571554653,4.269299522083415,-10.602091108220081,-5.939644009664539,12.936720007797495,42.44877766808895,7.910794774842274,-22.264976989682456,-74.52790535909817,45.52474409197477,-20.434125397278912,1.66927578894835,41.8017675147831,15.522607781187546,-72.97081625171302,71.96067050089624,-17.6789865518464,0.0
1.4744712459718992,-0.2967369462892954,0.7574404193727413,0.9996889068858417,0.007120398901643964,-0.020842394339612776,0.01170401499763182,-0.2843795813889075,-0.12776191848482973,0.07141998640460638,0.5572903323569991,-0.22206635382090564,0.1310758587855963,0.1329484272179663,0.021478410470309312,-0.03170055275832057,0.7324800915102553,-0.4380851350599063,0.0016348824217580966,1.1399477181028312,-0.036636671473766494,0.15772402027778057,-0.006987375507220044,0.014699696485953874,0.17049220630191353,1.9477428621063402,-0.18975977417247422,-0.5723980595300284,-0.15918397995483397,-2.1356263713865404,0.17144703929491986,-2.6452116877697978,0.4285536386295407,0.6808312507843085,1.079249263982627,-1.9074751690215044,0.617892924538174,-0.7388567905106558,-2.6844126691577577,0.8834585367131511,-12.64185637816989,-4.801862006860685,12.526309337172053,19.568834372774404,12.593335683232489,-19.82862981946001,-32.72158852290931,32.20286840185137,-13.934962221549519,2.2789795146794907,27.45857301356524,-20.79501402831443,-43.907287465709864,47.77575038502791,-14.454078998719202,0.0
1.496706489256524,-0.29768649678928005,0.7605113782505212,0.9997034947188022,0.006716508372078105,-0.02001128019063412,0.012139185616578355,-0.24443056852749134,-0.1287776217120925,0.06235756291477935,0.5469274125490782,-0.2579854596908303,0.1327912683884464,0.0698708039337471,0.031663538227415015,-0.01665358018625006,0.7644339699936643,-0.4648745333600431,0.011596982277277528,1.0999042294186399,-0.05772391696992703,0.14785760703496506,-0.07760592727725496,0.08958565222910761,0.018181452438315603,2.0744450516804744,0.03376235824026448,-0.4480374220371699,-0.7370900687980969,-1.588142306574051,0.02415000323733688,-3.2793183449973062,0.5169029545409072,0.5648202407701055,1.4626196990669917,-1.0014562432620933,0.40297158187381865,-0.6078017857994238,-1.2489762853436222,-0.9024238585298572,-5.434760744002023,-2.6549132070025,2.0212024368226764,10.052144859150886,8.02422205691625,-5.107066569188355,-17.665590108846413,16.96889624475553,-5.79166902975068,3.8937217116789378,-1.6124502531567992,-32.89426773663694,-46.041606279440686,28.005024695315395,-9.375093039514677,0.0
1.5183888499077758,-0.2988712469946676,0.7632227688124762,0.9997402077717068,0.006173850116349124,-0.018815530329187154,0.011286113492121693,-0.2013006316692971,-0.12738703309687704,0.05565834333830297,0.5260528577841849,-0.28523532996157797,0.1329592574269109,-0.0005587114143130057,0.039009361391813394,-0.008539401320960802,0.7978142007265431,-0.48332828589302357,0.015362833925407224,1.0797058640151647,-0.06377630360031437,0.12289271258950245,-0.06037656853411988,0.1049134814012842,-0.09615636818764224,2.228226972551118,0.0949376437070588,-0.32533621106634003,-1.1860054904604553,-1.2436878589781077,-0.01181827798629963,-3.487134680279494,0.27249142172503293,0.20319125294573806,1.3909239376055111,-0.7656430366652701,0.12434625434850564,0.02245861693418935,-0.7573483974778508,-1.6879442177084745,-2.4929734102500336,-4.086283690617634,3.709317652638061,6.998327517518095,3.0457685181753957,-4.232325554328849,-6.534021706147769,8.067345190555164,-3.128325614305757,17.826385649577404,-7.477132727487831,-24.488864246470957,-54.051695026995496,17.344308421536166,-3.3843053167880703,0.0
1.539749971937539,-0.3001857169971087,0.7653075134480929,0.9997827518699356,0.005770918512482514,-0.017566945971466946,0.009620185660184957,-0.15607588031761968,-0.12511268480653684,0.05076577182513682,0.4989186338633596,-0.30725965349619166,0.1320437611945552,-0.0737938185283007,0.04210148057480774,-0.005565282380270369,0.832296454032001,-0.49716504493987423,0.016245533053861814,1.0670039166200664,-0.07151350669477533,0.0872131410306201,-0.057902564258867174,0.10117499925341591,-0.14619302214773178,2.3001902408899992,0.13715681661112983,-0.2749837416112047,-1.4026426475661908,-1.0453645115991452,-0.13286735378019246,-3.5621128055537725,0.10470618026074961,0.05925920226373029,1.5140974454694287,-0.5647227547747461,0.015684168244913088,0.37451750858883004,-0.9428202546138799,-2.0705545890798205,-3.8875508876370075,-4.896341821192058,7.509214681287365,3.2287298520574375,3.5390680393052962,-8.767366096199233,4.094003538185029,2.1351019355170675,-9.916309493985816,25.713182100760577,-0.9255092773185156,-8.945533386886858,-49.34223993888598,13.440778225482495,-1.3397846507586209,0.0
1.5609017077820915,-0.30167160723408026,0.7666224747153605,0.9998228017384309,0.0053163148663444544,-0.01630350687207878,0.007765151887014403,-0.11050728847129201,-0.12202979670843787,0.04672289828279264,0.4695937588192712,-0.3261921820528896,0.12928235505036414,-0.1475261428937661,0.04266856336542703,-0.0034485607826755583,0.8691831726819478,-0.5061365018459844,0.015851001555327662,1.0576342445934297,-0.08086863724122019,0.048170159319644086,-0.07028242831952428,0.10952238284435593,-0.1351409178758634,2.263659219814633,0.17740666403157987,-0.24081348780271208,-1.4150868107691519,-0.9214016245168141,-0.13925282405869271,-3.5491431434364555,-0.006476322183298758,0.06883393020625403,1.6309083551550358,-0.34468153640932025,-0.023931569830827275,0.47435902498726223,-1.0381671605628469,-2.0222809586959225,-4.745394741523166,-4.051694452632963,11.241161974950352,-2.123660005441883,3.6135303229892166,-10.689660107014884,13.453025037988379,-1.6231037993520099,0.4636846090894505,30.02930133842611,-1.8762645863353224,-8.267368380098919,-50.24747240536932,9.097287058911103,0.34745261246285347,0.0
1.581901915853513,-0.3033296547876441,0.7671937551101793,0.9998608043166372,0.004778437253625401,-0.014826629740189003,0.0059757492624626886,-0.06580228842167936,-0.11822426546821171,0.04393718041511829,0.4399331562542515,-0.34305603224920805,0.1270438767453312,-0.22055787732109194,0.04107760498048017,-7.124732490800819e-05,0.9072126931956178,-0.5086889941033504,0.014290224307641472,1.050391850343808,-0.08923243432369028,0.01267911254953152,-0.07786929524755037,0.14602048947337504,-0.13073028802766173,2.205817670614733,0.21509216359094696,-0.16843030827432784,-1.4312864482464454,-0.8345281722717875,-0.09357926130369768,-3.510338792133667,-0.12012438269578007,0.15843761532261494,1.6696444023259556,-0.04561819610484384,-0.07820378967392493,0.43876874187476844,-1.050219940719597,-1.8103277249218965,-4.976476120036587,-2.1113347028218747,11.192114955375791,-4.369789885338025,4.3182352026185,-10.438450359023976,13.824052872047226,-3.205794373238033,1.4719932388910264,29.701534719470366,-2.8168467000852133,-6.414345138978027,-50.98646663375871,3.4253233245335126,1.2874404327879945,0.0
1.6028627976511067,-0.3051717642263581,0.7671488812105512,0.9998969636851085,0.004119428162519085,-0.013069370799255624,0.004275964432221617,-0.021224048913533362,-0.11362428402660958,0.04253468663159219,0.4086127784170549,-0.35790212437506874,0.1251584602693962,-0.2909631222000473,0.03766284647909529,0.005477434648586583,0.9422149220851364,-0.5058707739401617,0.013047852386052904,1.0499731017249716,-0.09911958713863374,-0.014899966899258987,-0.09298518662816618,0.17922871072673122,-0.12206649769445949,2.2029823730407463,0.2661530884179669,-0.07921088735798071,-1.5279469665199554,-0.7233362646703682,-0.08988808378888669,-3.354092999145967,-0.20240805497496034,0.2733399194435575,1.4687380679334479,0.17258369429007736,-0.053607079375189576,0.4340861796219722,-1.1165854752780668,-1.4502572784812189,-5.2026157768194246,-0.7940124778081856,11.19188032919177,-6.971085519605012,6.273538597846643,-5.712059438598847,15.768072295290345,-1.626534489361083,-0.20816969752907077,29.46931412653712,-2.8374373097309387,-6.66749557381025,-50.392630037512674,-2.268127307097335,0.8992204846995842,0.0
1.6239114499652936,-0.30726500510382415,0.7666248923778756,0.99992860868766,0.0031709130092509035,-0.01112908931280274,0.002977618127758531,0.024202714393421774,-0.10684930531849124,0.047124830425441494,0.3744828429834022,-0.3701358112783812,0.12267429608411196,-0.3564596189765876,0.033236096132613954,0.012897230117104072,0.9701821096263158,-0.4967706406173546,0.012716064193956244,1.0554749732215845,-0.11298269065360395,-0.03497583208286889,-0.12294002914344421,0.19858018894681306,-0.0509332679424626,2.2160866541360433,0.3903352868358389,0.2813635583609389,-1.6114220738504106,-0.5642375764845382,-0.143720782473915,-3.086078869587279,-0.2524261534627556,0.34608085692968904,1.107569195843745,0.4599160104696085,-0.003889715583091179,0.4201824616087659,-1.148094789134024,-0.8450386181573617,-4.355710375573206,-0.0610697691678162,14.100101905202582,-14.421251638537532,4.664412681306712,-10.297139776396499,28.352262172544123,3.4298759947577477,-2.7427965333227986,29.036724687340822,-4.686743167936252,-8.319740838463757,-44.96491056173102,-8.236041407894081,0.5814775652470892,0.0
1.6451710259136958,-0.30963405223741125,0.7658773755598781,0.9999524315350957,0.0020204869925148153,-0.00920935846890784,0.0024980023924282054,0.06938858665430969,-0.09816860315512649,0.0578736900878863,0.3407993650560484,-0.3774398586115175,0.11822842702916522,-0.41498872423538075,0.027948465876814224,0.021796376197769467,0.9884032520190527,-0.4811392728151899,0.014816186539995025,1.068946935272556,-0.1257831695822812,-0.03876333070210232,-0.12529897448831512,0.18594518746262834,0.02609874006833334,2.1734046535304268,0.4504230425355728,0.5077674655825216,-1.502784269280009,-0.2520859310083239,-0.24995177767950516,-2.7186569595579186,-0.30133612573982704,0.42886073875504055,0.6375171947343276,0.7445934712071413,0.10492581984918871,0.6949529062068975,-1.0172396002559276,-0.08477152351591599,-2.2533138656947878,-0.9424626436299951,12.839425300841459,-16.932239683146193,1.4886497324448045,-16.779890897373434,35.258261537406725,9.385737952628608,-1.9708188770747963,28.349936762403118,-5.575584733873796,-7.140928033176845,-35.84972728176849,-14.775113188384092,-2.2547449742015973,0.0
1.6668188009705187,-0.3122906477838628,0.7652211288968815,0.9999665030427254,0.0008191975309358885,-0.007653908133715165,0.0027819773881374173,0.11346345679759562,-0.08838514563735239,0.0721790045314339,0.3111894003395915,-0.37759792131892744,0.11141437119993983,-0.46441347993431314,0.021830065661408875,0.030571161901281927,0.9946806773335963,-0.4613126555471295,0.02049071941635819,1.0922189119037458,-0.14083763129327845,-0.0287746361584356,-0.12498529369337112,0.13632119524349606,0.08584861461617904,2.1162060337316584,0.5027473029731324,0.6631644066935667,-1.2571706512227208,0.13615564295593144,-0.3702030308247851,-2.2477243882451003,-0.3280222928846566,0.3840182845017199,0.0817422236625977,0.8984082010092633,0.27115711743491094,1.0666310351461152,-1.0541964072212962,0.4150556577791456,-1.3016568575533238,-2.033677401804503,9.961846192189597,-16.358008943295175,1.1178983134492773,-18.776496000421577,37.12086364603712,12.676420048957832,-2.4826563643050235,26.41095555943028,-3.2132464378349392,-9.153947279149122,-22.090725310745874,-19.87295763355294,-5.415934649117498,0.0
1.6890396131210497,-0.31528016375221707,0.7648944443694201,0.9999705867168694,-0.00037288744979079583,-0.006771623796099578,0.0035821456186357664,0.15616440946192495,-0.07785474337258023,0.0871755592190626,0.287805913732732,-0.3690173228320453,0.10177531473628368,-0.5032685662401835,0.015583438718232274,0.03683366162174244,0.9892517047827973,-0.4413605101739893,0.028856990700999667,1.1247846011167675,-0.15819369025376442,-0.008035856268491813,-0.11782593551576556,0.058802308424506164,0.11539413815027032,2.052520376098816,0.5347629137707078,0.6590584353490554,-0.9298430569513847,0.6081695084888712,-0.510641834998531,-1.7119382192138342,-0.3040941291773418,0.23152960980982604,-0.44051834560088676,0.8649712079395185,0.38308562923448525,1.468872975262255,-1.0872774072061213,0.8095468676376016,-0.27501438508495557,-2.846398821701456,6.297977137765586,-14.753162827646541,0.8066721476959204,-19.093861167244363,36.11774460484864,16.434866306476742,-1.1630420659995448,24.578839746100382,1.1632569146168896,-9.524796364112213,-10.065357353755589,-20.864113432043222,-7.695748085305871,0.0
1.7120005497377662,-0.31863985026226427,0.7650738083578285,0.9999653138232205,-0.0014539681810445124,-0.00676232306766894,0.004639839833856262,0.19698418001428772,-0.06698343562878283,0.09955605695590201,0.2725405862899974,-0.35029944081820974,0.08971532034371009,-0.5304327171859383,0.010220554566025379,0.03887513189940554,0.9726538534896766,-0.42427164607772033,0.03832219541563653,1.1652912617660565,-0.17677552607398714,0.019613848166596722,-0.09674929616223488,-0.0339309563987637,0.1165494511377405,1.9592365320217324,0.5437353184299532,0.5169019547958424,-0.5131629343952248,1.1476764318925987,-0.6101905043395558,-1.1299246852925513,-0.2213443166314844,0.029557057432103635,-0.9301755044502018,0.7085127971567649,0.42360266513261857,1.8400321120867573,-1.0313085071738157,0.9652807109173004,1.3348678187946172,-3.1920761528196806,2.1605640059511337,-13.04855058716925,-0.07366327835630582,-14.42475624738945,33.76182963574497,20.47920525407649,1.839930682406561,21.381429684863715,6.910509500024586,-4.607399731463333,3.6121902252362044,-19.21087004426213,-8.388159370040638,0.0
1.7358466005279405,-0.3223764637585756,0.7658355666144867,0.9999508519413796,-0.0022395069960954033,-0.007771410143436072,0.005734413178793119,0.23516753096718312,-0.05614578428552013,0.10756755441592412,0.267423302573248,-0.32036585747683616,0.07633261877651605,-0.5452134918899277,0.006541939541087959,0.03599451391301541,0.9458384076484287,-0.41122299315843486,0.047848424565222064,1.2129686595378555,-0.1948842234207971,0.04856613289716908,-0.05471074517044214,-0.14277670919195143,0.10145276995112934,1.8349558969238149,0.529711299319504,0.3066333378077043,-0.011989853092053464,1.7474039216096027,-0.6649052338534095,-0.517404521374895,-0.12640630944257236,-0.22243428636500712,-1.3694068354345035,0.5161758113287547,0.42078673507397957,2.21805658701977,-0.8851232952361274,0.841632544651319,3.1611163430984783,-3.757980744118557,-1.1672033105755037,-10.114154348405616,-1.8993805168610143,-9.679651859210168,28.320272159368333,26.099575181372074,2.5571402909977587,17.96076588322932,8.394097908289288,-3.911702691109727,16.966896626387573,-16.188975653743302,-8.374082026672166,0.0
1.7606780975511178,-0.326461045999243,0.7671226630855548,0.9999252063777185,-0.002500899833001807,-0.009865938027540495,0.006781623503118219,0.26954735657875023,-0.04579113546216173,0.11025598767435406,0.27449643273681007,-0.2782836475544916,0.06212309867834439,-0.5472845342043366,0.004134133919332237,0.02691059716972999,0.9088799008730336,-0.4009325755882485,0.05713777707758355,1.2639584390799703,-0.21085726373744468,0.07097237572693194,0.010815768613564963,-0.25177273743690504,0.08239501198710507,1.6294264324170908,0.48943285043393303,0.05667255626680323,0.6104233774863652,2.3836844325662607,-0.7008439371394858,0.09680815047874326,-0.06390748253595926,-0.5228787775077988,-1.82402622561977,0.4002985084868065,0.4115141387091453,2.4160578775387265,-0.6407780140207369,0.29641213971088126,5.216376106227639,-3.6815950086342863,-3.965397995666882,-9.463875758136027,-4.601819225787468,-4.536653341610419,24.73830655716374,30.978947947843363,3.1703974228940024,12.783703341421429,8.573612439821169,-0.4519862356451767,29.39537512573327,-14.292507088679766,-7.950246470336098,0.0
1.786526432374334,-0.33080557315856346,0.7687194938677147,0.9998831321426073,-0.001929458799359766,-0.013070482683410729,0.0076916661297806695,0.2978796931155625,-0.03652334242379143,0.10826025427540216,0.29727860740983775,-0.22333911814139573,0.04718868419700913,-0.5351169471869894,0.002870164825890176,0.012951975937736799,0.8559927278116334,-0.3864990030888447,0.06630765460322048,1.3154882850200633,-0.21989804402024132,0.07763126960185505,0.119081942389463,-0.36722867823594246,0.04723917957328254,1.3108657080123456,0.39868471794287696,-0.13108426974818743,1.4085976793056365,3.067016848581447,-0.7352996281757435,0.8136311382939323,-0.010213783903486977,-0.6888946482614817,-2.6519500418813498,0.629289223952598,0.40670453016376684,2.5139172055584247,-0.135169134261307,-0.8884197051005737,8.654611732147718,-4.069470160747609,-7.51279141554238,-7.537000359202411,-9.996817188076406,2.052706710318382,18.610081736230356,37.380848344734595,3.301692879908477,8.099391522376168,8.595480636105291,10.418650047270592,41.53083455241961,-19.538803038795297,-7.864023798777385,0.0
1.8133425005029418,-0.33518132188542493,0.7701547919651185,0.9998121542265844,8.060938827320538e-05,-0.017531576271491253,0.008263993971486616,0.3171894183747041,-0.02999050616600947,0.10292516460116145,0.34067968860604964,-0.15445295078971655,0.03164127704605711,-0.50264366438587,0.0032731699033317096,-7.716740642141936e-05,0.7668467124954831,-0.34883193530895024,0.07526560985074451,1.3618803670189885,-0.21272481250290484,0.050213244948201986,0.31209942478970853,-0.502928408068476,-0.022361080941308183,0.8401011291022495,0.17858884300779782,-0.25646890278663226,2.4586718304467814,3.806393840911068,-0.7415093184441961,1.8882736835406333,0.0589751500297656,-0.4835937133152609,-4.635266402261131,1.7827539584097039,0.39038420962534637,2.2680463927594903,0.9841860659631668,-3.4860389211132152,15.418549382321727,-4.739386981452298,-14.051338349714602,-4.110539325477694,-22.12306298891854,8.173911552207395,9.297331088998591,44.159942670813834,9.57209582816391,1.4794273109521843,4.556638749704886,25.87987651801262,63.35042757038734,-45.126062033669605,-8.403740937116021,0.0
1.840787368316823,-0.33948336550501373,0.7702120234898248,0.9996979257981656,0.003464008287193973,-0.02267751348851852,0.008819760961047564,0.32428109347640693,-0.027726897847403485,0.08860137196157752,0.40645227604304324,-0.07353539583304743,0.012935304396869988,-0.44569312060928795,0.00500493231659218,-0.014307313938350563,0.6238345803922818,-0.29205955534489,0.08136870328688099,1.3796958059256872,-0.20818959392103628,-0.05987457487170163,0.42760105378977964,-0.5114948495398316,-0.03181514179002655,0.1974542815105792,-0.09593735241981743,-0.8422048682687123,3.4549882483067376,4.449362945845076,-0.45717511826231627,2.9876883568170896,0.1421532425407367,-0.6483616085481412,-7.184677414736243,2.4769000250955884,0.24840513239987785,0.5350459391755795,1.4001075421263331,-8.487807817060174,14.358928581105857,2.961282978578849,-18.680520132263297,-4.25068635533526,-45.80706416351212,-5.787625918750493,-9.169689571753809,83.32179583792883,353.8194809094166,-29.010476319988552,7.017400932956224,20.757722020301028,124.35414760869931,-73.4226791114669,-5.483743560795625,0.0
1.8681587622355331,-0.343530673107586,0.7674375616500554,0.9995679415655487,0.007906555979430316,-0.026409645274731223,0.010195450133204139,0.32023712367400686,-0.04002735966573989,0.05057438763945724,0.47077987216730005,-0.05947709016916448,-0.008076163325546584,-0.37800199142206253,0.009148320306330832,-0.02309078507335039,0.4662893814216548,-0.21525594299415057,0.0646957536156073,1.3399303492965982,-0.1972485338963827,-0.19003193437322588,0.43047762117248434,-0.185752624739216,0.10128344197410866,-0.509737738465943,-0.747432460599164,-1.7618182485678626,2.3827122734131962,-0.17973105908917827,-1.0062979090879942,2.5094538819578327,0.3846081618655532,0.15848739646058208,-4.396203154174284,6.933496963319968,-2.8301457965700894,-4.696190740880051,-0.14715032042530266,-2.4276643463357868,-11.525960818737024,26.7624780908463,-8.832753963809207,-40.624497498285145,17.536687644028994,70.43156136308899,-105.48358826369746,-19.57160014382,19.562789358769734,-147.4296242659199,31.251486721588837,73.99692696409207,503.3379020679171,278.966754113705,-175.90407221975434,0.0
1.8940438407232338,-0.34755935009531336,0.7639182190721789,0.9995180777068361,0.010756797486015468,-0.026340158714214357,0.01241368937847882,0.2954507942148802,-0.046402654535246876,0.03516802266604811,0.5197898151093088,-0.1640115491975582,-0.00988654265162223,-0.3411753940263236,0.02238155389931243,-0.00830877775595143,0.42358453673315677,-0.03893855060184268,0.02018153986059893,1.2536162005936828,-0.20416702146673882,-0.13913212929539073,0.1341368947367031,0.16834952747762677,0.2437878389162704,-1.712891885219083,-0.00709000409722832,-0.16183863418863106,1.7953611465087138,-5.593071221011103,0.06704714393879309,1.2043651613173596,0.707115487650323,0.5943679124486708,-0.3020717854704962,6.391539159523525,-2.0100491200949833,-10.44544742346698,-1.5425123088237485,13.4592701756265,-43.09470531473667,39.802263411537396,-24.448756086993182,-86.90662815552831,60.62383497407359,73.82650652449433,-89.81683022843414,90.58969220657372,-2.1691832623459395,-203.69470731343003,0.043991576753392714,-113.63940390096417,482.10416161223293,-1231.8821681560898,-104.93053137087409,0.0
1.9175672341351906,-0.35157107446369285,0.7636769037992697,0.9996110651134186,0.00921963795777755,-0.022490735086829843,0.013670538175140278,0.24523273965142356,-0.044656707900297174,0.028471858522586727,0.5590461769203104,-0.3031933990295948,0.0024817083080900873,-0.3322493025301852,0.03652533585396847,-0.008345528590825171,0.4548087705811246,-0.043856510791703295,-0.015462543265562576,1.1434355229981084,-0.19674357445127702,0.08115005508141107,-0.33796582674729375,0.4379577586178289,0.06097561942220394,-2.7605629556438367,0.17003513366222242,-0.3882635009701458,1.4432557161125001,-6.318930489454969,0.6293997047550663,0.5979413010839816,0.7990407126903619,-0.2426120506689115,1.455622030957725,-2.5308274633372267,-1.5225713181125575,-1.8656330218732489,0.6753198850156173,9.084717677129747,-17.325032178629556,-2.0685496969854036,-5.250559541525484,-6.5607422176481105,6.398614498717124,-1.3224411608970685,-81.28303459421177,120.6465538549111,-10.615033185166975,55.574257734623,12.477644486832965,-12.34381049574769,-92.47987584702756,-81.01734276199785,29.9490625670048,0.0
1.939940480015217,-0.3548903994115913,0.7662605270873032,0.9997144801219229,0.0063346975954569765,-0.018241069220780934,0.014074559837150552,0.18382762248581627,-0.0490160392538563,0.012679121990377728,0.5920777465199297,-0.4080695523499779,0.017578151270890876,-0.3144346408345638,0.05002277393818343,-0.012077949835056931,0.4731240787533168,-0.09998194157820404,-0.0412404391717271,1.1122744416187815,-0.1400796102145219,0.16204862642971446,-0.2202551024634122,0.3610809659699879,-0.018898743561713206,-3.0406799117486445,-0.42173310496337374,-0.7348594527820379,1.337701668517668,-4.286314292799211,0.6749035133706816,1.2553165131849926,0.5942914330280674,-0.06722160525546761,0.32982199453951133,-2.632950263967998,-1.0646215499581368,0.10335151634124268,2.9499101753806927,3.0021568394812346,8.274976001687078,-11.183190858939458,-9.560311386462079,19.018386241684144,-16.69467236419516,26.98680573849048,-57.30753191980803,98.50719365583284,-13.412611456313966,44.50427345248414,-8.617332606008185,17.385540129081043,-66.24536199505783,36.920794350142195,25.444935928185334,0.0
1.9619478983933987,-0.3572561336079292,0.7698324129890908,0.9997525780889649,0.004844307342113183,-0.015062253662271471,0.015634698764514114,0.11804697789589126,-0.0600922475118199,-0.00518283407569123,0.6257814774400331,-0.46558543562851396,0.022085888415992298,-0.28274560678244814,0.05756700901330534,-0.015489934607577584,0.46815447730510173,-0.14475627790168188,-0.05978694964900214,1.1014404731643948,-0.0987004463972761,0.18712931542117442,-0.061898886275579185,0.2401733783087362,0.21265240201929894,-3.209152076660884,-0.5855164905907625,-0.6896275050678848,1.4469082645965665,-2.1475011030495743,0.08805678371596826,1.863989738783479,0.2343289693794578,-0.1510722267626195,-0.6254446007995934,-1.9464756919466744,-0.7686586994844403,0.7681153482921883,2.318364094620515,0.4735765793347281,10.154163308291771,-11.819528751413353,0.37664067114361877,25.256026107450058,-0.5254820210133975,38.48367183985327,-53.57936510548795,57.7275304142837,-4.757697601061144,29.857028611638533,-14.040667467688944,8.594400744837115,-32.39019518191498,27.84758060492791,19.222848019418137,0.0
1.9838863057103797,-0.35895177043304405,0.7735471734219259,0.9997131107803572,0.00464213584538957,-0.013184274572190267,0.01945049132180231,0.051071094798831894,-0.07167984040133121,-0.01971521377508324,0.6638476459340235,-0.49403632579539297,0.01831672622412353,-0.24057242882069724,0.05919923841912012,-0.02083973509224594,0.44798416706950034,-0.17748736172221302,-0.07317480737862571,1.1031416548110347,-0.0702247429939375,0.1803782664692127,0.05341939062843516,0.1060762462957766,0.4150806106525334,-3.1757121274518787,-0.5385012372458093,-0.5120731693554783,1.6890317254849858,-1.0374566800166587,-0.20433062756496775,2.3024561950267084,-0.017138258028059742,-0.24808785598394464,-1.1985167289568375,-1.465504487572082,-0.5491316774983929,1.2476695621398894,1.874398627781418,-1.0098186943776317,9.24251251282591,-11.629786033464157,-3.227384317067598,35.50860509238834,4.754115036870302,34.522464549654636,-54.4593173763617,29.73114970302224,3.6952405131544075,19.31687399190054,-9.939309388223165,9.665246307850255,-10.6321481445653,12.071541297067801,15.07914989558078,0.0
2.005940034389159,-0.36013052493927195,0.7768246804344474,0.9996093243781063,0.005559349235091381,-0.01251640817336774,0.02436455989477622,-0.012803994363695868,-0.08097518498845814,-0.028216946664516074,0.7045094082419262,-0.5093363975536376,0.01171454817730287,-0.19208843161089353,0.0570990640421752,-0.026733470850257,0.42068422965527563,-0.20378186650794666,-0.08232606277569263,1.1099545336176824,-0.045687525963490426,0.14730421675376734,0.1665707169259433,0.0038953519952693756,0.4544407706030036,-2.962375122962597,-0.40906634706984374,-0.22693869031357625,1.7758282109041472,-0.5749797835960612,-0.3023049306416098,2.507833516320525,-0.16965026688433762,-0.2221954623947321,-1.3875236905717547,-1.2623690070196332,-0.3454374186107826,1.196705231473158,1.7595104973902342,-2.1391100475494884,9.591990501036856,-8.511236020067576,-10.613922271661307,39.31393964615416,4.645582011107026,26.725577604302156,-56.313343697201645,16.00285344645683,6.086356185777437,6.3614039249987036,-7.20385164626841,15.164596795684997,7.107130864990724,0.49656184446851914,13.604447781982604,0.0
2.028110189028547,-0.36089157923200005,0.7792496131718942,0.9994700449098319,0.007431989089530181,-0.012486707144099177,0.02912862871488212,-0.07257676987413368,-0.08693422655739759,-0.031183941950686137,0.7473689102678729,-0.5195099690409566,0.005646606165600121,-0.1416064239652096,0.052932336001883476,-0.03183123105513955,0.39195140244491683,-0.22732554281305914,-0.08818677499086848,1.1137774705515175,-0.027327363378076088,0.09852294614812893,0.24630691863628257,-0.02795539189277397,0.3993347906655829,-2.776406611948871,-0.23966187068142847,-0.03994673727586251,1.9010201924704802,-0.39817901315253823,-0.2606085708270722,2.515238770575965,-0.24726203089307308,-0.17820474285444102,-1.3658637442983397,-1.1582536278548092,-0.22214185074823734,0.9104414513256724,1.490780356788866,-2.6804447001722282,7.9887003184560115,-4.458337655493918,-14.548566908207235,36.746537310317315,3.5109463926767885,12.211308696751539,-55.52035860727706,11.011987964882321,5.389137339809333,-3.991052090743792,-4.959244294080395,15.374191904246294,17.069634145745113,-2.8253082464225194,7.624035995984063,0.0
2.0503252544927357,-0.3613319000554227,0.7805970321273082,0.9993267733696235,0.00997747256020831,-0.012392557955451605,0.03305865356132939,-0.12862661646800483,-0.08958438187704074,-0.031148452954435787,0.7896765855844967,-0.5251284439853403,0.0011477104465836322,-0.09243211671763144,0.04759277134485352,-0.035887273900522515,0.3648463306928593,-0.24956759857398028,-0.08997623990208621,1.1132420343089837,-0.013934441627442474,0.041608398125512744,0.29741500621548866,0.010068594805633586,0.30374015301126966,-2.6241021147680392,-0.07529002563037905,0.05636161004436391,1.827813354340405,-0.19444769505244056,-0.1873908935704803,2.383516106252873,-0.2856822720507215,-0.11688206029774205,-1.231243431621868,-1.1538396546822245,-0.007703640993868709,0.5154952164006718,1.1159412122980776,-2.8347687668222203,5.656325897482226,-0.38177048711591405,-14.92801673985727,31.120562341982087,5.059877935523996,7.34452252675145,-56.612936138805246,6.697000470462832,4.016348453170808,-12.083064362812356,-2.1747732140562794,15.294049246679938,23.812271194616336,-10.088015810341105,1.3677346734707558,0.0
2.0725087091347727,-0.3615503196740891,0.7808524351736216,0.9991969933242556,0.012850892588161116,-0.01166271414232453,0.03611376732340743,-0.18156120064837664,-0.0893580767763532,-0.02992656114691274,0.8266062258591178,-0.5263450264983167,-0.001514467942826427,-0.046682722558318686,0.041884853364429785,-0.03931499650313787,0.34114283669552936,-0.2723617878347552,-0.08924599783077904,1.109522413268274,-0.005272013629390307,-0.010113499460938591,0.31144375759831566,0.09536337137360062,0.2350863269343546,-2.5087869416576076,0.05872061885906831,0.08222873035754118,1.5175918105318387,-0.010770866568347961,-0.10529246472639962,2.177306730074023,-0.2869561932776529,-0.12172926230665196,-1.0407446210197582,-1.1983161816826866,0.011193526878102992,0.25022311157828686,0.8512833762511434,-2.542124478614475,3.4554798261634807,2.2557700330936803,-11.686048972853326,24.472379764630755,3.2826676581223118,2.572487234873785,-54.31545268815565,2.4659191156904923,2.3440999778985367,-14.281048369797785,-0.9485681027236974,11.332950924627356,22.4470030124887,-10.217880632979556,-2.807021864223721,0.0
2.09462866181865,-0.3615994794280239,0.780181254459545,0.9990773802321173,0.015778810990360038,-0.010047579182837482,0.03865829257513196,-0.23193824063530388,-0.0868472134858014,-0.027123184782836395,0.8542111880839475,-0.5218839284784033,-0.0023901705974857025,-0.004773540587774876,0.03639623381510654,-0.04285795491303742,0.32070789603687694,-0.29580021299595904,-0.09000081633976909,1.1056419128819035,0.0025544512948520457,-0.052367296073053925,0.31003637521566807,0.18898479816709832,0.21238836202338868,-2.415006881291148,0.14333336513292363,0.1639364495592685,1.0549334434664248,0.2505094583918563,-0.025024544707769762,1.9936484732691941,-0.2638074830400607,-0.14604035828871964,-0.900215374456833,-1.2371579011413578,-0.1932895097727408,0.1273178446926284,0.7916689589429021,-2.1520184547128602,2.338423917598612,3.0154614566268183,-7.377928572005258,18.35003592485334,-1.287034336453081,0.4869877878777126,-46.53460181202503,-3.8935525258771877,0.6592771810945546,-12.64378130143005,-0.38332973973489504,7.731827856244756,18.257186532007225,-9.759055720809018,-12.255716465291854,0.0
2.11670262487347,-0.3614307824080031,0.7787370029439986,0.9989534880655662,0.018777814269207337,-0.00767177002391752,0.04099349116152773,-0.27979116487766814,-0.08391472925322667,-0.02177753596538938,0.8707710779534646,-0.5131505639016329,-0.002469874438131478,0.034210629079738215,0.0309985413004343,-0.046464656765983645,0.3024640221143936,-0.3192185422546648,-0.09310709391456971,1.103342334055537,0.01570858666983393,-0.09017834858317014,0.3279948695508466,0.2544776628737509,0.20258007224517588,-2.3063978261324127,0.10051015977265004,0.3011852702092411,0.5487502581290181,0.4155001011662808,0.002958332661223955,1.8801432961198208,-0.28771209020893607,-0.15992292191558877,-0.8323212418364051,-1.1922829012274705,-0.15612581137713877,0.05055367391568087,0.9212258611614601,-2.0377400796412575,2.4543344412712202,2.247603455946314,-5.376116551107949,13.98584468992502,-7.54092534370292,0.32400056150791645,-35.208568532492336,-8.652332190104799,0.27834415516647504,-10.83868611388043,-1.3096140221385846,6.0473467450021055,17.159438502532232,-10.24862479115,-16.396937515712363,0.0
2.138790693304834,-0.36097585601639787,0.7766024763089775,0.9988184988368679,0.021901180143182625,-0.004980061837283845,0.043094589842564215,-0.3243605683978338,-0.08240653780412405,-0.013251890804234964,0.8764626996042063,-0.5027311230594438,-0.001060432399886918,0.07166610442806523,0.02518700599367088,-0.05043121604612663,0.2858202340732609,-0.3412537479089395,-0.09520642287334513,1.1056158303651868,0.029625893226106655,-0.12133970467376047,0.32658745015878404,0.26135895649334834,0.17783397735326753,-2.136387765562862,0.019342423063675937,0.4611311389714093,0.07881839652189837,0.46179790956689726,0.067083035588863,1.8208374865680719,-0.2900379177548501,-0.20210374598000283,-0.7254208589305028,-1.120182313129247,-0.19314087133024105,0.1888970606640164,0.8270658594527946,-1.6760936904150443,0.24835295302962762,-0.17241892971448436,-4.839296766435192,12.249141769944494,-7.942548992592132,-0.4465122264407564,-20.521231516437464,-11.331359573167417,-1.856651065388808,-8.734741689284515,-0.767503935773194,-0.16511568733214377,18.56625105855147,-2.9523346010239,-1.3905361179083875,0.0
2.1610720982606,-0.36031580221070564,0.7741656623760668,0.9986845801787427,0.024487553034708134,-0.002734110478086472,0.04496658425403389,-0.36385303115867274,-0.08178341562170806,-0.002580075169970799,0.8727276751388247,-0.49226313619352957,0.0010656133102347782,0.10757967165880129,0.020479525473618396,-0.055861207195086804,0.27451965578631055,-0.3587601873323102,-0.09654441170708304,1.1219268908402213,0.03618667115400251,-0.12286687879945482,0.2209049912038188,0.17773027141056816,0.17300277931851102,-1.8345356021357746,0.006957392135836881,0.5140901642108471,-0.3332014172533084,0.45025748117259784,0.09307374599475497,1.7488205978943485,-0.1787521881175773,-0.2592579791023183,-0.37045219689330505,-0.7203700287378352,-0.022418386322063638,0.9872224854946925,0.36815826856164247,-0.14281017625185966,-5.578867848039781,-4.783464683822205,-1.745853896380035,16.385710023188878,-4.393717059310694,-7.0433503103301955,-10.817085746553396,-11.774474896217662,-2.454249155603959,-6.3078975056820745,7.057209475492464,5.194500694638269,24.949989324771508,15.013951748089497,1.9411283929051564,0.0
2.183832413302882,-0.359516035193398,0.7719454851848363,0.9985679167684594,0.02589444060282892,-0.0017314486576280464,0.046782428668386625,-0.39595986551218776,-0.08152473724080751,0.009279616574902269,0.8614936627299521,-0.48173806597122953,0.002859099681865601,0.14192442378775433,0.01863962757825869,-0.060447642629395865,0.27236426085555776,-0.3667066143927459,-0.0955230707609597,1.1525180016453171,0.043237190006567665,-0.10278062282268403,0.08211382229223955,0.030812614590863412,0.18819094548323853,-1.432539951462803,-0.022743659702487797,0.5657011606786332,-0.6232544316369977,0.45302830882396705,0.07128924641083709,1.6986692146758862,-0.01366484531679021,-0.19684963880609407,0.10397643669190518,-0.16566083693955302,0.03695536663824621,1.7080103266485502,0.39860251106197186,0.7792605454241851,-6.999347865379197,-7.54534946169832,1.1339134906420525,18.146835445903527,-6.9424690724436875,-9.176978624702173,1.5924524661938468,-11.922725253305197,-2.1626149800763685,-1.9546067645758327,8.679076791111038,3.6008221249099592,23.856587790615283,23.47969811607938,-4.378341485428169,0.0
2.2073033666268937,-0.35850478143431147,0.7702364045331566,0.998469019311209,0.026146405733276687,-0.002315042606522497,0.04868904928908137,-0.41959922462152177,-0.08231552698468723,0.023693072289432533,0.8456153939283303,-0.4698104622109685,0.0046195767787857375,0.17510326052383668,0.019664297692731005,-0.06332127418229663,0.2803590505629271,-0.3633112704470169,-0.09462384158607567,1.1922709350975238,0.056407842952773804,-0.07333739685170408,-0.029438875793738044,-0.12624922444495668,0.21075038764188042,-1.0058302917966535,-0.10853049393521436,0.7181604688973052,-0.778782132954515,0.5289497418449255,0.0714847078069955,1.6520283484038176,0.10989033839840118,-0.12849327779174963,0.5991393987672889,0.44398340005967707,0.020463968462217767,2.2064855911925907,0.6528609869752561,1.201512974370628,-6.0026206944140945,-8.074820312181394,2.9945385906452446,17.82221715705828,-11.476051899120561,-9.116623696296381,11.180173158074705,-12.838489661834382,-2.315655448085349,1.0931093492450774,6.652623008115926,-0.42356748049998294,18.817617581376997,31.242782008285715,-2.6943478890112633,0.0
2.231612522914283,-0.3571821831296263,0.7691345518759807,0.9983743934777712,0.025503249326972222,-0.0043513159942503805,0.05078602928736214,-0.4348190910891494,-0.08525685098384515,0.041960163877292345,0.8267021729088311,-0.4540181239127883,0.007673681933410928,0.2067660395902393,0.022622970941390583,-0.06522892869786383,0.2983411493180299,-0.34695190328731806,-0.09360960846249086,1.2360777940236787,0.07358635681945086,-0.04305726207210633,-0.11615766614925177,-0.25197493891831024,0.24275945907003194,-0.6050381650532998,-0.2463147655412744,0.905769499425761,-0.8912268608253995,0.7224854598318458,0.1361502868966254,1.5694441657392129,0.1896981549001413,-0.10771213602963624,1.0636597879460215,1.1411193400807254,0.04710780680674147,2.410169315372325,0.7948664605169867,1.131630505272922,-5.1258154724301415,-6.333299244237517,4.446436470256373,14.486998817521265,-15.062037463758886,-11.399366833559718,17.2662967952519,-15.94196937704071,-3.6745513211767378,1.1573409232976952,5.289914606452009,-3.6719265562323447,12.71337557016328,37.469298954929215,-1.4803356062087938,0.0
2.2568026958567806,-0.3555170040264545,0.7685648986641763,0.9982688654416942,0.024088873913637548,-0.0074458905107895774,0.05313715421272243,-0.44137238173638926,-0.09109020188457594,0.0638808022567878,0.801634324414252,-0.4305715916663927,0.013746910850944856,0.23538691346839954,0.026951225379904888,-0.06712756507119878,0.3266651040653155,-0.316165265810724,-0.0915634761122221,1.280476728761967,0.08985211595764088,-0.02110811883221208,-0.20102738536014744,-0.33259268753217786,0.2797689506695856,-0.18509501750672525,-0.3960275819668527,1.0590583447881237,-1.2313570251662407,1.0872797132517724,0.27886282050995775,1.388112628270951,0.2615269658753735,-0.1310479481426417,1.565399650826572,1.8958922289870528,0.10432164197663335,2.4456758003715984,0.6461439726150212,0.5031594676058746,-5.798724413435443,-3.9763690852788174,6.088583937305556,10.274145206002455,-15.387926814394671,-15.929411914860497,21.441710423623533,-23.337666564549817,-6.563330311007978,-0.41523074783900316,6.458668856688015,-6.558975743347356,7.263843408944474,41.8671460666215,-1.759222381156566,0.0
2.2828215634586386,-0.3535984718869509,0.7682073695686817,0.9981463802838701,0.02174209033690154,-0.011144030834524437,0.05573953364308492,-0.4373186543237839,-0.09968758042171794,0.08779825446258735,0.7595669409903909,-0.39253493954102275,0.025486205379060625,0.25754157969075003,0.03288241822363711,-0.06989664348982523,0.36865737408267985,-0.27060636977647834,-0.08843540227025641,1.3201186779753804,0.09787876838302975,-0.02312599026688264,-0.31964044995508495,-0.3676957839700077,0.3222777365761903,0.3446080055763815,-0.5084186167531639,1.0995006953064272,-2.1763975224356407,1.771146514544706,0.5448855200283371,1.0116261556800183,0.37413228778394536,-0.20158514460548155,2.2748468185070734,2.646569412095128,0.15317182327790838,2.2747271933180886,0.0318116028077373,-1.1046509877598822,-9.04257864299654,-1.8566254321759037,9.243540809974494,4.18853208485506,-11.28003237055931,-22.86880121920833,30.932223315901872,-38.8982588667775,-11.770126933336336,-2.1880673835912168,11.596335240742933,-9.895571949275375,2.011029910013165,44.60902744513046,-2.2868554592947827,0.0
2.309445115112428,-0.3516428141731789,0.7672692637354931,0.9980323912807804,0.018044888341364966,-0.014996088967534068,0.05814503654476516,-0.41806527415132333,-0.10995277248391666,0.1102656549962762,0.6806265385923707,-0.3302598917060783,0.04610254063683598,0.26723711407636436,0.041414700452970694,-0.07278986378193834,0.43227648431431304,-0.2121204591365892,-0.08541744589595293,1.344366168022764,0.09140471263146845,-0.0798784241632388,-0.4940087128267782,-0.35928236144819,0.3024589916024314,1.1201113637002678,-0.5262210131449304,0.9311071576870869,-4.1289074575986975,2.8717567320866317,0.9553910504631535,0.3174051678193977,0.5660880201330678,-0.19959184625601875,3.416229445021047,3.267075622192307,0.06054777112725872,1.6974566063775156,-1.0636528466958708,-4.498128429321743,-14.482315315158761,-0.2823027505747814,12.228888517938577,-5.36968966384358,-1.392837153259632,-32.651129813687,57.521653850390955,-67.09344852482768,-19.77317017925996,-1.4607324077261543,21.643688580574192,-10.13366062125297,-7.222640385366882,46.311354019266034,-18.397189432477266,0.0
2.336252638521254,-0.34988807558526736,0.7640403667745227,0.9980478346289269,0.012759363166034189,-0.0184867899448194,0.05827484055441791,-0.3803313236429037,-0.1214173305963799,0.11757417389998653,0.5555026485468134,-0.2544543553198864,0.0672271484067995,0.26168718384246703,0.056134126668084885,-0.06346202502079179,0.519926194154548,-0.1444471944209282,-0.07812411971265944,1.3417193846666429,0.07599282670069242,-0.2433314192832698,-0.657268603719002,-0.29018579528473,-0.04868744566918854,2.002618328567589,-0.48708498636770725,-0.08371035760063375,-6.199829837838729,3.283027700274351,0.9232991914692446,-0.3883746353510463,0.8506604037554508,0.3867311814327287,4.470639810922618,3.245251624976991,0.18338019380753134,0.49313150486101714,-1.8394633205155437,-9.712432017958044,-15.990643756323706,2.5368586785697227,1.467469052275215,-18.81212126401486,18.98967742202615,-44.327366525461,114.05504403064971,-89.2310316154211,-18.982920263812723,12.638924092029203,12.419819938832752,-40.43727342868455,-32.42392077704031,-37.51497838899901,-20.488015045350505,0.0
2.3629536344703235,-0.34871136385618123,0.7578865239821657,0.9983425371946096,0.005017651815080546,-0.02162413731725261,0.05309800639737957,-0.33419041736726307,-0.12770770037285395,0.08476291319851033,0.4453594561643494,-0.10880772883850437,0.08843485805224395,0.24330119562678493,0.07562185276697161,-0.04757564116948934,0.621791612434991,-0.20268208805235186,-0.05484489467388634,1.3225968118201532,0.04982468187533349,-0.3241740689499986,-0.8243713446661289,-0.23496203646078603,-0.6700728578247764,1.7808798752026584,0.18970334572535624,-1.400029639629551,-2.2153806150181437,10.498714080763527,1.2712597865715147,-1.0631065887842326,0.7995771491279113,0.5380058291227698,4.297195175990787,-3.750603331268415,1.1582283046045398,-1.4286384326662158,0.160010112716374,1.1756073246505196,7.870193358841376,3.869347897238642,-11.482293834450788,-61.42690168317466,50.97866262354418,75.18769913831906,310.2795759487042,116.32656512273748,-65.76888670286718,-1.1580342710217817,-41.97373160218588,-48.04845484961251,-144.29767575632485,44.13759995532533,-21.15077035400641,0.0
2.3876994782925416,-0.34646003538038567,0.755102766924422,0.9985662510853786,0.0038718936656119978,-0.021769154554751032,0.04874991838665825,-0.31991754927026433,-0.1313538056997326,0.07720914239880015,0.47454897763184567,-0.08555566339790409,0.12118697155584258,0.20863336090990223,0.05802643210560336,-0.06331207484295803,0.7001909735278375,-0.3042360310424439,-0.0477324963611602,1.2022896894331023,0.15850686547415063,0.0027483925595687304,0.36383850453645017,0.03863141408940083,-0.3333036333106544,0.9083659503120329,-0.5961308582305747,0.06501010464051404,1.750685544028807,-2.2919478590267124,1.2424603232865987,-1.901038951647541,-1.7846928023457869,-0.9585387873847209,2.9424868877814494,-4.671454679164098,0.1356536262184403,-1.745019210297874,4.193501674515022,13.971112230322571,44.35227202472918,-2.584349072434566,4.6315874709084595,78.26778510723778,-47.36458449515639,24.880578199722937,-111.90252830122239,-131.52809180612076,-39.62582735420449,0.18913510909715892,-61.604614287449635,37.718316287511946,-132.26427969864994,86.93706416871733,-7.5788879895252315,0.0
2.4113204060045015,-0.3437462920667109,0.7565834733009048,0.9986038455249219,0.007181515493349894,-0.021207798589925077,0.047843649704275244,-0.2969221717121173,-0.14333289621830306,0.07436476245035542,0.5031546576557593,-0.1445013205749308,0.1385847362044883,0.16906487884030874,0.03271521190946876,-0.06973784322936333,0.7380258318240992,-0.39191541405285407,-0.027766457528615594,1.1714973094274685,0.11466855908490796,0.12355452336043497,0.27185546111293996,0.010685450086380433,0.07572457590223003,1.5059371094262377,-0.582638174972496,-0.3587809117019104,0.8209257111336963,-2.8671604563109647,0.6128085263117945,-1.9733714606230182,-0.8356272303071436,0.06433360841530142,1.0229223095458,-3.778283920281716,0.9950685710699755,-0.6934973286364567,-2.538590468835838,4.669662969752119,-9.098337208705642,-4.4939247720029405,18.305070834319338,44.180448864294114,4.311249936048144,-26.32724571477895,-79.01335556892158,38.386614616126664,-24.734360837746532,2.3380370846597422,47.280522050025446,31.811241383296018,-87.86710975105959,74.46413228062636,-19.107867634385205,0.0
2.4343186408535695,-0.3421309940193965,0.7594228144738473,0.9985404341140025,0.00835086435319656,-0.020849083470206257,0.04911802339696974,-0.2632266161903885,-0.15077738674766059,0.06462402480239343,0.5104464429828874,-0.1949433369896442,0.14540336476645754,0.12212647279359255,0.030421570621129615,-0.05348981952911925,0.759524393490334,-0.4440012869391908,-0.008997628578000625,1.1400565309999462,0.054390686725128395,0.15298066513897512,-0.004351316679352731,0.014146828584614666,0.2170593629803863,1.8596936925130962,-0.2281987532147384,-0.6498244152560474,0.017364366474180118,-2.219711161214126,0.17499568436388918,-2.4646948542409266,0.2935047343114031,0.9607403631000431,0.8499425188426171,-1.9900834327373493,0.7835864079376085,-0.6170491908736137,-2.825380317692603,0.8538097865246228,-14.062495481022868,-3.8642528496195085,13.549262856178792,19.48348984527915,14.573099691710334,-21.169466784787623,-33.479833677735016,31.9721254075249,-14.786678880228193,-1.8038037561232865,32.581703105341646,-13.94298123786758,-38.79627280254341,50.27228119779738,-18.290984951267006,0.0
2.4565442652961353,-0.34129259210908,0.7623920033837162,0.9985277632903352,0.007864591174500411,-0.019913678564734374,0.04983873543819831,-0.22503109002386615,-0.15221757705548228,0.05440024452466098,0.5029303119534438,-0.23220242473650812,0.1471113112258696,0.06150190835082255,0.038788432496238284,-0.03048260656944664,0.7882878004778242,-0.46981764817639643,0.0033648712492993973,1.0989437072980717,0.031255015648883534,0.14267881971603352,-0.0865696709522293,0.11265069020823905,0.038115055074783376,1.983045675397866,0.02452494855278808,-0.49563041643853534,-0.6127608925712661,-1.6387746640267922,0.02576616241544115,-3.201302851071795,0.4240522796556978,0.9641500115133231,1.3663500718344888,-0.9300750541494289,0.49433078173012,-0.6505878785310417,-1.2412422697590975,-0.887599046547153,-5.978767291907556,-1.5324617922751753,1.6766756264125426,9.285079239216518,9.167233064080147,-4.306999535977557,-18.717786865249,18.817332285614707,-5.198248136930742,-0.6115681503735662,-4.275447893866646,-39.06506745330164,-39.730561740600685,27.621103338609153,-11.967168135590423,0.0
2.478193442165518,-0.34071053799988804,0.7649931468574298,0.9985971883793683,0.007110611790533684,-0.018411273463785214,0.04913369078572066,-0.18377441842186656,-0.15084179402515327,0.04678547375220261,0.4840470582744155,-0.2600974330280201,0.14726779847784696,-0.007930361438882136,0.04409004171635882,-0.015101847956218559,0.8197790198248183,-0.4854548420104482,0.009520629294339025,1.0775287711294212,0.024514489981599698,0.11696290358687407,-0.08077937945847555,0.14742974822555283,-0.08535124162066791,2.1312991042417053,0.1027721873187014,-0.37150902044626233,-1.1004301999516424,-1.2723154049643093,-0.014843374956769215,-3.4658740717409966,0.15067338360712187,0.5007139557854807,1.3147945655361046,-0.6290454043944099,0.22975649909665494,-0.023678371517906777,-0.7360705124336816,-1.7312197248306975,-3.177742898339598,-3.1309962521832664,3.2956753232376643,6.462514956541008,4.096038850134205,-4.285378568403342,-7.406856389832376,7.7062882523929,-3.2405340471650126,14.439845073655173,-10.200265292632247,-33.621941650422016,-51.499286917490465,14.947693529996686,-5.769499617309194,0.0
2.499500053004769,-0.3402712876672398,0.7669489583066643,0.9987052586100035,0.006385036847695237,-0.016687304310559592,0.04762952449926909,-0.14076561988007585,-0.14838134119523266,0.040895087449969725,0.4587369810409637,-0.2826122183070144,0.1469827172290567,-0.08094501197418123,0.04484899627870489,-0.006814704947744101,0.8519142281276033,-0.49531744146426926,0.012724304280042422,1.0637547088130683,0.016403837018060034,0.08088956837677828,-0.0844694424630401,0.15877460517451528,-0.12696379467424654,2.1702688814925377,0.14881160076338096,-0.31481083099395163,-1.2895599922237797,-1.0674992504693444,-0.045847707366888125,-3.5697613219028135,-0.021596612976884443,0.2702435022416911,1.3962046076971475,-0.38067479696322015,0.12392074527591218,0.34905539766741317,-0.8751820730294898,-2.034070133438584,-4.032295248356705,-4.241109770975974,7.860628948807696,1.6709511315311514,3.897080968990488,-7.659899799221946,5.993805466132409,1.9106335657367017,-6.272502967940311,23.411595114562374,-3.910708826533469,-19.31471799283369,-47.79670517145376,9.778977629542297,-3.0030308366604963,0.0
2.520586118667782,-0.34001451658967663,0.7681141556457004,0.9988153064227532,0.005530247195907277,-0.014867377817339308,0.046003924815286486,-0.09792412362719728,-0.14497517783274216,0.0357741033874426,0.4318423163730963,-0.3021739946870544,0.1453135765572997,-0.15468038394632697,0.04333647162310513,-0.000734440074869456,0.8848230600494219,-0.49969052170029243,0.013850161413428819,1.0542790089857708,0.0064339110062074985,0.039174147638412975,-0.1052877749335968,0.1705648618606922,-0.11600822857622245,2.1294750519823964,0.20000099010629413,-0.30031704768476175,-1.2983063916283109,-0.971452753650101,-0.14442588603173376,-3.5614683337417654,-0.10225244520871958,0.24150569824837806,1.4265878296177132,-0.13954341944800547,0.034285405652433425,0.46117269287167484,-0.9392097516507931,-2.1649297151286824,-4.781359218932442,-3.831419753435962,10.4201482776128,-2.240169987577029,4.1404166631333235,-10.163988318231787,13.822589162376286,-3.661772771547789,-4.073510864131722,27.68023398812162,-1.7922473976787783,-11.815565505706406,-47.567226498214545,4.66513792936406,-1.1639621512040919,0.0
2.5415132640270537,-0.3399317486046223,0.7684802298762268,0.9989210551165816,0.004528017941571983,-0.012838052588750785,0.044400530447566096,-0.0561613485415751,-0.1406414524776543,0.031852822916533546,0.40509255684591516,-0.32032268863755076,0.14275521358453194,-0.22763225151572342,0.04023516014358499,0.005692717760895424,0.9168665899480248,-0.49923571011961143,0.01410435492694755,1.0464192242369572,-0.0012489966175762291,0.0015923418818942479,-0.11253574040352601,0.20456704290847055,-0.12161510087444506,2.0504937342781275,0.24063982705634912,-0.21150068717191375,-1.2642814111069867,-0.9140208520685749,-0.11005826580982778,-3.516113034911316,-0.18881078733819046,0.29165777912287344,1.3661888236598885,0.06647625694585024,0.004646787311909422,0.42553086246499067,-0.8642817462282796,-1.8756062578347967,-4.2572358116171545,-2.294261629651288,9.468379506700096,-4.762005400591225,3.8604944480264125,-8.106096533276977,15.684732756512307,-4.99572642289392,1.76328504536562,27.439751009100974,-2.67799231646766,-8.645900122995982,-47.10166674607279,-0.061460853655896486,-0.4179332287961197,0.0
2.562386510202585,-0.3400066001122226,0.7682063166075085,0.9990230885561681,0.0034318364304201064,-0.010585565750608872,0.04276724012781055,-0.015079438983024183,-0.13543419591836137,0.030241253691930977,0.3780712774734785,-0.33701042601704995,0.1407468375453085,-0.29783735412455487,0.03575711649276774,0.01306182509799288,0.9443539576007676,-0.492816752956236,0.014142149760429802,1.0457423036092282,-0.00971898284296412,-0.026806725394995207,-0.12291949322600862,0.22776714949177626,-0.12237625401464608,2.029722107984223,0.30289927570030684,-0.020012660318648318,-1.3013179866586022,-0.8287771829185778,-0.08743968746151484,-3.348374830010852,-0.24525565868604207,0.3378562030813,1.1089706191754114,0.337804056859552,0.0004948144840142528,0.5121159676122233,-0.9947442682846709,-1.5780834321327224,-4.769030073996517,-1.606528283047193,10.403090981926002,-4.430290343431619,7.666389869476222,6.194378361270529,13.424700612256977,-4.2758449631289785,1.245327626520889,28.189503808499662,-1.3289007677627707,-9.241820887966572,-44.12954699701148,-6.028033424902682,-0.09639463786798048,0.0
2.5833481566099357,-0.3402888746665867,0.7674719688936469,0.9991024002152057,0.002149631326715044,-0.008274391583662775,0.04148864197940804,0.026225068614059766,-0.1282057191779503,0.0358743252822283,0.34998777669312325,-0.3512481354297718,0.13859343638755356,-0.36292243449013656,0.030665045975234784,0.020808748524235577,0.9645557141840349,-0.4806294806097813,0.014402735466781492,1.0520546685606214,-0.02037104415083169,-0.043387449141724925,-0.1339476375405019,0.23125956126614022,-0.063037425341938,2.0065241121457573,0.388412587226643,0.30838224942977094,-1.2788228765677885,-0.6506270145474398,-0.12140235491158423,-3.0648061549132657,-0.2780113581211482,0.3469181769840211,0.7548016727914266,0.5864586279562111,0.011639375425483949,0.6163834932524765,-0.8695838133882243,-0.6171390876109417,-2.6885136859590113,-1.4886617559108117,11.337777330686363,-11.775241347213454,2.3600794759766486,-9.313747983414201,27.1441983439968,4.732095214423272,-1.9872578116168136,28.512654212645664,-3.20259764114044,-8.443135549165635,-37.368537505139756,-11.588334344405876,-0.2385025518533728,0.0
2.6045603125434327,-0.3407684469574677,0.7666226277804558,0.9991486887868934,0.0008799715824749691,-0.006183465381452424,0.040778525001807016,0.06698850879557511,-0.11987672069624469,0.0467177692579865,0.32386407217586244,-0.36005160172792533,0.13498557721390436,-0.4205903165102898,0.025072646650481433,0.028542419563333466,0.975436436689221,-0.46300399545336324,0.016863812232982226,1.0684280418448726,-0.029326735862743612,-0.04138221511971901,-0.11994174899990076,0.19520205768827706,-0.019704409378340084,1.9765637036497945,0.42299625946403974,0.5327501337910141,-1.1383656967284523,-0.3149526398829718,-0.203579159147597,-2.669011724358008,-0.29588651797938853,0.35141398762039044,0.3127562871245134,0.8199663267756697,0.12185284913696556,0.9715969969826258,-0.7586750551501362,0.16737918231028204,-1.0440238378013342,-2.6129676371731545,9.250224211448813,-11.936483070879607,0.42177997771860554,-12.145134501464355,30.328272158753226,11.053345658894123,-1.965913068771124,28.3645314178569,-2.345037607177221,-7.323459060827291,-27.923310874051968,-17.164761895387905,-2.4858527856250308,0.0
2.6262314907913016,-0.3414498106405852,0.7659755264867115,0.9991699645561015,-0.00025816425712442035,-0.0046900339815429916,0.0404637969230287,0.10729525870703621,-0.11097145473207791,0.06065080966014472,0.3016456474279535,-0.36116218214939044,0.1291566995948954,-0.4686920898903484,0.01938167195907985,0.034622540847163874,0.9758293637025325,-0.4425216230269574,0.022059766922805438,1.095600091373587,-0.03994336965094747,-0.025995379514044396,-0.1066355205707614,0.12204647246526054,0.002265161527979948,1.9609432777060034,0.45074070147923045,0.6627783855382002,-0.9195031666574616,0.10457758125467445,-0.3206708809166259,-2.1724796619690157,-0.27820158381809224,0.23400359396896742,-0.16633864497924447,0.9155805670567219,0.24528087329594478,1.3663415929880278,-0.7879964548406619,0.6633752913489407,-0.4454341449983744,-3.567209897298493,6.410234353983588,-10.955762356766783,0.41890581267565724,-12.888679756632062,31.2512439194603,14.803416431015968,-1.739933761536108,27.195340693568603,0.9593550483057931,-8.802417389287784,-16.212209204645685,-20.717768238128407,-4.81306606214027,0.0
2.6485664712928156,-0.34236635258077514,0.7657669795549866,0.9991765194407314,-0.001242191530361377,-0.00410675498813235,0.04034692704502697,0.14732951917872425,-0.1016957831491048,0.07517777427729641,0.2847116737876919,-0.3528569723782605,0.12084398327119247,-0.505382218875928,0.01446211300051407,0.03695747760030593,0.9653108360194995,-0.42276599056756325,0.029142218731948947,1.132662857733006,-0.051994377033067606,-0.00013113803488744606,-0.08935162590634607,0.022458550007487168,0.003570653293651932,1.9529450317653159,0.46450160183220846,0.667245251639506,-0.6453191600294536,0.6166955972042691,-0.4415938558240901,-1.591934204358417,-0.20584267865906689,0.039357100477296666,-0.6586427917592993,0.846392044108433,0.3241722851533911,1.7082150633987219,-0.7779773054640859,0.9891817039423869,0.6225722183637651,-3.775568383762104,3.2551391981499265,-10.359618085407977,-0.13066767020359116,-12.350496664604602,30.582531004576698,19.338064627719447,-0.7852145004510693,24.63654615976255,6.206328783266705,-5.511897786176158,-3.5628913998584535,-21.108608329100385,-6.155297576078814,0.0
2.6717284950908256,-0.34353626187093367,0.7661513983723556,0.9991757094857124,-0.0019688643425534746,-0.004597026267029704,0.040285139895801035,0.186560324939364,-0.09238871516894573,0.08778944618048871,0.2748843689923938,-0.33354634408925693,0.11031784958054562,-0.5294846695320093,0.011334750003768348,0.03474284836644419,0.9441244710470439,-0.4061937920549279,0.036985081437586616,1.1771199565554102,-0.06433508849258933,0.031201480040414994,-0.05788364981820564,-0.08959082028554388,-0.003194903242705125,1.9052367758494468,0.4561608660811205,0.5526334587833635,-0.27158142790971745,1.204873642749871,-0.5410641133184999,-0.9656785196618961,-0.09707146546810327,-0.1877106696984708,-1.1279381573872718,0.6802706012444439,0.35091805637340356,2.028675309645572,-0.6760251364616482,1.0688743578900133,2.1750258208918076,-4.03065554253965,0.6955795972284327,-9.761304291878924,-1.439422703359523,-10.62394315936632,29.231923127535524,24.114612561144725,0.7447168332299747,21.451847742716303,8.207785018791876,-4.663137921697483,9.544520327580296,-19.120340674074278,-6.84803603461219,0.0
2.6958448570998335,-0.34495020148789324,0.767168030062058,0.9991675906068808,-0.0022674619646182483,-0.006264625730185142,0.04024598068801537,0.22392477515801762,-0.08342925437348743,0.09664355197201809,0.2744275214587187,-0.30203551489649916,0.09804611110202703,-0.5403274468945928,0.009868309141273398,0.026499040881391617,0.9126152788064396,-0.39360772143683187,0.04497027613819886,1.2275238167609306,-0.075520406062267,0.06154275959825445,-0.007615258101847955,-0.21297045835281647,-0.010563164905408477,1.8058557448468715,0.4260085938889252,0.3625517434452286,0.2050530037944141,1.8488360051017483,-0.614740969544056,-0.3140712691536848,-0.018718751844273164,-0.49972915418683217,-1.581773277333769,0.49172274584587794,0.3565308627962751,2.2989801717087333,-0.5024376299942397,0.8194401030869077,3.981174255769565,-4.187067556681895,-1.1236416838454353,-9.0102564151285,-3.353112764925192,-7.787876951788146,26.35033046636609,28.823214503122603,2.5338698439847125,17.2670274863173,8.283634892020062,-2.958495312755883,22.587590416290553,-16.2743416611269,-6.66646674292851,0.0
2.720978058339753,-0.34657418822083874,0.7687097543226771,0.9991476445690863,-0.0019203615691535123,-0.009102351059009889,0.040217456019608154,0.25742355829852137,-0.07517184414303046,0.10116780775746818,0.2865397189099348,-0.2576848579862169,0.08435137742305546,-0.5375588731080986,0.009660880340186579,0.01168538115073873,0.86950409702558,-0.3831115904019166,0.05292447019149082,1.2792656063165988,-0.08434110665899763,0.0825410346236358,0.0683339825522816,-0.33036878784154117,-0.02572572008718227,1.5838886754143306,0.3729421775024469,0.17123635877977245,0.8628495236075615,2.5168091707779774,-0.674748745160201,0.34182817990271047,0.05074253738992196,-0.7852158492305764,-2.1239777125387693,0.407374632729949,0.35607713321774465,2.428171414329435,-0.25500743092238104,0.10511856033698239,6.233837867689852,-3.9561974597929677,-4.4961506717117885,-8.829802363013826,-6.303208379717958,-2.256198567779687,22.8292290290309,33.660025814641926,4.133897776940455,11.20136827879362,10.78823305963864,6.2203665238734125,35.47458735509164,-15.280946703148516,-6.465542666281736,0.0
2.747122722009691,-0.3482975631507368,0.7705016816266247,0.9991086937630573,-0.0005053902747435586,-0.013119475164478332,0.040117851377617,0.2839817011635399,-0.06840751163275513,0.10235896472317364,0.3161066942035188,-0.1996551179166465,0.06936494946426441,-0.5183799485929775,0.011082124590797389,-0.0060246694305321116,0.8043142224395176,-0.3639047971474186,0.060579945100950494,1.3295920050009165,-0.08439943789829374,0.08366399509436805,0.20563563004457813,-0.45796042652452573,-0.05552420905369765,1.2087757432055897,0.2490444938695078,0.03962977903103174,1.767218989001673,3.2490892725482556,-0.729912360285664,1.1857275276765542,0.13458254179947643,-0.7947686171366327,-3.3114160268628576,0.8645610877984553,0.3382807024430113,2.4061210340024366,0.4014413682359417,-1.4440084429854014,10.957117881796654,-4.45787559740188,-8.710861489342912,-7.369431696304931,-13.688740598367428,2.797728529288639,16.90230545224921,41.58231832133751,6.32505151779838,5.921581539542978,9.64787824619226,20.767272858166375,50.12359095365944,-25.72330464719943,-6.569823473480089,0.0
2.7741769768273823,-0.34995286939752246,0.7718670355197592,0.9990287939758683,0.0024640298989493945,-0.01841175948769087,0.03995503067633177,0.3001927518329828,-0.06479141631118723,0.09881762787929955,0.3686843141018089,-0.1272305988374412,0.05401825217021296,-0.4758031477539014,0.015275512265009547,-0.020050186395517,0.694222022348628,-0.31724487332636864,0.06709698186172278,1.3709139309843827,-0.07449861007359544,0.03584110381128014,0.3935311666056467,-0.5938698532873246,-0.08966758972135065,0.6730611390902524,0.017218183069943285,-0.19146180772544563,2.9154889344526067,4.016596560712936,-0.6728063199789583,2.3948529355910826,0.2575553554762133,-0.4867304332617139,-5.6669306981668,2.1806793236863236,0.2759550375189076,1.8534268734210544,1.3129633461809045,-4.841677032566982,16.472968371712934,-4.132806802221473,-14.495772480931793,-3.586075130422517,-24.222809452619032,8.969783081443449,3.88038126486786,48.18860779477883,12.956121299130889,-5.360942605719668,3.461015305177112,29.896759721113604,85.22061332307376,-57.126649336327596,-6.246225038903651,0.0
2.8016896482942206,-0.35157149445273556,0.7711778477484206,0.9988798944534042,0.006502206315362394,-0.02381983293907066,0.04036450580079868,0.3054015255967335,-0.06703038352250662,0.07767394818540564,0.44013439325205855,-0.04919828590186465,0.02771163289418651,-0.41133392334711755,0.021634388457922857,-0.03379503647372642,0.5362702738937788,-0.26451876659869833,0.07011118221063815,1.3750449100386515,-0.07652744648409464,-0.11446737798474711,0.449975003062599,-0.4963494172424383,-0.013392852045976629,0.14581450673926274,-0.2842769782407847,-1.145334645623908,3.531743067881347,4.104574309030633,-1.4384941073582183,3.1977398559236185,0.37859834048302854,-0.6054599235319404,-7.6150683714031,2.1423023136019097,0.11039676016553679,-0.3512589307261766,0.9012810399859564,-9.863956413063422,11.49976583425448,8.881925280699402,-15.533750307609038,-1.0395645052431868,-11.668209679774925,48.43359260536422,-5.766965600559696,-77.52577970902027,51.465267715709274,-47.20522755328602,6.929470360157193,22.206361725045777,158.48953549467626,-73.18245208561909,-2.646378060654463,0.0
2.8288713959467024,-0.35311149213556803,0.7679293045772789,0.9986846498744459,0.010714238813248386,-0.027245919202528453,0.042093171401262446,0.30405789645492315,-0.07561677498944622,0.04556077349134277,0.49291470355769923,-0.07694715003253623,-0.0021004882200882724,-0.3529431170879156,0.033951397750111724,-0.02553592289345434,0.4318027870193756,-0.1416787800631446,0.027936918881386295,1.3301289834107664,-0.08276509697632511,-0.17244942620288936,0.3073805781514511,-0.17886556128204525,0.2586145815590722,-0.34915931883637874,-0.2787607391456996,-1.4448300675271228,1.457557230994737,-2.474472433438423,-1.299752459222634,2.212153155987549,0.7506790865674358,0.8851207818488613,-2.323060556516395,8.059787328378805,-2.9356070691397074,-3.984376144172651,-1.067773481587723,0.7388226003943859,-16.627309420494946,23.15038599781014,10.770692574178028,-43.128977171075526,36.44968192805626,48.225808765843304,-118.50112646843704,2.7910191222198066,28.124858013047525,-77.38235290829076,0.45587688852622676,8.388632948902735,217.71542966627445,36.426647947042184,154.84694070054755,0.0
2.854288610739314,-0.3547622145418498,0.7649932497401847,0.9985277936665528,0.012848891545877126,-0.026592984014194944,0.04549686211892154,0.27853383373040197,-0.07331327170847307,0.03722865962270371,0.5317147961350489,-0.2013058451709395,-0.004231989957060968,-0.323188233095702,0.047591125489268755,-0.008584899548321803,0.4187425362785344,-0.013166943417425987,-0.014443252091652876,1.20579822197047,-0.09162942978239727,-0.06846724553119443,0.01042888176006472,0.30683120800624986,0.24875408121533077,-1.9593270250208625,0.5144358697839556,0.21635473599576227,1.555331022593043,-6.133995419209381,0.09198642375628234,0.562444377079148,0.5964907243871098,0.23986875653703432,1.4291056702417566,0.9636556094390087,-1.8627291445111553,-7.308216629963257,-1.8943451908928775,12.573895495007438,-35.135769502394716,26.381406484813336,-13.762357037983778,-65.98860325671768,48.67326055494866,41.41701671060689,-78.01628533406797,106.95961986671657,0.29670600792997615,-77.60846846093087,3.707965867471586,-76.97315100091035,171.66110881631735,-647.6780290531289,31.67980256568749,0.0
2.8772697229770663,-0.35644103198500504,0.7656057511945459,0.9985722115401737,0.011267233031916717,-0.022391987172766054,0.04717188474107503,0.2257967545699306,-0.06728216088697271,0.028926024530856943,0.5728487369513446,-0.338482312435014,0.013100619730193622,-0.31484806062597914,0.059064870888836496,-0.00954396289335911,0.4544174420916451,-0.05701084320934079,-0.04552581450941305,1.1270837832029392,-0.07369407815341668,0.10219080871799424,-0.21576076407450662,0.4238475980153328,0.07756072919445423,-2.782720346108455,0.18942161848378913,-0.6172246204865837,1.7113356194320521,-6.067693497315936,0.8842509776756781,0.7496117286621741,0.6097966999135611,-0.09160915278961826,1.2304031248475682,-3.0372663897798207,-1.281981694287112,-1.0675888900538315,1.4883827181790938,6.957257728748343,-5.652706747572675,-6.5355417517986805,-10.719772143407303,5.5184988146037535,-10.038760213428452,-2.8649774780301014,-70.50712070591803,123.416289497051,-14.871159710368733,57.797900989537865,4.912207168076769,5.611616380790143,-98.92135419320653,-1.8300481788610714,29.54048484797621,0.0
2.8994121095427836,-0.35743338625136506,0.7684355019648446,0.9986368990170709,0.00952369766146887,-0.018437456087081288,0.04789262278742416,0.16564967325615776,-0.06922368658756431,0.01164289480377523,0.6088065484377118,-0.4288246375184588,0.025528295040763538,-0.29287815291379377,0.06872095917287431,-0.010533109114284948,0.4653284381279173,-0.11333382584969225,-0.06713667926471655,1.1018611176378925,-0.027546864186946827,0.16739129261394345,-0.0849033699741351,0.33846537464964693,0.012803619626835166,-2.9397859266331965,-0.2512269214824571,-0.7452496178191129,1.4386517168074104,-3.551434348272413,0.4944914045565589,1.4363728395937707,0.3939439115793259,0.06307701908408424,-0.01388594790053603,-2.4745684060356115,-0.8851979674479135,0.06455342333565581,2.630142595087892,2.30555067048758,9.217876875623768,-10.178769178838191,-9.732739847996335,21.54652202532405,-13.354275930509495,29.946707125246938,-60.48038138131881,86.73578983750812,-10.979996073407506,38.06673529679695,-9.68678601069929,17.077643418707357,-56.586466351299485,42.81813629571355,22.317303910002742,0.0
2.9212163619906324,-0.35769746448806167,0.7720287435708484,0.9986012224991263,0.008995825514301031,-0.015434619412215337,0.04976390328507902,0.10169817880888857,-0.0756481630832552,-0.005829689584448068,0.6475409718877756,-0.4739567640112471,0.026375222485355735,-0.2580681582567458,0.07303072936734371,-0.011928308446394845,0.4538772670298039,-0.1540466495490969,-0.08252096778930694,1.09141830144544,0.0022480705838844087,0.18495120352917577,0.02865755063437435,0.22846587362371742,0.23099511765119327,-3.104373824742693,-0.3309430590693954,-0.6865504967347711,1.7360915107874881,-1.6259915722410943,-0.03463820341352933,1.9907343675050917,0.09736734513522664,-0.06332036133420335,-0.9077524415080459,-1.7461619217532507,-0.6366131506066371,0.7549592808925005,1.998096503855514,0.12975450350927925,8.985798505851626,-11.125641473127407,-1.1957815531602813,27.80597946740672,-0.10817365595554543,34.402317495476936,-54.68523448630682,47.21709327704435,-0.376380786418774,25.950235474688565,-12.002628684523884,7.884752763604187,-26.25719673451645,25.33881743988835,16.002290906409314,0.0
2.942942052750317,-0.3574328958969457,0.7755803973483195,0.998431444203394,0.009595969890637018,-0.013536507805913854,0.05347271775590204,0.03717549208002121,-0.0820167231808748,-0.01921902099454196,0.690386492209376,-0.49523185127191266,0.020285977783590644,-0.2147458697043596,0.0723528324304041,-0.015261549831094528,0.4301324400676729,-0.1837805810387958,-0.09348172018598674,1.091123779838159,0.026734057809420286,0.1680199886692299,0.14138335543872524,0.11799950079891908,0.38284210610067576,-3.0472120081961505,-0.29787458671343464,-0.46636458942102077,1.8815753896677787,-0.7611977519802249,-0.3025927573614151,2.3048645325171493,-0.1264493971504119,-0.1383446410152267,-1.2976033490440884,-1.3604446014773248,-0.43560912501704435,1.02582771564781,1.8237821236653389,-1.4169383896839702,9.504092409415595,-10.068050863585219,-5.043208355730178,35.46967315140961,1.3288033071849414,30.6338890052682,-59.70781673076888,22.90339436543779,5.843158280275689,13.354933226736113,-9.840742489077149,10.47309397061408,-2.3339860762790092,7.129135930941563,14.498812588048661,0.0
2.964719302340639,-0.3567121981372127,0.7785195837448697,0.9981798763856491,0.011322718362270763,-0.012548530586684009,0.05789010975747932,-0.024250475252086807,-0.08690802526245424,-0.026536103263499748,0.7334758067632997,-0.507489613749536,0.013248156245253188,-0.16744693629803875,0.06829110012099436,-0.018865582218211975,0.4025714775613989,-0.2087876633082725,-0.10034674687589269,1.0938625938628788,0.04809155559092404,0.12776627297731538,0.24636933261037347,0.043090382393947836,0.39628248435251767,-2.856825603099517,-0.21513810230036484,-0.19102792560895945,1.8564732010214464,-0.4714078339583039,-0.3083112883828646,2.400595371329443,-0.26405869591452824,-0.11636922816616285,-1.3359885103525797,-1.2237689259993156,-0.24760852385337664,0.8853797740474084,1.6349599728229092,-2.3403980317684097,8.868146741621818,-6.849972119304237,-10.769634480595943,36.48460588531469,1.4180759854178753,22.64944248666173,-59.67683665757902,12.888430188365104,6.474926157192192,1.2217534428465815,-6.9994078719753885,13.244568607079747,13.53479469489077,-1.6599790922629831,10.001219027316534,0.0
2.986533513323637,-0.3556277160769462,0.7805020623036248,0.9979081318493305,0.013924048500739989,-0.011926788526780018,0.06199381402820732,-0.08174383999474988,-0.08972311217317477,-0.02875771743064393,0.7747543822748975,-0.5156163379347568,0.007573569521920699,-0.12015617921103977,0.062298332706931914,-0.021990163204640763,0.3764044986269152,-0.23204827103489403,-0.10419915492856469,1.0937667596949059,0.06358289107625943,0.07490315417570932,0.31352440979702034,0.03248982806125586,0.3397889306477699,-2.6831977215734155,-0.11544211938086862,-0.025438395177880612,1.7708178239456733,-0.31552186768636764,-0.2398051379732168,2.323897136900135,-0.3396326279873907,-0.10144067816535539,-1.1958236136482647,-1.155341777631943,-0.09137491891471736,0.628817978690041,1.3038907896233742,-2.786556578623359,6.638586230097508,-3.352398192996976,-12.6857798637569,32.88727506726499,0.1873964820056891,9.163450172495114,-56.5956050277422,8.634583500852425,5.027059046009615,-6.579197003953735,-4.891563228989899,11.975272769479403,20.172650855994327,-4.190116134343118,11.02612665625939,0.0
3.0083278879352955,-0.3542831476701003,0.7813771355583622,0.9976540721885172,0.017019921717770028,-0.011091667176130287,0.06537315526761765,-0.13562053205406638,-0.09068134176306704,-0.02850922311247424,0.8112953073986885,-0.519007629750504,0.003563517599243485,-0.07545030769323091,0.05527136978914113,-0.024806649326134623,0.353935253474854,-0.25493156295492264,-0.10419168634427771,1.090769239934676,0.07362561297351446,0.01799735052048367,0.3444403794486005,0.077497047231416,0.2675091069706003,-2.5370855273408464,-0.021679126897093975,0.05438862734854548,1.5162785064068545,-0.09954949670264339,-0.16578095391675882,2.1543786698028873,-0.3622135570335304,-0.0807536090018584,-0.987487425170506,-1.216281479940275,0.07063413156173251,0.30243414815814007,0.7606931157603499,-2.584788646270643,3.042920159392139,0.20268427054748167,-11.591761806412647,26.648425147544227,2.916742599219559,4.532140709857787,-53.61463346422377,4.381109377595521,3.451480275345831,-14.637795400618973,2.6699499861609906,11.044723538303291,29.788183373923715,-20.19461206794654,-39.28105886814434,0.0
3.0300585371773203,-0.3527752732618842,0.781211695997092,0.9974242703983106,0.02022255617144462,-0.009647374418885342,0.06813810394420917,-0.18645101319068896,-0.089925023603809,-0.02661514495061878,0.839842595536197,-0.5183737553757652,0.0010572261969956048,-0.034394724141423,0.048562392827080414,-0.02725353598324333,0.33578858172888637,-0.28020402830577723,-0.1057335966864926,1.0863199207976102,0.08005096708262674,-0.030010355021505154,0.3414185669234823,0.15194940101893678,0.22686953572773638,-2.42112224011686,0.05301510236434231,0.12045141363159083,1.1140595930988724,0.06261580549648228,-0.10158990078258943,1.9632482830663822,-0.33081726494395847,-0.09258784131035075,-0.7871504539556949,-1.3220771454380833,-0.10508484100589668,0.1690406344038688,0.7088007034314748,-2.4242201923259006,2.0540361299345116,1.715302980584412,-8.23295180737968,20.7581260400624,-0.3453704639144818,1.9285918218273623,-46.81551082958009,-0.5425408872813191,2.137799367972892,-11.056655092479113,-0.3438387428643735,7.3715913340049495,17.944813266549115,-7.684718053344153,-0.5708552945633825,0.0
3.0517099020784033,-0.35110454812266023,0.7801645129047825,0.9972056219607313,0.02340086876989513,-0.007496453057132839,0.07054891963940663,-0.2347497525203543,-0.08837188073666534,-0.02215855166408493,0.8586743307373268,-0.5132156957133824,0.00015294802987228496,0.00342953702651255,0.04200243019770803,-0.029956418126198533,0.3205356785945538,-0.30558604460486494,-0.10693764374060312,1.0817850373079672,0.08853919384821902,-0.07093936090496555,0.34053991344092077,0.22221852639326453,0.20593702317054408,-2.3228208414524807,0.05846939804425464,0.2608825928863322,0.6659692950053966,0.2655878020951342,-0.029720538682317537,1.814310020828761,-0.32630171406322944,-0.11826930051434086,-0.6667309987912328,-1.3037770871128131,-0.11135759914968708,0.07203322557549827,0.7236645144927742,-2.1315863563858666,1.5506625562333207,1.8443458634785155,-5.604942115678752,15.703338787384267,-5.077044551759486,0.7892228294590309,-36.772785596110985,-5.196878750750284,0.5174320709494343,-9.133699929269733,-0.5384244768302028,5.115793459110497,14.336002638101514,-7.0934092422892965,-4.4933344687691275,0.0
3.073315273583205,-0.3492315613875249,0.7783931909863104,0.996986374831775,0.026535129129122568,-0.004877571449163722,0.07273420528647043,-0.28032314726606583,-0.08749790469597267,-0.014431423189162466,0.8675095913381555,-0.5052629141856503,-1.1145962303386176e-05,0.03919109605332909,0.03566684246381554,-0.032756183520703634,0.3070968236768605,-0.33036775376222727,-0.10952895522116488,1.0800987163075517,0.0996399715540602,-0.10510313586003517,0.33745591296092486,0.2544269788835612,0.18942690800866435,-2.194249004847828,-0.010948731605949016,0.4287617177483427,0.22126145516099513,0.36450479317525775,-0.0011644636831192705,1.748118337715544,-0.3184238229189202,-0.12328838115797362,-0.6155356019891485,-1.245536434908485,-0.13824313745048844,0.06152138780841939,0.7814792041385037,-1.9964954744487124,1.0833705207488604,0.6197051345999638,-4.339787187593393,12.558635626741866,-8.808326392690725,0.32971439079576736,-25.31688464858898,-8.622302472448919,0.2784288681158304,-5.74682383043733,-0.7664431031319314,4.2277929850186755,10.501564073241152,-4.3706786324231075,-0.3350824586048735,0.0
3.0949793196183175,-0.3471629238699058,0.7761242194274384,0.9967736202645353,0.029348424313282537,-0.002331987184241722,0.0746698183393456,-0.32217639284357164,-0.08779376487010361,-0.003552334296817997,0.8674695636706151,-0.49656930106486763,0.00045950804659527686,0.07379249211456591,0.02984925384298223,-0.03738536596978678,0.2961724958431526,-0.3518666016835936,-0.11065198320559093,1.0868912056376603,0.10711169042068625,-0.1205182274771816,0.26948280640227457,0.2195544045319081,0.16845166026275854,-1.9841736220818118,-0.05332364544687997,0.5539476609393496,-0.15841882784440794,0.3784488431285551,0.018883675641304738,1.6857091377270068,-0.25491552999924133,-0.24404626589762643,-0.4118285076620514,-0.9803212379683233,-0.03369785925385503,0.5389410342219719,0.4466373301661229,-0.7725364464744721,-3.601496772728457,-2.665145684112382,-2.9974646709298187,14.115808834296214,-6.817313123723605,-5.332137845259658,-14.828717327481947,-9.800278430951792,-1.0317842943917483,-6.417607126801527,4.963343576318842,3.8639964692438182,19.615767531854868,8.337386870808093,0.07871138076530504,0.0
3.1169352422319285,-0.34497690091329475,0.7738460967582745,0.9965848915698895,0.0311806066913074,-0.0006215184759516825,0.07645872988597227,-0.3582833030206122,-0.08869657592124612,0.009049923438362922,0.8596978247859909,-0.4876212721652874,0.0011365192951322837,0.10689810016148449,0.026468793730515926,-0.042621777429390696,0.29194579765206313,-0.365763231490839,-0.11024192491808364,1.1083976666663384,0.11152306663899754,-0.10939223292881049,0.13451768964654476,0.10904627246080337,0.17963231421359646,-1.656643980535976,-0.0825354700895271,0.5929228705540415,-0.48475700987629844,0.384627467750574,0.026284858063012423,1.6356619346672756,-0.08913791002333774,-0.24472873685586674,-0.037177537288263965,-0.4968935153240755,0.002354582999546318,1.334365151022141,0.2857179118438633,0.4461835833074258,-6.9819898794181645,-6.4078010551322375,0.571830348534043,16.969021296148252,-6.978122233986177,-10.629523362660029,-4.215377132556144,-10.419850631721804,-1.1489827145019993,-1.3375297102316237,9.295191475033306,3.3053136805446264,19.362387842475687,20.41834848302983,-4.708072386917635,0.0
3.139443828089055,-0.3426427653018321,0.7719630485456406,0.9964188216885947,0.03181846613596958,-0.0003169044331754419,0.07833911263887104,-0.38701263508665523,-0.09057156843783168,0.0234573725546932,0.8463876497791541,-0.4777417020865212,0.002197615692151856,0.1390251308745045,0.0263090957049175,-0.04700411493940091,0.296276709880252,-0.3692509003634838,-0.11021614677734114,1.1408631488508787,0.12138076858169393,-0.08350530745750882,0.009815787479697705,-0.03514571803146263,0.20410946778225278,-1.2738095625812715,-0.15980063932552285,0.7013387045504317,-0.6840272195676877,0.43305709176351487,0.04365059831255887,1.59880199609308,0.05961778977089384,-0.20928004508840498,0.40384683899784135,0.0762914944599285,-0.01959294684835407,1.858442084984706,0.5413731692771401,1.065093829912744,-6.388201138102161,-7.6873893087679255,2.371576252416293,17.275319663713265,-10.671745226898421,-9.906535131608823,6.125346680140448,-11.122560084303345,-1.6253720762077595,0.6814051822731836,7.637523784697296,0.324632977535112,18.724046380293547,28.018683248991202,-3.1257837740656513,0.0
3.1626665270427705,-0.34004556681291864,0.7706616943907874,0.9962641920358729,0.03150007233175051,-0.001474595352500672,0.08039422043125542,-0.40802447242821477,-0.09439868525085343,0.04119351281644695,0.8298221748436341,-0.46526784889023665,0.004328856497797369,0.17004534876714616,0.028531363250436814,-0.050674060726748536,0.3097216623108036,-0.3604860989292224,-0.11024449192972081,1.17953606966423,0.13667637016604867,-0.05226918044377038,-0.08656630358841516,-0.1678340378441109,0.23248320657193872,-0.8964272789604825,-0.28047281969806753,0.8823319905901595,-0.7910317135529922,0.5638907047573323,0.09381034801807747,1.5469889039533244,0.15994822395850078,-0.19070971113217053,0.8325403020831987,0.7427155846006712,-0.00047708915054249176,2.185938126290946,0.7491318320493999,1.2582118198113754,-5.454952341315444,-7.013141804159802,3.5664833805887186,15.438169249025382,-13.669243108598685,-10.420074200818371,13.400260971950678,-13.100515126033594,-2.8059065675581287,1.8594723241158584,5.85671086541352,-2.441846757131018,13.634219589340889,34.83763259923414,-0.40636979959907155,0.0
3.1866945625977197,-0.33712157214650873,0.7699670005718916,0.9961095697663186,0.030390389253588293,-0.0038422426598976526,0.08262800029237462,-0.4212338377263214,-0.10069945110689725,0.06275412088476977,0.8095339236533015,-0.447640410754249,0.008654524234381738,0.19916915094565057,0.03243945164577676,-0.05422103290051362,0.33212670721316495,-0.33771075139940737,-0.1094346307031121,1.2211592080816165,0.15332431328757062,-0.02375338376091421,-0.17253080797298043,-0.264940720118929,0.2570253617618541,-0.5205340212998207,-0.41126793681005996,1.0537213800510594,-0.973190784633951,0.8120412554502533,0.19651806328641794,1.4341708758032732,0.23906238268374758,-0.20140022143845931,1.2573290200476626,1.481110851805056,0.04109721833844386,2.328201158040541,0.7469667093696757,0.9816407823655721,-5.398667338619448,-5.057501928674553,4.367469242252013,12.159662237990466,-14.60333092189059,-14.201501238476167,17.801193787604944,-17.748545230553653,-4.960933205983357,0.8290132410949453,5.768455471212891,-4.596796745818594,8.59985953391647,39.536470320796326,-1.4624169286857123,0.0
3.2115557230947234,-0.333900011708038,0.7697143090167065,0.9959537604466466,0.02843992852167548,-0.00706102022213411,0.08495539718750723,-0.4254202113298875,-0.10934384496879594,0.0869283234518988,0.7790413392168105,-0.42003393406553036,0.016953615899105955,0.224250087117856,0.037892824555858066,-0.058470758183032025,0.3650152418925253,-0.29998755084820733,-0.10757356576228769,1.2629818725596644,0.16565807504602606,-0.009175201517404002,-0.27588734821750444,-0.3258256011979101,0.2741864350929579,-0.07004562617942175,-0.5095896796412205,1.1335545969397307,-1.5461517178146535,1.2834061377545627,0.38239767576215306,1.1946113988189693,0.33134253337489833,-0.26134257484563184,1.7879238694076467,2.250241909343411,0.08958399981583193,2.3442917586080454,0.40031825641534674,0.001656822466303135,-7.2780465180969225,-3.117721697642879,5.841875734505039,7.936637498908287,-11.858077210104883,-20.482576302814337,23.570193236088645,-27.980082682764817,-8.636857965418674,-1.020876379207933,8.391181740261361,-7.471168483869869,4.337465731335319,42.7266896175041,-2.4314932243730296,0.0
3.237156841140923,-0.330531247264926,0.7694050660609006,0.9958122213856366,0.02533267887047966,-0.010758550824361456,0.08718101114582129,-0.4173068926811536,-0.11961604901744041,0.11077265349016528,0.722984126616994,-0.3734564274403005,0.03277045354668658,0.24070140384415734,0.045300373429149256,-0.06439323536837266,0.41419199482686636,-0.2478169057866503,-0.10482372713020126,1.29710707741825,0.16655527406994663,-0.030582945660915073,-0.4270466626675836,-0.34798316022652337,0.27785373841699823,0.5516046481186616,-0.5441841524937121,1.0367185951410747,-2.9391195443225464,2.166690370749016,0.7369444088889988,0.6952441094150679,0.4694876705248271,-0.3720929075763618,2.6637441199073324,2.9660765455923968,0.130546403226962,2.082870072913224,-0.4512013459687566,-2.31553372540914,-11.780025558204029,-1.4863752446997849,9.255712006703126,0.34920328519641153,-4.463456781499713,-28.620436993461926,39.48099903467977,-48.98007189295454,-15.425154695130384,-2.5429204645371186,15.067305491279647,-10.385247096797679,-0.40077105053342255,44.105499702976054,-3.422564478725148,0.0
3.2631778915426137,-0.3272873695321783,0.7678731462094313,0.99577889105192,0.020549000873412018,-0.014454013707125344,0.08827921718199817,-0.39168642198360365,-0.12975052240272028,0.12804940036379517,0.6195516425039459,-0.30238887994325875,0.05679601062279012,0.24197504686852897,0.056380394665041016,-0.06782494437680389,0.48875082656984337,-0.18421733919716413,-0.10335725218730023,1.309121201853017,0.1503625904668884,-0.1304132686564114,-0.6363947626798862,-0.3122247314050182,0.13143649400320337,1.421262754042521,-0.4345042999947937,0.5580514314407964,-5.3548651391710385,3.215596808506841,1.100447064355354,-0.12481266079001492,0.7572328828841254,-0.13246436409883064,3.9544910314949457,3.598675740229605,-0.4355771914315504,1.0946988117473822,-1.8350947549853076,-7.089957701178529,-17.24174595841224,1.2198124499687906,9.778825763167717,-14.91073055492821,10.839371737325433,-41.166345913076235,81.00339985859627,-80.37916480347859,-22.48967850803268,-0.17755229144550283,42.107718300755145,17.587657522065655,-20.48593230438096,116.03158668759096,-236.53879275539796,0.0
3.289451411328872,-0.3245538224120548,0.7634789506001709,0.9960743258606161,0.013156117171557364,-0.018283528492880795,0.0856070471873481,-0.3463230052449939,-0.1403992908303945,0.10508808216039701,0.4745813128379993,-0.22368221765709753,0.07036866894502009,0.23060363699473796,0.07807246992350331,-0.05518163534998742,0.5794236759342752,-0.18712116195375159,-0.07475557843730204,1.318137009475451,0.11430492105366104,-0.3037442965371318,-0.9570327952014694,-0.3151561307809568,-0.43406142339575154,2.4070914375893784,-0.2488857776271529,-2.020289010579336,-6.879697824430269,3.338200723784997,0.5330837982836611,-0.6498073149679643,1.314075890443098,0.6413714844178456,3.958363301718905,-0.8379081252040645,1.5263827890795079,0.25413361213195657,-2.958331535222618,-9.825969407247195,-22.589026473081912,2.4355807171700663,-13.43161385006897,-19.574987405379023,54.249976876521075,-50.8294889893492,151.91194020291888,-94.48058374344947,-9.708877269898625,2.111799569957192,19.478399010813167,-31.41085382792854,-110.67979053020566,0.6540664735332609,-27.173987685146727,0.0
3.3152310959770026,-0.3220535517157869,0.7574815347888275,0.9966578141279824,0.005207131116190819,-0.02166107733470459,0.0785931616100912,-0.308719280355767,-0.14026877927986814,0.07181032953856835,0.419162913705517,-0.04687526764267621,0.10406394480454939,0.20511369949038524,0.08863145687843009,-0.0581376224464698,0.675671063979476,-0.26034750705321563,-0.05380940573366642,1.237307794929561,0.15616448095993157,-0.20520295157634202,-0.4450485761148913,-0.15484601852909868,-0.6397932718194728,0.8374939226124734,0.09309115412823205,-0.6895726620925446,1.1579448427818861,3.6607952869894325,1.6036374021918447,-1.6081491082144566,-0.4753329608748898,-0.7610540689003151,4.243355720615178,-3.6209351743203797,0.8410203594022315,-8.085652528699852,6.143149086293331,19.50345667108516,72.95418341086432,20.014954263893365,20.385130560711335,-126.76332907039469,-21.931391841752806,137.64964516480183,418.3185424749265,-1122.661942084255,-41.23879985708232,-31.667190086227862,-145.51600063020067,-47.4730295443125,-128.90612570514554,73.91162919979726,-15.956399365767084,0.0
3.3390598974289407,-0.3182289262850316,0.756381570563253,0.99687094187748,0.005554190861004681,-0.022334576191877037,0.07562170925411066,-0.2966533949376964,-0.1466070428916093,0.06568015357045533,0.4683593717720326,-0.08411785437399993,0.13020297228582234,0.17046375431394398,0.06391801500331078,-0.07598327616298996,0.7365875336207889,-0.352851163193141,-0.041043537810552186,1.1766629845200502,0.21335935605736137,0.050016029247379815,0.3107417061193013,-0.08488914983213204,-0.11519054479565637,1.0767699980044978,-0.6543141434192233,-0.2271686768380561,1.9096800651124668,-3.4781094783221063,1.044317903576708,-1.6734067997275013,-1.5395941117762955,-0.5689892215975467,1.8981631323972534,-4.2714375062873815,0.5124885739033691,-0.5003970513491499,1.6981419797562516,9.941268031998996,23.854501969313706,-5.294336776950121,14.939288498913013,81.14535031628918,-32.323447887145846,-3.0301186183224615,-134.6003572349035,-25.757928813752912,-27.731958364841567,11.055844672913713,-11.066014741424153,57.48980880384579,-123.23638290718617,74.61890872598954,-12.265251921935501,0.0
3.3622471985009845,-0.3145265860084974,0.7583439364894713,0.9967762619672387,0.007808368477377841,-0.022859355545810346,0.07650858007027124,-0.26921961008242073,-0.15816256954522456,0.05697246983711385,0.4946525164619832,-0.15266190945455704,0.1446548051891738,0.1329565023266739,0.04362287703468977,-0.07820932732842964,0.7635641686780086,-0.4242994482116365,-0.021505821319017043,1.1517540621672848,0.16061190109525136,0.13065663899555627,0.12698696098720674,-0.08113982800150787,0.2481722583531869,1.685019229523954,-0.49976004126147283,-0.6499998425497949,0.7004985927400426,-3.0683032767737353,0.50303703787867,-1.9484081909494915,-0.592105021863112,0.13776431760904134,0.8140442401799541,-2.9616214796067646,0.910925097302894,-0.503877355277907,-2.826333037289691,2.9975789401171506,-12.322595903315037,-2.58708233069063,18.283187312963438,35.41549761115976,10.466840536728952,-25.882067777110603,-68.40962588763743,52.5178743646266,-21.050788907228327,-3.62602089601752,45.275740445137274,17.359015007012168,-59.18134830222848,63.62596395570367,-18.533515593350984,0.0
3.3846875308754734,-0.3118299952700705,0.7610396834863782,0.9966482340638673,0.008015415096312338,-0.0225808996455897,0.07821862712553063,-0.23446042432700942,-0.16376470441376084,0.04494090152553651,0.4994434596363185,-0.20441518135860617,0.15094044469807102,0.08147288914933505,0.04306190415887055,-0.0590561942289891,0.7891462323157546,-0.46169284440133124,-0.004514271899748604,1.1082380708303632,0.11503594253053348,0.1359573829608268,-0.06145942018721419,0.06773010550483166,0.1866285180372192,1.8184359456290464,-0.13777619505816865,-0.6536492230130299,-0.07702635191765758,-2.2313313721929298,0.18962920083739138,-2.810906416707855,0.2536642383376168,1.1237497355479833,1.1925306801991158,-1.3506742051737008,0.7046923911194762,-0.8465986881245948,-2.1003367607435326,-0.09095214731187494,-10.207644762909723,1.30092692496771,6.951155646769793,10.21207970032112,13.632700061561517,-11.18214209397783,-28.561070847684487,34.66838125181553,-11.741243164135096,-8.81862998670952,18.881601029959143,-14.36319958182877,-36.671021445796384,38.73500967437932,-16.8708967778024,0.0
3.4063559638361736,-0.30966981007637084,0.763649516215169,0.9966620756335205,0.007280148792262086,-0.020985332074834655,0.0785577638757296,-0.19691815029538906,-0.16437960765696552,0.03519491798244365,0.4888003967870088,-0.2406786639474625,0.15322659385675755,0.015665957835655036,0.04789871529918014,-0.0353418808355751,0.8212958245317498,-0.4814003877378162,0.004688753117742116,1.0736919974221668,0.10090068448580576,0.12365927296081301,-0.08104267586053074,0.19623461644218287,-0.005551058604769364,1.944165869146106,0.038412711256074865,-0.45481181561459705,-0.7933709169646781,-1.565039820188149,0.059175834437276045,-3.4083131382438547,0.1802218620264556,0.9681465773190298,1.4293068624357055,-0.7475514407195449,0.3455504555389211,-0.4071409251896549,-0.9171050109571565,-1.0285568184800182,-4.092262604702335,0.29328526236650887,0.7599527199814173,7.720499623286238,7.19345729295461,-2.573078404311655,-19.672261706396593,19.709313748549242,-5.976238860947771,3.6985688505623435,-8.670329509728932,-37.83180863168792,-48.304674408346145,20.223976756805683,-9.108935782540504,0.0
3.4275413705653093,-0.3076999080205447,0.7658482044639523,0.9967968671006299,0.006484182331864517,-0.018571488903486384,0.0775181328320327,-0.15699330143413484,-0.16290404367544933,0.02818747396341912,0.46696700255898954,-0.26702109222844084,0.15415442688507477,-0.057389600176189076,0.04912597140154525,-0.017876926240667154,0.854511182569605,-0.4928816767317942,0.009575509390760772,1.0563726659436892,0.0935853861640416,0.09681363163425188,-0.07726111162531611,0.24670231265732234,-0.10546804322879119,2.0401580070169905,0.1065647973649301,-0.35270710000489064,-1.20991456149155,-1.1954723065635693,0.019827423567965664,-3.617083525963478,-0.023391871755029856,0.6614762416295429,1.4041256745326367,-0.44314162890695435,0.18773386289912997,0.23507747593032793,-0.7630844841693286,-1.6674430232666282,-3.7251003941732814,-2.5856981382281123,5.338872225236857,3.92193769441303,4.183938579607144,-5.813967025629833,-2.9452244743283127,7.448543635440843,-3.079347789116587,18.501338361430815,-7.88087959192475,-30.25622342364671,-52.33401822873055,11.199525750604318,-4.848315758742114,0.0
3.4485067085864123,-0.30589407278438174,0.7674104124162647,0.9969585550247247,0.005605222165673595,-0.015974883495733293,0.07607249269469264,-0.11600251498123658,-0.1603934818361847,0.022248268440360115,0.4404763404035137,-0.2880672947523109,0.15469152674638006,-0.1319011719460118,0.04709703175842247,-0.005632280272928631,0.8862887597620619,-0.4987470011617506,0.012316207834955267,1.049491755709318,0.08453551442063828,0.06175934243141736,-0.09426216097031126,0.24401995427263146,-0.10370250264324726,2.062844249079575,0.15401410138534352,-0.3329840430261823,-1.3153538569039414,-1.0018351200421733,-0.003475232377462917,-3.6009745871820718,-0.15062640768393126,0.46823814155940807,1.3426967472379696,-0.20981480846792286,0.10551042415555727,0.6294605106632245,-0.8767278383128023,-1.9538765325414114,-4.820490667352653,-4.633866554190896,9.665172797667736,1.1055221032975067,4.463705075410454,-9.261538480726676,9.096284818067154,0.6972381709822713,-5.493305350333964,27.10678419649232,-3.676963803416097,-21.002286851475947,-48.67969793891968,5.631464826920816,-2.7677819334451206,0.0
3.469351707057966,-0.30426848311125143,0.7682129066084548,0.9971131286554817,0.004529064264905959,-0.013361642323667587,0.07460806091955142,-0.07531528654132923,-0.15676649509980964,0.017191609045521663,0.41332186007539345,-0.30637592470640373,0.15383270598277152,-0.20567802823596226,0.043203331202805846,0.004478357075493668,0.9166591407646328,-0.4998646674029146,0.013665644322565408,1.0434183802588521,0.07534009977985727,0.021779097105977398,-0.11730575646590252,0.25484570126073613,-0.1092723283270512,2.0191110837833066,0.21792753482643562,-0.2796526347811377,-1.3015504210201403,-0.9191155700448708,-0.10003799992755671,-3.5597325205099213,-0.22007863297346605,0.43127161449712986,1.2922116620681938,-0.004279460438204536,0.04771261346533327,0.566923500132507,-0.887373066143116,-2.0879067089708765,-5.100073801042115,-3.5861365640161464,9.272574898459384,-2.461493537637864,5.029585193794456,-8.660353292150717,14.57367986471652,-5.406496069987329,-4.345778936332408,27.049222279175375,-1.983539020302894,-14.15231363278893,-45.52684100892038,1.6683547796222598,-1.538393345582023,0.0
3.490151718592849,-0.30281486756384285,0.7682743964932455,0.9972648745394432,0.0032261361048885363,-0.01071375462670524,0.0730587264976623,-0.035049106436213597,-0.1518940508236975,0.01370855474399575,0.3861855732417715,-0.3236004881157494,0.15175578962843417,-0.2769340481604626,0.03811609381214735,0.013810965579919047,0.9426061719477888,-0.49473851955661147,0.014098698079499837,1.0421014610744426,0.06735030707910362,-0.012536483202649678,-0.1352393844225725,0.2645009400553609,-0.12549837208187808,1.9863694041444033,0.275847838346688,-0.17268002377938257,-1.2811335054646182,-0.8750272729196805,-0.09011529651401144,-3.4085186210512366,-0.27576071960433435,0.40704627580430974,1.0368323540182514,0.2825800436895503,0.01182294528951409,0.5528410480512543,-0.8225054795984915,-1.756874163722907,-4.394798749286278,-2.5766894115087915,8.041820959607353,-5.053186152191458,4.9736230948819316,-3.723609047380263,17.471752483814342,-5.347263073333067,1.5346769449571165,27.285169835368254,-1.6950281470591715,-11.669013685095546,-43.20791324486616,-4.818983920299928,-0.5208366903745414,0.0
3.5110165679651573,-0.3015357373197027,0.7677660061263548,0.9974007996207568,0.0017301221499888945,-0.008099653177143642,0.07157546515134208,0.005166901861315772,-0.145198680920356,0.016104059410239874,0.3589076808886187,-0.3393171843421078,0.14984771312679138,-0.3435130297038761,0.032328741520039866,0.022186655215108445,0.9615388796672292,-0.48385548491455443,0.01440227857206739,1.0469533000731646,0.05801609207700809,-0.03624512227041161,-0.15187440324998586,0.2628217496332505,-0.09707712792314904,1.972464417550269,0.38100944387195007,0.22142958118175302,-1.2676024216834585,-0.7655975197807481,-0.08892322658923009,-3.1485706209172992,-0.3003246636885169,0.3529151906492971,0.7025991373884567,0.5262353296456137,0.011999036032719778,0.6057680325745166,-0.8316558653347469,-1.0897504194553302,-3.34277069372731,-1.9732847426927447,10.40345710740408,-9.588337962564665,3.7128180750631756,-3.095302853105836,24.5021607934754,0.41468539525336534,-0.036951708213011525,27.80254386484852,-1.6719414633623813,-11.224282905502085,-36.22961559319434,-10.556901509721543,-0.2776105822221908,0.0
3.5320796820682534,-0.30042834622841313,0.7669784387774786,0.9974957418819602,0.00019032653648196377,-0.005698604481618703,0.07049634465792712,0.044941482352675526,-0.13694317040938153,0.02568811383704138,0.3332608154541066,-0.3510843412722193,0.14736154551286296,-0.4032716864881,0.026354988289301357,0.02960137323359562,0.9719555252322369,-0.4675315164782626,0.015811948213935584,1.0597537385241798,0.05099939829825791,-0.041387937481466006,-0.13870172353910068,0.23232227584104728,-0.0598771096597603,1.9259434225709748,0.4181293257758869,0.4905268368488732,-1.1151711096406571,-0.4855382387673218,-0.13760254075535827,-2.7819921113284938,-0.307649231343372,0.3258629795276722,0.302270217760369,0.7624150162115086,0.06821896714527124,0.8840342911115485,-0.6292375681116474,-0.1597528493880295,-1.0428028708623307,-2.7534825523125432,8.629128255731837,-11.25629497122967,-0.005474366242725501,-9.66875847912647,29.476387912826915,8.896873950292923,-1.340738284254202,27.990153962327682,-1.1447089672415167,-7.695813901943078,-27.17336611631831,-15.995135801362979,-1.482072484042386,0.0
3.553531254873736,-0.2994591417467874,0.7662891492850472,0.9975574995549656,-0.0011486011293707073,-0.003834353053300327,0.06973531052309921,0.08403097520425876,-0.12825304706094257,0.03932626961920411,0.31155047243623696,-0.3558160472639873,0.14315983372082003,-0.45399969639702026,0.020439483727211126,0.035210881745858943,0.9725419917604239,-0.44734063910385574,0.019230823724593154,1.0833868042189208,0.04438183711546933,-0.02967220008954387,-0.11558465462058545,0.16418504469276007,-0.04488026875074531,1.9010493613789092,0.43166935432507986,0.6664563910723262,-0.8996028608452489,-0.08346926669955892,-0.23480946933238162,-2.309395683791298,-0.2861817373543381,0.2150113654969314,-0.14911388237925866,0.912599445414801,0.16324479407043957,1.272790500435429,-0.5991634534387037,0.4677806247645489,-0.18028343865990235,-3.724291509664684,6.005721601695263,-10.30626928155208,-0.5247601432822551,-11.0277945383447,30.46000022466859,13.520822616260284,-1.702375739996398,27.194196910289442,1.8388963662982991,-8.03259604899888,-16.09879980913683,-20.323632791390917,-3.181683189702948,0.0
3.5755846353550513,-0.29864195941703464,0.7659787212077948,0.9976032221204564,-0.002237094225806348,-0.0028389807429982337,0.06909954278176725,0.12283549853179704,-0.1194143359449171,0.05459869714614596,0.29489945444897747,-0.351551533599902,0.1366363759018402,-0.49370295386663565,0.01545078235781368,0.03721884163017664,0.9626411975492919,-0.4266409660807385,0.024423640637793752,1.1176386090565844,0.03648799773876645,-0.006113003541883156,-0.09349437148954831,0.06597074363051031,-0.04908302233606682,1.897338795861173,0.4368816626417307,0.7204490055436414,-0.6399630224531244,0.4073334428887144,-0.35369541451932707,-1.7423612897807368,-0.20271097852520117,0.030059826978485582,-0.6282939850219099,0.8987997717765006,0.24147942360957766,1.6544866998726744,-0.5855129065742463,0.9073865497030527,0.745082562638703,-4.2867874587481,3.5043046264433526,-9.054527942547017,-0.9632823484193506,-11.407251202770706,29.379603859325524,18.72849149225056,-1.1413200507037875,25.67415447428681,6.939780381401289,-4.731490762708108,-4.399246756833805,-21.877901957293066,-4.416660090035683,0.0
3.598422395005383,-0.2979899241851146,0.7662359429767421,0.9976464228893396,-0.0030010019597846924,-0.002916992088825654,0.06844048539056963,0.16127537742252746,-0.11072869630005869,0.06900109053429625,0.2845499871344834,-0.336500734147772,0.12777980340710363,-0.5210030132938889,0.012473101407608655,0.03471650345446329,0.9423838315772395,-0.40842277880020306,0.030537131567020894,1.1601403438938496,0.02862012811954692,0.0247829711087574,-0.059954990817450926,-0.04712927021325178,-0.06407896636939314,1.876504133591564,0.42023193075718723,0.6548112278949452,-0.3142987835507628,0.9891168447637596,-0.46208451130261424,-1.1239050183399943,-0.08617057679841061,-0.20705679114627043,-1.0824081120787374,0.7589929881105928,0.2764032960579437,1.9579509460992037,-0.49351286007430967,1.0860825928203484,2.102194196238775,-4.274389457850149,1.2610864877104737,-8.829984357938498,-2.0349474908719194,-10.55679937658524,28.206201045880107,23.718802374218555,0.26095732228719987,22.396910646714776,8.420028022922722,-5.391137969638462,8.444928826482187,-20.53342744417564,-5.213954255423046,0.0
3.622185394590745,-0.2974935916721093,0.7671414925686197,0.997688318486292,-0.003293483621085524,-0.0041852637576697705,0.06774699763762405,0.19851674913152736,-0.10257300629517055,0.08050437424658281,0.2824873633117186,-0.3092094057530854,0.11692022673524718,-0.5351062115581287,0.011381151385014695,0.02597584136305081,0.912200307439618,-0.39425358938403077,0.036927306211901365,1.2093196694764867,0.021846923132462077,0.056976015425195835,-0.00967949894090125,-0.1737045083461122,-0.07758445178721092,1.8131727656119787,0.3817098325610268,0.5033697859980285,0.10615881250321396,1.6400077417157257,-0.5484609192161339,-0.47249063535985736,0.005991730294227605,-0.5293946711521295,-1.5167485636910727,0.561726744999369,0.28766186874702604,2.243866249496167,-0.32583875248865907,0.9511158359736328,3.7800397530742957,-4.453729399814004,-0.991103045407691,-7.948061448905813,-3.7090937536414073,-7.946585523360099,25.337416451288465,28.771969062299068,2.2363624672524702,18.430740592676287,9.302773675888744,-3.036013146462627,21.20795046252932,-17.611711012002683,-5.139445392402191,0.0
3.6469536265068987,-0.2971300144246833,0.768636420148322,0.9977246883346647,-0.002928977897375221,-0.006648336549915733,0.06702736006357728,0.2327594992396623,-0.09524283364381433,0.08832691379188275,0.2916859449494742,-0.26881862000932333,0.10433578834803738,-0.5357310901270971,0.011814830244421424,0.010152786792897031,0.871598649736879,-0.3837211349318314,0.04340428400624746,1.2607375243403611,0.0162732921150733,0.08254062885840445,0.06095286778125135,-0.29492854746361563,-0.09362171233755244,1.6317267418825596,0.3278741475161811,0.3385209797093021,0.7051206190776957,2.3206504578136724,-0.6209398709371856,0.17542474057562066,0.09346240891759004,-0.8455623425743972,-1.9900202732481467,0.39729128465282076,0.29284768130783206,2.3880739864282945,-0.14797876771708393,0.4023365962533715,5.700768425610922,-4.1408005387179445,-3.967438527582876,-8.56036004867813,-5.892751034539273,-3.095505468432875,23.290171967488888,33.3139012134637,4.4384076673882875,12.526196539610494,12.294801896364955,5.6926731569532505,33.7296595059261,-15.155388457976402,-5.007050944563682,0.0
3.672738362635714,-0.2968407306802259,0.7705063104295226,0.9977449797244913,-0.0016007711169686392,-0.010272963313976561,0.06630881684328586,0.260900729668658,-0.08920750068052638,0.09286086464799531,0.31701726625020393,-0.21462255813911152,0.09034062495679863,-0.5210859577882424,0.014071054960332847,-0.01023437208661921,0.8135015741731949,-0.369893050901091,0.04964847040685357,1.3117650977041402,0.015697524908733114,0.09229448526863715,0.17569834477188218,-0.42024380109909304,-0.10973955217949595,1.2951524995824013,0.23004004144739487,0.20825806388256476,1.5465350816428576,3.056490039540244,-0.6618097833016029,0.9461172582497176,0.19233693241720728,-0.963381611732759,-2.9080696254714202,0.5861178071894007,0.27926743838041784,2.4222053353553163,0.30330254136027207,-0.8204453390803277,9.31554763948364,-4.432199517194514,-7.413445118577164,-7.792820707222748,-11.24906851150438,2.0840653559766307,18.3770973149317,41.35614138451503,10.694848540522848,7.187279728092459,12.47803669488165,18.84049113950804,46.976135660930595,-20.1418447367139,-4.978849393877253,0.0
3.699478665702663,-0.2964764667831407,0.7722216920880035,0.9977303522939572,0.001224193197496992,-0.0152021946244324,0.06558611698364918,0.2792503605653265,-0.08605852303550406,0.09282008273174733,0.3650580644178476,-0.14534755595194923,0.07624905037593707,-0.48430467174357417,0.019697239234625085,-0.026917945569810208,0.7153528355833785,-0.33101135826382433,0.054700510191667814,1.356802090746841,0.026534655173200656,0.062407875331069805,0.3639268126289115,-0.5711251717126654,-0.1361055126566588,0.7793442131327118,0.0032584096083136463,-0.03182299844364778,2.715242641648343,3.8780612889441084,-0.6221291617188203,2.1168469955528697,0.34232561253143956,-0.5936522644358035,-5.0778469241006325,1.8372635823317676,0.21255248232820972,2.0444004085003504,1.2818635206751103,-3.742715486344664,15.935075084289117,-5.180918208889222,-12.602870173386231,-4.692156387246246,-22.7633275462583,4.192880826615765,8.797826633717314,50.22281695477418,9.37579105974719,-0.3612417414083371,4.781238649042946,32.61553985641941,73.90359088466047,-48.22005143488257,-4.7537651101678815,0.0
3.7268815218506393,-0.29604523963398643,0.7723745150690726,0.997641566875786,0.005277935779750616,-0.020808011952661763,0.06519565993308707,0.2873067753792166,-0.08808365738858195,0.07675959059412257,0.43439584068309123,-0.07043898897896934,0.048326500764980136,-0.42384370276991024,0.02827496339638506,-0.04099776555174347,0.5684897906506733,-0.2769320209337807,0.057919070284375936,1.3774351896350152,0.027608012131365097,-0.058282378564869036,0.45019879338429425,-0.5735962243101514,-0.1116691082691125,0.3199343658859341,-0.2701159049964372,-0.8888317166286237,3.523661078926294,3.8585534724471136,-1.5001704583019921,3.104966443541305,0.4804601669157161,-0.5888432434752722,-7.175635737051596,2.310739636235678,0.13191470199503752,0.4098244178242404,1.2280883526218604,-8.489179171362599,13.545268869254366,3.9859580344852406,-17.02956331278377,3.5200080050589238,-22.262233140095695,24.023290993736534,-26.60313697968565,17.4824576039149,4.787501284792921,-34.66686079878974,3.5425715352519793,22.920239944865944,142.73405808311674,-71.6079253957984,-2.7555495092831706,0.0
3.7543097088700224,-0.29545382302666595,0.7696907608334923,0.9974614426488305,0.010159952253276053,-0.025113389627059238,0.06585410739327048,0.2912718694918512,-0.0996614674162317,0.04319499369716579,0.4844359880154448,-0.054014020416338675,0.0011786721432881517,-0.35839557030017516,0.04065099514508119,-0.0370846981769343,0.43196394397818,-0.1918882116303957,0.03751558472880632,1.3431400830733875,0.02653166222464147,-0.1757196539812014,0.4163825838497504,-0.2707476164520769,0.10835566434873055,-0.07498932400696345,-0.5378627044733597,-1.5702121847969883,1.4544890394931445,0.010483566067416197,-2.1804409564313945,2.4215585275371487,0.7189064815941064,0.8988974507452376,-3.3726760292431166,7.051167628287345,-2.8254779875330023,-4.293940888207317,-1.2978072622137617,-1.7988982446530701,-14.055245759019353,26.118430518272806,4.734690991044166,-44.20111157310332,34.77122127300497,55.3637587237917,-102.69686382857878,-27.40141518535541,43.71665703526778,-115.07819489792276,11.670566542778419,46.64425834025799,383.08252151340434,156.75599323157627,-106.60129405743862,0.0
3.780232825327524,-0.2951085917621628,0.7660510520779863,0.997203446426681,0.013535778755027967,-0.02561066610585741,0.06889240095873114,0.2723844901075023,-0.09828707424974445,0.037574794775941535,0.5254506812474665,-0.157869523754461,-0.009347515075750861,-0.32260593138050264,0.05519307358381255,-0.013418325673289709,0.40151716536832227,-0.02720657087310556,-0.009493114817355253,1.2545467418595269,0.009230341669009337,-0.15877978752534277,0.22962783741701334,0.10058137176105603,0.37163865098881055,-1.4945186193836273,0.46053012783197267,0.3672662888537612,1.6866433084977135,-5.570293195213127,-0.13675327094581954,1.133237528943294,0.5658841129270143,0.7812913825726495,0.15195374150654462,5.8495340761981875,-2.0178937440105633,-10.115244937168777,-3.57814644987109,12.600694701007072,-42.10383197185244,40.0187850055117,-20.346776653802728,-92.11896217285846,75.59067964897045,73.79529028971339,-68.85511749646042,92.58407087122573,12.843831106375497,-204.10174424255962,-13.57690225469192,-143.73178929155276,469.1250043492034,-1209.1583295678008,-122.40811806600163,0.0
3.803806654197501,-0.2952642126761346,0.7654403741233355,0.9971002966974745,0.012499540782549282,-0.022396872510808345,0.07164593434221016,0.2254815768571182,-0.08512193844089194,0.0383514480293621,0.567413223630433,-0.3005721272134959,0.0045326411381208095,-0.3136547673244479,0.06615688469018116,-0.012293465335295024,0.436835357915937,-0.038591558885458024,-0.04545485302673667,1.1473185865478377,-0.014516877807852945,0.06245559655411366,-0.2691704937352035,0.38780578120952736,0.21354864175199909,-2.6014293946339033,0.7621668420695772,-0.20614970414629025,1.6615555404033506,-6.49812998805057,0.7439292590979226,0.6281724341838633,0.6363905736790029,-0.20618238073419834,1.5510752991265584,-2.7373689220769135,-1.5264087798785564,-1.7805625152493079,-0.09533826317451645,9.01479530670879,-16.556572363492858,-1.2090596554796824,-5.7433054424128755,-5.442614215454978,4.830303328471383,-24.446361973161824,-78.93769062947767,125.02151478346865,-11.646288419259973,56.3333796370288,12.144621481900147,-10.80860746125662,-98.39212894780242,-72.34044649238207,32.25066594788329,0.0
3.826263459250434,-0.2950899209887609,0.7677114974344197,0.9971265432668205,0.00992976380923086,-0.01878463438652944,0.0727130938306043,0.16895417512989458,-0.07848360667767545,0.023416672912577367,0.6029596229684254,-0.4073450511277838,0.020667223043930708,-0.2946121037775708,0.07763494433725218,-0.014002613725859966,0.45526531293005507,-0.09694774475045824,-0.07070410641463501,1.1150551362034975,0.031063493687804575,0.14866682385049182,-0.17104233437223273,0.31951928450121386,-0.022729499882542567,-2.7512072137253627,0.0826983911595558,-0.8033521175781546,1.4266944119738048,-4.352797205097832,0.7113857929137485,1.3198109232166946,0.5301938077228991,0.087873417594827,0.2954536462661594,-2.685032737588245,-1.0255966109754835,-0.17529861453924092,2.731779983028135,3.234902116665728,8.33457349687358,-9.76814449611807,-17.19394436401927,22.519888328520928,-21.944508680605693,16.919749760966823,-59.19904441809524,100.24932963485584,-14.054261678415797,43.186863883902845,-5.405576930060199,23.728118884363912,-68.42792722044535,42.243584631619754,26.22059683269856,0.0
3.848285262387923,-0.2941393665584547,0.7710463817943873,0.9971026687024436,0.008667430805471972,-0.015937550427078114,0.07387244544538221,0.10870135851194944,-0.0799685128572956,0.0030830153681107517,0.6401596366756063,-0.4635497703937573,0.024628428770105334,-0.26190164466076704,0.0844041579480239,-0.014179835373597204,0.44908674700552265,-0.1419715178733517,-0.08826292032477408,1.099821825755162,0.06501704001728238,0.17671768076472577,-0.02548935871907675,0.22795546693137816,0.14195023293897208,-2.939267250508963,-0.1375715876864192,-0.8572842012323968,1.6526372659028636,-2.053695800529846,0.054624694614866874,1.8975473435998975,0.20649124525666343,0.022211258010092487,-0.6940913228782293,-1.9334635903390953,-0.718582662481306,0.4471319272348292,2.2373839313342856,0.6478939560591358,10.429477584709945,-9.96336202558168,-2.69114304929756,24.62493382522527,-4.7553922891671965,34.40138146578867,-53.05321044789188,57.770850743133785,-6.570363054124798,27.311717170744977,-13.725591350886635,10.188734613342511,-32.264585070016714,30.0069176363015,18.861242459213273,0.0
3.870128569420501,-0.29262450089102576,0.7745468710417169,0.9968937560411076,0.008730702444584695,-0.013954658463932098,0.07701870881954893,0.045980873486421894,-0.08324830819969158,-0.015004398337379975,0.6836629452142241,-0.48931636405465134,0.01978788668412227,-0.21984187508299446,0.08532994241135422,-0.01641340021508223,0.4278826792836441,-0.1743225297575102,-0.10074846863157601,1.0953704028389324,0.08973254639325262,0.16996608400018795,0.09721928268148408,0.13393922542436384,0.3494119615509254,-2.9973614122496066,-0.16002025475487155,-0.6955131053857229,1.958583180802557,-0.9034025421761552,-0.2517537945299356,2.265147771304687,-0.06609806563884879,-0.10036224306083982,-1.230841754171243,-1.4466969750668968,-0.5069593609858325,0.8687708236145767,1.9316046070794983,-0.9324363777767363,10.225664581743583,-9.580080498883635,-2.958184805067833,32.289205688600575,0.09008044667286219,34.46929856947603,-58.198777697577356,28.273982166192333,4.905628430164328,15.793108133877656,-11.983036175108756,8.993349912178097,-8.113730075247116,11.6598902460751,15.169113202647912,0.0
3.891963597599591,-0.2906114711942219,0.7775971555612466,0.9965571752250323,0.010158676807050373,-0.01275435026397222,0.08128914037174284,-0.014876037457176526,-0.08612523964171272,-0.026537501668693262,0.7279833519213298,-0.5023727310165433,0.0129815802227824,-0.17315614731290338,0.08178461386607831,-0.019415628767648227,0.4011997491857202,-0.20058485858854344,-0.10880740512721322,1.095727089117757,0.11443956455455269,0.1360243819889098,0.23531647383337556,0.062270217959793844,0.3981115536983463,-2.8410259756007146,-0.138018220499873,-0.3621867188469484,1.8992509756213818,-0.48157437581371393,-0.30394633656414816,2.381439987155359,-0.26503196080518754,-0.09137129376755362,-1.3114808504417832,-1.2753313450710324,-0.2869349000413557,0.791759287074086,1.8443131445983174,-2.0583819664325573,10.515104391467755,-7.066954599277389,-8.792752877264583,35.511098551897014,-0.8818567306651404,28.064386376483295,-61.95218723110042,13.994309724975986,6.371237037540397,3.043368481290283,-10.052704461873738,12.286910541886197,11.280485861894968,-0.9506945761267083,13.6897206184153,0.0
3.9138026751743067,-0.2881758421898132,0.7797833050834782,0.9961812232897594,0.012769223881327164,-0.011902418879266137,0.08554676914536007,-0.07235323719375868,-0.08783417308055799,-0.031340733705294194,0.7703239702147315,-0.511204440608738,0.007546086924856956,-0.12605647791603827,0.07531047712794164,-0.022036710411260013,0.3753371428663213,-0.2248227473063239,-0.1132443335562841,1.094569950959365,0.1324411409210685,0.0867083934714345,0.3300040620306075,0.045114808388826394,0.36552810401438784,-2.6884228527415672,-0.07086615350099786,-0.10091282544183208,1.8165558173463392,-0.3502034508489866,-0.22735552894066013,2.3245493556667043,-0.38082285816105044,-0.07853080565417439,-1.1876466347478696,-1.2037270787229053,-0.1300845464412465,0.585918853175533,1.4936392369426679,-2.6322828658588517,8.126149378265124,-3.8444709794996954,-11.354982806770984,32.50309457560905,-1.911712107371795,13.689200323385114,-57.94988427411695,9.299838586138575,4.705179749328401,-4.8828710237925925,-7.951906736545596,10.286964350275783,18.346518184651185,-1.270086980878838,16.9040443707503,0.0
3.935607655185566,-0.28543429808216014,0.780910507560471,0.9958230862908962,0.01611308107998245,-0.01088009669531128,0.08920971317118265,-0.12637794663709878,-0.08836263810937241,-0.032038249727889406,0.8076407816591105,-0.5156733005472106,0.003877665344170876,-0.0813309020437886,0.0670989193698613,-0.024465048515509846,0.35315149264227336,-0.24832205330433035,-0.11385914284278288,1.0912041143944342,0.14449925418639598,0.031135682229891142,0.3813035196374346,0.08220714301532495,0.30031168136821157,-2.5432196331417556,-0.019674610975016108,0.02333491646748026,1.5451124678613495,-0.1509370743785216,-0.15072169399499913,2.163213901737397,-0.43865811188120496,-0.06882552751716842,-0.979074341743289,-1.2259794547266132,0.0929158039742523,0.3860299575432895,1.1903802000748793,-3.1697439412220727,6.298249257488914,-0.8872196109105308,-10.320244747807589,27.257275772151306,-3.2914755453248254,5.918720856938936,-53.31360007879036,4.507952839703953,3.3650056489249796,-4.703881738212818,-6.905833359196386,12.51018125544227,11.428524371897048,-7.14494611695402,52.97136200725021,0.0
3.957344085738791,-0.28250336955344785,0.7809729742343894,0.9954970745443619,0.01971999750310055,-0.009296825106077673,0.09225109926197052,-0.1772760052700514,-0.08790027658391554,-0.03047629295332674,0.8365570021078018,-0.5161324315683455,0.001648415510615548,-0.0401672087038404,0.05862256748285435,-0.02651063934500496,0.3353706961620569,-0.27376661793801743,-0.11331395756678773,1.086531742766698,0.1510970039161282,-0.01907448951996438,0.3882445945676238,0.1520971128356663,0.25240175790497515,-2.4212959919599224,0.03210836577562024,0.11476593300021767,1.1229933007701396,0.014400470880059807,-0.09000707148375768,1.9652157794182121,-0.414754733674876,-0.06764671204219858,-0.752841435715168,-1.3606999681274672,-0.059420213737242496,0.1661354800795724,0.7248325391283769,-2.5136058108373653,2.377379564045689,1.3959467709293996,-8.340187121308196,21.134190976810405,-1.2816139136732894,2.944346214879444,-47.59990516987069,0.3871560283668217,1.8767083290081146,-10.371052096654491,-0.43655241490265706,7.490401929188147,17.79654367969477,-10.030906974110753,-1.0553006057490064,0.0
3.97899657817081,-0.2794267606169146,0.7801342624721632,0.9951906969563175,0.02329392656046206,-0.007029643752413215,0.09488653110799929,-0.22557227030745272,-0.08675864167822102,-0.02598629592703109,0.8554218310328885,-0.5117239442558814,0.0006539253050141116,-0.0024275425189933305,0.05053769117768054,-0.028726918346061128,0.3210844443740625,-0.3004165251003647,-0.11493438842516988,1.0817254555429863,0.1585341108632993,-0.06141865600285976,0.38574715248768404,0.2216244377922853,0.22788266926573353,-2.322326895222194,0.03570352587021487,0.267489985985415,0.6648380441011498,0.2349928973277562,-0.03865450106864273,1.8145159324955513,-0.404490177968493,-0.09652078958437431,-0.6273775702888157,-1.356044115848309,-0.08309646777692124,0.05464614236095495,0.6735160854231086,-2.243341097787293,1.40589587342464,1.775440978629544,-5.698321102263122,15.692087812749826,-4.727344343418512,1.8851369558328102,-36.89898117071147,-4.535481566986093,0.5689856451233432,-8.61251802635125,-0.5412361227857376,4.777337672041971,13.28429257256259,-5.567353896827308,0.6083704548173084,0.0
4.000587117288498,-0.27616503803679937,0.7785289220070708,0.9948910100867076,0.026807375721476276,-0.004273204825096706,0.097236733676639,-0.27124254146504523,-0.08634399252667721,-0.01791254634532096,0.8642877182090797,-0.504232197428903,0.00037108340512831254,0.03318057147030792,0.04263685914700275,-0.031057020878861558,0.3085441194582136,-0.3261927645011363,-0.11641247583351905,1.078948475047067,0.16852090772089184,-0.09761428024382235,0.38087156045049203,0.25809697591579395,0.20382543789746338,-2.201336522309076,-0.03381832171943122,0.4494804180584453,0.22330124615777094,0.34627677306771665,-0.005996163243535871,1.7380150875396003,-0.3940480237725472,-0.10043423745088277,-0.5703529035668632,-1.2945261802868082,-0.07468750488173477,0.02731240653113308,0.7179822803743988,-2.071989467575915,0.8330439151423469,0.7111736255515266,-4.4568686125630075,12.457136218183383,-9.004117473115045,0.041098334834240635,-25.36758455338394,-8.171207773946659,0.33723147374226015,-5.719278540419957,-0.3297085537510615,3.9773636918501634,10.194692190826402,-4.245193672050341,-0.4297410702147909,0.0
