floating_base_joint_x,floating_base_joint_y,floating_base_joint_z,floating_base_joint_qw,floating_base_joint_qx,floating_base_joint_qy,floating_base_joint_qz,left_hip_pitch_joint_q,left_hip_roll_joint_q,left_hip_yaw_joint_q,left_knee_joint_q,left_ankle_pitch_joint_q,left_ankle_roll_joint_q,right_hip_pitch_joint_q,right_hip_roll_joint_q,right_hip_yaw_joint_q,right_knee_joint_q,right_ankle_pitch_joint_q,right_ankle_roll_joint_q,floating_base_joint_vx,floating_base_joint_vy,floating_base_joint_vz,floating_base_joint_wx,floating_base_joint_wy,floating_base_joint_wz,left_hip_pitch_joint_dq,left_hip_roll_joint_dq,left_hip_yaw_joint_dq,left_knee_joint_dq,left_ankle_pitch_joint_dq,left_ankle_roll_joint_dq,right_hip_pitch_joint_dq,right_hip_roll_joint_dq,right_hip_yaw_joint_dq,right_knee_joint_dq,right_ankle_pitch_joint_dq,right_ankle_roll_joint_dq,floating_base_joint_acc_x,floating_base_joint_acc_y,floating_base_joint_acc_z,floating_base_joint_alpha_x,floating_base_joint_alpha_y,floating_base_joint_alpha_z,left_hip_pitch_joint_ddq,left_hip_roll_joint_ddq,left_hip_yaw_joint_ddq,left_knee_joint_ddq,left_ankle_pitch_joint_ddq,left_ankle_roll_joint_ddq,right_hip_pitch_joint_ddq,right_hip_roll_joint_ddq,right_hip_yaw_joint_ddq,right_knee_joint_ddq,right_ankle_pitch_joint_ddq,right_ankle_roll_joint_ddq,fallover
-0.0027421307328519655,8.737507702648877e-10,0.7906008645183167,0.9999831152630317,1.597928729102787e-08,0.0058111262972002755,-4.862312507598205e-09,-0.05757097643335702,-0.0006896505052695505,-0.0029780136412001384,0.12569670047223272,-0.07618242263391398,2.7516392895085615e-05,-0.057570981578436965,0.0006892804977533147,0.0029781814403752106,0.12569668590940763,-0.07618243825327659,-2.7555718382952283e-05,-0.16201217655187258,-1.3815040528913289e-07,-0.20886621142642928,-6.422664153380801e-07,0.6749498579004031,-1.6199792552671605e-06,-3.3278256815342258,-0.000836878563749633,0.014219305791013027,6.7477049258397415,-4.853138256753754,0.007068559153738307,-3.327826241084361,0.000842126993623165,-0.014222935012854362,6.747702736553316,-4.853140604694491,-0.007083299973987094,1.2119119216013121,-9.626814352933029e-06,-8.495753051281897,-0.000638222426356262,-7.456164679069914,-0.0001893507676475863,41.22852759103926,4.45100488663683,17.560690904562144,-197.71694488381587,-60.2461452427941,1.4446619671613052,41.228509608719094,-4.449010304663,-17.568464364197563,-197.71723314588044,-60.24609536149466,-1.447843887750788,0.0
-0.006866785975895848,-0.0005701917517759774,0.7878164741860689,0.9998881077354655,-7.845647756346502e-05,0.014801507615355534,-0.0021636141254736106,-0.11186425934550048,0.0012715186455151434,-0.0036919075039343685,0.19702879094108214,-0.11596456960872922,-0.0016514457506937566,-0.15704850580233906,-0.004991157975034085,-0.023995207644119856,0.3106454125848164,-0.1892692074412039,-0.0041688431017880955,-0.20535428987951443,-0.05408141039329072,-0.08284261386510385,0.013551427927208815,0.9017448927861056,-0.1864179727557112,-2.234781086068653,0.12055881778709815,0.049507101401394873,2.0433650861258124,-0.6109207011386186,-0.13343732195822208,-5.022531725955562,-0.3786448369693158,-1.7084716075588953,8.930316741446964,-4.406787585533198,-0.12639540692402898,2.4608936366733745,-3.5613812504707636,5.472806111919103,-2.924230484263123,-11.547311013032983,13.087851404791493,60.70711727266487,5.994382921082986,-7.1657535716778895,-121.52776162934273,85.17597510787502,-4.170907892944833,74.11699014868765,13.964283953838486,19.73603168161358,-194.09138281471473,137.57781329234,7.394479999430184,0.0
-0.011184071037097848,-0.002875366682212055,0.7877303033187409,0.9996962573468658,-0.001153384077984069,0.024250857770258198,-0.0042377646518433525,-0.14250638255309414,0.009005468390631079,-0.0037957200650418216,0.2026161668829624,-0.10570912615433235,-0.013786598920757884,-0.26718405463865036,-0.003694817471480652,-0.046504446262379276,0.5111248994650707,-0.30343920440392796,-0.020223742932285377,-0.2025116025507596,-0.173717612940345,0.05799603790864863,-0.2909919815691291,0.8711635069902701,-0.08169183378659987,-0.9630878286335065,0.650388985121765,-0.23745406738897407,-0.80271758711895,1.1228224847547459,-0.8044122734458703,-4.985369696137819,0.5063511690743846,-0.8922311728220099,8.52232426468217,-4.9926557941748655,-0.7952938883234203,2.3508160196059666,-7.040446836768927,6.645581517573036,-26.595093978036594,-13.177873370677778,20.915900568065698,57.13704567637798,33.68341338399535,-36.902108948631714,-91.82804826049014,48.73605306395257,-14.062724088914425,99.00021153988072,55.898794707568804,13.784379815780715,-270.8683202268309,111.51558635527044,16.00687925007244,0.0
-0.015138783162660707,-0.007274416793948381,0.788500816637287,0.9994965093958906,-0.0055503031676900445,0.0309377563416159,-0.004333251980304141,-0.17175826994134566,0.02718350691384729,-0.008843362858712537,0.21781952655762954,-0.10079904678592287,-0.03714328667152056,-0.35549151438109533,0.017827216372905935,-0.05378132070750225,0.662745832061466,-0.3827374785560537,-0.033521316242428385,-0.1726717687510372,-0.2552473531250079,0.0332635673755338,-0.5641186600602429,0.4026633909204848,0.020885272690152466,-1.4180098625519326,1.0930877983904175,-0.3088802650552883,1.3755339717909285,-0.17447611630309395,-1.2326969966323376,-3.5069046948598293,1.4246559622991104,-0.2571421082292483,5.903069900759233,-3.1598094625797337,-0.5453621918326681,3.8738909910823014,-3.62340997371432,0.06158403614044165,-12.550064524961371,-34.52967832106615,2.637352937681934,32.38927257413977,18.41053106364261,-6.769182029341396,26.68097745481158,-28.004029188122185,3.9472463835916214,119.79135970430974,29.83686081732549,-4.641954182873144,-219.51170635436733,74.17518297928369,12.567799010126201,0.0
-0.01833759598879542,-0.01273328839198949,0.7894512211973179,0.9993709832179708,-0.010616079909064113,0.03348832064632662,-0.004844494772447049,-0.199582394850095,0.05206445552500966,0.001544504595017455,0.2505686964588514,-0.10401828586490366,-0.0726577884944065,-0.4094038951459935,0.043752909803136356,-0.07496605896408697,0.7406825570626442,-0.39885419322269267,-0.048529676903153816,-0.14258942894042026,-0.2861333573301887,0.054558347949028294,-0.45401887001681346,0.0916947006212903,-0.13055613263235064,-1.1483940280877207,1.4457209573998675,1.7834366460459685,1.4760828073212973,-0.13916410098535595,-2.208996658830251,-1.9934216542330145,1.3166412344076288,-1.3365581802944715,2.43518488776131,-0.1825351618958062,-0.6632191784896836,2.2826249815303132,-1.473385377542465,-0.1987795387878239,4.4744532559707,-20.39636996511414,-1.9192722187494047,42.510059395816235,40.51526723261599,249.902705832562,-52.859378856615,-4.381524387743324,-64.4892541722061,77.99560351638412,9.897082119523033,-10.551845170713396,-142.37913330082733,23.548909814780245,15.64350767931461,0.0
-0.02127702997228481,-0.0186851572480539,0.7902075638775767,0.9993263985339776,-0.013843863953108687,0.03367460067949318,-0.004595420876860985,-0.22650579939752655,0.07850953183592702,0.04091331497762697,0.2893679361248873,-0.1079393947144801,-0.12052511036691853,-0.4430125721990965,0.07249937870011598,-0.0929127607632637,0.7777802025130579,-0.38588498623357304,-0.05749414303583155,-0.14171097906704452,-0.30495636180947305,0.02740596149063649,-0.20116297710841446,-0.08795814785972966,0.14215278157232147,-1.2919903334819631,1.124059867389059,1.755080732200159,2.0148603065241377,-0.04087180311471981,-2.0551591666571,-1.308083421472179,1.4509821063784412,-0.6389475588102285,1.2992908579723628,0.7477249687630431,-0.3457393735051568,1.1394762211081746,-0.6566357751983437,-0.9750712150364842,14.873978660781866,-14.469221863410546,14.709642642663413,20.244520185660168,-27.393387986820684,-43.32385702460479,-11.16619512383162,23.617357360749104,45.39339007518956,47.4399835587875,-5.170631802951932,21.639970229436983,-62.45578340673855,-10.545399013084275,8.505233782442577,0.0
-0.02415041173530758,-0.02497128764218007,0.790305289706207,0.9993579866758274,-0.014577509306537595,0.03261623842194957,-0.0027003112522076917,-0.24735698829163155,0.10071638251048923,0.08219747632279718,0.32063543726018195,-0.11132891400908711,-0.1749520801860869,-0.4667452407483232,0.10287676419366533,-0.09662040448412465,0.7962534973373272,-0.3577710656445133,-0.07048849204839996,-0.14271332235747142,-0.3189523116353125,-0.012885634560214541,0.03409849664291094,-0.14363212617598847,0.263647720075424,-0.8242066916081074,0.9075288688367198,1.7421435048369587,1.202129694422389,-0.07921500960666139,-2.480964975588719,-1.0247292870346043,1.4252513958698554,-0.022421151978066805,0.6144006295918496,1.3625357043419313,-0.6114545353844384,0.2601795133624931,-0.34738040546281773,-1.975880534538764,13.3459597789781,-5.051610822855984,11.125732362926716,24.78538345452756,-31.297904824014772,-62.31159623868385,-38.156087614010524,13.181716757176181,42.581191281953586,21.43540309756544,-19.911876468678237,4.970891943604965,-33.03780369845578,-24.69896385134935,11.65604968204286,0.0
-0.026958535597399486,-0.03154507393557405,0.7894212162008288,0.9994409220477696,-0.01336366665552325,0.030644205786513754,0.000434052460094367,-0.2595093118580354,0.11682072007368759,0.1121985809445276,0.34001731711836153,-0.11720370779952848,-0.22896916059602107,-0.48368076911980895,0.13130629624794543,-0.08792692363457968,0.8040942498558818,-0.32589663236225325,-0.08861559643655242,-0.13786039210941275,-0.33333072293470795,-0.0687780374220604,0.18974762853820137,-0.2553213118762094,0.3873278475883102,-0.4315486598066317,0.5985509864332349,1.0420936408120176,0.7586098586578047,-0.3299121467078501,-2.4104203715109724,-0.6689802280637052,1.2422546089620796,0.5400441415924695,0.2364243113249235,1.4290104848751695,-0.835309391402061,0.2957986690020671,-0.33246792912957956,-2.6561255753734625,9.499213886576143,-6.266635550390085,9.830964724670828,19.222019715117007,-27.74786191249238,-58.381750065558634,-23.95375588744755,-0.05337207526104748,41.98846925828825,21.34474332491744,-30.937698308504032,-5.378206105306686,-15.363638290890199,-29.09662923689557,15.828482528483613,0.0
-0.02973415731026565,-0.03833335673121783,0.7873739459051703,0.9995439387971519,-0.010653291519996496,0.02782803395687693,0.004901256957272993,-0.2654212161702054,0.12694056174755666,0.1339001309546828,0.3514252362873358,-0.12637979653222822,-0.27046569268209,-0.4927174653689839,0.15210432295708337,-0.07353354959670903,0.8011008415474633,-0.2953189077203605,-0.11037256749275,-0.14081654332512508,-0.3416760344136333,-0.13067363726721967,0.3249102366555377,-0.3119698291758061,0.5243676493069324,-0.2130401691472741,0.3032807519620359,0.8234750906023693,0.4258145861102656,-0.44078531470580495,-1.23108147430535,-0.30552155701689127,0.7486672527604082,0.6840487562113446,-0.30541650967420125,1.3274478295466559,-0.982117647076004,-0.33456287487587766,-0.016933269991464606,-3.234717451988984,8.348782785466815,-2.461885715887316,8.804491381090784,7.004480900621087,-32.479899155582736,-46.365785269185324,-16.20992189360356,15.550768194038906,168.54342004720334,13.65879261063515,-39.69863406923103,-14.697035555544591,-6.731791043236841,-29.906684712497864,19.366590885470224,0.0
-0.032706328183976466,-0.04528403962396762,0.7844739452962831,0.9996212692809454,-0.006222326079535825,0.02464739934459394,0.010540700397039431,-0.27370610554370006,0.12663392746026256,0.1340677949040946,0.3673618845150955,-0.1309241175760519,-0.2755615742648646,-0.49507584567275725,0.1622450914024913,-0.054886455949116515,0.7871077511070835,-0.26677603912057823,-0.1321326567810621,-0.15404305126771475,-0.3505615131382421,-0.15509335451258163,0.5250080906214217,-0.34404251019945176,0.5914528571198918,-0.48534221988049947,-0.19983703767934155,-0.26850140031524117,0.9448343644476873,-0.10420132090274267,0.12587131536460905,-0.009708645850403593,0.21042031358285412,0.9685063945078977,-0.788336140412192,1.2317986854634158,-0.959712328274819,-0.5081548587212246,-0.27974511325485385,-1.025015195054324,11.685705600606282,-2.5211257087474044,0.034809116991208144,-0.44702716681495813,-15.920573593704598,-9.317371338125778,4.730851101353112,10.083197175302505,18.886444430672924,9.163824443397123,-37.01113753461442,-5.28056008298514,4.4884252551295045,-28.66761572650825,19.047432643153076,0.0
-0.03592939841391179,-0.05257474914982681,0.7810552823850097,0.9996348992287402,-0.00029485778630764653,0.021144345983876857,0.016819570022672436,-0.2846720518091636,0.12056686944385207,0.12549476575001445,0.3882585828850093,-0.1321978082991896,-0.266374476411776,-0.49275195085892404,0.16374221617153575,-0.029554548692483706,0.7655002273871871,-0.2397474633351199,-0.15261396793209916,-0.16696145382424027,-0.3744636327263526,-0.18272762323618894,0.627598659981511,-0.37621760985449787,0.6636068819225628,-0.5496781904779636,-0.3759874782639323,-0.463515727538962,1.0468474256772473,-0.03299909940487284,0.560287320729628,0.1606055992506317,-0.14804070688097554,1.2938994885419528,-1.06648480607421,1.167344512186977,-0.9003171730248922,-0.6371648656240722,-1.0288779534442358,-1.1831643175812419,6.847933163921964,-1.9760707326126603,1.1178770145976595,3.5035295634913908,-7.341153274739141,1.7834254439921584,-5.42235814138179,3.7039741945118405,3.3531602907513554,1.2311484041872696,-31.68435738804651,-12.18701338359611,16.427659684939325,-27.426697565763543,17.57703748817547,0.0
-0.03944079757611659,-0.06053095506495936,0.7769698937579995,0.9995480083242254,0.005887326736979477,0.017359067711798397,0.023828159961376955,-0.2955796708758047,0.11154912560070847,0.11296535098304558,0.4074268530421085,-0.1302987877344104,-0.2281624502085243,-0.49053641720400276,0.15785393607105058,-0.005286918619423718,0.7471281758814265,-0.21563143177599392,-0.1693462273378883,-0.18229675302238632,-0.4183814089748279,-0.2178349861121121,0.5773217463146889,-0.40153760909098474,0.741064092880061,-0.5296883610629798,-0.4354239297690499,-0.656861223733381,0.9078521424328119,0.09906634202492233,2.160557802030477,0.059341772206468135,-0.4567071739469489,1.0344491524508186,-0.7293832384360398,1.0480874822773412,-0.7134793138663785,-0.7108725082401345,-2.357815446486636,-1.1604768059862036,-1.6508857972934812,-1.7118686934110312,1.5821837681841486,3.081787673498597,4.558484784284389,0.5905440988419348,-5.969069675831744,-1.226041858054971,-3.412206824337802,-5.9631360559076985,-19.93483351176465,-25.859469066401715,23.6333124608075,-22.212652842489213,14.699096010005192,0.0
-0.04326557331844873,-0.06949631050880486,0.7723830693021283,0.9993688347761092,0.011324816564159521,0.013393331527740786,0.030891734794576565,-0.304047490360498,0.10390053436747235,0.10065248295712109,0.42019749927670325,-0.12508723709666222,-0.16503255610677314,-0.49272282183551025,0.14427736917416173,0.0060412993633511426,0.7424081077702993,-0.20653037830769033,-0.1735528380994027,-0.19815080586808093,-0.4763501541190663,-0.23290786175521927,0.4710510049186815,-0.4097346515943451,0.6906342402935406,-0.3778549545492127,-0.27891722612077485,-0.5958048475752827,0.5300124094967686,0.312646463946118,3.242798255314156,-0.19481301301178205,-0.7869159496549525,0.2887353495137887,-0.0148339480632242,0.28516020501041556,-0.0596686950421732,-0.7042557532074213,-3.330423538803351,-0.001664962599004869,-5.81579623387333,-0.9194414918180239,-4.215747090311059,3.5774893291530097,14.252862195725088,1.6706702340933817,-7.102655784428456,3.83981619906754,-18.829179456107536,-5.844436809203813,-6.010832694164863,-21.19798056976151,13.888381171024651,-7.46014318156065,7.1203006837665805,0.0
-0.04750551227969494,-0.07968194825828231,0.767703955818872,0.9991409198172931,0.01587723934210444,0.009610424555087241,0.03705368210311241,-0.310997907284629,0.10087293255584942,0.09079224792276776,0.42739184509805905,-0.11587626589543225,-0.09733001615287512,-0.5022335622057528,0.12392727095311093,0.005236519842923537,0.7600517465726887,-0.21437122980742643,-0.16918279856778348,-0.22254971356401224,-0.540850718773237,-0.2226303898509092,0.4004697010890282,-0.3683230127038227,0.5880309418297821,-0.4116590053704364,0.0039984131627809755,-0.5282433095801169,0.44690414404870316,0.34283417794793536,2.185151282537402,-0.5518603093418736,-1.117602860604872,-0.13877734194285615,1.1157273632874485,-0.4192094041447507,0.23458611108722305,-1.4013670711799269,-3.708683109173294,2.93692067282533,-1.4421888400586131,2.6947436660295536,-1.8473006493514212,-21.62988920904235,19.698279827282242,-18.717539085470236,41.512478334852894,-48.058481181813995,-318.1408843654916,0.9726741892242127,-9.809928671974104,0.6796710410227301,-6.714330167784594,13.015651662175351,-3.759588475763062,0.0
-0.05226853361569421,-0.09108270088319921,0.7638493862531325,0.998878465300004,0.02054120840826673,0.006247224816434153,0.042200029610537454,-0.3203428380136782,0.1028129675187239,0.08038846687163334,0.43750223103407776,-0.11021127428597254,-0.09049859461914095,-0.5156642214036538,0.09685555154788807,0.0031776698516484798,0.7953562242552803,-0.23499970933034134,-0.16221628123356602,-0.24510695933288434,-0.5958226735277978,-0.16667539892696664,0.45792656769011025,-0.35272463103978985,0.44971667364960366,-0.38286612959072236,0.18537880466258716,-0.48105100206737395,0.35598204441274894,0.3838679408019598,-0.49488359084603617,-0.5951681425617577,-1.4416713138881763,0.015513094418059085,1.794462931443714,-0.9655880314009446,0.31066098933843544,-0.40260968161365746,-3.0451765610563206,2.7923553581245866,-1.5900015350722667,-2.547051195549523,-10.213647482965008,17.49624746120263,11.592424840348603,6.337887577680986,-28.32636930930451,16.89483268839215,-50.2875721284375,18.711544081940882,-1.5355793731737781,18.294359180175704,-25.54657983111033,23.278132731871043,-7.137374779438273,0.0
-0.057330636889848484,-0.10364518968203655,0.7609008656991345,0.9986111588101289,0.025155370588359472,0.002690899472299615,0.04621384955275845,-0.32522417151545735,0.10782162944490238,0.07106250246364619,0.43864704965414536,-0.0983523096596417,-0.10286590027183312,-0.5255445133500539,0.06760952410304111,0.008987284728704015,0.8361994385451648,-0.26086273363969015,-0.15285153361795287,-0.2574207100789958,-0.6580913864558725,-0.1323240551070001,0.3973597363931378,-0.38583670139335285,0.3754253537020037,-0.11478672634923054,0.34986091753992477,-0.4666644852940506,-0.19185775028434887,0.7482665323416348,-0.6986618928805124,-0.30093510588546524,-1.4214134305587465,0.4782019942772827,1.8655853409590937,-1.1450754167923884,0.4181052919893857,-0.3890276959967238,-3.586106868395894,1.520199685237916,-7.640750312182641,-2.427593617531132,-4.5838339259218825,14.009870660318658,14.382828755050502,-1.1313823862685255,-26.035046901414074,15.392418675330719,-7.784031842786237,27.09938104974067,8.406651491145515,16.88129618746774,-40.162635367309605,27.13343285291295,-9.710314613584007,0.0
-0.06266034302475347,-0.1174447119309623,0.7584346157185793,0.9983190929836687,0.029048078000218785,-0.001082971511717979,0.05014005306602974,-0.3258236294649177,0.11555561473471984,0.06093303861737126,0.4294178370920766,-0.07942063628552988,-0.11394809859634054,-0.5279481976190559,0.037936672351218996,0.02168231895725512,0.8737379054929623,-0.2850366794490699,-0.14112593318184077,-0.27359836522658415,-0.7195933461953355,-0.1181594379757971,0.31743416368092525,-0.3814855426747722,0.4199169539793248,0.01631815087355301,0.4670014462356663,-0.5530330130682065,-0.6371615624375128,1.079263582183148,-0.5288391827937066,0.08301242009054335,-1.4795467113364935,0.7212480711684908,1.6379650914710078,-1.0266210756557639,0.5219899992671573,-0.8023145886956324,-3.5430676632490496,0.3186911165658809,-8.238178967081105,0.6958328364170783,0.9900141300346565,2.794956063760222,12.591559922887129,-6.061489536559789,-15.350200974793141,12.189517532794241,-2.5965078112219,24.98825793091608,4.64010891514987,6.31939015478884,-39.58389097584033,25.129456526613424,-11.804230840697027,0.0
-0.06829753427630081,-0.13252278848153665,0.7561648017656373,0.9979913244856787,0.03193793812735009,-0.004840961036221706,0.05449632515813669,-0.32438333608805364,0.12641432498437,0.049357346196215415,0.41240707565147633,-0.05494963627944723,-0.12055949162825505,-0.5206117342686148,0.008702775871227534,0.038562864999730904,0.8990830073324833,-0.30193509692333925,-0.12945134660911672,-0.2899504535353036,-0.7844794429038352,-0.11441377369609985,0.2113608470663676,-0.3635238303735132,0.46098657886104527,0.07041226188544956,0.6434192004853541,-0.610370413660432,-0.9540470779317437,1.3088793752600167,-0.25863492927610743,0.5782955455172071,-1.4128718895721486,0.8880467758084949,0.9451729397680836,-0.6848489997329353,0.503091760599348,-1.0406644955553943,-3.5797363635146717,-0.5024507175111048,-8.173543687911119,2.4432606665663954,0.7452843715955205,-4.480031026364211,13.727513710240515,-4.3423656339568995,-5.3338906095531495,6.4674779795644515,4.783452911547858,20.708597635850925,8.053881899588514,0.6650088487279997,-34.575542378462686,16.476999176689336,-11.66759578158042,0.0
-0.07428690690859328,-0.14898579572270446,0.7539000417218901,0.9976469096685512,0.03356182009566089,-0.008336167920949957,0.059200981115612866,-0.3229265448207389,0.14108806262352602,0.03590577973774631,0.39025827006859765,-0.027088116340672187,-0.12004557355198447,-0.5029630689626247,-0.01698583511578094,0.05781960763038054,0.9062859007462639,-0.3109389597587375,-0.12000900517357146,-0.3102517236148186,-0.8561052968819544,-0.11858020280944329,0.08585608394640616,-0.30919041457711266,0.48775035059467386,0.006844881373277323,0.8279961803735116,-0.7221864918571657,-1.1391187459252787,1.4276465293424638,0.22232147481694714,1.0361997771521965,-1.1727135979533054,0.959559189391538,0.07912620168588232,-0.3560396707285677,0.3929158499539235,-1.413393538227851,-3.7667409684178836,-1.0685982110406478,-7.323400060732158,4.928114056998688,-0.48665390366022915,-11.892206609709078,12.328760705140137,-4.94885238977376,2.5699272295780444,1.5592360793598259,18.715838021362657,10.041017122104332,13.144678622861065,-5.175887900900473,-17.61234965476836,7.167017519216989,-9.534775178990992,0.0
-0.08069584222733196,-0.1669333952451352,0.751491193078476,0.9973031437089033,0.033922517347363304,-0.01127367578490005,0.06409841339264422,-0.3230916182902313,0.15921159307999674,0.019771707907399145,0.3644729427473264,0.0030389550341839724,-0.10866444820557435,-0.4765190357045423,-0.036306879469737,0.07780931902403074,0.8948739743569564,-0.31385147579300593,-0.11381556265716691,-0.3327022008269337,-0.9314314133647081,-0.13074102668890963,-0.026216365509722634,-0.23375037209348323,0.49414399089420136,-0.0933594845133337,0.992470735107194,-0.8513032832892947,-1.3162577638881414,1.546142637806719,0.7670024999188214,1.4074644511999697,-0.8124978288506014,0.9566314513735309,-0.7590493223761345,-0.09961142144433555,0.24526570098503833,-1.6539386126418931,-3.8115374774079562,-1.7948980906457406,-5.631835286135249,6.589940903181586,-2.081205797937323,-14.704876967677622,11.514688135998522,-2.8548989359671078,3.6982606798869453,2.171909179546885,16.897603556871566,-1.2558487482605898,15.975047873091134,-10.666582311339807,1.9730684038367832,0.11912877135200872,-6.469009970096435,0.0
-0.08753823976482127,-0.18648166166949132,0.7487876317950625,0.9969904830251252,0.033000837729405215,-0.013515814950414928,0.06883490548197352,-0.3244844905836257,0.1811779617716885,0.0010355288546740756,0.33351450652421005,0.03638682384343453,-0.08803976805019252,-0.44335792513719,-0.04394278426566752,0.09623424790543739,0.8652578866300896,-0.3352521324873139,-0.09759137659641713,-0.3592003051441542,-1.0262874375242472,-0.1433999103929522,-0.20957883675490502,-0.12779060858250713,0.4146102022984781,-0.1652781329935944,1.2992030360733002,-0.9614625682856709,-1.6250426039473826,1.7401207253257265,1.2593290504437118,1.5261704961447693,0.3127232802482549,0.5975105000998404,-1.4887934476476419,-3.8994135993363326,2.175749395903467,-2.614216469066849,-6.135995432185743,-1.100196946432239,-15.761632412297685,11.666207050226717,-12.701817165043666,-17.542566171556555,30.247506680324005,0.6681563963594365,-2.9547057167606385,6.910263368775766,28.781763229300708,-38.63646373422629,101.48850642756537,-58.81568733010691,20.134836090040473,-222.18320292996995,75.54992568951604,0.0
-0.09486763223927196,-0.20779688413375225,0.7457135942394381,0.9967485572215049,0.030487391103089546,-0.015239157220637763,0.0730109632026672,-0.32585877549079456,0.20767564161041976,-0.021515182836878817,0.2954107484045593,0.07364243359261552,-0.057516453736747734,-0.41065185954297573,-0.026629841082692802,0.10196981583015668,0.817145273106461,-0.38301319735947803,-0.06465438000839398,-0.38565420132481837,-1.0925497513549647,-0.17121189787891403,-0.2777898124861226,-0.10201109673261946,0.3553921380627335,-0.1100102097179804,1.3837928500826606,-1.1286634123784736,-1.984788605633576,1.9212401735832993,1.821222295489039,1.1086159628039847,1.1875119025526248,-0.158912413210203,-2.2244367647083174,-1.8092453311693566,2.282593513380221,-5.112371804496899,-2.1945571106302637,-0.667733829065981,-5.788658045169001,14.311197226377796,-31.657203024071272,-12.511911562877298,20.03501334695353,22.792096044107833,-8.798225687796876,9.84644828779603,64.10850363279629,-230.21447885512765,5.630244753066627,-133.26783571352337,225.51696423092366,403.4426502156269,435.3325980022053,0.0
-0.1028191973611432,-0.22991959990877817,0.7425506309860186,0.9966997467397064,0.02691068377755467,-0.017118120800939912,0.07464850894609129,-0.3214460828347308,0.23831211029878901,-0.04282735279625921,0.24567568373759535,0.11505757721993723,-0.01218536628151963,-0.4144515648469586,0.0036118548024009467,0.08481181945859757,0.805179286212618,-0.3746146876303396,-0.028731900530624493,-0.3972638869119782,-1.1110061026932205,-0.1594369819018775,-0.43390416602844073,-0.24997313727114537,0.09140868819291989,0.4167920243031773,1.6205253127063264,-1.0517642036806187,-2.629261315380968,2.0511732708326376,2.571818345304977,-0.7967254558301208,1.7785638048127956,-1.1604287799025488,0.3989069594137229,1.156500388654819,0.14073416435701566,0.7847618448872901,0.1849102774246535,-1.122427505666206,-5.192517078265834,-14.206442594048841,-3.6243836156326403,14.930696334725486,2.692484644937998,-8.392019500766816,8.615000997204225,-28.30244254638394,10.734905351335883,-27.210691173209412,17.755978836590252,-17.84738584783564,64.75670305630683,29.675982635945736,-122.21908779479696,0.0
-0.11084396561519436,-0.25163610543671283,0.739676608906544,0.9966282366908886,0.023852765394384662,-0.020749553885348843,0.07571432775248554,-0.3144787863346927,0.2615297222604784,-0.07838384560146354,0.20479144030734994,0.11344647447542827,0.020110858505161353,-0.4312163709391259,0.037013491404329274,0.061395952946410155,0.8159423785424331,-0.34794266989424627,-0.03820966434267346,-0.4014187887876076,-1.063515796008735,-0.135162292897645,-0.23737685087959118,-0.423026386168157,0.12582038514748015,0.3551435284222229,0.9659456436096063,-1.8526429437137204,-1.7020285566351925,-1.0307241118724484,1.586371686884487,-0.763244945585045,1.5611070953671808,-1.1540261734006398,0.5488056811673986,1.2186564699686382,-1.019368508522295,0.12317847675449055,2.6542354023634958,0.5692567963682467,10.855680933889245,-10.473663105417055,-1.2814867444329268,3.88636149998565,-10.753420871532583,20.371675713658927,32.86844837407711,-70.86038047390905,15.286017034303162,14.158668573840377,-13.579384450182406,4.607900934401552,-5.525884972759713,-19.030440325683443,-48.00746697716184,0.0
-0.11952918361997683,-0.2721544978217139,0.7371438822471272,0.9964078219650699,0.023536685362533703,-0.024552526845659423,0.07755417586735858,-0.32396968135936033,0.27229767845309094,-0.11807167578731981,0.20775033712371332,0.049761409048494146,0.036827330536695776,-0.44742869514028094,0.06221243806850641,0.03931801677215768,0.8243641774932963,-0.3242096601157778,-0.06324523357347304,-0.4511538550851754,-0.9910336861375462,-0.11732401109762329,0.1051689108564984,-0.3838407470477644,0.19184311351869568,-0.7423793886706946,0.36948879285159725,-1.0906648697446548,0.9123168421401316,-3.349177998165554,0.585710850485404,-0.7657563416211052,1.0330526748834892,-0.9887009357298261,0.3017183714574036,1.1595893554596872,-1.3160460568828067,-1.306101068401981,4.253767093010734,1.2314805363854062,19.0090567052967,-4.490597360365665,-1.6293471975391787,-4.533633065612932,-18.490147938825192,146.01603178777367,38.70910350593751,43.74615054041974,-28.192442201282464,10.130754710944519,-25.797591053668352,16.003464564590665,-13.179774836955056,-3.118106098454241,1.1041647202124956,0.0
-0.12945380862836492,-0.290841521379827,0.7353427188149403,0.9961172460643409,0.0272781257106932,-0.027383471820499845,0.07909792299398306,-0.3591102752692439,0.263916048371455,-0.12237473876653474,0.3038233844297342,-0.06536837199636958,0.018562067756705127,-0.46360201155028946,0.07604892058933672,0.0235394766995604,0.8256087816778018,-0.29806071410605195,-0.09276452084562783,-0.5130724726881538,-0.8867337483082536,-0.05540144086866888,0.5721215424892725,-0.3371261070534313,0.029690354308700574,-1.6184077973903517,-1.0135272659083716,0.3990623162139813,5.414519759837313,-5.0963740008638325,-1.0459253393261936,-0.6900595507581435,0.4688638130787282,-0.510132344025629,-0.164581310083301,1.3946083188548897,-1.4145453441210667,-0.824964532777839,5.222913484465529,4.490059091659922,24.25437925082003,-7.796164273612981,-18.033282451639327,67.05426640803076,-65.23379243123993,48.157186685387906,-66.39681861240021,134.89769338409667,15.240208051893354,21.12434935093432,-21.29676162486177,36.223142987758315,-26.50352633503151,7.963404086943616,16.316737872052762,0.0
-0.14042677658205865,-0.30767530666000675,0.7346155341117211,0.995788098892972,0.03487073901924502,-0.029689659476246296,0.07942680771350387,-0.4030939040342681,0.22379177782965298,-0.12228369556039555,0.4746213224332581,-0.18740535977589345,-0.01711527369974722,-0.4777341136831855,0.07961557240063998,0.014738386547354139,0.8189999809454378,-0.2685742661865075,-0.12122438476670912,-0.5564893052037786,-0.8073995356962764,-0.006166037963204167,0.8787135051041501,-0.34041944153611847,-0.09331339982151429,-1.6537037958735112,-2.5417500871628556,0.25036160886846,8.286229380292946,-5.083965548825139,-1.6719416034417303,-0.546992361071542,0.038833046904071494,-0.24653568420116884,-0.5509113965071919,1.5470693449829795,-1.3074634992483611,0.08547307739503868,3.445661187618872,4.093848869311951,14.975739475612643,-9.235494824966203,-17.05782388753887,109.19609315769702,-46.301450738491624,44.38753188990733,-168.31418223589293,141.70644706342514,30.483040852704352,25.53123758968462,-10.347614985749518,26.80343588018618,-29.169491424331138,9.626412242570105,17.47930765749487,0.0
-0.15190485575006368,-0.323611077298126,0.7347403245228697,0.9953584981010523,0.043656302289188445,-0.03204575239741529,0.07955285841336854,-0.43345502929219665,0.16531506742939517,-0.11870153844525907,0.6433734467568576,-0.2865418018420241,-0.046942759100217876,-0.4870380036383684,0.07814683999145806,0.0071946617628516766,0.8025949402475031,-0.23561296200710108,-0.14451547530847922,-0.5792828001678793,-0.792644279489577,0.0241646715053098,0.8439220442927926,-0.31114582500252425,0.01803625457732419,-0.9365338279486685,-3.038149431756834,0.4479392765753625,7.149043584118605,-4.109640353784617,-1.2601164546472543,-0.32493873234322734,-0.10695760420071536,-0.4133413822787813,-1.0916886652356508,1.7602494676287699,-1.0735709662071473,-0.28569883497389836,0.07294606391368028,2.2218215940712134,-1.664183043719562,-1.6100829761069677,-0.08134538013735693,83.29318408644835,-2.439448143134089,39.394791110255014,-206.19013814198135,99.8593297223587,25.955234071023682,17.783309898406728,-0.596709010155764,-1.1501907025955267,-32.064720978871904,14.049274308399681,7.768079878190099,0.0
-0.16391771794565543,-0.33974233787717345,0.7352767115649542,0.9948554893675201,0.05069535376631248,-0.03365627342866483,0.08099254064861454,-0.4532851346234414,0.10582331598145354,-0.10796254298915,0.7848502201558996,-0.3694031557357578,-0.06312796370791585,-0.49252864992294754,0.07772568997195696,-0.003973601690816753,0.773010845051868,-0.19679022854070807,-0.16341526838643128,-0.6126855888944152,-0.819855471686161,0.03372563223052052,0.5939144500153869,-0.15308706069243724,0.18320112163381794,-0.7020772465591635,-2.8124677537078084,0.7609165041050315,5.986536577565882,-3.5064472266101614,-0.6269190317980087,-0.19978400476166794,0.05553224942496194,-0.6480272553805715,-1.802078151437283,2.1070063655975613,-0.9082763446600838,-1.1245344308548972,-1.5941713338444072,0.78768176173391,-9.670446218145747,5.642728754661485,3.6128262128351185,46.91765706852883,22.543246790221,26.79985828755071,-168.52297528594838,80.43887050275654,13.672611376196226,8.729099282666109,8.521264024130245,-8.192467067768225,-34.60905953110302,18.866777456000076,0.4173742135679135,0.0
-0.1765791026321645,-0.35641622694433783,0.7358153465190217,0.9944017069287168,0.055318802235142725,-0.03408294937515797,0.08332723407394636,-0.46857497001496606,0.05359440725312595,-0.08661981822724545,0.9048663519375467,-0.43827929048779846,-0.066786076877881,-0.4959022218644605,0.08130667143263745,-0.018422898659091136,0.730380573499963,-0.150882857083836,-0.18011867904924583,-0.6456154242613044,-0.8444433192658648,0.024167029906118576,0.3944382612990887,-0.020168540077035762,0.2290233898948698,-0.5477493364323655,-2.448768314321016,1.2794670795126026,5.1822308974543745,-2.9013354465636496,-0.053460581511982276,-0.12234501428781405,0.2606979996321739,-0.7594891333369015,-2.389209917032305,2.4535723276740096,-0.8435495391835509,-1.191863388706458,-1.1173715750369904,-0.4030647822251312,-5.675223396151892,4.5167130383300576,-0.525725085764162,37.22068072524871,16.123189050985356,17.160542359264003,-132.85883176177413,67.45512264373285,5.921183059772295,5.221167453901683,7.340361466122289,-2.487913142523775,-26.036197800207706,16.895866092097602,-4.333343862044841,0.0
-0.18967486294579322,-0.37347264093102756,0.7360975542190668,0.9940280473080854,0.05842662486666128,-0.034186424930439864,0.08559123215633986,-0.4752897877773056,0.007549598644238379,-0.055799816292824815,1.0013236265214012,-0.4941207705540234,-0.06151749089592065,-0.49578544222333215,0.0884759266546864,-0.034037368444864435,0.6768731261793897,-0.09881422708266765,-0.19646407594396986,-0.6611263641852422,-0.8579823409817797,0.003710312046671434,0.2863234875415819,-0.03061851869921971,0.2021336195768278,-0.03603572841266886,-2.236210960950149,1.6527561035555767,4.047386248953215,-2.360006190737329,0.26394317744675266,0.08617286948705709,0.4110454426248152,-0.7790429176932957,-2.8517451988091227,2.7090386606292394,-0.8374612901992655,-0.6806217818955306,-0.4308050963827154,-1.5740458298584266,-1.2782489500380603,-0.3804067775543941,-1.9862733615089765,38.260076035250826,3.1083135535195043,4.305298933447874,-109.76188533969136,53.530475321033826,-6.6559773385719305,5.715705215181571,3.700291907649921,1.539090474231193,-13.528949684898649,9.083885744654937,-2.7899535324666895,0.0
-0.20294540969326844,-0.39075762134408315,0.7358587794329529,0.9936881460455116,0.06066624672861041,-0.034971312799971094,0.0876383603083953,-0.47020407469813064,-0.035925146013808106,-0.02041624811201329,1.0757384109923755,-0.5407173125953625,-0.050814172612638896,-0.4903913480459109,0.0980077478633091,-0.05045371311779885,0.6147741253181477,-0.04279146977437313,-0.2118702419831386,-0.6657627892817966,-0.8669433342397149,-0.030116113903219034,0.20605028735167868,-0.12484844445705695,0.20049078564692394,0.5514486130602272,-2.1800339622162657,1.7788871960099215,3.1311567532359605,-1.988307077292218,0.4903883561554429,0.3592717524191184,0.5012954866307812,-0.8332163685849079,-3.2065909837875393,2.843098964095905,-0.7492428699417579,-0.3180267675215942,-0.11507741449162989,-2.6352981525804524,0.16794992149760968,-3.382164694975328,-0.510975232355273,34.375140455028756,-4.442751044064137,-4.900989969954898,-81.49549788471501,44.49484569131151,-11.494620029362565,3.8958619355153776,0.7037448437192912,0.5618334533883464,-1.1965991437391779,-0.4325535318187561,5.281090969351105,0.0
-0.21628306097016312,-0.4082175214643843,0.7348089868581797,0.9933374806635414,0.06218940265260846,-0.036806689183543996,0.08976856542279815,-0.45411810982112244,-0.07916584707084176,0.01633721028799771,1.1358541842366434,-0.5808200960790315,-0.03807029237190789,-0.48017989995536925,0.1088840824271734,-0.06867787324224565,0.5470349797602153,0.014061550760421336,-0.22175039935107654,-0.6691848177039166,-0.8754932989690517,-0.07710794384297795,0.12547657055894676,-0.21805838100665273,0.23001583458338185,1.0427942799273437,-2.197113254009753,1.8184779657018757,2.6252002283723086,-1.7160876707345094,0.5576371550885673,0.5381215178468569,0.5549936895556282,-0.9432619485896877,-3.3788336753328765,2.7965209479826054,-0.2635000369587555,-0.4325710633766835,-0.14910354164819836,-3.326014411702313,-0.22229225880189613,-2.248804349404423,0.32692069698970067,26.4163448470521,-6.301456706128411,-6.701215570403555,-57.50096744157429,39.09818120143747,-13.314299956601133,-6.559692445507761,-0.15313564935589605,-0.67241977803836,16.09279523734465,-10.477417933155726,35.34333835808476,0.0
-0.2297765737470199,-0.42580788940732167,0.7328545866086931,0.9929873521822549,0.06297916003989716,-0.03928303969088384,0.09201405653154048,-0.42893926833448237,-0.12405051544125312,0.05304890451969038,1.186061336268231,-0.6143474935516251,-0.026457868300255587,-0.4683461781481984,0.11679082720878954,-0.09546699896274516,0.47774694615317714,0.0644720274445045,-0.22084895740058108,-0.6825716992572267,-0.8818516414893087,-0.11948403190189102,0.037341677242420525,-0.2347744974836041,0.20798854533933017,1.4375994471669036,-2.286398390204825,1.8204825306813885,2.1988378482751725,-1.4214998297683983,0.48840077011290356,0.4943648546187709,0.2798358021996267,-1.6055096849038477,-3.2898098632369965,2.0755515300855887,0.32220256637305994,-1.165083075430047,-0.5015676592774224,-2.810989939980482,-3.189945303251114,2.8347115466025476,-6.304280622186107,17.894818349430423,-1.9386025470165986,-4.256724973797008,-46.36103958056323,33.08434685833475,-12.352523345837271,-22.35420721689178,-0.9137781217930412,-12.69171325038403,39.218511843862174,-77.86956297686116,29.545359225100693,0.0
-0.2437155592963133,-0.44378255736940214,0.7305639491311977,0.9928115103867063,0.06213092167796627,-0.04139295476642447,0.09355039663634919,-0.39597275071259236,-0.169847908490746,0.08772863184942555,1.221979824927641,-0.6380042123440255,-0.019428975562853116,-0.4583433629473148,0.12091036378293134,-0.13845839536614543,0.41094809363103807,0.08067087355028127,-0.2121760720171754,-0.7122709343239632,-0.9155772141839971,-0.11812067512077022,-0.20275346452716805,-0.12972192335564386,0.10702420513507088,1.764380987247052,-2.2545691915310684,1.6558753774148942,1.4370350459931212,-0.9630825365653243,0.26708155919677823,0.3847734767881163,0.347898141763204,-2.244555669482366,-3.23055936054748,-0.06685844339207903,0.7813097942467414,-1.9709241691692028,-2.0918887794446213,-1.0753189388031987,-11.444911284070642,9.208242909212,-9.062090075539153,7.508057016288404,6.396785255832578,-9.926324129301895,-39.725625994137836,23.27345114310124,-7.837283367661245,-20.981753009068772,29.45885738489487,13.085222764494862,21.82283778353928,-92.12685748169287,44.61495283155462,0.0
-0.2583815962595614,-0.4626561573427347,0.728773016039995,0.9929735073808048,0.05827994989098858,-0.042107113628840634,0.09398963805875127,-0.35550422599793313,-0.21524541649880194,0.11616217721881042,1.2321234383204653,-0.6454039120062659,-0.017833994155730806,-0.44810104852260374,0.12754767157568367,-0.19680999225327733,0.33864966622849657,0.056234263138854025,-0.18622558287785834,-0.7557155713173815,-0.9705277173173057,-0.08187615227355982,-0.5386758227443285,0.08709770518279669,-0.005739277169901913,2.079178124793044,-2.211407508238321,1.2746196984451967,0.049890215570182396,-0.1896335361734794,0.01847256732353881,0.4415734125430366,0.5891582170880513,-2.983494121391842,-3.6896786413371134,-2.1746807719974672,1.7997257739392836,-2.8617525723232347,-3.1821764318266306,-0.41482112174323255,-15.929989523336571,15.943415349295359,-9.205068496191512,-5.665328816253999,10.293598993726846,-13.36252531014519,-29.292949694344536,7.423881794311075,-3.0096722919724423,-19.361706949060085,45.63059832360391,25.64257062709754,6.078803951774581,-105.4651356852201,56.92550600603291,0.0
-0.27432163316670305,-0.48300402246290225,0.7278282268512853,0.9934081890253446,0.05149834531408585,-0.03975657053115116,0.09437958204452147,-0.3115062489874329,-0.22804620569607195,0.16824174788278898,1.2104110734298115,-0.629419303589253,-0.016006683650835973,-0.4391417197507571,0.12918171315925048,-0.2849710599573004,0.25993612552916817,-0.0023768282626436222,-0.10807806062498088,-0.8526963148982378,-1.063352357879206,-0.026272756116721828,-0.6195102340713955,0.577527344470579,0.25159483774389335,1.8804703213552567,1.6025830289770513,4.747254622174511,-1.1426637340152923,0.9959454488160027,0.05769269377674324,0.24366753551114684,-0.5805210377290914,-5.6919403507187525,-3.879200313995614,-3.6656139533749763,5.400706840131581,-6.993219160964442,-4.323864021026918,1.0763246623004352,17.672409233482043,33.75134534457876,30.765178928934784,-48.41371680821478,198.96904532834841,169.54700075143998,24.235465928710653,-9.13926805474871,-7.992086035836686,-59.35875792152671,-34.40277700810302,-11.436111678473644,67.63505550600402,-104.16183323867699,171.38117470688312,0.0
-0.29202456108486124,-0.505195332901917,0.7268578964780341,0.993480668879929,0.04489654668214604,-0.03281192402857723,0.09951803002195202,-0.2707722281852046,-0.18185293813923606,0.24838560851653527,1.158090782829482,-0.5847584610829083,0.0013208898068023942,-0.45174613938965713,0.1301165305532679,-0.364464778165957,0.2103400715246513,-0.10621119792076937,0.030250493656766353,-0.8975216978481316,-1.1255020759189238,-0.0983634391642423,-0.5243792193493979,0.876636067971519,0.749843272811039,2.021823876116363,1.1673609987789273,1.4335325625328088,-3.491263276555598,2.0394391523737627,0.857246590353897,-1.1841557072451119,0.8124141209645894,-2.119466363122549,-1.769897893809152,-6.062822509851162,6.300215417432104,-0.8953975387112715,-0.5949143379414157,-7.585365768153718,4.2682358317670515,8.37516753867563,28.954472074577147,-19.58944018679516,-209.11231806888938,-375.39563176472603,-63.34920815692482,-56.18891913207362,-11.985282556743494,-52.65533952420927,91.74826580102747,224.7595833171302,36.529680616382116,-18.890434318643806,-134.36522347419663,0.0
-0.3098792303949871,-0.5284899759441232,0.7235462913602371,0.9935276047971789,0.03659434601477974,-0.024956215786263097,0.1045989466455636,-0.2045799903725353,-0.16254653038720612,0.22152525409270063,0.9671848849154618,-0.5131336336649887,0.039869006444894196,-0.5339109578172593,0.17629016799083683,-0.28740633836076723,0.29735142617596716,-0.15269276345226798,0.11202277469737706,-0.8672093343143741,-1.2223604383901896,-0.2453988751363638,-1.096376983640147,0.8269713125293494,0.8264352075687843,3.776321514857453,1.2532597563877512,-3.652000173239566,-11.601575523924957,3.2816740181284825,1.8840426456999293,-4.868664221916026,2.848069601465034,5.276191457877785,6.737539383040938,-0.6172622310970243,2.893482408039897,3.5044748739769847,-8.671881775308677,-10.285808609221235,-54.89837259832268,-7.234631890532329,66.75073203616294,1.4387471197526178,78.73539017867076,-239.89271982186892,-16.117445628385266,-83.20853575372382,-28.315522742081548,16.462992276991752,16.59806489779886,-128.67483728780795,30.531885955227256,114.61644961173039,-76.38586847052238,0.0
-0.3261757991187279,-0.5532695651724865,0.7181074581472746,0.9931500659531753,0.02371643268776822,-0.021281683664856995,0.11241693492601677,-0.11630816773564538,-0.09052190666592061,0.24305084891925627,0.7368522287248709,-0.5917104573253477,0.027947313786441108,-0.6237617333838618,0.22373525462960223,-0.2129155392921094,0.4756443310352705,-0.16019861549585995,0.10046862655439485,-0.8167148490999291,-1.2119627029968112,-0.20816249445627813,-1.0175944055057986,0.4092724843840097,1.2498422354776166,1.6624114992555226,3.307052630925097,1.2072698391536445,-5.691593544084116,-7.03983371932461,0.17058830957553217,-3.4540902612615048,1.0875563429951618,1.8497300422588356,8.215688026789945,0.06940801511115778,-1.0715650895796127,-5.078241052186743,9.379276506901848,23.921683232378697,82.1734134536448,-3.783958298151796,71.51561454157505,-757.0339314194201,-168.26639363341616,-343.78426010435163,1355.0022546529347,737.864960774884,87.64809647851372,170.13665751849214,-249.74371507483943,-185.90582045255476,-217.04465969451257,38.51015560054959,12.378219098575066,0.0
-0.3425226909963746,-0.5757153875826572,0.7176115672333198,0.9920824791979093,0.020172882322407878,-0.01922100274890926,0.1224580023545379,-0.15621403396243197,-0.04430390150098564,0.2461407120911271,0.75669913743814,-0.6346775411715297,0.03416240679551893,-0.6718459999186649,0.22870463596361,-0.16473514771663905,0.6244024047642143,-0.2062237482997684,0.0864038001324309,-0.773738725989856,-1.0575937937332152,0.1099903485619221,0.10734492646766257,-0.03304608606471848,0.5956529394770373,-2.7254087085897876,1.781704707599466,0.051085876906722734,2.7617567991169785,0.4417581633209816,0.1790927118495377,-1.0102102889483258,-0.17290142422052185,2.455380833256707,5.851636486325806,-2.4478423066459114,-0.5824160474587681,6.817952002513593,6.490501303339946,13.247463914092442,34.55889442288257,-40.38290019399141,-57.63876836194303,43.10312179854799,-43.072860402288235,25.90066855906251,-9.41538555285737,195.6891890485188,-24.062724144139498,170.92722694843573,-33.43722257043828,-18.33591616790543,-205.42958331311974,37.46836185080808,8.067648278501636,0.0
-0.3577809628121336,-0.5963020638911114,0.7208108026347056,0.9916155065406881,0.023027850435009385,-0.01855284927885762,0.12579426487735879,-0.21250758330207084,-0.015510131433408719,0.24654125466203025,0.8064581524495928,-0.6025774681268001,0.037165608481508315,-0.6904015273891537,0.21661706875963738,-0.12531765685343443,0.7481542944192268,-0.2397489561526871,0.08613770498209537,-0.7435242005195033,-1.0145328928536863,0.20351694088207836,0.377502465471401,0.05070084202565943,0.09730954782635051,-2.5126747276718593,1.2792391075540694,0.07947469749446824,1.7343240859364848,2.2398989300343835,0.006157669690939352,-0.502950870840364,-0.8264141168760979,1.5543964198324685,5.407999723091933,-1.1399798730684472,0.068887869162763,2.5255650091684676,1.0214126135246773,4.8244335725127305,3.7663455349024177,0.13863108828344178,-26.101597803598697,50.066482530820636,-10.068866352027554,10.27550614934651,-106.20792000444696,49.90533709991275,-21.08411447331399,62.49916990449004,-16.57616038351298,-43.92526595725929,-139.98684906554962,43.912594681080726,-1.4255730253105676,0.0
-0.37255637962475935,-0.6168678837840946,0.7251379112558313,0.9912123655610177,0.02585115276808183,-0.016214292608393632,0.12871231865949478,-0.26180177689106476,0.007159152400730954,0.24038721688301645,0.8273929394980181,-0.5517320963478181,0.03420133799470423,-0.6957589578164429,0.19300457939661272,-0.10149643946656443,0.8394837707599507,-0.25554945317197464,0.08627635709814539,-0.7322283607202594,-1.0434501417745203,0.22831442825341347,0.2366743094688909,0.311688659301057,0.4001650735176243,-2.375778439575624,1.087362995510021,-0.5523140561575269,0.47455259695479735,2.713176978672169,-0.3043374246345268,0.025551282017297963,-1.3706042976638997,0.953427667601079,3.535125680726539,-0.565096134387689,-0.010924183311697677,0.8289598295657428,-1.930342424114835,1.2807080032128573,-10.419482149054815,11.299352702514577,9.753717345120469,11.215765530302232,-0.42393683967184237,-22.075554862930872,-60.78442870339371,14.357032779526664,-17.434923658918105,35.41457068369326,-13.520886112595553,-21.39050634792364,-127.3808727003732,17.74110205811219,-0.8206023881307982,0.0
-0.3870233512040226,-0.6381091894811214,0.7297185935926226,0.9904774057482492,0.026891952699223873,-0.012140453259079032,0.13447654433731573,-0.3073360583125798,0.026991181227247783,0.2238300652543856,0.8256701766635827,-0.4947140088097088,0.026406772988708957,-0.6932758401174517,0.16488885888843174,-0.0773466595385233,0.9018405863525282,-0.26663697499146133,0.08242557621000425,-0.7151373698302655,-1.0802897524639181,0.23014283329941315,0.08532754389857393,0.4723711781637036,0.6778852865172379,-2.2022256474318547,0.971941928050649,-1.015693423509278,-0.4881918316937011,2.943358265460305,-0.47424332819217785,0.28586599038626703,-1.4220088848264227,1.2851670868709564,2.495027878903402,-0.4376204203423104,-0.20874925842801112,0.9532488538212373,-2.206640544580739,0.03318056326217032,-10.566062212141162,6.993908320517744,9.412964025062937,7.267879140060831,1.8229650428364563,-18.055422220269516,-39.31961227964323,8.16751877419667,-11.1233489853247,21.207412626170395,-0.6270241673798355,-0.6996798042878538,-81.68844366703193,13.280346904360277,1.9791994261983439,0.0
-0.40107984051633727,-0.6599999018085685,0.73417092468065,0.9895286643186176,0.026607573341428166,-0.007365821822961214,0.14167146572816378,-0.3481605983807222,0.04537651519929321,0.20160339352392417,0.807452627860305,-0.4340521001399673,0.015181694711512178,-0.6858949846347588,0.13711233016960103,-0.048738681528119394,0.9473832625387075,-0.2819634693844426,0.07442431415183363,-0.6927856372157778,-1.1090592583468775,0.2154346549561358,-0.006891046103755568,0.5118195395389606,0.7180255954693123,-1.9282421524315831,0.9339755189491968,-1.1705078786204781,-1.197692943334706,3.090016772744821,-0.6819703156368783,0.48415707311258177,-1.3564624510913377,1.4251780382075716,1.871181726419622,-0.7041182871316629,-0.38850441132677127,1.0903281059721817,-1.7956240082751045,-0.9962286004599344,-7.542383951204866,1.748003584577712,-1.609661984647174,10.783506434216722,5.621664102454397,-5.044666171783107,-26.647272469386884,4.292687029965924,-14.679152440091919,14.229121095497911,4.2489917254676906,-9.53865115785941,-55.554400320001264,15.8886656975535,5.80237306911471,0.0
-0.4146060213489119,-0.682439135735964,0.7382358997653525,0.9885432702694031,0.02550671122505628,-0.0029655741533645874,0.14873740571052482,-0.38239872423096044,0.06339438048177995,0.17704661516533843,0.7768783244056772,-0.37135705622385984,0.00048718747896592555,-0.6725874310510204,0.11093536748826621,-0.021136364267125746,0.9777973918935791,-0.3050632728111134,0.06351493455404227,-0.6638221353535964,-1.1351601223975247,0.18906378657911158,-0.0850070553538333,0.43934191610316436,0.6644415105378009,-1.5569938384597026,0.9382744159600512,-1.2505109092972615,-1.750610043911544,3.15812981889684,-0.8708332943838778,0.79571772654121,-1.2469377358756677,1.268207841342821,1.1612273262353245,-1.0903840415572121,-0.5043403570327691,1.3037551889828147,-1.663388137571803,-2.0176143220710916,-6.615339073233895,-2.909278000103854,-6.335174853909871,15.350931970079511,10.053119993842818,0.24790557646506045,-20.588807595684507,3.9246029717042354,-25.305381386033645,11.810566753306812,9.097014848428103,-17.798703599170523,-40.88569929807699,20.565648643080056,8.864521583264272,0.0
-0.42752713056603286,-0.7053683718616524,0.741635370639895,0.9875821316114621,0.02389947908928101,0.0002851193142753303,0.1552748109900617,-0.40852084423431995,0.08123267530136934,0.15047160182055577,0.7357517042537695,-0.3085818672028496,-0.018704283443304423,-0.6532132021096736,0.08555725639197219,-0.0010907692216654452,0.9988956638523329,-0.33472150041729415,0.04946638485361268,-0.6336980679322851,-1.1587815060434143,0.14947229274712145,-0.14312252951546506,0.3113196395423596,0.6174741059351289,-1.1685207789405587,0.9198810466959597,-1.3608703900782273,-2.1840009958031392,3.077512031184882,-0.9978831195125122,1.0769560706941785,-1.2171444257350617,0.8052479543154653,0.8914394198929104,-1.357103598446783,-0.63936623429354,1.1430232717659012,-1.597110978061839,-2.6215343319611244,-5.178693980456941,-4.377354990267838,-5.68395231582575,6.893565744863004,7.615767503949064,0.6239077230154255,0.5504877414035194,-9.40544174628236,19.589414472588118,8.629682440870125,10.561558348718748,-20.32039696166279,-21.112371865869953,27.652007010972397,12.500395247763123,0.0
-0.4398782581337865,-0.7287590926147267,0.7442690756291731,0.9865916367816467,0.022253817665643147,0.0021378768271576153,0.1616698466458386,-0.42884995289591477,0.09800704544413842,0.12256173164535113,0.6899106640360971,-0.24720068374793838,-0.028451818648816716,-0.6284994246819318,0.06003931975524212,0.00991579749800627,1.0205919064713125,-0.3692251122192553,0.03199690459805151,-0.605583140925343,-1.1823608008878743,0.11328575721484271,-0.1475848198132067,0.16524906270159817,0.6301230518491107,-0.9386367624380857,0.849824888246166,-1.3942556752043416,-2.30132357759045,3.0520517493310027,-0.16616080003301764,1.356277882584924,-1.2128330903088977,0.4175153416742117,1.0781923445252195,-1.5464760147556933,-0.7889988694734338,1.2366454269377298,-1.7014441798970104,-2.441901878881337,-3.593436239373503,-5.515743694098787,-4.242325555160107,5.882602449611567,6.600970544353133,1.575902833341291,3.261040713466863,-3.224389314837076,26.014841209406054,11.827599232553506,15.321493612032915,-9.73212688507112,-9.895140750039076,33.9591906040018,15.916428080472794,0.0
-0.4516797377079266,-0.7526353460140773,0.7462279130824755,0.9855379943792164,0.021017596180442025,0.0026545598045860258,0.1681251783583689,-0.4439933056432145,0.11330233984169878,0.09476512517289705,0.6401959894018188,-0.1854242692674267,-0.022625761267387873,-0.5981828560417116,0.035357697184446285,0.015991419289807865,1.0478784839203492,-0.40694092219353967,0.01262770534525443,-0.5788362436053349,-1.2073740169868845,0.08048716678048722,-0.11526453450374823,0.037090887844914155,0.6378854371531114,-0.6645182496025684,0.7710050997247943,-1.3703391341246374,-2.548934185708232,3.084632155601661,0.6127122674024048,1.6414720732198298,-1.1391032619544512,0.27482032476056634,1.3849553411568072,-1.6710583800362877,-0.8617404344020565,1.1133168412998211,-1.7979363666575483,-2.420332214290995,-2.5081863761317313,-3.969656214861839,-4.352147264044431,5.822263596530658,6.038290861016393,2.9728891092342082,-0.46580779521158666,-3.4323043962686093,31.94946663330479,12.427092520732057,18.481979274369966,0.33239852965513994,-10.358057675109471,37.970351597362566,17.57778061163359,0.0
-0.4629651534729487,-0.7770204820080652,0.7475321911111062,0.9844603517338494,0.02039666610438454,0.0021486718347394364,0.17440520372178936,-0.45298337210270195,0.12739342200306936,0.06824703384067378,0.5837517631610478,-0.12219999531944725,-0.0031655567193120977,-0.5614649463674437,0.012917750227815461,0.021196419700286125,1.0768038070750663,-0.44510711521228896,-0.0062033513421107574,-0.5535761480418844,-1.2337881088263205,0.044282519868465445,-0.06933147204317316,-0.0581967779791169,0.6052918531044716,-0.339279337954014,0.7807695192038118,-1.1934418632566566,-2.966114360891556,3.3990112823666756,1.420694825827763,1.9610066711835283,-0.997858422035187,0.28503391030558667,1.3606215463322096,-1.678729420834351,-0.8235732559457926,1.5237752778461124,-2.2635219156715536,-3.4960987207411756,-5.37927539676884,-3.2377686767575593,-7.278615976074104,15.600389019139328,39.80878265334148,54.01975607661761,-31.107920688250072,132.7959468876066,126.21096458197547,11.98810037316191,26.978803793821143,4.457264212326869,-16.188712997752,37.01072021527712,16.768100045732805,0.0
-0.47375954416063587,-0.801960753808832,0.7480127343082803,0.9834011886254828,0.020345962776857712,0.0009585629302589021,0.18029760166397013,-0.456293231557745,0.14276367357172623,0.04567253521407394,0.5211078172879925,-0.06132500730938301,0.024213793432790554,-0.5176441059908913,-0.006038145267065288,0.027099401154156183,1.0989943730431302,-0.4810525602535854,-0.022521626972005247,-0.5329653538597068,-1.2627792869058314,0.00021459536425616488,-0.009907762347979314,-0.1072608991715523,0.586671740863664,-0.16934525088290803,0.856585569415439,-1.000561523061409,-3.0315091415598117,2.48594880028156,1.3692520528030632,2.287206211179813,-0.8460763651126503,0.313168476169522,0.9068480261550189,-1.5715048259824522,-0.7011195484712539,0.3153553240083579,-2.0529696159131854,-3.145584198464893,0.661075100294512,2.5390682047410364,-2.282847851766114,-11.293926812833865,12.757660368137747,14.437096229965363,27.145638646750005,-84.15534802175065,-5.392525442353016,2.848412125148003,14.316267230291354,1.9640716661979258,-20.696633783966472,34.18055649915788,14.649037695453146,0.0
-0.4842554100899782,-0.8275072453814747,0.7477534050079914,0.9822514363738393,0.021258054361544893,-0.00023511144679994405,0.18636028436579571,-0.4580327581201926,0.15724062473414274,0.024218026535154466,0.4600951806992153,-0.03201707417554518,0.04423913641708126,-0.46682294971167254,-0.021677178477248992,0.03506951042380561,1.1057616196387654,-0.5106950114511194,-0.035372456662967955,-0.5243871830970082,-1.2932434304360914,-0.03218820932823788,0.1276465110616753,-0.09369338374171438,0.6298275500626099,-0.1452535171541369,0.6919440545093986,-1.0222227297337205,-2.923049784883706,0.6997972259672611,0.9797551395096058,2.5919065124173946,-0.7024217053238268,0.4557342112311909,0.08306947906580356,-1.2718095027872942,-0.5454915155914514,-0.4350199090129233,-2.0650821733251106,-2.804755442349678,5.730416275936319,6.159895462393375,-0.3283782630495581,-14.834117607111711,1.4194249139429511,11.593208491751685,22.34215210578483,-80.19924333133255,7.139784329250368,-6.238404758773447,10.607740279727402,4.690569363595007,-13.359651642724847,27.013365427468845,11.235517980352137,0.0
-0.4946303539431008,-0.8537282126966164,0.7468750986650553,0.9809154364411362,0.023529597034690868,-0.0008833566001594218,0.193003845288111,-0.4595364579909176,0.16805604188939172,0.002263945621200797,0.4004275097943465,-0.03507504667070921,0.0605617720027708,-0.40905014289948194,-0.032112216672961144,0.049420347570570886,1.0894522686733792,-0.5310537482519817,-0.04368232295699904,-0.5220733474527394,-1.3289291490663957,-0.0656798626613541,0.2857222723330135,-0.04574251306934558,0.6992485527668246,-0.14827348530638876,0.49176940129261976,-1.0289099049004773,-2.889985061538777,-0.7951426555826575,0.8945542441270589,2.9013052431663486,-0.4056231984585576,0.846520666799637,-1.10109954426562,-0.8532812172326396,-0.3435960387367429,-0.953184285444229,-2.2304414758493234,-3.346059795137615,7.783439691994366,8.402337722281297,0.5810550762725281,-16.587626049033666,-0.33059332868769453,15.47083388496771,18.585768937296773,-67.00159534393968,15.082343219304777,-15.343855085130674,10.139481646897814,6.772904992670812,-0.16605991368431994,16.619909276575637,6.496302935983849,0.0
-0.5050192407324102,-0.8805630696632623,0.7451253951636319,0.9793435004301546,0.02729881418146621,-0.0007320044206760584,0.20035105959047225,-0.4625891936540134,0.17374130743878372,-0.021609327959020125,0.34451091628217023,-0.06772254479016793,0.07807493982478322,-0.34295262387984965,-0.036502761288809756,0.07467643268002598,1.03627308810193,-0.5398994629365814,-0.04613054810882817,-0.5281351352170043,-1.3548518588272127,-0.12300486933695816,0.46794561778358973,0.017352522820135757,0.7531095247893572,-0.27503616065169106,0.20331667885168891,-1.1296224618344182,-2.6298611874543343,-2.1600951712543783,1.024709790904009,3.269580913432102,-0.1607276641556808,1.4539627854175599,-3.0465285285421175,-0.35569955261323516,-0.05624368247540709,-1.7477601323950118,-1.6647751912249455,-5.211126765790313,10.807910908809026,10.412895978765993,-2.870841929133004,-21.301611322784495,-2.5110957672925815,19.691230700800617,23.25366512386331,-48.46058914573165,19.07870097781568,-30.11771987281248,-0.9380009444549291,7.552418984255219,18.29029070317222,2.3540876123221093,1.124219668958104,0.0
-0.5156437849968872,-0.9072095255845374,0.7416407668065481,0.9775198209160331,0.03305745386473396,0.0002195673462145582,0.2082358188459609,-0.47884661015998053,0.16835602474076866,-0.05670161024883625,0.3210039355539775,-0.15398332973165843,0.09014326691472126,-0.2573222210077021,-0.04678732811233744,0.10209363637694936,0.8824341836530245,-0.53683811964218,-0.04714767342923308,-0.5517447031375127,-1.3162144660673933,-0.24940638894917444,0.7576734331844379,0.059207752753137284,0.666617700681582,-1.1344800250529596,-0.44811007941713493,-1.6687495779747443,-0.5265375735733199,-4.646785885585247,0.8025168905000882,4.2600761770441125,-0.7951709628844389,1.4254489791615477,-9.036269950950006,0.0938188142756016,-0.04704100186844387,-3.664424902207933,1.4681174123865537,-10.500205560837582,22.81323538842992,12.58842323525419,-28.476346186141285,-30.928418138380454,-5.883612098737307,43.653415852780654,43.85056427419539,33.195211410692494,21.066081832177016,-64.90521074173606,-31.989777441527977,8.443864160204116,26.69314073951462,-13.176292298011516,0.1891669738152211,0.0
-0.5272671005034453,-0.9341857556584792,0.7378472760451806,0.9758994850093157,0.03631130194802835,0.002949705817062319,0.21515804364462798,-0.5340807974269778,0.1663658334910668,-0.06937174806620218,0.40854984848323,-0.24265651592064755,0.06587591908002063,-0.22551297145351445,-0.04434737768093096,0.09615514116253084,0.7739746995872215,-0.5854379335878699,-0.01639090498335956,-0.5757828241370664,-1.3520732348748365,-0.06236920206208694,0.005487713532476235,0.17905676605939946,0.6181588862054891,-2.6845360291970017,0.13031031365545526,0.30733657856493884,5.9298217019203,-3.3161419171875903,-1.398194399383505,-1.387667704277063,1.1259692637206244,-0.9020901687263762,-0.24151511176887952,-0.35240216140498976,0.09708406514053602,4.949766952308632,2.3636565249875146,15.63141525228246,-34.1850906752606,-26.826101372781753,9.624586908555193,99.42380967000236,-13.198845124093834,39.57568962384326,-7.365304150180595,123.59043517210712,23.186762333316302,-149.63280249985402,70.46902431599769,-48.74565403448406,312.7941664203124,234.59342752045546,-146.2056197556398,0.0
-0.5390678223387727,-0.960890673967316,0.7374771734182113,0.9741650020909624,0.03403190376308143,0.004864585808890362,0.2232055421182075,-0.6016928667389358,0.15757897584933586,-0.05641960430095184,0.5955779974141304,-0.30933935598967777,0.03374306554520874,-0.27832860782460045,-0.01662958417603778,0.07036265863865991,0.8076562750323508,-0.5656741618106855,-0.02995220492559763,-0.5716924135526971,-1.3043948599748836,0.03226687490276453,-0.2424397781226335,0.18051587005114653,0.9885175581763884,-2.7708034365180403,-1.075496771706978,0.7237663617289125,9.199954248305481,-2.505365899147916,-1.4187176344871006,-2.680060250956664,1.3537986115250857,-1.5592979540273648,1.8498527338735509,1.7124844692657457,-1.0140515749154608,3.3503388618289094,4.186160395191543,6.422216481594313,-2.119920657539499,-16.539822300989922,19.583875413133093,128.46986560044056,-81.62046009926519,-2.4733663020976384,-170.953925807101,91.3250947870602,27.76072392266279,47.44493434484053,-17.259962426433095,-26.327246395493162,-58.93755140667469,57.96631250927502,-20.369702949975245,0.0
-0.5505943880087656,-0.9860787330498267,0.7386447287343902,0.9723992526419414,0.032150045069959485,0.006511198285688541,0.2310057842571846,-0.6391703265050888,0.11816456220106483,-0.053611109805358846,0.7597225830382606,-0.361250129039065,0.01601619323907572,-0.3305657040350254,0.007565095238694879,0.043235458663703,0.83510288297217,-0.5243140640611632,-0.05259301090257123,-0.5752525640916131,-1.2243744307733075,0.08597632513287577,-0.05655387641644269,0.24661905669718504,0.6173149733775012,-0.87809747821407,-2.5192082662709594,0.09218797775854337,6.546302082730293,-2.200815564223035,-0.6793916316250994,-2.4122293234992767,1.0850323180891484,-1.1764964841455938,0.7848275195120291,2.301621145126235,-1.1616739029579948,0.2521521223564376,3.5551326208302654,3.1766520115713495,9.042417470229879,1.5739647226187035,-20.59520900289316,117.1732406121241,-47.11039418862776,17.03720271332792,-216.1908189824441,49.7697198395715,15.136568020830946,27.117181021268465,-11.86718934639645,20.77058470492999,-72.1634189771101,22.22607917142724,0.22046405912722908,0.0
-0.562280798417151,-1.0098664660457903,0.7403265990554014,0.9714307394601298,0.03207236208838541,0.00952968326034645,0.23495290412968453,-0.6432461351314612,0.06016338369801407,-0.05121755835900621,0.8673786807757673,-0.41503312429468353,0.011002725736629273,-0.3770533323853653,0.026342968897954636,0.024384793053826244,0.8419011968624255,-0.4771094553099102,-0.07403794728031102,-0.5895591486955543,-1.1655832090935259,0.08402049274466514,0.1445240788311108,0.355539726976443,0.20113291459974506,0.3987593187166917,-3.0390946323507704,0.3373763961048076,4.0924893060370025,-2.423256909733313,-0.12462551050232952,-2.243888299293976,0.8704537033321749,-0.7424576393250052,-0.024373422461767658,2.4234635674478144,-1.0295434870483564,-0.4469505455196674,2.2258460426670212,-0.10568866798797151,7.198289688262666,5.171538662553405,-22.634510831961542,65.49012160302152,-2.835218770892223,33.6887188127693,-152.92832919845804,47.31393746042088,4.217196145011856,8.403632061807459,-3.127468633456454,22.05247143053761,-38.66599972258669,8.624830755935896,2.5588409032241706,0.0
-0.5740017217577034,-1.0328546544745114,0.7417423420070579,0.9709922602474893,0.032547936093969526,0.013224069904455639,0.23651593259367415,-0.6289567571850435,-0.0006744413437085005,-0.04273230129199072,0.9352857850424617,-0.4597105659879323,0.00907362360573009,-0.4181398495857803,0.04282594324704362,0.009540135786936684,0.8338107417389883,-0.427689409055807,-0.09178887394511168,-0.5826224196876884,-1.1403086713874022,0.059448071683804386,0.11314841014002791,0.354931980152017,0.09156324344266692,0.9960413867678529,-2.9142438429981548,0.6059720668776032,2.629438601080746,-1.8813752362750122,-0.08124134679626722,-1.9228687425133426,0.8282459907087344,-0.7276707692213025,-0.6841778680691806,2.523614378602502,-0.837031991792892,0.3796973316126041,0.6726683357112454,-1.4369591880200263,-3.200884078905487,0.6935264851795562,-7.57679166558344,30.086811276960333,22.69932202988801,24.30521147565385,-91.2472006611962,41.676553863183855,1.1325472956163063,12.134303940959091,3.5777211814491414,2.1673300171958836,-27.632374935609,5.674699862918212,1.860324522280272,0.0
-0.5853860930332357,-1.0554770501181925,0.7427779306945063,0.9706679521132714,0.032359997798982514,0.016045117953836622,0.2376954174411536,-0.6031469936823244,-0.05513500084751053,-0.029525574791657776,0.9749599730666977,-0.4834081419658151,0.009435349563890126,-0.4511509368864477,0.058959554399771755,-0.006879241999294492,0.813709628232271,-0.3774128968982033,-0.10195102313791679,-0.5597977750237308,-1.1276616529123957,0.04197759166513001,-0.012623606494816758,0.23844019872757205,0.11607195612437794,1.4943555899134597,-2.4817250924868,0.7489331146335876,1.4627725338914888,-0.8678686653433497,0.027748630493405712,-1.4829099564659514,0.8301445042011217,-0.8729472712801603,-1.2017772476189512,2.490601006445776,-0.2762698809878268,0.8837714158487798,0.05733242956229691,-1.4252275337748406,-7.2671735136442495,-3.551251023146234,-0.29421620080990324,18.241425633496657,32.16387899107756,11.013789983238429,-54.170353646808636,23.69514309538338,-1.03893084970759,14.069111778228761,5.120011417011276,-4.332089898967254,-16.704359846567648,-4.121533334440482,27.035066876758396,0.0
-0.5961687764430428,-1.0779740417634458,0.7436104470737285,0.970373672558847,0.031057240619002467,0.017063416834992524,0.2389962828491361,-0.5645937534235042,-0.09812702332255234,-0.016726654095054524,0.9847714084604628,-0.4896837762238613,0.019161909222764662,-0.47529977922323813,0.07645115823468095,-0.025310540005455556,0.7852718594104483,-0.32995147192817276,-0.09286235800887142,-0.5257677942055137,-1.1268103172661241,0.032673454641885244,-0.18644976753789674,0.07571825503238658,0.13985965972773584,2.131139927441549,-1.8250341828200272,0.568404361219018,0.030193550656874235,-0.147412907703055,0.49160336218781814,-1.045169211962508,0.9318164110078389,-0.9846836104557756,-1.5697608755121626,2.3559262456021095,0.7646955974556312,1.1482266023793175,-0.5190810008809466,-1.6638267222654959,-9.437419580517467,-4.283524925159196,1.7795263851906484,11.014815636139026,39.056483177106394,-6.441730923662439,-27.869894662821128,5.760878613806131,-9.326730911414339,12.19523539186386,6.840677336832845,-8.382379144926327,-12.255538765417386,1.745685713327219,22.761252445160313,0.0
-0.6061012234245343,-1.1005287807470456,0.7443015410326426,0.970137698234974,0.02858093180001453,0.0158806121294226,0.24034097228559234,-0.5086293788250419,-0.12471054745767099,-0.012544816433698624,0.9525920228804071,-0.4739942213566614,0.028962746695092,-0.4895667426410085,0.09529573380671792,-0.04784162956342221,0.7484297828463523,-0.2850250537635628,-0.07487452191127494,-0.48039446098702976,-1.133408929969712,0.020268327437067125,-0.351717160227936,-0.10836252125922936,0.14415658795482642,3.019862210500661,-0.8768465322253336,-0.018175170824756802,-2.116939785699989,0.828470137870566,0.421372142548894,-0.5790947427626965,0.945298042605959,-1.2835763054759055,-1.9340530593022516,2.1408530010367555,1.0206204039192357,1.15895645020019,-0.9569997704701461,-2.7038777307262336,-9.288437474430832,-2.645264377916319,2.3374878051767847,0.8316323326896812,51.59425854136086,-20.613301325441572,-0.3128170460592991,-17.924782029127982,-8.920148059061512,4.724177778234841,-1.131599006651007,-20.30489115513618,-0.9076646692008937,-14.389603033343006,13.497401344585345,0.0
-0.6152578691258748,-1.1234131208890075,0.744196257834063,0.9702767585248915,0.02505211061009928,0.013165262599131995,0.2403374283816461,-0.43274098578513914,-0.12262519667646042,-0.024812978262914693,0.8526735172585357,-0.41106552611297364,0.0273770968848913,-0.5015514601207777,0.10953823972677595,-0.08285507901701429,0.7180190241089817,-0.2699434891551398,-0.06151120116548371,-0.44738754316567475,-1.1632233692863458,-0.04974478942386756,-0.50652599366236,-0.18027808443906965,-0.06127148420991083,3.851504964079502,0.8966646180930524,-1.1065848789888466,-5.63593255987691,3.1149727722848057,-0.1519203758397685,-0.7128778615158011,0.6802191670958387,-2.0353023806963857,-1.2354358978158724,0.20482061821931052,0.7467669127549801,0.4438080542332777,-2.7211681765112736,-6.4608605146072735,-13.102506504130247,4.11288125412154,-1.3851193805720607,-34.759823609658866,83.63683282747678,-54.66577866371823,42.061249593964426,-65.82311572306585,2.0358681975232495,-19.70457799968909,5.042177843221991,-25.674224286148874,29.61979114285909,-32.34759800249992,16.657454486969137,0.0
-0.623929968493728,-1.1475191412465646,0.7416343125051854,0.970449770281781,0.019635073996133328,0.009709041090986264,0.24030697399429932,-0.35454821777642265,-0.0799958193926701,-0.05677524020676432,0.6834741456283947,-0.3215740965004524,0.049391883315202986,-0.5439307544076617,0.13620981140108246,-0.06705988660863586,0.819635932974368,-0.3150459439284326,-0.05365791675070277,-0.46721232293579457,-1.2263832190193886,-0.10812958772890127,-0.48975780196648677,-0.09072745479104455,0.7067013246736307,1.1915095778050366,1.630931964096766,-2.0354456016762343,-4.517804157387033,1.0519803135294936,-0.8937424172335369,-2.2141706021688234,0.7344869271018276,2.403381027665946,6.987017424148225,-2.3308743226853803,0.2529596003807886,-6.543307298473632,-1.3126119016021898,12.855637443098152,36.47004248028825,20.122539675867348,117.32587047419769,-467.38202500731217,-124.2010442735244,0.15506435384418493,743.7230373293,-84.67797997941013,-190.6695984184444,60.38401424721418,-172.12345643157352,62.16697446730098,-3.139666792175724,74.32837751580801,-12.380795937122732,0.0
-0.6340129910908817,-1.1715333343984637,0.7414227869669615,0.9680342164727349,0.019312100653370235,0.008337419985321405,0.2499345633047966,-0.3739994815868687,-0.06056836722491556,-0.08449499088118285,0.6649723706432524,-0.3023604932113026,0.024030490283955097,-0.5751031864696475,0.12077805674646795,-0.013723749704727952,0.9641664426269844,-0.36474180851212634,-0.08313836858878965,-0.5010386985886571,-1.1772686367789411,0.06474018371527471,0.13961334211057339,-0.2456466657809785,1.0869717604309403,-1.4456173357910276,0.7212863631799366,-1.0066535408804067,0.03881055778234523,1.2269744930167905,-1.2559107091987363,-0.5232527687762485,-1.797164207917253,2.770604673797534,6.3113278743657295,-2.0682210714124234,-1.6004310566539757,2.098415727390321,2.4849967400771367,7.599255469178839,13.591981828051983,-21.587117098844708,1.1668193282811465,17.24111822673862,-7.155803236416171,36.565870285157686,-0.5190884550503507,43.32060674375278,21.31268123272605,136.8922070509206,-99.04299738334099,3.7565534318082916,-157.7818299678672,55.085789832435275,21.904815863954056,0.0
-0.6436972702656172,-1.1948890793151468,0.743624602012507,0.9659960705368573,0.02223326548545433,0.0054250364690185795,0.25754192395125225,-0.3995597951196468,-0.04033444493036766,-0.08937863054059131,0.6643458869569869,-0.27962036044428423,0.022469175094496002,-0.5636304935877298,0.0763483564807036,0.03481310361628784,1.0460052667663917,-0.3936935151405485,-0.08135775136157015,-0.468253049960569,-1.1649643044701186,0.13610080236697494,0.22327889623257163,-0.40851609319650733,0.5437130723003265,-1.0065694528629714,1.287742437882746,0.2508655798886521,-0.34653583710794267,1.1623955628429086,0.5829952338294155,1.336290560077004,-2.4642923983410663,2.1261628819565694,2.511552948377114,-1.154026050906559,0.3471863840002587,1.7918458529289911,-0.1814870862573201,1.85382722027922,-1.1591825542406877,-6.258194658895397,-28.160642042386673,34.37258645115243,33.1730922608321,46.13664989862218,-45.626603990589956,8.160568123620301,50.22201428007452,70.48282015581265,-18.126357931572834,-33.677375540891994,-150.75637153506818,23.046852540493852,-3.03594648226119,0.0
-0.6527897196900848,-1.218915210917994,0.7461074091479555,0.9646277893638265,0.023337167998445645,0.0028471480266179547,0.2625652268008518,-0.4205250887340276,-0.014713143900256867,-0.09406978016157178,0.6504288134533172,-0.24850749547638476,0.04065190681683087,-0.5277663582808777,0.03522233479003803,0.07261225872753299,1.0627477046817426,-0.41081459574926926,-0.05476028587922183,-0.4456240912960198,-1.2361295456916983,0.10358180881149318,-0.11734361078461057,-0.12756852960463974,0.5072346784341645,-1.1525144025515326,1.40273602927804,-0.4626118167984058,-0.884075073989827,1.742071986079939,1.081396830962824,1.9789219731610388,-1.6989216922979697,1.5979276908032756,-0.04898457069717091,-0.7292427999981973,1.2989820992587668,0.8059655440321604,-4.239734182481018,-3.080407489453743,-18.035573238156253,16.89825606514948,-2.486638684829472,-17.382794975207005,21.409656473986946,-15.116296580494524,-13.136863314268126,10.612388052636053,10.10467880702712,6.375673593333858,41.5747282253563,-38.0639203415685,-62.481541223794814,10.409040384443488,-25.21582426198964,0.0
-0.6613253216324468,-1.2442185769869583,0.7475559390431528,0.9632709663073095,0.02140472485692516,0.0017308409943955667,0.2676712300801719,-0.4414363887444002,0.015129746835090102,-0.1073387758684044,0.6218938752721311,-0.20139149660261957,0.05626132830037307,-0.48145730039033285,0.012237028047733549,0.10637796410965024,1.0418951608392548,-0.4114670823351643,-0.03487217701090452,-0.41479299549231563,-1.2944346059341219,0.03297991081553253,-0.30252510243932035,0.05011430025485504,0.5723532335334703,-1.1193856561880542,1.7224334553808112,-0.5737464466622796,-1.648688107865598,2.8031443907501448,0.9309693011791669,2.392220104665848,-0.7580584676919078,1.5745264258117975,-1.3339422151784552,0.08154788264369166,0.788822394848258,0.9089119667537267,-3.461958660061791,-5.266884958994533,-9.447020356113018,12.662567681740072,6.785622331372476,-21.108215747024907,24.309215935301893,9.237155613590872,0.6237143013326953,-4.49400291902062,-4.550265071104942,-6.217031119572128,36.15452491237057,-27.255104285385926,2.931588193482888,-2.151792250942857,-19.662901844446495,0.0
-0.6692629385214529,-1.2701311565152587,0.7478254142007451,0.9616587309574162,0.019143527361812806,0.0012761691696237605,0.27357701278756635,-0.4603207391502007,0.045306683230975676,-0.12409709761282595,0.5868635515962907,-0.17219790148953423,0.04792195734521392,-0.41990635041169055,0.002098681383992645,0.1423023875320004,0.975495354608637,-0.37741637519540633,-0.03107648722359679,-0.3942574169160632,-1.2999458260315462,-0.01999586074778461,-0.12568567296172342,0.0684142867383968,0.6530603220179282,-0.9845250627692862,1.3200163510966356,-0.881982871875292,-1.7156450711752618,0.8294546608906386,-0.5543835159963997,3.223447993153812,-0.44349484329911865,1.7741414562380944,-3.8155215014005974,1.738232058444177,0.03989147288866014,-0.5767813306155188,-0.7910430155296069,-4.914203678174803,13.7035202512162,8.500016363737567,4.229322429094255,-16.22882401327863,-21.938270751320214,2.4060383219033707,11.729205363141391,-50.78265935606215,14.889685561601702,-14.19942187924093,-2.488264574876379,-19.12141055999603,21.119327017193356,-37.5542240124824,-6.328205517345529,0.0
-0.6773348695831033,-1.2962107564694483,0.7466133505502844,0.9600225797556711,0.01771177782779956,0.002210215587591834,0.27935292057270794,-0.48962974765394923,0.06467775064059901,-0.15031157414208574,0.5762701211683405,-0.21023446136023782,0.02780924413703157,-0.34886948840055937,-0.0016428994008155,0.16226152332805965,0.8350168081040609,-0.3828798252011054,-0.02754487925229423,-0.42453966064988014,-1.321399093763905,-0.09858131506463896,-0.08925982734983257,0.2729592041758324,0.3801146572613731,-1.7563605216639842,0.9015246796167367,-1.3355997788898852,-0.1622879660537348,-2.525531844165117,-0.7096533095168233,2.948035764072764,0.3875805204202982,0.29638958685405564,-7.5512637697145655,-4.610800019084368,0.6887870003159982,-3.8747458248137345,-1.5121303408364446,-4.760014250223768,8.51284733227992,18.44170181061662,-34.87045125894541,-24.28531166018781,-7.817275265123738,9.209920230787557,9.694064576326948,-2.739371158212298,41.192010610168,-118.49080711347757,46.07179699068127,-55.16762120054151,59.67735914755582,-188.15823228255115,-53.49282686068284,0.0
-0.6872533064647175,-1.3227350828873128,0.7444120013122918,0.9598764494800257,0.015388066900396444,0.006063958365216861,0.2799350595042246,-0.5529001822955147,0.08053937995978372,-0.16115914806001638,0.6657317952646635,-0.2974751285012508,0.001177087128456821,-0.3406948568453904,0.005451990191562479,0.1332613971176845,0.7475439206716972,-0.4425943795520918,-0.03837389795808312,-0.5289690409331975,-1.3223879165633003,-0.06231879826694246,-0.2037514534052978,0.436249090212829,-0.2979487220787863,-3.086695339081521,0.9113807815571042,0.2771294476393151,5.747581471774067,-4.038565720245715,-1.1100508854172544,-1.9734166171771024,1.2045315455743972,-0.9502097228613133,-0.6355549711780544,0.14609547679778645,-0.38051937534651353,-0.6430395508419718,2.7285951800941324,7.24422206032359,-4.735890290533615,-17.482983594877318,-22.773926210704076,85.67104154205357,-13.845528876600532,44.240045472259325,-10.693383757389865,99.88888710456203,25.36012058997686,-148.76394887686155,66.91585046555298,63.432187227580904,271.76013130659777,276.2289857950173,15.296652905693248,0.0
-0.697900960021824,-1.3485448651038652,0.7438574588974686,0.9603670730378046,0.01267766041893411,0.008230550026317392,0.2783282594300597,-0.6075688158492266,0.09383149315688097,-0.14068296116300005,0.8029109438944193,-0.3765690687301827,-0.03042672558006872,-0.3927240505747778,0.031053866115912303,0.11367529553549709,0.7615506295481349,-0.4093750681171171,-0.04922517019522103,-0.5207955893482443,-1.251429064392864,0.009471916629662389,-0.1285578196145048,0.06653062618385158,-0.0007942324816179805,-1.8733202513463973,0.21740727745512567,1.2473283456575848,6.3594397465798815,-3.2540925715890237,-1.4507997316172843,-2.4507969580399975,1.088523316197643,-1.1068500986637417,0.8638599863303495,2.367530225470274,-0.6057817607597128,1.9185032927779524,4.946062284685043,4.510236020681626,11.896300374488106,-27.742055394195475,22.831410725079532,125.06189970426068,-64.31459346299404,5.257205015763027,-130.52722886387113,84.79012309402106,26.815264543841142,52.51283252864205,-37.808863294351376,-19.378615162036414,-34.91998601054296,52.78732877209776,19.16462475640217,0.0
-0.7083336540224204,-1.3726213981871955,0.7445331616326387,0.960259699686961,0.013054407848952338,0.007542346954382333,0.2787005643970627,-0.6289272730632068,0.08496417968187964,-0.11676062780628436,0.927699035851286,-0.44497579900247675,-0.046172689480044396,-0.4336544012532379,0.04793239388621884,0.09402670585202016,0.769591513228598,-0.3568753973807287,-0.05964325411911995,-0.5206770338123418,-1.1659263800726314,0.05844114067725518,0.15344325399984451,-0.1960737268952632,0.07645963041914344,-0.19832894626128902,-0.9751629211462663,1.178802551614286,5.348826193772689,-2.9238184631879194,-0.577496578589331,-1.6537072281600902,0.6069419121324268,-0.9087410079931447,-0.05433153094625502,2.7190402223758796,-0.5622338330585622,0.09231252306489435,3.9689107434302877,2.8096417233214965,15.677650096833393,-12.54493915365844,4.007426850878935,104.26063462853901,-57.090383754555354,0.7249605632564222,-138.01301142520705,68.03504128627026,12.71029451941135,44.295227471860215,-27.049238108089217,7.389979189504682,-52.03531686911834,3.9562799094010668,-8.29344165059921,0.0
-0.7186914497079154,-1.395459079785151,0.7460899542165619,0.9600175826560522,0.015544849321334332,0.005446526279005591,0.2794547083201495,-0.6179452144198232,0.058400628883179456,-0.09474620259441102,1.0191241599921086,-0.5026306126209582,-0.05541397293270872,-0.45816471905279094,0.05883887603785361,0.07757903637881797,0.7559577472359472,-0.30153985338507927,-0.07312031958106016,-0.517564999686083,-1.1254164611319153,0.0909836120048231,0.20870796378856793,-0.31059702880748635,0.08183287436604086,1.1757092402868896,-1.5762348750758357,1.0781461094431533,3.6410207196955824,-2.4635956278562294,-0.3862149097910387,-0.936615590623564,0.48742023411296787,-0.7670550490073952,-1.1238277134263053,2.8011497281484603,-0.7712250831245429,-0.15876363855505177,1.5100898260090492,1.0129362748297064,3.1758962445585572,-2.645051797078635,-0.8683710554537878,66.40592724755216,-23.78078377906187,-0.2166601491816691,-114.53965257466558,54.60612400941708,7.3675713768530695,25.83353148123829,-5.920365518788753,5.382361462750629,-41.87819137140202,3.214582145206793,-12.093311961928382,0.0
-0.7289685724440644,-1.4177818342147765,0.748022778071141,0.9597977784626257,0.01790475000868683,0.0024897903175463477,0.28010970231234505,-0.5851442005785655,0.02409212001257287,-0.07430572482592793,1.0843739048542933,-0.5554057112940757,-0.05841165398893922,-0.4701527041584489,0.06959985974519584,0.0627138068690837,0.7225622954805089,-0.24380595192702326,-0.08727182289778194,-0.5138494125718401,-1.1117073200063852,0.09550699087474486,0.10235339437524194,-0.3529353305305214,0.06336591213364072,1.9998883175384448,-1.79187297819417,1.0102771072904284,2.7217455446884857,-2.299312309262093,-0.08425990253906973,-0.4118319402100582,0.5698899822596734,-0.7398832354535202,-2.0171080593309068,2.9494648144680107,-0.7329685754969997,-0.26727720896153795,0.21224562130160696,-0.7640194769466567,-3.875967324945885,1.9240813484425443,-1.6426249296444184,35.69824844808488,-5.502784856339751,0.524768952151849,-70.4477267991234,50.40508895223615,1.9585460524744889,12.984248131243625,3.416703855902967,-0.2961207195223893,-29.71924815357791,5.876232881474086,-9.672211922938256,0.0
-0.739209462434346,-1.4399277579093055,0.749715218809381,0.9596290826435332,0.01928712257922848,-0.0010493211992911907,0.2806045786732046,-0.5393612982181144,-0.011909001945090264,-0.051463675059476986,1.1352353217576798,-0.6055571861351492,-0.055074402743019175,-0.4733052414420801,0.0818606869886196,0.047919082663071134,0.6737142623580835,-0.18268402089775648,-0.09582463102341751,-0.5146322963682274,-1.1068466904980545,0.06877566020456703,-0.007677355973745949,-0.3644282285896234,0.05465616341051311,2.4832069122985945,-1.8076659403053992,1.2226011068543998,2.2100512321842927,-2.193920562769805,0.17520754516531412,-0.07190372152435404,0.6494259060901231,-0.7560120820500207,-2.638412021015539,3.106357744722066,-0.5158944428623508,-0.6194267678719654,-0.17858595939233002,-2.4606015764341578,-3.406689887747205,4.141392960406036,-0.20348950539855143,16.55199797533614,-1.2898733625558578,6.200843282878711,-46.28256580079027,48.13232161235161,-4.299744468096903,0.5777205045181257,3.4268480736593157,-2.6071390086363886,-11.61430722267116,3.8224867936378106,-23.92023967507087,0.0
-0.749545436527429,-1.4619895899509934,0.7505650368311417,0.9594393248495309,0.019942858941075083,-0.0047835888585381564,0.28116824427229686,-0.48588575612369866,-0.048348675796135915,-0.023129576233022725,1.1753921436623453,-0.6500386279433141,-0.0461484173403768,-0.4716935938151417,0.09481464493095032,0.03258575532048481,0.6156603834414762,-0.11883899617745279,-0.10120964874584104,-0.5231697703923956,-1.1034808203655257,0.013528287361081096,-0.057962633238548326,-0.3486905181167181,0.07720338280567027,2.7610558555108478,-1.85185843448875,1.5071872607864623,1.7384169858344705,-1.9142550135012026,0.4158676398032165,0.056398638513948426,0.6598668632543101,-0.8003497216407862,-2.921740699117698,3.1893757169388404,-0.581922288414864,-1.094832474332772,-0.3493538407652344,-3.7856436215031737,-1.2649412539319669,5.973108886974855,1.1597612617596482,3.314693999508974,-4.08222214560182,4.692086457250946,-35.155048367241314,43.010847487490146,-9.72499675314597,-15.477566986417173,3.2989098351733004,-5.266742112802796,14.838638072131097,-5.97556961153274,-77.39162035028176,0.0
-0.7601375936520829,-1.4840025668870866,0.7501636607371831,0.95916088881891,0.020254685875237648,-0.008302650292185479,0.2820127710908504,-0.42798788572924124,-0.08650145563220948,0.009513222951975113,1.2029427076766914,-0.6856772366530349,-0.03486514809876026,-0.4702883186536421,0.10810509016524782,0.016327141506927653,0.5565018730773134,-0.055114872619402226,-0.11683411770457168,-0.5387287166185442,-1.1005689006571904,-0.057026447679292616,-0.06478049999336773,-0.31113558144156606,0.12517443994875208,2.909957646099491,-1.9848711455125767,1.6540896993790808,1.1083200223144423,-1.505381066262385,0.49664612068448827,-0.009479974239120417,0.6497528571817147,-0.8292776964279776,-2.8857571827286104,3.126625096714614,-0.8977275715631602,-1.31467026556797,-0.19340617160810866,-4.879307232641793,1.1605914301805609,6.207288156664827,4.415882064810285,-6.232300288071078,-10.231526114305183,-3.2705554967981203,-26.5291248835974,34.22303184161409,-11.820795596205853,-16.325231375764105,-2.9563004013102208,-2.3263969372472335,16.240873502807517,-10.596951762609965,-9.087236890941332,0.0
-0.7710811593341891,-1.5059035300540873,0.7482503379877452,0.9587139895301529,0.02064432894091894,-0.01135616555086959,0.2833943109269109,-0.3672794184733754,-0.12859363578127536,0.04259937840387926,1.212209596190929,-0.7086146732010782,-0.023742827338179964,-0.47061443787573193,0.11889742732706378,-0.0019988559682911867,0.4985504292930918,0.006481513211068218,-0.1312346070682544,-0.5591056978606258,-1.0959794956364242,-0.13645538252317235,-0.03920129576371591,-0.25330302864281623,0.17133009518777087,2.9857004518300343,-2.177419226065292,1.6072526676829233,0.15343434722895605,-0.9153162778831699,0.4763670955000862,-0.17754937668936252,0.46517358535801945,-1.01284860028653,-2.690842432076021,2.7911828067103857,-0.6900928311244583,-1.6703087622314527,-0.7541896570857359,-5.053590318703996,-0.7755925758697345,8.792841164595364,2.0742755569523528,-17.64680421082519,-3.444389678168988,-8.405213539865,-18.256281685858628,22.067541398927844,-11.550152709330842,-30.635120426985647,-0.2471453191327322,-4.16370031780205,41.01146523413883,-60.11421947535356,2.757089532296316,0.0
-0.7823991984909051,-1.5279968253241978,0.7452080344828984,0.9582718480786168,0.020195293589483798,-0.013725867520949066,0.2848136511082724,-0.30408376096492457,-0.17121447646411264,0.07100136741463749,1.1917692440208234,-0.7130898289917206,-0.014412417617646996,-0.47650134006978173,0.1308495853498644,-0.020893879900798367,0.44901579675946846,0.04153049142033057,-0.1380956969211016,-0.5767734280129938,-1.1212397949267427,-0.1757082772848238,-0.1917511717466538,-0.12936784692902617,0.16696402971519292,3.054750754627726,-2.0273631768804083,1.2377627716108017,-1.4232112184676262,-0.04624383565278416,0.3921747841349575,-0.5009186136628829,0.7558402004812934,-0.9167524618959605,-2.249162169813344,1.0496415405152923,-0.415712445505553,-1.6163898856063708,-2.5133004244306507,-3.3650385511369953,-11.014911613210403,12.728293894392095,3.859970007557988,-29.62378931801052,16.157727776048226,-21.601887802462542,-5.086143199468294,6.7628087067051,-9.313870665209542,-29.979048841882516,20.325847129958117,2.4400681078621695,27.31627810721909,-69.65709611402939,-21.06271555953179,0.0
-0.794041624034755,-1.550759100014003,0.7420658839197002,0.9580042807316246,0.017261092595973276,-0.015294330398677215,0.2858250098223237,-0.23519841863372934,-0.20798099804853548,0.08861420326318065,1.1209939846451538,-0.6846043471757504,-0.008106734927916389,-0.4885586380607205,0.14972381637078666,-0.03904456549270159,0.40733009531461667,0.03173159771767191,-0.14035800460920253,-0.593542836969076,-1.1651985170394155,-0.16205833940527545,-0.4736027879241757,0.050002303295134005,0.14080605319914763,3.347890176932031,-1.5887379904297467,0.5918888778937391,-4.098592798114186,1.5255683295068634,0.2567722890494361,-0.7566694950604964,1.1151508556340601,-0.9745321210144304,-2.043435772049408,-1.370161883433741,-0.023106059668396895,-1.8588860569295658,-3.9090448954410335,-1.9459860587587843,-18.645210970410428,17.3653984227965,8.73030053572474,-40.83915644112746,33.73256633554486,-29.628227051638,19.332258348455476,-26.69949103541043,-5.869440814181637,-22.74110421617374,19.20711555662109,-11.290752653565473,-0.40242280479729275,-76.62164283364761,4.204716443738228,0.0
-0.8059394722377404,-1.5744860390079027,0.739094571126299,0.9580345548518988,0.01082851349093624,-0.01576751360343728,0.2860138467278563,-0.1536312368330193,-0.2288043536340943,0.09589676161899459,0.9732341489831244,-0.603110989312011,-0.002195640253760375,-0.5099815806339353,0.17299379308753213,-0.06384209148999649,0.3768838082911435,-0.029956118359312427,-0.11888035261665816,-0.6040500089835409,-1.2251557162427225,-0.16855245591874457,-0.8302572772640744,0.29524120627207584,0.0979272636245867,3.994121799688153,-0.5020525484497843,0.13331344364773856,-7.990547391925724,4.026458235010478,0.25722503155705007,-1.3412442906052964,1.2815133248862058,-1.4843893842510236,-1.3786707142513477,-3.8301362389267455,1.6490463827476296,-1.7295533135644574,-5.673203658909913,-4.231028174540568,-25.554742550406463,23.235487748052954,19.353747250691313,-58.94874088517632,63.83989487917074,-25.539605214533236,76.96524908958256,-78.6795675935413,-5.619467215138396,-32.060993272313766,17.143056354671806,-25.679638587519168,-0.2743185010253004,-46.537560012812435,44.34358243404673,0.0
-0.8173338243908338,-1.5998334883334686,0.7342273309047993,0.9578580491878659,-0.00087349747053783,-0.015562032458532295,0.28681878905319896,-0.05277012084123239,-0.2056837651128281,0.11171567949538296,0.7281275791710835,-0.4313847053109858,0.006609772030469802,-0.5563256728407984,0.20481341225331295,-0.0952197001320114,0.3894341723353223,-0.1110796226113617,-0.059214986745851815,-0.5575513171198697,-1.322929208466452,-0.3213715052436176,-1.3944975317935613,0.5046389976328057,0.4680954604912003,4.684738457707802,2.1842174520024886,0.6533140931922328,-11.969708257070454,1.9599638211561543,2.209361718760921,-2.9239262103314982,1.718740292694277,-1.6056979081736593,1.5580042271363235,-3.566587099009391,2.9650531998965137,-0.9294768669597104,-5.633364404472852,-6.230113943986348,-18.485343499629575,23.178719227282592,66.33233115687915,-146.70750680697074,55.89569353846825,-87.74350002450082,322.7579564106058,-1862.7023543693824,421.9181711914122,-46.350141876383134,-13.76303296515828,49.05532617175083,53.21680475883897,77.19627917117742,-53.52330684418355,0.0
-0.8293755603995936,-1.626261836638837,0.7275823523032685,0.9553930710489745,-0.013413166049302984,-0.01259372850257677,0.2947635743618024,-0.002115120963024852,-0.15329356240461392,0.1468394888502089,0.5655130134461467,-0.5612973092623551,0.022472387137057216,-0.639235627236546,0.22196677380186253,-0.11628423749360979,0.5005611789630176,-0.16644307569969188,-0.0356558481104647,-0.6554777074868002,-1.258731930832295,-0.21942209384531314,-0.4950856972358764,0.6415962158020482,1.2341591885054382,-0.8664462120976738,1.6228649438723122,0.7017495483200497,-2.0452200658578343,-5.990652734481647,2.736669570443013,-3.9310308945872054,-0.525227720410001,-0.7438960869923389,6.093277134119743,-1.81920811371761,0.7121019265538279,-5.600540277812698,13.698354080858028,24.735304096560206,103.82582416389592,-18.524794348128317,23.35852960978899,-453.6356209282502,-169.78335522882452,-166.74034015578167,852.6064179925851,499.6275503717636,319.7415285793606,123.88094991937673,-190.32757535659835,58.713075130844324,-98.28864662231163,86.15815231879249,-21.610135227789918,0.0
-0.8427307831727174,-1.649208677530952,0.7273848679051143,0.9533410701619214,-0.013088838581566538,-0.007333693135797349,0.3015223096092521,-0.06492911179813414,-0.1355250673457843,0.15914964400330672,0.6093829472302567,-0.602074111251434,0.06750400595915006,-0.6986686891923998,0.19944668212013383,-0.11798167766241524,0.6029390051004759,-0.1952660674327399,-0.01672298063993235,-0.6407446320075878,-1.064518429510002,0.12448822027493969,0.5389837649072678,0.2171003314571249,0.1697589551919993,-3.322610052235998,0.5814334764701464,0.9298811527107137,2.898210433303962,0.17800567143134333,1.7173996391890385,-1.933640663182593,-1.1475237442856503,0.4413369215857267,3.893505478093363,-1.1372044445994922,0.8275506929578503,4.803071643702407,8.263354474307187,12.282643689495552,24.757671085311106,-34.31734644138707,-64.4670331343102,68.22114571205356,-15.808911583633213,50.22280425383765,-68.36502194758329,176.51000632799477,-71.56534748843762,121.22228051649344,21.645065473598454,46.61969685716431,-148.4624364046448,27.247268908603388,-19.852933432067044,0.0
-0.8548615009125671,-1.6703559433254012,0.7311231775029959,0.9532635609628576,-0.009360288650762126,-0.004059626122200918,0.30196769325961736,-0.1306893636088295,-0.12052487578960346,0.17523778237151896,0.6644119002789006,-0.5803578816659193,0.08821095841129806,-0.7265758216224738,0.18357850616253268,-0.10394335705199143,0.6565118667949154,-0.2027982799149012,0.020526080256605107,-0.5727696664248586,-1.0507124596482444,0.23232742851710816,0.36162527724627797,0.1476102680293335,-0.08041865541302617,-2.956281732841947,0.9147725841391955,0.7450316519318119,2.182501355074408,1.5954281588399624,0.4439669356318964,-0.9143084366371883,-0.5140919429147274,0.7200964767440613,1.7411463856564906,-0.1403760581698646,1.764906260299918,3.9462335818678853,0.7304410782214356,4.57791527061797,-11.435428968350104,-7.4457890533462665,-15.047180315739137,51.839412325245185,18.216028644741186,-5.929867791481745,-84.93288131762579,41.9121862466038,-57.22638916297288,52.81581638341478,28.63694829390631,-10.508101065019122,-93.65154485013886,7.219609290036163,-34.9133596002726,0.0
-0.8659344711132899,-1.6914978056270809,0.7360936577771592,0.9532199525341752,-0.007310439023938764,-0.00128880966996101,0.30218639701623934,-0.1862441934689594,-0.1013795629316746,0.18354527684391364,0.6973537068676936,-0.5440133423367496,0.08316057319646389,-0.742638502965128,0.174210238919903,-0.08792511156795363,0.6870792576946471,-0.1947880833223074,0.048370064900002244,-0.5352140621797047,-1.0613555152094234,0.2621045902888311,0.2013544134404947,0.22146005771547556,0.09672583627518463,-2.5411814876722247,0.9922316589765972,0.18794202790468484,1.0984248833348764,1.9953442556775434,-0.48290683485149105,-0.6215712700702128,-0.456628284776761,0.739617673304183,1.210321612537177,0.48753473002750397,1.1244157976308302,2.1792820118708414,-0.4609598689436001,1.4853972018966377,-9.229245421119861,0.5954985534266088,7.220929971183315,29.666541446173742,4.010693361490781,-22.710925302692633,-62.96214729403949,17.873182763349956,-10.220056266618553,24.78096244933353,-0.1006843270823074,-14.323152841293433,-42.18343735637204,-4.332712266737168,-26.26967544122614,0.0
-0.8763275245990776,-1.7128661356980142,0.7412540984431357,0.9525732804393474,-0.006677235350016359,0.0013340049584179068,0.30423310199889675,-0.23383885284763442,-0.08136064854646785,0.1823442235610462,0.7122124717591373,-0.5031627175118478,0.06394403613804725,-0.7542407532806226,0.16412231848101558,-0.07290931945384178,0.714451337538597,-0.1822357929118804,0.05853626747073097,-0.5047509581704126,-1.0736090434277559,0.2565206715423659,0.07811494379689182,0.21634652690505563,0.2993982236455892,-2.1968889065603983,1.0065844110029392,-0.2356885004874834,0.39192967847088983,2.1151385421488427,-1.0223336057317671,-0.4380728341473566,-0.5480018827437777,0.6830077449184572,1.2425023206572485,0.6151193287684145,0.3239286089791259,1.775934117142171,-0.5727117616118637,-0.08935430545394675,-7.453896757844167,-2.7317507038789888,7.919603515557363,22.11552941478429,1.0551591717520048,-17.600452464502006,-39.332010127667274,8.536446106019328,6.067520386725764,21.914893765950833,-4.595894415556046,-12.120245109574824,-28.557072317683193,-7.291564384628562,-10.009300065718078,0.0
-0.8861121760250213,-1.734408598883273,0.746161614415331,0.9515569624721134,-0.006874135061170167,0.003170355132247399,0.3073793133676054,-0.27384185550813117,-0.061272714302074816,0.17539437615772235,0.7140712503491632,-0.4605217209048178,0.041292802543703024,-0.7608774640173613,0.15257233026858374,-0.060564858775281276,0.7413955725777479,-0.17290422695123675,0.05978345678751096,-0.4754071130269142,-1.0805822477545424,0.23728615629250308,-0.008375492801646725,0.13824666833792965,0.3462876481895635,-1.8280619251813297,1.0135195545903444,-0.42679063079430946,-0.15031082948193453,2.1626220635555455,-1.0895454926921988,-0.16799134354022027,-0.5874394500325784,0.5327999585977771,1.203472193967125,0.4084645841499529,0.004315762162084945,1.5945775897272303,-0.43673142833590883,-0.8851913402026069,-5.4977671323979935,-5.2156777844440345,0.5086947585128513,19.26485862588486,2.0041389318712515,-7.791874243849489,-25.440491136887513,3.4688696933107,9.852415173122935,22.286492197371583,0.30263538876336854,-10.937787259191175,-28.407036489819788,-5.440892340216023,-1.8896944418426012,0.0
-0.8953169828895761,-1.7560596827517283,0.750597016531382,0.9504697837363806,-0.007420742844638203,0.00384788299708436,0.3107045486892524,-0.306398779871494,-0.04151416002918581,0.16541373685103264,0.7060129236239652,-0.4171860575892059,0.020756971568611348,-0.7613805327362148,0.14066119279002956,-0.05099511587426951,0.768439272175028,-0.17124744101749828,0.05688403956831263,-0.4473774840423447,-1.0859106895296138,0.20949487830139382,-0.06586169560957021,0.03020829928310368,0.34320968580935024,-1.4759264927696625,0.9936106595544084,-0.5469831868478638,-0.5796745996012507,2.169757978706729,-0.9606190066187904,0.14938511450119157,-0.57691486124019,0.4209432709257838,1.2381282405634555,0.016575136845849176,-0.1528496938426683,1.4303598035049336,-0.5058494935576994,-1.4030020841516997,-4.395680578991441,-5.380674532854762,-1.591011652478274,15.15789207214276,2.455777063453501,-4.416087286990693,-16.13959219200747,0.35659508724927536,8.428784492180224,22.129634656229566,3.9094219225147175,-7.232478151483289,-25.648624703014182,-2.1807820681679955,2.281989653910102,0.0
-0.9040320724651477,-1.7778174336731272,0.7543890086280816,0.9494187677993621,-0.008015851226686055,0.003521462155497751,0.31389066374095875,-0.33283800228030713,-0.022390684217405407,0.15405672752061325,0.6904356812479883,-0.37348694301380986,0.005104739439241604,-0.7559611272600704,0.12860708549962582,-0.043684894136608816,0.7974905986261863,-0.17865646533681648,0.05139790968730249,-0.4259205273179195,-1.0919252548386218,0.17387323906832577,-0.08624792284549324,-0.048905296868998326,0.32020431240363006,-1.2272929969415138,0.9592213303913769,-0.5850919116221484,-0.8792571247908946,2.1950698233832404,-0.7091105268352228,0.42926010759704103,-0.587157418910439,0.32633614180039017,1.3570582962220894,-0.36122012576370727,-0.25814754919308097,1.0935696302090292,-0.6135474675346212,-1.7939451289399735,-2.8467622555538843,-3.631155221964877,-2.4041469344231423,8.202337159147993,2.478957228288435,-1.705119901486131,-6.744735402956213,0.8208916747140842,5.147133085666116,20.339441258209586,4.306885930214046,-4.038724789441473,-25.331828493987082,10.207346685288682,4.738028983766543,0.0
-0.912366429874306,-1.799672232286091,0.7574077082273828,0.9484083054108812,-0.00835888706792354,0.0025005558139089986,0.31693147911696573,-0.3548407351091599,-0.00441271533867469,0.14242623096403792,0.6695636996034796,-0.32886682159191066,-0.004082377309364912,-0.7450241961260462,0.11529293023766995,-0.03820439004160058,0.830514958626817,-0.19363478962112388,0.04301097334762192,-0.4088842721845466,-1.0966002922764568,0.13278408179745668,-0.06961789160468916,-0.1142240105511568,0.3099297802942433,-1.0418026329706618,0.8914855545802224,-0.5881566031449434,-1.0956764290738716,2.2471798708408626,-0.4092434310404804,0.7048435394953175,-0.6758006099405588,0.259116469012013,1.5746645857491384,-0.6804615981007405,-0.3887008772859312,0.8703020029593099,-0.6420373075806498,-2.067392087049921,-1.5293048351120715,-2.3967844608650384,-1.934482162869734,3.403812172677404,1.793699665785892,-0.9827276369003739,-0.5938349999438859,1.1019287311088457,-0.31801661005184945,20.411130326610014,2.6305501594263525,-0.12977778461872252,-26.146580795623056,18.107132798682244,7.433798425972887,0.0
-0.9203840180229835,-1.821585065503869,0.7596001701159703,0.9474123003251238,-0.008155390926695646,0.0010150164228028176,0.31990997566995516,-0.37313531268603706,0.01178920936076984,0.13123597023243455,0.6441325250976677,-0.2825706634709583,-0.005778338360312714,-0.72841048876665,0.09902803806872272,-0.03418119976748455,0.8695133948683605,-0.21493616079052677,0.031178190309392624,-0.3939743464904673,-1.099027635418662,0.09122760507267,-0.021713359550390332,-0.16778554690651915,0.3047527148866488,-0.8735306657951794,0.7943624974144444,-0.5565759530756583,-1.3099094997581926,2.3483705958830425,-0.028600848310740997,1.0000329201916291,-0.8475537774830938,0.20684179094252433,1.8825801579765482,-0.9427923916141219,-0.5430209332691199,0.775156200449041,-0.6581563650167901,-2.1231285225657426,-0.8094982253610108,-1.190549451701529,-1.9674162923326204,0.6419340282241612,1.5714094774608567,-0.4670542852542224,1.8810022503889698,2.1648566917675813,-2.2979793317173973,21.795547054119105,1.6943656715709416,3.609880370662603,-28.69880079895529,25.098921968534388,10.622433061196816,0.0
-0.9280864928891694,-1.8435245962451512,0.7609887747820933,0.9464313530888898,-0.007253457621033217,-0.0007989741298959737,0.3228226182955783,-0.38752057062872297,0.02583220366686034,0.12095814366816686,0.6133811085054099,-0.23343715167868087,0.0025983513729619756,-0.7050436331124659,0.079018220896428,-0.030820812006939664,0.9143182348281182,-0.24159177175601385,0.016463177498905846,-0.377593819612885,-1.1008388996603446,0.051535287690185054,0.03419021450300165,-0.21462923852274793,0.29672850970094716,-0.6833271882945278,0.6975969907852816,-0.5078275416072344,-1.5764644115918138,2.489650917356258,0.3845602618770012,1.3624761471448665,-1.0293876376228863,0.19817934249542918,2.139233988916551,-1.17101102355697,-0.6649488679152559,0.8361533102636775,-0.8000671127731609,-2.1349637557683048,-1.2242509549787188,0.027631269181298823,-2.1331899278424,-1.5384527302889348,4.064286099758387,-0.22264689903008503,3.7864474974618263,0.9589710942258316,-19.13766686125952,23.634568924854428,3.533942784252144,6.686014363584042,-33.418273159306956,30.52993301436249,13.249510918968642,0.0
-0.9354152763693102,-1.8655228281209861,0.7616020086255056,0.945498847520989,-0.005736052176843182,-0.0028800965570793145,0.3255621785246682,-0.3974077774344984,0.038297509482057075,0.11204174621175453,0.5759405552959014,-0.18072608031249185,0.02185803140101428,-0.6733959122487003,0.05625659733726351,-0.027365510915980044,0.9613434882824782,-0.2719547513913362,0.0007844849847169378,-0.3576681719529889,-1.1058760726946981,0.0120248556707689,0.0762721741635704,-0.2501184153822148,0.2735747382608538,-0.4689137134510559,0.6427389460217697,-0.4349503318983895,-1.9083709271257072,2.661932863851161,0.886084330848806,1.786499632281449,-1.1260018118614261,0.20881688277306143,2.182941626191697,-1.328308236149455,-0.6938194080903943,0.9239536897606156,-1.1096866588593268,-2.3269861823168427,-2.2277045772996336,1.6828762589872432,-2.4833407108954355,-5.162000426305656,7.275678429832679,-0.0342108640832942,7.387054632250797,-2.1503826471086214,-28.96943266342729,22.450814724436242,8.383339932286585,6.9931874397687634,-37.50440866358327,33.4619973807673,14.145963417359917,0.0
-0.9424070880981575,-1.8876945197926487,0.7616103504883089,0.9445802613755703,-0.0035929190700132113,-0.004876975613637053,0.32822467284023626,-0.4060724910384257,0.04993760818262428,0.10277443488554591,0.5371929197266179,-0.12690921979892225,0.026125480530937217,-0.6329170229135396,0.031980092451070585,-0.023787621202408266,1.0048175052235369,-0.30445248144371656,-0.013805127218137992,-0.34485094512894154,-1.1150960190458525,-0.011276658917776499,0.16814728035263807,-0.24365191579665937,0.26596570408151465,-0.48725328823970676,0.5715594482595523,-0.5101096862727797,-1.8488084224764834,2.6345852945379176,-0.5684300731125445,2.2036509866795555,-1.1960031578508943,0.21956345892687884,1.9376563143158023,-1.4262870182518164,-0.6325924587529786,0.48284708927989306,-0.9905035358773018,-1.7872687386457913,1.3476232320169326,3.4141454919200207,-4.074979542652005,-6.842780510563984,2.4593445874397144,-1.4726030546029114,7.682600817288691,-6.157066204037947,-54.989928395013955,17.3403599545053,9.807665662874598,8.455182586797779,-37.367829081504205,33.840388116856936,13.161707134800938,0.0
-0.9490831038013988,-1.9101572364023558,0.7611622294031977,0.9437261400749596,-0.0009974443568697806,-0.006562583163946101,0.33066132242248975,-0.41396465138148847,0.06101249642894835,0.0925348970160249,0.49692456795148615,-0.07380674120882316,0.012300421237793017,-0.584050489041803,0.009789930638355811,-0.019530548627486925,1.0395404939584243,-0.33692311626943067,-0.028046720171088398,-0.3257142820984132,-1.1351922985580292,-0.038465349834008546,0.18114978834160103,-0.21991409684145488,0.23054355157633558,-0.39666862752453874,0.628525313158502,-0.4522315336115505,-2.0503874614264608,2.598896085203099,-0.7618408046418429,2.5796646192574153,-0.9522354786565613,0.24069085501131282,1.4801163165659743,-1.4214846573694413,-0.625840707220957,0.776765398519874,-1.7943524481811381,-2.3531831642696948,-2.9972701434643323,5.30341335672192,-3.812684018865289,-7.554205181388018,15.715139821355507,12.676596511691251,5.73902615869834,-16.076122573939983,-4.982369292567341,9.211159765756388,22.899891552589487,4.084170299528677,-31.968749088454054,32.446339582725244,12.812131672340072,0.0
-0.9552966140243305,-1.9331732720884673,0.759999152447582,0.9429219217888083,0.0011516572842919025,-0.008033960492480292,0.33291497198895514,-0.4202104587588789,0.07581217930862418,0.08571112642252912,0.4519075300254296,-0.01909746376016755,0.0011496419919727351,-0.5286802895809625,-0.0048089127129563106,-0.014957735246490217,1.0640555562627751,-0.3698020223257431,-0.04250084697788458,-0.3029940320314287,-1.1690237203189635,-0.07949052480565104,0.12596410774387184,-0.16342695731850157,0.24931036032699996,-0.408894234682661,0.840431868715402,-0.29098540409295853,-2.1544045999987658,2.4509942248557466,-0.5433634524244415,2.8249326881574945,-0.5292127337170056,0.2146130652284893,1.0098146046750274,-1.455930045794564,-0.6376916658859433,0.40044337382662054,-2.371289059660441,-2.6890496906768906,-3.179951385509646,8.435036135328438,1.5634066330020646,-22.062982838025853,8.485653103488094,-0.27780011149259987,26.162697301496852,-55.303439968740214,-6.389046367950438,-1.9933627372203708,22.216994503557526,-2.2826621238374694,-22.608276940301874,31.715469231798586,13.105438945352732,0.0
-0.9611939801727227,-1.9569034105698115,0.7582551798891097,0.9420378647882117,0.0029369909033196678,-0.008826281234434213,0.33537759637350983,-0.42830680469119203,0.09158275358010481,0.07853095016593681,0.40808306363422947,0.019218180241643845,-0.009440994780732319,-0.4690931738251305,-0.010665875898401565,-0.009102425167204805,1.07399136407162,-0.4024303395360311,-0.057423463025656624,-0.2941000401967245,-1.2053712988825653,-0.09974707129767872,0.16250536597190302,-0.07066069479576854,0.26611865122047795,-0.5215424712072074,0.7537115836428766,-0.40957916410439366,-2.0861223187461935,1.3706487394916662,-0.5470174117505012,2.9562330798827188,-0.12464102748126613,0.31957279827324897,0.2407858067732231,-1.4589220587663856,-0.6618984228843816,-0.35333694054796505,-2.4162706689260136,-1.8778864493216927,2.382148751571186,9.956169285616658,0.03912748152871587,-20.099371652845974,-3.04653948010729,-4.1733151337260335,17.935570177694608,-62.515041164444376,-1.7478425412905407,-13.749715611627078,16.44276095929714,-0.3406128196822178,-15.568011411698661,28.97566596983295,13.277720795995828,0.0
-0.9669292619395066,-1.981424615199997,0.7563583173534827,0.9411115118904383,0.004772292099807007,-0.008623909487403804,0.3379526233077082,-0.43720956102651415,0.10514068935703856,0.06822492365136021,0.36263358940041984,0.03640479295249969,-0.020806359191161986,-0.40578774838239157,-0.008116956408451049,-0.0007438235852443476,1.058460269208761,-0.43175515701003203,-0.07188090994603849,-0.2890840291069348,-1.2478143737211624,-0.10204166394830344,0.2138450142283561,0.02837058350878403,0.26455667391837195,-0.5212544709897616,0.6295488736393785,-0.5544125669214877,-2.2679675912880572,0.3471035119541303,-0.5685382172237766,3.085990720998416,0.2683473347160918,0.43934532407046256,-1.1250190491780994,-1.316839744327742,-0.6346452129956697,-0.8579273392239865,-2.7536092545534574,-1.6552957087428657,4.456461106860308,11.311062150017387,-2.2803055382591317,-16.236978938120608,-3.9401645526027154,-0.24107666769143576,6.530531265910912,-54.15366038195178,1.753337359372665,-26.872072196142213,10.721390019585442,-2.743466112623911,-4.243625570010543,22.254217073989324,12.780518273133717,0.0
-0.9725858200273797,-2.0067682147706707,0.7545452878457027,0.9402263535025436,0.006874346524369119,-0.007430961274771416,0.3403996597438177,-0.44368560759879816,0.11384897911149422,0.050009210942379964,0.3092455880948799,0.03258325182040725,-0.03829745831663469,-0.3384977753895727,0.002141122765740449,0.013057158757390462,1.006177069542295,-0.4532120542879216,-0.08525646137618824,-0.29018761175404517,-1.289364535537626,-0.09832528244749371,0.2906340248421835,0.11738807061342192,0.22237863582807005,-0.36181977852480623,0.31697395806315026,-1.0724868541682508,-2.7522901855982473,-0.7500391968586319,-0.9437247161192255,3.209223397106461,0.592459501060867,0.7838121979280037,-2.9526426462665905,-0.9580273432314386,-0.5863723436536724,-1.7244439139862295,-2.85947646621307,-2.0799969487867846,7.311106047231126,12.94629818713454,-7.2319213231902895,-15.68621619595108,-11.256814603197773,-12.804012015961849,2.7237798608613684,-68.95579098547236,-7.640163214765021,-44.22643051575831,-0.35352870978729944,0.4564304064646172,23.063704641158566,11.608474576421404,11.45640035548774,0.0
-0.9784793291059926,-2.032860671477525,0.7526791307931039,0.9394666308756596,0.00984605670813608,-0.004814365722524887,0.34246507343250016,-0.4482494520314931,0.11209155925593016,0.014481646121384825,0.2483118850209227,0.00044480608626017767,-0.06102817609540598,-0.26976466812168143,0.014719265313842373,0.03559967137507724,0.9165580174652063,-0.46036598149471214,-0.09698874312230041,-0.31164631960723477,-1.326310093575466,-0.10879141406025461,0.46078854099166616,0.24243033635052355,0.14454869253301356,-0.31309221603915394,-0.22334124569104294,-1.8926404599041409,-3.0526166343450156,-2.141912302049814,-0.7684816255857033,3.146684736900826,0.5407211939526643,1.2559244987613982,-4.5562369407255865,-0.2522372143165285,-0.5119672574954433,-2.7443046970414713,-3.054702688194218,-3.0325347033263923,10.966536452974486,15.58699696034766,-13.242237868707106,-21.001214947848524,-1.0693153857704658,15.237652256586003,13.260694116437847,-53.85979907220263,55.3094434889606,-64.26550754681857,-18.23169150737241,-0.569395187666867,69.32670054280949,-2.21769434347991,9.710661273108345,0.0
-0.9851845964167624,-2.05975362817307,0.7501056644097981,0.9388266160646194,0.014058547853166051,0.0004935605700403344,0.3441027442478193,-0.46113916031583757,0.09843677721342847,-0.03958390208264748,0.19760430411578087,-0.0706001985410781,-0.0695187626093999,-0.20758608867032674,0.02079168265914022,0.06184859260833945,0.7988416669528743,-0.4735174974993185,-0.09463143379579395,-0.3597090073069535,-1.376772730613277,-0.15258851571126886,0.6281191853169635,0.509413688132069,0.014852165810435768,-0.8986852102969785,-0.6162514755816549,-2.6171510484675853,-2.261600031432751,-4.16070004152144,0.14722363115022502,2.4439422043342502,0.3642549868021654,1.1619133028294428,-5.864793921992764,-4.429773265681766,1.3421597041471118,-3.1516994415967035,-4.715139285384216,-2.696153861387134,0.7208507384837561,21.14480378309599,-30.59563718821928,-25.85913436321268,36.9681281770024,53.124160431023206,19.877379667449055,-45.02706342243617,67.36519437253295,-121.50516444161264,20.415136541798375,-37.055900051341055,56.9517173068551,-408.73731481846767,71.7222120372101,0.0
-0.9929776976194237,-2.0877917070146164,0.7470035126612186,0.9388538373903728,0.01681222259247486,0.008110625333353258,0.3438095969364079,-0.5024670717769174,0.0863106642158789,-0.09804826655171958,0.20258616861735507,-0.1926964242737558,-0.04842247093601831,-0.18287178070360988,0.024725829446920217,0.05854110698400694,0.6809385318971775,-0.551871803057408,-0.06918979222152122,-0.4045175923337076,-1.43165558787949,-0.09451679501622873,0.25387005092450626,0.6776444854180188,-0.3742506230465651,-2.388097788312454,-0.0405926760289638,-2.6111553138008197,1.1733209982308441,-5.822942952469487,1.475405105680274,-1.622932341500877,0.831293535455653,-0.27627603650009214,-1.678030505985725,-0.8775726741226776,0.5683974102043102,1.1860691917303596,-2.034446045808801,11.307862553230327,-39.631035779906064,-8.500231248427928,-35.693922820653334,19.282336762451777,82.35470414996726,50.973714152415994,36.18644331500561,108.51803400038108,9.498067578198322,-316.7008409077598,98.67182488857374,23.614230817670688,545.9617739278534,399.1102165194695,-97.27230780161685,0.0
-1.0008226102591062,-2.1163716783343802,0.7466245665501482,0.9391638185885063,0.014847460445305858,0.013371413619584811,0.34288785348914835,-0.5688838937554169,0.0916616778714569,-0.10899727094214826,0.32137048215601016,-0.2478980706085886,-0.04452287500888046,-0.24343488941417257,0.04808280373689622,0.043980687991952254,0.6997190936649498,-0.5239934296402335,-0.0782868382533973,-0.35338613440505257,-1.391925329780259,0.043212337897853774,-0.102155578029319,0.2633402358201027,0.13036597829349766,-2.8344635154076814,0.22525606895741965,0.32764013818026155,6.897459326603976,-1.2470514611363612,-0.03441471575359203,-2.948034939776404,1.197511903302545,-1.0458322460954637,1.4019097225378598,2.4402249199150554,-0.8702310222332892,5.646291520936826,5.877386736106333,6.779660888035244,-3.4630477995031526,-42.45874493035881,27.37999818563439,123.45007980899018,-24.44573438044636,40.85597438552562,-62.819011553082376,101.28884089192756,-2.3397050059842246,75.0623280910617,-11.98985458067542,-30.924574687314347,-41.37476926919139,67.07127460964826,-24.289836650289985,0.0
-1.0074329901172316,-2.1428891272739707,0.7485419641519533,0.9393834678617398,0.015430726267162366,0.013741406808460924,0.34224518511418867,-0.599464806644598,0.08799572199908623,-0.11079691445848887,0.4425461991716708,-0.27385691882663615,-0.052482088068604646,-0.2917124511354857,0.06948503103329841,0.029060506990227636,0.7183086047887043,-0.4706194305047969,-0.10654305555901923,-0.31211919113837866,-1.270750069160346,0.13824346729240497,0.2374044248754111,-0.19150175811069103,-0.2130860198897017,-0.2971606731090821,-0.46583178626587773,-0.13185684391316177,4.755237329199813,-1.0643841670355152,-0.40883784052843286,-1.8553996534865984,0.8860184581170655,-0.5235895396863604,0.3461870889694456,2.7777339375949293,-1.5207896267944498,1.7928728971918135,5.8952061301170335,4.390827139911558,20.29900272317248,-21.025437058707126,-14.696193584117664,137.65097983827073,-28.97015458246757,9.953110517104257,-164.2424837091186,27.27988391012491,6.637387327187613,63.656009756090825,-23.80897178978191,23.273876597828973,-69.38038741284466,5.572205646702141,1.5619060447639042,0.0
-1.0136512166248555,-2.1674771198676086,0.7515538544285469,0.9401104982336704,0.020101920502555846,0.01278740510826418,0.3400362424412251,-0.594330580777519,0.07154020657150825,-0.11544905734964578,0.532242325060389,-0.3072575543038988,-0.06606847148322695,-0.3215544675368293,0.08169798692789558,0.020565843346867264,0.7153863557801408,-0.41600389103650937,-0.13071779631931119,-0.3096282129497324,-1.1984319001870922,0.161257542176509,0.5532281508348833,-0.29470597596197623,-0.24322925971756978,0.8341051154935691,-1.0147139443083693,-0.09362166545164236,3.677951055998151,-1.50950603851672,-0.6331518944065546,-1.2184671404680356,0.40233780179430634,-0.324085126009002,-0.5172136927070905,2.6776785959721128,-1.0544370223582213,0.05505846552808512,3.1096902431108497,1.0165408643618012,16.044859495754583,-3.034068693920683,-2.302356341711853,66.12346374308177,-17.009096012403212,21.31116829459753,-113.07070863958057,33.92774316687069,11.801426848903692,26.201098946368756,-21.5549477020589,12.005256539595429,-36.230876004306964,-6.732623943566666,11.568498938100312,0.0
-1.0197826684727982,-2.1912085557938563,0.7546431400265443,0.9406760182219384,0.026200514994696607,0.012177692410360355,0.33807375757915975,-0.577944193903825,0.04913040097790771,-0.11988009312647029,0.6155997299340782,-0.34430474454525156,-0.07674244065603184,-0.3418258283145078,0.08912943288720819,0.01429412831549969,0.6968534688922545,-0.3623426830737596,-0.1487711652003043,-0.30411294484786533,-1.1779139449116607,0.15071539946167864,0.5752817030920356,-0.24279188682952493,-0.1750055766656942,1.0119213003756014,-1.1000027100852443,-0.09564424938295005,3.75959242996096,-1.5782969691716917,-0.4434118469235383,-0.8780446136712486,0.3308797712423935,-0.2931036793545267,-1.2117082682933704,2.681183618866291,-0.8481954153411378,0.1603150921463133,0.815502512715903,-0.49954674563008594,3.6769751486741624,3.9570770817452505,1.3818373078587334,29.97836323939899,5.96977948697031,19.882455760387405,-86.1289218755425,41.526947264804164,9.34288670260225,11.080356727445997,-5.60666888628377,2.7816705080649,-26.414584667267466,-0.732764369119493,2.567429005182884,0.0
-1.0257400948540256,-2.214716358905103,0.7574271513027877,0.9409937756653982,0.03182788053214762,0.011882617013526907,0.3367142758968199,-0.5598650691639883,0.029270261479801208,-0.1185564690551315,0.7014959775191363,-0.3793534726020058,-0.08098767732126916,-0.3558437262849815,0.09674718138051999,0.008085918145350538,0.6654165397056866,-0.3074004103061426,-0.16372435111284542,-0.29419562648873443,-1.1728555869196724,0.13087182930953853,0.5093018971502254,-0.19781979805394934,-0.1096414347091811,1.0234808918858627,-0.8880174586404358,0.24203866587194003,3.92666199057757,-1.4572387090284624,-0.14660489807572277,-0.5906373990948817,0.3817938129104746,-0.3118479883078514,-1.8127870916099826,2.782907046608447,-0.6869840318679291,0.19979184189623445,0.2524987466388971,-1.0697916202006885,1.204585668451433,3.7477982560058125,1.6748232897888995,22.567187895608534,11.161405196624923,19.220884553061612,-83.46348938368905,40.14171364556923,3.4012929841204738,7.916890248103218,-2.5817438830502972,0.704885428461205,-20.810126554190255,2.247650999810309,4.124075285840916,0.0
-1.0315430234871505,-2.238096859731914,0.7596544011375235,0.94103420693205,0.036974492966998146,0.011572518597242943,0.3360856811393757,-0.5418206135166209,0.012616978132185092,-0.10868287724905612,0.792033293568537,-0.41722698632726646,-0.07570390490909785,-0.36469706216412234,0.10466986757999745,0.0014568095510101178,0.6244825783768442,-0.2507883956249426,-0.17395744896858742,-0.28859505974635297,-1.165077716461556,0.09728743878185109,0.484167379317128,-0.20156620356707836,-0.021867269120301965,1.0155647782960822,-0.8171319952032565,0.6445650965492867,4.181639836357431,-1.640717589687104,0.28770475568533777,-0.36579264946477147,0.38153378850236247,-0.3291403027449261,-2.1612200771040846,2.793884535616975,-0.6277485296871383,-0.046345849213624,0.43388070805096035,-1.6298611688537,3.6529199829375267,1.4592207899310565,2.7230149610124372,22.507060157415943,-1.5294966841428486,11.205948111306842,-83.7044194623581,41.906656000209765,-5.818901322569686,3.719615145824319,-2.471404639072582,2.1674116980101763,-5.120926693283982,-12.550706781266252,-36.32484537113369,0.0
-1.0373564530961996,-2.261275106672451,0.7610189866608807,0.940820367924572,0.04223055223626573,0.01112032491352344,0.3360802792933716,-0.5243145775054241,-0.003955561931078654,-0.08784009597624295,0.8896655638871653,-0.4588638220895855,-0.05930842894036773,-0.3707809939680916,0.11228547234675569,-0.005024289662873256,0.5804926318339954,-0.19649416729873043,-0.18724980925181134,-0.29389125337566435,-1.1517555611465795,0.048021157571479824,0.5180762183025401,-0.2283652843415865,0.03409540760331236,0.9933864673724964,-0.929059095690209,1.2011432681022574,4.566059842326583,-1.8040501816347143,0.7787333567186893,-0.277605377854077,0.33142805082607807,-0.30008273687317766,-2.195083667699152,2.666917064004673,-0.7022881871321854,-0.541543090095478,0.8748582638104923,-2.2010415528552802,6.863420711457953,-0.18765037446187943,1.5957737088773307,24.561018726100663,-17.780055338134073,6.419312325144575,-84.82777247608777,45.536753051858774,-16.69257945870112,-0.46829844837647916,-8.542531307744468,4.002330327457278,5.043400690598677,-5.3031457281111765,-3.3885805662658046,0.0
-1.043275315557638,-2.284169995366101,0.7613478123459807,0.9404820908169313,0.048053081572227214,0.010405366754413089,0.33626784940986104,-0.5024640873320101,-0.024610280070255845,-0.05957870134836718,0.9801609096887146,-0.49895428865188446,-0.039430975555432506,-0.37568928256949735,0.11866042689896017,-0.010704078837952184,0.5373429334450893,-0.14375254840392995,-0.1989192201152257,-0.29947144642252455,-1.1383330510885856,-0.008842625506259322,0.5583901135919456,-0.2785425245203507,0.03893011116680675,1.2862380523726304,-1.1974529638682767,1.4527757165585096,3.9479253589542993,-1.7282987384792639,0.8745723149521398,-0.25648536912328396,0.28300878794561923,-0.25806097124643934,-2.076948474770572,2.6051689923674934,-0.5956317176443896,-0.57576324911808,0.688709053906013,-2.942905657812378,5.336629137014236,-0.6572524844236544,-0.12072277586040597,25.447452074469727,-23.25094123863529,-4.012933061734437,-92.89126201267516,40.582233196878185,-19.875612579223095,-5.366125041427172,-5.368275908533945,3.8368395151466315,14.231570083436884,-5.798546844889284,-4.460723213374524,0.0
-1.0493057017765977,-2.306931920307353,0.7605215413602808,0.9399555106171757,0.05397994071001501,0.009435391913689648,0.3368690805651105,-0.4752790828731524,-0.05179001576912596,-0.02999468942799767,1.0547246359380114,-0.5363935238311832,-0.021466711304417654,-0.380922241611227,0.12423700216216907,-0.01732123206379101,0.49657088379278824,-0.09299490660170671,-0.20703866334026266,-0.3049849392030088,-1.138047503945761,-0.06897714912944046,0.5203158960648647,-0.2820176973308777,0.1145980120861566,1.4732025971490554,-1.527847377586428,1.4343794447786344,3.187085974728133,-1.622202088367998,0.7629332947942618,-0.3118100201535655,0.2654626421381498,-0.3694977786893184,-1.945752482619686,2.4690919940203395,-0.3464132252990006,-0.5395877746459559,-0.060203855253054675,-3.2907311466584592,0.3679601858898669,1.7051349109496554,2.6459432033716253,13.730514435362442,-20.338673919185805,-9.007427026523924,-78.94697433597193,36.50282764137595,-17.819640281597277,-9.698154745231703,-1.940288797618437,-3.1132196352208297,15.370427106701527,-9.069500992445208,3.2686833579651013,0.0
-1.0554678645943831,-2.3298174617335023,0.7585387398899401,0.9391009377356752,0.059140836348839175,0.008435705611268647,0.3384089672138962,-0.44617964801169896,-0.08527234819100511,-0.00038626565079857974,1.1156537779293838,-0.5709779151570005,-0.006650868503007574,-0.38798945116362843,0.12958098001758006,-0.02778361822441324,0.4577602150869325,-0.04470910214604264,-0.208038316663065,-0.311998208777882,-1.1499358086182352,-0.12518179467355778,0.41504948200007014,-0.22928970143007277,0.22475647719082645,1.4806367589364082,-1.808780387410952,1.468405231525176,2.638054475709767,-1.4973359901959826,0.6204619057938712,-0.4409877391172016,0.27381145587590167,-0.6038178393500631,-1.8552024131942393,2.359737253582717,0.19261750558090404,-0.5279929460748058,-0.7152698038495249,-3.0982545395382908,-3.691952598775499,4.1313995532826375,3.385073233017409,3.899994563118682,-15.079208290627978,-4.772392443795138,-61.36161954576652,33.55751494928617,-14.950249225328822,-13.865158390544767,1.2794969475653497,-6.190723053854441,15.304716082469671,-7.435796062721106,29.290713411369975,0.0
-1.0617522124318226,-2.3529823431811305,0.7556111995453254,0.9379038000090558,0.06295462312610658,0.0075853130487797335,0.34105078856612453,-0.4166268080625695,-0.12457190875738713,0.030352056937109642,1.1636506141352096,-0.600791727185694,0.005274514234937838,-0.39693594198426896,0.13408642196634388,-0.045179679775913584,0.4184909811713553,0.0005454375729120721,-0.19666882822017687,-0.3179543396178049,-1.1662080860086927,-0.16635392108253177,0.27697347735210215,-0.14887150983800404,0.3249878848464049,1.4847672430400933,-2.0858860992982846,1.5595185079943563,2.023163070172239,-1.2749804545863521,0.49552600048584283,-0.5286717151796487,0.19440922591581916,-1.063731216028027,-1.9208872881355514,2.0294493371956897,0.740059410789578,-0.47387180932654066,-1.1799178533712222,-2.4197601435187406,-6.7883189500024645,6.047035426614652,0.6353266681705371,-0.14383252372044342,-10.413169310852265,-0.10621046958217195,-51.186090106811314,28.690956381408814,-12.46085115101383,-15.610772316911724,4.391092774113611,-10.935648615225993,17.119775925387582,-48.3823757052541,8.047462404366444,0.0
-1.0680952555940229,-2.3766480035835493,0.7524919696133116,0.9366910719516337,0.06451070455467987,0.006993556751428967,0.34409198608500463,-0.3850779835903277,-0.16826329947930188,0.061697998659916126,1.192615531742256,-0.6214634908495571,0.01322903158506707,-0.40648670379520224,0.13714166407381562,-0.07605865959395858,0.3763564910044626,0.01849760693045603,-0.18329762080557305,-0.31767755576152806,-1.2021155747435641,-0.15370332708638096,0.005178124716445985,-0.018471151657579656,0.30695290914386736,1.5926295275042441,-2.218476375579569,1.555882482922262,1.0218954741839552,-0.8426440365766594,0.31308759962087884,-0.5162318836123453,0.2886127111587817,-1.6414061880216355,-2.1664690296899773,0.20605256892847365,0.8623821732491807,-0.14632986652596144,-2.452619853268223,-0.31995732866793525,-14.417947637227295,9.250899085239372,-4.606233897944652,-3.6263058279038276,-0.44198892068292683,-3.140300917805567,-41.984440893861766,19.377874359746716,-8.750389894472365,-9.549260760185707,26.471654342186653,8.039454783698396,-0.6848317768121364,-67.68082939214837,27.96974297539756,0.0
-1.0743141185052882,-2.4011570495722947,0.7503211746006051,0.9358641408878487,0.0625753727864073,0.006554211095517254,0.3466982475262989,-0.3470145087897863,-0.21448916099495166,0.08983650799454482,1.187249504735526,-0.6249237361938192,0.015337812476220033,-0.4110945646888359,0.14094334424494417,-0.12421559012579525,0.3205994558403822,0.0015225348272570106,-0.15817691469478296,-0.3089955666183744,-1.2533963401459225,-0.08829653392070076,-0.3705057318774143,0.1355250353287705,0.21272811408909265,1.9513531989651414,-2.28925691908122,1.3236670316178927,-0.8417937942495464,-0.022923439332408906,0.03067276248030674,-0.1706361178798217,0.39164963783983703,-2.567772718557067,-3.0482221786229293,-1.7124029979727606,1.6754421551849168,-0.06698078531100532,-3.6972901705452412,0.9104303456421675,-20.312454407503463,13.310386365044094,-8.768407180847934,-10.11015718218923,8.46148253136204,-6.710965837354267,-28.880657210940136,3.880195508448812,-3.7226380472405802,-4.735086180037321,40.749553760686034,13.54410509675975,-13.850429221136487,-96.62353031139344,49.17318848648822,0.0
-1.0803730514885181,-2.4271009067788745,0.7497181769922078,0.9354884613708498,0.05659268761979883,0.00698123298468129,0.3487260654668391,-0.3013474324947067,-0.2369018975443509,0.13690445506088347,1.133032066110809,-0.5974871875919211,0.015451438798694496,-0.40862196599274525,0.13977567775039562,-0.2045999870569576,0.24586691685586753,-0.043488020053182884,-0.08179876797649553,-0.3106802602047677,-1.3614439674436443,0.008174299275892801,-0.6240147568822219,0.4853052120672959,0.3451510405916803,1.941311471007779,1.1405081496480178,4.670705123066173,-2.8513567479547075,1.5755627170784512,-0.02457140188094397,0.2340285168415665,-0.6488583741992479,-5.572513676107731,-4.26314405729608,-2.832538458223861,5.179152986643378,-2.688273615884777,-7.102244701514913,3.059110479016158,5.512542491618573,30.869828714218084,27.698715168863547,-67.44979775895203,208.67712773265913,216.04103903020248,48.33805425014421,-18.24678865954421,-7.728900052920138,-16.05819307357606,-56.434961579694786,-117.53277430996283,-7.176846386110551,-103.39694038658239,111.11218943955014,0.0
-1.0864078254342464,-2.4555033762887932,0.7498164300057045,0.9341231138016981,0.04754347519989465,0.010278624794682986,0.3536212325351349,-0.2575170101504733,-0.19452898355764375,0.22470425363247182,1.0368485875254607,-0.5266489337831313,0.03119705297586971,-0.41660959805543096,0.13657488228798073,-0.30063468332399756,0.1869332888385135,-0.14171711162569064,0.057755865311779515,-0.3037160966705568,-1.442631940224846,-0.039451895571755186,-0.7482002091071479,0.7482554157257636,0.6711826922128432,2.132805327382624,1.0430362789524392,1.8909886445453723,-5.663379974022471,3.3263396521019746,0.7792700046128268,-0.9292578015360303,0.4857439628171176,-3.423405935583732,-1.9274561761238307,-6.306264377055325,6.955427576060172,-0.7862676188631488,-0.9522199589680194,-7.95762237255877,0.7352552276370043,7.935132336012174,24.13717876456274,-30.512620206373683,-215.56532391633925,-392.9246320620677,-35.36915915299219,-82.03865402282416,-10.671692050818002,-53.141009611722694,81.32511382629065,191.57257163012352,87.75434814594976,-92.50340636383362,-59.51451286248988,0.0
-1.0918196034364542,-2.485195299360754,0.7474810148347244,0.9331858157748565,0.035301942960703436,0.013166207401313596,0.35741384562224426,-0.1875419989057197,-0.1666970804910854,0.21929639532037545,0.8170752556178283,-0.40825135901701587,0.055411881681831684,-0.4914015943619653,0.1729560506695316,-0.28550332914977883,0.27794836919770993,-0.205516687779467,0.13269225172942198,-0.2176158113389649,-1.526710244398009,-0.20858857932428487,-1.4489324444262552,0.633846570185252,0.6649196745378508,3.8848290226517648,1.8990357907373532,-2.3441859937218426,-12.227225227294811,5.503400055884382,1.1292718028032438,-4.577961138459349,2.4783986273738856,2.6151511889986043,7.061746321911043,-1.3704110377906755,2.2377157617228125,7.379154199240516,-5.855638854244722,-11.583608904140446,-56.96763723826586,-11.327380864625056,67.58304998645023,-16.563896763995633,83.88142998229799,-239.27291503100406,81.98597708439966,-129.8058052128516,-18.26648414187462,6.093882546134585,36.77999289007204,-7.900634562395066,39.58794054055613,140.31427510460307,-75.78549406196761,0.0
-1.0952771793433,-2.5156179131875733,0.7420513101321907,0.9306927283116392,0.019343945330194973,0.010801263413357217,0.36513037391536707,-0.10020196830022335,-0.0919427043545073,0.25455853422919666,0.5853036494336358,-0.4572890328712938,0.02880527561447159,-0.5767669502097468,0.21742381898733984,-0.23601514033576587,0.4450913125766787,-0.20477764865927192,0.10707466337621772,-0.1624647785412244,-1.5105290805200948,-0.2965089016592064,-1.5986614231660834,0.24183922904688143,1.254337513106891,3.7015965869148473,3.424736083900802,1.9305861492062548,-9.59705155481015,-8.211334807420462,-2.0003023645818945,-3.396953501769715,1.4729386285502204,1.4013600629123633,7.474968700981318,0.6246610596548063,-1.6949172042010243,0.35804899706129056,0.5234350901176605,-1.0993427277492958,-1.7183386790741875,-9.977585256588421,67.32522347418403,-119.99651436987136,-89.1825397309753,-155.71091126856626,192.96711767325237,-164.3187313981023,50.35579419486963,125.81636857014381,-99.95989571765502,-130.48904460775609,-199.15566392095613,24.371192649265854,21.257842487059403,0.0
-1.1001898956983132,-2.5443823434978454,0.7409410057973684,0.926022018804082,0.01278483481667901,0.011099607611872108,0.377089601288057,-0.12659368076441443,-0.04728705343410197,0.25756267744894756,0.5704170401520764,-0.5182265448664654,0.03193852058967955,-0.6319132460991035,0.22054882930328062,-0.18699472611738166,0.5839562105081252,-0.23733374534933016,0.08795972836118794,-0.2582661343390899,-1.3600747744458328,0.10932986682666625,-0.023173190276209482,0.0863774974696602,1.0108082096390985,-2.7699651095225284,1.5837932041603988,-0.27062699054731737,2.1329040688613055,0.021594865369740812,0.17118309401986354,-1.5526763369218712,-0.5409652794021452,2.7375520121908243,5.494099768683335,-1.8465009187840824,-0.7425639610510322,1.758814829523641,9.149714686334812,14.553575572652596,45.42544252668874,-35.4543384453538,-45.91285604681815,-0.4400877281573249,-53.97975964922403,9.614034797164466,57.560568514370885,237.1571171145057,-15.974003134756297,158.743017458109,-50.27249641013753,-2.3417110962553016,-194.18038928878312,24.55236420948916,11.622609007667434,0.0
-1.1053775766563076,-2.570737126002669,0.7443815794058444,0.9237194962150285,0.014792178089625966,0.01253575939960171,0.3825785390163632,-0.18400215037827522,-0.02213262032960991,0.2549685853217769,0.6137057447536503,-0.4896828654592678,0.03563863171561923,-0.6567295139320785,0.2045995633261672,-0.13550239616746762,0.6901579915501342,-0.25856855119670297,0.08367464187541132,-0.2462991629095696,-1.2841580863666826,0.21434667329917495,0.3548352455651491,0.0001798002283507523,0.23571173550672686,-2.4834638478446864,1.0952895744149609,0.07690254263048565,1.4929981096610099,2.206056758450367,0.06765708381918009,-0.7137557393125612,-0.9287735409964554,2.196822795065397,4.424836731716658,-0.6567109648550684,-0.07278855683996374,2.107282362062976,3.3924110973408954,3.962199805668242,7.0115277680329635,-8.9412455680922,-39.98180490895292,63.99937822823592,-10.576632223548305,26.129794346319798,-105.19081848300259,61.101678777786454,-17.911954333861203,68.26671612184383,-10.216840851193103,-53.5505706605432,-132.94501067957225,27.906755126191797,4.001889671964232,0.0
-1.1099755959680593,-2.596571832495362,0.748491659411835,0.9227841189699062,0.016816317419804723,0.014376550532580657,0.38468168144604326,-0.2327314261678202,0.0002787033532084676,0.25235164633815527,0.6350896269437655,-0.44104137092622864,0.03319052329370824,-0.6662571857842219,0.18352851123448397,-0.10210093423253815,0.7611930484630494,-0.2640554641939015,0.0790496890354025,-0.21289350067022833,-1.2974673956769953,0.19880581544585393,0.15908190702423938,0.15463741804101358,0.1981842194342456,-2.3084947067196535,1.1828133456992618,-0.2363708414535611,0.6407108471047007,2.549774454540529,-0.26039515738410157,-0.20500324326031713,-1.112290958853085,1.2473934689862916,2.640002741944895,-0.1332843573873156,-0.23336858900197777,2.0220701682371516,-0.6599133828996074,-0.8040657377574173,-11.473640109091255,5.413618633182151,-5.680914112603842,17.419953048833115,9.497247576171402,-7.532713413052761,-48.773737562120836,8.79354313630626,-13.038679272303684,31.207526889945772,-2.808404977009208,-43.78041959173161,-105.4732461822512,6.503493730426097,3.458911992465776,0.0
-1.1138611357245036,-2.6226720453804306,0.7521047979527362,0.9214838354091899,0.016808055334135052,0.016482051491930425,0.38770268548731013,-0.27642271124989004,0.022898849873736103,0.24221443547804875,0.6388716938560075,-0.38821302925208745,0.026489297212428018,-0.6682013514079852,0.15956500441417032,-0.07804111903929349,0.8074802988004907,-0.26483080899470185,0.06678742004565487,-0.17696466278169998,-1.312043099267957,0.1664352327635881,-0.00297317466897672,0.22911296571779857,0.40600023775962796,-2.0800576820041377,1.1352685354755074,-0.6765177483879413,-0.14012736474819426,2.714619253574517,-0.3609811090313012,0.060941843606470474,-1.249531226184,1.1021239491280506,1.8404329398710289,0.004843413888308042,-0.5994665502687131,2.0674236731447864,-0.8386341444257992,-1.6495565369854959,-9.999839720921862,2.148649123581103,6.619220597889186,12.330482103418753,4.007490858796458,-12.06957249726647,-36.505433291864755,20.962147025566697,27.373624554906364,20.657444883429235,-3.36688152329294,-15.038087633365677,-61.810926114867556,2.863876891983236,10.170749929713212,0.0
-1.1170264834002386,-2.648957772594012,0.7549813779708987,0.9195973365326661,0.015638616884823625,0.018234951854991275,0.3921270952571414,-0.31481907658087016,0.04457729896187193,0.22580726734096104,0.6294039640815897,-0.3329258139721783,0.01731474396578637,-0.6650368810907373,0.13267729560658828,-0.057848676423340406,0.8439201689472093,-0.26889653724975177,0.049959451669704724,-0.1412871131691772,-1.3176803109326893,0.12615618703686185,-0.09391282006517863,0.20215000542872352,0.5093934255526822,-1.8040859091038532,1.0889148056842965,-0.919129036202782,-0.6776688462193544,2.7399597021319924,-0.6448399097012691,0.3020573718804849,-1.373743699168257,0.9236982369891086,1.5629029673885386,-0.18522609582913985,-0.769657427107334,1.9765862998641284,-0.48333095704127804,-2.00431631373644,-6.582207373314387,-2.107358488031026,1.4492159909725237,11.744983862494307,3.637070753117843,-8.546449713233462,-18.63711355848153,-2.6464205587552754,-15.411016808662588,18.847456956792758,0.6727589957543614,-10.252291519580409,-41.090289960749026,6.5432849096480155,14.59169034205341,0.0
-1.1194271006938346,-2.6752825936329003,0.7570975563539009,0.91752542857233,0.014134701896961423,0.01900179708647083,0.39697132117185874,-0.34650647245234145,0.06535047317390213,0.2058521297627394,0.6099319417685894,-0.277988998459806,0.0038125397815501933,-0.6554165920622093,0.10533257937722493,-0.03997019651891592,0.8745365144136978,-0.28157777443963705,0.03263892251660956,-0.10149041697448775,-1.317718266173753,0.08722816145311055,-0.15131606808647863,0.09302450926612471,0.5103638321130345,-1.4254837107569815,1.0550846485041334,-1.0425659520722361,-1.1665166418523816,2.7468228104639922,-0.7737040757993072,0.6529011873087999,-1.3095153921293297,0.8509120230847931,1.3184461439072592,-0.6197528234859164,-0.7660472828834431,2.166131117478992,-0.38010333224101434,-2.3444037367022643,-5.819040841506071,-5.152210596644552,-3.5099263406656744,16.794859338878894,8.84348729628642,-1.7787508055159593,-19.690854578182964,10.52435262258474,-39.121265519976205,19.509441302263127,10.867900168419068,-6.514208377462189,-32.4226810003017,13.1413269052844,15.034608084596147,0.0
-1.1210641824757357,-2.7016088486954097,0.7584310312857905,0.9154812477538039,0.012750574600599555,0.01858671012541331,0.40172881657307935,-0.3707727034680148,0.085319325663153,0.1841403018172625,0.5811469748846362,-0.2222204243141983,-0.011183157868532894,-0.6392730454872644,0.07878526265213859,-0.02532841464948893,0.9036231733102872,-0.30356911865850433,0.01584451936568313,-0.06517488565954364,-1.3189675951335562,0.04798734189207786,-0.17126505097339662,-0.015633003703329193,0.4999443387044747,-1.1011312170129415,1.012149249956322,-1.103314064891021,-1.5487757075687925,2.765462116033592,-0.7265408697275614,0.9517535237355909,-1.2689863304485398,0.6577445907430467,1.3441223179947306,-1.023497320231688,-0.7370491287129437,1.8676122163623468,-0.5659630499653997,-2.2936514706466995,-3.8755340328071397,-3.985004590672606,-3.5103275093290125,7.873214090325384,5.669608631833656,-0.8944018153226003,-4.123049636550965,-5.3103891568463695,1.0955506368482701,16.11432677559539,11.730259184990757,-7.0653504677745556,-23.970975132864666,22.475131524217495,14.86873005147491,0.0
-1.1220172620590951,-2.727963344153666,0.7590349065212727,0.9134350448368381,0.011888862349299784,0.017221913987120516,0.4064461581742206,-0.38899468572389373,0.10389072645381023,0.16174958617094023,0.5455077698608634,-0.16614160884849255,-0.023661363131969322,-0.6174623801197848,0.052402737043133876,-0.014431463967202256,0.9364022734574318,-0.3327980729363437,-0.0010021357287453361,-0.03180800419834959,-1.320603398564693,0.01205091282259299,-0.1471357674144882,-0.1234352481667378,0.49856559660946287,-0.7931892762588367,0.9374013871643702,-1.1310837296451217,-1.9086683879290627,2.8259706936600795,-0.7524312033698721,1.233997863094881,-1.255789691231349,0.5006461315837875,1.600481396794534,-1.3183164512209005,-0.7436451129168824,1.835212106068387,-0.5793771120761413,-2.4721296914091666,-3.2161349451653303,-3.9443040897116073,-4.251482355386397,10.929518040816317,6.508602487972467,-1.741984838627807,-10.678972890337223,1.0126262350483621,-32.201955512342394,16.550501685436643,14.679654602549817,-2.380715077527397,-19.8882534473213,30.336729192129006,15.001876354311015,0.0
-1.122329005032879,-2.7543834740597624,0.758916444591469,0.9113858694761451,0.011740494723725159,0.015086771659530367,0.41110868030697945,-0.40144668208948114,0.12097463527136618,0.1391487825267507,0.5029348223109028,-0.10839851923657207,-0.034279508693619266,-0.589901682436131,0.026698605599082985,-0.005605008898185455,0.9742715231098376,-0.36614706012814874,-0.017852028704279772,-0.0015446596375048656,-1.3261547790069448,-0.023553638501914456,-0.10472960003790255,-0.20882073181956073,0.501001325916338,-0.5698294401573236,0.8549690724993781,-1.116451835771085,-2.166396582311581,2.8823182906797133,-0.24252614986257104,1.5198181102429256,-1.212083026335057,0.4324075708488413,1.8329102606371797,-1.473026018097267,-0.7427112788484105,1.6082502407907509,-0.9110688976724782,-2.3171953787089046,-2.218637735921892,-1.8860253394871156,-3.2502149518133727,0.37935564084197965,5.128778597531884,1.8147604704832523,4.263603646413811,-4.146604385848504,32.01983321565046,15.993676223997843,15.302549288940897,0.9795902372917406,-23.965965644372787,34.81780708609499,15.001090203849325,0.0
-1.122005861524743,-2.7809934875729803,0.7580504668385724,0.9093284115773238,0.012197524644594886,0.012426306098571684,0.4157146223162592,-0.4100721811716321,0.13795325800131053,0.11901600008500354,0.45609052134657757,-0.04883635215596054,-0.029515006298162505,-0.5561722442265832,0.0032600151004136485,0.0027144974822278815,1.0137878957169304,-0.40123211725196145,-0.033684293122576134,0.031751983457383566,-1.339696387480642,-0.06295144630875485,-0.07902386888195058,-0.26746292080587636,0.5018763340460686,-0.41430324397131096,0.9567169117774693,-0.8507952245156845,-2.3050413809257853,2.827270820686988,0.5483920363633522,1.826852851567544,-1.0543052264647816,0.4170722146392939,1.842468156269679,-1.5407793748795748,-0.6911783644431898,2.0714786553468594,-1.473395553603758,-2.714668432600986,-4.296470566600513,-0.5539931826472495,-2.061923314158241,-0.18560653116576153,32.255636608624535,44.519592371467965,6.391535788101583,16.39773408345772,69.20382635240432,15.359888056378452,21.559233462181155,0.40884838713414595,-28.6621315890241,35.53447181583182,13.979221683505225,0.0
-1.1210212355196227,-2.807973368413873,0.7564346586816476,0.9071686730027919,0.013091930202739775,0.009573340210149087,0.4204544579893777,-0.41683082815285905,0.1574319627609574,0.1045150128286106,0.4088655717175758,-0.0004489237828663611,-0.015208571491355766,-0.5160319558564654,-0.01601481868106947,0.011097125800227084,1.0488281315376646,-0.43653580959963645,-0.04753017423022228,0.06180713497501579,-1.3621333779512652,-0.09780840650485195,-0.025317804306597694,-0.2753845832413037,0.5436673631181669,-0.3903700895065226,1.0182553305901763,-0.6452536640739582,-2.2380518559627762,1.8496133026377453,0.7409322039490239,2.1144410978723807,-0.851337803263501,0.4125960560275921,1.537733100903492,-1.5520067856895454,-0.597636047804282,1.2356198242680572,-1.8583038505288298,-2.1306295045597006,0.7184010872772488,3.7447263451586053,1.6918020651725523,-13.039821094434373,6.477687487514327,7.761702675337258,21.678371181327943,-69.32660261267026,1.2736321876174845,7.710687087195261,14.982881482076715,-1.6830776688154079,-30.655233705667086,34.708949324112595,12.294729879741736,0.0
-1.1194945045465912,-2.835515739354344,0.7542846781630295,0.9047589402330776,0.014577215497868631,0.007202059130614972,0.4256135514770721,-0.4240975595800098,0.176283367851731,0.09161163702531722,0.36374930862583366,0.020813578621854515,-0.002043541243247002,-0.4700638480772686,-0.02987552269875561,0.020736986642097367,1.071746207191586,-0.46940845845289764,-0.059591801890205735,0.0855194705076329,-1.3945482440796686,-0.12035607324388091,0.07245368858500036,-0.2317410144417926,0.5932429162290717,-0.43185922170369917,0.9162208230343823,-0.6104660259589707,-2.1789123838678806,0.4636629239457779,0.6994696993578793,2.3544340897855913,-0.5571140645253057,0.4992003292275167,0.8645326216008636,-1.4387907421816968,-0.5231992022133659,0.7992765653185872,-2.315107791708905,-1.8676400477834652,3.746479412124691,6.491966198266149,1.456417825485787,-13.411731700345994,-0.7526482126803486,5.728577045570096,12.971301091573856,-61.21815637232555,9.245811962560396,-1.6102107637208902,15.334240580902996,-1.4189817839661092,-26.39048637433678,30.593348509570824,10.498173659307316,0.0
-1.1175181533762437,-2.8637764757636175,0.7517333812164189,0.9020933700058058,0.016805882088003144,0.005753987498160585,0.4311751450938283,-0.4317392821533486,0.1923819171680737,0.07877767344852094,0.31831743687454556,0.015444551318073152,0.010290019119667976,-0.41898898920598165,-0.03650741452710597,0.03402505318885586,1.0755323202314497,-0.4980882575944897,-0.0703423621032493,0.10531650937656398,-1.4334431042400395,-0.14179920871347387,0.19475133304366618,-0.16705117877418918,0.6351127028628112,-0.44147787604440675,0.7482841911562651,-0.6060386504244848,-2.245731440145743,-0.8112316307712888,0.6992882800571789,2.5552982311936363,-0.18890612167667323,0.7109527577258116,-0.10999233522591809,-1.2581087921492464,-0.47101355356659336,0.3912195059384731,-2.6510591117309015,-2.250654388949072,5.966919943645193,8.107899706035823,0.7867187573503347,-13.129213861654843,-4.0208430402567235,7.338010287708485,8.712466199761998,-56.664004587378045,14.009965161609703,-11.940374629764449,12.492118221148601,-2.0436858401362117,-14.671540031347295,24.71128094034299,9.008404597083523,0.0
-1.1152094022935801,-2.8927833590550627,0.7487086977569635,0.8991967786500723,0.020008390542633314,0.005436282431495814,0.43705293089802316,-0.43874176038864415,0.20345607044607647,0.06363043628839023,0.27025785130848395,-0.01482765806115741,0.02253223693928737,-0.3627289443655312,-0.0359048379055746,0.05445848416205603,1.0518383679997922,-0.5205784243004642,-0.07870086300081428,0.11724958739319083,-1.4704849458273759,-0.17187157845300577,0.35163015938449393,-0.10114446937696946,0.6583298078608799,-0.39647530286549054,0.45523620512290025,-0.7427161026061418,-2.40027492811399,-2.011720857692834,0.7458488786779847,2.7668797527865565,0.11680008258785195,1.126370072744222,-1.5136083202407045,-0.9884145035023736,-0.36105063191543263,-0.25940122208488503,-2.6870423896359164,-3.2723848422340205,8.594111466349036,9.206600644533339,-1.5717091442773163,-12.91028995981869,-6.579268361558071,9.938885910907072,8.136847241180185,-50.96944077457558,20.786817036626772,-23.563641317315888,2.56131525399091,-0.8199838950278151,1.8651328835241934,16.424886370321236,6.34421088545051,0.0
-1.1128307613032082,-2.9223843453146645,0.744806079593008,0.89618969034177,0.024374838255264403,0.006408484968299853,0.44295466755139196,-0.44700565082907967,0.2060564285241793,0.039253235139975806,0.22383504914755104,-0.07018962877707625,0.037406650589682525,-0.2994670277634623,-0.031687740955458815,0.08551200062087935,0.9830763666434031,-0.5335383949849736,-0.0816329152016386,0.11131935305026508,-1.4959619583646404,-0.23336940839675843,0.5312645000669322,-0.02653828584163575,0.6054626312104862,-0.5190287584883758,0.005313183817805484,-1.261126942509631,-2.1918048505051155,-3.1510294055269257,0.9512001538332248,3.05863562820822,0.16521169281667963,1.7231732028681046,-3.91174517191466,-0.5750110605397722,-0.09370544572039188,-1.4601490085605235,-2.3400285252726714,-5.595889203182892,11.468443562706677,10.75702848528254,-11.011848442761853,-17.49012553706259,-3.962601673292955,16.653420505655255,18.219108358442273,-29.700712343060598,25.30099335974241,-41.6634869755459,-14.709781128561453,2.14173406117553,23.291513999094523,2.922599727567649,1.0211062859173325,0.0
-1.1110647532640954,-2.9520617959884574,0.7390932864098525,0.8930360665214919,0.03022814946694419,0.009114711551437952,0.44887611309242165,-0.47664400903724846,0.19439288547880348,-0.010599569460275526,0.22339033970364416,-0.17475115014014492,0.045537838210048094,-0.21876804518997686,-0.038160596912392146,0.1118579374954834,0.8052921721748988,-0.5707694639723945,-0.07032179905915895,0.06726999652504166,-1.4935187460210322,-0.34813489383333135,0.7545108726847476,0.08819751953451031,0.45403372696828215,-1.9531085758464986,-0.6295470064030259,-2.489179229497831,0.9226339551249837,-5.064059702917234,0.5705576595522189,3.8411641810088244,-0.12731884899872664,1.2756026701739787,-9.791958866566361,-5.849727953933396,2.1850963365887557,-2.5151965935141027,-2.4829971419234047,-7.339841848536232,10.568434028476311,14.74781057368843,-41.931025483837516,-31.006838921250377,23.21560427506114,56.966769358758185,53.132388522629135,87.30339866955835,21.905650455188653,-90.64999654268911,58.788324115764546,0.5589262485140907,67.44916117268309,-404.12768170544905,98.89678762469343,0.0
-1.10983480906193,-2.9823777851822455,0.7353826906297355,0.8909041529124405,0.0315993733384416,0.010843605690153078,0.45296102055653986,-0.5348974954198976,0.18706438341159828,-0.046570362637164506,0.3447183797656842,-0.26790757088121964,0.02927124098432758,-0.2372541252355049,-0.02034580935379789,0.10672182258488488,0.7809720722648784,-0.6033400211671617,-0.047007715687082244,0.0954647119821181,-1.4737048578789003,-0.04481846235010045,-0.1362799914856845,-0.1804681866960096,0.6406879535077306,-2.261005163486953,-0.3851781186010944,-1.1060842440456673,7.043407832958905,-3.4758763885302555,-0.9204920059131783,-2.2065137342997945,1.3925277304201196,-1.0638413839920042,1.7264524680144242,0.7346524333574123,-0.01884536456953856,5.6793168627637165,7.973336543039865,15.064511015774535,-28.19994052990127,-47.84991276317201,31.96425936858712,148.60697837984807,-21.99712538838072,64.75074732040477,-65.2698125917908,127.07662062431498,16.3781158058075,16.803475553100643,23.043901875406473,-70.51955946105072,75.95943720664872,175.2785931810144,-75.64393846618543,0.0
-1.1084423784589628,-3.011576653449465,0.7353922004453911,0.8880218293805345,0.029752331429227896,0.009800394570652673,0.4587330177613491,-0.5869134957802461,0.16602955994728447,-0.07340402379058154,0.5273722663659697,-0.3230599812130066,0.0017776936793301675,-0.29468445919958997,0.00905732956698094,0.0823478830094002,0.8265730072953348,-0.5684328118420093,-0.060571177192664555,0.0625727722327843,-1.4291815841196975,0.049343508237636696,-0.21276475101644235,0.05663303204581399,0.6266639266620307,-1.947897505665992,-1.4671072328306825,-0.9797972316235876,8.458700278424901,-1.9225284189533243,-1.2573026785493397,-2.800895602979688,1.3962276510533573,-1.284719117418092,1.8737243765486846,2.3067022739702554,-0.95943057072315,-0.15794271572426538,4.128380340183649,6.020502976311858,2.645470993349983,0.15319985404643174,-3.087136767251756,117.0541588686237,-40.35480570754654,57.162866683726975,-193.36404952894372,74.89597423237976,24.885032607580154,38.36955494993723,-15.262506684959515,-3.6237865149997153,-89.14923197322604,46.27679704918666,-16.664806010228368,0.0
-1.1077680232671203,-3.039492523080009,0.7367307777367035,0.8858966517652694,0.02859205500743664,0.010798212551490119,0.4628747296917705,-0.6124953516363766,0.12663256085556357,-0.08740413829889217,0.6788677486272399,-0.36323487369096236,-0.01816228058139909,-0.3487306358948377,0.032054927277757723,0.06051118527758968,0.852197046572586,-0.518383289054607,-0.07957860460735519,0.015305304804543342,-1.3684203987754975,0.08747155003619661,0.07501971384945828,0.2166756110142386,0.31545914429628424,-0.48589658630487087,-2.2443288971414233,-0.2559860157765243,6.036982298910843,-1.6890280175921575,-0.8183288985347849,-2.532058912120426,0.9614716302114918,-0.9174973993254542,0.6955546169094622,2.635270663000274,-0.9161242147668862,-1.7685426431099456,2.808324135407752,2.442632248472007,13.623745680470558,6.365698032842705,-16.334143810247042,94.48207186411851,-23.342690496860858,52.04018467844163,-201.61952971392418,39.38860504931924,17.15173785821963,21.286757592542973,-18.5192078286095,19.884379359528392,-66.78408754225165,12.762963128927076,4.531764728339132,0.0
-1.1078244188270678,-3.0663207137833233,0.7385436172784687,0.8848692938567392,0.02896166989322425,0.013831135903347561,0.46473245437143207,-0.6139406183004721,0.07710495902107921,-0.08819368967358059,0.7883562807451362,-0.40787571602986783,-0.025828389695739057,-0.3952945430701511,0.04796055008199691,0.04520577475223611,0.8551565632528356,-0.4643817141091358,-0.09334268402778531,-0.013967796648651849,-1.3220212317434417,0.09629277982864454,0.2500037107947724,0.2884756364742877,0.09820681340388358,0.39986883720100225,-2.5354115643571515,0.2836338993694263,4.427636019566963,-2.0046660410926913,-0.2603295182057016,-2.1657555099843675,0.6886851928812086,-0.6335989467843873,-0.281528541433124,2.7848128111242776,-0.5285532795848186,-0.9787937710854702,1.8570431867815356,0.6361219319942872,7.431068408648109,3.5179133490413372,-12.464575361675701,55.96620548457942,2.142083521456936,40.93136366323165,-141.1084346730547,42.04333040758569,6.199280898906756,16.408399015024077,-8.258004780054259,14.541516134031388,-43.81383534513821,7.870894430784207,5.966579918314085,0.0
-1.1082241896698246,-3.092472642779754,0.7403028185152336,0.8843877340008619,0.029744926656478453,0.01755334936897459,0.4654733668137775,-0.6047948700390585,0.02679299637954371,-0.07914555691003564,0.8781411374132138,-0.4525774651083125,-0.03060694230851033,-0.4347497011684487,0.06108421369534763,0.03273098814387503,0.8419496428241727,-0.40888592705733817,-0.10562047315414258,-0.022743001648064993,-1.2975711715967342,0.085000470907525,0.2436607158348291,0.3003648393094457,0.04716577799256566,0.6635939874608112,-2.4105144067271542,0.6821660363135996,3.9056483270291844,-1.9273712025020815,-0.207396506886738,-1.8204234082930593,0.6428461839604331,-0.5998465658396297,-0.9582214424429576,2.78195418436771,-0.7434688702658108,-0.1988436897058864,0.9273615876780593,-0.2518958180020636,0.4050427622929949,0.7328823797219661,-4.163872541972969,29.842099422874306,16.444132875624465,26.86514725143576,-97.36097283755551,44.962880276564576,3.4791628094424225,15.548034464756968,-1.044607394487005,3.351643377744697,-31.4978494867366,4.08630817841256,-10.632504104494062,0.0
-1.1086436271781281,-3.118226119812965,0.7419193983546137,0.8839549428432832,0.030330631043967684,0.02080809947204204,0.4661230897947085,-0.5891736241952489,-0.01822386321950852,-0.06286206150891556,0.9512383265056252,-0.4899646336541429,-0.032538209106977946,-0.46619684153390056,0.07374418002458484,0.019908068242429737,0.8153969580893294,-0.35204609448372176,-0.11988434361365269,-0.019455121972966196,-1.2815400758238589,0.07717606506632171,0.18288131358765056,0.23969857718898704,0.07959330140343107,0.9512217931721663,-2.0894167298182933,0.9273202882685957,3.0805039477907368,-1.574347847318222,-0.06964509759931106,-1.3895599148575257,0.6260567910629178,-0.6551532778094766,-1.606494545303321,2.8747139401868718,-0.71754645614195,0.12979493182164592,0.48972730606960635,-0.6046923916298741,-1.4220631676340874,-1.840040935756378,0.8775537493881647,21.095213360827938,19.31834799285329,10.556080606269463,-81.94641776510582,36.80405958005872,0.8393798890055639,17.879521035256868,-0.6718120345999992,-0.23241024232326296,-28.111745092405837,2.0241079430064017,-2.893066170924035,0.0
-1.1089525495356372,-3.1437168965527698,0.7433318628271168,0.8833928791279648,0.030798945258947094,0.023079110610125495,0.4670501051604495,-0.5669349162185144,-0.055907769301000616,-0.04346627765234837,1.0048319329441953,-0.5220226700803616,-0.029334144682025685,-0.48904207521652177,0.08639781201576079,0.006426244873327304,0.7770252100228459,-0.2940323673277366,-0.13341934809629571,-0.013857294373529328,-1.2710767496818438,0.06208080921317613,0.1323093407423021,0.1503766090536727,0.11855011417947339,1.2475448760580519,-1.7182351311828432,0.9777431334796842,2.1800006972608577,-1.3810918386551052,0.16942857996954214,-0.9942026657491808,0.6291797781162805,-0.682529927912911,-2.107702307943463,2.9251877663780093,-0.6934592893181281,0.014975364082639546,0.19169057656765587,-1.3249349629069302,-0.4923528099011781,-2.3957303706912927,1.8026970206848618,13.325754260907432,17.914871896200427,-1.7419965329163738,-62.593401021121196,30.26735041701502,-3.7685537741783635,11.677266984982532,-1.2677265975627996,-0.4885336407452633,-15.184511363634844,2.7337939235969877,-3.704015988448867,0.0
-1.1091436288639156,-3.169011860527045,0.7444118347174488,0.8826774604187619,0.031429155563940686,0.024254365037324283,0.46829951401411785,-0.5383989803266418,-0.08605796738644425,-0.023677251786144868,1.0398570163180423,-0.5494996592701051,-0.01892276758731207,-0.50431470342187,0.0988353086418752,-0.007763165880141103,0.7298144701829222,-0.23430135942965166,-0.14799735756629206,-0.008929514239186469,-1.2618261922616167,0.04156772313296346,0.10817975532615567,0.04074230129314879,0.16292771297819372,1.5293194589384427,-1.3634482429968482,0.9502777160986793,1.3689591230384597,-1.1840612539443354,0.49934289141679095,-0.6474263432388394,0.601417349901049,-0.7169043749308303,-2.47257916729229,3.001141081386505,-0.6996525953326892,-0.16677697203681224,0.13879238530144106,-1.9216058513687444,1.1542516459434757,-2.8369913550549777,2.6945140177261546,6.881275033553322,13.851259175278416,-7.643824337680806,-41.79687636539278,25.53765207243382,-10.299980784144715,7.16424806245054,-3.4608858519339267,0.35851377871707296,-5.04918231753485,-1.6160498719812288,8.467762428613682,0.0
-1.10922817529106,-3.1940944561807654,0.7450895345919257,0.8817475280856095,0.03253689996275924,0.024288625101836384,0.4699709667058092,-0.5040386336142562,-0.10995438434738505,-0.004818103680299241,1.0602243874138704,-0.571434941272993,-0.0027388124466445965,-0.5121412909987187,0.1106772435695582,-0.022158730462517318,0.6751019078840921,-0.17392465859255188,-0.16248713888938152,-0.004503404697235277,-1.2504152952786194,0.01965884040930535,0.10947193667746409,-0.0838786511163436,0.222199672739931,1.7957748703669254,-1.099009031977362,0.8858607894234162,0.777744285907323,-0.9275700176660719,0.7404768812350081,-0.28674150020044703,0.5624693702923768,-0.7074330333272711,-2.8117204848670565,3.01010610513296,-0.6350281312272837,-0.326998701976684,0.2350273060939575,-2.279118407761175,2.88032535851839,-2.9275004352282887,3.799083028026896,2.399876584556111,7.358997501724584,-9.647841682101046,-22.0567573031756,20.707713492569365,-15.51634629218455,5.001101207909547,-4.4924538992916,3.4303009894894254,-0.06793282176294912,-2.635777122429751,7.774029364275631,0.0
-1.1092509796171994,-3.218928510123614,0.7453383001133405,0.8805672041551056,0.0343222530482836,0.023293997109594768,0.47210250116982855,-0.46456310590985905,-0.13010498343242238,0.012880818585698303,1.0713493575659032,-0.5879434101394488,0.016131365950183853,-0.5129202141632877,0.12150766479157167,-0.03627522425367967,0.6136495046619228,-0.11341677186140627,-0.17445938861340374,-0.003144086081265144,-1.238154553732564,-0.0017057913796111115,0.12698525206339611,-0.19461057144966662,0.27289275813645814,2.0256335697610695,-0.9707852103004032,0.8400168214863499,0.44415509822876753,-0.6866361505399149,0.837712042285479,0.013998724453485932,0.4979888608988322,-0.6871263513110433,-3.0685439349784733,2.9316328271556777,-0.2895274330752517,-0.5244078896898683,0.08466535109282435,-2.1814275458983596,3.08050181167165,-1.3682860321091561,2.3239732816599634,-1.3398995673460492,2.096494115202393,-7.624205167654204,-7.436881595298767,16.31508047090401,-18.019694092563416,-4.818371810013314,-4.954882405541838,3.4229382886218516,18.143929050725323,-37.817850575171605,29.832256824067635,0.0
-1.1092587016792834,-3.2436760904998283,0.7453655344184497,0.8793518240800837,0.03621148744702288,0.021581607208329495,0.47430299587311087,-0.42146554303957595,-0.14785820401536862,0.030573297935300635,1.0780262334137731,-0.5998382319128628,0.0332917250354215,-0.5097405738085816,0.1322510496176824,-0.05102377046654668,0.5503531116090288,-0.07320648259476661,-0.184914802032942,-0.0018588068871260234,-1.2427488120951828,-0.002339227469273328,0.056577124356975234,-0.22005058973378297,0.24903472036315288,2.1568572091232534,-0.8441802810841519,0.8679975877819721,0.30751829044399087,-0.4849851440933621,0.7322881002877307,0.12785932757888735,0.624370787894284,-0.6562712121826495,-3.0526803508880747,1.2679012253368378,-0.3439533580158369,-0.44858506980370544,-1.033347477083162,-0.8996936801664168,-2.423515680761773,3.921498130544351,-1.1290482296944604,-7.661811237319528,2.5728676630189407,-5.90155856767097,1.1941110284312673,12.610538880077868,-16.57539336373538,-12.769072098972483,12.03868721776086,15.11403561471451,22.641166695015244,-81.28549903583037,32.07935013380227,0.0
-1.1093179492445635,-3.2686887038881807,0.7456220839801253,0.8783286883802779,0.03705435803501356,0.019663680578955768,0.4762132184062954,-0.3763626061963706,-0.16484007220928745,0.04872792334331265,1.0805946253836445,-0.6062383451557025,0.04391133397969332,-0.50457118019964,0.1437739401393543,-0.06916769643529513,0.48410887610499387,-0.06319920725935467,-0.19164404802574608,-0.0076954874053795546,-1.26302540693416,0.016639459564127154,-0.06801777005568152,-0.14437751967868928,0.19760178507191364,2.2180089458600953,-0.8760703369150296,0.9015828816731192,0.09682433741933165,-0.23412457445583154,0.4138500386424234,0.21755333808437466,0.6185868658111657,-0.9450638025800513,-3.3235603634349458,-0.16591922170090445,-0.08445493368936138,-0.8242379125560377,-1.8000580836085966,-0.2647428628119879,-4.631262798509587,8.960797055237089,-3.380380325625342,-12.866113961264421,-5.226543036684138,-3.7724248650596897,3.813423788493638,7.360797105815169,-10.646301144780455,-14.038372953216978,9.472359236391625,6.026643175628443,10.630108363691683,-77.54133582462707,34.86503309535728,0.0
-1.1095733002261934,-3.29422019227026,0.7462915825367019,0.877637215337663,0.03617544855674241,0.018113484157501424,0.4776150718599089,-0.32945326348156706,-0.18412076250092943,0.0661305552555515,1.0730261175375109,-0.6061252774135703,0.04710443777419629,-0.498161458942366,0.1520001576537355,-0.09908958741849566,0.4114846962020442,-0.07855005107684196,-0.18381665105569756,-0.01982295210492453,-1.2944975275967834,0.034899141074795935,-0.21362484190614187,-0.0030980045405937587,0.11182046185789937,2.2914255054869965,-1.0287828017368665,0.8450859229544823,-0.49304901748727076,0.05097429503095512,0.07941130057434442,0.24920875228474393,0.4087879124541811,-1.6681948615801894,-3.642941012130591,-1.454491277235687,0.8336107230897659,-1.0085229365950514,-2.445110947588943,-0.8111343279951284,-6.070268568301892,12.069109694351326,-6.345995260904957,-17.257440509166425,-7.536616615509092,-3.1218002361326485,5.33586660621043,0.01810339216422563,-3.8355179851699823,-17.438820545436446,11.078872780422085,1.0487286387948656,11.949604733913022,-82.71819551151063,51.20893661336223,0.0
-1.1100686789838974,-3.320453835483453,0.7470968239876147,0.877412270955756,0.03332911643575724,0.017250220719294607,0.47826698261432327,-0.27962353634091297,-0.20563782811104425,0.08053070225158085,1.0445377552635622,-0.5927068032891816,0.04762462106638354,-0.4928384367578882,0.154562628001208,-0.1474073323866243,0.3367701903551012,-0.11889229634619634,-0.14444075147318627,-0.03015283005287306,-1.3334100647984732,0.027125400604730395,-0.35518963763253975,0.1543068979073034,0.021655736945815185,2.427979369275152,-1.0837242180070412,0.6445496728018296,-1.6244194051661989,0.6914909805748929,0.006275084435376329,0.15153194535285514,0.15103071876949478,-2.6241212945279266,-3.6200978475335623,-2.73100122969537,2.5524325721846335,-0.707221792292968,-2.8821444655320456,-2.766166443961119,-6.410655659270573,12.485619459045333,-4.819596011313468,-22.58527468670941,-0.010301649039044432,-6.730391944837472,14.810781002611577,-13.546016839995374,-1.0211483426657462,-20.257511940146554,20.300428985177923,8.957041298179718,22.169264595455616,-82.92932600657724,50.61157216787077,0.0
-1.1105782566061815,-3.3473577169159907,0.746995333348457,0.8776200000676635,0.02895263484608899,0.016853918215571202,0.47818492851352556,-0.22111486732312788,-0.2261143143191322,0.08349872309920432,0.9698853283477074,-0.5536918855092393,0.059537559903388826,-0.4958978860202071,0.15681327517488156,-0.2033418465030151,0.27945389792670683,-0.18177892286937639,-0.051655199770829885,-0.020896158025980008,-1.3649338772632473,-0.05638223336080951,-0.46574238823195113,0.22855297039105976,0.0006741585011931384,2.928169558816539,-0.8799958184505079,-0.16975721410004815,-4.202169077950386,1.8949738030148702,0.6105276148748738,-0.4087240746784167,0.27474720177098244,-2.7040749792930825,-2.363634993542642,-3.691387716607742,5.157801050234223,0.45576922923346763,-2.8406559937539457,-7.405335489638234,-7.432555365519979,8.777031354403599,7.221758082676106,-27.973247511092723,21.23223463238941,-27.337004782592636,31.763621554786223,-41.07686422472046,-10.739452992626623,-29.517400344562027,31.38940967433027,34.40714345254949,45.428202365083685,-52.148461680516675,8.206941532573817,0.0
-1.1102747362661933,-3.3753134315930096,0.7442657512607278,0.8784883621341668,0.021638790526897413,0.01608408891909249,0.4770023715066879,-0.1440229303106414,-0.22009346043192773,0.07251078740401183,0.7945226308063367,-0.4670202366353418,0.08585808622755281,-0.5416178787444264,0.1779055937347045,-0.21974537396136817,0.3264000685756242,-0.22712571453579053,0.05598276662933785,0.05695215630144421,-1.4343002184112632,-0.22251642409816133,-0.9806293263956049,0.31765706165836355,0.13316781916973675,3.862037613277876,1.2723041289446977,-1.1632411661966031,-9.761030439079232,4.127762636445465,1.2337593552336084,-2.972654125576676,1.4538206915081264,0.39633522459455145,4.628359415320694,-1.0349203905669533,4.442106423494902,5.407197646491586,-5.0240567960054285,-10.348746654100418,-41.96757197157148,5.998010444393221,59.5641151127009,-55.66650998529282,111.06988401690334,-83.51383597796192,76.88461466496737,-94.90817757990615,-25.011356764855137,-11.788757779391567,20.148066878240222,40.59646426269396,81.86650591831733,103.98442102824461,-103.78195564141997,0.0
-1.108062160581149,-3.4041947928176026,0.7385848303976621,0.8761041388835691,0.010260678687125754,0.01178741297105254,0.48186856423656516,-0.06188622877487798,-0.1541020592693997,0.1011023401054792,0.5844202041318173,-0.470798070117664,0.08093064559086617,-0.6046628389212659,0.208070133276389,-0.18598124746389,0.47160515925701474,-0.24671526932846571,0.056906397099978065,0.12682993476673338,-1.4477830841274606,-0.305710651860794,-1.3058650309256548,0.123488559788786,1.159665181626216,3.388710223497016,3.16923799681464,0.7125127515101077,-8.785389802850787,-6.845439827338255,-0.8076019884258129,-2.557399707615743,0.8946848688033235,1.362906324898192,7.111434573556999,-0.5033518249809819,-0.6964435449900288,0.5641059353247395,-0.47409418316307916,-0.26270092806638645,-6.631607220224505,-1.7528120555100974,81.55026410405472,-120.99303006615764,-84.41748918371015,-231.0159449559043,213.85464233497328,-331.86392853892914,-17.052483682594776,105.07576012411512,-95.88440685364394,-81.12723352547577,-141.31371729703056,46.48342699845808,-1.96136363996317,0.0
-1.1071289822351438,-3.4318124206719745,0.7367584315781187,0.8715408935610544,0.005927831888632445,0.010192020378024687,0.4901810424532061,-0.07369107805358022,-0.11305788931494175,0.11378995375943605,0.554717292856239,-0.5446580718397419,0.0826504777479517,-0.6428158901750513,0.20251669045488468,-0.14589410875995087,0.6159930893372423,-0.2722580384971428,0.03841194142432264,0.011475566155960494,-1.2926633072691562,0.09690005762356109,0.151162184683688,-0.15378991085978894,0.5466864293871335,-2.263132564941444,1.2380763262901602,0.44814639059541156,1.9262986318343607,-0.6708861182943442,-0.1330880147279155,-0.6673858373654673,-1.0517965690472872,2.238598233510176,6.0429086285207365,-1.1519472442290117,-0.8744131102481066,-0.38060698147333305,10.585314586278251,16.708962999868728,45.50526200164781,-37.7509965563517,-58.55318433355696,-11.973105223167352,-51.44636372219396,25.685146453810905,87.43792367393681,243.0070992341067,-38.5517866948907,161.6785025914834,-47.00325661373342,10.559317500656698,-178.7836298683545,28.27570965798884,11.086238899000499,0.0
-1.1070316342475486,-3.457106880050268,0.7400539961762141,0.870263308069932,0.009377931022317232,0.010964605541642143,0.4923754730510396,-0.1286641538517973,-0.09305571928180406,0.12253400553754298,0.6051223056819383,-0.5306634703698274,0.07886750343042803,-0.651022411090305,0.1790029874314359,-0.0993399035634093,0.727503321901237,-0.28014360742443095,0.046157943307116776,0.014241231419133948,-1.2392521061122892,0.2102997016464167,0.39192750489338807,-0.10564005229264381,-0.014645312951487285,-2.5794366710392564,0.9554153044365777,0.5169286730080129,2.110204694092189,1.490278607912604,-0.31579963010508305,0.03525466142683446,-1.2015243336963186,2.1235938269773484,4.565383678985335,-0.10990525597851894,0.5210884873756758,1.7798449982932278,2.709830247901168,4.311250899901084,0.1863293167718615,-2.3690986002433063,-31.452561392291926,46.048340210922014,3.7568998792516815,12.071817693616834,-88.97428195201284,65.02687836563928,-16.71137913778749,57.27933276255227,0.5194954989785692,-37.860222478596015,-140.60340136475753,14.529601701320285,-9.667075495473334,0.0
-1.106270347804506,-3.4822927729162516,0.744164687071418,0.8696286997334874,0.010839427582370852,0.012630323544733847,0.493425684715221,-0.18346315968342203,-0.07114967882628723,0.12468562908327896,0.6430118674726014,-0.4963232179874321,0.06925788529999367,-0.6483396664878092,0.15391172970316402,-0.06933677381056322,0.7988724117410277,-0.28092077715200287,0.05475692804220956,0.06066400253093316,-1.2723775841377079,0.20405358722012892,0.05338056262477129,0.19361407577467232,0.18479205841605947,-2.7319700199329864,1.2395086080960156,-0.14114972587011548,1.5448433697544801,1.8543732167693718,-0.6154719552101121,0.2857624751872666,-1.2280586912324072,1.0582310098445977,2.6046431452742382,-0.01159810396682957,0.3487899683759454,2.628407365685727,-1.2495749081082397,-0.032558786227262715,-16.956916235677937,11.352538612971578,3.1121827334094845,8.069790717797954,16.935127613242976,-22.04093084592836,-46.61849819881824,12.298350322747917,-14.3154380724481,18.66704515612909,7.9751989472863265,-42.57274718053361,-108.87075496983974,1.2969142727836265,-8.278112252846462,0.0
-1.1045851312671595,-3.507894590042719,0.7480696260017564,0.8681169307931057,0.009154815056872071,0.014669341974589632,0.4960584584881745,-0.23536593283860682,-0.045916577785287314,0.11584192355682064,0.6638229750915031,-0.45661136387665124,0.05424037420798098,-0.6417180525057221,0.13093483217679833,-0.04925146982803213,0.8419046622781224,-0.28645589817154576,0.05545281407667975,0.10447493463806885,-1.285934142864345,0.19013270296897464,-0.1335061300651778,0.31211256260019893,0.36518587386384,-2.4705322069285107,1.3004847112963291,-0.637514366522795,0.6422119466415255,2.0797436920234627,-0.8382327101498245,0.41487737828582755,-1.0767956819751383,0.9088486727350228,1.6380486636420886,-0.28156088373457483,-0.029984406906469686,2.266252394806958,-0.6237646922459495,-0.4890153117583957,-9.475066458508008,4.364829176177588,4.93052341814936,14.014263814200246,5.41302865388837,-17.86598251704747,-41.884694540280464,9.864095322800104,-7.21871109669868,10.77291593729021,8.685051679562072,-13.86045234297722,-61.45335878685395,5.299200772965022,-1.4213931621509026,0.0
-1.102046118409282,-3.533641740437223,0.7516562776112649,0.866238981897484,0.0060434884932504705,0.016328965848973222,0.49932641364376507,-0.2805881449601905,-0.019419050921207295,0.1006887255530638,0.6682694245729822,-0.4127215366182954,0.03527871858163481,-0.6319096398775667,0.11135207475361089,-0.0334022634254683,0.8686947577685024,-0.2973877878104619,0.04532853612911076,0.14538092184707485,-1.2893241869779404,0.1701365149524354,-0.24077275930701345,0.2942237236702992,0.35523056674421155,-2.102751857904537,1.361512233318368,-0.8306112166868435,-0.0811259920268726,2.2793890948565703,-1.020763922971282,0.5599683659998049,-0.8837018839194163,0.6843132815950115,1.02331349406931,-0.5226809411118466,-0.5191605826651573,2.0213685352236967,-0.27783704469250947,-1.105541978224843,-5.542169243207223,-1.3889431972887238,-3.483379722969213,16.507057791471063,5.100284556335486,-6.16876109735682,-30.224101025507807,7.628134363709732,-7.098633323074285,7.184028651660011,11.728558214031453,-13.099812402616124,-36.68934623740673,9.866812661635823,8.76283406896633,0.0
-1.0987462863765387,-3.559439742463974,0.7547499155838177,0.8644356513514049,0.0025404056539547284,0.017194753470421965,0.502442923589214,-0.3186635105007073,0.007252314189790858,0.08182210492242774,0.6602085519740167,-0.36591211294629666,0.014350828518131284,-0.6189284579945958,0.09561272393780251,-0.02175890829682425,0.8841616359564841,-0.3121505774602009,0.03061977317710589,0.18066706391830245,-1.2915618159525493,0.13981491978846017,-0.28552964740928405,0.22276309543238765,0.3318097651565075,-1.7503191347298437,1.330484182639622,-1.0151560320493018,-0.6364023662417315,2.346607901267281,-1.0966069927850637,0.7017031716254545,-0.6887557538290173,0.49722424637539836,0.5668263917918662,-0.6860446054657401,-0.670658883036871,1.7213209890049566,-0.24254615564284723,-1.9666988950183468,-2.6423178815960897,-3.7268767370923532,-4.63625350358585,19.023786357682212,0.7690854846131205,-10.152172509693298,-28.270324925177565,-4.988582941787232,-23.58546414507761,3.7706660689647937,12.944642042103986,-9.585476940986288,-20.645206110833392,12.785046447259216,13.097384817789814,0.0
-1.0948350367374686,-3.585289123249105,0.7571150756081895,0.8626435768979284,-0.0006592761377923785,0.017340859550610974,0.5055145093681956,-0.35031483985087175,0.03226042207711494,0.059086405786654056,0.6424031183710095,-0.3187375771385826,-0.007810126238827113,-0.6037774137548154,0.082244068487136,-0.01479937883441253,0.8943172608612162,-0.3292314449163783,0.015704409312982268,0.20740236708823703,-1.2950344617144898,0.09857695171742435,-0.26765513983811484,0.14362459515268203,0.3449488764362085,-1.4817638695807553,1.2204004588907673,-1.178199121106175,-1.025241799562256,2.3709251416293995,-1.102804229756963,0.7841563466871927,-0.6128512017466325,0.2637454539297551,0.43405856669300374,-0.7708697081338404,-0.6532583072021487,1.270656546889474,-0.41320432422128145,-2.3822532846665023,0.6237246386331862,-3.5137170072934625,-2.2809936546652567,8.617136743382627,-1.0747492735405735,-0.8889557471742617,-9.79801302166585,1.3785212195254868,1.675216183840625,1.1983276721888227,8.956024163531778,-6.793467303078744,-8.69370232487396,15.881397144692809,13.568107043267613,0.0
-1.090454252358372,-3.6112079498502454,0.7586181330998228,0.860701202742048,-0.0030426698513642066,0.017047063215982622,0.5088158600066215,-0.377476547143341,0.054787305012634825,0.03467745808225838,0.6183280045955744,-0.27003662613690455,-0.02785629610941624,-0.5873139871346754,0.06963253040962566,-0.011250239356372857,0.905399630102635,-0.347261318587631,0.0016711222430412474,0.22868511864172417,-1.2984541641772074,0.05369659481622207,-0.20060539993258,0.06465044802155945,0.38511643121872213,-1.288458067057577,1.0829548836216134,-1.2265177420338513,-1.2879944057991486,2.4799588328214677,-0.9581995215583359,0.8521669177705199,-0.5943065195056244,0.15214984907523224,0.5679194939196178,-0.7941557155373851,-0.610698797440446,1.0403569512336774,-0.4228567053427873,-2.5599994747088886,2.4966400624659153,-3.3846485084600544,-0.9405239885522259,4.222298007720471,-3.1087556614539302,2.0563045666942945,-2.015050877703152,0.683952753662846,17.660748435708225,2.529734139889619,7.19499795457383,-0.13786150985765577,-3.50173454529764,18.042088491722797,12.758867353213821,0.0
-1.0856778246042753,-3.6372084814563688,0.7592916335642111,0.8585178155063938,-0.004308583235657664,0.016621566428432228,0.5124961659350208,-0.4017673848193592,0.0739552570866242,0.010289354163311611,0.5906523333707776,-0.22081887760405255,-0.035290027752973435,-0.5696101785881063,0.05695269169516819,-0.00837111936074824,0.9214118926859685,-0.3663226021369022,-0.011881961962668615,0.2484216789075185,-1.3031716015972534,0.01520060306760427,-0.10164107317969734,0.005499675484662386,0.43563298518966775,-1.1698353029759714,0.9040163027529149,-1.1988364760780295,-1.432820394328574,2.478689356710095,-0.09514180055270877,0.9278546928257478,-0.6075515665672828,0.1708209575014403,0.838564573480942,-0.8357701883712655,-0.5944646625352298,1.1366609703857868,-0.484847153135155,-2.2818816438752103,2.9089337958951362,-2.4788911608540567,-0.8574738932511826,3.7179975756000108,-2.9201774479148623,3.265343359299261,-3.002680463809234,2.5491439272801815,21.837269265024045,5.1961589098455665,6.941988346273215,4.5524107230965845,-5.020130134410321,19.88156185866512,12.15437172552218,0.0
-1.0804563601957367,-3.663311693977788,0.7592912124630165,0.8561351090374059,-0.004442981159243195,0.016295160005812256,0.5164759459571314,-0.4228712276755382,0.08986908671613413,-0.013212927843096862,0.5581804643188704,-0.17061110865195764,-0.02729018264490288,-0.550061162063814,0.04431240950898286,-0.004258476240764818,0.9432379997685167,-0.38778688555126917,-0.02511263743741125,0.2729223423543158,-1.3089701817577128,-0.015561910460216696,-0.004538712105544712,-0.034224058524188784,0.46536397461615975,-0.9916912660299171,0.7576306259930113,-1.1488870754815574,-1.7268551165138113,2.5578577954967967,0.6676724294038815,1.0392402658564284,-0.5949455692220572,0.24512961674979444,1.1067110941003508,-0.9528492199500704,-0.5819427594261257,1.3974414183427122,-0.5854288129500198,-2.0581654764931847,1.9246325782545037,-1.2905399409051908,-1.6123683727676283,4.543103790504274,-0.7433658796188471,3.451307500497867,-6.929088006897477,4.8774148915260245,23.913415174842314,7.491713770081287,7.98522944814839,4.354650032161495,-9.665822473526259,22.30880085408759,11.727661891923733,0.0
-1.0746658771162365,-3.6895173663221383,0.7587083117930602,0.8536291780144905,-0.003612995261215456,0.016083422605001466,0.5206202994744424,-0.43951860519613406,0.10333861385635433,-0.035903691732367536,0.5183555730035083,-0.11837146756501778,-0.006862208848357847,-0.5268390330609414,0.03273632462272655,0.0018496690339226659,0.9671617073990221,-0.4120781585074832,-0.03804529852716096,0.30391083212429026,-1.314025890309272,-0.04554910570595471,0.07563534885128176,-0.06923174038982434,0.48213727549328217,-0.7576992190883158,0.6544422021971067,-1.1134574256414211,-2.1165651184642464,2.650312064294651,1.240510246105773,1.2559571345163243,-0.5213434163057825,0.34097688388805697,1.1293840716993628,-1.087324866404695,-0.5699203007126745,1.6315773169876158,-0.612660273482121,-2.330486803603971,0.9204610511752104,-0.3765295197972107,-2.1731618447547696,3.926313478559739,1.423417065351721,2.815400630414751,-6.65448469563963,2.063314570536713,20.472103303192444,9.22863205361338,9.43700313781237,2.2518893237572932,-15.066268477185574,24.12356568492926,11.34509238471824,0.0
-1.0681953496646908,-3.7158189755854583,0.7575169764897696,0.8509218324164455,-0.0019349851980790648,0.01601286374035893,0.5250446449057028,-0.4518137053402194,0.11580874792231938,-0.057043488189957095,0.47218381393521613,-0.07171159247071994,0.018894079748591107,-0.49729539664158723,0.023356623557950564,0.010862963817000634,0.9853624309016756,-0.4362604606337953,-0.049795323310029484,0.33875190723280707,-1.3210221493269112,-0.07549807046123978,0.16602008752912878,-0.08449418653551391,0.5511758500855776,-0.6126259034546896,0.6464951328334978,-0.9695784442745154,-2.273310944907464,1.8134914459015339,1.2561574765223598,1.5954949188082044,-0.4255019593465096,0.48648145855613445,0.7286316699526941,-1.0656219561309097,-0.5122667486253081,1.5995497723326708,-1.0358717095019936,-2.1232176117948987,3.2139220985140766,2.5273893338632463,2.9783533456156586,-7.136933754193148,5.239953651112899,12.34652180536431,14.38116806207292,-68.34693930882634,-5.299834949859517,7.844285482128431,4.5636196460474165,-0.2409196637269837,-18.695288905650536,22.961199257029953,10.184771558075475,0.0
-1.0611124174245365,-3.742321112828281,0.7559271168539639,0.8475568871875192,0.0009143397210751359,0.01676066914966324,0.5304390322492621,-0.4628108144167974,0.1252163176734478,-0.07807205636878055,0.4265556554190974,-0.05831807728190843,0.03667485164674716,-0.4593150024585153,0.015856474561308852,0.02605733030698831,0.9873861407278096,-0.452968986194922,-0.05807666093759067,0.36494720803094577,-1.333983778350978,-0.09054656574035286,0.35511091899595104,-0.05150003435814206,0.7033492536846089,-0.5747896611699385,0.4005600696577417,-0.9746332563788334,-2.250282370938456,0.01603790745441054,0.9033727274708881,2.0097225171336106,-0.37049293988284726,0.8671597286970676,-0.1671325221089573,-0.6865061791401379,-0.347783500631539,1.067018886140856,-1.4175503188828609,-1.8604857495357279,8.652766524653362,5.525045559244167,6.047749149940509,-8.45536235865774,-2.9107339572678734,16.118968599481573,7.35342649056671,-61.997883398866,9.171924724591179,1.8060961705543321,-2.0082833076474875,2.866307211304993,-12.257290155934626,14.696894787507347,6.52638261789986,0.0
-1.0535633694138449,-3.769119002623932,0.7538383538298206,0.8433012896313709,0.005101306982732321,0.01878019749810034,0.5370886479484258,-0.4751669723343722,0.1298495455800695,-0.09851414561515116,0.3848638751222754,-0.07689969711033245,0.05454388302763742,-0.4107973653744671,0.01083606164571504,0.05199304525492846,0.9582977528614761,-0.4545789458908714,-0.06145611651728219,0.38329125626520516,-1.3506073287885731,-0.12857691781056868,0.5426399036191716,-0.004011292951664797,0.8482735454211258,-0.7048006378673627,0.149984508262813,-0.9203557663156414,-1.9670714340874957,-1.4464759890612993,0.9976466346399502,2.504639224428839,-0.2570371459710547,1.4520842425427223,-1.8394494811215165,0.014361647166832884,-0.12732846279462723,0.352009246934696,-1.6510101298279856,-3.612119026576849,10.629579934517634,6.781080926015867,3.791802672369827,-13.39239081353725,-4.770359575644301,19.94606063013786,12.281572696583506,-43.75081494196276,11.85313033079327,-10.099995875221161,-7.953874356300295,1.5137332379668136,2.4325174861220873,-0.9717869826842498,1.4385764442192315,0.0
-1.0461345393804893,-3.795976411144532,0.7502786204164505,0.8385117340816503,0.010735232071347866,0.02205144211488453,0.5443312966387408,-0.5008135785934493,0.12730278820778573,-0.11967020865746793,0.37580363446810017,-0.14873181155144927,0.07115827860985445,-0.34263670818616015,-0.00019972216820475768,0.07826625097167694,0.8399196935968608,-0.43300571878704386,-0.06877532194153466,0.35187721510795306,-1.3434429507254813,-0.24432832688545986,0.7909964145885763,0.016333093450602538,0.7673583672041507,-1.554752805221314,-0.27198429094412013,-0.8800671167012906,0.12262282099590949,-3.922245670831844,0.9713096409047247,3.459990492778958,-0.8145215129537885,1.265098307871452,-7.129131016305625,0.9782401003637383,-0.35407942102576484,-2.8347039984833704,-0.7268220616098074,-9.024444609552802,21.017403628636455,6.671471647898103,-21.735283909075903,-19.875689974487223,-10.321886649111196,34.30897056609483,28.495103982579682,29.57197168755396,8.052082366434675,-43.943090304943446,-30.631760505516205,-5.125848313457788,13.436615861609866,-39.17158581002384,6.528906447602662,0.0
-1.039221263151956,-3.823856099164617,0.7458914387321326,0.8346822691039467,0.013779270515094253,0.026292179665189784,0.5499312344611939,-0.5684687764756001,0.13288422253979715,-0.1002196384585784,0.47358418464050833,-0.2352932202358941,0.05362370565708463,-0.3100738963563084,-0.0036152891124303843,0.07167353444975083,0.7303613719446816,-0.4803088077869714,-0.04375698673417746,0.34260990475723313,-1.416063062134557,-0.11586233534613066,0.12010134518239651,0.26318807438405273,0.3691502063017123,-3.4955830072973484,0.6778353320147282,2.099938194752251,6.592909683585193,-3.2178918182585754,-1.148319365064662,-1.3587892208653607,0.8066683645692071,-0.728314833934999,-0.8540593721231566,-0.5260133561281165,0.22771997534707594,0.9315202123272515,2.080337472383129,14.31831964562803,-35.2194572966556,-14.156729770947564,-19.028055298071333,89.10677392947342,-4.772156311653449,10.431289864799577,-0.5022658018264252,128.16077566230177,14.733933396732475,-204.28242989402767,80.8907545451013,-24.569285169065566,355.8141791051181,263.1448130582013,-130.4318530762993,0.0
-1.0326533739048707,-3.851869307649289,0.7446956510356426,0.8311743580712602,0.012233431513770496,0.027595424808899063,0.5551918786940633,-0.6396645258431287,0.13032312863146822,-0.05351788967545827,0.6541984614964924,-0.2928978633639163,0.012626899503923176,-0.35995750618779,0.015955708108064282,0.047554048497955526,0.7532902387289344,-0.46147239494656883,-0.051939623136110516,0.3254314753278611,-1.3583161167829687,-0.003204361351331451,-0.137033478694091,0.03158844014543147,0.891463232447463,-2.6299669530036014,-1.0984914117942988,2.030199029244091,8.589132685400058,-2.1112112805122694,-1.9320834720436197,-2.4426060125561344,0.8909304913272722,-1.538629882748456,1.3988091575948716,1.7041949526626947,-0.7006356371267979,0.026032703478296657,5.990080626264372,6.746032496855798,-3.0514491943959747,-25.68481840185238,31.820757900522935,152.5723298579181,-124.75594714970428,-50.2242650808516,-176.14612202760105,77.68616250095802,34.01808886063607,57.4290518010831,-22.157925579735657,-32.41412578328563,-48.53415799117857,58.185109053605515,-19.417164583400556,0.0
-1.0265160610643576,-3.8781523719760935,0.745648474592073,0.8260131237636872,0.011711264998570666,0.02654660570759722,0.5629035826566525,-0.6663227113691168,0.08381043325270936,-0.026548542924023033,0.7958580599785545,-0.336830397641322,-0.008621569343239219,-0.4007466572215324,0.030888487351975774,0.01695325290292701,0.7671808167899999,-0.41843912744008405,-0.06755465398201366,0.2943578762073591,-1.2795465150048313,0.08682806741631036,-0.10059880192211006,-0.08783367498095188,0.9239276571951511,-0.17259289183204501,-3.172120620531349,1.0946154120868368,5.3926247471687425,-1.890495564772675,-0.7816717832562554,-1.6336172651516663,0.6433627371071327,-1.4950447860848746,-0.011349612313300783,2.4321048206161016,-0.8298525844967081,-1.1872508144357727,3.5115943075410234,3.797931960829914,0.6917106317121813,-4.859604326836515,-4.037741805468226,127.38284064437963,-78.69380977603862,-7.646661776691993,-199.62312952806124,40.261236974883516,17.51455281766458,45.35882324748319,-7.6602787416616644,6.4568089213815325,-80.6902601566545,25.2274314632836,-4.20994976233656,0.0
-1.0211503680599283,-3.9029342591060936,0.7476404383506212,0.822279138127431,0.01304345810093107,0.025446317489577416,0.5683655268640051,-0.6446044260800703,0.00904638334453517,-0.0055112089985344444,0.8672060227673769,-0.38494643990489,-0.011500174482063684,-0.42745675615261974,0.041733485235142566,-0.006239141803408369,0.7572573882693069,-0.3684853379057262,-0.08307143406647106,0.25142664897839584,-1.2124330890124713,0.10089286535914102,0.11025307796047865,-0.17687906661617264,0.429503233157872,1.9541347542866985,-3.9994466321753612,1.1459880988789173,2.2489527927440625,-2.2244785985014133,-0.01830051424590194,-1.1500032238081432,0.5397000555040453,-0.8975543968704449,-0.8412090169685099,2.5467289951253465,-0.7625673753100228,-1.4791863236495382,2.3956076420473194,-0.7564966221204193,4.2810765507758815,-0.8068634541876436,-28.21221577962691,81.01250140013416,-13.03289751256813,17.802041065122673,-124.99527622279946,39.335698810215035,3.3896204666943515,14.735506481033873,6.542602532226159,27.426745149240187,-32.657052492244645,5.1253839483500725,-0.48086146654094025,0.0
-1.0160254665716268,-3.9267787185461134,0.7493736254337235,0.8212687311406243,0.014522581077246879,0.024112388076093887,0.5698467852245822,-0.5885278140314631,-0.06665746677103321,0.01408040217636911,0.8742270456853417,-0.40493442519126593,0.005331384856204723,-0.4475854445535648,0.05482558380740189,-0.021815163377102882,0.7352321924317282,-0.3201865400737764,-0.08365576847145097,0.2643323431029207,-1.1840491441432475,0.061072295025542254,-0.05695018191929009,-0.16411810675722832,-0.00986055308306115,3.2121329254891817,-3.4569148069771924,0.8937131764964976,-0.4984656423678609,-0.6555980915783195,0.8632343443263576,-0.9747177340955772,0.8214284312725458,-0.7278249924990423,-1.2527481170025665,2.3824051435761717,0.28559915334186786,1.1708468240029426,0.2019161582388651,-3.875396613006686,-14.282902997106456,5.896119188083923,-20.382537371553735,23.718062623414838,46.977712200861006,-5.03382662319662,-45.35722877147828,15.223574186549495,-16.070529237887893,-3.9354344699594925,22.525125905450885,1.4142212712879134,-10.953722201231663,-0.6866853190478384,22.708852345591133,0.0
-1.0102055844942648,-3.9504007947905655,0.7499264780172183,0.8229499684039957,0.013246485523327984,0.02132479402123822,0.567558924945326,-0.5105798342659631,-0.11621320379969566,0.01718517710546821,0.8208170786682721,-0.3506315569977623,0.010523415985349283,-0.46767524686456285,0.06398355416496843,-0.055059190538683675,0.713017802898217,-0.295829708980687,-0.08127158246919944,0.3157999566535552,-1.1889992698305256,-0.016108091495318257,-0.47394865343408626,-0.11896889539566127,-0.4932856011071101,4.040437010816841,-1.547177324265721,-0.31922038399133545,-3.1558617709275607,2.996862561086111,0.08061225611194989,-1.096346326496138,0.3428533745731892,-2.3091457178803942,-1.0386798613517962,0.705876908076294,0.1276272319060865,2.9202706650017993,-1.7429179238190509,-5.860554354463877,-26.12528346274051,8.720322867243155,-21.326341348949697,-13.73517857376288,109.67949870145951,-42.903642820115614,26.654668342496787,-51.59129995496932,-7.07325983536895,-16.75335424864842,4.066612605939305,-56.02526261232184,10.777792396610884,-39.25825798001924,18.299075628446403,0.0
-1.0029026738015459,-3.974898974998989,0.7473724754386216,0.82683255629924,0.007531534952565151,0.01657791462489577,0.5621533354624983,-0.4173707074833252,-0.11571412649328652,-0.01808643668444112,0.6713412532407319,-0.2461896468221659,0.031295345542793104,-0.5229072967716641,0.08351153391069797,-0.06144419152260297,0.8066448358055364,-0.31923512709674956,-0.0710064533033571,0.4154464316653579,-1.2518041043161137,-0.2187506881989732,-1.0446548105988778,-0.0710935868292912,-0.411362052334122,4.388023284989818,1.226966938195645,-2.874671245198103,-8.490387502070204,1.0399496832465198,0.4594096981246394,-2.9329027905629186,1.0902678316588452,0.6895074373498493,6.745906878096412,-1.2721150157322354,0.7103218019062901,4.391117999186883,-4.091043394109037,-7.738713422533809,-33.259265779205904,8.049974782962792,61.66435196680067,-108.21242479464381,105.68096723579504,-80.66240202166671,40.068395303636166,-1108.7385987089808,-199.1024553315492,38.63184524545789,-44.61466094034,22.641108551528568,40.7665578966487,50.97153416079219,-9.454709597754382,0.0
-0.9957304344203293,-4.0006840688174,0.7458920747225064,0.8237251361559867,0.004192255195028217,0.013658909364107087,0.5668092794372408,-0.4139109848659665,-0.09884167525234905,-0.05662208119083949,0.6207052227610781,-0.2254371364205437,0.027734016544298645,-0.5651432420515009,0.06625200983927657,-0.041835574884431716,0.9405874722598486,-0.38178577555338444,-0.07530061213579134,0.3385711791741601,-1.2739034519365726,0.02923340753875307,-0.10469805367945863,-0.2455860105825975,1.0392208793784041,-1.0883505207375128,0.522416502821052,-1.5665878079367568,-0.5042583552278775,1.3882061235651004,-0.5769687276934662,-0.8855763615764589,-2.039004085674409,1.3707150293918067,5.735717589225091,-3.0530642546091538,-0.3728154498828943,-0.49288559402333293,4.11472158918979,9.702362943154089,26.1547449831173,-33.78771072840658,33.12181269165904,-16.666553807336744,-29.58969086965493,18.107941934465508,62.01695349917099,52.198476600768835,-30.452540580152014,162.07995319149825,-99.39234434377137,48.623694106401864,-148.50428973518592,57.84217856122603,0.13511574224807707,0.0
-0.9889131119546655,-4.0259964260894465,0.7470918155060131,0.8191956693056915,0.005975013520435593,0.010782057621930876,0.5733816371646968,-0.4402998643804762,-0.08288958994272116,-0.07442010333505117,0.6197791351599173,-0.19737933569266186,0.0221378754728976,-0.5670236896613805,0.024302173257056657,-0.01149789559538729,1.0316578994084098,-0.421732622197731,-0.07057875926082706,0.3511882894150646,-1.2553874817709185,0.07955410885853367,-0.010883081370522164,-0.42220726170484146,0.5763446964511251,-1.2100134796857156,1.1335485213483196,-0.3566213686816798,-0.07842320863874072,1.3129574891893931,-0.11506762111215303,0.6103049830796989,-2.0341543678137364,1.5696970127973957,3.4298689884091265,-1.484414688899691,0.29020632453163503,1.680280631183078,1.1221160506239145,1.6618258853318388,-2.2155229381754777,-10.801752705434426,-25.33598179715035,25.93489007533319,43.89303924971808,56.145967369899296,-23.311560858567756,-16.01593625456609,14.216602864140661,77.44477458076445,13.410273706294253,-0.7568381014825675,-127.58471167364505,39.41211407194035,-6.046865868909632,0.0
-0.9814843578057487,-4.051392196947746,0.7484439621357473,0.8163171182729951,0.0071379915722189075,0.007702770414865146,0.577508509737063,-0.4649854027595624,-0.0578760613750402,-0.08257927480091463,0.6126282291617342,-0.16853593503301795,0.026197484225790393,-0.5487601026817238,-0.009703887679296211,0.016673408102886558,1.0850210210406792,-0.4515187114544648,-0.05233778867560668,0.39187398221514125,-1.283896713006168,0.05524835796107126,-0.16947996941852972,-0.22056701136943138,0.45481833830249424,-1.2560856059172665,1.4221177506979417,-0.3964726474420535,-0.5826688685162252,1.528408184777219,0.43127382711344475,1.152660334599157,-1.386711905102757,1.2080366546478793,1.9893611350406486,-1.2892376503934702,0.8796291051965237,2.502814512075675,-1.7690451998334922,-1.67612270304777,-11.114279348658602,10.749217730604558,-5.002762364662302,-3.801709083202116,22.89527396329893,3.1992395106178977,-23.443476629444255,8.788124150481124,20.412189464925202,24.092751567176023,37.4114452150803,-26.717201521515566,-73.96183384406905,26.84394497566515,-17.475852900431494,0.0
-0.973046412042163,-4.077262246164103,0.7491914193423023,0.8139075879321268,0.006164210135090477,0.004846967127991058,0.580941432271428,-0.4861801068433706,-0.024952744772385498,-0.08989552018706481,0.589354456228988,-0.12813619214534583,0.03165585858584464,-0.5210631235039753,-0.029202206377070182,0.03658705943607997,1.1183510928013478,-0.4750315762581557,-0.040876841940366504,0.4519042830683475,-1.3053774529731224,0.015773225092551735,-0.3440808820793806,-0.12224559165747649,0.4242696357405075,-0.9986168262781104,2.0068711791827925,-0.11125727253304202,-1.5111208807846712,2.5848047711580837,0.5699030896084277,1.5575735420038044,-0.6027292000692943,0.7535605924797691,1.3596574261226078,-0.9847519947028093,0.4355858392377791,3.523734798948169,-1.5962117337889001,-2.972957778904245,-12.764779158718916,6.628871963325836,3.7485518114839684,-3.3444503849455876,42.435102229870964,28.260364980126703,-18.191731339377387,23.940243626361358,13.203373208549827,16.72710066063475,41.28760211097935,-32.55694584910735,-34.55130914212525,22.718897115974013,-10.793123097138833,0.0
-0.9635008080135478,-4.103350588455172,0.7492231968352981,0.8115455332272314,0.004247894402416048,0.0015419541538198897,0.5842717050050106,-0.5008320550800559,0.01866504818751606,-0.08971940709791743,0.550927433758995,-0.08242263663206091,0.026744776587001935,-0.48264191417291674,-0.03591634003638765,0.04720008165722167,1.1308924048024036,-0.49372628387933193,-0.03808365657053716,0.49330320414032097,-1.3096158245761527,-0.01657973365301446,-0.3366593067395377,-0.14531257296071518,0.43225015857760507,-0.6921598496069954,2.19639131109307,0.03850820777133101,-2.0006784797952037,1.8233912617753494,-0.39871971898476416,2.083993799698454,-0.169952209990717,0.3192156601585077,0.23277172836011017,-0.8116966022515735,0.040950492211536085,1.412322124019586,-1.0044713835929844,-2.5434251972805284,2.5354650263892107,3.6430312225067993,4.6579122361807155,-6.29295317159614,-8.374147373811324,-4.503745577553559,4.812889928780412,-61.158183375372175,4.262382311643643,7.666699282552619,14.961044854339168,-24.564820132562044,-27.924524470327636,16.00916972841196,-4.728776617445777,0.0
-0.953389154804192,-4.12950615645741,0.7488729770886251,0.8090480970966658,0.0032640387732571384,-0.0013346001909929144,0.5877318618872733,-0.5094213830410067,0.059623801696639916,-0.09078921094379694,0.5037972593020751,-0.061221486080669435,0.0028810197939634816,-0.43320597332175537,-0.03580149402372948,0.05392560150267555,1.1107899057170785,-0.5046618071092991,-0.04007185999018225,0.5099093302089626,-1.3149782367337235,-0.03076948931878465,-0.15155641999884778,-0.14926071264841653,0.4411655545263312,-0.40383664071863734,1.8489092930274933,-0.10540705058208964,-2.4289646695416787,0.48148989629735395,-1.151188700668261,2.5359263410111423,0.0806958532559661,0.3089090705552616,-1.46206529076779,-0.4588670671121061,-0.1103099220192387,0.074750317947923,-1.4323598888359577,-2.4144787668130308,12.141674807621484,6.300235614056636,2.1511862463730873,-8.833448292843235,-27.961532019430262,-7.893791906520781,4.3611593625223755,-63.2388071642292,29.348663557856842,-11.427030258397206,3.650823120748347,-6.140257504972064,-11.193057253961697,6.061865431683099,1.66864702691421,0.0
-0.9430474867160052,-4.155829750345587,0.7484424851208606,0.8063054626279929,0.003974223114007212,-0.0027732890524109675,0.5914795138926877,-0.5118650653073511,0.09033346244670495,-0.0971925367114394,0.4462746547853062,-0.06568946022740768,-0.027721730700134742,-0.37366343839941846,-0.030687646379859948,0.06622497931164134,1.046675449393614,-0.50445337474375,-0.04455437983947232,0.5160535390967544,-1.3293853651580423,-0.033801730453808604,0.1067088192770474,-0.10031393807890228,0.4794670077925249,-0.1208727444900217,1.2510075580517834,-0.4083131605736364,-2.9695573403465167,-0.8043957915154087,-1.2845312305550483,2.941214052784159,0.29097220716219746,0.765374754496817,-3.6387922176480085,0.04117975330304434,-0.21914761434458732,-0.5802979092114839,-2.3491436688985363,-2.788119583778774,16.370713105320114,10.891617224874757,0.6384636774358707,-14.119405549448881,-32.855564618427856,-6.163141840707737,5.388167613303928,-65.56849450380723,46.734718262979044,-32.42753398648451,-4.009239151576995,7.308534071659142,20.926704326721968,-4.801666850975072,3.1350201371037234,0.0
-0.9327019898346784,-4.182575870112092,0.7477355605018627,0.8031561676418493,0.006511075503629256,-0.0018760030862518652,0.5957300201324962,-0.5110401088564279,0.10709007641640564,-0.11123561628706899,0.3816164651107607,-0.09870849203442994,-0.05190264629691887,-0.3081322676610808,-0.022732426324874024,0.09249556325011181,0.9425572667134722,-0.48586354098174483,-0.050009652143778234,0.5114560255220852,-1.3574113226120288,-0.05970199763661957,0.4129742910203578,0.009429371412149626,0.5369299319770968,-0.03256445547086721,0.5405474092814396,-0.783823352460657,-3.2323787262568393,-2.25340508268053,-0.7901023490779002,3.0769128791358575,0.3375403980692945,1.5556545613273232,-5.23304363665052,0.9070280582330538,-0.2588226938011002,-1.0582572373707968,-3.171739675883785,-4.264937365206123,18.029325890728654,14.085624106471538,-1.8522487496712725,-20.519845445228462,-28.454334614531266,0.6851816575108387,12.151455244442612,-61.63720042509617,56.965268335029606,-54.9030628035931,-17.36042688370709,7.150771785954,80.25429812700654,-25.565624974389884,3.1260704307318283,0.0
-0.9228849267373531,-4.209919834964003,0.7455289341113356,0.7998081537586458,0.010439593788713284,0.001949201032197005,0.600161755427693,-0.5229339116879177,0.1087677336633893,-0.13275873957437717,0.3414330166432574,-0.17694485102079097,-0.04979462512599505,-0.24004313315225437,-0.022384043308521635,0.12283063664776842,0.7869890786844984,-0.47457407905129256,-0.053803956405706455,0.4765094769678385,-1.3928599182552883,-0.16525141413923322,0.634448744413643,0.19494562080497163,0.3897469951584308,-0.9557270988482699,-0.024306609441868618,-1.032563502387444,-1.4584050714131984,-4.414990989177123,0.7211775603095685,2.8843852920846516,0.07211575381753825,1.3943472922358016,-7.911505375044119,-3.5116391309926502,1.139007503440961,-1.3715190308209675,-4.136890769546482,-6.331238124640015,6.168009502262996,17.814509937352266,-31.400496280594087,-32.20672330298335,7.55786107937799,19.58573513165973,32.22620354566096,-15.79521261546927,52.93776982879049,-114.20431185279605,29.50944027644763,-29.501289356938294,84.92332983238163,-437.43718508244166,102.66503192451557,0.0
-0.9137699225324533,-4.238735021533089,0.7433114271012715,0.7987305318348384,0.010988048296504037,0.006780463377714438,0.6015503516962267,-0.5731819803842846,0.11404686258233726,-0.1456732792486464,0.4042335557710473,-0.2644077066628066,-0.03906978084623504,-0.24420901078423385,-0.014374814673277546,0.11986883211837687,0.7189292435905263,-0.5131248788779585,-0.023530141322845866,0.45200203329531125,-1.4348035334335023,-0.01178490957779,0.04375736045027226,0.26555364663618364,-0.026593357920404313,-2.4924937863528895,0.547604774431132,-0.15230986706082933,5.1264699484694525,-3.1731611895543486,0.4390813833847155,-2.398079005014825,1.1271834682554531,-0.4104766716305931,0.46533310191456856,0.4713442296087301,0.4550355020086849,0.3701432302962162,5.176527290075789,11.396255838038925,-23.42262719317541,-29.993213065443744,-6.083124592319219,89.55510848299666,8.242961508874444,29.6484041361654,51.59344764275521,128.2642698082727,-8.987909910980392,-80.94467514873847,50.476862445396435,-18.70489877246838,196.01735449828723,188.57163122041644,-120.02749676684249,0.0
-0.9051995752979881,-4.2669409424056255,0.7440509075144662,0.7991346228272853,0.009784181284785176,0.008637058016769854,0.6010104205619856,-0.6201392311599706,0.12152563315662362,-0.13913275506715336,0.5401121610267852,-0.31710979617795054,-0.049324341967748805,-0.3045818522434405,0.00991804281309218,0.10826588007685621,0.7500312301194688,-0.4825265663033727,-0.03771314960976535,0.41296889230025435,-1.370055537666177,0.08400645223907967,0.05395515377310332,0.0880201861068618,-0.053018379731911036,-1.5450203832696314,0.11042920973166159,0.4967581394593027,6.401903417206195,-1.9360520994989583,-0.6062557534214137,-2.8615673668850787,1.1156949272391317,-0.6865770757120037,1.4819935593131128,2.114657777003379,-1.1877426646402647,-1.5580367258711578,5.286374579784122,5.521196289191093,7.874385177412068,-18.53489614071532,5.1690130832003724,123.03383347973106,-37.21781091683829,6.388760695657311,-134.50147829059628,68.01087606906117,8.305484533601286,51.36666029410005,-20.533099934661767,-10.2519993379033,-58.68214027357643,46.25674470645221,-32.012276995682726,0.0
-0.8975381373070862,-4.29352583287884,0.7463960199689917,0.7996187048693156,0.011347293711808022,0.009862680107287526,0.6003198258342285,-0.633783317301871,0.11380275006970199,-0.13408193569404428,0.6556269369076695,-0.3587968998799443,-0.062294729228436166,-0.3541527532923946,0.02767561121082438,0.09642349473084111,0.768066331815159,-0.4347634756543351,-0.06501691242686894,0.36051110091916955,-1.2963621639421101,0.14647123423992678,0.32891266126761504,-0.06728377032913581,-0.10152522111192286,0.1770643515516352,-0.72655947182502,0.2369932952716275,4.646468789161687,-1.7752442164228717,-0.5700601154813557,-2.1065412963962262,0.6780313514295034,-0.5162677361653155,0.34044545728574704,2.546794700782519,-1.476661330013186,-2.385455803282639,3.404153274413846,3.1150764046159276,14.778614897778175,-6.895707547141986,-1.374848779296908,98.4105969008628,-33.800362890032375,7.748137692825285,-149.47335951987648,41.498344388834305,11.083672461671755,41.539592601640905,-23.815487312076765,8.589001509276287,-63.189674252400145,13.031302815621256,-8.622692439992617,0.0
-0.890676369250904,-4.319025879080697,0.74945316631339,0.8001259306824917,0.014773383804798328,0.011457955398755012,0.5995406220086461,-0.6227546756188304,0.09359604601591764,-0.13328845176552062,0.7467481769718639,-0.40258961487272504,-0.07403160667761098,-0.3897777183090509,0.03926061470215664,0.08739661377932806,0.7631325920187463,-0.38184777493073474,-0.09177338669932313,0.3306034162216447,-1.2597031658693822,0.15955810172523166,0.41291759488500773,-0.08154693841300474,-0.09118415869040841,0.9878120909315373,-1.1417621160093183,0.06919774171195746,3.8708139444608536,-1.9222114143360096,-0.5098824764366418,-1.5463622013450562,0.4906834498754861,-0.40729174872102775,-0.6806742286343685,2.714372365031637,-1.3033544286373424,-1.2708560749703108,1.432656961724023,0.6163637713688136,5.13381708273961,0.8808463213445488,-0.3685497782346287,52.12518465136478,-8.30265565583706,13.275980537243449,-104.72299363319003,44.155759635672595,10.371281734566974,22.191016314370565,-9.81380028616904,4.5020590280894695,-43.035150301811946,6.6664956373278565,0.8708600970420804,0.0
-0.8842109643433597,-4.3439634320064044,0.7525265389893919,0.8003293749255893,0.01826047094045516,0.012943791300358966,0.5991426416964684,-0.6018342975343883,0.06993998548760139,-0.1285663821405929,0.8334303333605813,-0.44677882151479326,-0.07859516894248951,-0.4146116373226957,0.04854751434799538,0.07918845897151806,0.7386835512948852,-0.3249901834663225,-0.10766239035729952,0.3180387628382843,-1.23886661239088,0.1507242469836213,0.35136311637582784,-0.08611676990530238,-0.01540033860770382,1.2618491167139398,-1.169203714994668,0.4267830363057407,3.9738123309096296,-1.8929051556215906,-0.15224059478644708,-1.0602667305381768,0.4394509085511709,-0.4232427471996751,-1.559522608850122,2.9135889942113677,-0.7399653981070371,-0.5843660986410417,0.650165559512124,-0.42949470341508256,-0.4513025370662349,1.8430988698844604,2.074755596658123,31.446246142181916,3.1442273374796863,21.358012813164546,-80.03916995952486,47.20253542271558,3.3131248755306832,14.681475036963365,-3.323065034159226,-1.3840005207672945,-30.140362003933465,6.756738108219264,-8.621416847718985,0.0
-0.8779335652305691,-4.368528481175732,0.7552752592735171,0.8003164594427725,0.02138367219274385,0.013796993842235816,0.5990375165792682,-0.5740585863772587,0.04735480034146959,-0.11479460522586157,0.9168904242644681,-0.49183637511301526,-0.07512580611628122,-0.43088584509049294,0.057777298370924414,0.07110098149540577,0.6999444006722484,-0.2642560737617123,-0.1162818006534731,0.30979984940813854,-1.2223260641005391,0.12617708087314106,0.28403591703935954,-0.12771814875997425,-0.00038997418674785087,1.6029005750890468,-1.1163861113069278,0.8503910676023954,3.750468239293625,-1.968280498367461,0.1931625313073663,-0.6858902332068432,0.4622264794178089,-0.4043690267185725,-2.141768760108274,3.0935353656571554,-0.48340448732003793,-0.5380601769042457,0.4070221701554792,-1.5054548223245239,-0.21424666290817074,0.7136342969499635,0.5614176849490552,27.72138687106757,-1.0642551581692967,12.600447840233695,-78.42007298644867,45.98205324685478,-4.426992375868352,8.312821151203302,-1.3717700712541245,-0.39118257505663523,-15.264118454336076,3.4110227781234714,-17.593260939335163,0.0
-0.8717867605359166,-4.3928213529979585,0.7573656285762809,0.8002332019936886,0.02428532120756273,0.013886591272972686,0.5990360658454479,-0.5384921097818488,0.025013160972986254,-0.09499451133073332,0.9898656474375752,-0.5372639878614199,-0.06563336477068597,-0.4407964044708002,0.06747997556628099,0.06291829046003933,0.6520399503349537,-0.2007588691125349,-0.12225443304532302,0.3040304007934528,-1.2116043739400137,0.08375907196903723,0.2222662124129254,-0.17537763161741363,0.01846634818097279,1.9597456611206123,-1.1515261497633476,1.0448108953047142,3.180852876512956,-1.9963202151219455,0.4441079729592953,-0.42471321760174274,0.4882935250976294,-0.42196559148400054,-2.487242430006702,3.1779709685293387,-0.39578359949021663,-0.48648597389422604,0.06027793009552962,-2.7219602068781743,-0.12886892553053936,0.987965895118727,1.5029026190527495,19.793600666907974,-6.566613274304758,1.4562931647449646,-71.93193730896122,44.27782640558973,-9.900516550044395,1.2590594119437384,-0.9441185249219084,-1.572535281298053,-1.9918260612692436,-3.8656162786595263,-20.86280344648208,0.0
