floating_base_joint_x,floating_base_joint_y,floating_base_joint_z,floating_base_joint_qw,floating_base_joint_qx,floating_base_joint_qy,floating_base_joint_qz,left_hip_pitch_joint_q,left_hip_roll_joint_q,left_hip_yaw_joint_q,left_knee_joint_q,left_ankle_pitch_joint_q,left_ankle_roll_joint_q,right_hip_pitch_joint_q,right_hip_roll_joint_q,right_hip_yaw_joint_q,right_knee_joint_q,right_ankle_pitch_joint_q,right_ankle_roll_joint_q,floating_base_joint_vx,floating_base_joint_vy,floating_base_joint_vz,floating_base_joint_wx,floating_base_joint_wy,floating_base_joint_wz,left_hip_pitch_joint_dq,left_hip_roll_joint_dq,left_hip_yaw_joint_dq,left_knee_joint_dq,left_ankle_pitch_joint_dq,left_ankle_roll_joint_dq,right_hip_pitch_joint_dq,right_hip_roll_joint_dq,right_hip_yaw_joint_dq,right_knee_joint_dq,right_ankle_pitch_joint_dq,right_ankle_roll_joint_dq,floating_base_joint_acc_x,floating_base_joint_acc_y,floating_base_joint_acc_z,floating_base_joint_alpha_x,floating_base_joint_alpha_y,floating_base_joint_alpha_z,left_hip_pitch_joint_ddq,left_hip_roll_joint_ddq,left_hip_yaw_joint_ddq,left_knee_joint_ddq,left_ankle_pitch_joint_ddq,left_ankle_roll_joint_ddq,right_hip_pitch_joint_ddq,right_hip_roll_joint_ddq,right_hip_yaw_joint_ddq,right_knee_joint_ddq,right_ankle_pitch_joint_ddq,right_ankle_roll_joint_ddq,fallover
-0.0037580843252587545,0.000617755685013475,0.7922548965137902,0.9999672745236043,0.0030207000421481624,0.007460557255259872,0.0008156828614707139,-0.0596363975766665,-0.015491202605137982,-0.007175594878965403,0.08459162111217534,-0.025630370757188384,0.1657477170878297,-0.06369168050107032,-0.008591633086871808,0.0031107153567344584,0.12879159724232636,-0.07025633248081577,0.0006307318340314939,-0.26104471124237166,0.05747363191644221,-0.028045289260723028,0.6300264157916634,0.9989789903249212,0.21661432889728388,-3.9349536478092575,-1.2676986511889852,-0.08149629125707036,5.130622838409712,-2.5260988040320185,7.669693099806331,-3.8789769985587625,-0.9623070854999771,-0.0556852376971904,7.111719505750351,-4.061529106634809,0.13655182699976612,-3.6089018081910478,2.334742014982281,1.9430474701348135,31.939432565675855,6.891719550565349,16.07058419913097,-26.32399326612794,-45.26191024125911,25.998303711172888,0.7547649504887294,15.408067972985947,-66.49380015078523,28.977051005269765,-49.61397778516016,-11.965559602990407,-205.52724285668432,-120.7827165757304,-15.451071343511515,0.0
-0.01124760231269394,0.001894338526871397,0.7926164195853818,0.9997141487791559,0.011303091233526805,0.020994813085703983,0.0017546175738233864,-0.15680222837380153,-0.04578546813384467,-0.02108531271449543,0.19416653303275136,-0.049677900431071,0.28787656422617564,-0.17099332454070418,-0.022147029790633554,0.05726819583657787,0.2819437039559887,-0.11247996257415743,-0.009992816544474065,-0.417143490022028,0.0582884649388074,0.052435486756511836,0.9189239195835694,1.39063428291334,0.07416745019197282,-4.886932538092421,-1.5435220636937839,-1.2382305747508078,4.987273647927815,0.3837291992783675,3.326381814875392,-5.542569658762579,-0.5855729897449713,3.394166509920795,6.889749042522676,-1.086966558443197,-0.29978307824348416,-1.4896402791536363,-1.5129782470819617,3.625013561618302,3.863452783109234,-12.750854112261187,3.273463265258355,41.12378113946482,14.871463611554804,-32.672007346975995,-95.87626894914848,202.60337023204517,-448.51926469875565,44.82144718461642,11.9854321584412,16.3649374295986,-135.75497603785678,114.9959555550783,56.88633338181819,0.0
-0.01990106831082273,0.002340713046016607,0.7942818661466577,0.9992519528099104,0.01954636355189155,0.0332182132738429,0.0031661939882122116,-0.24745906629889292,-0.07525071553421671,-0.067195897033532,0.27985076229345723,-0.012713639780652073,0.3046885957389742,-0.2725220270025326,-0.02961142414275227,0.11798460788631361,0.39913288636919364,-0.10754606134020515,0.0054777549808799775,-0.42349224996845286,-0.0034585904579888327,0.110822979576059,0.7456631281496295,0.968984573649603,0.18852836239198753,-3.9239412082882104,-1.367997759174356,-2.3738958734168802,3.501162415194674,2.7554084230743796,-0.16209208931069918,-4.276648549518468,-0.3277544244969741,2.3746589017624022,4.541841993465106,1.164008786732083,0.72281898186356,2.2651830777674626,-2.2867378350490144,3.0225742192991385,-7.305347375083233,-35.47812588367401,2.033551136751975,85.83131425415922,16.449678573303814,52.286443246097235,-96.01141492376469,78.86462436000627,-52.92532350570334,111.8249269650596,-20.196184094124092,-120.93698159126143,-202.88782611735465,134.64676891219224,-74.5124040023697,0.0
-0.029214795469570124,0.0014439051082850074,0.7967016437861566,0.9987187277647136,0.02574862098516497,0.043475960843622714,0.0027842697639386058,-0.31341992308891203,-0.0970543730181563,-0.11139686752242038,0.31867877937993494,0.054908120979434115,0.29599866433596067,-0.3747504419809909,-0.024378150866153695,0.1598338425667123,0.543766406997193,-0.19254189358015475,0.05388367870907554,-0.4754188462534812,-0.08076709488140699,0.14235033456643456,0.4818357016622401,0.9470368221108063,-0.11899776711599189,-2.673799274412283,-0.7305174415576482,-1.6275247263857522,0.8400744448074485,3.7172149626042934,-0.47821559618964116,-4.851468814057635,0.5425724092587756,1.392109293454396,6.802026740462208,-4.569417532429717,2.355557872110033,0.13308880082842306,-4.194203638387089,3.0632641639645852,-19.19013894174,-15.206383928721477,-3.3531898209497397,71.11863413874197,48.862516503632946,88.6256719088862,-104.31358014420701,24.121569729175018,4.867173232523303,76.75412571374348,24.556342017535005,-84.63101546979304,-170.8711307311213,84.04986801735346,-44.86753535627377,0.0
-0.03932028591969325,-0.001003577553359447,0.7997318720852512,0.9981550258541027,0.02969834491769473,0.05294379576669345,0.001227664921892236,-0.3538369147859259,-0.10332884964195944,-0.1252818677859184,0.30796342715985736,0.13474114558209033,0.28778125295830076,-0.4810297220255344,-0.004139971599224932,0.17576976118364873,0.7247241768780587,-0.3222094354625786,0.07214392875224598,-0.5115134159468561,-0.161147965058598,0.17229629573489053,0.2742168047876288,0.8517184877916957,-0.0737783981401156,-1.5023358722213371,0.020873383180025407,-0.15944703762226062,-1.370757886497182,4.153974968906807,-0.32280360538325503,-4.811303755151125,1.2942619433130276,0.25908012352473936,8.427049183742,-5.771533321148896,0.5299476593999729,0.11251836197739522,-4.64426331567758,2.9928767828087577,-19.226905453788053,-14.599852386194598,16.212713924915477,51.51044608437709,35.95840436483977,41.08689785197429,-68.11118766508898,14.521468184882721,10.868413071146387,101.235487259494,29.74512361510028,-52.07493762784121,-190.63564605706543,131.20859813823103,-15.295747821762674,0.0
-0.049793980644398377,-0.00496986604949519,0.8028317956103866,0.9976786117384767,0.031036705113103455,0.06057135281347133,0.0022851331808035856,-0.37725613622080606,-0.09304899202645868,-0.10056216509982942,0.27261105970993926,0.21047109088705582,0.28359324895443483,-0.5699306124801522,0.019076992574838608,0.15472554048720427,0.8928967823026914,-0.4184298666082506,0.048237887446197864,-0.5255352938900548,-0.2331960537310447,0.14986421586452303,-0.03864218754800679,0.6557045044177867,0.28012987342409956,-0.9172210303956552,0.7494796071767202,1.538097620314921,-1.9623550948118456,3.5892306121579676,-0.12752652148657426,-3.6725460940917753,1.1967191007766749,-1.6476779098176961,7.181677860281009,-3.857777678434022,-1.291151931127161,0.09516241881471402,-4.146226299524736,-0.14299180501216785,-21.838633963167975,-14.341586358061905,23.758535444804597,23.149887863435207,15.139113406492768,-20.683902322790075,-8.262473088217117,-16.325610737318705,7.772951033860922,109.39545516262578,15.134951885116328,-36.26080325986453,-195.74377978370626,95.47492679917687,25.046903773356014,0.0
-0.060155699091049515,-0.010401784636636694,0.8048974641966122,0.9974453620340192,0.02806223055172968,0.06542934514181875,0.005853355242815265,-0.3863707548559543,-0.06670886423857324,-0.04842183903791178,0.2293390528099685,0.2600443822652384,0.2824532631026422,-0.6263567361578178,0.0409837852948263,0.09847925614835305,1.0045925101443165,-0.45457696889266364,0.0053135091779290084,-0.5137708210749397,-0.3043497400294257,0.06574692686425833,-0.5506499810337022,0.37249383918318774,0.3962280133764899,-0.20538445296110366,1.511864294293156,2.395637512666796,-2.154712776817588,1.7452180506070252,-0.015741311199467468,-2.0198281001867198,1.22393019869981,-3.23385085958468,4.113570835017894,-1.109515133133059,-1.9502446167213414,0.20721728750038476,-3.6213866683378626,-4.2210434004140005,-25.394801529001665,-13.11041166610245,10.321960807682157,15.834785087400705,5.49980770109985,-85.90843171850035,15.772919413578407,-70.99194724123899,3.02207940335341,91.14468712335079,27.922656666328397,-12.617028645548741,-166.02448629438135,36.81419764435999,43.625010657112625,0.0
-0.07049327553209724,-0.01698834732047125,0.8048101982436466,0.9974077640963995,0.020736678094153933,0.06814191053184883,0.010218724524590909,-0.38690191590539597,-0.02774300603468555,0.017273303557563992,0.18861167281836907,0.26620610572017434,0.28258783255539716,-0.6530392735656375,0.06646466679037003,0.023536482198902853,1.0512905671878823,-0.4559443070254058,-0.03162110696261306,-0.5222871295550764,-0.3454483751071815,-0.06717562093008268,-0.8954004758958231,0.22391277636013146,0.3898376647044545,0.011751035851212736,1.894606439550217,2.6892429924817733,-1.8285640780331482,-0.1308690406445522,0.02044586756864804,-0.8371912658111639,1.4561748241495969,-3.7524691857469934,1.168461881752599,0.1365397547711682,-1.5308821770735108,-0.8448031923664394,-1.6164654044535363,-7.331384263405241,-12.698042157187537,-6.587485235967341,2.889646946588224,-4.063561030801809,-18.13803176087077,-114.28650367458421,29.276536147679106,-39.55956595909183,1.4035952560704559,48.39010876893589,29.582487524918847,27.749301989173947,-106.14196355555246,-0.6710863442953747,37.970025186387815,0.0
-0.08083381576476864,-0.02404087828981357,0.8020118516825503,0.9974998540960676,0.01146260439814269,0.06824609821642091,0.014322006038597278,-0.3800628920720879,0.011581181228536647,0.08097490397840376,0.15168596572806012,0.254083493504729,0.28118156682250195,-0.6569881442704574,0.09918174390333909,-0.04903855057561414,1.0519754338393872,-0.4516120617437455,-0.0590772286783276,-0.5197783311948346,-0.3565193066055235,-0.2043493531703836,-0.9671338954925512,-0.10217448371968897,0.36296699368317453,0.4391948210237404,1.8056677584095937,2.6812928692398175,-1.6866602915368571,-1.0993603624562407,-0.08503291659834306,0.1759362779137277,1.812613597684936,-3.295448293685219,-0.5338977130618799,0.16774105354565713,-1.1239414793368605,-0.8544252589567776,-0.18214147171864123,-7.415664429816673,1.8121603843874416,-12.022066119880208,5.772759976594386,-1.4283663259253516,-29.94971876629934,-102.65335031880429,28.365064172283063,-57.68292004265063,0.8965901728151067,29.403221881208122,19.00950849217699,52.703513094037575,-36.37896957844592,-8.230283034582039,28.139781438118508,0.0
-0.09130185151814844,-0.031076190738342543,0.7967700932736633,0.9976836239880524,0.002959345967684531,0.06524786365018588,0.01900907642668309,-0.366771694745509,0.04532416354842678,0.1473047078397889,0.1176915560332771,0.22771752698066663,0.27712656898217686,-0.6424954617553511,0.1382356272244445,-0.10345992700270994,1.022403897738906,-0.44724160409567815,-0.07975364470073967,-0.5346636738599889,-0.3457549755921605,-0.31564055639828087,-0.7843831342899735,-0.3938691780425408,0.517200213589757,0.6660896223929583,1.3826185554693584,2.893534845533216,-1.5217385551216434,-1.6543046017823846,-0.21010824663097213,0.9694166410075685,1.987668185615739,-2.198226931050699,-1.7445521168821554,0.15004504862504334,-0.8573063194608237,-1.8770492731396817,0.877502609361766,-6.280896281937628,14.013061187762943,-9.351718394451686,15.886698189227145,-11.89515003601481,-44.55595903885063,-95.93146997223903,29.36558030083621,-40.2731814866486,3.1371857457528454,12.202251478507677,-3.6968394563085414,60.44909758595219,5.574684941704513,-9.358114683181144,20.40980600938066,0.0
-0.10223002298962498,-0.037797060557822795,0.7895569540512913,0.9978865036751345,-0.002868816466309838,0.059616770800718644,0.025693118035600333,-0.3499326392756158,0.06713607875223694,0.21005402793204195,0.08537116243842481,0.19371255700103915,0.2718723383370472,-0.614385024293924,0.17865030861151884,-0.13218243379005987,0.9756550692160152,-0.4384605352113402,-0.0987549960199455,-0.5651217536928523,-0.3268148672524378,-0.40509841943408764,-0.49301076033744007,-0.6369360977323122,0.7811586342189198,0.7838042000714733,0.7280991720908083,2.6275568826349502,-1.4871780426950452,-1.8062619273210485,-0.23938648780522664,1.5482845639833454,1.905855061678537,-0.9165647810029168,-2.278637065139176,0.39749948573400207,-0.8279002633184278,-2.751246403552361,1.131368360656062,-5.356995756030823,17.431800888875365,-6.352658027408462,20.374283874203268,-19.702698509518193,-45.84190997180309,-93.3576585973486,26.14268123620025,-11.935416590073228,5.2516739446650975,0.9959915780444017,-23.54824992273895,48.392362863387085,41.47609929973717,-11.956630179694473,17.596843368649527,0.0
-0.11399882672962004,-0.04413506679027165,0.7808455158128184,0.9980060513778648,-0.005418750330495656,0.052229045804339985,0.03502406790173627,-0.33301500927956057,0.07485164931987999,0.2584204334885999,0.05240938880584731,0.1644142936321675,0.2625025133551699,-0.5770450260418755,0.2138236596037723,-0.13725501735205858,0.9236961498428848,-0.4238618122353843,-0.11815528930027511,-0.6332822792236609,-0.30373652938683415,-0.4220621330104221,-0.05990530336179038,-0.6811420159737029,1.1787692672730183,0.45299501695536837,-0.10414025321641249,1.094160732452611,-1.5559531308890917,-0.2082675517677114,-1.7275663256625502,1.8685046474714,1.2103414625136362,0.046811527800015185,-2.464327614042013,0.7041540785797439,-0.8528208257917483,-8.928946533301039,2.6362903477485564,10.264869784961801,56.0672824806632,26.820916889911672,52.60631929580664,-103.84208832488285,-88.32668441872983,-279.5168400267589,26.76237094519379,329.64776478885335,-297.04331187320383,-25.12276412330457,-124.05012854337222,14.592311260421637,26.63570673697456,-8.61197755085887,19.16310806043143,0.0
-0.12792939943527107,-0.04967816543789649,0.7741752808182804,0.9977186446395161,-0.0006441836247380578,0.0465448703624877,0.04889443944952186,-0.33281958065449313,0.05829989394436632,0.25656907710845694,0.021018225513565247,0.19730803313536602,0.238338864575312,-0.5360772207861951,0.22222902932148433,-0.12529373512928407,0.8703926894629261,-0.4028749303733877,-0.13368683964828523,-0.7439706786796949,-0.2581643195625767,-0.29850915307003806,0.6694331783270715,-0.5568491246443656,1.4640012296680753,-0.31365305299069496,-1.2214852049297642,-0.43313460198057196,-1.2998421163141873,2.271556893818518,-0.3919613810320664,2.047548978973019,-0.07256693856326217,0.9733943919353104,-2.2606294007695213,0.9383608224138057,-0.6636002285473444,-4.876429270918402,1.743360154812789,1.3336106491924486,24.984425930724406,0.948713197165191,-3.1446833488852333,-30.774665986524145,-28.239722546736903,-4.9691341677425065,42.65212145035048,20.564158688660648,88.05651555257745,-8.215741194288665,-43.31619643975476,32.525323429222816,75.87594864122673,-22.189141433439836,12.655748221211468,0.0
-0.14341063931356277,-0.05472808706793804,0.7687207865067958,0.99719988482444,0.008282453860457593,0.04029250350453243,0.0624524204935972,-0.33578783874350215,0.02828790781342008,0.24695578204111768,-0.009809698497644747,0.24720478767727824,0.2731669266098868,-0.4896190920944083,0.2162187194816396,-0.09885177082031338,0.8322220766483569,-0.38452679772390613,-0.1416781396862367,-0.7969861078791158,-0.25729226521602266,-0.2783230097853331,0.810689365915086,-0.7627907470469101,1.267231121973884,-0.08871448535880658,-1.435821813153672,-0.4215845452008026,-1.4414700102535358,2.4792842821294565,1.5914149878668198,2.4385483341259517,-0.3686503361870448,1.4422305397466757,-1.3620273216127545,0.7822773728831944,-0.31336104712291646,-2.1850441926979784,-1.4335401046573217,-2.891972923239691,-6.788658680763881,-11.871166754192005,-21.08424505000442,3.7430576458331775,33.930763023408936,10.394783624764253,30.073534159213928,-11.684775314403058,-207.98011851088813,7.041741494865162,4.420529920701801,0.12131639110024484,72.91319333970867,-16.497917697444343,5.380934148450825,0.0
-0.15984400848663652,-0.06026212206230246,0.7626128174022663,0.9966888572178759,0.0162422098809061,0.032439188938106406,0.07276820416188877,-0.3343735585075638,0.00469039160007174,0.23911916458453483,-0.04214806072706161,0.2974251848229055,0.28420970260609596,-0.4389300311616242,0.21151868234660784,-0.07089751397975869,0.8085027013021123,-0.3838677182333715,-0.13530600115763286,-0.8517280715512042,-0.2931823443425187,-0.32987573882205007,0.6180026426343308,-0.821516589440471,0.9192557271922394,0.01171829922903378,-0.9662786151995499,-0.3360114076533523,-1.523266480882504,2.4357958719317194,0.11213250578838631,2.4566975249638636,-0.2133091373991952,1.1767185748557591,-0.8686215918657068,-0.1400610570572042,0.37261909142311417,-4.015029174110854,-1.902256751263757,-2.81216987018972,-9.289504458162373,3.5642258981610437,-16.55732795817616,-18.377608940973857,24.051359771145478,7.988867479911231,23.776178015179976,-13.062627997341323,-25.74824696113532,-18.885183463506124,-2.3348774357760353,-35.015578785901255,44.239507343609866,-1.8952849220953438,-6.445633188202639,0.0
-0.17791902956992448,-0.0665143859836302,0.7552627166728895,0.9961641708883142,0.02238286917181808,0.02601254374211424,0.08049409527473776,-0.3408787622028036,-0.01083168251352184,0.2340830259997816,-0.06823137843363179,0.3427216739368752,0.28509404681627953,-0.3962577683343654,0.20662881387843585,-0.0543722139182153,0.7953862429820304,-0.4065663369310884,-0.11625283637992129,-0.9498743655522964,-0.3298274595424936,-0.3992654550427281,0.4749459933490027,-0.5316604316766382,0.6962698017215347,-0.649073735793506,-0.5990515700937175,-0.14886525731205436,-1.0821830965891805,2.181839876547196,0.015011280685011265,1.7983127408986208,-0.2583372411433398,0.5268096810045284,-0.4350514981795756,-1.2084168590166913,0.9134141317826436,-5.310714287748443,-2.0054008343956324,-3.5729154004890957,-7.593981249370731,16.23342643551498,-13.095029026413396,-37.9141979429671,21.1523310353544,14.298493334497744,25.834869209093142,-5.146896830515248,-1.7562669664567276,-40.998898374688615,0.32472843700420717,-31.42698320311469,26.88154150300797,18.06812838133773,-17.46996374418856,0.0
-0.19812772101066228,-0.07346516181676462,0.7465405016213902,0.9955559861432106,0.027299657716382004,0.023167388696071024,0.08709924938822784,-0.3628636820720964,-0.0206804618990165,0.23421533625713625,-0.08508072896139224,0.3790697570392869,0.2857288455737729,-0.36894268553791415,0.20075754911340085,-0.04620518509712312,0.7915926163180781,-0.44282195195279045,-0.09721028622723715,-1.0592568861417426,-0.36295541108255713,-0.4654329307183149,0.4259666802801785,-0.13127817952931758,0.6611867148285858,-1.4323727656777805,-0.40361339757519116,0.1287060731278573,-0.7019769978401411,1.5928555596998835,0.031649160386885394,1.0254169343799304,-0.3064691622659486,0.30986711208015544,-0.05748959114133695,-1.7043171254623692,0.8206202422553865,-5.316435549858922,-1.7549776909108108,-3.1671925862170363,-3.1671344480758963,18.286376915415016,-2.949673821356283,-33.33095791281173,9.036436115427994,10.873637402722853,10.513249679861225,-21.67482106191632,-0.7731950943159034,-35.51010782751868,-0.22889025637984178,-10.23571416385607,9.51415110799754,31.806801416718983,-17.68651784440308,0.0
-0.22054783621829066,-0.08098365448026894,0.7366589705840244,0.9947378153824304,0.03187589356399965,0.024244065792755454,0.09430180979982712,-0.4029811523854283,-0.0325753652017229,0.2241659003640514,-0.09098858034510988,0.39690972946312547,0.2859814188270188,-0.35254603324033074,0.1940448556169628,-0.03481156433485344,0.7830705374897409,-0.4781186643174048,-0.08180076050829434,-1.1695337858937358,-0.3867669061321847,-0.5203965034001319,0.467375655339196,0.24694088141756138,0.7475511396755288,-2.371962353416714,-0.6270730348641619,-0.5734531457573363,-0.057255735935313676,0.46656112656062504,0.009011582512472733,0.6188555620494326,-0.3786262395906987,0.6876834233751163,-0.5394911564247864,-1.570330453287103,0.6453124158448459,-5.121593005706843,-1.18337173500458,-3.115152008596646,1.4878299298951154,15.20267196488109,-1.5154491391616196,-29.949271074702228,3.499501906206871,18.57954168316708,14.124177656127994,-36.32907564177956,0.0651013606995708,-23.01917018532332,-6.291235215433531,5.743780681356329,0.06317937221941117,29.182932848412822,-14.990599762027886,0.0
-0.2449716821140717,-0.09019151106475443,0.7278079047508267,0.9941341895830881,0.03190151899594865,0.028091481280219967,0.09945036383649232,-0.4595307293350254,-0.031720088890640506,0.20789594940232536,-0.07983930144370235,0.38509394885431114,0.28576742897830826,-0.3909668214418285,0.20223087675736492,-0.04261776286177105,0.7972877574705526,-0.4710704310292161,-0.15754272050962467,-1.2317125687359005,-0.5034551873420334,-0.3837757798318185,-0.27455672535325903,0.3537852675737118,0.35568175580295686,-2.7206895460484644,0.4874265739983139,-0.8054289870884032,0.5624016774016284,-1.1815612598261989,-0.003922583948750066,-3.046496714982648,0.8369200916931735,-0.7935869550776842,1.5820618931082224,0.6336689349932245,-3.7011072917018213,1.148350186047091,-3.4353394224293665,5.916517383248607,-28.51215790553149,-18.056476885636403,-11.368347693361418,43.328079715376475,39.846430943610095,11.990206707039624,-28.479622663162562,-46.40074944098009,1.4106962517568409,-44.28500800748025,23.781464628208763,-33.784833117226015,41.90815757096656,35.59193041692391,142.11132691195175,0.0
-0.26937164332205976,-0.10113831198834097,0.7222033626136578,0.9937601508956356,0.025917383986292335,0.02973894242888176,0.10432951165611017,-0.5312839022135298,-0.006892016926328766,0.20773816753424384,-0.016407822823118035,0.3424961239160154,0.2856145227966522,-0.44781847568426447,0.21957427433744597,-0.06952880249041035,0.8113583838631877,-0.43639238288841786,-0.22142774481113497,-1.1851045051433355,-0.5677774575874373,-0.19870970056177015,-0.7943051103795358,0.009590881292091818,0.440806079811437,-3.5238521444416815,1.5797329151280877,0.17439274190765722,4.166105835108504,-2.14398585891782,0.0033792981798494775,-2.358455969495661,0.9316305773669116,-1.520817258007287,0.029247043808379697,2.270139632603805,-2.0968808669214907,5.772642105652777,-0.9925084347403065,8.4221157043952,-17.26388210690958,-35.927734729804335,-13.249220787464559,58.11490082150045,14.74405729185273,-56.65687449262954,111.66512041554121,-6.710642874909771,4.049425144629123,81.76795599498746,13.316241881879213,0.7026980856628005,-85.84951853033914,44.7142041462798,84.8456684897685,0.0
-0.29325942119796766,-0.11308874789160267,0.7202156580951368,0.9932831816727128,0.01632741244122458,0.029516132811584377,0.11068303624745707,-0.6327830766187291,0.021271760877834094,0.17722045671844552,0.20446427301478504,0.31037558567021717,0.28799694647874113,-0.48712853848325677,0.2377863107408392,-0.10524511380738137,0.7856136661693385,-0.3708691417676352,-0.268113419013958,-1.1680665579580218,-0.5906216251546126,-0.0069271489058114095,-0.9774145463454165,-0.006236596700409068,0.49148581140234204,-4.479132400234715,1.1345791000881924,-1.4750626285156252,11.716379372965141,-0.35061266479493014,0.14279971910113692,-1.3827662429272578,0.9089104547902229,-1.5934596080912915,-2.1980561645919034,3.6903714928598466,-1.804585273513221,3.8584681841682347,2.9848612670561048,11.245785864652515,11.122209873574334,-17.549019422316846,-24.356255052784494,163.29580291669794,-46.22469641017411,51.03979862191895,-191.6963714354579,110.64453108290206,-0.8242772360777392,68.7797415901527,-6.720825782097849,50.49845313339125,-75.93386940071304,-0.47531407185933716,198.65714947006455,0.0
-0.3168006008163876,-0.1241783635174072,0.72106878983554,0.9926693292886037,0.009260011299858484,0.028654003166196134,0.11705042923027675,-0.7132414259564919,0.027963043134331518,0.15516624280218674,0.4388055085556155,0.2701343661601128,0.29174188119925304,-0.5122880024641634,0.24586468409093218,-0.13484189120722578,0.7389470619515653,-0.30072974876989234,-0.27885808473349605,-1.1917314159739172,-0.5224927527186394,0.10189992415127266,-0.4417979110022875,0.03305960012344347,0.7827510723913974,-2.9849905418870892,-0.33292484465877503,-0.20452593083374268,8.199052363121673,-5.467083757829867,0.14465335308690544,-1.113982812043175,-0.07575137325355744,-1.3200201937390785,-2.57341241558034,3.5051740797270408,0.009698618969312484,-3.102705428367929,2.909878044653013,7.156134635162038,35.266771424586224,8.558072937787458,28.322160575120908,108.30115827903602,-70.36700902439925,88.00931142819877,-495.653621298135,-234.26087031431246,-4.681078183114917,11.055155836287877,-59.057122476008416,15.157096202595758,-33.266042399124096,9.091131159035685,32.605131153167015,0.0
-0.3410701411381909,-0.13424713368306196,0.7237183623792526,0.9915263100798014,0.006766687047927056,0.028618584745819235,0.12653365154407106,-0.767694637746113,0.002573437812548632,0.126949075060686,0.5805209228829615,0.24919809530430032,0.2948660907477574,-0.5323653952722168,0.23653444365367404,-0.16121557291643304,0.6843958803252844,-0.23188774444666477,-0.2618341967565674,-1.226233647353256,-0.48342343562629464,0.15745239857468984,-0.09645949173990377,0.004692172302196826,0.9843388926729562,-2.158901385485277,-1.7230321977942586,-1.4555281360714776,5.847536988441143,0.8893057247057132,0.1485981311979971,-0.8724844445549902,-0.7189075059909543,-1.1633021117035185,-2.822621693782351,3.4296545815111816,1.3498475917387147,-0.7864105913681303,2.761762379705468,2.1398288683975943,21.801546369965642,-7.666638841899477,-6.153338645320189,80.25604831275047,-37.68554812198295,20.807534157130856,-99.12007295675745,386.89582345470535,0.353963490605705,17.70639577165991,-20.886620246470244,28.71190844361298,-4.42363231436263,-1.6757655135517604,41.82950308882984,0.0
-0.36627759244430635,-0.14408579882081304,0.7270492866102031,0.9899977914598622,0.005911115116886615,0.029525624703279976,0.13783203222964036,-0.8124605840480115,-0.036095239083382316,0.09843665622340503,0.6912036859229671,0.2837586697720277,0.29798396940288924,-0.5561294547623226,0.21660041038029026,-0.18661411922442125,0.635564807725171,-0.16926444113577913,-0.17472364289649028,-1.2772305127538677,-0.49231912006248923,0.17048377333048226,-0.06654094546695581,0.1353976369541219,1.1953754086182513,-1.9594052915088336,-2.0048102642241417,-1.0986150901229372,4.961548123945787,2.999396203273382,0.15230085856965606,-1.1910550321692186,-1.1336374170599033,-1.2475197962494338,-2.4642918303792576,3.1188204223861002,5.207039230486834,-1.1980759101444642,0.5538393879723243,0.10768147122791372,8.034755780783028,-1.8471813281983769,0.44668602506712163,56.16976897728644,-0.8990424611419248,54.212840108513426,-80.73232604548578,64.06318925062726,-1.5683322856376574,12.11113756926737,-10.350666442549272,11.93271396615437,-14.475959875166854,6.711246578585595,23.472278684624964,0.0
-0.3921594766795017,-0.1545014299956721,0.7303830939788164,0.9881339190843708,0.0033190521932591906,0.031020656906101316,0.1503930207576658,-0.8507615954794893,-0.07309955176730701,0.07490380762458229,0.7875934530985316,0.32931293662472993,0.30098746932027004,-0.5817727455412889,0.1910842887160439,-0.21915289838333424,0.5891033359696717,-0.12093456925150833,-0.021768192323492225,-1.3062092843598425,-0.5405209834507719,0.16549905934391385,-0.3933914654849298,0.2285368437435873,1.2545965061914228,-1.5975842837681369,-1.591553096928845,-1.016605327381884,3.1730618494679628,2.431694634857233,0.13217538586795374,-1.23662722529823,-1.3731544203438495,-1.9615524637219344,-2.1960067498174256,0.9880903086045687,7.668816628406335,-3.0259206213853886,-4.542780919689052,1.1667515515222928,-18.222801686295426,12.142614646033005,-2.9541471380717965,42.54033918217505,63.48732313142037,17.93795424037335,-707.0260260840404,-52.27795214124717,-6.32471563872062,-31.70963037746985,28.36599941276499,2.1262976916268737,130.79970767862383,-553.2681340292303,-131.53765085615936,0.0
-0.418991340772508,-0.16647642999138806,0.7322652959337997,0.9864657992343866,-0.004094032215882402,0.033798834191118364,0.1603935929156794,-0.8853943016889579,-0.08635473127721613,0.05384459372035483,0.7930434834061059,0.3199639306989082,0.3060290004935481,-0.6264177028065754,0.1761463702444725,-0.25132322323416195,0.5863806420524454,-0.19569316260680358,0.15667850372936176,-1.3498893962215506,-0.6379308930530654,0.026126326759387468,-0.9860280961436743,0.42077492438468017,0.7764923072366418,-1.6955173287556242,0.015475646249983044,-1.135864174496188,-0.5922986608076183,-1.790222701532091,0.2866979124247762,-2.3738532212574714,-0.21595498463277504,-1.4762390410359962,0.09243095696644366,-4.777835356538848,8.717168182516081,0.030890750151165686,-3.581159225421873,-8.172553879196107,-26.51443009623586,-3.742728131872111,-21.09327302939552,5.919420070167466,70.54483126428218,2.629435882932799,-27.60843950077125,-12.643112315020158,-1.7518104878196308,17.981821655967618,54.40561112170185,4.30123934048301,-34.77483490390419,-8.823423807821541,-96.88643711840864,0.0
-0.4472576397510007,-0.17858282421599128,0.7295098284169859,0.9870397948215586,-0.010718478889963079,0.03644460426413426,0.15591455502592558,-0.8938208593533601,-0.04233023123831356,0.05204967809573036,0.6910176148530528,0.42000117966499256,0.31988204743517923,-0.7504691005173829,0.1686172264780684,-0.22079184814846753,0.8355922397037696,-0.23367558108486747,0.23462765133192584,-1.3977374805864804,-0.5954414944392945,-0.25234821816906206,-0.5552362039502502,0.0726980742346734,-0.8843970040449426,-0.008854945701861894,3.7024712650936724,0.5701968882503341,-6.564108931470592,6.722111727664105,0.6984564358014749,-6.28491140107389,-0.5168132069929514,2.5906103294250573,16.223883993837816,-0.3726034640245232,2.5150717175885844,5.222071260288194,-0.3797435769994872,-10.639133353412813,-17.720504280061164,-44.76798122309625,-18.929306271618167,14.707371010571537,133.70121246398415,-3.2232688414539226,-5.152386719019624,-87.07805991154102,-11.140134077548993,160.18477954419535,-18.6000074035648,-0.9726751583428594,-9.29458460419498,130.8020317328759,-76.48530493399039,0.0
-0.4750801340785419,-0.1879502247917419,0.7208029124073614,0.9879570594586675,-0.007020865005719318,0.03441803952205133,0.1506882698680086,-0.8843864495663111,0.020401031157531627,0.08560037820953308,0.5041857627725231,0.42388772184196954,0.32582515347927676,-0.8719777447376369,0.15078743023379823,-0.07078071173549888,1.2940392240483394,-0.4582721790284155,0.22287353357109724,-1.3653396734601864,-0.40040077183647704,-0.5453278836683787,0.681328330110393,-0.5364727778883415,-0.02056111785851847,0.24154229973286537,2.561611677758486,1.3536392544576998,-9.644573209839745,-1.773687758198551,0.11467908235501992,-3.9016145152733346,-1.6184326766111772,9.354114052182162,22.637648432747508,-11.338140096758098,-1.1290340373799372,3.2406473489914287,5.027433226073492,-9.823559043809107,8.165167366027514,-28.551481058917233,63.15879931093055,-78.60457926751938,-63.462256784674146,-123.59414934518064,114.45049054633783,-76.90702123241452,-11.640418113495123,338.4816285802183,-110.56987816331026,121.53155057714734,-319.9900269245315,236.64942631532074,-2.7881312818524613,0.0
-0.5005344744713216,-0.1954633817110565,0.7113063109477523,0.9882782671323064,-0.0003594293484690715,0.02411254732364906,0.15074655082646243,-0.8156797473899373,0.1136950579183195,0.2580657133411113,0.1631424594592871,0.2627715613987413,0.32178785740225385,-0.843588584585816,0.11625137655103607,0.14931070649370923,1.5606073820108333,-0.624161212804473,0.13822108737486846,-1.2162452773415646,-0.3467331060797428,-0.5034106425249535,0.20917177923632796,-1.5088107970286664,0.23804859381930704,3.725182245092907,4.009472802423818,8.404233239265322,-17.476677328509982,-9.516767268386005,-0.30368726413343256,4.987980557312099,-2.3959443362830517,11.57515135967725,7.319739686149431,-6.785313102407751,-4.276188412801659,4.659008007126003,2.575764048072979,-8.76443918384976,-41.86548422905854,-33.76559958619501,41.275585590777084,-144.79506639689038,-180.2267249305308,-488.5422250410218,320.13563624827134,24.407206063480274,-1.1489288188326832,332.330321178282,-113.42156179534147,-2.0910759711717084,-560.962462741322,132.78881757605055,63.10561235444496,0.0
-0.524624966431455,-0.203582497609237,0.6993692088416706,0.986744381079702,-0.004467279627121548,0.008484081771531244,0.16199873510883953,-0.8091024832871734,0.17865552961879516,0.33722266883537994,-0.029846985201726482,0.0771890531081206,0.31287295259710707,-0.6985989670084788,0.03344089044907024,0.2999977189118088,1.5360664318426132,-0.7087935187969546,0.06507842164456346,-1.1939204888270925,-0.4522359927244443,-0.6956996632658886,-1.2330337812402654,-1.4348661375896206,1.892120671628566,-1.9879449332178867,2.8634845123135757,1.3385747084151154,-4.897071286585523,-7.746962125175206,-0.43214587210155636,8.368457433839465,-5.294534410108068,4.2037514050758595,-5.962091600356316,-3.4130721836847635,-3.037892218023025,1.5574826643478006,-4.84291418289304,-13.001050190591053,-52.11079014021784,5.48098147321708,81.17148270953642,-212.10822064615925,-30.30514476156049,-177.9097641318221,391.04954302816617,201.84278346061532,7.445304585150953,75.68531882915875,-89.38775065111962,-357.55300005306754,-346.3452606574121,51.45623810577965,69.01269400013193,0.0
-0.5493158206930996,-0.21237960558850505,0.6837225078374206,0.9822017244877884,-0.01574909298774667,-0.006353989361630907,0.18705979071535225,-0.9129698844784596,0.2366869996336011,0.36211128041277957,0.08978922578362748,0.006340815371267615,0.29925121779551794,-0.5208180717073758,-0.11915992612904258,0.281275004609038,1.2429668188996092,-0.6995931872598861,-0.06457496121680897,-1.247246762759314,-0.4080332024776593,-0.8848007564730684,-1.2448402451073937,-1.2700262313490192,2.657011756689565,-5.915708853930093,2.4551011690264595,1.3598711882289363,9.433622980397523,-1.148118362798073,-0.6820109946082212,8.951477179079655,-8.602920206825194,-4.12794757645552,-18.1809332755401,1.1255603083004921,-6.030144163012157,-1.1035442873534613,3.943134991644523,-14.116092988549466,29.75708286595493,1.2494112976254699,-19.22066517496927,29.933740119652484,-74.48832243961651,-5.09152696196293,50.50059064484746,166.95109344442056,9.869400165062032,-37.3914318700018,-20.862997319205647,-258.55234005198054,-95.5288238002449,-10.763690297911825,135.90901538142197,0.0
-0.5755460478593931,-0.218425386674014,0.6646355859971139,0.979303858037425,-0.022254703763861097,-0.02028735306972941,0.20014271183039264,-1.082225540989672,0.2721574837445999,0.2465980761333588,0.5218574782275993,0.007766886069711855,0.2905139985909791,-0.391886372521952,-0.2713495163689679,0.18394402160633144,0.883285080138107,-0.63697634976195,-0.08642046980400134,-1.401911975532574,-0.1891244275788088,-0.8783492283196043,-0.6000059918435766,-1.178486466478474,-0.3221073150127794,-7.364523735106683,1.4751956261238184,-6.209944067693052,22.499218602462843,1.9965642018953416,-0.3016874701497009,0.08610456161245006,-4.379141477418417,-1.9640919091990936,-5.02898605539203,1.3358023978243532,6.28919652233329,-12.071769144352075,16.334960709215277,22.27716705276555,34.84848356946446,9.985681869228262,-170.9616564681592,311.0400250289137,-56.516913464767576,141.6954936309693,-390.21883120872684,128.3102801482747,11.72345478394859,-696.3219523862168,320.3469085099545,338.27982131718085,1440.2238907609442,-200.56363212116165,-101.5162738759366,0.0
-0.6050868782754771,-0.21850166164024323,0.6527191607381764,0.9810667413175698,-0.02452389030621816,-0.03336081777428989,0.18919218726523787,-1.1640171556115626,0.2766160566551115,0.14048187633040715,0.9135966658787408,-0.006502065386456351,0.28661803986771317,-0.44949930687944467,-0.33749727452507167,0.16585971756643217,0.8990131413203424,-0.6055700828336968,0.04875464737219727,-1.5430079511097885,0.1379559893600523,-0.36946077621090173,-0.32643054401511007,-1.1832796129805103,-1.5735818647197763,-0.9258251792730975,-0.9395673534626583,-4.094308439547544,15.709469805381445,-1.046602504360647,-0.12810728055650406,-3.7202601454707938,-2.9848753301754245,-0.3271823515264332,1.872753362151964,2.554314811545394,5.480532334011759,-7.910428447827386,14.549950845026574,23.946787175437365,25.16259784468132,6.863710168939473,-40.57853938586435,363.4829761953268,-127.21702557239588,150.23813280185803,-473.0846365280355,10.978775794179882,5.79849827222057,-12.992506434154835,14.210290338132703,49.21227793933438,-70.29199336755939,142.29008549135398,-252.6132760270579,0.0
-0.6367444450849238,-0.21285537316063496,0.6487832738136082,0.9844009916136555,-0.022773325691880505,-0.04692465677834567,0.16803017566264283,-1.118307693013588,0.23847813985747512,0.07452482968316676,1.1771996581308142,-0.04347300678651323,0.289084714288948,-0.5123342185958998,-0.4044852362171703,0.15450074165947802,0.8932035697801719,-0.4836848231050625,0.12981881549625052,-1.6188949737930072,0.3821511517621508,-0.0641294583050616,-0.043077517233085325,-1.326169823165562,-2.8037893788011465,4.913387893293119,-2.3695169311263817,-2.3274680983925884,10.551056699295962,-1.6151144629589076,0.19853086915865203,-2.7585210888391973,-3.1873438879303677,-0.4195632858194432,-1.7225956263891113,5.899967603975324,3.126367344715436,-4.144432729116022,9.836140011888714,13.65384215118169,7.729417057029824,2.5889943922887415,-83.2867097231078,279.7175921146859,-25.686991491127987,119.30833324711939,-310.70176230230254,47.21457101446323,1.2879555751116234,30.017749511462664,53.71374353898735,38.76212265888282,-143.52053010704344,-139.3302170903908,-93.34886949215978,0.0
-0.6693872660711475,-0.20454670970864872,0.6488469492351401,0.9889511953625704,-0.023139513254664564,-0.0610973253293071,0.13306845213981247,-0.9837241369909325,0.18687394902989443,0.034343720110961214,1.3516109934473288,-0.06008173957330907,0.29708344947255183,-0.5606693712183771,-0.43697380015503134,0.15077855785221758,0.8387195340233444,-0.37584314142007214,0.13213040482526098,-1.6454511281775563,0.43632531321770907,0.044570121017536095,-0.7617379818227245,-1.2115047376688481,-4.234460468095741,8.109379548918552,-2.5384927462748785,-1.4827337378318293,6.92833188753281,-0.41040570985615243,0.421878799316171,-2.2071478462350402,-0.3177514694504077,0.016704650196453532,-3.488683306613755,4.108187585552869,-0.8175776922681252,-1.629295358121351,1.8543828482802898,3.0427431758620367,-37.984588729681654,13.256056118695689,-81.93589003866447,136.49749171733316,18.37406152755562,73.12259266526686,-210.38195345527797,31.391562504122795,-4.837688807024099,14.567867032912485,141.84076246420494,13.49967928816346,-77.51326568737412,-166.13236063442602,-55.75522451459862,0.0
-0.7030322850129707,-0.19456695495880139,0.6498092606113595,0.9930838644561514,-0.02588503438746192,-0.07373401013167359,0.08762247943021376,-0.8156349438410427,0.11939010964846045,0.020023610608934723,1.4378838174772344,-0.28823771302478496,0.3003021357553829,-0.6011383918277452,-0.4370456374964043,0.14575201084058786,0.7556730650336928,-0.3254447843589784,0.09440561170994634,-1.7427371227959072,0.5091223635720481,0.03665308572341452,-0.7539990241141701,-0.8008169912316276,-4.754673212568057,6.967386724339714,-3.697784427755743,-1.2163883145412318,1.8509116491080015,-21.36612581010079,0.012934802775230568,-2.0744025789011236,0.4123958574318459,-0.5195424512629734,-4.623901338186831,1.1295393258446604,-2.310006711394723,-8.219192511625195,-0.5845019870898357,-2.867269321897023,-7.685256026798097,39.32621523087383,-21.60546358139881,-242.91600425485015,-1.254957064190549,-76.77441480268006,-238.74526350586052,-144.87801272333644,-6.908622375583326,-17.035219276672702,52.78970611810236,-32.75762427954866,-47.93160380293534,-149.92314744784858,-32.384623026872774,0.0
-0.7385189053255664,-0.1849664162180034,0.6496277358347202,0.9954528914918368,-0.031087541768291392,-0.08319326790649215,0.0344381437128197,-0.6916978216027068,0.052844520108465104,-0.005043922366153824,1.4254188033886943,-0.49486803970677673,0.29989200546132,-0.6434076227638101,-0.3973185143783026,0.13971842743049792,0.6740016060772673,-0.42643391715583623,0.06234660765992389,-1.7975282022569596,0.4602070145133259,-0.07187651234322433,-1.148312518264767,-0.6911921160922797,-5.796829441662736,5.423793885913119,-2.8600975979178545,-1.060353755881714,-1.5069112305005743,-3.6077931298473094,-0.022755877990024355,-2.0428358095089205,2.6606489503865753,-1.7652682203691508,-5.070373174296939,-7.579803365143321,-1.8280088195511977,-0.8234038382503271,-0.5008796043141803,-10.310476623339449,-11.892291543026577,-0.24554306135336873,-74.10731177933876,-20.489694787082882,48.368060923776255,138.82539007582534,-48.671988360746056,1893.2114423325693,2.4158437346013155,-8.96607277432772,54.280270740804916,-230.25991776664253,-117.96119801030471,-81.20058266528143,8.285267385599692,0.0
-0.7762826914518369,-0.1804722850902534,0.6481217701184053,0.9949134724054091,-0.0429067101662869,-0.08889195936264746,-0.020110102177428084,-0.6319091983405399,0.06430107605797314,-0.02105819321113136,1.3419314578616925,-0.6213216349828138,0.30127521815365554,-0.7494919125261668,-0.3045754819356736,0.08938133279517005,0.8718746625161602,-0.5007675263875409,0.062325838343307884,-1.9390456657734205,0.07646069114284378,-0.016198841191641673,-2.0080550055045907,-0.3306966404497791,-4.7683707656473855,-0.41761202814703713,3.1829247826716447,-0.06625363253984003,-1.8988178352879859,-0.31994513945752345,-0.047133955752124965,-5.251317263657432,5.569945790043681,-3.6470595272084756,15.072388114080333,-1.4599659678763879,0.34890949995095677,-3.119615745557902,-11.344269872152934,11.992303683615924,-23.820692457016232,-13.748801871050967,66.81629048125885,-251.62928785008847,199.18951883553302,61.18745407057033,212.24406685889613,618.8125315099093,-4.854376126810595,175.9686709909333,53.279137415728435,-130.7718664605669,112.19762933820162,172.52908059327007,8.825993192465221,0.0
-0.8164037746493675,-0.1794768429259385,0.6500574316610677,0.9925103625414772,-0.056135216709193594,-0.09072422171747353,-0.0595074221131725,-0.6742640218972704,0.1345677505596129,-0.014689104611431126,1.313395111554247,-0.5462846428229576,0.29799865895206656,-0.8201704641649984,-0.1856864666425196,0.03705338963188645,1.1668193780558551,-0.5217416194219278,0.06405377356865186,-2.0554559866834046,0.059038638643756386,0.2084173032344241,-1.3327911085279205,0.13252878658533812,-3.041081690755258,-2.697544879726518,3.1710510683486772,0.36497347833784677,-1.9173916387054406,5.812578161643699,-0.159783443470295,-1.7488623793167226,5.730952912996219,-2.4558484343075664,12.787368244998094,-0.7051946504271133,0.025950890639763215,-5.436829382874867,3.06274691258172,13.445818343620232,43.550644604313874,21.873426389788914,85.4288287984729,-17.611056067327578,-76.51965441643215,-7.09904304177071,-111.22994120530694,161.5765439271703,5.215678958047976,208.67907197599504,-54.65806203329799,-7.55833677430747,-297.4594720930912,25.746525071134528,-2.270040216856807,0.0
-0.8595802506233121,-0.17679282213844713,0.656277269774024,0.9915729450905879,-0.05918520531349023,-0.08356207642729703,-0.07935732744703577,-0.7389088765593538,0.15813631137886258,-0.0129771083409526,1.2391678089511469,-0.3826580839489582,0.2962203589295637,-0.8342362186295149,-0.08534934530805467,0.004948981039288392,1.3832813159127775,-0.5659112273070529,0.06059659943678492,-2.2458409792572476,0.1985301539399648,0.3927788530291971,0.07952019318431125,1.3775931593458004,-0.9739331535827287,-3.6162415598345756,-0.35446938475114076,-0.03250371309878827,-5.058790164091469,8.634249379960103,-0.03427512812572203,0.1681699107984369,4.282139478452383,-1.1557119522171448,8.694202574070207,-2.245283116784045,-0.17681571844550606,-9.853373953958918,6.994275470432919,8.400707662652033,65.05163113598735,66.68736383544852,104.4966125689461,-45.95440541004087,-153.83169110945337,4.6439452553301255,-132.72162373764496,-48.94708490200272,5.025529033499069,93.03846033996652,-90.65111203345285,37.07791778811121,-257.1068343779381,34.115498307023316,3.4327208631074986,0.0
-0.905307434354936,-0.17240149810473843,0.6647804122355025,0.9929006618784272,-0.053270584625858715,-0.0680420099930354,-0.0817361935198039,-0.8054012535171685,0.13441123745720404,-0.010279695159803637,1.1066110464670427,-0.18934041844737493,0.2976308011836375,-0.8070968558538575,-0.00722064812296696,-0.01165979953181473,1.5425814268963973,-0.6185071525949674,0.059702018678065745,-2.3189096004657097,0.23800516714825232,0.44015636354748233,0.7213883537959969,1.8142288231702763,0.44647232854220525,-3.1889424477150357,-1.7557455910285356,0.4618303370481537,-7.852629566661202,10.36614962356547,0.11042167198789982,2.370099149588523,3.498773045626711,-0.726019106196399,6.831082511775545,-2.2858935466840213,-0.007086913721961543,-3.5778217688873992,1.8499801882648788,0.42168972323193915,27.77543251801492,23.270465308604123,68.53419737848945,1.5110396063709512,-46.80072431159057,54.81305362387361,-110.09205753274873,-16.366329975157935,1.6818937223395392,111.26932035449643,-50.86744525049373,2.218002923258769,-156.32627247323848,55.37605205455932,1.7294382378959785,0.0
-0.9524169889024902,-0.16825791772389342,0.6720781270841893,0.9954405043092616,-0.045261469514184305,-0.04685020680954311,-0.06967538934115794,-0.8686573960496144,0.12097021270534344,0.05439446519075423,0.85975327771877,-0.1366321824560038,0.3012785643367785,-0.7376757284569246,0.05786179442440694,-0.022251468244909974,1.662903886839547,-0.6791529794428447,0.05777862232072035,-2.3708705694513523,0.18179905739091248,0.2625624387065406,0.6282054179704629,2.3410962118086918,1.942705851207534,-3.485122050051186,-0.17327956872896674,5.124373526493679,-14.572187406946068,-1.1923430587112238,0.1823638815004892,4.349930939169651,3.040362406337152,-0.5449469988314565,5.120943084468811,-2.73355350966132,-0.09909504784333736,-0.13089019984047515,-2.5018344871786553,-14.752663876097257,-14.367081855348957,19.094796817007563,69.36798713367767,-83.18707953381559,4.7995363257171775,136.82272721810045,-24.23772268990585,-151.22021764544104,-3.7556252301181026,95.62329655910025,-22.21719880196298,-10.957145260282864,-111.556951624996,61.099369845800744,1.6375495338970758,0.0
-0.9980943190009542,-0.16463068135281095,0.6753176466527245,0.9976308942257285,-0.040672389713846784,-0.028453002581313818,-0.04763173569633425,-0.9546775065628784,0.09124078724728375,0.11077699935295485,0.6912450954681663,-0.0722613259530816,0.3010043377369367,-0.6027309863651794,0.11627049257466551,-0.03463872024252464,1.6386831237240036,-0.7484550531417956,0.011978471568223237,-2.2160708830278226,0.19478353640269772,0.056587310887244724,0.44649461610033664,1.3541792926541567,2.463954013408394,-4.922027381099524,-2.4717121675472717,1.088542557622064,-3.830752925291975,3.7630353682224538,-0.07716559533464686,8.078756077203845,2.67978061104956,-0.3509034972454167,-4.869785593719853,-3.3635670580706094,-2.3501451064239722,6.769104505667881,2.788527712453111,-13.270006221900415,15.40181532338308,-41.489791767818325,12.320439535624999,-51.38590214493834,-90.92641960439258,-145.51234033077756,424.4661749626512,-36.26440031664269,-1.792349411171688,97.38544513398739,-42.10096377355665,47.6449874165587,-279.84710935618693,40.60293729626529,39.31165135983395,0.0
-1.0407768872643686,-0.15979909516258806,0.6756432509954039,0.9990592737857559,-0.03488639154811388,-0.018105278150342737,-0.018322282896179817,-1.0671758693796998,0.032356201333734916,0.15918638843422764,0.7673319057796222,-0.014180075814516118,0.2934303118581238,-0.40265853744356633,0.14725673371622847,-0.046287193639022194,1.313911168819329,-0.8065180285977217,-0.06213787018180757,-2.0934593100804504,0.3172789132119083,-0.06449621758726884,1.0851866603640055,0.7419412696308387,3.2248939670796517,-5.49826463971767,-3.778966959592546,3.3307264582435714,6.873626612225183,2.8800252482051993,-0.43773034425848417,10.544055371777652,0.3396760801782518,-0.4067361848870026,-21.533274145170505,-2.6025528383455456,-3.3959675020092437,1.4969946553298803,11.240150987113994,-13.059877056857843,76.32372366851015,-8.519970803243544,10.437811361376248,56.27201477099961,-112.77669101228656,89.11120213468143,121.79981883313927,8.404492099144624,3.0001361976072736,-30.868807584973425,-152.39067536286174,32.27059841363807,-246.8310281327149,40.58096098484466,71.47463954922213,0.0
-1.0828848691062054,-0.15257942196584884,0.6738763219517595,0.9996352757568663,-0.024179410929718537,-0.01085804831106904,0.005174392375880004,-1.174463525011898,-0.03696603894475996,0.197276975771775,1.004815314350503,0.0016242315126307303,0.2860132815683598,-0.2931593072832694,0.13051823241592184,-0.06434452447106852,0.9918590694592025,-0.7845126039079962,-0.09151156488313311,-2.1537287615315934,0.35940926369809073,0.03444579459093924,0.7967669718297612,0.7060834750439274,1.5171765087972913,-4.183338916702652,-2.5375696605071054,1.3248605090991936,12.443950176287833,0.7921389209306521,-0.29875060955847227,-2.2054404712360025,-1.362064213728969,-0.8128015771113446,-2.7956150944822595,1.4543731791866839,-0.6233108097861617,-1.8693870298284008,-3.4888242987515006,23.2433181908691,-56.13580574556434,-10.435565109761727,-54.41851176555999,220.77157278665254,95.86278982171,-57.246925311268996,-123.11871059062939,29.85424555074432,8.417029469647048,-572.7189360302126,-57.14889632659581,-62.699914245430804,1020.4508593438767,133.09236524792956,84.22003074855718,0.0
-1.1256980211111327,-0.14716051563556629,0.6793841079792018,0.9994699558599078,-0.025372622402022937,-0.003933303992003453,0.0200141571280097,-1.2112853051489323,-0.07584403862699804,0.1974594905942907,1.2316690259210443,-0.02248982781901793,0.28094648402621686,-0.3840127506639195,0.10569882462022394,-0.0994168166328965,1.0103491613387887,-0.7198563381738462,-0.08025006119666042,-2.123829974282389,0.2006162749654684,0.46582308475958756,-0.7454003656420469,0.6270763179925156,1.5948573492394233,0.3687871357157503,-1.5040003383543086,-0.8355809348039726,9.539746987155759,-1.316009092004922,-0.20207812888846832,-4.8574854843660775,-0.9560416622311665,-2.315892185484625,1.0314536198640196,4.620191982362805,0.9723229671791994,2.1269993290357103,-7.356066301466248,20.290309232806855,-64.10287421849804,-3.6996714113589055,12.213803761253043,262.2330043268644,53.77394570121048,-79.84446040510903,-244.69174754085662,30.953787470786637,5.9941566304135625,53.61821985299963,42.89305502820677,-43.00870390753719,-148.17131281084374,139.57292531789454,18.38418904944894,0.0
-1.1679060603729972,-0.14322889275862669,0.6903376203306499,0.9989233042385601,-0.03405050454887947,0.001798679361442309,0.03145727486033302,-1.156141808284095,-0.08888264091664595,0.17505194101384525,1.410740704689822,-0.06874535627488916,0.27961842864505915,-0.47288999367468626,0.08371558218685483,-0.14379677121391524,1.0132154305316508,-0.623977480745099,-0.0567509569135234,-2.0970642482769986,0.20287061123489136,0.6151520435980232,-0.872141722772633,0.4847474775017997,0.8001749510221785,4.981625383219149,0.006777088266280207,-1.3408296244404199,7.588119589316727,-2.039860727255463,-0.010488989041526346,-3.856947505944694,-1.229202209064632,-2.079371140676678,-0.853178381182703,4.460297322130664,1.4261495637171155,1.9418190531888484,1.3101509976484587,7.177224132666219,2.1401922009575105,-11.775446880408271,-44.29920099736893,264.35510350885613,75.30218562195552,-23.019625478630548,-201.67264377549066,56.88116783384768,3.220249650375368,77.82644452695126,-4.792022405093064,27.979984348851968,-113.46159545903241,-92.87943081889318,26.21902572081486,0.0
-1.2095157453290568,-0.13807391974909622,0.702190019087209,0.9987215123382225,-0.039848543471831324,0.004584479113130221,0.030763889989528705,-1.0096928087138308,-0.0709596393045155,0.13065388885079177,1.535323514354435,-0.11275232451306455,0.2837216346731389,-0.5459812373346832,0.0353143368163176,-0.18881004372646643,1.0011255876367098,-0.5630172755574846,-0.016338941046111093,-2.063017375795956,0.294968697548086,0.5632038399571857,-0.35938946148849343,0.17295788865279416,-0.7682167611106243,9.144700588993434,1.654993892538821,-2.810394628208753,4.793492376922651,-1.7994611846775221,0.2568441974736521,-3.5752833909629977,-2.942118743250721,-1.9694686479146952,-0.4840057601722722,2.385673734370933,2.0092753437689232,2.3573121085895634,3.5523524628386327,-4.53271169048312,20.101612504003864,-12.085446875279057,-78.9929636258002,189.5851345194921,84.21964108241431,-53.24482514713554,-175.29455947378918,55.75057463396398,-0.8281781956165852,-0.48982378006953864,-27.605392262921743,50.93090779170685,12.413318776542177,-48.449035927028824,-33.26891814817171,0.0
-1.2500680158519797,-0.1308838380575418,0.7122989648750286,0.9990339009129544,-0.03963062588513723,0.003693312444556853,0.018628949562013324,-0.7856617136912236,-0.04292893492824731,0.05518063424733118,1.5310489226360535,-0.21371257097316096,0.2875235588199071,-0.6119426349818521,-0.042337789004696424,-0.22375291492019045,0.9946495586019685,-0.5773928265826125,-0.0037514477845905555,-1.998712539729785,0.3896012924465995,0.4218116802331423,0.20345123278242805,-0.1608153678035296,-1.599385281388657,12.251816983448302,1.4457881150958038,-4.282193961696138,-3.1787298847114145,-5.348395361616538,0.14524016053914898,-3.1667436564120357,-3.985206553541211,-0.78902457863917,-1.2441666270370706,-2.3175233670921878,0.1148845240344049,2.6896062621575316,1.6121296711144297,-12.896693928204078,9.678386032276293,-6.946941294831991,-38.160078583701804,62.02306820347801,16.304554916611906,-35.03289900647747,-226.89419607265881,53.12770005136915,-4.271083389455722,-5.109652111521225,29.404258428392033,157.71221091997828,-132.60371213250403,-80.04731404074303,-10.456027822511814,0.0
-1.289114755539129,-0.12306423472744657,0.7192172924442389,0.9993295487164082,-0.03660797884013658,-0.0004361281314503752,0.000344586348935509,-0.5086791985370127,-0.024351158137911298,-0.019322002464611375,1.284503258391045,-0.30873780461134215,0.2856619970553762,-0.6725882392974752,-0.0914477565850093,-0.1979109266956234,0.9813526169262156,-0.6402210112546869,0.03237137024952145,-1.9382133472675718,0.36781807991065063,0.2276639951166389,0.16860343924020896,-0.35763454815201234,-1.9444121862336572,13.752739328137556,0.834607217096045,-2.734620318994784,-15.97381829195154,-10.029882129982528,-0.4870296726682384,-3.078856247703205,-1.236527332252016,2.3085994371306993,-0.19347208434940177,-2.9481502172565484,1.793479145626164,-3.7184643288629187,-1.1379836222635853,-15.243339301221173,-15.389906733563837,22.571377387720037,24.98165088514272,-237.98287467610268,-21.365122576090165,362.5577319032988,53.49724691733797,-3020.0714030676836,-184.4741680366898,-26.27121713305216,77.62032782575983,40.46847820097086,48.448569459034964,53.25884184785658,-36.31627088345748,0.0
-1.3289585816532834,-0.11640836693197174,0.7230514177267526,0.9992489639254443,-0.034657990339571634,-0.00025287412852916,-0.017328238635919688,-0.2710199671835341,0.026018736726643756,0.033144971800999366,0.9003289539862791,-0.6982838717056434,0.24129263677180907,-0.7489026681752514,-0.11022716289960742,-0.1641399257574547,1.0503334031558187,-0.5866467677461356,0.02397868698142402,-2.0790673121649497,0.2898215757718486,0.18612254503232428,0.09825162545855148,0.5901273729947216,-1.1195658167680698,7.808277678058088,3.0253703146818633,4.760912234369101,-17.668810710464324,-15.107778497552701,-4.529041212293219,-3.972801458758622,-0.8025424326474025,0.9294535158251129,4.804642663371362,3.718110708084959,-0.7268312728688499,-20.520940192117173,-0.7145876599519609,13.799945747763108,26.841155790901606,92.2971832084894,155.6849095134931,-1452.6309630188014,-201.91228974408156,-417.55012891356216,1985.752825743557,2306.500379215873,-1585.4797616593467,1.7242825947457905,-93.22578131053571,-108.2112496855889,-10.22137069165121,-3.2313216809563916,11.23643901995587,0.0
-1.3732821964694935,-0.10963013646407241,0.731426507025951,0.9992625783368319,-0.028485822036347454,0.012024866638300966,-0.022765325845915056,-0.290283725208408,0.042502548087816845,0.09593179122111543,0.7689810931198725,-0.6655774697713125,0.24922318215611297,-0.806735251099298,-0.11457491565985775,-0.11320143284542587,1.0532692652929347,-0.5130024571809565,-0.03489909061645404,-2.25693102913342,0.3766565499475218,0.5724889732388463,0.9394501797818844,1.4764781923090669,-0.3515094951333025,-4.2434260374634,-0.5506308795644861,2.1483841960374632,-2.273108008025095,6.597534356313358,1.6831397706913132,-1.8710023086286178,0.23603984202605222,3.4982361802479125,-2.1882375098753495,3.0119306333045763,-2.9488419000771704,-0.34763166577109605,3.4178774402437027,13.69623837571927,31.02146814800295,4.476605988590823,-2.980205938460731,-139.8301429222613,-111.47852298885724,-64.87994700276366,183.96898351141394,205.98377709847767,178.85335817692743,116.9958328473197,44.66720005560713,68.16365318372439,-150.3704152553296,-87.71915285290463,47.690045625824126,0.0
-1.4182470904945736,-0.10266140888148187,0.7435383485146997,0.9991619143564728,-0.020552246878399367,0.0253568147635963,-0.024700323738788103,-0.38585218767544444,0.024363254537618263,0.11883759083297625,0.7397263934383349,-0.5167295743096102,0.2917401149999625,-0.8229306853513798,-0.11339739290949725,-0.07969858109491829,1.0024589383522697,-0.4853681582272136,-0.03836165996591379,-2.228619779076512,0.31080492657453457,0.6064269841117199,0.5471259489435266,1.1825871245817878,-0.09776963416085038,-4.442357056966792,-0.7211206032316364,0.7668134642125614,-1.9062229898938716,7.86211691437774,0.7492128461065035,-0.05677862767266295,0.19058490104075063,0.35822070317097715,-2.3334033239373055,0.7758770559389309,0.3328826168030062,2.6137881278104795,-4.655997779484552,-1.8107476608236865,-27.127693636014758,-22.716981887006224,-0.3832069877710296,68.81927458112675,31.86821805987893,-25.51615006370258,-87.3112866084698,13.326345610633112,-90.74334305860611,73.01546109422813,31.00496026502951,-127.36653969843594,56.195427860489644,-35.10175329791447,5.421191220937146,0.0
-1.4624860048412327,-0.09755524763436484,0.7547871266856797,0.9989603201215053,-0.01687824999289458,0.035829480749967224,-0.0225754691889906,-0.46059202778306846,0.00997547057311552,0.12360114797907515,0.6747081157049004,-0.3471678615957556,0.2988755023504953,-0.8246969372711058,-0.09570212042285306,-0.05865637498270997,1.0278903669592954,-0.48732586348038076,-0.04531599629030739,-2.1998089327109374,0.2041337585297372,0.5225029582449785,0.06792313889762389,0.9402415523008061,0.49392710049125876,-3.1757978982487227,-0.5844289696994318,-0.17129253311632206,-4.13078027209947,8.343982417168528,0.19762021420055276,0.21742528223159843,1.4195226915679044,1.1711630437024834,3.0126481330197654,-0.13078530177937167,-0.4339872818742095,1.1979356799233156,-6.0163802675448945,-4.809167301535535,-35.57782986831571,-12.493151367428236,26.686790412669122,56.68965600443947,23.082583683512777,-45.15594505736157,-73.50696413378449,-69.20905578273428,-9.056200972982547,58.04118723989957,54.603820522220644,-21.69961753223955,103.95857230948111,16.605734648909777,4.445220477017321,0.0
-1.5061815707658597,-0.09413333120272115,0.7639159704059428,0.9987295025338436,-0.017541897165302404,0.04364916721141969,-0.018066898297482533,-0.5109846721169939,0.010249893921895082,0.13422119422849074,0.5792901065257906,-0.19325013505159283,0.3002022201359654,-0.8047649108903414,-0.05753788974466327,-0.0437936188837497,1.082668491451668,-0.4727505750355766,-0.06132305608501137,-2.1770571141081123,0.1452982440414258,0.3929613176462271,-0.24734447635031614,0.6532695798101936,0.505616932177719,-2.2227193780444177,0.3810555190142636,0.92068508028394,-4.748289703578867,6.063819953499056,0.014385254725651582,1.635816352072811,2.175667420421489,0.2654560515993945,2.3568973197611234,0.8684490262446598,-0.7477880961827676,0.5143571814388024,-2.6720966655987595,-7.819737485414228,-16.079208250551137,-11.938011902041012,10.54792438030286,16.87087869518136,29.22701149972443,30.34529046181075,29.43796478374983,-211.77399700474987,-2.753505897075964,68.57540572001678,20.30371047617014,-57.99203380494692,-51.36607149364035,-5.755212760488408,15.237655303796348,0.0
-1.5495860330781532,-0.09148848997404987,0.7697981776132218,0.9985206956626098,-0.019727761112170502,0.0491893331592786,-0.012150937342571052,-0.5462497964829938,0.02029627322857684,0.1744502559564142,0.4666499337679407,-0.1289713018348774,0.2979477857249916,-0.7645972780154507,-0.008908268395450964,-0.047129565058685735,1.1429926475404322,-0.4684539676514878,-0.07663718765286735,-2.1709355375591053,0.11846739738089537,0.1998286017432856,-0.3166853065990994,0.47174833227811214,0.7547145444950779,-1.651849205000751,0.45886555370323745,2.727861046088223,-6.0926725871658585,1.0913695754213277,-0.14402072030977597,2.372913346417458,2.5886443988149517,-0.6369524187103827,3.0852238792657376,0.07401951939493212,-0.6544159041606101,-0.7209285914978439,-1.5122776224345167,-11.352172765191934,-9.225999321894669,-5.054988523081385,25.699872569072387,-26.667635161866784,-32.740974899464234,4.246949419206755,40.76974087888875,-119.29701886834977,0.1625556093751685,41.940128473593575,11.924964064479932,-57.460028293629904,-24.187747072453668,-0.5784237707470761,15.170551584452243,0.0
-1.592877337246749,-0.08942003037386469,0.7713394747300282,0.9983376190294547,-0.022851908207506207,0.05287472247272409,-0.0020130686292431097,-0.5746436873539816,0.02738752827205511,0.26277840308501993,0.33242395656032286,-0.11984843819671262,0.2924255000172724,-0.7064516796281536,0.04892583708871326,-0.07067038139135379,1.2040430689917385,-0.48319469509149066,-0.10502123062990174,-2.1670091723332483,0.09269928941464009,-0.03321711206358281,-0.42607677989174214,0.27464097482473226,1.2919445947361816,-1.750079218249793,-0.22319888596367427,4.224783526263007,-5.955537040894621,0.10005411184649929,-0.29074503163683935,3.3092122802657715,3.0889756657829675,-1.6207537272819714,2.736894282859457,-0.7594145017347665,-1.3325453237311162,-0.6479036386361379,-1.0781420871570768,-12.771100217537324,-6.633248606098462,-5.979445084441159,35.95852529016141,-64.96808286923599,-87.07168056635996,-112.05068430910146,149.8730695856783,-26.22021852285946,3.3167420653047555,41.10727337995399,19.838285737568448,-46.243783283815375,-53.17270399319867,18.471426388368027,28.069800026026492,0.0
-1.6358553911341382,-0.08753277683378358,0.7682937929470981,0.9980922198213933,-0.02589402165825317,0.054315062456196855,0.013830920603644062,-0.6005281139226208,0.01119711832075374,0.37639833946380485,0.1974478345849674,-0.1275268915640324,0.28208820850344346,-0.625758543180948,0.11868814310634179,-0.10439715662654564,1.2334452011239605,-0.523916501813645,-0.1518691985172402,-2.146175790180202,0.09645223980433777,-0.26689533913815644,-0.36573762342162053,0.02357882609817442,1.8724563164539083,-1.5721245819980423,-1.7067309126985428,5.026265982950515,-5.973320897957463,-0.6708146056179349,-0.5335719192596208,4.392074166209223,3.722074532696829,-1.7703221468003554,0.6741232157760373,-2.0632283074456494,-2.169321889520739,-0.40160785566302437,0.2638533035240384,-13.720570152285877,3.108798161100952,-6.093570134613821,36.35349025477121,-64.18686623422494,-110.2417476998536,-160.55419354302077,157.76327913733022,-16.29169762417197,6.803007656452329,22.294584129412364,20.072726156298156,-10.755769629495914,-68.2025277172256,32.89399825261996,44.51872410306141,0.0
-1.6788242332383798,-0.08456007271003342,0.7605156337581035,0.9975974308741722,-0.024867535761803616,0.05484563501927395,0.03424803494682641,-0.6314550073785025,-0.04170460225346719,0.4924840090505016,0.08553945336391358,-0.11896453577316124,0.20987701002345974,-0.5315636729014005,0.19488973766531034,-0.10952464991852326,1.2051919396356372,-0.578210932038055,-0.22903521479891642,-2.162647030502244,0.1916010142560806,-0.5047184156383975,0.27970480189739627,0.021147994938023044,2.208085596270343,-1.985983206078795,-3.610965714111074,4.884929046841583,-4.38864987593773,0.488154690472498,-3.61715353432949,4.655093279878809,3.624468347419152,0.682336637759733,-2.261373375809179,-2.5937432184861917,-3.6179919456232508,-2.3618234341589712,4.696550023072954,-13.649951442109327,31.750677331203143,5.028767342529178,16.333873142733527,-67.33243953464518,-103.0854312897151,-162.06458266411528,166.83449529669846,-14.59013921377933,67.21959394671046,-27.05076391599002,-39.9361587165277,76.42666630925893,-31.894020646753585,38.22333806162213,68.08902586539666,0.0
-1.7233706985257073,-0.07888273698271735,0.7483157982261215,0.9965563127536702,-0.01433399568495011,0.05799169219637898,0.057506658003337256,-0.7396881064398461,-0.12252541613332354,0.4850382123797948,0.21731665420120982,-0.0559650353794248,0.19497612279871968,-0.43481017986112347,0.23544636419335485,-0.047728749585541186,1.0762931750541826,-0.600212653607521,-0.3323601185130785,-2.2546694582585327,0.39783527429911214,-0.694718322864247,1.649346983111598,0.24638441118535662,2.1590381108648558,-6.0757391904818485,-4.489374405963925,-0.9068741659166679,9.693652934476749,4.353085891252525,-0.1632514021451779,4.790543495361473,0.3218147141703809,4.9357230685943705,-7.83821751627273,-0.8075161428419447,-1.3387256981041098,-2.1414252517799315,14.681651224229032,-9.298396653090748,88.47003531768853,-3.052832481274113,-50.16105800579204,42.786920217915934,-54.78761029785548,118.10885016069585,-1.08987901042358,48.885735184659175,15.294641346678493,-25.076375798198384,-222.3045308763021,161.48628059946265,-15.100107265316806,4.938716839561659,286.06347052213397,0.0
-1.7692127594567353,-0.07012544287508861,0.7320361453779046,0.9953582865917567,0.0035421969613913707,0.0622299556716843,0.07332643978067688,-0.9134510636585601,-0.2019274097661717,0.39288234425809826,0.6137004824351935,-0.01001839584551341,0.224385985255651,-0.3422252195137595,0.1823393940593187,-0.0011902228998236395,0.8388265132360361,-0.6146849177389457,-0.3303995420212867,-2.308145516786541,0.5215134869893162,-0.8950510368693992,2.0860344496031233,0.2527213738043702,0.7321163005273188,-7.8643607999326886,-3.3971775261866286,-2.7157058128750555,20.02619634624519,2.7787934796397713,1.5627436031570179,3.8908474880335397,-4.92686115785056,0.8479299979177559,-12.518385670471,-0.7745479603622488,0.6041932025453012,-2.992052124399734,11.270594861743533,-7.26173318152209,59.97457717272583,-1.059154500847693,-137.40276718988167,225.6437222316295,88.80691762694639,336.8068963715274,-370.4416788226132,41.928023507526774,-13.474882485236721,-147.13541982530876,-224.40471668769354,-106.90191417961012,124.48971939557227,-4.61656549646499,19.501287680746533,0.0
-1.8161920478421532,-0.06282355629577914,0.7160160227852537,0.9953288994893106,0.01218586270428972,0.06823837153499894,0.06719680975910672,-1.0452897900053664,-0.20981921698196077,0.3420223115598592,1.0401380940084899,-0.04745640680237439,0.24055427763992693,-0.3950540140787711,0.1120322195168175,-0.028300016818059832,0.8041711826346818,-0.644896956661601,-0.30020662009307786,-2.353144030053559,0.21412349347123566,-0.609874478349193,-0.08469401347779804,0.7126156661325295,-1.3309948541085188,-4.069322147794418,1.8413739448538924,-2.6625777321876645,18.737355894123855,-2.149579929548159,0.7073590520975873,-7.35526162986491,-1.1930267107860104,-1.0601177114111373,6.410135054918835,-0.542377207813317,1.2564316733467102,4.2602038725837295,-13.123782962187116,22.200088110277566,-90.50054652215387,-2.0021950662452053,-34.1750672621387,361.8364055526692,159.79237794328085,-66.93803590160951,-446.0801390163686,50.5803277416793,2.9658956858938885,-207.57710645351486,177.91305294928,10.60841596399316,339.5196092877247,181.69691028598967,-50.3386954313015,0.0
-1.8621292606919266,-0.06085157637343585,0.7074628070448791,0.9956573625559971,0.0019227115253179924,0.07517680001558212,0.05487411327614516,-1.0748325513664396,-0.1431518850856876,0.2646151317304889,1.3850140786987277,-0.09419245807253147,0.2924859112070085,-0.5488641176768796,0.10177805524907713,-0.06476398614442871,0.9334877792814609,-0.6324405443464687,-0.25090749982838917,-2.2909135897441297,0.014499520807190327,-0.23846738592208544,-1.4346904614389446,0.9324147779055852,-1.1015766153880977,0.20637611150251253,4.8239731097509075,-4.516178514038614,9.195170777179696,-3.1264913917317716,0.723044875376659,-7.147814302314732,-0.7484816256743437,-3.132230062867508,5.006329992046657,0.06168998305250717,1.7580005923366335,-6.625105223739753,-11.769606053268403,25.895597306343255,-73.5307245589951,50.72898657508054,30.837689971150386,-35.96993581494587,247.85439470584714,-139.78743655700444,-1757.3735930224107,-298.94595644396094,-155.02093387777595,96.46082646536195,-83.92823734230129,-232.9154233830539,-245.16221974733318,-275.23377073820933,-219.22480155925734,0.0
-1.9057861350730791,-0.06029328143196909,0.7034596551102564,0.9960791187986208,-0.014861340314158299,0.07544680803229467,0.04374138561098326,-1.0204412972043397,-0.05526065314265652,0.10036044578158056,1.544917849630949,-0.1600037948786541,0.2992100506966246,-0.6615936035538558,0.05196388980442337,-0.15950709873859578,1.0100810227487824,-0.6076839630823829,-0.12437223548024309,-2.0780263769079426,0.053688500334929064,-0.17762685157104416,-1.5480501495109429,-0.634446562121402,-1.4243450474138157,5.527317642204517,4.511186229164853,-9.36897549146263,7.0525368107329705,-2.644449465226924,0.146167044676727,-4.047354311102086,-3.552822937479072,-5.4738402471129515,2.650701062511179,2.3590696980988457,7.319914544458974,12.083138305750062,3.946640280084424,2.0677302502977333,14.92353500014699,-85.11443950059895,-31.22392115434879,341.8052283474258,26.155182520304905,-71.99721520944996,-168.53913027096334,83.93755415341447,-12.023665490257933,186.02729108960867,-80.49885170470995,-28.648855064189245,-106.58805184344729,18.06143428737637,-12.455140369354513,0.0
-1.9451335313958675,-0.05656898764416453,0.7010867992951296,0.9974136388535125,-0.02239804413135632,0.06118620231218828,0.030341544039463517,-0.8217614431351677,0.0051185007080805965,-0.0749149845457164,1.5479619697523925,-0.3424390125385607,0.29488537173262724,-0.7095636899431698,-0.045854386158306726,-0.2595666441710802,1.0574332475717045,-0.6034954568998785,-0.007350596837669655,-1.8814576732612187,0.2842657029388492,-0.11425580249138809,-0.10935694305733464,-1.901089238344924,-1.7127182616310406,12.842405236213082,2.2471058448141012,-7.732342122200684,-3.980678930566465,-9.665359429124011,-0.3139155897545099,-1.2654914761976122,-5.3682542081260705,-4.360483060820815,1.9577008175825539,-0.4349589512028437,3.7780013942601993,8.824255130717178,10.04104277143062,-3.501576192246763,58.74703498827988,-50.149012970455594,-56.48482716385381,263.2322261672722,-58.239958087745606,152.27951890253985,-322.75893537411713,112.39080129092783,-0.5094962812152195,92.29311267071688,2.776387636646877,105.79368759449756,-34.84471194809328,1.3720809198622632,-173.06197024019212,0.0
-1.9817940106947713,-0.0501096531337981,0.6983763520150216,0.9989359456245849,-0.020020493787919615,0.04097166891806415,0.006890479930458167,-0.5146194191553415,0.05376756214040949,-0.1707247377845818,1.271061767187933,-0.5367397593056489,0.2851816977808259,-0.7335265611316084,-0.127409148101141,-0.3092313659431091,1.0899138468519332,-0.6149435285627629,0.06451077347169606,-1.822945130426532,0.3363996159541072,-0.22281701339172164,0.454293560725135,-1.8855893747326935,-2.959678345809531,15.913161881324356,2.5110715564294406,-2.3760086350258405,-18.002050986473783,-13.955593026732366,-0.9199758777737674,-1.4866548309911585,-2.6377004577976884,-1.0374811401713142,0.989293339575543,-1.0823036069350316,3.280137422984446,-4.737350052730593,1.110426386502025,-12.609839216091643,6.952622660895783,37.75566104045624,-41.90261523569735,-161.9193204508075,-41.92313680302075,328.97434513022336,-22.792404823124002,-2680.6863663232066,-239.6859250913402,-48.97661450507208,167.66149293186953,154.51007084306872,-275.72230564084254,-322.4387304515689,69.69253957937855,0.0
-2.0185488195735655,-0.0457056353844809,0.6956477543591408,0.9992317116486543,-0.016491397069045146,0.026111169995041875,-0.02412938167258656,-0.26053854640750185,0.1322499961016186,-0.1308181555039247,0.8963418321206722,-0.913818074716278,0.1449005374879369,-0.7783394683286892,-0.14384655289854298,-0.3121554619014263,1.1681293555711334,-0.5515312809004367,0.1015613873957166,-1.8942199981450978,0.12365279767379872,0.0696299513355885,0.6554934569994895,-0.8795359618323364,-2.706492219711518,4.189822765438539,2.9699821801070723,3.362837539257341,-8.234551897033729,-5.302562489784058,-6.908893112192624,-2.2433195565548707,0.07181069458085826,0.12743499443233428,4.604324870500646,3.8597269419310765,1.3631048791991998,-3.864287864581825,-10.9327311844139,33.118676012568784,33.31075563791229,53.32004006033675,45.93853167323764,-904.3178647381391,-97.5563297735391,152.88084815333582,1068.6659673882584,2603.2690985308395,811.2247588595034,61.654281296512934,86.81396883705378,13.425541111345662,-33.230420722822196,-38.23613721528474,-33.77150471849728,0.0
-2.056970957162666,-0.04434402426958514,0.7024450523779127,0.9989121795927113,-0.0053558185947750305,0.02257118770829631,-0.04045138012424593,-0.28419037993175184,0.16679120961445978,-0.058871170242393606,0.8487575706204932,-0.7874677525736549,0.09193478523204367,-0.8160086395433007,-0.15270671667860197,-0.2859158785695501,1.2692305029098565,-0.5192812880733859,0.0638561869293327,-1.9186395733748018,0.03720926400422929,0.5406794976369209,1.5012744957320947,0.09585155994136793,-0.8925866033292513,-3.090742687920777,0.22072739916675987,2.5164342315695967,-0.2918837750472245,6.417865564157155,-2.6385547730221703,-1.2949042515867417,-0.7858707901954367,2.068370053489451,4.793667988415734,0.9249894177550372,-2.182119377439356,0.8960648380454649,-3.940396765438832,20.034480816983685,25.43863411152875,40.330639539962334,71.70850528966815,-82.53434554197025,-134.6625005683275,-123.36557197882317,3.9038941107691625,5.207845537461369,9.38793709931669,81.97581429953316,-25.757881864602446,59.1797112371617,-70.53871026580758,-31.68090378710392,31.788095403618932,0.0
-2.0954563466832083,-0.045281962638488056,0.7170838271664224,0.9984897517944596,0.007955994777008882,0.026336246832076433,-0.04755333649016613,-0.35211819204273276,0.14461589866458263,-0.04262258525215101,0.8356824201827181,-0.6560617951731206,0.17484085283627812,-0.8190266968427744,-0.13490023887254018,-0.22716968771528973,1.2906137286707553,-0.5656593593758149,0.03510655992683847,-1.9266139502909805,-0.12361898216572612,0.8569278016390898,1.144464876867474,0.6799234628510323,-0.5049469104279175,-3.212402757688193,-1.4811462749597766,0.05718030333668914,-1.871943796116414,7.024276953331797,6.331804067255397,0.6380953878683822,1.9289390655686582,3.176228372459613,-1.0479049654974868,-2.864667279222609,-1.1533156426565085,-0.3236537612272487,-8.811751426683273,11.133375834941674,-22.731787151751963,25.727539046653366,22.901495486138423,39.021248451478115,-1.1271654997931049,-45.85063989942182,-172.05350526784872,53.62233529409925,101.02126229938273,73.92096603388258,84.34279622022865,-8.863056222112679,-158.51321536321214,19.284511154479322,20.91595824037065,0.0
-2.1343444249923618,-0.049098592065960296,0.7351166207325099,0.9981810996533624,0.018021644524715,0.03495333785774186,-0.045694384731958276,-0.41395684104079394,0.1120632996030408,-0.052617323868093244,0.7700296934644751,-0.5035255437632468,0.3197480777741673,-0.7877964502048997,-0.0963520654785894,-0.1662837266875843,1.2510937969648688,-0.5944729860967845,-0.0024170004337206287,-1.957792481602925,-0.25357543873536353,0.9017898559961601,0.7458071666256855,1.0808545903067637,0.7411181730433207,-2.7658346686835302,-1.277725807079668,-0.8583894449367746,-4.889081733585008,8.441441190052036,3.4678621154224194,2.1638199459727345,1.8933575071245883,2.7400275415641713,-2.1591570581034247,-0.9551531014435657,-1.7587461451773716,-1.708393371427768,-6.926261977123153,-3.110411001895737,-26.405619460357748,18.44940029120966,57.75932624063444,36.108948600572916,54.533193304698486,-35.670561217758284,-175.79576437955075,92.4713320734865,-520.791854727481,50.855820152803524,-10.324008619400757,-50.410113507208415,21.787368870016024,28.62929441955044,31.657142758945376,0.0
-2.1730533255136244,-0.055744900427802876,0.7515889847071155,0.9980671618739296,0.023082367337402376,0.0432153899746862,-0.03823054768580787,-0.4552177957732494,0.12003604814185416,-0.039871459494919936,0.6485543763196057,-0.3093169743048714,0.33393000216646085,-0.7303900008866624,-0.04665676777063718,-0.12212584031628021,1.2255024519375997,-0.6016291285766715,-0.06599368960957067,-1.925250875838867,-0.3885835883181169,0.7367752914081367,0.19022964537309947,0.7206473998766725,0.8740802803237522,-1.8354946306274622,1.5593758885560023,1.7638528453600588,-6.318690112565687,9.361235185461329,-0.3409100959564779,3.342505977207454,2.717528409230528,1.5287602462224485,-0.501714453625087,-0.1334144025844904,-2.974103324300248,0.4796863402615861,-5.263356584633116,-11.225580626433029,-26.296376221345465,-12.565826085997536,24.35741860013733,-2.7349231344882576,96.1142749983115,100.4411035749215,37.535107419161974,-179.56289815223366,-51.745404384730776,44.331674760623706,4.747775141529114,-93.79394826159165,82.5586228229618,15.120869949667902,58.10751573324152,0.0
-2.2112697572011655,-0.06361267921699175,0.7642849674135398,0.9981550964671976,0.026126459308372,0.04859225359323328,-0.025349643218379403,-0.48538608374243986,0.15500359954198056,0.022950969221081745,0.5061005020316958,-0.20864413966363263,0.32145861911487117,-0.6485856595150227,-0.0031679598859190665,-0.10253560890644216,1.2081585636493901,-0.581693935252517,-0.10951569508211217,-1.9128656861574875,-0.38740313006030025,0.5287020281182981,0.2639324788807256,0.5204883405644432,1.7324980552276605,-1.6953379749070014,1.3837059911045841,3.521143805655692,-7.1179992125927285,2.6233653657766727,-0.6495132624116492,4.4800358323578955,1.6070846950176825,0.4449831261702345,-0.8228697626967739,1.1347562909198288,-1.7257558496839958,-1.2565515583210833,1.4127891134388706,-13.171564047129653,5.461435228817001,-2.035661194738265,53.325693473935374,-62.066414764164975,-87.16600815033163,-60.38266504215787,106.153734896573,-141.2472764177061,7.6998464195148095,25.959919074264217,-65.51432058965257,-59.262094839913395,25.341234083334797,-11.623370245567918,41.24456716968054,0.0
-2.2495525616855105,-0.07062585155482433,0.772674759948886,0.9981814784003857,0.030876658108379217,0.05153140541538765,-0.004988227981439006,-0.5489604301157994,0.1587529115483427,0.06622674136740056,0.48630778383939816,-0.12388980647276501,0.3091876313234722,-0.5339367822629656,0.021990139414565756,-0.09732734559890492,1.099486930677883,-0.5744565686212565,-0.15744705340222542,-1.910069319407574,-0.30710040649754583,0.31993640397705025,0.600385891714005,0.20909157230309935,2.180276155464479,-3.645953274790992,-0.7929321778883269,1.4066169522169594,1.8901351723833815,4.313639556733809,-0.5210223607596779,6.207203763852252,0.8308420339495252,0.32620061674999257,-7.289843238584173,0.011424555857346641,-2.1564340787552014,0.4479683976959842,5.832075455299894,-11.88234780645533,36.155520736316255,-16.10360822470051,3.6088185824930505,0.915898512356895,-105.91317602807783,-49.30814772953556,165.1218826993291,-38.35502623702299,12.662464375324022,9.08857755666921,-57.61821612741092,18.647626858668367,-59.873477680510966,-25.314466954528843,45.635676364019254,0.0
-2.287744536337262,-0.07537869910619768,0.7772293347267735,0.9977065040558026,0.040807842324111186,0.05219384281045482,0.013865588421615511,-0.6322850521335572,0.11327461084924542,0.047042439311359416,0.6159634217918706,-0.044206648945276136,0.2997664668101768,-0.3923650189930954,0.030365672379062243,-0.08358332659996662,0.8312789757834773,-0.5613331605248502,-0.16933506866953815,-1.919824601097168,-0.1608206146927401,0.1292493116636892,1.342041769195391,0.09953018145529768,1.4969644919854403,-3.719095417251818,-3.1187845183499063,-1.1562669088783133,7.504321710966954,3.814392949989667,-0.392157593817125,6.7909993676414695,-0.23153319875889009,1.1122271499540193,-14.886078005448114,0.4858114851029437,-0.15986012078567036,-2.7378268240020205,9.649771163022178,-12.315782615693475,61.26922377420573,2.9068992373962654,-65.87562021405428,94.13857334429376,-67.61681843332885,70.5261360410486,-46.679972603099685,-30.299532101351065,10.003527306212401,-114.37225952630968,-95.2136995948559,46.2675448828613,103.30985459019709,-40.053685618542765,20.011284479013092,0.0
-2.3271912413078866,-0.07769727122404443,0.7769272402905282,0.9966281813570238,0.05697391283467939,0.05478338520883507,0.022023216984777022,-0.6984143429157088,0.04397923669255096,0.02428876634642076,0.7666875491858743,0.006716477398164523,0.29376656190518047,-0.2864600103035851,0.014556656951771243,-0.07856219751842232,0.5639678079291284,-0.521441262067485,-0.12387712408388182,-2.0282364116155027,-0.08134265904544809,-0.12812303261556107,1.7990888082250833,0.4637801515856789,0.23562199135006529,-2.711262028211042,-3.4177421497091593,-0.5638576624462607,6.459874475829992,2.101334373931899,-0.2286642071088183,3.4713572216904427,-1.174044064867312,-0.323181092604224,-10.369891938052413,1.8863649325384935,2.3901231847721465,-6.9292876877304606,3.1643132165427397,-11.565132299055058,22.058468379587858,24.6589094106289,-81.47018411580565,76.97520900103775,27.752213376389793,78.66626507427505,-174.83398466925652,-35.65828124619768,7.16506288986432,-234.14149140954052,-28.2769232297795,-46.009662042736814,417.4475170018855,-53.98821786121665,-39.90956600620725,0.0
-2.3697777053528464,-0.08076161647464475,0.7754360629721693,0.9954591565809928,0.06763398616747081,0.06422993089616416,0.019005985142357917,-0.7520081378647032,-0.0007484433179282615,0.020939400669798904,0.8730500730280082,0.06029309916121152,0.2923054813340768,-0.32102259530987365,0.008890006449317069,-0.069115829507669,0.48561508576874923,-0.41377971432627186,-0.10054941805366649,-2.1690138460074793,-0.21040686455676644,-0.019644451718685715,0.5511213312261971,1.0530500297552212,-0.4863716356840986,-2.231325802705353,-1.5259092461687083,-0.10376399413497256,4.069648662121075,2.4621190389920256,-0.009301057376051613,-4.569365311174695,0.07320238997258847,0.538221940988003,-0.20035106700868244,6.330481269287574,0.743242597889543,-0.18392048634455538,-5.140576143951902,2.536567210938637,-49.38872287532867,-6.08269941350717,4.946856329518329,79.28937854151972,40.72611672906058,-7.832692389175176,-137.1821041078278,-50.25541059257009,3.665454715361361,-131.6348051271014,2.4838096172631614,-85.03987951585245,218.3325232116055,-88.62510328076652,-24.570246863536536,0.0
-2.4128900423247117,-0.08566301864500613,0.7751596714676412,0.9947631815396514,0.06884681668341758,0.07360746867029463,0.01697848761294385,-0.783840532091781,-0.029611323744153647,0.022596622816295504,0.9447981347937364,0.09859966081573963,0.2942222301935826,-0.42287939056689405,0.004981751118011115,-0.08225592248165856,0.5090862916979342,-0.3298344809278185,-0.06482159504883633,-2.12902869267808,-0.2755750211388284,-0.014123789788367373,-0.15078596718942683,0.7268350211896035,-0.05906393285787752,-0.8582352419580452,-1.3921313517973462,0.2182253075896126,2.9248636780075965,1.5861244933989656,0.12129758422310825,-4.873829550308624,-0.33836336660085437,-1.5530552776074802,1.330929535686805,2.924880179237987,2.497871289749929,3.793121638085098,-3.660802611016073,-0.4504992708293909,-33.58720631125874,-26.711440681783866,19.94085515038944,92.78585703112407,8.070193809510936,13.951005431766195,-85.38917341907793,-32.497922172465294,-0.36862751326303556,62.217923498293715,-1.969458384912011,-79.25320141133706,-38.222183968233054,-119.12188309021282,53.209734172928314,0.0
-2.4548704910594585,-0.09192251898393543,0.7755053053644703,0.9946480473846305,0.06347415159711994,0.07961297144503213,0.01755188567250007,-0.7881763229656048,-0.05575408487047691,0.029247360449554716,1.0052760538922907,0.11029739868536954,0.29700183370105865,-0.5089954283933495,0.007466791685714715,-0.11551304084299205,0.5315812924343436,-0.35254904666419545,-0.012035484657605202,-2.073028097607395,-0.34351701828280967,0.04256642243876244,-0.8148799466925876,0.5046174362390482,-0.017167954321644113,0.4249669710833828,-1.2329093814548937,0.4268533520991121,2.705437032415003,0.3502074287378794,0.12772632534702472,-3.6203872953237397,0.5594319667375717,-1.6439431319015458,0.3244791752199011,-2.573577943480839,2.907529075110166,2.7560844118017935,-3.2872045309524824,2.5199943493635018,-29.917776606438938,-11.84069893090051,-1.7206977004219894,76.2207664151983,8.753167138420178,10.020435807847374,-56.86288587518786,-4.9091538430283155,-2.47374481359661,83.61156701454655,51.92426840550031,8.548177244875507,-112.39050654591485,-84.02667358712768,21.91552513730745,0.0
-2.4960867919208156,-0.09872993089988438,0.7760618518438557,0.9948366391575668,0.0544718886867568,0.08379745384338715,0.01763126376468981,-0.7688399746048084,-0.08041970172567621,0.05050215154622134,1.0652944096661152,0.10500016997296223,0.300227651342317,-0.5711298691709377,0.015693977157680537,-0.1577216135225625,0.5253486447731145,-0.4168199508977664,0.04111811635016346,-2.051826444911956,-0.3384438838565094,0.014290321440229943,-0.9371482980053389,0.3743133733197755,-0.17408445481208254,1.4998462618021375,-1.2904304462411842,1.43836460215005,2.806387098744833,-0.25564401230021155,0.15178010178763554,-2.663208559936337,0.45624397876700107,-2.2085725997165717,-0.9265391710881131,-3.431245708202791,2.6618419879056647,0.8362923974273331,0.19340266389762162,-1.8713237601297408,-4.221457678643132,-5.752300366005342,-11.088692566504907,62.87991300312973,-10.844199231663843,29.922510930166318,-46.553487821405376,14.74031676123527,-2.840642822550479,48.372215691435045,17.35702205405477,8.716299847150392,-69.85525050064804,-14.348571362558157,4.495686191616225,0.0
-2.5369353424886385,-0.10515554627229746,0.7750263969335065,0.9951076577878478,0.046007712051561206,0.08598043966058068,0.015855719458180574,-0.7238065663850148,-0.10844136073583703,0.08516018389447798,1.1038617286424084,0.10220500141222029,0.30421147502909124,-0.6165261935580977,0.022683874185442657,-0.20046656747003172,0.49459589791803626,-0.44697852726545545,0.1028263585114616,-2.03797623009611,-0.3092916809442332,-0.11481663897849895,-0.741132815805939,0.10793352002336552,-0.33472276819650276,2.773524387125588,-1.5237476210892236,1.8383497328210714,1.313062047623082,-0.09255822012786792,0.18964702174577447,-2.0532159619762083,0.38094709775440916,-1.9616238549961271,-1.7205948442879238,-1.1106384478316356,2.9822261899020726,0.21200017792152284,1.1132617790764554,-7.740683607480581,8.21500815609242,-11.21578734888063,-8.039860558933054,49.06474253742418,-15.592955798256748,1.188882614234077,-58.052654127856634,3.0128626433063843,-3.3865496920562927,17.20336453801673,13.254102609265352,31.395975588744577,-6.250098395311763,-3.0083482546047353,-23.682420645520423,0.0
-2.578387017670146,-0.111318775501782,0.7710508985700957,0.9953142984835047,0.03988394836177749,0.08736304184887905,0.011243523303437588,-0.6436270360973106,-0.13124489099633338,0.11664162841759555,0.9934477927014043,0.10555794847293379,0.31216114482588064,-0.7061962229285628,0.03825048282977429,-0.17639987900281387,0.6116762285159809,-0.4325564402387262,0.14985301411559532,-2.0725908977428666,-0.334828491494995,-0.28312282888824525,-0.6761560249229164,0.020242419726971633,-0.3671712582863022,4.465113250894319,-0.7740950573349642,0.9349374503420326,-8.501629827259224,-0.34277721507858483,0.4192753901143172,-4.744181034902678,0.8873040898538112,1.9979370670661856,8.66489193000379,1.8898410142419753,1.9110529053896803,0.7708028676112376,-5.280337492248634,-9.978162959762123,-31.578079863973095,-14.232151452557789,32.58578106826048,1.740260954732399,55.83029889397299,-93.61842369629575,-137.39877982922258,-68.07801255539582,-5.04128721836525,69.64176116006871,8.170634464458715,-27.480972586305153,38.577362129011775,50.853513245182725,-43.92507408705856,0.0
-2.6202606000537836,-0.11785777565903104,0.7648482822287788,0.9952663107419182,0.037036895795115314,0.08913336266505686,0.011335021484452477,-0.5522117877530945,-0.11896093218306758,0.16838077381912048,0.7851773658937046,-0.052033492214209255,0.31657600855560364,-0.8130212209207881,0.04006287779666812,-0.12489160898729494,0.8994333506090817,-0.4503448681965076,0.12055274388986098,-2.1100867214690298,-0.33234779577370777,-0.28709838347429417,-0.1034888128902346,0.34691269790069246,0.5344027716095151,3.9971537934524437,1.2505849369297073,3.3268231167896007,-9.483027977988096,-11.895099925490783,0.03664213215535221,-4.421325288024475,-0.6715671520538029,2.3043789590613204,14.572753300323294,-0.9106190673444171,-1.8306191097008817,-1.8586604425195894,-0.8265382618718797,4.526652521370591,8.265813063429643,20.48748894556047,73.89929456957405,-60.52557935882901,16.781515720504455,81.69620294258388,-16.7112400284691,44.68454121627151,-17.632808669848664,175.43358844132734,-85.05560703446726,-49.40901819435273,-211.4218604132265,43.05702709251536,25.237888460517784,0.0
-2.663795980692661,-0.12552214467316825,0.7581123355151619,0.9945484610209001,0.03474717175190213,0.09500090608059242,0.025314434223774815,-0.5204553266332789,-0.0828477257092686,0.25790580264304597,0.6435333868895334,-0.21511514981501487,0.3125714823178887,-0.8710320993764582,0.031292582617161405,-0.06887671951658518,1.1351552822810904,-0.48746534073834213,0.04981070934089985,-2.2303278129741373,-0.4234498149531348,-0.37305289958226734,-0.6009734455004179,0.8799529609934353,2.056065263497744,-0.4127934972830428,1.5509935627184483,3.9439785576161412,-5.280993091584389,-4.755307044861309,-0.25475436405479585,-1.47918259722331,-0.4379295061758188,2.781056335462496,9.079719673160275,-1.8478269845802706,-3.3461680819490875,-5.610782283541669,-4.621484829666058,-4.02961501667678,-33.137028820663865,24.090218646372506,77.86931278179884,-221.55222866842513,-65.11996104889404,-165.48901915294906,200.59741067007943,355.9619779027178,2.381523510492336,164.72314494069383,-6.857532782330832,-24.137720861209637,-309.1295113937273,24.58010891186045,61.60341305072212,0.0
-2.7083304441953358,-0.13383013006238476,0.7502653026647002,0.9929451730756692,0.03171763066864151,0.10067259092237082,0.05402688781962842,-0.5419637915738185,-0.0726351734312674,0.31779277331407724,0.5471858658030698,-0.24832368224595935,0.3039043624829014,-0.858265296956117,0.00909169904674897,-0.008573824061447022,1.2727558066949154,-0.5196432810065154,-0.04141573180652673,-2.242718909732219,-0.40815238386702435,-0.3916062701279661,-0.49410953812467273,0.6204431824566781,3.5322992977582075,-2.5581147607006183,-0.5590894984733725,0.8540085399068958,-3.076745635218138,1.308681578878753,-0.4942702048215815,2.2752856342019863,-1.8210797588387098,3.0514717259171764,4.93149741337796,-1.2976588580457245,-4.146626142078865,-4.699337771327527,2.2717377527188525,4.728378243641361,24.150969457109163,7.2351479297137935,95.59306411757586,-302.47767431322785,-156.51944678877143,-409.1019498446702,377.2847984833932,452.4925401121157,-8.631141333202383,164.14121827844707,-115.53122735309273,-2.4473912546896526,-225.32954299704815,35.934887096047255,80.61484018339507,0.0
-2.7532154320709705,-0.14155190188362257,0.7431167596957556,0.989635573224375,0.032086251772925706,0.10479359301265036,0.09279120389092545,-0.6117354797720278,-0.08291789598586344,0.3309036648038773,0.5192515592398569,-0.17322871024581965,0.2935837998787877,-0.7697175475352463,-0.041146647337001505,0.05005163799443733,1.2662555311263068,-0.5067990875642173,-0.13253265411777485,-2.227148068668899,-0.3720615452639366,-0.3740615607290726,-0.20743769655315825,0.41999427324391425,4.01995059442132,-3.5082155190699513,-0.13183669288800104,1.5759292121259172,-0.6871532283862654,4.281786559843569,-0.4065999820648654,5.843252776211457,-2.8230855745094927,2.848776074525369,-3.082026296216986,0.840399096627727,-3.995446126028099,2.6444546455871296,1.43955074598577,-5.073098708087583,12.133395119913274,-19.737907442847415,13.636928733757456,34.150248239675385,51.64648434079358,145.9711421823614,44.92149915835512,-34.34178057005943,15.120960408669788,126.50453515603533,-20.19476460485513,-12.054132123846522,-190.26412505274087,-22.31649899148971,81.83107158642291,0.0
-2.797590491186313,-0.14882658625572398,0.7344626945764643,0.984735938378975,0.032695449470865244,0.10626340017737732,0.13391874040447393,-0.6940860987435614,-0.07342758918784453,0.37689184115632324,0.5640083058784547,-0.11242173351698453,0.28760524133652177,-0.6201973490442073,-0.11704928382201821,0.07089778403242854,1.0581931992403932,-0.4601085570930658,-0.23587816118097782,-2.218958071984458,-0.3436802506525636,-0.5189009250195104,-0.2916033486102538,0.24096386966290395,3.9555885730632223,-4.252928852080575,0.4194952350312918,1.7764158387630649,3.3908871992090495,2.4580166685222395,-0.19749820449658145,7.810096178916873,-4.049367403334005,0.04108899558509904,-13.016098273183252,-2.254236203746169,-2.8486530514917034,-2.3219023146764837,-0.257669078704051,-9.886673861120087,2.274363096542717,2.2795770298855995,-65.84468124440389,1.2668672182131346,-4.939979918793746,-170.85500238833146,72.8090465744232,-55.77480970013368,13.891119888127436,-118.05739687347916,101.96433407682534,-156.48928071416975,53.29447362956543,-2512.6147065974346,1061.8189520289802,0.0
-2.8427635166754084,-0.1559791825182513,0.7241378604914519,0.9811829702753215,0.028574270165216176,0.10728095927113172,0.1579692555660393,-0.7962285126946648,-0.04906499114159875,0.33792684415238344,0.7438299650340666,-0.08027943869320246,0.28382863771563305,-0.5467112599197324,-0.1534001823726925,0.07165878227690484,0.8723943506373724,-0.6086926038413762,-0.16220666430484684,-2.303420751742079,-0.3403664672683449,-0.39727443191139583,-0.8486613863215097,0.3532017225417711,0.647087107495947,-4.365660479540531,2.275550482808621,-3.0717742242327173,9.616879599068383,1.745436603264301,-0.1577217612582269,-2.4331532244942293,-0.26890528365328503,0.3704258951862305,-1.1921734347020252,-2.142098612923851,5.109351996448683,-0.10934315221330856,3.4836620767291024,18.36718339269714,-21.296559171444642,-12.413955433541222,-169.96351033750767,191.63222617424185,111.49700479333795,-47.14389832004574,-132.7676687774405,9.84717035212446,4.397874503655726,-486.8327798456555,161.04984745043282,52.69536209927928,679.5515753560983,606.5969257896099,-312.69691736822296,0.0
-2.888579056413716,-0.16181257762999823,0.719193201395328,0.9816665206724221,0.017079263356262905,0.10760169112289511,0.15640018229401617,-0.8668719579652805,-0.009818758692439523,0.23111880489108594,0.950153663775283,-0.14382877982808254,0.28266530299895715,-0.6381948217986201,-0.14327503124633428,0.07844141070264443,0.9031462283993219,-0.5696509298075255,-0.07347649459610349,-2.243341225961463,-0.23549014289941195,-0.12601095899524228,-1.1991503066274736,-0.08889840755388456,-0.9303544309038038,-1.8231432113513195,1.8391054564842924,-6.311617773792659,9.848737111545685,-1.1664720183696826,0.045706109080936634,-4.765224624284224,0.8444291718176238,0.29358163315592006,1.7424721565423407,3.8632035939577327,3.7615659228899347,6.7579776508635465,7.677972354861914,13.601676370884368,1.3097728556481183,-41.08708696737887,-63.06707220126724,255.466457457951,-9.1162635775096,-33.981673377639446,-141.0044703621203,163.50788256262874,7.0489446866134156,62.97262918575124,5.7361205927723775,-15.340114764490076,-89.85123719729006,119.35368294454875,-75.88895749293712,0.0
-2.931812934754525,-0.1646289367280182,0.7180531008751246,0.9844273234073619,0.005787541250849082,0.09860254305528297,0.14541969535904536,-0.8530720902517334,0.022148799820805518,0.10524178879837047,1.1456698617329841,-0.2117961420535359,0.28542913782056645,-0.711838854711317,-0.15355287025831774,0.054506143935233606,0.9219890317679615,-0.4927009654892771,-0.00750039010065784,-2.095729310606105,-0.05019512203258125,0.0008786635398528846,-0.9535353198933031,-1.3068635347091582,-1.5344487607013697,3.149332636046771,1.400609473986911,-5.891470894523307,8.564064363462174,-2.1022709849771783,0.17501767733758897,-2.60396556717541,-1.802064555837779,-2.381613999485463,-0.19654304048570745,5.017142505319488,2.1670053522657557,7.613794126566081,10.749719958730427,5.404641557246627,27.384237413608517,-62.51114900898553,-46.87094608777753,303.70574518440293,-14.103596244461754,55.035768703567456,-158.30641827257114,280.3246675712517,3.1306093915179924,120.77210318946919,-130.5607845337739,-104.16618083167465,-119.13240254658693,82.20102019703772,-107.37546450060039,0.0
-2.972617144246829,-0.16400650680262702,0.7178575827032312,0.9886896975523425,-0.001016246820603633,0.08012269116061607,0.12677540596439615,-0.7371754378516568,0.03589940296402475,-0.01310912572098079,1.2904396586452176,-0.3292807421408374,0.2858768325422835,-0.7509729956898145,-0.19886542076968453,0.0020539579961415247,0.9175332676444101,-0.4434082326453693,0.06374430823072644,-2.001642965891683,0.09203157210382587,-0.023100600026622096,-0.5799352648801303,-2.072966201722983,-2.412609737894147,7.89052164854373,0.35603041974672106,-5.429719479366065,5.752382271782722,-5.8108835486583725,-0.03092034548570828,-1.4717667547267488,-2.3602497070695403,-2.6423050801767807,-0.45996576680105206,1.3348988198270004,3.5292372773587717,3.654948773334803,6.228981470022623,-2.3506904363351704,20.067368233575237,-26.49532649315342,-60.51260217652116,219.07581091864327,-19.085219597290685,90.82422728689879,-176.3190284556287,109.9508780635807,-2.1587668269435523,45.10219362256378,16.511170734459853,17.15283322577508,-33.92972208500166,-82.56732757515304,-55.118712545907236,0.0
-3.0119806073310813,-0.16263237319470994,0.7176920404053337,0.9934475357568019,-0.004909210381223992,0.05924597175962831,0.09761049217388423,-0.5140231468950447,0.049672274042340654,-0.07941277299231134,1.15757519758675,-0.46605232090622156,0.2830691271291655,-0.7906732837414907,-0.217016210514405,-0.043612367383759,0.944423168421121,-0.44773784765634317,0.10336062494907855,-1.9614538075885901,0.033618188459629876,-0.052844284672089126,-0.483637371975037,-1.9298104843622526,-3.463224212771438,12.283623866076152,1.0475696016105362,-1.8115973324351027,-12.972162830396458,-10.323405575419287,-0.2001349740652395,-2.3489109975519207,0.5070057260709893,-2.20902474539606,2.106671107390308,-0.5799537181807553,1.4773813896625902,-3.3056101764650188,-5.506560561083967,-7.328681552825398,-16.234668658177398,31.798257652061043,-34.87696214868082,-62.366539482179775,34.74342022347119,189.27981000261067,-419.39249575180713,-1934.134297909825,-19.722150004848366,-45.066396511639866,153.51781318964566,-10.307356910097164,27.30347422903897,3.201886166527056,-33.107501984393956,0.0
-3.051905408904212,-0.16400862020327683,0.7171657684980616,0.9966089835540695,-0.008602388919010204,0.04496454185186753,0.0683719443943359,-0.30330623850346905,0.10618253909238484,-0.029011599998871318,0.8337940863166435,-0.7676233420367619,0.2523296348415486,-0.8570489401957929,-0.17880655262314207,-0.05302634245040942,1.0862546824266093,-0.4421901382198109,0.0780494261305176,-2.0744834851254104,-0.1399733340430162,0.0898192793030444,-0.08197315901701283,-0.7664131322789252,-2.0304697126930336,4.5395105660639645,2.3537891508606803,2.9877319637430473,-10.134272373748036,-7.3868809456413675,-4.592757499184578,-3.351310866403678,2.1552031854700884,0.05700640973529668,8.34147964973997,0.7614755725221275,-1.538124245135883,-12.247965306052349,-4.0558540952692885,27.35010996656934,63.78581186287875,84.02192872728074,136.95689430550476,-1052.4654233992744,-288.96529724844754,-234.44006982883516,1445.9478029822874,1551.4953143818614,250.00493764036992,48.47638948897011,-63.74306359525803,17.201440972166818,-65.23126006248886,32.3966334160724,25.164588875115864,0.0
-3.0962789437764915,-0.16711116885330732,0.7230467460823795,0.9971329865544154,-0.00546243177594989,0.04719959853536058,0.05889114417520902,-0.350093958035075,0.11512100894211731,0.003395249860402981,0.7940718206457097,-0.6935624965460271,0.2791930210237356,-0.903447695811364,-0.13545989852322235,-0.02536855498244227,1.1530006918439786,-0.4343180802663262,0.03063610333565251,-2.2802063420080834,-0.15128940456840753,0.4312727570652666,0.7246034186925407,0.7190878109466358,-0.39364195615426034,-5.00805925758749,-0.7989495559203244,0.6005344054071082,0.9017460784267298,5.8927214035421365,0.9679714541878532,-1.4400802018349297,2.1436326767062672,2.2257903835402972,0.44526811786684783,0.10226180436033244,-2.2158911201073566,-3.2849992337079392,0.6452485607705079,12.020814777612815,34.33722415829628,37.827212635857165,40.31570535987236,-118.0210352693325,-83.306191342721,-48.81786151433933,54.52856453491904,176.4825755442632,-102.75259537334013,97.6806865186686,-6.675915702908501,68.48896492450851,-227.9061040089219,-25.27349716722596,37.93753917471002,0.0
-3.1414142807181777,-0.17079201478499295,0.7325209593857914,0.9969035580947894,0.0006295273352436007,0.05399040330986392,0.05716586309783596,-0.44980628586479066,0.0961892686146864,0.006112093358250618,0.8060677017062068,-0.5620514687621058,0.28881039444331447,-0.9115872125323796,-0.0963368515936639,-0.0005295138927534904,1.1565632261463266,-0.4511137132757845,0.011678757083589819,-2.231253296511853,-0.2086313661418855,0.4930801796165149,0.5882604985078453,0.5343956392757694,-0.005270258322232539,-4.497318714418339,-0.9260749829615311,0.013540406262874258,-0.3059455242041359,6.905886754528105,0.2870129252771893,0.39626692052909795,1.8389738552914123,0.45701706058770886,0.06842177681920121,-0.9460148681937834,-0.5852598196391182,3.0289749347972705,-2.5719884256788506,0.842591774054219,-7.964532568624821,-14.525324392170164,10.979516301485505,77.38130890169428,8.892227761162964,-1.4946616111884314,-130.2189892800626,21.47864194414471,-10.816430196833938,84.27724404366805,-10.430406635930469,-82.21643730333791,-3.274331160001911,12.7742582467979,18.424776298818674,0.0
-3.1853159655247154,-0.17581523120336268,0.7424508035724118,0.9964627284367817,0.005816293817511936,0.05827539637645472,0.060267567892852585,-0.5213050812556522,0.08034763050814743,0.008316812426431917,0.7644685456602046,-0.4078939100737879,0.29549914924225784,-0.8919675703711044,-0.05829808903101608,0.008141648117082173,1.2028091979706341,-0.5057470105527198,-0.011323927365591561,-2.170306326081992,-0.2876470649697263,0.489108885286002,0.4126523151907487,0.30627009151241097,0.5887674422636471,-2.8571912107827013,-0.538436085754904,0.25870138761261496,-3.4706438896510847,8.487469505500146,0.3497195818617522,1.5924258894192733,1.9486317508899877,0.215216327429826,3.292965955366191,-2.631554793998462,-1.0847984798010588,1.9208489662540558,-3.325207492536854,-1.5082686766094726,-12.816876352435388,-7.6329627454225895,27.38904232187907,57.245643620165765,-0.9254910264138996,-19.31042864673191,-71.1283055195268,-183.4776936911274,-6.539337735251449,74.19229892885075,-2.84121457360604,-35.29948355410604,48.45049706827987,62.3141960136867,21.580610675226293,0.0
-3.228303468198801,-0.18212783411658914,0.7517905508294183,0.995945130599228,0.009366749764730216,0.060497141599938076,0.06592159504114388,-0.5639898867404345,0.08184784962273209,0.029751788143693007,0.6764672779397325,-0.2542984245775919,0.30068147807778695,-0.8417083041505465,-0.015627656309749206,0.0025549879898427476,1.2577787223702723,-0.5500573143442465,-0.03508094547229467,-2.1343106956222,-0.346879454844429,0.42630623236863757,0.21255077637473557,0.1380182302175882,0.6378875699092348,-1.658181975896303,0.9390442298957279,2.135732148551216,-5.124739367125415,7.931146472287078,0.2565082628727543,3.2063515750518565,2.2865164473722244,-0.728358967342631,2.249512279725445,-1.7958681114727297,-1.0299340078048558,1.348871341198327,-3.629055303747578,-6.583069476549564,-16.416264960986297,-6.115161204195882,12.29282683434385,35.66590592635066,98.42410535743375,118.97194025948943,-37.36748492318942,-53.62741673812114,-0.17777690441976235,69.4035937875037,12.311069926327956,-52.570697746487106,-55.02074902960534,45.73492840735852,23.037359238349406,0.0
-3.2708527382805226,-0.18948126909225152,0.7584836817523812,0.9951544127976182,0.011413919021438448,0.061692606676965585,0.07570627070065222,-0.5899371606350484,0.10467945633534718,0.08659827470282398,0.5526636615223754,-0.15537474119995612,0.3042242825719065,-0.7670317186703102,0.02751849314974064,-0.021626781321367455,1.308489156872474,-0.5865305111505141,-0.05419213904737655,-2.1329056070082992,-0.3828443847268754,0.24189942332932718,0.07812055551981785,0.15271693373829653,1.3519243422104483,-1.3492941283008815,1.036972719819777,3.0856768712375917,-6.903495312081856,2.499873851728342,0.1274407439531064,4.094101266439054,2.034359832973463,-1.6027581573037304,2.5163265565171002,-1.5183910451903453,-0.7915789967114509,-1.298742139784078,-1.50852644984122,-11.803361503322776,-10.235902038113284,6.554427962730646,43.293893887001985,-30.302584382677928,-28.996833382736746,4.21727287403823,-66.78158636814976,-327.32246822604964,-4.170147459735985,33.79985574571369,-11.0555496568492,-40.23301475332825,-19.060032402582596,41.66212738118564,19.696267475334235,0.0
-3.3137423256629366,-0.1971132336692884,0.7606849322327579,0.9935414862848491,0.012948303087548893,0.063130879322631,0.09339244377355393,-0.6279973586883436,0.11263251076361315,0.13479097032656223,0.42792513956463984,-0.10826705791836111,0.3057375602843276,-0.6756827001589508,0.06463215892331094,-0.05658534098060021,1.3480145099831464,-0.6357129031224087,-0.07815960065860085,-2.15904331424263,-0.37844084213073925,-0.008198947456504357,0.042274920127070945,0.1905054715397176,2.0909944920660246,-2.5422902638574,-0.1449160428496809,1.7157471159632895,-5.3051802318560295,1.6304772231907543,0.04833719315284519,4.820949536874349,1.7783994356685375,-1.7672667201858916,1.5454914041212726,-2.319198166424784,-1.0841536496329904,-1.975688643955861,0.6246476159437536,-13.664337021622204,0.1472833146306899,4.61804954638078,29.589694129950573,-83.71487122492401,-61.18140704380791,-91.76005528614738,145.06304234472867,-61.41017533533041,-2.1468054333847078,17.482400531374136,-3.939399546152262,6.715559219071604,-44.411315469456305,45.61702750649076,23.495967567796654,0.0
-3.356770916428457,-0.20392122887538602,0.7584010062669712,0.9911857523447,0.016172011154016713,0.0633662334248311,0.11521280686474825,-0.6808550633390936,0.10100487917327905,0.1655520046803749,0.3418241303847371,-0.08445142566404062,0.3036947363491609,-0.5612525128315907,0.09491064966994958,-0.07939822045643784,1.326635443167482,-0.6901753998448728,-0.10688733853220829,-2.156849352931181,-0.30300997161639964,-0.2159720367773726,0.3624550568333188,-0.04867647639231776,2.2362010038879645,-2.8571260916615033,-0.9988482218450495,1.1789945517640235,-3.2064812871557935,0.8676966699883124,-0.14247608049633795,6.067938407836583,1.2431746201089235,-0.5447263486776248,-2.292654326296893,-2.519083706527951,-1.2907994774376266,-1.5536394478945277,4.591091822412937,-12.260393080037415,23.854080076494316,-5.742614986526672,-4.8966731889181165,-28.201765561305244,-44.880902872133014,-43.67584365541255,127.17366869813905,-28.13737482383938,-0.07611497356247887,8.932366181305273,-34.831355465832914,70.05798517195942,-65.41847856486083,42.1676162537924,26.188484800502554,0.0
-3.3998460589632957,-0.20889931703565315,0.7525045606971293,0.9882092090773483,0.02353778954765371,0.061757166396280705,0.13811076698300226,-0.7611168359475652,0.07344687361016582,0.18372908490479653,0.39112359743986136,-0.0410795119528898,0.29708625529203336,-0.412897014409149,0.10906922532832444,-0.07651385012481741,1.151816836155665,-0.7580882316036393,-0.1420678079765684,-2.1676946342810215,-0.18062301791336954,-0.37932189346870987,0.9507174885061203,-0.2694170189819277,2.2460429999958715,-4.158321108646324,-1.8573134525887243,1.0235123837777267,4.482232891984364,2.59996343546173,-0.35446507580572023,7.7271329958514094,0.037312002638454994,0.9013779656249077,-11.325375417693568,-3.303289234780136,-1.5752830705578331,-3.3819329363166153,9.007287004943686,-10.922226230527567,55.84585103447623,-3.4138865423230946,-29.37661176477204,30.600392931516502,-60.71841884680538,29.018777732217664,56.2980923570362,9.814047185192942,3.8251923517665443,-30.459550528300387,-91.54350306801132,91.54686342024233,-74.8567003480391,43.54545817399395,33.73531240137263,0.0
-3.4437170035724285,-0.21098403504467625,0.7428562783569066,0.9850345117575319,0.03795253520279377,0.06010633093070874,0.1570154282238812,-0.8597932034261802,0.021702701578874568,0.17670917627429306,0.5876115997270465,0.00761962334939926,0.2901960888627111,-0.25084003115859255,0.07950873547415598,-0.08276237846181708,0.8230793119241969,-0.7880111905872534,-0.15494025479371717,-2.247264465652258,-0.022114761152986353,-0.5806651501648491,1.8104350225710006,-0.2348707704332733,1.4272618767302319,-4.510561049259997,-2.993728467724289,-0.11043358877667644,10.506651270893855,2.7022831871417066,-0.29716688037844097,7.258074363611439,-2.6959117444028102,-0.7928390718482168,-16.857564959304316,-0.9724428976587296,-0.30050966094996723,-8.93951996293672,9.473222958029588,-11.415011308642352,69.36733783784287,18.093912908785022,-92.25120048973264,97.32362632847293,-25.385939370440017,86.12058180425602,-128.9761017239432,12.29047580757664,6.81147283216933,-191.0020252090759,-121.61843345638,-3.5467814813506067,238.05343417711248,17.103810324331455,21.383414676255224,0.0
-3.489273725680526,-0.21305358602605692,0.7330860091585203,0.983813713799292,0.049339652193589864,0.062013895660973525,0.16071854904400318,-0.9366355434862892,-0.01935473833150564,0.14872838182710946,0.8023108640810525,0.02608681915747524,0.2876836399258529,-0.22571583483472063,0.04808048091897972,-0.08589901982436841,0.6604694466945936,-0.7078887808203607,-0.11895070967626249,-2.2519303812569054,-0.21117871044984082,-0.2711844974644073,0.23412033500820678,0.12886349508287578,-0.20305127918893975,-2.3437068872601707,-0.7931204775702805,-1.8963461893689306,9.007636032328222,0.6002574214985522,-0.04625399271337709,-4.487685876246441,-0.4111939360150214,0.5495025423414472,1.5144964361293298,8.650055440238388,0.6362140257572104,8.765454408945573,-8.97389872668319,23.12305685418173,-87.07702143494694,-18.462402422651117,-20.925614754442652,223.59530440015268,83.80305083113247,-52.21951442357155,-246.61223326649414,-14.771044011113757,5.271787937028267,-305.0298786054086,64.63385533960698,-40.40558797075471,546.3937342391861,368.0044584434581,-74.38286437055471,0.0
-3.5321048645027564,-0.21868571417609214,0.7320967782396045,0.9838848696717252,0.04446895261586702,0.06022761983433505,0.1623752114498703,-0.938754330734164,-0.023528515293227702,0.12298893665232467,0.9261343984861945,0.05743384016727338,0.2899212402466998,-0.32867708354131525,0.04447950164938036,-0.0983132771815071,0.7334562651238211,-0.5912745163884724,-0.11630051268920853,-2.041748767119069,-0.3296153160896804,0.10812531981469127,-1.0727643069517303,-0.3299356899164545,0.50914446906148,1.6539809568171657,0.06770499295842218,-1.0550230216902954,4.218902772644351,1.5308511901176438,0.15445880649273772,-4.460302499364974,0.11615362195316704,-1.4068877775457183,3.164603615933671,3.9021554210208635,-0.1123512644330721,10.97385073050545,-4.602912908514117,15.31347721174732,-56.01944879742029,-27.50220386376279,41.98978956028721,182.35834619803978,22.79777627641264,13.437747934252682,-189.8446852988299,-30.838243328095277,0.12245665924073446,138.5182204089042,40.563155222584186,-66.59463768501445,-191.8302954418472,-62.00046477605801,-2.9332349864186753,0.0
-3.571970170300608,-0.22531603030805636,0.7354239275519454,0.9839215170554734,0.03297220150941179,0.05361618169184185,0.16714241611172637,-0.883939424482116,-0.017590972415999852,0.10340555194693114,0.9980169562598847,0.09282972425582867,0.2936747563809105,-0.40297219208697743,0.05097319779346007,-0.12555445150904887,0.771842157293375,-0.5190487040024663,-0.1124290758472974,-1.9593750505578538,-0.32850050063280317,0.20653120686253737,-1.3887571290633889,-0.5125201543789053,0.35431390053210793,3.6039756359627297,0.45045475996630424,-0.8945155051706237,2.9229089270766058,1.660529773358883,0.175964274878021,-3.0507318039148887,0.46441707935050874,-1.2993354516712383,0.7244681991912041,3.69906656859368,0.6413740859792336,3.0896134426519057,0.6593929190273945,3.6437437443484004,-10.428191934834778,-5.014383364625571,-9.73752510834748,89.29906035138704,14.869209315710782,11.009058484678798,-81.12228730173774,-23.592700488556748,-3.162372027007701,69.81756999169801,14.246350712378126,10.930113880354345,-131.95263646803264,24.41547721845475,60.167094326976574,0.0
-3.6113844331366556,-0.23116952324572548,0.7391128434424471,0.9840064697718982,0.022350580028377847,0.04722467871972743,0.17029841085359312,-0.8004095801955488,-0.013986075524309912,0.09223007501632498,1.024868972923639,0.11848508803790506,0.29678787460689215,-0.4636012094291468,0.05890592988020151,-0.1391778053838919,0.7841825511640946,-0.46363387460937044,-0.07969896255374721,-1.9814345169881826,-0.26651874746538995,0.15907790789009676,-1.0202209737104986,-0.36905227915923555,0.22163025561926267,4.451485762866542,-0.014561039431288433,-0.31092776691675766,0.45654468803812526,0.9713167165413319,0.1285885009879901,-2.964009149715844,0.3446142703200538,-0.3283080112752562,0.35834793664387066,2.1937519409651083,1.6704664073087299,-1.4369705353680455,2.5933818755005764,-3.420986124452596,13.90166974148433,9.756260149599116,-4.619512211706213,13.519987038923936,-19.729935876989362,24.412657091149836,-64.94679034527587,-31.712902104246954,-3.350112453761531,6.977637408042305,-4.659917715295505,30.688537411380665,-33.91515874716928,-50.16456681948339,-24.48611974213044,0.0
-3.6523573944294676,-0.23621303444112263,0.7421069066084648,0.9830996637815101,0.015371406307705681,0.04508889658407587,0.17676470899371913,-0.7334666955892548,-0.023978114604359797,0.10461750592543993,0.9754090703222436,-0.009198407156172438,0.29779211753323404,-0.5246168835820911,0.05912845754260663,-0.14250245017819468,0.7821112400311009,-0.436887958714538,-0.07329856505810256,-2.0889002379727626,-0.24501641352023706,0.11862699322935089,-0.6360141075755134,0.09472160413001005,0.8409982663440398,2.4212114679108248,-0.8851366455239468,0.6364838326630935,-3.1134816743786335,-1.3553260910651457,0.09789228566799482,-3.1088348984469167,-0.02411827206369823,0.09611924017900719,-0.379606414756824,0.995297951686545,-0.07964921382296641,-2.3843458762803413,1.086675793702875,-5.637049639943103,4.466648653669234,8.49172943229782,8.173378658790384,-75.88988668385606,-38.20778738208223,-36.72888705227219,105.9748675647144,874.3204054146031,9.601782231047322,0.9104063387884178,16.256822334029117,38.97910423881826,-21.55361496515296,-23.959687136010803,-22.552915019667857,0.0
-3.6949003658087087,-0.24101436594019504,0.7433833289240237,0.981355361075119,0.010071852329675229,0.045794610957001367,0.18639492130170013,-0.7024075220071466,-0.047414629459475645,0.11596119864544163,0.9145760324791671,-0.061941641260191034,0.3001808904145183,-0.5873453867506557,0.061220355007705556,-0.13226967007203713,0.7709174959970138,-0.4254481114093904,-0.08990741059804937,-2.1520666542132916,-0.23735877700760122,0.013166869823503218,-0.517955010732523,0.21875951622289425,1.021529510994087,0.8841556589617149,-1.347829600663232,0.43582071065476347,-2.4192637885436032,-1.8056882624928614,0.1246137360717275,-3.120621360777848,0.2309075396522286,0.841019157490335,-0.6823770880566794,0.3928916398836184,-0.9748868461480322,-3.7617064701914855,0.046951987861749686,-4.674888071891207,5.145399985224594,6.566939821198986,17.55650318147862,-93.35784807953387,-14.882597813114414,29.012134374637867,33.78350501818905,-727.9241166690641,-10.434768327297741,0.07547845079035401,-2.301134842514742,24.476124466077096,-15.72617696015952,-14.693726539471559,3.4881915702893784,0.0
-3.7384249815006387,-0.24569497516166583,0.7417816047307914,0.9795104768311725,0.005967642903969908,0.04713647702919364,0.19570836862386884,-0.672150988351517,-0.07335404730115376,0.1231807278777571,0.7983095227056909,-0.10507542756261166,0.30414803715759625,-0.6624339100971013,0.06753740723510687,-0.09738299584146975,0.7997866994769607,-0.4303670607288716,-0.08317767062579506,-2.183904692672492,-0.2420154895823676,-0.17068724418347409,-0.4712334182591268,0.18379323280460488,0.9528747957266115,1.5763883009475428,-1.120878867335224,0.20580107651063995,-6.799632937572149,-1.9631243706119594,0.19844295253310892,-3.7605698961213676,0.3611497812595846,2.0537844693734013,2.1397028793120096,-0.368454742463578,0.5747855143702593,0.299323809693878,-1.8349537029131577,-11.24000851634952,-17.0831940612046,-9.09382344866352,5.554690125032048,-20.765453719402068,37.039973714286326,-36.72045466111184,51.08511044693421,262.27018344480115,0.8160649851183606,30.47825083346648,4.699289835484151,-6.677893529219569,11.368270461870187,6.594463044768339,-7.77787451597016,0.0
-3.7826321737724284,-0.25071160741955234,0.73623578407118,0.9774354790451522,0.0026344366914982705,0.0494530781882441,0.2053468702094104,-0.621512913323938,-0.07145055686086833,0.19112700577823766,0.5338530440751761,-0.12328558549643859,0.3057020389182939,-0.7649730857203774,0.0635198607191907,-0.07556399275179936,0.9854297606978444,-0.4396922485993129,-0.08174558010585982,-2.248571228183179,-0.2813214215332671,-0.327573361265389,-0.36278320436501144,0.49105026490325737,1.3767908779297653,0.6087471116383951,0.2565086264886324,3.4048139033284865,-10.719492692294999,6.035915330949065,-0.07133555536698084,-5.163278839807536,-0.5980672472384462,0.2766135193596394,11.198125895658958,-0.023690398769572185,-0.02821903848543779,-5.273033735517275,-3.618318503867562,-0.3461890790122639,-4.711125197699415,23.535795161466073,64.06960335523732,-320.2030136017338,-45.20225996074149,-135.93785481735716,608.6350909744559,685.495262724431,1.6824179006090856,70.56738547880002,-45.87530288897815,-69.50390635416696,-34.27868281696535,47.06456521945051,-1.446807528553185,0.0
-3.82867214073308,-0.2563424822272048,0.7288548861005518,0.9730911705181916,0.0010326625628059056,0.05666212022464386,0.22334258796569825,-0.6451954828090961,-0.06864084461561733,0.27424401844517443,0.3877414117519112,0.027789328748915987,0.30286334848946256,-0.8568712510711394,0.042674939655519835,-0.06864070547865267,1.2258629512825288,-0.47384540998217384,-0.09258512339294973,-2.321036071446794,-0.2898695786629163,-0.38857729129969176,-0.044598143871767165,0.8939569581304755,2.151654530520919,-1.9594660713624001,0.10098186871699799,4.709051094830268,-5.575560693742437,6.018458051215742,-0.18012076868346022,-3.48360229350059,-1.0392891941434594,0.428624066946692,10.968739599914564,-1.712398019948761,-0.5676636043410881,-0.8436785835149517,-1.5044003238210395,-1.3387630555465955,-5.3382808288904195,9.847789256353568,31.797672361443087,-54.33969962908423,-10.426228906444937,35.528874957909,143.8035928117718,-337.69015358011814,-3.511244611486341,158.2870418598331,22.5823999641842,5.6190963981495035,-208.49802940876873,37.26900300089697,8.494655557482842,0.0
-3.8754173098170406,-0.2621421648658937,0.7210323466353343,0.9664432477543771,-0.00036038220015140215,0.06654702053663063,0.24811048557515547,-0.6827071815051396,-0.07828539235164489,0.3709360521794182,0.25657434476870805,0.120808059490861,0.29554199851683993,-0.8957334457176745,0.011684621600342043,-0.07141987102684454,1.4213752003045992,-0.47818930154119027,-0.12473896285667349,-2.3392993522236374,-0.30497744398357746,-0.4061458070559561,-0.22169138089199542,1.1262716824123897,2.813567935243408,-1.9498657097303442,-0.9298612349460852,4.517763275439414,-7.4359366487031595,0.47743815009005397,-0.3724784053350324,-0.4950831408182129,-1.5235155337921555,-0.46077139697796043,8.216623165675678,0.21887756086016516,-1.548885396801581,3.6233440482559542,-2.8918785466915007,-5.841553542551098,-42.05516022075898,-2.868565503550327,4.261349650728256,54.668429338736026,-25.472805283751352,-47.06905706887205,-365.9795372489626,-1352.6203348696022,15.85315554798932,180.24833424677902,71.40899444497273,-29.87713378240282,-195.84042987798423,12.692384356058618,29.958080851309575,0.0
-3.9217126909565425,-0.2687399802221549,0.7114844889376949,0.9578701410655684,-0.006836611805967529,0.07543016335850322,0.2770349148568684,-0.733212199335603,-0.09436321145015797,0.4595977950128246,0.1182014317906574,-0.044867869583359435,0.2865423486027162,-0.8649095751044169,-0.008247616221164766,-0.07970068137708144,1.516559279843441,-0.48628019613576895,-0.19963561826958404,-2.296832725806857,-0.3517763206217073,-0.5499391751122166,-0.9048157856932987,1.0484536735628562,3.1086213955889272,-3.375253322062025,-0.9047765446413321,3.141635890972642,-6.036555710278794,-9.63165813466479,-0.41894183392156986,2.9860373497075323,-0.5183134113980477,-0.3458673472118288,2.4020205984652865,-0.5481089329957877,-3.5829422953269594,2.0737491121386777,-2.3791047128942457,-9.186628882296096,-32.35104945069209,-3.785250278848316,15.662292738394923,-112.04208992084376,-9.259073738147377,-181.96668674425814,137.19948128708592,100.90669487630683,8.012362815814287,143.08759456908717,56.948546371999136,8.731348784637213,-221.01057339804342,-1.1402554215532463,68.69331278589301,0.0
-3.967840023986654,-0.2756716425559298,0.6991447314327776,0.9469180313941744,-0.01570215067306345,0.0817139858420472,0.31051973979544123,-0.853751035341021,-0.09895350571340857,0.4840774225989845,0.19618022780766275,-0.1125131667800726,0.2790374506919331,-0.7721288668378767,-0.02404924084897766,-0.06830883994171137,1.4449355993189217,-0.497662555527798,-0.2996683694329175,-2.305524283562844,-0.2920752490313378,-0.6817757288831168,-0.7278296937385211,0.6426312355801787,3.519039068845608,-6.472200068637554,-0.2509558830857277,0.7768100633346167,7.230375083429284,-0.7772907280350663,-0.311384591800924,5.713143954181958,-1.138519940435373,1.616076798102074,-6.717488676736898,-0.7563569942230458,-2.0196989904823157,0.06461670494375613,9.10982544504337,-8.445217204865086,39.37353801844391,-36.903409919059314,-6.136322164056033,52.495317829351954,-40.831891278451,7.681931269036692,70.04444008794076,157.96307367764064,7.947935833300694,93.51128996555929,-52.40930970757685,121.94351008929901,-211.59631835436653,-17.046647312265254,316.16220161388617,0.0
-4.014378384623687,-0.2803686623342552,0.6843872101436462,0.9368046993696578,-0.02023945378200364,0.0852916990623836,0.33869255353577477,-1.0361654874878148,-0.09117972392748346,0.41418352690948235,0.5761377148201873,-0.09219884388741513,0.2752339184211681,-0.6381233406077852,-0.05179201768680225,-0.021228507783637433,1.1683446148173968,-0.6253635302685312,-0.3064475379722006,-2.3505407812119152,-0.14518786210827592,-0.763506410063494,-0.12712546829787902,0.3335865502697638,2.039424989899608,-8.309145448325637,0.6948558749584862,-2.8201005185797454,20.074970691986273,2.6505535864014664,-0.12353921014678886,6.455714644353481,-1.4027856995162546,2.7016872164966603,-13.852422679651779,-17.605004129983996,0.5067647296926628,-5.8030580714514075,10.953970938488261,1.1229163523119832,66.59905367855384,-10.881163856104688,-126.86289324723556,232.75740042837882,32.95220612717305,205.69231772799495,-327.4420008917701,93.80523905162443,5.834064269602886,-115.70521788690264,-4.626770710382419,73.87139144077298,119.06844846322258,-844.5790016632818,44.376135989798584,0.0
-4.062040534149652,-0.2833200289768223,0.6719393700633249,0.9348549807318282,-0.027445602217192007,0.08842408589256243,0.34274492695573766,-1.1792324682976436,-0.05499086322027102,0.32991039344944717,0.9907055865001649,-0.07374948195044007,0.27255734252458436,-0.6747976195438586,-0.07787076257260367,0.014946475288889394,1.1338222768639752,-0.7465120322702663,-0.23400605596281077,-2.387530601288456,-0.1291314507026548,-0.45163421860938047,-0.9061605156549866,0.6660942552422889,-0.5309385691726778,-4.9479546520806545,2.30355300148006,-4.489253741297638,18.00238957655769,0.8042550275031429,-0.11292952100536416,-5.239228850367432,-0.9732892474158412,1.3791406981115246,2.742867547308257,-0.11013218710640149,2.5476123038550322,0.813848854738302,3.4028255082838377,21.670521948664454,-25.371552818511937,6.172261076118334,-63.51307922268674,305.2621521523106,20.075926695934953,-8.875197790919476,-442.62520039204605,1.9951165875151433,3.595698195970874,-160.98680316892845,43.935821084128136,-22.018080357121995,160.0403923810016,436.7769616050065,-180.43690984089966,0.0
-4.109605398001641,-0.284226853619821,0.6664056221687487,0.937997354944474,-0.03971130575693419,0.08984324818321804,0.3324337002593727,-1.2266818162035018,-0.003681892617924386,0.22470374181198474,1.3436950977668047,-0.1398013828468754,0.27465875312435856,-0.7840824180320661,-0.11138342356124852,0.02965259171496714,1.1817119305265142,-0.6995320520840291,-0.13377330115597133,-2.388838775007152,0.03409948755808495,-0.1125679408262902,-0.9088680831454699,0.4962113951371859,-1.5452131313682596,0.34963926802334166,2.529627670475346,-5.521078924570677,15.253315056369866,-3.4366929311086225,0.17538143170370682,-5.151131320280533,-2.596225766087421,0.08419119251278764,1.3489061653348147,3.183150596573018,4.820094385228181,-2.433268920193516,9.545336665526001,19.1263823341543,20.995593386031338,-4.954526872469951,-34.14928461380062,334.52278675588144,-11.797458178487068,-4.553771279848747,-366.4553482513942,75.03654074057627,1.8215494347847723,60.733838356606725,-114.43398936968329,-69.01256130069007,-159.44468771411087,46.65978205152473,-112.18760191645995,0.0
-4.156825347609514,-0.28135027961235454,0.6652960677809642,0.9436966944116341,-0.04880562773056741,0.08594695990407074,0.3157018842858381,-1.1477385032701033,0.03871695917365472,0.08555831789854981,1.6151551955464292,-0.23708237149859995,0.28088093100816336,-0.864279975390494,-0.20204546332971637,-1.8575278467047873e-05,1.1823186549581233,-0.6118289199947101,-0.053164871975898476,-2.3379570881278613,0.24399422233358664,-0.01080409445071245,-0.6004017392576505,-0.5196783006721802,-2.1961226663854,7.366148939087616,2.002816203173415,-7.51422982168004,11.146886484286144,-4.321706110929593,0.32517883976971523,-3.0136923671862417,-5.929529470330043,-2.4697857900141753,-1.0703158008627467,5.189297757153413,3.074629660201457,3.2475237587232444,11.855345492626821,4.320765019832572,30.37641705267618,-57.193684354987504,-51.26639091043573,413.51747922567233,12.173050688333396,-14.589450649198103,-326.1054248105103,104.03355005167613,-3.461289381890608,109.14517602260649,-113.03005180198339,-69.00891530943787,-93.27013953346251,-49.29290655845646,-41.25245030555067,0.0
-4.20260390783469,-0.27468095840882,0.6654380560104182,0.9518451336513912,-0.050322221364451095,0.07376667426825635,0.2932865379599169,-0.911384999997094,0.06164532711840227,-0.07443287537414275,1.6816223219905517,-0.40744350811221564,0.28097576349676734,-0.9104183740012189,-0.32562949690011045,-0.04923751932752634,1.1644519862277538,-0.5856206506900213,0.022706537838129183,-2.2368469978941357,0.3966919362235499,-0.022944330159107622,-0.15125942019631466,-1.4698509051460666,-2.979716646723083,14.76109933968248,1.0756640397767112,-7.799264883666035,-1.6923382535725882,-8.647263695544476,-0.10435542093598346,-1.9523154061458279,-5.703272342222274,-2.2799484451780594,-0.9312510326990133,-0.048405315551761946,3.4487285319914824,6.392898820387038,6.104273775252649,-7.478068499637844,6.7254573556633925,-41.049744630429856,-83.0398921034239,267.87945343284645,30.658119712635433,72.31503268214556,-436.40718755165193,105.23563028022758,-3.9579310353493886,17.314662041975204,104.71710755165293,35.666247347596666,-6.294263040857079,-70.5071507961374,-60.897375506837015,0.0
-4.244197135287802,-0.26850836564503466,0.6655807907392186,0.963242947254286,-0.053700732127799064,0.05337884901826786,0.2577400908110746,-0.5539600277398289,0.12620053443004267,-0.1531341098363469,1.3491217398525952,-0.7188863626174616,0.21185405378898156,-0.9538776716285042,-0.34765764650775216,-0.05235625395504895,1.2512443299728029,-0.6246584888196249,0.07619882262556528,-1.9800009482059926,0.2378753846110431,0.01242135255856329,-1.0782994911434436,-1.8305051023417869,-4.503661594792421,18.893626041698937,4.292495316692251,-0.3406959602703342,-22.832388536329706,-29.489702318013133,-7.398909774445725,-1.9078064203547838,2.263556723547296,0.6479213623071213,6.840557267998708,-1.9671938230281731,2.1274882239329123,6.928894045347231,-10.451366015493617,-0.8291311848811915,-64.01127930152762,14.616843216007652,-47.849331260771706,-55.90610245355255,42.39837652002929,319.40009172471747,-355.30150775267225,-1418.724789174487,-61.464584099834795,52.95304942983874,329.015167464812,2.382707003377117,140.63060969039086,50.96895454588699,-50.481615210240435,0.0
-4.284947490515019,-0.2660338015498118,0.669541278412621,0.9726414946227541,-0.06189333220450721,0.03933627390670874,0.220432293282482,-0.3551841211584927,0.18937624792957922,-0.11696302106404313,1.0521609515555324,-1.0464146433023853,0.04496993373856857,-0.9828517965954157,-0.2702199230022565,-0.028372704478680774,1.366048016126063,-0.5479998711255888,0.052058758508670575,-2.0819825838406647,0.051324949974010756,0.43735994506273823,-0.5905481602972177,-0.33860375135128096,-3.4307195007876783,0.9750569051792188,1.587541159325406,2.540925956279222,-3.5227956383950927,4.953451481538844,-3.773291737407535,-0.7012247194901047,4.646757870405951,1.2545791012335175,4.378916931451229,4.66033176247888,-1.616662563381969,0.21387237292157657,-3.0021848408786416,28.216096700321188,43.89556750350896,45.1540813372527,24.837858828778412,-590.4938528202814,-90.56125266487211,105.89467127343562,681.3854033698584,2421.344795910188,633.8189624214067,120.30323157953279,75.33736301914064,-9.964442968334401,-148.58403630951827,-56.462513042735026,19.723148213762745,0.0
-4.326996621751724,-0.26411725985314927,0.6847864721807695,0.9793545542114052,-0.06277802713472523,0.03885564114603535,0.18818558819841263,-0.39067248404216354,0.18366510646424136,-0.06742510245733058,1.0422253780446713,-0.9189363265727639,0.04504657638014416,-0.9642408874774692,-0.17140479635576444,0.009073949830465309,1.3512262982984633,-0.5103993023442225,0.03678096975540843,-2.0973632048924893,0.14303580841577662,0.9888939919116928,0.6229401899772007,0.4473605597050835,-3.1553423637888725,-2.465710452112665,-1.2857147573591705,2.6801255549408176,-0.5479530005091015,7.256859507120226,1.3459066381562668,1.9978970472804103,4.733790369711562,2.191537238498094,-3.463365950222107,0.8329833941403028,-0.5494606842777487,1.4879442758102825,5.703427925978618,21.765238112822917,62.9654914885021,28.225324429499974,22.837238294920503,2.73095509353009,-86.23462564848094,33.86591881945637,-139.63138147186982,78.78583806337485,79.0840697692628,93.56543137299856,-64.49200574626403,16.84376993952739,-188.63352429526407,-62.10119096774619,8.992970049348523,0.0
-4.368067173113945,-0.2607971301291432,0.7070105930895305,0.9842029019154629,-0.05705368525933309,0.042271469015332144,0.1621809106115702,-0.4365800866245042,0.14565548223150068,-0.02051766425797815,1.0166351133924951,-0.7777200521087542,0.17318784420609068,-0.9020819543606028,-0.11253510177657915,0.021230668327020988,1.2580998076664776,-0.5369872816690421,0.024928957476411207,-2.0184894993819857,0.1752200123519896,1.1830013514166178,0.8602798697923962,0.32598556404637247,-2.1578096209278708,-1.8968782726172724,-2.1068152988390296,2.2351893805217107,-2.493320953953978,7.161161914924056,7.6278442927226,3.649279706955472,1.6142166613836104,-0.5081287963139886,-4.790563135487416,-1.707121818416878,-0.4912935127175511,3.4499853123365076,0.28838999250744146,5.586533762709621,11.0603638096501,-2.8672058118802677,46.79955349319813,53.440665578315915,-10.4791897010112,-5.496103369238147,-156.7961003579152,19.575419503792357,19.187469241465944,30.714238786533222,-133.64576413837216,-107.96656507263705,50.164297391944416,11.54854298525437,14.473086367593986,0.0
-4.408403743796141,-0.2580071057426377,0.7307363306388058,0.9861783607083761,-0.05135730375096899,0.04666386384631048,0.15045647886650027,-0.4853640044378824,0.08604190152662439,-0.02079769273128361,0.9627463557459096,-0.6143198343162158,0.31727118140180793,-0.8168344592849178,-0.10203858473725928,-0.004877483625778603,1.1494505718891872,-0.5540959280544673,-0.006485572803865082,-2.0108150043823585,0.10180725947594066,1.1633286169081252,0.5489964448109833,0.43999949044690795,-0.488641159474763,-2.6443049856898524,-3.2349624431945583,-1.5905452401502411,-3.166703565544813,9.207061264797932,3.2387464497269094,4.44887669231433,0.06742036449039945,-1.57123021863564,-5.056746206481177,-0.5945204412407163,-1.5087930973951178,0.668941732774596,-4.430399162130545,-4.656516347711101,-15.02452671527924,3.815869535071005,55.61656981360754,-5.64443033677666,-1.8785309877863536,-139.3993690090251,-64.3850533186352,98.30520321265172,-500.63010791661264,-5.311647156568671,-19.362104088523708,0.8960406884336098,104.70198116102296,14.359672512907778,31.007034408966174,0.0
-4.4485924845238705,-0.25666079041417655,0.7520367104117179,0.9868790751974058,-0.04783519127888571,0.05145586752953785,0.14537461645558275,-0.5314329140912367,0.027862127890565736,-0.06514753292079412,0.8821025240709465,-0.42132613655735357,0.3298481667595425,-0.7393155209162863,-0.09332923099903402,-0.025984362987452284,1.0880146011115979,-0.5673413893075261,-0.024476964614444173,-2.0141505195044633,0.041227676522810876,0.9701999668729403,0.3485173667634259,0.4586807732884311,-0.580062832812405,-2.0357712053519017,-2.566986134550251,-2.5693021029934955,-4.626204124916387,9.977072706372354,-0.3626922111389052,3.316040072009949,0.8104714386523248,-0.604313072772677,-1.485978020816073,-0.5550248920080006,-0.673507342902987,-1.174867893512662,-2.6692830255893276,-11.377988959009574,-11.816810290342499,3.691163419024423,-19.475896054804494,15.346460134574977,49.27664397513859,4.114093894995619,-4.581520795964684,-158.3543095162743,-50.79924048178472,-66.29686640142579,41.66412094550532,46.48409446031916,162.06376209809474,17.850509147763383,15.75646812122154,0.0
-4.48884829559335,-0.25618509999672096,0.7693081079619315,0.9878374819398201,-0.04616457825460222,0.05557298604155096,0.13768654332139865,-0.5589532308281998,-0.01064734448031492,-0.11654771602298095,0.764389573614363,-0.2435263023818353,0.3205998458918256,-0.6775062602137769,-0.07125333198498326,-0.030075765937385722,1.0753818620007651,-0.5807138834558031,-0.03023183597821604,-2.018392874667085,0.0013380808975787424,0.7599680557315879,0.15520933435210105,0.40703828395946406,-0.9003643939078563,-1.1918093991895764,-1.0939879563624264,-2.252167896572304,-6.197146449801878,8.138885661705089,-0.4158702815695186,2.8361352944253846,1.3351048013615239,-0.026053356771215702,0.004599836294399001,-0.5780260219597065,-0.18237952728400608,-1.2779870214116071,-2.632923172496245,-12.5074428807247,-14.151529462398445,1.6139899245670035,-18.041570876116303,-9.184374491741778,98.80147133320538,52.29511160554431,55.67719014405169,-162.85371472324712,8.856359228479912,-32.48344979239657,19.639503285521386,8.116915386538498,62.41039306086626,15.747581759765449,4.6415770889234675,0.0
-4.52935886042211,-0.25635133116179637,0.782041866794878,0.9890529089293172,-0.04622921043498512,0.058762786559052885,0.12721689493470625,-0.5780756965991393,-0.017258625787867334,-0.14921454158531453,0.6353236491861609,-0.11273180996935359,0.3147220010903233,-0.6224413786079269,-0.045099900194423656,-0.0310076993187702,1.0820575463687363,-0.5967300702883436,-0.03413106567818097,-2.0391471468504707,-0.01545423896799375,0.526879846613625,0.05631872535709046,0.3447621894406211,-1.14187368719116,-1.0899042671881694,0.19468472752788074,-1.1508362991143082,-5.67973465600362,5.1599176890747085,-0.21408610732987485,2.618668165886734,1.227471152352002,-0.11350860331955547,0.5654847703422509,-0.7264658938790746,-0.16926442577980166,-2.0327960921784145,-0.5872508068250102,-12.594857777986832,-4.222438691706505,0.3860900002670982,-11.486314876455804,-34.01177017237343,48.617270912483356,50.201401605686,142.40225015478254,-140.59292260266588,7.3784644725396165,-18.721171475712826,-14.327109330031476,-10.513557766204716,20.666573661186497,16.572906274380163,3.682075205225138,0.0
-4.57025900525437,-0.2566766375213749,0.7901856565189943,0.9904400275391041,-0.04686654388848064,0.06078738586840405,0.11461663331110766,-0.5949227860409075,-0.002066058684471645,-0.1560799386571427,0.5183343006435995,-0.03288189656929728,0.3126730617694976,-0.5692375828979988,-0.023253150068645086,-0.035811793947393186,1.0962844695436198,-0.6143516040308982,-0.04108121844367248,-2.057338987955561,-0.014950510165004314,0.3019178284900484,0.036674505673184324,0.2171660479609933,-1.3369966339213277,-0.9362161510254273,0.9794624224224499,-0.04353666506920795,-5.054568606143142,3.048136575261661,-0.050749077908560376,2.626707421273866,0.9405626975615199,-0.3394032185607906,0.7989397745198424,-0.7819906603886805,-0.3248841933135729,-1.871358480757713,0.3692154247563606,-11.992284876157608,0.2480655576637169,-2.5338445684964643,-8.2464799680766,-26.985370128929436,8.510428366785233,9.403376763779155,139.1134723522923,-91.35446437802202,3.493929334082793,-8.248602096523777,-19.78001708842196,-9.031942338056895,5.9848710484024,18.09124818041828,6.8438804337889945,0.0
-4.611457070701864,-0.2570890020242869,0.7939479976166464,0.9918610794516177,-0.047934691267380695,0.06137392028219145,0.10073284643733232,-0.6074521182781677,0.027592838366434495,-0.13974679909258156,0.4062957385781914,0.004195406783456559,0.3131833524146059,-0.513366946539444,-0.005635911183428965,-0.04611731402454206,1.1116673520586424,-0.6341529401873588,-0.04819966430831044,-2.071238350933932,-0.022381935087987217,0.08651778609333777,-0.03521375975344793,0.08958703471132111,-1.41640531490991,-0.7148865471179852,1.5231085504177801,0.8110381771274299,-4.97465658698444,1.162142237655532,0.04847052202498288,2.8334405004737904,0.7992710998275904,-0.6196545678519119,0.7651144428151715,-0.8916357820843397,-0.3039513417880918,-1.8775023581856427,0.029973809117787145,-11.665830339565609,-1.8172979389179096,-1.448720359792708,-1.5056738696219991,-29.647572537308303,-15.696548635916752,-40.96697879428453,128.47882239375232,-54.522704605684126,0.5309459607098859,-2.445721425009203,-10.692090737817969,-6.774779257164514,-0.30518773532770294,19.672028233932018,7.351728349807188,0.0
-4.653082259537577,-0.257827734459564,0.7932758422991438,0.9930502261333611,-0.04996576162532838,0.06117914803807887,0.08724553218941958,-0.6210656284782122,0.06694185165389228,-0.10164127011281547,0.2999235330967725,0.010187940176325367,0.31479496125727563,-0.45436120599765506,0.01147698210620883,-0.06127134113157764,1.1295718503811663,-0.6563654907805853,-0.05379136981492707,-2.0978238519641175,-0.04431881029087749,-0.13780471734182403,-0.1661112014987445,0.06538634096785213,-1.2854875435430098,-0.9537875362881691,1.8444464632880435,1.6544644989922186,-4.6172060448053704,-0.0942800131442085,0.08111656046124695,2.976272685420706,0.8642333208347844,-0.8323876932605261,0.9529912114789548,-0.9924362472489765,-0.22800138457133956,-2.362257276471592,-0.5337150662288175,-11.794840047757425,-4.24276043583416,3.020953107604811,9.60698049553961,-46.90680330105906,-36.120620544628906,-85.64936681715898,127.33263193377718,-23.166498624329773,-1.1089590906184597,-2.06409148923146,-0.4140162008902778,-3.41028357285089,1.7489812861032972,22.566420284178037,6.064964271957976,0.0
-4.695459355995205,-0.2591281042296575,0.7879422440744425,0.9937518669267694,-0.05337372463329799,0.06147514127559695,0.07634971842432077,-0.6471199818318846,0.11034303874248723,-0.04159608871495668,0.21098065717050513,-0.006246125702875071,0.31567045909759067,-0.3940926263490798,0.032622700678414884,-0.07898776697443947,1.1533212633778345,-0.6831847192859529,-0.06032010966028936,-2.141018876507998,-0.07582922127380011,-0.3739344589808429,-0.3276875482603044,0.16159858445309844,-0.926854238692999,-1.762540542042832,1.8798684502134835,2.524469114979445,-3.6873761249805064,-0.9865018864411522,0.024924549664121685,3.02201757641042,1.1599254796939547,-0.918733168993078,1.2450914612647384,-1.217941673329536,-0.2898111735626505,-2.7027580667886886,-0.8320158878808085,-11.92151875084265,-5.1430774840192175,6.715523788291228,20.629167968224856,-58.88686224130042,-54.920904812765954,-124.4691642117555,109.9577809712006,3.2637959816810174,-1.2972845752274278,-0.6408898799412962,9.01001679153525,-0.8816247541651883,-3.3436687878646647,26.697105685298716,6.829101148491951,0.0
-4.73872497382537,-0.2609397879040379,0.7779199494722443,0.9938639959466469,-0.05790038825095553,0.0629571470020085,0.07013059419909416,-0.694513563325925,0.14787195787598323,0.030445447697650174,0.15674574108095246,-0.03150366544124892,0.31414960567133116,-0.3300616436524414,0.06094017329069513,-0.09598944093381204,1.1693278634982838,-0.7177280641297145,-0.07022504976057663,-2.1837742433493985,-0.09526546819717432,-0.6060688332456439,-0.42197140106573444,0.260905084914482,-0.3997448339061878,-2.83571849633123,1.3990586190685361,2.9557464710418424,-1.939376684072702,-1.165592681373004,-0.10164689376052262,3.275429763981458,1.5359304817154709,-0.8000824197037718,0.5314432147140804,-1.6119855616123802,-0.4545149518617196,-2.369565875244248,-0.030337481026311536,-11.69398719707574,0.4420584539703325,5.230163754732204,24.78836752469022,-46.55365427013169,-71.4518586044654,-133.88637667391083,74.16911016514301,22.446853733371114,0.16955739685251314,2.5201663280024578,7.77483567516148,6.324279863876161,-21.594392692141383,30.6789951987791,9.674986140678962,0.0
-4.782674638118752,-0.26256482603092796,0.7635486622618464,0.9935679045699375,-0.061454981546921035,0.06529605146862429,0.06915583788933816,-0.7594642256861288,0.16706714526448785,0.10320895739786055,0.14260602823678672,-0.050033447643859315,0.30961874478957924,-0.25703098172538585,0.09268733879413815,-0.10484968953968722,1.1483791219109811,-0.7589458774266362,-0.08258823403278973,-2.2144695419302196,-0.06195284795383983,-0.8153625757732045,-0.2059819568754942,0.28395329894018145,0.08866379767726866,-3.4326262905597087,0.26609924938984375,3.0283494502736503,-0.17456207228388596,-0.680891609018049,-0.241814439600973,3.7163166811627524,1.4907791035991107,-0.18504760067198991,-1.6881804944294863,-1.9256559164693268,-0.5581777985414518,-2.331131357825179,2.6274468709866374,-11.06939928775604,17.55515502560716,3.4035569281740687,16.319930387436404,-9.966462554491896,-89.11835613603843,-113.0528641221727,26.309834536354835,24.481776302554934,2.6782658978633798,-10.7010131765901,-20.56510296271384,24.456449596134185,-23.031196183404212,32.848339530382646,11.065122479403767,0.0
-4.8268918571527735,-0.2627102001279654,0.7457933577428498,0.9931660477559806,-0.060496033907539465,0.06787351850441745,0.07317524821997201,-0.8402815045275689,0.15529202152844201,0.16498461387468294,0.21434755543935816,-0.021923015034190935,0.3017491016119672,-0.16289773980169783,0.1144399562594041,-0.09774840229662118,1.010627805525618,-0.8185081777810038,-0.10533880098701798,-2.2279497021681776,0.05399938730215941,-0.9635354473035572,0.46380910530458325,0.24139482109079705,0.4824521680702051,-3.9110731195404984,-1.4691990435128466,2.7098261267704395,4.564353172362843,2.072105345692998,-0.3979813237808196,4.745028547921125,0.4890797255886341,0.8570744117645285,-8.733093297668052,-2.9276314262448446,-1.068983032489634,-3.6596607585344207,7.717503427485842,-9.499359281407413,50.45381507467085,7.3239909689239555,-9.79607011423095,49.33635140670296,-104.84596879381957,-60.286927292798836,-21.537636443723585,19.206548297184924,5.376955213498394,-54.198235549726775,-83.59499753506255,55.540860471752424,-25.60504392731817,40.115273502971334,21.18833192024707,0.0
-4.871374858177772,-0.2598196957701428,0.7254495239326484,0.9930514252564061,-0.05091075904873047,0.07098733055997572,0.07885277616718427,-0.9212439069565511,0.0973635253747202,0.18728590784519747,0.38466418255586915,0.04358814850607272,0.2930318404445805,-0.048252385677957976,0.09982592023780595,-0.09203399181790807,0.6944630444875166,-0.8499250940422448,-0.12776911211109482,-2.269579903241948,0.23690296311952933,-1.0889708767814472,1.5248644485784675,0.3339667840462534,0.3392288279308957,-3.4192460127105093,-3.8379593156432357,0.956407295597289,8.793067853155053,3.665826086826135,-0.3963911572414451,5.053073711909047,-1.8915992828208077,0.19551633642531607,-17.07502568781686,-1.102246439573257,-0.9116936972777204,-8.648626256616902,10.737531032287933,-9.266541194656666,73.92921996887948,27.049670340894515,-64.72605632258107,102.73641677704859,-83.81688569952694,35.90498094803203,-135.4100953701584,-5.346918230738208,7.603693530555617,-189.20534726289492,-129.19056009900822,21.593720959415535,189.0783359147222,19.23175017390666,26.13327580395488,0.0
-4.9168437792107085,-0.2554182194922292,0.705988735111398,0.9932872687250764,-0.04159060327030472,0.07660832324454833,0.0760380715033509,-0.982609924458429,0.024057600787897485,0.1712353286264972,0.6043853869019694,0.07820824802276702,0.2896998391143129,-0.045379390749837045,0.06889156189390383,-0.08988306197422638,0.5197651020384073,-0.7536045247438126,-0.06800429496112624,-2.1719463934048253,0.14534757856934494,-0.6344505306043536,-0.19942780085443929,0.39519295915111813,-0.3075593515624079,-1.2434691052410476,-2.6408244185411474,-1.083943692921241,9.763450260719335,1.465244786737489,-0.06381240985504157,-5.710566709598441,-0.12930954563267638,0.7905005145579853,3.2981894895622133,10.35865212637914,2.40944179793074,18.4660321055463,-7.68623722663645,38.65959896377439,-130.95301386731356,-42.127199871685725,39.70802624907338,278.4113188109459,69.03409207382109,-24.90155201117165,-232.55279764051883,-18.230439761134292,6.895697998985116,-363.3531600362033,127.16434551979482,-54.59502540483662,792.9534129133411,690.6742463894603,-213.50905620360686,0.0
-4.956764590056326,-0.2532812522030984,0.6998577687200346,0.9926849120466685,-0.052996800269447836,0.07655660386338368,0.07685760184265257,-0.9557530705033718,-0.009404957350450497,0.16302769574949844,0.7453303965599063,0.10574979427107693,0.289747529877932,-0.18094887830346695,0.07610817775396082,-0.10014416186345401,0.6757288643227841,-0.6989989245869547,-0.03477578360030816,-1.8459763943793865,0.08297757979739995,-0.09710487831819958,-1.763649312579561,-0.24332928036352913,0.4051536649582501,3.365994714177143,-1.193879022043114,-0.2218984115746583,5.070541826985495,1.1628718859053142,0.02658341562707551,-5.8113687722214715,0.8511740347770547,-1.3320028791250857,7.199616092806569,0.6443314957352206,1.182328485152599,16.104423176814198,-2.1339850957813042,19.449183787125556,-59.89494349417239,-35.42084162461994,48.605524858302,208.78929672643648,44.24695559269041,2.128518490412185,-195.86015334650986,-26.325167366605232,0.9855655963038682,190.54285468653376,54.47694491464591,-75.6338175008461,-274.8181551483123,-15.391494815861265,-40.895214834688375,0.0
-4.994821149749374,-0.2503150181627846,0.6992339732058217,0.9915993771150767,-0.06805403688261145,0.07725581518216082,0.0782998236876164,-0.9037340756042582,-0.04117599566754599,0.15608631111960233,0.7539210238090516,-0.049599119226145974,0.2921393077425639,-0.3035234470685678,0.08565193943997017,-0.11963275627907538,0.8035731915246004,-0.6847035332312661,-0.01710140048298491,-1.9601533909993134,0.18198886955199742,0.019556459141616585,-1.3688979138448407,0.5481678398997785,-0.0478640583524993,0.9615633570373443,-1.6413713625834951,-0.5416564232943979,-2.0647233860255128,-7.401244744491357,0.10882249198979027,-6.136203358455396,0.24396957458058807,-0.8787634770143099,5.116675553023852,1.2621856823182385,0.7380373921439325,-9.586927780948484,-0.4402006309239559,7.733551638202445,6.798916606377041,51.5668650640053,28.803969005425703,-376.9495147311315,154.9583638971746,115.20304559115971,-40.00561290225834,1295.1105164505993,-43.05662515421183,1.0443218494067836,-25.204921118040737,-25.980604971382128,-183.21687999111361,95.56343620599922,-14.247196974707611,0.0
-5.0335669900496125,-0.24592165499194552,0.6996437067888449,0.9905440502375935,-0.08110775280133242,0.07870320863392928,0.0777806012135833,-0.919130143942399,-0.0650419084294687,0.15010728702487605,0.7674720863619684,0.02187568637267978,0.2944888299924191,-0.40612210696495055,0.08701846089871552,-0.13634565015146063,0.8761789172679195,-0.6489364852111901,0.0008688609953603423,-1.899215772759777,0.2720626621896881,0.025602422846460617,-1.145571241325038,-0.08308180491103444,-0.36841526692520066,-1.0881546406123868,-1.6825544626634732,-1.9732541948128632,2.459055402964889,1.6018027524575535,0.17136063364461282,-4.215805656298266,-0.06629996918538981,-0.5865011732382929,2.547237293173188,2.1583747131267663,0.9781165092389457,2.057979389700051,7.977047122432492,2.446127670364927,28.10025740807302,-31.00738470391178,-20.001250727502963,-7.056812299420365,-130.86540390562038,-223.04113433259224,-105.12678932881178,-829.4175242354726,11.708309959637587,85.05651978899051,-33.235399225601384,32.45022485641706,-104.8770150083354,39.51002014710391,10.677085698190776,0.0
-5.071072738120518,-0.23962436733917616,0.7002999968281287,0.990302288748087,-0.09065300738680429,0.07395942289325634,0.07492271296025725,-0.9085811054074364,-0.10296695535398755,0.09960912362758449,0.7368714656331405,0.07121821353404434,0.2996764532681751,-0.47517683912160946,0.08054924368216267,-0.14634406606080452,0.9098913901276255,-0.5994979686415604,0.018872504605171567,-1.8544805101378534,0.33978637164629827,0.023041504329728478,-0.8780981107741066,-0.6171003552943833,-0.4688524396040538,1.4751078412891536,-1.6967127003905969,-2.5229296755072297,-3.279092129256459,1.4976626716280994,0.25721900506465367,-2.862906874625384,-0.44532585754453347,-0.44230377795615566,1.0887730100714745,2.7164451749512977,0.9657937523273777,1.0324343123153046,2.8246965875939827,-1.8166923193828841,8.837120491016758,-23.12132754125732,-5.426284193207773,61.72609768967218,7.0026256419914805,-9.025800177008895,-186.95988919918005,-421.9867575905301,0.8861859213958807,55.45020972734792,-24.68460933592377,-4.838425943546193,-55.54824204951128,31.745040427285996,22.859200483403498,0.0
-5.107798155838234,-0.23292511858283282,0.7001424448964741,0.990528881465575,-0.09869871981484593,0.06369923810511396,0.07108800710594979,-0.8255256537749217,-0.11142717905710271,0.09767259650253117,0.5195321434898716,0.018450941962646357,0.29970659222458856,-0.5263350698286521,0.07267101691702453,-0.16731666250918595,0.9693841606005991,-0.6041467889123904,0.023863861238333617,-1.8572655920327388,0.3133436337171864,-0.03294865608431108,-0.9121984837501809,-1.021820382638465,-0.30464890587999616,3.5715916407565733,0.01128984992463523,0.29446436257752623,-10.55309713148163,2.526149735230053,0.0988991410889232,-2.243420514105463,-0.21281699499149426,-1.4637801018912033,3.4552493830470525,-0.8100643090384525,0.06661313612629569,-5.082911936385455,-2.3968027968138905,-0.9790237821749216,-6.921868186979822,0.22748401655080158,44.9605126402418,-209.33096329780417,4.0057629429088175,-27.597340281271038,388.15942841463107,505.02825082538766,17.83623254890712,37.7253903956973,18.417666075483762,-33.59419729810007,-16.31201048941841,2.7602003545724765,-7.917724175852974,0.0
-5.145961239447065,-0.2270537046551773,0.6992189917366037,0.9902598535180921,-0.10571355491404352,0.053714059667304,0.07297168363015254,-0.7720681508443801,-0.08420377231483848,0.16594174825222346,0.33626271147155284,0.11192782906358321,0.2964774725571927,-0.5676378470512589,0.07918248894414172,-0.1929126005376031,1.037979760156898,-0.599585968512811,-0.0371095858107122,-1.9345713256849515,0.2778807088222392,-0.06819945408424187,-0.7415157985661827,-0.9691703532968128,0.36197357799660407,2.16668625512429,1.9901479143999148,5.395600588403142,-8.10076293797942,3.4831792246908053,-0.32871706441729137,-1.6836085621640438,0.8529097415445738,-1.1142918728655362,2.9945304156976467,0.44001447770383273,-3.1336865302879975,-2.0673256374004145,-1.5817089852527957,-3.3845875442633124,-0.4855979960396567,-5.18992737600142,39.52338300456147,-50.09429173545313,22.357912519550585,149.99734085753232,137.3066219048093,-328.19584891622463,-13.34028939343723,55.83535959894776,59.94704130063152,12.789191467724004,-70.87425753267364,-1.3386523265201649,56.81513272187272,0.0
-5.18549202123936,-0.22146084776343677,0.6966331711085438,0.9894647128074129,-0.1101017254835103,0.04564471109320707,0.0821812174630809,-0.7240719731142851,-0.04119660577342099,0.36626483159398115,0.1458506847975609,0.11105674866905797,0.2684291667113182,-0.6055612918581753,0.10579106216190057,-0.20669016765291284,1.1227995191007767,-0.5730422100249082,-0.11649276436647214,-1.9742989718866122,0.2686452357481439,-0.21657326291908943,-0.6096964247987344,-0.9251599285178268,1.1453803167006247,2.558059280670325,1.3435410975178783,11.270148393480628,-9.78536311332478,-8.417624929321402,-3.316252675517982,-1.6116735564019642,2.002092826010325,-0.5345721958478425,4.436052003856305,1.3953469167703516,-3.5512019040352643,1.9686684882802392,-2.12622293266559,-12.35677568982181,-20.91093349344642,-14.184915076392008,37.418879266768926,-19.342894713392404,-170.95115636262454,-152.7014071915665,35.16310302345429,-819.4853466031409,-112.21858922100195,55.5454341902843,87.81701646421182,-3.714258134158022,-31.97975425546802,-15.24728493263424,72.35795138128589,0.0
-5.224872887595308,-0.21617224929126197,0.6895790606880629,0.9876533206663819,-0.11515360653727039,0.037302734265164485,0.09944380872869488,-0.6805410225368614,-0.04649762602595828,0.6035254716008756,-0.051824049735847255,-0.06470748050954818,0.1595108566798279,-0.6271819696962642,0.16168180719609962,-0.20646899628586435,1.1945351561707402,-0.5653661679167196,-0.21092401215283696,-1.9714719443540452,0.24831168582664837,-0.4684546981021617,-0.7830443430209771,-0.9699298367994258,2.084560595948845,0.9924732233207461,-1.8381383952329426,9.04398485416256,-8.38370227968257,-8.02866979948681,-4.967317548702645,-0.6630619864177871,3.3088788805970646,0.11924439554051852,2.7374986111166835,0.09548478717023466,-4.265295084531777,-0.4129897679895872,-2.649862756232337,-12.604468019126745,-16.38383698039651,0.4287991361945641,56.8677845164524,-164.19553530187008,-146.19616672332057,-417.5401783810607,241.93101452688737,128.15822238521613,111.4260958297867,46.028867965597556,45.91971290579178,-11.123491927377462,-101.91340863502926,-12.648694353711118,84.81940554558493,0.0
-5.266065244682317,-0.21001388990794367,0.6780632864915255,0.9851844513635518,-0.1168081557679114,0.03297084528289719,0.12116259694693748,-0.7249463670296998,-0.08618575851725159,0.6211204784680672,-0.0634094669791619,-0.22024400135652716,0.16347310163228007,-0.6408138750890404,0.1931456243819289,-0.17274872161664642,1.2068805522621837,-0.5879628081951583,-0.32729865261773283,-2.126932655814269,0.38254304586136706,-0.6507332856117274,0.14128163322497195,-0.4692610069431676,1.758346199471616,-3.477388203744669,-1.5613369804177484,-2.467597613963868,2.7380073247362153,-6.130029107035817,0.9372015192487653,-0.6694552107781486,-0.5877937400869764,2.311076474931886,-0.46835844063884213,-1.3141058686608644,-1.831721821562187,-5.739524175674234,8.996623706476436,-7.814547272116484,51.5208953901199,10.738242385300486,-56.20230995213044,-29.444449700271427,67.68420979846242,41.13768717759453,131.03304093401496,203.9323914228614,-11.44037325914423,21.080121396607005,-186.63648394558277,120.88616027057051,-118.5861567743217,3.015095917854065,348.9101710159951,0.0
-5.310167185278053,-0.2022614736820873,0.664333018370411,0.982911568739938,-0.11301530615736795,0.032540354034967224,0.14161043030310078,-0.9160784610112755,-0.08710072396946354,0.41602350235580654,0.420885608842554,-0.2365326657997753,0.27035252146938094,-0.6458489670695154,0.14987556183548806,-0.1087394531849941,1.0955451792731905,-0.6338839297808143,-0.32889474037925476,-2.1897170953225755,0.46674526898443613,-0.698097675456035,0.554096965615905,-0.6421743657534229,1.223606829570852,-9.590779783234298,0.5923350840014778,-7.100814084492228,28.750185693459265,2.98735922197392,5.082796947762551,-2.1724669992900534,-3.3051498774042387,1.8789329131267314,-0.48864682747353183,-2.0773626416987856,0.9627801065662145,6.341036144597427,12.51762459928882,6.505146439166543,34.1681696079719,-58.08512930363657,-134.22470301266068,331.2255925760856,84.09715782041175,664.7309406539074,-361.22634357870515,247.00985314442403,-80.22545082616024,-271.250478218818,-77.90628879842927,-186.4334829130768,784.8873673335462,331.2236570004276,58.73115298621989,0.0
-5.352797182714288,-0.1922241015155043,0.6530919789916863,0.9828787747120895,-0.11044792761787851,0.025191059847230697,0.14531338551265946,-1.0641263116329809,-0.06135170269679509,0.28941526545883767,0.9914646580361113,-0.20712233314986686,0.29589749450967745,-0.7144021348447213,0.08928743008966936,-0.09617673692543466,1.1425077343675918,-0.6185925851551305,-0.3001891190973702,-2.1130531310664935,0.5718326106262563,-0.41636735243222,0.103323907019929,-0.825068206976891,-0.2968875097319946,-4.180328665687645,1.55358514719752,-4.9688136787654305,23.941280542608613,1.2634050207625462,-0.12304602547311017,-3.709306304247208,-3.1786524353129115,0.2753050415487859,2.8541834370039987,2.0860367101322734,1.0994481248936083,-1.3388360911600523,9.72221432615217,18.246815367325233,17.466998037938062,9.569860354599864,-45.63782641255344,397.5569826933908,9.85486925946936,120.40464960297811,-665.7178365450332,-32.61341102540904,-72.31159525524868,6.2038314323738435,-46.02007214205928,-4.273938480321964,-55.27587624624378,100.9392672953845,-42.112638367636166,0.0
-5.394781812184696,-0.17896351275324274,0.6472828194817482,0.9842627770484078,-0.108226729746745,0.016024132173544064,0.1387695495177754,-1.0862446471686067,-0.02278804968695,0.1796979930714392,1.4483960080477598,-0.26895664871658337,0.29036961613668955,-0.772949935263386,-0.006962284029486732,-0.11313795408740294,1.1710464424211104,-0.5432793958177173,-0.2510064154852876,-2.113838060951302,0.7672986553222886,-0.17351904016699188,0.3802461576774404,-0.8173357347090466,-1.1175271712971042,2.100220212301778,2.053324170764381,-5.629671249538592,19.559690159020786,-3.350743672221558,-0.2874778415894198,-2.2955847988310865,-6.490546663506228,-1.6949935607750322,-0.010515272645142626,5.793538678346077,1.8340866072436957,-2.893538697255775,12.875782871738743,13.283235836938157,45.30838165554964,8.901035854616943,-43.351292579548115,389.1213863288568,12.959717749522278,-2.5118532038543453,-470.5541858980421,63.75045784415735,4.298309985136274,57.920196680764306,-169.0431573955578,-53.009404628847136,-130.1787883596592,50.098410146504435,-38.80553795389851,0.0
-5.436309684999993,-0.162310006514675,0.6450067476377184,0.9868460872588206,-0.10240592467950471,0.00378836056040112,0.1250338953114569,-0.9569755599460666,0.012019379479514135,0.02456739706368043,1.7493018165770757,-0.4065182934834307,0.28775882694101906,-0.8002096824463731,-0.14931645560231327,-0.1502641812861794,1.1611399468398953,-0.4927742958367298,-0.1289200479865578,-2.051746398439247,0.8790522577538726,-0.07715432430557102,0.5521118806038292,-1.309784217053013,-2.0258107395792933,9.904869356372663,1.9438212713641727,-8.907306759383301,10.985529917035151,-6.636435360288405,-0.0518911241316741,-0.9391956234201363,-7.189042245259907,-1.8161183204191231,-0.969080678543057,1.2671888887890035,6.246675062588376,2.5941398538367486,4.431526978246517,2.286931601979784,12.705774724386286,-11.35393665374854,-75.68024722337391,362.7599608250956,59.4002941803748,-76.20835281918995,-459.6629494340146,126.57548652416114,5.586879602117958,9.172891299737575,39.83120319580648,45.49574403487165,-45.37920023404077,-75.865548002694,-75.02505371742042,0.0
-5.476421417578344,-0.14383554048351488,0.6444353932659188,0.9903663669735551,-0.09312260969236034,-0.012839724675012971,0.10167487497880695,-0.6756613867067831,0.042479450873385026,-0.16139293295256077,1.7584475847642258,-0.5864926503900947,0.2843173351244623,-0.8124692956376206,-0.2796309425290869,-0.17495817690916282,1.1254486338799425,-0.5118346308902018,-0.008738483188143263,-1.9647250977026447,0.9356941504977715,-0.0548607779495789,0.7733168938524253,-1.602587724809175,-3.1913214754016854,16.414597090625666,1.710340923634934,-8.741979701842128,-5.993893282996089,-8.840267450269257,-0.18767834699083116,-0.5971736208021978,-5.456846051893331,-0.7839528961377034,-3.530069592332026,-3.238399020640294,4.558444421721817,3.8208806436682785,-0.4355785639292208,-9.383595827795206,-6.091332968380794,2.259770059275098,-89.82051666831445,171.01655187197238,40.69033534931669,128.40422188523544,-528.2778655694068,99.66291151504132,2.278355570398721,-27.04254847197944,140.6300448815404,31.714151213356878,-278.7652070335598,-242.2892470786555,-178.3792705878741,0.0
-5.514131473624763,-0.12831488281342704,0.6441385303472562,0.9936292037035033,-0.08869607863352048,-0.031866769003601796,0.061794176229232306,-0.32757447131974154,0.13021239953433777,-0.2101991589346049,1.4004353389417925,-1.016942877445642,0.1730170533050838,-0.8488364111475556,-0.3076663814543952,-0.16401805425992852,1.1781208795703404,-0.5585792517023531,0.04505705514922567,-1.9067960157801718,0.633327444766059,0.10667251303968245,-0.21867158725356634,-1.156610271261177,-4.2745074448033105,13.901143500116905,4.949430399528211,1.6409146474080962,-20.332122170141908,-23.84234049236526,-14.656859592521943,-2.262442329226797,1.222066249814991,0.8170404101141575,5.386119521648874,-1.5904197364775792,1.9646478934323737,-16.596031904897682,-18.708986135495724,30.17285547518086,-31.298936628154763,98.44995984124,90.7473182493151,-1079.5458235421556,-95.58221579317754,167.61824016892194,618.1312239958752,2114.3080392124994,-1481.3280516537038,-9.08022495828305,194.60771078104065,-55.517995844884936,89.82472529922944,82.20057340890946,-49.93275956972363,0.0
-5.552806566500141,-0.1168273854958802,0.6511086532338788,0.9949118597033283,-0.08825667990226188,-0.04423097782594932,0.020118908391224856,-0.24989425925297643,0.19098645792541455,-0.13737998130775275,1.2567905626992422,-1.074048880266981,0.030195801495198772,-0.8706876839025591,-0.24637247383976252,-0.13955489745441776,1.272650605004698,-0.5082046043601584,0.03588429267056086,-1.9335053769778117,0.5416360796546233,0.5309095845440401,-0.10221687519137074,-0.6752654002941525,-4.2508566965332015,-0.36892968313796226,2.0023666226195713,4.345730575949783,-1.7230945273006806,5.957893289304654,-2.115336574569151,0.10361254203400289,4.183963837257778,1.1374407622310059,4.100377178044352,3.138476971638992,-0.8163090397028778,1.3861528345803567,-1.429142247881415,18.617312265112556,11.34372465290455,16.73112517291602,3.282581217062968,-208.37116792761972,-130.14021700867423,-26.21084879602678,324.72448469210747,-20.449583407406184,145.55615536895112,142.5115797574456,82.37042049185494,-35.61726228202479,-74.58400874159159,-29.13187371597876,7.078470591648296,0.0
-5.592922824730197,-0.10543083242378709,0.6659639353807921,0.9951969765114337,-0.08371475184011565,-0.04656492789261047,-0.02016248390463818,-0.29334381680761173,0.19763379691128868,-0.062451034112086724,1.2424485789582558,-0.9501375748831269,0.04620752861098493,-0.8503604691471967,-0.13898926728782302,-0.09015913917740945,1.2616682829846515,-0.48359722286801216,0.02695431450289709,-2.0519095743308085,0.5927224406910576,0.8914259262406729,0.5870794830767666,0.7171820498328653,-3.7086771290605007,-3.1133518948263155,-0.6602519884969522,3.292277142745099,-0.9574599691389483,6.522363615358609,2.2788532490561915,1.5721555729691823,5.564109929322215,2.9962321839576815,-3.0017059607743124,0.4697719850526103,-0.37340721206892385,-4.184866840075086,2.625429717488099,14.644715559484283,38.94398871366481,62.50264962989496,52.10534243028926,-74.63788385481783,-90.73396949550329,-46.92101451454539,-87.18870197471064,45.4208684579548,111.61889275552284,46.07380841923731,-38.57014190085379,16.64519520366325,-169.10544386246298,-47.2899250029807,1.9653003893108938,0.0
-5.634074689987946,-0.09320189998237062,0.6865897766762463,0.9954987682682256,-0.07310074260712614,-0.03862347088103899,-0.04633261598306531,-0.36413593702546954,0.16287655084358546,-0.013166671158464266,1.203920255177564,-0.8145959318560673,0.16738258989237734,-0.8025462121418071,-0.06520051510191303,-0.04563687872254079,1.1885497189585215,-0.5163086840463633,0.02481080014530469,-2.0648508417165483,0.6197021960881973,1.1259801940630707,1.1697614175858588,1.3093661289284504,-1.6869665239057245,-3.734360991556455,-2.385746004305631,1.889749469486433,-3.0795187922261134,7.229301667780917,6.958873115436223,2.7675518194076356,2.1508397300614552,1.5279646456430351,-3.616300586941415,-1.9414418335726922,-0.028603862486916504,-1.145667958757102,0.42023143268180424,8.778099815023912,26.929304790556674,31.244406465147605,97.15893323542315,-12.573619435168338,-59.19574845921116,-54.323349253813745,-142.84656639857133,59.682254277578835,13.986503699598773,18.553614069019332,-165.23121002260265,-80.22090945982619,47.9848355483493,19.426820948803304,3.7232420946528366,0.0
-5.675579264339696,-0.081362714247736,0.7098945917621114,0.9964019793267908,-0.06062724573226966,-0.025467644600176285,-0.053468044167451864,-0.4391742823827164,0.10672162582205356,0.0048500388052530475,1.1203209423732834,-0.6585420701761336,0.304202289090222,-0.7367611236543036,-0.05287085993975089,-0.049623462419391036,1.113534610607723,-0.5535401724451422,0.010497083588754052,-2.086422008428719,0.560044346600479,1.1736800892932906,1.1221767284040658,1.528394134452756,0.05141155285247906,-3.6107632319411653,-2.962313328027667,0.006838129059883569,-5.32750380255346,8.4810831929298,3.2567814792212864,3.434260107144852,-0.2195310245905615,-1.2077662162794525,-3.2994303106471468,-1.6102528640868197,-0.6996353067322674,-1.605916535116977,-3.9312956653564486,-1.167860773760375,-5.080885483105134,12.526718648801364,67.2904138864671,22.168425850584804,-9.383676786902182,-94.20981596710415,-130.87163931149132,86.66940245947629,-465.08497846669417,-5.8410719821036095,-58.55116637151967,-76.75737347658396,89.000990857593,34.25081655725656,16.81450093176163,0.0
-5.717426070352012,-0.07123450065787477,0.7322702943345392,0.9973340755352842,-0.05015784305983218,-0.01060747082876199,-0.051927007600886886,-0.4976072101544956,0.05998106483537609,0.0036866556776008535,0.9843120367312235,-0.46222067973221065,0.3198214946436174,-0.6723525874684367,-0.052184924854237404,-0.07971462927357995,1.0776790691551634,-0.5837803288272345,-0.015070574034612191,-2.1038362411300873,0.4677010724670343,1.0540691704230216,0.8363769637111219,1.563749503837893,0.3015159381356653,-2.459353928050394,-2.1134148604811123,-0.5319877484292062,-7.551496494207685,9.130270698145894,-0.1850109574542197,2.9461994092310873,0.37384522218656235,-1.541965493516999,-0.6443887117134195,-1.2414389808456407,-1.1805846491399448,-1.7173990412220859,-3.454521919817989,-8.824885142167705,-15.247636500126394,6.067997676189627,1.2546650764066103,49.637135046541516,-18.717260128317378,-122.14449244973666,-86.99365498456577,-106.09178891811695,-47.148088753859426,-37.15490510106217,46.618012262196245,11.442824600841547,114.08640378874445,35.0687346771214,24.862538961930486,0.0
-5.759346455846849,-0.06274807381330773,0.751474030882328,0.9978157502787481,-0.04269725530757803,0.0033913780229867865,-0.05029086835563855,-0.5256190496533283,0.02759498390166859,-0.009468810949972237,0.7879700681997018,-0.2863188177149346,0.31158492028180257,-0.6117949775536848,-0.03097665759697723,-0.10652182136196807,1.0837568033086706,-0.6014927574338228,-0.03998145009556857,-2.1010789501273948,0.3815860896447572,0.8542184978510584,0.46766930783694965,1.3649201820982164,0.18494463495383467,-1.1331797344881873,-1.0143638442247562,-0.6811104951331063,-10.303467288480856,7.987339029977603,-0.42631461913289875,3.0125201586262764,1.6928023133938979,-1.2149644558318409,0.9111797285485541,-0.6356976025312453,-1.0750553650496424,-1.361313462239867,-4.832478585858205,-13.662172418645364,-26.521087343865943,-3.505946107798076,-3.0660432381254505,-19.453954525399574,70.22251635157949,-1.2307526579009633,103.02556973087803,-180.0579402933668,5.242018300977352,-6.650831862334844,69.83886636223002,8.852251953884739,50.926687774233486,24.22087994677522,23.469801263960342,0.0
-5.8011362875125005,-0.05574018235993868,0.7660184943302525,0.9979478331658176,-0.038475528414956474,0.014981893328099854,-0.048941790579679526,-0.5415868577368547,0.0223551742894987,0.0038801934020310206,0.5922308803019318,-0.15646899687854557,0.3028468387026237,-0.5447888465975883,0.01176640883876997,-0.13119877778716899,1.1104959287543312,-0.6090305408205638,-0.06395126791104278,-2.089163365978581,0.3279822979651937,0.6089936011922596,0.2666367140960888,1.062059196071676,0.24966011541608013,-0.9101152836179034,0.07432317114342897,1.305602824562044,-8.693232088687907,4.4752683188106595,-0.3787895786728031,3.5652232751445583,2.435622883110698,-1.2929807967184916,1.5157916643039662,-0.21612369437878146,-1.0401199078044387,-0.7217407221088343,-2.098444509749429,-14.077665117745706,-10.450139537530204,-8.341431469393763,11.657318467017882,-45.75855731351632,12.456651267525402,27.292676490653246,190.54930484843757,-179.98966034496357,8.801733804516385,18.15196207412051,26.925229093444916,-9.200286678370668,6.872200788002928,14.422650461139531,23.231737720824096,0.0
-5.8429172767131545,-0.04941049693671645,0.7755062776645636,0.9980109442956788,-0.03522612438848669,0.024738626247011543,-0.04605730775918812,-0.5547981007323651,0.03248309364503295,0.06743043738254473,0.4080037829074189,-0.12435662053570537,0.296858992177562,-0.46821284587704537,0.0662497037954746,-0.15230047922335035,1.1388819305436515,-0.6104578875565236,-0.09281672297246568,-2.1004665932085027,0.3133970632920794,0.3492448520244852,0.27259561023200474,0.9648362173360209,0.48054486770802385,-1.0541843127706938,0.25661467394632986,3.321086604157718,-8.051023585310261,0.4987016227069454,-0.23641392773231074,3.932276124388509,2.8277119349142064,-0.9829441157362121,1.336363934921257,-0.015334147782024417,-1.3014993783286064,-2.051056903002584,0.09992720153445481,-14.5692491824299,0.6892200864606477,2.208038211067895,20.210593898302196,-79.44920374385882,-60.50279446587408,-76.47295389853832,218.20237285318763,-63.94849919845612,6.698358393333489,3.246807856035065,2.9555000881632143,1.0367601595759115,-11.345970042514923,3.1784605879617875,27.13780532098827,0.0
-5.884949131533628,-0.04283300731887192,0.7799394134010569,0.998127413214118,-0.03076466404368811,0.03369974456821373,-0.040737325057111626,-0.5835384013379439,0.032151757244285484,0.14304274341981785,0.2807925732425157,-0.12112635061375787,0.29228345315890875,-0.3784182961488027,0.12554365031504233,-0.15431291031358169,1.1273059897215643,-0.6216943897109278,-0.14129079823083004,-2.1132977982144507,0.3516417244703409,0.10630387323325172,0.5366024921467224,0.8907085807913351,0.6524374349318423,-1.9776453063364796,-0.595335306911757,3.0820141502906,-4.5926173321510255,0.011523055108651318,-0.19715864525571983,4.634194896292397,2.7931931196731163,0.41748956502271184,-1.3804073722738672,-0.6657742354713729,-2.2792776523171887,-2.0377592804514055,3.1721214513728553,-13.31468674948458,19.679729430091527,2.9362733815319704,5.836172918981264,-67.73544347710717,-74.68044107328595,-124.66207706801202,199.2982799628926,-8.100455559389612,4.64677266336292,-5.7894107524265515,-38.81135047423064,40.81999095509516,-34.23803941235133,3.2935750384830382,43.20130178545456,0.0
-5.927672075648506,-0.03460283938817811,0.7799485453871243,0.998271218335036,-0.021321336864828275,0.04362680742996084,-0.0331161125684754,-0.6651409346662278,0.005401788368625861,0.17859639409039055,0.3305286728220228,-0.06955997091286127,0.28763581964103335,-0.2699095968555407,0.16625489242467067,-0.12211896293959226,0.9925660683074847,-0.6481584193654648,-0.2030164453265061,-2.153329798229059,0.4869214844589012,-0.09460380145523595,1.3373264780276102,1.0923344285231373,0.7053984720437824,-4.702955491193264,-1.9653519316781063,1.4038339366521375,4.971419967420147,3.3492273218708783,-0.21510206006476756,5.428412660567,0.9682102193440085,2.4960970793823085,-8.659421558782597,-1.493927546836294,-2.789701470068933,-2.2634537762716094,10.007912218400602,-11.105771507820474,61.392022508937494,11.077912338897878,-32.77943034459607,-2.5211278948444473,-68.87812555051079,-2.8164953816211167,65.28897646279489,16.843350981502525,3.9762802950459015,-49.34669233021745,-148.44061168043902,81.29490887695627,-32.53053498350376,0.5347407847522732,56.10233651348751,0.0
-5.970942888507972,-0.023802421054735123,0.7762857416224564,0.9980792636871464,-0.004931629387600481,0.055306826287937795,-0.027470300239763618,-0.7780854246206952,-0.05040976123197009,0.1655826411859578,0.5219438829149392,0.005341839484159365,0.28512339928566,-0.14865969322173017,0.1554575070559071,-0.09238142336286663,0.6929151184302751,-0.6406114225600987,-0.23181774756897133,-2.19504883875679,0.6172314796142261,-0.27388180520462313,2.008866338113727,1.3848796792977913,0.18427043135063306,-5.386678405414072,-3.166959085904959,-0.5217075720729989,9.855559930485818,3.907201406526755,-0.07793167504925481,5.300863339410929,-1.9769029120345885,0.9035170562907605,-15.990704215881241,0.5483125275132642,-0.9087852053586062,-5.813560238134766,10.157247258343968,-10.632490723562452,59.630923043029895,28.2765402005751,-82.30251496895026,78.21793899793066,-18.82149130726236,85.67923015402101,-157.56070558843138,-17.53742216809156,3.6922371101399087,-185.05069468271242,-158.58945399451747,-41.26848989636729,188.06924755287048,-30.527759972612145,36.6635974280786,0.0
-6.016255117437631,-0.010618983929120149,0.7685136260862819,0.9967867469294409,0.01708975679987133,0.07087201139668939,-0.0331855293604267,-0.8693450351615251,-0.11251371674354647,0.1590192294608689,0.6966821947434066,0.037068670569460456,0.2843458206363169,-0.09015504621784978,0.08562277107460725,-0.1503555446978736,0.4473062755991074,-0.6174575587722329,-0.2063720385542909,-2.3288541945683248,0.6799304154950317,-0.4639810787906448,2.2874456215758445,1.8256348114158212,-1.119490647281269,-3.598380751541621,-2.7168507969391866,0.09295702600735627,6.894202113770517,0.9505281770357988,-0.019133805921811214,0.6659063979028252,-3.689185329321828,-3.8839264529876623,-8.457959688796484,1.0042225979035393,1.4930465318620927,-6.839785328650264,1.0470716634953494,-6.784276065968464,4.653352475401634,21.53977256610721,-80.06718134339764,122.34358492234395,62.18380027077323,45.950431437282006,-238.61574112180347,-31.662684244569192,1.3840480861861262,-254.73262137182033,50.49744069557174,66.53512290256486,425.9479589590466,-33.27311075650516,-25.888847708522228,0.0
-6.06371025022576,0.0017573096992246392,0.759148903117977,0.9941917002376449,0.034267078076314184,0.08970320823937464,-0.048600051134300916,-0.9243361162344111,-0.15010570503219275,0.16047766176559952,0.8191139691789229,0.04641210940205106,0.2864555081853144,-0.13408976062538422,0.0264048396793541,-0.234152713914854,0.3758902631177036,-0.5134341226289714,-0.11473009385416465,-2.3848028290652787,0.489298199010683,-0.28030702697162563,0.7193647319099208,1.9971132705258405,-1.7308827591500406,-1.4204338858903822,-0.3985503881290041,-0.1501321483815013,4.535026348907565,0.389466273449356,0.13680882256939572,-6.085870645702592,-1.1157168841890033,-0.8153529455001091,1.136573412510027,9.61603662274224,2.4731817712830244,2.4937094440217185,-16.70567387726759,27.30220544832573,-134.57295184121082,-6.5146950840699995,-5.651569385730156,187.00653674832301,153.5794424057384,-62.355919912518345,-193.46470864068522,-13.159262437936606,-0.13174917252991505,-385.5828197936398,186.8430495583989,339.4795995910232,429.0952334878127,415.05892796049994,-326.4416924988918,0.0
-6.109701194509838,0.008571565424612532,0.7582155471503071,0.9921363747263868,0.030329624988315047,0.10712688165717912,-0.05717830899266312,-0.9074187098092132,-0.15391529463699374,0.14204191152649914,0.8399383704957563,0.09002204925095783,0.29069860004999365,-0.2711253436208607,0.02761181075917518,-0.2432486364686713,0.43336541009733576,-0.39260511479830323,-0.08193266348603137,-2.2186020779924016,0.22849081291906803,0.07833564759688819,-1.184672912417976,1.345374349469561,-0.2978083404056647,2.39730153369277,-0.06623949465049886,-1.3540826720593928,-0.5301933462631557,2.0759338413211887,0.21295258095870617,-6.175711025967075,0.9567990135625649,-0.9048839045521744,2.6294705799604063,2.6750521021674176,1.0699520506503915,9.206919369733551,-11.179980586974969,8.58928529286315,-75.52366303622658,-44.20152115420141,72.68414971711948,146.2226088474258,12.82556907280463,-28.07057147198552,-91.1991698825944,-55.74552845781074,-2.9309207903619283,148.4029398634062,86.03869146581589,-83.51411245483973,-161.6565200264378,-151.29905378202264,19.342114787844306,0.0
-6.151887133942004,0.012050346341293872,0.7612535689374672,0.9914840510053456,0.016472027664390956,0.11623848616908772,-0.05636189528194006,-0.8197806213019424,-0.14543308093931542,0.13337438792419398,0.79251432068169,0.12987588532809158,0.2965977562142815,-0.3674792263804949,0.061145508529861545,-0.2499561402822413,0.461267507389229,-0.36853418894957185,-0.041236536120294626,-2.02867102995861,0.1324485282466915,0.18634014402035473,-1.6461603949878953,0.4487316784159348,0.057121088554262685,5.546871714617577,0.7626067428259451,0.08272549804805727,-2.824170181324253,1.5570992887343709,0.285068132482244,-3.7125076106428976,2.180882707654485,-0.12517110251588323,0.296803207043298,0.4077522842112056,2.5641240610644407,7.972371516989537,-4.118781481964222,2.0489854638914817,-23.140086997132542,-38.142035490684336,17.042395689282106,93.78068059169708,31.05358569989881,38.507011359450225,18.851805739469803,-50.78091135978264,-4.827953762497387,114.38354002329758,43.79605617592487,0.6582243207055472,-114.44128751254485,-83.51954612235535,26.116136675913953,0.0
-6.193489085914082,0.015602586406479262,0.76350930464621,0.9908749056289733,0.004040604237692917,0.12286228592404613,-0.05527615769647541,-0.7191836786341197,-0.12124420557126107,0.16670157297195434,0.6807543843798699,0.008242402663242276,0.30135354951014937,-0.4640611348694797,0.10039465041333712,-0.23025079621978695,0.5023536318427312,-0.38511798029470173,0.03304677169553056,-2.132676873330849,0.20924884017505258,0.05135907912472581,-1.0446412854277036,0.7335105539604286,0.22574905143005877,3.8077036788846437,1.0806844781835823,2.4107967599176745,-7.274903522442634,-9.62265573792493,0.1531921967781222,-5.230790316027648,1.4748367709517127,0.877352346419187,2.3598677208420726,-0.8552692392133522,3.4603588447101123,-5.6984326492385025,2.607803727962055,-7.816580524134567,17.641557226509544,11.447217922162949,45.600203218719955,-183.61006774280176,-51.76920953178317,-1.9127825631549875,-29.863657307967145,140.70552682756812,-5.748614535827677,-11.687053638502785,-61.5038494697351,-60.29986844166798,-23.003928444187572,43.2520935328727,-74.64591325647532,0.0
-6.237136422707802,0.02060572434816712,0.7619546709509376,0.9901029237121087,-0.0031367758188994496,0.1295434134559362,-0.05389680068780236,-0.6528453381422706,-0.1028456204127606,0.2151414853175161,0.4856259402604959,-0.03166027149903228,0.3061673133257386,-0.6094609329412505,0.13101152355975326,-0.15406023642178845,0.6835843703435921,-0.3759498346480141,0.032524775368221966,-2.1869605845325304,0.26337303225454056,-0.19058899406670057,-0.7001494157994532,0.3708924519281353,0.34433157516784463,2.4087434594312174,0.23353517492411288,1.3191435316893,-9.565282695032035,-1.1183973421374405,0.2071990047668209,-6.871328152884079,1.0926406061461056,4.132041442294363,10.57558007863353,1.1703666182552073,-0.4651817706948676,0.7377859781421383,-0.39171861129615654,-11.622699715212516,-7.120517826696258,-35.27969819672215,54.06460323207264,-140.15966050303203,-81.7080843962715,-191.19192346040336,180.81480386614902,57.17398452629912,-5.313801353697354,150.2093570658097,-74.08488823285234,-87.01103662235373,-87.04085838086492,41.25045321580568,-2.621487609481703,0.0
-6.280223265991512,0.026221305864299157,0.7559544610304701,0.9904043034486952,-0.006857351097184093,0.13026437936245655,-0.04564519597448691,-0.6015791252184105,-0.0903092375751251,0.3193708920803524,0.3145215749113056,-0.06171583657342571,0.30575075961272635,-0.7155886638610038,0.13801168749973255,-0.08412246723597447,0.852255855652314,-0.3796205067369433,-0.029663603902765644,-2.160452320853303,0.31965306459199144,-0.34365792914142645,-0.17772328735401882,-0.04531080107708022,1.4872702697531117,1.4041862344092055,-0.16551217112529165,5.111697098821435,-6.437182582521793,1.2916403039790514,-0.14523144839738655,-4.015330197238161,-0.9719996771319941,2.6780222245088616,5.132408683169992,1.5532130836572229,-3.79240675241603,-5.786914532553008,7.123287077271889,2.703704227142627,55.834491006609404,17.248109374091765,122.85417763981167,-281.54366210891374,-161.93020663117656,-290.99810704071876,204.76367708826825,635.5919461326621,-14.688677494446091,110.65498686457947,-203.0878568287374,-83.22903963490378,-404.2119362565506,141.93072404341217,41.2110575112972,0.0
-6.325408284207288,0.03372684393360666,0.7480159135958374,0.9907840854982977,-0.0015331434420364147,0.13339696078453356,-0.023447734388180645,-0.6358714892885072,-0.12673111326965558,0.3505036273277461,0.2479013616921428,-0.04194741644066144,0.30412822709414433,-0.8069958188235757,0.08226636966990204,-0.06520551770128048,0.9453275489754466,-0.3681611424566024,-0.08976541707212242,-2.307379157345846,0.3823037712488194,-0.448938959313846,0.3626710910167599,0.403695511081843,2.5732190214680513,-3.2506702285821376,-2.559924811021465,-0.09723065922964894,-1.2967492579414475,-0.027845141573396348,-0.02598167407880307,-4.678980590820901,-2.9686351505957713,0.08326020143146763,3.432195229899039,-1.5564523479775196,-1.501932020973436,-2.387081778389961,-0.9477664464995725,-6.7079460509538,5.059057777684468,-7.1876578691127335,7.5476913465268325,-76.45192550977313,-25.149055412471814,-82.09483666477277,129.52257529028884,-164.78760065787736,1.4090270157833085,11.40193225074098,31.489301896239432,-34.95373419340966,-121.66435168770245,-129.59121463952653,33.72355728176134,0.0
-6.371513248307094,0.04211855649433202,0.7380769448414329,0.9908658527821538,0.009453091031590255,0.13451937610641873,0.0001957349834815006,-0.6876313838347885,-0.18169215033549604,0.366462663539017,0.20915459947310772,-0.0858440674050123,0.29994921170061,-0.9097886241284172,0.01882220629540693,-0.06290741145982277,1.0308053753609314,-0.37526474176468644,-0.1547274856003943,-2.2875102259539597,0.43466481194245776,-0.5356901594288291,0.9638650792428178,-0.19155998967505747,2.4607991075538282,-1.8470294772958733,-2.5368323261143932,2.116062198474577,-2.4186520415984263,-3.385741452260428,-0.29428139557119903,-4.988818657554941,-3.1540599917417005,0.6255065574823201,4.518138416316576,0.737657094644564,-3.566639411742762,3.1855604205058228,0.3324796920959671,-4.356182424766856,9.307765575793404,-42.94320575944491,1.1367855906178854,95.40323867284587,49.84138038898716,181.71966745068877,-48.72162996249197,-103.96484040963462,-5.592137051222988,58.362363245916214,13.698398099607449,90.81163930517499,9.545030175773434,121.02357448548025,-17.89126239468738,0.0
-6.417363801264224,0.0510951126869309,0.7243408953191114,0.9907913213091992,0.024847601961745024,0.1308021861553194,0.0246158971421199,-0.7247351020373133,-0.23218791690342994,0.42652068505738405,0.1524495473360463,-0.1847840551798954,0.2902651429798134,-1.0203388404178024,-0.03595973253195049,0.0002700933630773016,1.191962293841256,-0.37771847778256185,-0.23620489566489364,-2.2737942573871415,0.4122396383270961,-0.8074653425032203,1.0020147212072028,-0.5787174628676951,2.6567413007784992,-1.734098639067769,-2.109918701383677,2.885251491053382,-4.3230223554552385,-5.668235768258578,-0.542799594558722,-5.107625780755776,-1.8871263939499907,4.652982322386524,10.832742618052627,-1.9503132314289655,-2.956227954576694,2.2754009256560477,-7.073626541508524,-11.760454506229015,-47.475310639454165,-26.29370615320113,-1.4606988214393777,-23.89361227324047,71.34551811612623,-115.09600208854141,-105.24714209427404,-13.49249692921633,2.1460199926493004,119.36826951301552,105.62443143848981,81.99835406750142,137.64745076400976,-33.6660939583111,80.04888802950272,0.0
-6.463459235024562,0.05808861803720223,0.7060593518180326,0.9901876085933271,0.03415962092954001,0.12457988464158933,0.053305463405420264,-0.8046200916970627,-0.2568874282235283,0.4174948827347756,0.1552650644239644,-0.2174450794136255,0.2838631749745427,-1.0939151200686394,-0.0790447529705582,0.1005060888119619,1.3685120177551093,-0.4305411101821852,-0.290894248473091,-2.3102755331711893,0.30506597526884754,-0.9840930264221508,0.15290992324568423,-0.6179618330109123,3.0748755165942585,-4.873195909086252,-0.2580669209816547,-1.2587745786236866,1.7767549554799997,-0.21289686781100148,-0.20192742978523148,-2.273615091711557,-2.414834254953565,5.085727452626938,6.7899500462738445,-2.4521502260587944,-0.7899332460813168,0.7563093016313455,-4.480574674340177,-6.893066939652628,-42.29936971742921,-12.769449121163403,-1.7178765373004738,-35.36482636967092,118.95340655616282,14.45594407433936,49.02474018791958,72.86995722194469,9.166512318778986,168.80324380498317,-31.624817707855943,-12.326814622845623,-239.59863286333197,43.46744569370613,141.95970894155263,0.0
-6.510686135246795,0.06291087152391768,0.685933641335286,0.9894019538420871,0.0317943625204034,0.1174002419330663,0.07930999583558457,-0.9797518640230728,-0.20697247016067832,0.3727103683841223,0.5162730974055434,-0.14698188650545954,0.279361877809345,-1.0870577233839098,-0.12973208402502914,0.17934369429565777,1.2354357595634113,-0.4694621353615823,-0.29469283083726105,-2.319910852056022,0.25973951847233745,-1.0502461248721604,-0.7703050968203149,-0.9704513415653785,1.9055723293033793,-8.267578866584051,3.49381751014151,-1.5355130960522814,21.147048359068823,5.512566095102439,-0.20253056660855145,2.1001688366178617,-2.8450642414905047,3.2885054157573417,-13.842448889597067,-2.0730763009182556,0.05144370069550086,8.272464812058693,6.360406826908695,-6.475951230623912,13.454179697423555,-60.20260332372931,-73.2030088261224,250.21798642778722,24.721512470161773,95.7807026176972,-221.9825413256765,81.12157848907013,4.794574892284808,153.90399748244093,-64.05377105620008,-58.71340155971376,-509.5734916923042,-15.912267411942498,12.85761175466036,0.0
-6.556193817044236,0.06875965146328518,0.663252970376925,0.9907296056790906,0.023891319974220244,0.10337350426850209,0.0848408620659498,-1.12081405879731,-0.12006472607328186,0.30918158311136934,0.9792800300500525,-0.10547455272543992,0.2773576324838945,-1.0805827885755668,-0.1929304266786564,0.17885471404405962,1.0031736332762529,-0.35706937710220943,-0.2655703662726879,-2.2510403269909616,0.3478941188897211,-1.139825016706835,-0.87288805978675,-1.5470964435087,-0.6554336225546917,-4.710946301703812,4.728375850549013,-3.6305600317890776,20.480352631949078,1.5649764824832835,-0.04375932479311973,-2.5236330229853863,-2.9561492002507275,-1.7699604644555895,-4.279525040205712,10.58418352907447,1.400590319590797,1.37266953029986,7.923848794916048,5.485626509523665,25.42393464388545,-18.27799540907798,-116.87447232590975,319.3905024748862,21.978183212100415,-25.30069841410352,-486.31489397451924,-15.72852062258379,4.462171699624439,-220.75761575690007,24.24629483597044,-106.62041842484143,595.7122633938268,-134.8732415061777,-165.77528819969822,0.0
-6.600803421686003,0.0766812894280038,0.6409745025405261,0.9939626667163224,0.013967934107540787,0.08614343314154944,0.06650130011911018,-1.165222318848924,-0.01845238754459315,0.1953697348598077,1.3600751326291978,-0.17858227631616935,0.27854116472461343,-1.1555328637239137,-0.257222183180228,0.11259316940085551,0.9908371309235052,-0.2720635087395747,-0.17677872713110276,-2.225353005662404,0.44998138783730746,-1.054064154782949,-0.8228198015599155,-1.7697000040031303,-2.834896447543384,0.39353665867582255,5.268073827244552,-6.71569078919021,15.976288851196944,-4.0767712667652045,0.09566458949338959,-4.02799581088741,-3.4059353786783095,-4.220976835165878,0.21740314828348634,1.2708535682876014,4.114887674802257,-0.06362681779842097,6.830741498562144,8.594373242555372,28.9119227522166,-6.3021744055394375,-96.45159241650515,320.8978763137129,15.916744417764104,-69.72705971742286,-421.4666403621362,68.3769317757136,1.2524031672803553,17.21732947945221,-5.097208718790702,-60.991021133368434,-27.393806511019125,-220.66472535174725,-102.4174799054671,0.0
-6.64482154223979,0.08705646450039409,0.6219374103228694,0.9974161264601173,0.0063966151806794805,0.0641083750323893,0.03178474857903294,-1.0905938519441605,0.06509142268399828,0.04847408788256867,1.5991215007509683,-0.3702352512633666,0.28365370756144603,-1.2125086386086592,-0.31141229643865653,0.039320416536702776,0.9833606111702119,-0.32600524613776166,-0.011381986339936097,-2.1980856355403193,0.5837878155353254,-0.8637794043551767,-0.2998702133395815,-2.5211575204958345,-4.058250299968911,6.110761624655341,3.4405302213629225,-6.627656396506449,8.419030204373307,-14.178932210539116,0.21519046885947152,-2.0532080158022405,-2.0689277531363723,-3.1127394989605732,-1.3786691521744747,-3.771291610177159,8.076415310602895,-2.560800128118049,8.129949187895617,10.157288185821535,45.380825035740465,-24.422843498092337,-44.22900434411632,133.1828427762019,-48.60072967037172,341.9276783782296,-360.1629188830768,-3200.828424305973,-49.61592262067643,64.96015075146612,62.59631583561784,82.60377938638091,-139.01307962919216,-39.429130472473666,-124.87695853364883,0.0
-6.687887078525452,0.10103742013995327,0.6067586023655466,0.9992882383980186,0.010313508217793024,0.03351782586025416,-0.013899766085364019,-0.8903202744079364,0.08875549866180527,-0.04763270975184616,1.6216289893137594,-0.7045317107411115,0.2659584263876823,-1.2282737449934502,-0.349942676109846,-0.03300377828233983,0.8942901785584246,-0.40581640979784916,0.1086259512576744,-2.1003948368834964,0.7794025281337889,-0.735514304190929,1.2854320887572992,-3.5598337107289746,-5.107871365111053,12.412249968490315,-0.5744919261486993,-3.3805461789362257,-3.249480921896284,-14.163244805320467,-0.7567423749566896,-0.007407264133070052,-1.4264208169558856,-4.1565023927542875,-6.801674677074141,-5.033889440889618,4.421433234168297,8.802487935319032,7.7932384402998744,-3.4255408214665617,73.42372184830975,-56.40780029176375,-92.13482778495946,278.04761270495766,-195.64586121846884,112.14994509461515,-322.28217366542043,1855.1909934872933,115.95676868546651,38.681981376435395,116.35146852083243,-11.383457170819554,-113.7513882377746,2.243812989564368,-109.31640000336043,0.0
-6.72896353851158,0.11309034581728653,0.5933605895923516,0.9970179517556704,0.018964580257257144,-0.0038222251482410204,-0.07470568363591538,-0.7090227697769722,0.12450790226120721,-0.031303846624861846,1.535660593017878,-0.977148540720537,0.19227567132064047,-1.2562957907707735,-0.3224482650359058,-0.12576166932008012,0.9766195863749065,-0.35343399146833315,0.13997008528292032,-2.021193460495421,0.47324663952834667,-0.5780908384624989,0.9915254535543492,-3.987122073606506,-6.879435890340347,4.3292440209661835,3.652274262106937,3.150497163312397,0.2971078674708778,-3.9715773210453227,-3.796728235717611,-1.232507779787129,3.7965217077309887,-4.748720545379939,9.180028033262126,4.465668569449503,0.8583685326549839,3.6828017160910194,-11.446792109264848,14.246962187012468,-1.2920594676819812,-23.19565929043808,-100.27412037692127,-300.26457118202444,150.9193524647259,183.9716032782099,335.18121529100836,812.2215051708212,248.60656081583855,112.92924631634807,256.40532045873266,-9.429730236415502,263.58380882440923,36.54336897097159,-22.98342300503875,0.0
-6.7677718843414825,0.11876434773894297,0.5825159338919728,0.989365444583435,0.023687101305317853,-0.04718032210460735,-0.13553211981695917,-0.6594808965098352,0.22824459006641937,0.05108903829116718,1.5864177294974964,-0.9499928829136074,0.2623442396453328,-1.2811707973293043,-0.2331174815080909,-0.17009842118960863,1.3913189997044846,-0.37365374241061006,0.13899877828564014,-1.9165511993757458,0.15251513164159355,-0.4552103270502302,0.596485456880792,-4.594045577213534,-5.453804317975206,1.9342888318274676,6.03321258855457,4.167814237384141,2.8747309681965354,3.7335041992865143,6.060074987039308,0.5466899824804323,4.930608140774264,-1.6927325868797833,23.850133796878314,-1.0609822266939821,-0.16344604682562905,-0.7751272671934256,-14.162015252831239,12.608433035790023,-33.392125962988366,-9.526935997789973,56.18386429974278,-16.765946798202997,136.5870228321739,4.114487324250419,-105.82647777310474,612.6539320610967,396.9540513907624,316.52087888323103,56.165601123850884,-42.3852892331042,-42.67897709116187,107.22778901471206,5.274295770462336,0.0
-6.809124511648328,0.12199639772718103,0.577812092931578,0.9789658613329468,0.029427363239120298,-0.08448503615854883,-0.18336344047470793,-0.6384141073087592,0.31055740376353413,0.11292915205184431,1.6106908711816186,-0.8471257820677349,0.30774315211828834,-1.208789270183909,-0.10947899207881816,-0.16485733806170205,1.7119474265398558,-0.5187493672457275,0.1461117904409228,-2.1963355492649645,0.1774584443979696,-0.0711546995726067,1.0903512534174973,-3.05184881173763,-4.119200094109372,0.2527292058807834,2.631985537577329,2.3096819877893786,-0.16717919613447668,6.157711875620409,0.6718970255480415,5.615757857216285,6.35906283929792,1.469973706246562,10.494422591158646,-7.955898130926611,0.37139480665038616,-14.180184229088754,2.0781283198121465,16.659721185618114,24.128014703583705,82.05087377652893,94.65134246139347,-97.63644233929121,-156.0084731113133,-80.5740304147214,-148.82404050363138,97.90819337883902,-90.05767834604106,185.65580239037524,-45.02985734142072,117.63014184283551,-541.885683432606,81.48180753104779,-11.162739795294003,1.0
-6.854004222079744,0.12474661920551759,0.5790843725650192,0.9708436605583423,0.03798212930014439,-0.11473259502745153,-0.2070178162520578,-0.638155137933323,0.3334334635502547,0.13775999373254558,1.5773512346873841,-0.6964583263451314,0.3114873057589472,-1.0397840233647964,-0.022014589088245308,-0.11864612046611225,1.926636792288845,-0.631921188306213,0.16688672705337457,-2.295568609970296,0.1088473973693333,0.17194906295249557,1.317973212084531,-2.7438107399851583,-1.1396117474188519,-0.2649427298225532,0.014805968350742632,0.4659541789311691,-2.6603452775646894,7.371583807169458,-2.428332566810007e-05,10.829537167591422,2.740371742276574,2.882418135040251,9.857723976029241,-4.056657964745497,0.9736092523722842,-6.531980100961315,-2.840836102491379,11.456238637424056,9.020835925416442,29.76691769462942,141.556579830401,-40.32857662639086,-121.11837031402028,-78.5376344091186,-101.6684419508502,-54.51131789608937,-9.331063307332908,257.613061958211,-182.45073489851555,55.31829780264834,-172.00453718045372,149.9877576649362,-22.7035102219816,1.0
-6.901020058589522,0.12716834260967733,0.5847565566919931,0.9683048878072782,0.049130925298290065,-0.14137842065306813,-0.1999598424722106,-0.6544066988850393,0.29229393859648783,0.13059755168999906,1.4945116006109365,-0.5265599919091603,0.30758516746787107,-0.7709437587180947,-0.006926424169206762,-0.008827175503064468,2.0832311597988316,-0.8147197956096427,0.1907279084942647,-2.3951645292051107,0.13194670003958386,0.3499308136239888,2.0642045001154976,-1.9455952324627468,1.8470547926058802,-1.1937495858408746,-3.505628615159875,-0.7592874847659645,-5.644120105717086,10.709565907717913,-0.22228861592599952,15.15942395284107,-0.8062312066695858,7.122558735178789,5.636656535499994,-8.9178067129204,0.9942164048270842,-5.0117551635717525,1.0055745593064942,4.874196430102137,35.44048890096811,53.022556868351316,121.05594507177074,-43.80947346776101,-120.70053704373926,-18.782876790943416,-46.454902981213884,-284.2714510697695,-1.8002780156816809,148.6216937859934,-160.4433919889391,130.53142666408726,-269.654778219093,168.04900525004413,-31.382485040584676,0.0
-6.952542152267515,0.12802404964485878,0.5916791349973252,0.9721141378759749,0.057440814940729876,-0.15338086354045197,-0.16783612966277514,-0.7168490357976155,0.20155574692089046,0.07351718605581667,1.3256482411427783,-0.29898686217894516,0.30617192750671113,-0.4656798559544948,0.0036231483349655168,0.10589675776998211,2.027381917687316,-0.9100382875468521,0.2628904369176429,-2.7053568511616453,-0.008752236129451646,0.25026206730273176,1.1232668248539457,0.2986333935507781,3.917374671478304,-4.89232794429155,-4.918517141073568,-3.9193368798520183,-9.623341396188431,15.888905760952436,0.022999322213535598,14.199585789529122,1.8384604944272624,4.3466774713060605,-7.337816927717639,-1.5387217171758993,3.4628061352816997,-13.338897067729283,-3.7247814704926516,-17.41815268614739,-32.974884471711206,130.2905760249268,57.40719049989712,-228.65077478346427,16.59324512848494,-33.42844240030357,155.6471273640053,240.60672802575107,3.2461952673502648,-207.36528081944107,166.20146885215465,-145.07523566708332,-304.58331726300185,271.0917810977672,-76.83292211821673,0.0
-7.006486391014696,0.12861908369849398,0.5967298216548796,0.9790575601239886,0.062229965267946816,-0.15165491525195782,-0.1207249438464721,-0.8164266338373846,0.07981757217666517,0.002950456490667314,1.1658090611566363,-0.14221327354290203,0.29592005198438937,-0.20415564599315225,0.0302231091682919,0.1494169366752898,1.633993339477963,-0.9346443517789815,0.24362862752151443,-2.7543171998833977,0.0762291521111185,0.26253000784226604,1.042054644181345,1.1212041582142793,4.632316027146785,-5.372169711627245,-6.035938309728057,-2.3758382544389884,-6.496863677481254,4.879195954163378,-0.634622046461488,7.760776324005094,2.490920438013973,1.585078666496989,-18.247167057163097,-4.5031109590396365,-9.115790162313202,-12.871926326258441,5.029110428071995,8.859956190909584,-30.94304909715982,65.26360206154372,-35.4143216786805,-46.88815918893111,88.12113610745999,174.0618513605926,148.87070261529047,-179.17135518998407,2.765566504830338,-987.9264594196368,254.69806123063702,81.57273730911149,1271.5195440092093,-500.23784461441625,-768.3576524873745,0.0
-7.061840435920271,0.1302148317953393,0.6042615552456214,0.9851156181470822,0.06144008851472861,-0.14410889492440374,-0.0707457476436685,-0.9217130901111399,-0.027573833482573442,-0.00924498657074102,1.1227699299480234,-0.09522715281522441,0.2890709064609552,-0.21232967288426052,0.04722278401913456,0.11316104485547165,1.4945160499596795,-0.9789141827696888,0.1433510117554708,-2.7182110312015935,0.04953467845494891,0.46852487755595923,0.1734040284550823,0.8488269444341633,5.4612266978244115,-4.659977230482082,-4.977303568971107,0.828442028895046,0.6944936762088747,1.546674756925047,-0.19433018822014855,-3.9650714083213465,-0.5203357609982804,-4.306258183679412,-1.5116059196433043,0.9475307576886541,-3.2140825183761126,7.521703356426536,-6.502374249030685,11.436987373994961,-48.31468849127812,-46.28512565870229,67.10991451757361,103.72966038344815,53.954085811089385,151.8163244377935,245.9171737270426,-34.94962380323417,10.845293377395802,-141.6985526295236,-106.9499328465248,-196.01840853262317,250.33882988120496,259.5760154065449,181.14099642477146,0.0
-7.115486819922249,0.12963519172744709,0.6156235865762432,0.9887245043201618,0.04931642491750141,-0.14012264360121254,-0.018904749149725248,-0.9994242790313768,-0.09868507071023604,0.0252814887334706,1.2140934714150038,-0.09452937461732937,0.28536796900125233,-0.3100061508151483,0.031046560648078893,0.012358813311289645,1.481393011202635,-0.9135415142792518,0.1278417636928364,-2.6685220176049427,-0.09820599193299952,0.6681203041358428,-1.0309210719725612,0.6206255437981122,5.0760512261370865,-2.8684342112577816,-2.3904371715622927,2.1481138624950242,6.163644873794329,-0.0469794863871687,-0.15827459108192926,-5.0024107045985415,-0.8346765914842652,-5.29120827708104,-1.0849133782841482,4.881018091870323,0.5948570486023295,0.22357941426864786,-7.768191668281099,12.441594896598462,-56.75296162978141,-1.5838688452051704,-29.23059705415234,140.62756920367423,128.51509614086015,17.715367434947456,67.13799001078591,22.273005052746395,3.7144353221759787,22.166079460786587,12.427216372961437,-5.028332331073323,-114.57490903946334,160.08858292230724,98.98172531645099,0.0
-7.168448857564203,0.12652679929221766,0.632155061864499,0.9897651825917284,0.02874138981109987,-0.13790003856740882,0.022855966485709256,-1.0104347885978862,-0.12277637926969778,0.059133374532623066,1.341162722094991,-0.09853562301723816,0.28132620560725763,-0.3931678814848742,0.024887339899397017,-0.08172959410637372,1.4248008766565115,-0.7910060231218861,0.13245980035991942,-2.6440213284345275,-0.1982345875497099,0.9603942331902382,-1.7837100372488357,0.312116510902393,3.840795367566087,1.4121711284899952,-0.2076111523819323,1.1754381370003324,5.847110153052216,-0.07434653920738904,-0.19231472331647784,-3.461689040526144,0.3237460708442384,-4.084055608135047,-4.346123750979718,6.879654759994435,0.39409626066692205,-0.3959935227657608,-4.503464342921521,14.9732418853398,-34.09806315510215,-4.8714799170147876,-64.09651328866964,218.43812118763253,113.03266071621454,-68.05510838859362,-98.01388318560042,14.645029608638225,3.269419464601072,77.30379788642088,91.04469056150282,79.63365926468649,-172.51169907639473,55.47405860384705,36.91439402529612,0.0
-7.221975635633898,0.12314984030440781,0.6530441236538385,0.9897878219877294,0.008226074728312301,-0.13379089534622737,0.04850149958305378,-0.9501555433660706,-0.10575451934874332,0.07909714533661223,1.4511522637687242,-0.10828840786876852,0.27895861966039864,-0.4578584924064691,0.035624476030664154,-0.14364733698334348,1.3136556676903872,-0.6615128149445502,0.08954246761279629,-2.712518041520471,-0.13765175136389218,1.0960690838072908,-1.5075532507942677,0.7783414175188421,1.9696960181088976,4.24419555622897,1.568990555569657,0.791336148578085,4.7348980334895625,-0.35632006367835495,-0.07819823572698323,-3.229964515336066,0.8683182173708319,-2.0064586678990843,-6.13171871335116,5.173345036903717,-2.046447651701981,-4.690995941908223,4.064183556889491,4.076123180520819,21.837333915476613,33.035449634659344,-92.5907446064527,125.68404024824333,65.28405542136665,-25.779845884782176,-113.691572345595,25.59291194326947,3.1714866907955392,-12.588997730872585,43.419611663874925,132.16932359316954,-42.750000169039076,-185.9780912444779,73.42806844777728,0.0
-7.2774477864474285,0.12197363382276116,0.6739319638364327,0.9907234662059164,-0.004637819164936268,-0.12214772616603659,0.05937539166012594,-0.8552633634054014,-0.07452452910663426,0.08739248319386818,1.5390355405386849,-0.11353759140685057,0.2811403934782907,-0.5366448690050916,0.039808486965504715,-0.15918244297604756,1.1790423995823336,-0.6148026989492322,0.04254693195136437,-2.8321455530749704,0.0031860848520693964,0.9866723279135967,-0.6975774961380812,1.6528320224221629,0.6780975689064083,5.0672660177031394,1.4300992793635015,0.14409009030044906,3.797905518084301,-0.10179507839454377,0.16159092438283967,-4.491818293100737,0.0370115472728826,0.9723661450959605,-9.247870856370067,-1.487249934432334,-1.4156294947840795,-7.018920279412408,7.35225258117349,-9.03075182638896,46.15479740824568,49.41173073095507,-57.44700623537594,23.59730115502701,-32.51499471786711,-22.061126154564707,-81.98554094894067,13.350869612946138,0.4858412295539324,-73.64358424335835,-14.926772416923363,228.91205941989864,-350.4652104411429,-309.4028560768689,83.46340832240638,0.0
-7.333920880933417,0.12336074416988933,0.6918178285394873,0.9921016402046866,-0.01002548538707584,-0.10678209979037434,0.06504927601659567,-0.7344281782670806,-0.07031107099081094,0.05905053110049913,1.5893403540021003,-0.15515966122515612,0.289218084916359,-0.6243084582345689,0.013523054422659003,-0.14744878989413276,1.0278824257025174,-0.6446572845053454,0.029094939774942773,-2.822304157804095,0.1127263420953057,0.7996170141240043,-0.14278309254222438,1.5537448072920756,0.552807175146142,6.609194429302171,-0.5053408453348415,-2.382413132822577,1.5545310245395694,-2.2280997079325573,0.44176364165381216,-4.329905479323065,-1.9481928560934363,0.92016776629173,-7.866958137048644,-3.152325737478621,0.029173858947592522,0.01688681607320346,4.460232314137204,-12.816326619249017,25.457714630675397,1.6920866812561963,-9.578422681937855,44.43924617475145,-62.23739484200264,-79.08743587615909,-90.00272611496509,33.41683303711332,-4.037328644662889,-18.77742104586312,-60.08156686851026,49.77098829137165,-2.87300829623468,-56.62737228460729,21.928369167808036,0.0
-7.390038643747662,0.12649178816005666,0.70575611110329,0.993165669313947,-0.010063916129640227,-0.09252033703391611,0.07043193965414908,-0.5771561751409297,-0.0944938572722106,-0.00401951289260777,1.528697746984373,-0.28097352340153564,0.293390765005441,-0.7152716018723465,-0.046505793312441986,-0.1438433166085534,0.912362847405985,-0.6554099714274507,0.03300632411192901,-2.7887988662326952,0.1704624574332667,0.5833140159476554,0.24636772674796484,1.3443823966022541,0.5075001511780962,8.347237723489469,-1.3184013384204187,-3.5445476047834896,-5.495501556832782,-6.678778600635198,0.10288259847974356,-4.859159743600117,-3.382758393015305,-0.10413410121305394,-3.9071317439403868,0.06176649198990653,0.20463512148287566,1.8699735202644725,-0.3002516585054472,-14.734664765660636,-0.8067180722189091,-4.939697879324279,-4.087917765347322,10.834237074084133,25.12843468251575,-22.975076495213692,-161.055340550549,65.06628057472327,-6.922617810732578,-41.32981539318916,-5.382769500916671,-5.492927220603086,200.57170674825403,10.530299015774608,-3.0743817800735562,0.0
-7.4448625249685305,0.1284836186800671,0.7158406616614129,0.9942194163364555,-0.009666279902806793,-0.07956491575402617,0.07144046047928772,-0.37168099687103884,-0.06741582504193801,-0.03617642234020131,1.149197600861622,-0.5023311357236346,0.2940373643004554,-0.8550340564477247,-0.09981584270316023,-0.14584136636312664,1.053560003334227,-0.5970367561037063,0.04428915358552289,-2.7045315925509534,-0.014383235457625165,0.4102673809712681,-0.4363057003578379,1.3250435678171713,0.05857958983480979,10.801174722466783,3.8963682890013818,-0.09393585052783648,-26.207840083533796,-11.30645361194124,-0.004272022213941248,-7.463176655351537,-1.389843458383292,-0.33707060990512505,11.473655761891997,3.4501224422653376,0.5490849416519925,2.562641836585604,-16.80699217488657,-14.628878464420676,-101.94679554574233,15.16843494873836,25.861904081268655,-51.451849619727625,294.2296159819282,170.66152990282072,-406.76762817759516,110.44379266573446,-3.3346279986811145,28.82730175883515,177.38487136336244,-62.37392468218602,180.6693985542552,-12.195098249736365,-7.93029214721686,0.0
