floating_base_joint_x,floating_base_joint_y,floating_base_joint_z,floating_base_joint_qw,floating_base_joint_qx,floating_base_joint_qy,floating_base_joint_qz,left_hip_pitch_joint_q,left_hip_roll_joint_q,left_hip_yaw_joint_q,left_knee_joint_q,left_ankle_pitch_joint_q,left_ankle_roll_joint_q,right_hip_pitch_joint_q,right_hip_roll_joint_q,right_hip_yaw_joint_q,right_knee_joint_q,right_ankle_pitch_joint_q,right_ankle_roll_joint_q,floating_base_joint_vx,floating_base_joint_vy,floating_base_joint_vz,floating_base_joint_wx,floating_base_joint_wy,floating_base_joint_wz,left_hip_pitch_joint_dq,left_hip_roll_joint_dq,left_hip_yaw_joint_dq,left_knee_joint_dq,left_ankle_pitch_joint_dq,left_ankle_roll_joint_dq,right_hip_pitch_joint_dq,right_hip_roll_joint_dq,right_hip_yaw_joint_dq,right_knee_joint_dq,right_ankle_pitch_joint_dq,right_ankle_roll_joint_dq,floating_base_joint_acc_x,floating_base_joint_acc_y,floating_base_joint_acc_z,floating_base_joint_alpha_x,floating_base_joint_alpha_y,floating_base_joint_alpha_z,left_hip_pitch_joint_ddq,left_hip_roll_joint_ddq,left_hip_yaw_joint_ddq,left_knee_joint_ddq,left_ankle_pitch_joint_ddq,left_ankle_roll_joint_ddq,right_hip_pitch_joint_ddq,right_hip_roll_joint_ddq,right_hip_yaw_joint_ddq,right_knee_joint_ddq,right_ankle_pitch_joint_ddq,right_ankle_roll_joint_ddq,fallover
-0.002829738600207831,0.0006642619219170284,0.7919283972111407,0.9999795501873283,-0.0016043548468853155,0.006067475156634422,-0.0012292265444180687,-0.05758877295541007,0.0020102444205317887,-0.003067356974498623,0.12689849447695442,-0.07127224486734297,4.538559013613419e-06,-0.06635237977913741,0.002471625765202915,-0.0052462748047083715,0.12203599916046282,-0.11673917134532552,-0.06963346367311918,-0.16932140582268587,0.056404438751241966,-0.07195409649572389,-0.34833203077746666,0.7133988409414691,-0.2559863077952629,-3.3020650980464255,0.32818838262285044,0.003334885799408424,6.968387357124005,-4.279711696142422,-0.0007622948390715862,-4.375013818599362,0.2923427104163099,-0.5237433109658988,7.4306079560233425,-4.930664032248642,-3.2191393972724174,1.992631424389503,3.0454846196188634,-2.2750518713831744,-14.160272716471303,-11.58614220995485,-11.068702175215748,59.942990832113075,16.117318542630855,18.14610549022658,-212.27259306923452,-146.64381227150503,-0.0718786994434425,-14.536580380737256,19.0789101804808,8.931927394930105,21.10169959699917,87.97194082316139,-15.424584014362296,0.0
-0.006816272291476915,0.0029969532479245183,0.7900514891920978,0.999870114372193,-0.0032951895293470224,0.013715196924369653,-0.007796761162719709,-0.10853631137414123,0.005258940652455064,0.008837656895310545,0.2036428743565387,-0.11223728517348595,0.014159959562261001,-0.18682222415855754,-0.003729016404031441,-0.03286439744530863,0.33344047206566996,-0.21344691310453584,-0.1852941945464486,-0.17732999821540554,0.16041803565037915,-0.12201007731804217,-0.005852781544498965,0.5894642936254607,-0.6990395326929641,-1.8167373106014344,-0.04925892603577452,0.7056326295407539,2.2894049729947095,-1.2623786004259003,0.7454371145360019,-5.786540855139889,-0.5926410331677467,-1.10120931819317,10.458995389030637,-3.8832404915958723,-5.928803405027325,5.109636784752741,4.196397993904339,-2.845170686397559,15.011195412066694,-32.0772102542654,11.816184485285987,87.97976369390294,-23.95176779746711,-9.444767178141374,-118.62505528151223,30.866985063789,-28.7477797067731,120.62630913277141,-19.17916421505031,55.07932521307551,-195.62296585669466,125.24708087940776,83.47381533469792,0.0
-0.009771802916146904,0.007032706116866068,0.7872901093496744,0.9997658475641048,-0.00117712041051544,0.01695127693578137,-0.013398456710065839,-0.1345245331173963,-0.0031583198111118397,0.014579215849393886,0.2382443757829745,-0.13137519888101287,0.019084686664960163,-0.2896254996733766,-0.009736943865656248,-0.01491857989891474,0.5386414724710725,-0.3743448087951703,-0.25008853683786203,-0.10775092997098845,0.23199434646307648,-0.1319139284649912,0.3562754680245311,0.04559818957788697,-0.3403643840504919,-0.7945005069982479,-0.6799662930068477,0.16138347002230438,1.3408335477052282,-0.730065406369731,0.15768599624108642,-3.937905723000986,-0.33204893427984405,1.31339049822313,8.179038676203408,-7.766354527926518,-2.351864987905267,4.821205254934078,3.2333564475274215,2.3845609991655525,13.897409896162747,-32.864305153040576,28.965982485765295,52.57919481759974,-25.40605814652361,14.398743662354931,-30.758462737657204,30.25558433104329,9.025859697091123,157.26492084301972,-19.79395502956053,-6.407217493243704,-298.7710350101311,135.52882541670317,56.48779504464442,0.0
-0.011745522038592204,0.011849852441568397,0.7848712862338609,0.9997542317109865,0.0017932300006598169,0.016606021919876295,-0.014577398194973057,-0.1509137991400745,-0.016348174744733237,0.017524382559420258,0.2685205101325119,-0.1471023007605629,0.020530857352369564,-0.3562580369739691,-0.016513352892842573,0.005051782980714039,0.6835697643802132,-0.5499704479001092,-0.27860704935688774,-0.08090682217340932,0.2458891698740415,-0.09896657117147607,0.2257156471922403,-0.13954596524340862,0.07427357880659616,-0.6732843423515525,-0.6309863165086915,0.06706112345877245,1.445486320535155,-0.6844490677331915,0.14695340851552127,-2.5131182845124345,-0.34375292442004074,0.6889904045899052,5.595860711516815,-7.8314003980683005,-0.34505588786691355,2.436706284749732,0.3812011548205072,2.9178256175753505,-10.470570358603569,-14.477257885139725,18.6151644144557,27.15808783333934,5.635299258890226,-12.554996066657875,-22.352112379008695,16.769966132988902,8.448824522974235,102.50920468379186,2.9774247781797243,-32.22802909695921,-212.13685783653827,152.7603599484644,73.41208982616592,0.0
-0.013024890937408308,0.016899708830208138,0.7833350686007787,0.999823128547383,0.0032268128566808486,0.013638872772083643,-0.012541150266892898,-0.15868551083409546,-0.028141505712603147,0.01756616286193236,0.29282066216855557,-0.1575161270980901,0.027316247638414455,-0.39690016317945975,-0.02542863759370486,0.006003562740843091,0.7989553395695205,-0.6861761902565102,-0.27850605875865037,-0.04310219573657741,0.2534616351859895,-0.05166335977527931,0.03429991993556792,-0.4472088800454331,0.3148990843315444,-0.07315564765362165,-0.5036984317489469,-0.10025721643865262,0.9493057180951459,-0.38888642402002976,0.3977070605611255,-1.3255086147931427,-0.3794114207546254,-0.276171000937835,4.9926900509099665,-5.6305946895140675,0.1278965222367056,2.5269014438884154,-0.14289492883518373,3.1266549836014375,-14.872387193316623,-17.47041080454796,11.174628623424033,37.31691129199315,13.03738166037925,-13.516954931409439,-31.53251277146551,13.341234298288137,1.0214613241626151,92.45564521306392,18.132202532116395,-21.402291245398736,-131.44846027114727,129.22866640962613,4.749129649503793,0.0
-0.013999229095260421,0.02224480112177742,0.782415451630605,0.9999226492059522,0.002895439802374762,0.00920899691304545,-0.007842602192885684,-0.16134700074234234,-0.03847628909852181,0.012252257570811416,0.31262687615481133,-0.16465343159089518,0.038204940690094516,-0.4178177197769661,-0.034725201387825144,-0.007315682345462824,0.896027779414122,-0.7797314575647973,-0.27538885616587083,-0.04753364297586962,0.2758859732529181,-0.0340598406576698,-0.11480469678851934,-0.45919844115080133,0.5739980108275663,-0.0801825743680999,-0.47870807144521155,-0.3799226150448902,0.8946984975679744,-0.29367985587794304,0.5694407854459467,-0.6059554019388218,-0.38514350842384487,-0.7723762973046339,4.105673858673786,-3.824956487878649,0.14584776461087898,0.3571829196804739,0.8409427958537944,1.7237765764053916,-10.324435807248152,-2.5693667485939073,9.037925766346751,10.635154166579978,7.130683161684638,-10.691320227563784,-17.17404776250103,8.866646020607533,-1.8391077984533746,58.10677138191386,18.900635452120987,2.042604704867029,-114.72041470631731,88.4503602272465,-2.6485296754279966,0.0
-0.01525000443564039,0.028187591160973816,0.781642801268547,0.9999834732181838,0.0012087880865387698,0.005373818986935259,-0.0016474803049288905,-0.16686886998874273,-0.04774755854034078,0.003945047909489928,0.3340323766206899,-0.17172965927855982,0.04966994939287504,-0.4254242557871086,-0.04198538820973596,-0.024209904399371675,0.9620954813755215,-0.8402503454999066,-0.2728342517559683,-0.07144738023456507,0.31473029637137206,-0.03734616896392111,-0.21611047328165117,-0.3339047797767566,0.6192736108144936,-0.33938342510603764,-0.4380292331762611,-0.4077943055129724,1.0636180535207576,-0.3421710165513835,0.5602776685553102,-0.1376822685353053,-0.2585507600665723,-0.7559251501413518,2.468658764281113,-2.4507786911719966,0.10536806229923726,-0.8556417280812958,2.028107370680249,0.43315343616648394,-4.459831483230164,5.019498828638377,-2.944541530749649,-1.6178866078860168,3.2400343884249163,3.6794943187471185,-9.794578537649102,5.125954170311756,-1.7852859180941312,27.632944754126978,16.546255584404232,18.980786807119127,-97.51472223078132,56.38553707471312,-2.701922593272504,0.0
-0.017062170206051733,0.035068672922444824,0.780686484947471,0.9999859918932292,-0.0009696885261118585,0.0029934519798794747,0.004256168079454798,-0.17732924629777314,-0.05729933333600354,-0.003720497527547859,0.3574889794568461,-0.17903936162698758,0.06086477983649039,-0.42695156815667934,-0.04531121138709493,-0.035098664995008,0.9959494776823683,-0.8773993880034,-0.2710421507465803,-0.10396100026453094,0.36940165847543965,-0.05306711284693113,-0.2135536742068218,-0.17051557767498376,0.5367885241379327,-0.5921270824863314,-0.5073408071115304,-0.31428913433055966,1.1338484267136983,-0.33513524774583237,0.5630042890331274,-0.02371222204653092,-0.08149829913622103,-0.33436005122202683,1.0735176277870868,-1.2527286132863091,0.0727431625044467,-1.3976876545828378,2.939022871657865,-0.3282651494713074,1.592753979643549,6.915703721341582,-8.137245402738975,-2.8552945127930136,-3.2833098570646744,10.758196216288576,-12.3935724833611,6.860277858333356,1.0089882519753721,3.434831546816536,9.278407918403156,24.858941271493677,-64.48520484715954,165.40343160683835,-2.005728236970187,0.0
-0.01943333175617965,0.04311668040552579,0.7794801983801243,0.9999503897146212,-0.002805675453469919,0.0018827300651251518,0.009370251988572463,-0.19014922714078705,-0.06909088508435918,-0.009461121033541986,0.3786571575543962,-0.18453673126829107,0.07153086968737478,-0.42650761951617533,-0.04692199169726456,-0.039229952362383545,1.0052446546499565,-0.8842320310408306,-0.2699912482607944,-0.1294763788803292,0.4307229194760109,-0.06523069583133524,-0.15118192905544994,-0.06950334575859943,0.46987388199921654,-0.6425081122819215,-0.6585133004466533,-0.21860718786980066,0.9414196015240975,-0.20536584068311484,0.5504253818972787,0.035401059469678815,-0.08737490074173947,-0.08661504823461838,0.10257129411790603,0.02878899967912924,0.03905953139678903,-1.1496308734573604,3.2463738947844507,-0.45268437943456546,4.624258484025084,4.0298050615420795,-5.747868269090649,2.047477975280978,-7.978095785177461,10.036937023278167,-15.954117624541997,9.23659334834661,4.4716655808892165,-0.41246858777548956,-2.6471173195957656,11.784140188895883,-29.603892926654293,19.875548400095237,-1.2768462898613773,0.0
-0.022226570014740314,0.05236877416457501,0.7781405900700431,0.9998928808783658,-0.003995032148339364,0.001439037774868127,0.014006986013376393,-0.20217916459237728,-0.08394957366155428,-0.013372286574321986,0.3940047603092932,-0.1864323702122996,0.0821151047833981,-0.4247478574651119,-0.049790197198281885,-0.04065656634530362,1.0014493233407502,-0.8818450656784661,-0.2696581353549396,-0.14796778804551008,0.4891746568747811,-0.06852253943666853,-0.09153332975865858,-0.02682195372147089,0.4407549427954919,-0.5594677096287612,-0.8069448756290555,-0.1445072150818903,0.6179425711853275,-0.007235390934373882,0.5575103894188036,0.10038873428847662,-0.17641358973531118,-0.03168233797975845,-0.31571722542663105,0.13699404853148958,0.007249024882832768,-0.9210508535325946,2.977594967207265,-0.17241226778150065,3.283576702088915,1.7477726417300539,-3.6357585389711473,5.0470403316198365,-6.6698299454759935,7.369464664163903,-16.60826751487439,9.507442870167832,5.3312329475615305,-0.6695585384105924,-3.433361931064202,4.450373996777972,-5.978097964338996,-0.9891802586283719,-0.5665621894628383,0.0
-0.02536948403502513,0.06273817274194242,0.776731964100076,0.9998179674753142,-0.004721820863485545,0.001254951530325747,0.018443465453153115,-0.21260628006962676,-0.10142341824531266,-0.015998034530200007,0.4038641202700675,-0.18480097475941637,0.0928304337762048,-0.4225864210566851,-0.054198368291996715,-0.041662830795061556,0.9965752028356373,-0.8795786658218848,-0.26979937447910773,-0.16429805782025234,0.5423754571915865,-0.07132177522519266,-0.061813367009268885,-0.015993984606835026,0.431176889768624,-0.4794090607342868,-0.9175782944697813,-0.09581181218975267,0.38016505596781497,0.15512352457601367,0.570359683456576,0.11204971610236375,-0.22867577907816208,-0.03227321089493625,-0.1767878651924092,0.09075189720393026,-0.011222159335291372,-0.7724943909637594,2.6414356627085223,-0.04804421141307141,0.9560659344573409,0.13043568621161544,-2.414346706013615,5.2053060116746135,-3.952518089175005,5.299725720001158,-12.842254723200737,8.134708921481993,6.3234848939002015,0.40153106436735486,0.9838947480600773,3.6656511584442573,7.5163262827541075,-2.518314549915637,-0.06489301775745669,0.0
-0.028800405150619584,0.07411991853765557,0.7752468361970926,0.9997258714758811,-0.005363214830627044,0.0009933762650322449,0.022769080615337542,-0.22162993419744084,-0.1204795585715036,-0.017579741882968597,0.4104299693578873,-0.18063652684780576,0.10364168713784644,-0.41959335095308126,-0.05864527095562068,-0.04295533896868798,0.9956913989742409,-0.8782098451091643,-0.2702448657286956,-0.1770155913418802,0.5908524501752347,-0.07572270171141474,-0.07262470226260236,-0.03835398453244466,0.41997034281192464,-0.4129381711846994,-0.9714548331525418,-0.04873774636791332,0.2644669614036649,0.25786558205642035,0.5820440755962736,0.18861961966613358,-0.18822219134110119,-0.05976530541024898,0.02567126680301845,0.052061034274711836,-0.02341176609274647,-0.586403459635885,2.4066529332101316,-0.11575602818879005,-1.2606100986925743,-1.378792361208308,-2.4546430127958683,5.194686089736487,-1.2894694005173983,3.912164772628796,-8.426638488887889,5.6799997709292755,8.394843268844665,4.629919157454293,5.900653780937907,2.4975905166450776,5.439527210939961,-1.6193686039587887,0.2731986740644979,0.0
-0.03245978091227242,0.08644405509659506,0.7736464344403717,0.9996188492663443,-0.00623899084458875,0.000398484990833888,0.026890005473844472,-0.2295719627792855,-0.14014158468723345,-0.018033674458934567,0.41582744771074076,-0.17486702320916214,0.11383171589435791,-0.41436357222362774,-0.0611936093835666,-0.044689823056307657,0.9973789845815528,-0.87737074825964,-0.27087565306629263,-0.18755971249207454,0.6371093125254919,-0.08303760825107745,-0.106534172574038,-0.07782862247112667,0.39460179676883145,-0.36494906677837224,-0.986750437565117,0.01058693359843645,0.23887716954058688,0.3205344766742801,0.5387842745957655,0.3221177068791436,-0.060100734458435265,-0.0887704475205104,0.1097577343822326,0.03327581780948269,-0.030447141548032467,-0.5104702653841978,2.350209569257028,-0.31039522446348233,-2.111297182610326,-1.96960396756859,-2.6904260350383944,4.609098038450707,0.049161774369953254,4.491041393067102,-5.594476584595306,3.921172510610783,7.35233341970412,6.507289453601657,8.005203833778689,0.24686811808182596,1.3714870089317066,-0.9285280323383414,0.4976865975896439,0.0
-0.036349588024625706,0.09974807489127156,0.7719710766007901,0.9995021668773947,-0.0072208096218826885,-0.0005794288614381013,0.030707370092416437,-0.2377039586524848,-0.16010799559482702,-0.0169479981868322,0.42299252176623603,-0.1701952421559511,0.11134853364834602,-0.406314429912203,-0.06121649460635647,-0.046975617567094605,0.998907571503635,-0.876778573121573,-0.27164899744390997,-0.199329157007668,0.6891868439227216,-0.08529031904799612,-0.09826618588495721,-0.11659621213278301,0.3524775935446478,-0.38427192855626713,-1.0112519333218126,0.10896110217988576,0.34631611866522216,0.23155444841459802,-0.32429608262459353,0.45944924999469183,0.05756740448842642,-0.11659382809679383,0.06397944277468505,0.024718583335546055,-0.036658417995256716,-0.524242465889928,2.7252732721272572,-0.22127054155313847,0.1198984213726914,-2.1161434097606033,-4.385524362735038,5.106438265089877,-1.3709855453017723,6.969982987282437,-6.72733014933649,2.742568415839255,-7.270911921363107,5.294267597056787,7.381602105578821,1.1051112333903732,-0.4148968559217264,-0.6018738831248166,0.6421689191467349,0.0
-0.04053062486926447,0.11417154171729589,0.7703398919986876,0.9993911537236496,-0.007815998797124492,-0.0018200617503756269,0.03395466679178857,-0.2473019338342416,-0.18084224216864728,-0.013779053463712354,0.43378179266425776,-0.16848708044703517,0.08050297000097437,-0.39602365715156723,-0.058313225033687514,-0.04908281429275457,0.9978734233173868,-0.8763471593979301,-0.2725209563133095,-0.21503600302303408,0.7484061286010487,-0.08210260694302896,-0.04086542630426133,-0.1393244657891372,0.2768987098003217,-0.4501032288378432,-1.0624443682912577,0.2301283414677308,0.49105000721503134,0.103795385057881,-1.8416595370891742,0.5442623753193454,0.2266240016415507,-0.08842519825703597,-0.08198497955106913,0.01770135253483187,-0.04050357042171434,-0.6041958987321479,3.089082625571388,-0.28946881935389773,2.023494888321279,-1.866245252958015,-6.486635490094689,8.262941153737476,-2.930455913386204,9.102337630832231,-15.1467899086252,7.953392807396092,-1.9034175892788863,1.7754153098067285,9.101972930687579,1.5059439369255454,0.7806989811169189,-0.46054457510364044,0.7564334327677539,0.0
-0.04510181471520589,0.12983215035548745,0.7687487255811427,0.9993040343331088,-0.007677658160075934,-0.003087408931494807,0.036372633075432266,-0.2587556119764986,-0.20266158088470496,-0.007997754199494682,0.4471318854517524,-0.16865695579130166,0.01528490574876112,-0.3848195887793581,-0.051022425163013814,-0.0505064527107761,0.9921452152644946,-0.8761015942652562,-0.2735162637030495,-0.23698841577473015,0.812615149156677,-0.08336382311823545,0.04354775019353756,-0.13274212844952918,0.1869455493225402,-0.5351337106345521,-1.125890801029288,0.3681768369143011,0.555369993876447,0.05839455583256689,-3.511724176457293,0.5480553988786349,0.47277880907369574,-0.07036185147543202,-0.326959989254337,0.0088467012846879,-0.04666465762497142,-0.8435482629137516,3.355764588191179,-0.8085392294132954,3.155436704579246,-0.8533298825201482,-7.070795817395863,10.30075835486536,-4.354344264979949,9.633084518902317,-23.941434365048632,13.719292428481136,13.00205411846012,-3.445289176535934,10.914180823342624,-1.9757738115980341,3.604776575501982,-0.28347022776451714,0.8514476237700167,0.0
-0.05022597484628162,0.1468762239588223,0.7669677460773986,0.9992587976317027,-0.006342457629451272,-0.004051237094937398,0.03775203391690722,-0.27292846002811416,-0.22583738155852473,0.001489713972934449,0.4619977706736286,-0.1694650719804832,-0.0906106972375021,-0.37503223427357524,-0.038517481087258276,-0.051640869373490224,0.9814438306822323,-0.8760968512888399,-0.2748329734487919,-0.2678628551535279,0.8859953418875481,-0.10160780219643896,0.19005936184386252,-0.09713745128150518,0.07252615801224775,-0.6694515120229237,-1.2148255002020099,0.5810581446385598,0.5719996979715168,0.08003228438248369,-5.48420881280325,0.4229544907705252,0.7350308653945883,-0.07930176229300404,-0.5459275625479372,-0.0032138700818153377,-0.06419310590006906,-1.1251716407979009,3.817745432486423,-1.8984244226458975,5.812309367994739,-0.3311682815992024,-7.801965029323317,12.085182997316581,-7.6656533463306555,11.762037459778423,-32.6612163081532,21.197986715027533,35.35311148393823,-8.848909191082042,10.272009436968728,-6.1504859348704395,8.63687959145014,-0.17448282983750923,1.0302635577081096,0.0
-0.05626055006625592,0.16564512524114675,0.7645409435792866,0.9992703561220115,-0.002549451861986409,-0.003977818997858163,0.03790029850822912,-0.29510855258171853,-0.24946523275003019,0.027919882956902193,0.48130978631019955,-0.16493701355578008,-0.24229460939390216,-0.37075283767212186,-0.022471070308919126,-0.05043567270785212,0.9645175844920395,-0.8766782935632828,-0.27744554848485803,-0.32225649052770117,0.9837724290629712,-0.14329897595871427,0.5277851198559622,0.0277070990168221,-0.02324655087067429,-1.2408924802671315,-1.2570135191914682,1.8438310317485933,0.9161479674423708,0.6643536146077551,-7.4965429899010365,0.06485523400032256,0.7941974120645939,0.07549425422561223,-0.8955214602153102,-0.03554965772523332,-0.13760360929229554,-1.8259476650311077,5.180931133683494,-2.759707041473678,15.960008214565022,1.1716963172633572,-2.5696039634525856,-3.5198288111477316,-21.645465283618584,22.474464274983344,-18.75186257729062,61.539855374451655,87.43322481702194,-14.445149613235147,-5.571446671167608,-5.805869850441608,6.948587499078617,0.08198674126630298,1.6248723565793126,0.0
-0.06426753829235503,0.18758035887461041,0.7598387647539578,0.9992285108752833,0.0077639593843008645,-0.0004895159541580746,0.03849499139855071,-0.3720088796177607,-0.28314047982564494,0.10282636904457475,0.5719181896071587,-0.11506151450895186,-0.3348148184527279,-0.3701325878131713,-0.017743728429535557,-0.005015513429883512,0.8901224541082052,-0.8757889161964367,-0.28936005374982354,-0.4343509916927455,1.1959742627957084,-0.31713613039636274,1.4830136234491869,0.3816143924921948,0.04505537946485466,-5.006271292583148,-2.2635185006228538,4.402407763955433,5.799724711653162,4.540905441067979,-0.9048754700740343,-0.026257420167821593,-0.528110696778535,3.5346754520454384,-4.790623729118933,0.06539838999552616,-0.6840650473357253,-1.4775147699332272,10.849513032812883,-9.451321708903924,47.18184291800611,-4.055598942622378,-5.403582606426033,-59.2223338942494,-59.48692865037315,25.359782521623774,38.844027649537196,201.32824481234204,230.0713901728058,-6.482252601347096,-104.39372992403298,92.1222351829944,-32.58089824031545,0.012002565690434286,4.9808376509059125,0.0
-0.07456380936945889,0.2118974718420567,0.7489694557211881,0.9989506009130438,0.020558754206274118,0.006922298954957031,0.04033753014420144,-0.5285748541191736,-0.31077453753988327,0.12722862924601155,0.8344866475937492,-0.180910439991888,-0.32141476705895555,-0.41314567338459474,-0.08881358787566719,0.012476371219447642,0.9125012651806983,-0.774480764809825,-0.30568712580925345,-0.5139844551502304,1.2409944736628615,-0.6648101173536408,1.2237044650258482,0.6350884158736738,-0.02382836575189745,-7.895673341907428,0.06318287147976975,0.3552499592731419,13.74624403051155,-3.880118619556783,1.1438500600180954,-2.7873566660553353,-5.445693837478096,-0.13994252483531472,3.550477329413343,5.647367319005296,-0.7614688069638335,3.799920134852421,3.18489316487691,-9.399839996247271,-5.467855409387838,-24.238615224880064,-39.156152750808545,118.03505058784455,202.1688918360691,-21.85640786995889,-205.3231357085507,93.81392368105104,9.177130526168014,-3.012507258353036,-169.20988150515495,-26.8771804416123,108.29596098244002,-61.09667917210381,13.754341592529167,0.0
-0.08520529931691398,0.23731506537697086,0.7331829890083921,0.9987952747843132,0.0303350606728422,0.01610092449553608,0.035050583345976875,-0.6858760975607988,-0.28659035305133534,0.07304584753303955,1.1248297364445483,-0.3350631363809157,-0.2573460377009967,-0.49552464745168334,-0.25242170195733715,-0.05391289540716631,0.9904652156617854,-0.6574084516111193,-0.3152572083207917,-0.5169764019127506,1.294759068730707,-0.8576100962946838,0.9362509611408744,0.8854861059491294,-1.266815500362321,-6.689866105427893,2.892783619268447,-4.004824156192189,12.657055284826402,-7.287556924729552,3.144617296434354,-4.983586386675379,-9.457033748503822,-4.381196486789813,4.394057097912438,6.183118858702944,-0.2848929727279972,3.660674878818349,2.2123577151404556,-5.721980452444874,-4.50285505346885,-9.031660918188377,-96.23114184174028,194.43332543289657,231.57803896155937,-93.82704867095414,-326.05604182093845,143.6224575196961,-51.25267526113147,-72.00793999451325,-53.32858692497464,35.81630020350781,41.44468238217138,18.76911611371054,15.672144591760679,0.0
-0.093337837450234,0.26378977652431046,0.7186861555776107,0.9990158945880254,0.03649092451404017,0.023284085033425203,0.009669858983212203,-0.7360182491339364,-0.21778234178309794,-0.04951472722966347,1.254438736847379,-0.45234016719939574,-0.24925891372886516,-0.5828181608536828,-0.3877989835364812,-0.08851849189760075,1.0490188993371072,-0.5866900066658953,-0.3034666466685581,-0.33486176767208836,1.352476609110379,-0.6249064515273162,0.5141253283232695,0.4669748307921394,-3.728625943019058,0.48518195865885605,4.099363983887805,-7.146608730186888,2.6347272942751165,-4.938607521116011,-0.029462941575324655,-4.285611943022515,-4.437197856241904,0.5186167259100136,1.9591013170272125,2.616787597584254,0.8223673766321975,6.932516392846566,4.062264761335211,10.089053128349093,-14.997384339125334,-11.9344802113952,-138.30180641084104,300.3419273903527,78.8891500014247,-62.5390969546033,-335.07315451045497,94.71648249293932,2.646409644235389,-20.01762831771409,250.56009087141965,234.61206984351531,-87.03806145311395,-54.987260252385035,0.44213104004474096,0.0
-0.09752477585052226,0.2911491722506101,0.708570939774325,0.998043852691328,0.03800427227762077,0.0244559464189559,-0.04319780177802612,-0.6226744882548378,-0.13805311189673794,-0.2423870991169096,1.1647471245052337,-0.5632424350748721,-0.312761418601383,-0.6649424081550944,-0.4124451309415945,-0.027140905952724337,1.088467331403656,-0.6224249252529439,-0.2928112103478638,-0.10288371073683258,1.3889455608305958,-0.44745036209961225,0.07614623750923025,-0.5462557906537113,-6.615356850041603,9.362850525769801,4.0640442540542585,-10.72558122049445,-7.930572026784216,-5.131083415940962,-0.8248187273166827,-3.8881282084945,0.9651512058341833,4.526010369643328,1.5531651502518056,-2.9612216405432035,0.34045479856293404,11.721550475933093,3.2039273727718762,2.4115165328487693,-24.946655116115263,-48.774398133784004,-150.33551648537323,353.6897348572211,10.877968310130377,-52.70589006579958,-182.86616142883713,89.99170399677152,161.45571130575044,21.420752339760046,201.3905309049046,108.2372742348235,-53.640707027481696,-22.7176209471259,-17.72788431962336,0.0
-0.09896994160483126,0.3166640279921483,0.7010764260687562,0.9918554378094042,0.032733139521584124,0.020710114466260497,-0.12133599310910016,-0.3826223459985426,-0.013754494834379266,-0.37155216451797,0.7995613948179343,-0.5541391970105629,-0.319957076554081,-0.7412252764663688,-0.3027607761631705,0.10573680594040263,1.1303601522869628,-0.7345989515642753,-0.29050526939714133,-0.14787048341852072,1.2075324131278018,-0.2547742276886469,-0.4067508078004722,-0.4035664438971158,-7.805121345867817,7.048905707942319,5.0779277452856695,-0.21060648560474715,-10.453290521483474,-2.764728754311765,-0.14244159576953708,-3.4543420944002476,7.0703745807912695,5.710695934626664,1.7306527410089965,-5.394573381096012,0.022530063940150245,-17.010116301910752,-6.8420021475550605,31.366854551737635,29.556309972896955,64.47066959874044,98.70669036614662,-1055.532147340267,-359.9674009426306,818.4135145534408,1831.2244262007398,27.53347215016458,26.828531984117156,71.57814452886238,-8.273881168532068,-282.78461726307864,-138.91567197395887,109.1383611273708,-4.492568636017275,0.0
-0.10387775621743284,0.33942147581441884,0.7014350278507029,0.981634831653892,0.03266880153339412,0.021391089917071265,-0.18673036165114792,-0.3489890356549402,0.030254031869960278,-0.3049046997408742,0.7715658456935828,-0.5795643427103832,-0.311069434514154,-0.8209724912721594,-0.1949727963291681,0.1584526947822384,1.236252669994233,-0.807248497627263,-0.28944821332453735,-0.2679236942716286,1.0634684771582095,0.24468600878208396,0.4957181684016088,-0.13952527800227113,-5.940389450999287,0.18394223121063838,0.9725774918658506,4.481159835437616,1.0736155391139484,0.0870846707686948,0.7184269331993648,-3.6559391458369506,4.362465031580725,0.34330114858077504,6.597743393608483,-2.694880074078054,0.055437452168538556,0.40573960870045556,-9.200789745841146,24.486064613705295,29.04918337967199,-16.192400716287715,58.83951089022574,-8.491390054572388,-68.18406936467201,40.06895952426164,0.8189315607045355,151.1727638682819,12.32540832284299,83.93742668016804,-90.76956676775708,-225.46748406733963,35.4804883617962,78.0662865431834,-0.745577607653314,0.0
-0.10956095567048632,0.3599061927636426,0.7094509489200499,0.9700050552388898,0.03807273686036324,0.020644436580084708,-0.23919545722536636,-0.3494391449938376,0.034988463959610146,-0.22605811338388146,0.789861028368274,-0.5517819381853047,-0.29288689846488075,-0.8762630422011577,-0.12006427891272844,0.14350789686005677,1.3452310560354332,-0.8205468290462765,-0.28691646429575846,-0.29149602625409154,0.9965430486126874,0.5238987853767377,0.852962246737765,-0.11787434127973093,-4.905947099467924,0.12473548817968055,-0.4493215471607244,2.869795945378069,0.2983514492017881,2.46818149801369,0.8148623867318937,-1.9505076973735225,3.209037308096447,-1.4755635737861126,4.269766243899968,-0.11817056059618547,0.1368472701675462,-0.5840457110665629,-2.5743466837541824,13.135061217030314,17.659473169222398,-0.8884997028282385,47.25564762100686,30.393772881726182,-82.37837089054494,-151.89904997083886,-92.02704451006983,117.41160628087071,-23.845817695405962,91.43151029522176,-60.19790768950955,-63.66457265594504,-140.75906653771548,17.72947612011106,-1.2948636538492433,0.0
-0.11625193532337148,0.3796985389550706,0.7211393346723267,0.9610409540745397,0.04257161834264544,0.022134052776993575,-0.2722095252022851,-0.36134928705343883,0.01388038653593699,-0.21012869226215236,0.7903054755859326,-0.4908128427042733,-0.26224112988544834,-0.8649852481970837,-0.08383301251391394,0.09078279485531444,1.3322661668521243,-0.8251611972338638,-0.28143935256804486,-0.36828313081735714,0.985936897008144,0.6066736106423075,0.2695780479889741,0.34126764069984694,-2.3163780872525135,-1.071708656419129,-1.430361778243561,-0.5749347191817851,-0.3098913102567697,3.3945920766767617,1.5853579555287778,2.1713328866352697,0.931701667714188,-3.0799838674871602,-3.2623863247463882,-0.25797045531711266,0.2927872754602973,-3.5960898238942987,-0.24861384403070222,0.23740516186395844,-20.616300280783705,20.86569954750251,112.2654381397243,-46.87719965084695,-27.843872408798305,-111.62917721805735,-42.80866663965295,22.082790668812603,-20.988490289170002,142.82694792180936,-75.24342032576259,-11.538581946197406,-182.43294368913473,1.3544248716194962,-2.712887611515481,0.0
-0.1241691277553694,0.3992738198344826,0.7326415955346118,0.9570485472508141,0.04361569737579448,0.026824954348926632,-0.2853702349084556,-0.39090057554573565,-0.003159686319489734,-0.2086482369967244,0.7765325317216134,-0.42336017739212667,-0.19005567258987874,-0.7975523357046148,-0.08188129532622358,0.021510794863056255,1.2442947385047496,-0.7883661509960276,-0.27824699911210815,-0.41931975971286956,0.9741106280140743,0.5290313569509506,-0.14749326121424072,0.510579431677047,-0.6784457855862148,-1.8290256174036839,-0.402996029041596,0.5986040099434121,-0.8827299036758682,3.526796566887435,4.163348484176903,4.060948736632937,-0.3239332567342731,-3.386060701482647,-4.453107912016653,2.0896066323223814,0.09614189824752828,-2.528427063856355,-0.10525736567964858,-6.595218509455884,-14.071654732335722,9.651669390504109,74.1945518350473,-38.021806940249256,35.62872401631063,37.82675090474961,-13.230655689276986,4.446946079061631,-50.404424143866784,51.58827775742433,-26.762206596147962,40.758838042364445,55.46216625485354,-24.968629759458867,-4.47105399963527,0.0
-0.1319565091214043,0.4185985754283208,0.7420032227220255,0.9551461232204735,0.04319649083353012,0.02974613219396832,-0.2914534509935806,-0.4037133716440779,-0.015551806764660224,-0.20984423540704747,0.7278484219494438,-0.3507644408585008,-0.152386946787277,-0.7051283985733027,-0.07016839425834093,-0.01361180455885526,1.1661925185528865,-0.6952315180067078,-0.27786403495745376,-0.3750377124994201,0.9709116266744421,0.3973617875013009,-0.05256160444422513,0.10728030865707965,-0.5846827389608178,-0.09431401033193909,-0.7637452440287072,-0.3956350547426243,-3.0213748598500816,3.1290135687979506,0.9949306161767766,4.796825818826837,1.138283268678437,-0.5876467591521454,-3.0160786059558164,4.64904032603276,-0.010330667575058187,0.6426328416117474,1.4862371487045158,-8.867031100895819,6.066751933375889,-8.31220451028164,11.292003583287919,24.411541847684223,-11.635672029478144,-8.92719263884853,10.426961649517969,-174.57403317813706,-51.77028351500532,-1.39996508762091,41.7002491455953,109.24726837463723,121.64730308031339,-73.47560249156703,-1.502547807881973,0.0
-0.13963655496273278,0.4386685839976862,0.7486034656320388,0.9533057512098414,0.04363652039801738,0.03165899923769657,-0.2971560306725426,-0.4061362613749361,-0.03181363561903478,-0.21860745560329925,0.6702006715873982,-0.3053763030646977,-0.1503161862443061,-0.6071366501214315,-0.04124743040848409,-0.011536043287175021,1.083254720646221,-0.6369124978226072,-0.2778001810301448,-0.3972635252461367,1.0422222664405036,0.2583675129825546,0.10330076414786284,0.2891551728130386,-0.6088356105626401,-0.3492652381203184,-0.9127802559255316,-0.38825063621324635,-2.648502995662024,1.8524031919566357,-0.1166833070765156,4.601023519555133,1.4839575368752833,0.5096950706196598,-4.136311790605205,2.1005372795662147,0.007943320985390643,-1.9597336412360469,5.227854571765692,-9.052242504384532,12.748632926229222,16.890904577723713,-0.4816996944031982,-39.868947058791186,-15.378422489495021,9.388124883138477,35.51775869529024,-29.74200321925489,1.6663442358576557,-60.27232984696506,-11.880990761514438,29.42517218705244,65.53998859152165,-62.525730785784894,0.17659512006154665,0.0
-0.14793924087259916,0.46062707417730403,0.7522472838988155,0.951452488038056,0.04670616491500465,0.035246856111598904,-0.3021826538691031,-0.4246526598956153,-0.060164543755642556,-0.2396128057786351,0.6343671410727107,-0.2642358192529726,-0.14717043651880488,-0.5181859648471471,-0.018362177693478823,-0.005253455865859135,0.9828420548188765,-0.5933483769249661,-0.27739652892048466,-0.4331899513494239,1.150069301652987,0.107044832318338,0.33062868867742884,0.5490565365550156,-0.5609086728229433,-1.4084436010431887,-1.6808977583818367,-1.176359164730524,-1.2054628829419831,2.0835690013608525,0.31388901096988664,3.967551611046099,0.8464566286010771,0.1745268576881821,-4.733614511785299,1.8580462576178023,0.02333593885421078,-2.340800242342628,6.186580018660244,-9.025366661510066,14.996907707307978,16.545195831709965,-8.316808273189912,-54.10562236080663,-12.306393662469763,25.976110406954017,53.43524484446305,-12.424306119367394,-7.715496734086545,-77.15352975955054,-33.01280718628255,-14.962155359268394,97.69213575749126,-45.05262196367382,-0.060176091412754526,0.0
-0.15680965737986577,0.4845726828076775,0.7526660801582302,0.9494331387325146,0.05201118056787811,0.039846254735109166,-0.3070567181418551,-0.46512246502426907,-0.09292834090458982,-0.252928933552198,0.6284944084625845,-0.2292705164967732,-0.16550790538475635,-0.43624693307686585,-0.00594902315977794,-0.005287137735957199,0.8614114701967938,-0.5113855639914293,-0.27733839006511346,-0.4520530486556899,1.2445649477796363,-0.06200620019871926,0.5020706704550427,0.6250157177098871,-0.5703522336102771,-2.4280726610200114,-1.6543900873124333,-0.17181024554183905,0.21312167263877446,1.5408025054087147,-1.0776602829461297,3.796457636118919,0.3975232350026582,-0.06543214582364994,-5.807018337199483,3.9864810964814184,-0.0030679022874622094,-1.0519318299545823,5.757926161203925,-9.801733717271837,15.164366746717366,5.848015062939388,-10.550022524140969,-36.33939625269313,-3.0939886192206907,54.39500562729666,37.60970527591226,-24.31137893202151,10.855542361486823,-60.97555352487516,-25.36789967030559,-1.9419444309373484,115.77286367736825,-77.09287842287583,-0.17970407573229366,0.0
-0.16607686469603028,0.5107085249093205,0.7500189978933528,0.946220642114489,0.057831721496309496,0.04541016651136208,-0.31505540021181805,-0.5217545159419148,-0.1153320754926864,-0.23306834183722627,0.6405706825675683,-0.20632896506565923,-0.18562430473984917,-0.38145864170858385,-0.014121345888034664,-0.016499414182503582,0.7499197538457253,-0.5070801747612854,-0.2737490792481751,-0.5095524456208413,1.367916363277869,-0.11893233746824884,0.17164205366484653,0.8709838251961716,-1.4597720152425016,-3.107270688480803,-0.3720429490229865,1.5079269011943692,0.49449032202443055,1.2268849838805787,-0.9853064303903711,-0.5340830772609199,-0.4669457002621791,0.36802525233195127,-2.3594097156565974,-2.1822570301939264,0.6965161808608196,-7.499968478906391,4.510416164228717,7.849879714687447,-53.85266550194431,22.6822857739624,-76.7098075889257,-11.86238243045519,109.08212343942982,3.0969731344317886,-41.03607138569147,28.63250755686072,-1.0638847146191381,-498.7702785607283,98.8563647175164,210.22013899502085,567.5414435913218,321.8102320003248,4.854399175932558,0.0
-0.17665199263700082,0.5378955906044783,0.7482871136164079,0.9411774609122958,0.05550776037526736,0.05300755350993939,-0.3290806510260037,-0.5805960663126739,-0.09893164926786481,-0.18449562452870116,0.66492211844356,-0.19159697339195664,-0.197218457837804,-0.43542593813711666,-0.014174944384133524,-0.0027958108253028618,0.763972746837357,-0.5058581262029316,-0.26716699004857714,-0.5147263009830477,1.331460333392969,-0.07116135353814869,-0.7466708307933995,0.1727163865278566,-1.3911938156951626,-2.341752894832285,1.2688592563310392,2.2207608887300454,1.4217984688847851,0.7168490000606454,-0.45841905602420263,-3.0571469601391508,0.2977466498216098,0.5599607877648906,1.6535281160668096,1.2525651961018398,0.1245767071904357,3.255396481625738,-4.199659407191936,1.0561154995659272,-38.053544112686346,-55.89473352047532,29.62946554298773,93.22232155049583,15.455192331959008,-76.95133753204922,-5.129912818646593,-6.792315328442666,8.969398840458425,42.2985308516083,26.212784415459794,-34.74782945985432,16.623915431468504,83.30765091639002,-15.530411658094389,0.0
-0.18585129643595558,0.5648063024439833,0.7468834590860712,0.9379767737731266,0.047433908520672634,0.05404531704128328,-0.33915881219646554,-0.6128702985113124,-0.07746817524960531,-0.13590588514185473,0.6948472413485979,-0.18697136640575324,-0.18943234165171824,-0.4900943449599611,-0.01882896918747633,-0.0015816190050162258,0.801273992317375,-0.48342740378057525,-0.26757695518530117,-0.41061150512009137,1.352246799701107,-0.0661736379512593,-0.7018237964410547,-0.5490125725037083,-0.834011697850774,-0.8739866135982151,0.7014623523407634,2.112510438485011,1.3026318386414713,0.08694124875530367,0.45689405829822055,-2.2106558164549956,-0.6321934566290125,-0.3140067758116448,1.7085290302562928,1.014778276714787,-0.07256722558842973,5.5865751175067535,0.509448469465664,0.6322013485767928,1.5601713076126633,-38.94909964900821,31.01657703427515,88.04703514209302,-51.5146860499309,-59.02409477248876,-34.2571468462531,-4.675600604238722,-9.017797291234235,71.08637292205032,-40.05922569364666,-36.54398303534691,-35.7876453512126,-7.86205155113183,-2.058735435441635,0.0
-0.19316049741276833,0.5927839254447902,0.7454135117195504,0.9360543565185825,0.03946232662482934,0.050383566423803636,-0.3459862174341005,-0.6215150973583863,-0.06958233097257417,-0.09255441561295359,0.7170482593042086,-0.18334134887767706,-0.17157175641579536,-0.5288205073978566,-0.04976062127412375,-0.022035506929042624,0.8259841946185869,-0.44957054793539103,-0.27075940062273807,-0.3327051021923065,1.4323409739326303,-0.07824390200759118,-0.5074099524980924,-0.709862043213071,-0.6844530792923232,-0.03327203741313993,0.10456759006542365,1.9268816602184333,0.8838959044684798,0.18879137379268968,0.8208334437736159,-1.7499334803064055,-1.9479527112626478,-1.2394439864312177,1.1256146373969256,1.0837506645504107,-0.14183711336664193,2.973704427466705,3.136098742552437,-0.08926833696300672,2.9870534064708876,-7.7830725879701355,2.4681911308934796,44.859808209137285,-28.71176914686618,-42.13384544221733,-28.52828709954136,-2.1075342051625743,-18.28980366641163,19.767700532120482,-5.8435651998539555,12.494759536930133,-6.0958454854006785,-110.62426752976728,5.746384967083739,0.0
-0.19933603611309308,0.6224117748469422,0.7433071457371668,0.933956497232304,0.0324937131821146,0.04576310653047833,-0.35295206184676775,-0.6143828579521646,-0.07984488411649142,-0.08525108033349281,0.7053544764858339,-0.1961263114457677,-0.14245285406796906,-0.561785543876127,-0.10204971241926099,-0.05749075136429091,0.8386062847597267,-0.40483654271990405,-0.2750937734720367,-0.29791015242856445,1.515874424535265,-0.13376926633342576,-0.4569593698196074,-0.6737342464181996,-0.8732579796584219,0.4976076699144839,-0.7189666867858021,-0.4258268506683344,-1.1746508769143826,-0.8613188526890594,1.298524203380708,-1.669633793221441,-2.6909790219271597,-1.779610497725111,0.5909204618405688,1.84431699316055,-0.18789084431934827,-0.4907036423125544,3.3075914949919514,-2.654264689935797,-7.880229126907991,5.033764184004494,-20.944629312791935,-2.1690716118343882,0.7234424924676655,-60.492665827400344,-45.866455522459,-153.18432137324677,-4.608193163233763,-25.74266148892488,61.02865250623421,65.23825164887553,68.133597007154,-322.3107447657203,13.472052034153508,0.0
-0.20658960610010763,0.6530065750157402,0.741156834329236,0.9314298854032266,0.025801404314742288,0.04301375845090308,-0.36044760048729296,-0.6091754732189728,-0.08863677616708616,-0.07744099356988218,0.6460540132530317,-0.15322581282338785,-0.040829182583601596,-0.6099631353858874,-0.1317561738100382,-0.06347392686829156,0.9003501026028373,-0.4831258313613479,-0.27791976311478894,-0.4231088194910036,1.5397728766777483,-0.058928498255045675,-0.549072060662571,-0.36207905053087985,-0.589246510458713,-0.5869979951683899,-0.3499342378603967,0.592653272538302,-2.319823973183991,3.2093548831980665,4.235230185583811,-2.506072820085162,-0.6338048075296382,0.5903004384579258,3.5623801936164883,-4.653113250592441,-0.12074198464646722,-6.056435498106039,0.36378722378201955,6.313303609095537,-10.776575640616244,10.677379055291507,26.494262706645706,-72.10953684667147,16.18935457289798,-12.507420906987884,68.86063759969355,43.60205585027747,-344.4338855640105,25.549145854708627,84.65458142830401,64.56785065465422,-30.369582067955953,58.47709300187128,2.0930493132713717,0.0
-0.21563951279871427,0.6834682390844852,0.7428794893994725,0.9291676147148612,0.01966609913964301,0.0407883677071845,-0.366874770690912,-0.612771125930333,-0.08222756768790583,-0.05021487736461043,0.5835575439210116,-0.0874938048023783,-0.01066541086698417,-0.6412103405273836,-0.11336408281242519,-0.023070141973638558,0.9535398280404672,-0.6155358964867044,-0.2786711997998715,-0.4746931749604109,1.5074898363162625,0.18920919881753456,-0.44018760762641757,-0.5113370775211137,-0.7337084668987203,0.27527062428664784,0.9625493480481698,2.0853615520671314,-3.9674501155068973,3.4419942065126836,0.25523314772440403,-0.731451995768473,1.8511281015670467,2.415483485372795,1.902033720356462,-6.2286450695366,-0.006245672565590837,-2.463739849331731,-1.9080565407277406,9.78671688943058,-3.0170469557642194,-9.368857763418022,3.1397538612974345,53.398898722541134,78.62560506673773,88.2237777451008,-97.66161179900458,20.785165797951564,-99.36084961536159,94.10567951626012,77.04270492986701,-11.82628151819143,-74.10813156080494,109.58873362384554,1.5777961905903726,0.0
-0.22577814799994994,0.713572587441976,0.7472035999904629,0.9279221092713261,0.012913466629434768,0.03755911666570141,-0.3706522821464298,-0.6099852336282401,-0.06391695461764679,-0.010921291271205415,0.5130107708989305,-0.05756040562428017,-0.03259720897124243,-0.6432533809709656,-0.0680121826331025,0.0012919749450894479,0.9987487268031315,-0.7229501245922733,-0.277533509832434,-0.5292983280255531,1.505069744688092,0.233896173277228,-0.5339017300655952,-0.5856661793568714,-0.14221311563937028,0.14536141579496975,0.8006599552028213,1.8126495851781508,-3.3698288116464057,0.1499976259007491,-1.5907211696152646,0.47184816909266625,2.554537709029909,0.22221843019180418,2.2352849486362816,-4.437501370968291,0.07234965577628362,-2.173393874620478,0.24539955526653784,1.4260236552051335,-4.400282215182551,-3.6457245155053375,31.748459585278866,6.275391327587375,-21.65213665085024,-26.58729092140736,7.274841909217672,-129.6002577287371,-35.99850995908676,65.63405031017281,28.816189437021663,-106.17706387571062,-23.134733595019945,103.96541972241951,-0.14093661590677709,0.0
-0.23663628237575518,0.7444697730525273,0.7527996801315497,0.9285428147790807,0.00843656330908684,0.03410806894167227,-0.36955879796690544,-0.6094477304745747,-0.04046784342286846,0.05383039125507834,0.45258780553187766,-0.124304741322774,-0.07712097759717246,-0.6204395014834104,-0.01986511943938111,-0.0016593868162007416,1.0126891067651598,-0.7797016808523576,-0.27744272331616276,-0.547076338820637,1.582028712037277,0.2994560608903646,-0.07930117443904425,-0.41198899202267336,0.35669567913727646,0.11012481340372585,1.0789635397797537,3.840866017241019,-3.1221572392750936,-4.976068351042648,-2.911432081646724,1.5474287989521989,2.1826245445220183,-0.45623595673490686,-0.06435268295493281,-2.127736579945423,-0.018953191348448462,-0.003973375883567082,4.472297782496252,0.5747046891821214,23.813513147711355,8.278951424138585,29.599972055126397,18.987085206802103,-40.07876603667953,25.737878074144128,-28.411115497893253,-127.69432972084675,-70.88564525462046,33.93628036897576,-30.288648306853418,-33.37914734545785,-48.881227980522524,53.85127765839213,-0.8791378052308534,0.0
-0.24694791647336475,0.7779117057865356,0.7572011048442527,0.9295330557586973,0.009535982594265186,0.030302219617329415,-0.3673678521238951,-0.6162233214276065,-0.033683052316309865,0.12150779932464509,0.4127639885240712,-0.23800326065479002,-0.16986913580140447,-0.5830953282926098,0.016467372241464162,0.015338921614074293,0.9478336323908313,-0.7702379428428688,-0.2818756848106327,-0.4873706234286789,1.749874235862655,0.13420501669933999,0.5238525229455474,-0.23792502216271158,0.16984021875445318,-0.6231709371487444,-0.3847707820290802,2.9513978343504172,-1.3279293586043959,-5.425249907023744,-4.6041106291028555,1.7815487497126592,1.2575946615772906,1.6005814877084925,-4.386762920651747,0.9494294132432048,-0.2646462952057424,3.066904967634907,9.057932604907284,-10.691170756389026,34.238864641053915,9.282073419436696,-7.399209908325014,-33.6076721948933,-91.38690540535944,-70.74381745727126,63.376528686907015,88.04899997369681,72.98232895439034,-35.20036591736149,-81.63785532498251,54.43846876189829,-27.562545791564965,-6.469370689529894,1.547746508797849,0.0
-0.25614941981621886,0.8150349816229998,0.757231487539215,0.9288279963905748,0.015186948259126523,0.026018115679673704,-0.36928439904784044,-0.6752008299650286,-0.057072910013257046,0.11622221638079286,0.5854331213362538,-0.32244115137229007,-0.1953756820800801,-0.5501915908342472,0.0016984249346617716,0.010803981030939684,0.7842072906237735,-0.7288478257890396,-0.29071718187260287,-0.42633094123463966,1.9438858541666328,-0.07684782188662129,0.94389798137647,-0.1902409553181069,-0.8568444442315717,-3.022182043789908,-1.263187053287878,-0.8027201084902479,11.33760072061985,-2.5478530903539824,-0.4992287741828877,0.03496785490277188,-1.5007664815853523,0.4117693333326703,-6.522223281507534,3.573210661763063,-0.3904857817237378,2.240274342886033,10.32362192452663,-2.8879459488716144,21.659341954357785,5.586799513047717,-105.33006589538074,94.70764560968087,43.118609724371765,48.675552805362514,-28.36260818343966,163.23804784356219,22.749058959498655,-391.3560770875506,21.317139284342755,333.84252549608715,767.3360101769615,361.211550867443,21.126317409012003,0.0
-0.264089152098295,0.854952245911624,0.7552653262739633,0.9241993510602445,0.018987355434156736,0.021605516936865736,-0.38082573635631717,-0.7317734648618242,-0.09441864870858119,0.045340548877265435,0.891996668476318,-0.4222196400267554,-0.17981058135208086,-0.5834653113592227,-0.07287292632722177,-0.03208307842186546,0.7246171781997282,-0.6094083349865517,-0.2919188808222699,-0.35078916453165454,2.0127767105417482,-0.08798252656641257,0.3452707282251856,-0.47400807428332614,-1.6729916480918445,-1.1816589921701008,-1.7769306801422802,-3.7800026814142207,14.799017824665656,-4.414626402246339,0.8958103235433793,-2.013811709031961,-5.102925346381742,-4.072389059753903,-1.7025747183184492,6.037449545104767,0.07391553936686156,5.714039388346572,0.32776768797438083,2.478744702231567,-16.49037251101434,-26.572199253907925,-60.55525875716352,254.8906246517308,46.26672643971453,56.78040041988917,-247.03443637131852,116.75228099079695,-11.187650261321068,19.407551796842654,-95.80931206916267,-163.18396373984626,44.88739815915857,-85.35109613101481,7.038044183127668,0.0
-0.27011713096099427,0.8952766285406106,0.753796478947488,0.9146511178399599,0.01758542311159271,0.015467825312029376,-0.40356515199929605,-0.7061966696675295,-0.12341020414109656,-0.029026710195067376,1.151913364106691,-0.5258690693443683,-0.2015897453904276,-0.6192759676689823,-0.17615359764572863,-0.12815673486876059,0.7019352629712066,-0.5688672023679949,-0.28748875302134175,-0.2705335152490513,2.018323564980358,-0.054437357400232395,0.05993322312457802,-0.7325349834361318,-3.259187436829652,3.4607535390611877,-0.8724537502871132,-3.2342057551803567,10.635298737865297,-4.588254592279369,-1.2494829241449976,-1.6344504638539863,-4.554639656370324,-4.670333684541179,-1.3349323316969028,0.49412102214693054,0.2557045160243799,2.4816992585377515,0.4331442272233543,2.059167677449076,-10.400210249398077,-4.093954787565293,-102.20741518548463,240.39582064307598,81.81264031929756,72.76490808133832,-299.0284458370633,97.97035732936288,22.254796510393312,0.49040242776681175,118.09791236616772,68.68242683732441,-48.685389490295826,-94.53366876751572,-0.5356469246430233,0.0
-0.2754560128784524,0.9358970708670742,0.7522290176962059,0.8977002258750648,0.014805873216448488,0.01023047620419994,-0.4402390577161361,-0.5887839944281742,-0.1366672420051335,-0.09843138450988809,1.2417473171950972,-0.65751406551136,-0.20945398292732115,-0.6652828622063823,-0.2454941564063323,-0.20828420391009345,0.6828245380750434,-0.6305918846530022,-0.2832409490566837,-0.27681317495418784,2.0393142737158167,-0.12623639954931304,-0.03895044678629152,-0.5026313097938835,-4.708906340885039,7.195204204482521,-0.28095992902691863,-3.3909477335130536,0.8696354450338278,-6.366032203574082,-0.11340169404516354,-2.6974430599287955,-2.2040859254028073,-3.313101074405836,-2.229945561998634,-5.074032241467904,0.14428727565582053,-1.8808640706940307,1.1124879570206114,-8.47751782325824,-11.136954263953788,17.965347935732854,-75.15256583327505,95.96886253559056,47.91256322154878,28.851524279508517,-291.26506121949757,93.19956833869712,13.97174469760201,-43.88499446808767,159.80584769677841,88.51378696244844,-235.7627484984854,-158.59294185250832,-9.182588035384395,0.0
-0.28367824578547557,0.9751515848626464,0.748267482294184,0.8765071139983711,0.008527981345623175,0.009288487584441453,-0.4812237282624459,-0.4042178986618321,-0.060357515443411114,-0.08662477246630333,0.9449935322126936,-0.893182735616395,-0.1579680459211266,-0.7829469851616404,-0.24119188989710622,-0.17693459962892935,0.9186691328172671,-0.6323549888255492,-0.28095328018443433,-0.5303533712812183,1.8704509687221107,-0.25935129314550565,-1.1876634539023652,-0.47452712532009417,-4.0817899974688485,10.256986565196252,6.461326953251058,2.603786970343955,-23.983068817233523,-11.771698089694276,2.6271656613673997,-5.755053170911773,1.9260910008743672,2.6469910567712445,16.407122705558802,1.5771338064384643,0.08131899988909812,-15.003084160384859,-10.610989341303814,-10.16037769039598,-115.50832643303376,-11.156041218263812,96.240557200448,22.736609627100847,228.43109516124386,134.4453069351403,-558.1503902777936,179.5470748835018,-50.68605824376847,178.62172240759105,169.28588102195351,-70.23738909503945,93.5687653527596,67.48821428162398,-3.4777496660674547,0.0
-0.29516159539089826,1.0139858956037275,0.7480353675157198,0.8615676058572062,-0.002093196286392084,0.011957874568840612,-0.5074976731991827,-0.3272698566609994,0.04199561130658523,0.0021000120812987542,0.6754733120298234,-0.8932521996316909,-0.10165098924571232,-0.8181258874184939,-0.18850906012534518,-0.11544891706357711,1.0430255164987758,-0.6370547467903606,-0.2788409910400323,-0.5671477680349772,2.017770017269775,0.2700880587931471,-0.4780872456235513,-0.15935981151760686,-2.110369677876508,-1.3552335602927168,2.8621661967258913,4.1554913648759895,-3.5032663743554746,4.7548864299350635,2.078927175590258,0.8778986486737874,2.1179632061693145,3.296901684265573,0.39577731950630946,-0.9342729299060718,0.10150373226758456,4.651282274915302,4.126884891523903,28.805427701797683,65.04287415780745,-8.370634077478705,72.63378056761397,-252.41084993030518,-222.67329115756684,-85.04593437868219,514.5554544244582,296.37891734084565,-14.272208110335217,259.7853304323414,-70.79923400118064,31.75874406168747,-439.7396331642736,-37.40428136346636,-1.7089611267875982,0.0
-0.30683814357851924,1.0550911947534916,0.7544905675743054,0.8538408394739541,-0.004498664626791414,0.012861007619714765,-0.5203558180187816,-0.3932174144555513,0.06785859629102343,0.05359126372498971,0.6762289481545286,-0.8017543790917486,-0.06512886262176441,-0.8009939073065807,-0.14987560389663296,-0.04454118642412647,1.1111355820420192,-0.707085860575816,-0.2768121595389011,-0.5911111560219204,2.063703530209521,0.36247593059342165,-0.15831374284873287,-0.02661461210782711,-1.164902531963375,-3.6224913372245306,0.39851805867969936,1.4364888898378423,0.5786830899094809,4.536812913592845,1.8361576867736575,1.304673342081252,1.8613940070455388,3.2430967417136705,4.593332045730346,-3.5107724230927184,0.0846678337707021,-0.7079885499930892,-0.2656872501176633,3.90116029867554,0.7315877221100356,-4.151739768235302,28.99685458316109,33.067549943129386,-70.60085661931733,-106.46434807196488,-63.603340403081994,-31.590115186395018,3.754911786358292,78.5608888946943,-4.191491101355314,-67.67346809798622,44.338128551299114,69.50484369178638,-2.45173411521511,0.0
-0.3193592301912473,1.0971163936107657,0.7610964735535821,0.850778669111419,-0.004946980223772947,0.016685662319890764,-0.5252359205581952,-0.47032028117369523,0.06288395888825281,0.05844169127901521,0.6801065726359814,-0.7559747222020474,-0.03796589970353104,-0.7741513209630112,-0.12363755606700573,2.6399818492871003e-05,1.2227446930464727,-0.787230273040531,-0.2758328016401258,-0.6567424718627837,2.128467459650252,0.3105021551726349,-0.34380220495486624,0.5669986612669956,-0.17531688122327604,-3.813520310392803,-0.5209623656944802,-0.39066918910037485,-0.6084825467488011,1.318128120054266,1.1100369828016163,1.592236225968999,0.9950448843015687,1.3575468062339924,5.450121732149448,-3.523468511169748,0.02838773489409487,-3.6121653603695396,2.8885559196157025,-1.9779960983757623,-15.414999813961579,28.022298624202733,38.25331571881542,15.085272750061739,-11.672722769432456,-45.65088109019837,-107.35991496801297,-76.27926484576038,-23.662771002989366,38.94026950308729,-24.322573518064928,-94.61686401966682,-72.24198393443586,77.76979681582675,-1.643512157373362,0.0
-0.3327064271997898,1.1399843013623139,0.766006995318432,0.8510403123864013,-0.006142370860355987,0.023812448084523475,-0.5245241894228447,-0.5416346068626168,0.046989442069381514,0.03758769762566172,0.6518985739465403,-0.7158280377420524,-0.013804360325036985,-0.7246876898559711,-0.1038312113096277,0.015683050970451924,1.3057347680889506,-0.8948487807794437,-0.2747154262697144,-0.6777171628364631,2.157826283695818,0.1873979828061542,-0.5894749628916054,0.5351168530600665,0.21930416680173123,-3.404644047281197,-0.8322864135646941,-1.3244038903736686,-1.8500467400568426,1.726894139747129,1.049845456080578,3.053885864464307,1.0400425638158126,0.3512604162303302,3.028588275505827,-3.6070822995289133,0.05712883540479888,-1.2260153203214357,1.857817928070836,-6.970297385418036,-11.931743636433614,0.39198178141969486,10.978814470845258,14.721982741006316,9.218050900834125,-11.423822520727182,-38.10979406059318,-64.19273944109511,-26.53716834579075,49.624531081452986,8.950369549332013,-43.58272385981387,-121.57261703688913,490.6847208320781,-0.8891274704706102,0.0
-0.3467651600171383,1.1830540053214744,0.7681379753822923,0.8525716735918624,-0.010401482880462321,0.03142904191591464,-0.5215607019963313,-0.6024094346635543,0.046695026308859404,0.03593394414457268,0.6072550047867122,-0.6961100248814338,-0.006175923612010883,-0.6496937139459981,-0.07436647494799349,0.009492364436283035,1.3562254249480978,-0.9138280964223062,-0.27143096117346793,-0.7183989470784892,2.1557046252952827,0.031476061620502135,-0.8853767462397172,0.3456774982874761,0.4489017551345757,-2.767090448997862,0.42841203687010077,0.8307589930141179,-2.9100368252567694,-0.0789146332327958,-0.27292444158100415,4.2433853674743105,1.7403406338924838,-0.829221932850219,2.0660454388356237,0.1279689586865736,0.1824762525915357,-1.2001804076172211,0.7731995603019726,-9.552786446519468,-11.064456156463379,-6.334331373542691,16.293857464282404,32.33409617506345,30.70686029149969,110.41485735469605,-143.97179062851868,-171.39405131778312,-112.00306870213889,46.12175209073868,23.413781493674193,-54.32696831200667,-50.08424051158916,57.373096333034326,-1.5404400223223216,0.0
-0.3609901059263354,1.2265349830594294,0.7667227106083753,0.8563443087040052,-0.016183608103251774,0.038603224380285364,-0.5147060392558696,-0.6547232077444798,0.05253332618418709,0.0753127049166949,0.5275074395813315,-0.7003911647362719,-0.03910739919089137,-0.5505596864860217,-0.03718583858498496,-0.010657598217934851,1.3680621476573447,-0.908105771977915,-0.2683026566942206,-0.703966010778814,2.1971344072993784,-0.17306263516221612,-0.8610796475255629,0.2783012059231225,1.0400046443271938,-2.8064692165753287,-0.1549106689619124,2.1979835084454242,-3.9047938518234133,-0.2835266586495384,-1.6610190838825882,5.294707284780794,1.9100094907548886,-1.1123741228817399,-0.17084755203817176,0.3082088911407917,0.12860603809538737,0.9276333287378329,3.160522920703986,-12.592299892840552,4.89952396833642,1.1800055997068934,28.195849421746072,-39.23829631263291,-68.85088150186931,-19.04306918510688,64.59354080351568,-4.359715746404217,28.967663188356493,18.395406707909945,3.219860022010425,-7.177984990569124,-51.78521245252306,-3.050678719455638,-3.2383499126232174,0.0
-0.37409299140722896,1.2715034317798695,0.7609328140061765,0.8612700438794019,-0.01894318683121539,0.044314005956585044,-0.5058570312496706,-0.7004672179277879,0.04978222588709057,0.1608785643062131,0.41772613612365084,-0.7296368747852021,-0.1293129008461544,-0.44336784157560133,-0.016350057603230453,-0.031934877675876466,1.3417910503431807,-0.9028764927403029,-0.26923247077829177,-0.6200845119268917,2.3028253570638935,-0.4053938495922046,-0.3206128945879427,0.3935723035590269,0.9476978989789363,-2.4185366663885466,-0.6526395570505614,4.32929037529885,-5.303608120805283,-1.6544543860935306,-4.371299806251307,5.130593414400064,0.41192015344146543,-0.896191431210961,-1.6434941951726065,0.212188966017224,-0.10148076522938118,3.349038529599393,6.791793877090004,-14.008828817636436,24.522395065274413,12.43505838283971,-13.444421170297698,-48.05410744040426,-78.87467668230265,-97.06495664808169,104.25597459612857,8.925030111932518,82.28940800101304,-45.61294224209486,-59.08985869262887,31.351509132976762,4.975337410266929,-5.667698601941729,-1.3895725602892637,0.0
-0.3844812169677605,1.3200387018393334,0.7506824239467358,0.8629249214464241,-0.01266460518532582,0.04858423081596595,-0.5028317414784033,-0.7827207407220096,0.03738476772358802,0.26797780417952527,0.45168919303632293,-0.6707170110678582,-0.28403682882109094,-0.3452985363051483,-0.04379750337854479,-0.029840410638421303,1.201043742124071,-0.902222711504608,-0.2768042523156077,-0.4260200127480779,2.537531075639868,-0.6097196543582861,0.9698691918173071,0.8917581836637141,-0.29292241054923085,-4.633882956523085,-1.0672474947344268,4.9704592301097295,4.359148854525653,3.812283166546773,-6.037916539459772,4.148112956112129,-2.8863658776936383,1.1256837373674173,-9.274833399140599,-0.03740552328559007,-0.4258603091911349,10.749235877252257,13.14292500520827,-11.601076603187202,80.08430394819344,25.172250078578656,-91.55048779145818,-5.998325719359665,-70.81473985018945,-93.5882918536461,92.37877948886624,-20.52991046732059,795.20658328234,-129.86529147082416,-168.75051298063102,124.3196459421396,-84.25504803215517,-3.342329047326907,3.902011483262652,0.0
-0.39074555712198306,1.3729029449780896,0.7363772389345589,0.8548741343265117,0.004182332343273125,0.05026909031275568,-0.5163775180183543,-0.910947091488436,-0.006710360755415921,0.2504630516338808,0.7000365510841224,-0.5891614148200764,-0.3133735899920612,-0.2711457151126985,-0.15170909891336537,-0.045318312353799496,0.881262464904203,-0.9028222129452124,-0.2868393681812197,-0.21351134408841102,2.7456518129150522,-0.8135728887200361,2.047479685262667,1.184061802937198,-2.9507646374164076,-6.06889054628118,-2.320512698798407,-1.798816487581989,13.73711159769466,4.0493708631190515,0.3336050052880093,2.2496565298706446,-7.014213045979094,-1.4181986552411843,-17.811186835754754,-0.01596551096583993,-0.4532521510674597,10.308314675088575,13.022169932921297,-11.892706300193566,81.06992377961103,21.605899460497238,-194.39930216621147,126.45009770554891,41.37878164917751,80.94823681346854,-138.6380002315713,-38.029760449235894,91.85999036058428,-267.7206344430071,-127.05144624572706,20.503801075637163,89.6750214565558,1.5449622674407915,10.328023376634551,0.0
-0.3947422347062665,1.429264284246364,0.7206688574864024,0.8258196735626187,0.02216305768492842,0.05475739680812387,-0.5608317868361087,-1.0262732185144448,-0.01435049620856571,0.18530164043002098,1.0476062158046011,-0.6305850222575311,-0.30120583309097215,-0.3778911183449783,-0.27981896079503693,-0.06581955030626331,0.7862260957252862,-0.9004903022265318,-0.28773988467748207,-0.16009388882238593,2.853021424684395,-0.6536825031289204,1.136398503553875,1.5739195396494263,-6.837351059594026,-4.014174679365966,1.1337233913007003,-3.437815645388568,16.42575186582166,-2.886628750969312,0.6273056848506082,-11.144451362425412,-5.103749380220725,0.97916035710414,5.406944846502531,0.32950522646726954,0.12263578648034168,7.113166246605755,-0.9318304962002275,15.68496374807673,-32.93018095046988,-2.7345627613660044,-131.02283373830673,283.39692603024065,116.8788793420585,5.7005248093865335,-285.3624788811991,32.33377888558245,-7.9846619274075135,-340.7387893331236,166.50520450640286,184.18279828560307,503.92100530009384,23.382276448347366,-4.026692051436557,0.0
-0.3963684647411701,1.484085985757513,0.7110387968448517,0.7800311094119042,0.02816149025334054,0.061846757999592154,-0.622039691130144,-1.040652038109129,0.017094693220291165,0.10864999554606163,1.3658117725911842,-0.6968128967449789,-0.28709537564790627,-0.6009710462971564,-0.3287974005097761,-0.023653815669516326,0.8954543105110293,-0.8928433473856341,-0.2807631575291548,-0.007893065271873709,2.6419831202097632,-0.3298880347546668,0.22150765859604252,0.5066814874065989,-8.106708693758446,2.6404498281858606,1.6239193122521773,-3.7274901934100644,13.782387838819634,-2.8276136887206658,0.6448828364359778,-9.937977903676126,-0.8739647297648037,1.8409603322462824,3.634396533326621,0.3676257493815483,0.34941485951690515,8.529384219904165,-11.321217892577117,17.17607924515423,-25.876139228896438,-61.956072073164925,-51.980316464191596,410.04684808561615,-10.099392679673887,42.800171744780954,-329.3704035031344,69.58585740167815,-12.484680778906826,203.2218089607093,126.63275440181833,-112.36383315027159,-291.3831437642699,-5.883936153389695,-7.932134297763331,0.0
-0.39490156429553674,1.5346254237380228,0.7071976556863534,0.7242119402946523,0.02189407159007184,0.06349367613556328,-0.6862989641946546,-0.9113825778067072,0.03228500776082586,0.032337179274081876,1.5789676268592312,-0.786473538428961,-0.24691978415769983,-0.7507465108859211,-0.3285724711581699,-0.024310149614079547,0.9057195150995272,-0.8871784486195208,-0.2753851998134625,0.12630729355903422,2.441533483226976,-0.10155520124723864,-0.19714514454490595,-0.5261375928928633,-9.014714376983418,9.358446568019387,0.2044700788810873,-3.4414582830570297,7.911052689669172,-4.172749240783111,1.971536121553656,-5.5336077998892526,0.6880298371879541,-1.6647057732422474,-1.9081542420951503,0.196091363632504,0.19820743924610415,4.5324526744660725,-8.729846284072353,7.497931539886698,-18.65832299172132,-40.11507339472902,-64.55460009146229,292.032602708201,-50.66459700623807,75.36776455088656,-305.70883700031857,87.62024827152774,-34.28013111443749,205.64227979839137,79.6796816958761,-180.0385706783832,-248.03624174237825,-10.681155513671717,-7.467748756202543,0.0
-0.3925240835794458,1.5820766824749508,0.7040163298085017,0.660677618851272,0.008014003625245167,0.060546799509943294,-0.7481810908891047,-0.6840267914906302,0.0019418407065323572,-0.018562160957133693,1.624456142468839,-0.9092045815670405,-0.20579763799621176,-0.8342652778633155,-0.30795532525150143,-0.0919661363570409,0.8510952231978097,-0.8861271941364516,-0.27701240406315314,0.09278546580027344,2.331803477520873,-0.24440608769236719,-0.38879014790389177,-1.1281907706863252,-9.013673942749376,12.114659159718311,-2.6647273527475654,-1.852544389489157,-1.0782891486051378,-3.4776385121634297,1.8024425294282675,-3.3246764509667233,1.683509940028909,-4.399247680740247,-3.3693613158553846,-0.04484069808867734,-0.17259417612249633,-4.6059838062056295,-2.7572488853741954,-12.733605746539972,-19.704867965614135,-17.041450020288018,-15.358370374859224,10.026889449266012,-107.54021853538174,73.44475626424497,-266.51681079513116,504.9950629970737,-34.00154098685476,66.12710113071266,104.10626846196165,-65.40017065372977,-30.50945458564688,-7.054530000020376,-2.324753391136981,0.0
-0.3966347747335262,1.6285465829821173,0.6980890474692603,0.5940309343799381,-0.01751862061158027,0.06277057519024415,-0.801798105399265,-0.4227590187062636,0.017646662383875612,-0.008229534232551983,1.3040246617032438,-0.9351458245396808,-0.1331863785837516,-0.9249690836206487,-0.23070775117392803,-0.18121075578318446,1.0821370716940628,-0.847078723434685,-0.2764897478975247,-0.44169661947182104,2.3272285050812536,-0.31744036870148845,-2.506301493867653,-1.7457504581933379,-8.309269508545134,13.810168192003712,3.2421610364611024,1.487870477449137,-25.892357700620142,-0.357874775608806,3.483116767488761,-3.488012306888821,5.635993477527482,-4.853143558735365,17.35374261810126,2.433297372195317,0.08620056881971462,-26.0389061775422,3.611285821181159,-4.289682754510078,-134.7246185248048,-32.37759530518639,57.94541682973643,44.488965061886425,249.5525649194971,49.002337171212034,-720.9668318310772,56.85801454631586,-57.278032597218754,244.60548421925358,194.89164076182828,-96.88587093075338,190.5025242417957,7.218995884699117,1.6417223924994135,0.0
-0.4074803362457116,1.6756103014864712,0.6955687490971065,0.5310024580362787,-0.054515417344116544,0.07185826902251477,-0.8425561393784484,-0.24635256333900055,0.11480262304569065,0.0434815473889703,0.9340642870406715,-0.8947029670760913,-0.013249446445209262,-0.9189534705382856,-0.09605278249765335,-0.2581904870727568,1.3273276818494337,-0.8166534035302231,-0.2777153081084696,-0.5691437739733075,2.368945305771358,0.15157714315225135,-2.569205670443326,-2.111933993958745,-6.9620781434439465,1.7793579222803029,5.971410508992178,2.1040813433365972,-2.216074788792289,1.9505656192451055,3.5657705533303643,3.3963500086903347,6.494661675958164,-3.2800284646360596,8.153397512429002,0.9851349178515748,-0.10447472631048857,0.33059093931544553,-3.6962325149906623,34.78072015495936,51.125620449644984,-27.71746297836822,73.25540913444488,-452.28594490019947,136.394668791904,55.450841200701554,1133.4089035776794,-68.08116827644005,-458.6240692978418,347.9852333594464,-86.03907557607175,77.08899008441409,-402.097345068077,-50.446846639076725,-0.7169984428594156,0.0
-0.4176998479881398,1.7220043550845112,0.7031583751669825,0.48308142897645073,-0.08677296535966947,0.07111931242317708,-0.8683575466714244,-0.25492720927538726,0.2151434028221117,0.06509830517993993,0.9911423298737263,-0.8555645705540778,0.01912513767870986,-0.7938361704342548,-0.003291497363498739,-0.29185819937342994,1.4465272392994006,-0.8512519219065569,-0.2794949093925107,-0.4611458473520045,2.2614434936342493,0.5424603340261316,-0.9815989327887821,-2.357328102714757,-4.674849110065847,-0.690762140778143,3.864619232429478,0.329114875263645,3.393527622918245,2.5934261750958396,0.743705573394826,8.398150051526848,2.987420113011268,-0.29718125784315286,4.316197120430903,-2.0788171717624375,-0.07357307808223758,5.582011086632999,-6.965712455599648,15.85717307902409,83.17429757264584,-4.048002045795169,106.05747232996606,43.827100403732864,-162.486597327547,-90.17836781003585,-127.76087800740403,86.73487316631642,-44.381100231841415,215.52841312143877,-196.16744363303002,154.39249440888204,-170.78439974304248,31.164804976269387,1.7758241935592565,0.0
-0.42515376367080054,1.7668525806733866,0.7145174108771652,0.4546770056552226,-0.10632291616736779,0.05922349409950409,-0.88230200938948,-0.2784277024421343,0.23370749668055477,0.03085792107504124,1.0353627042237692,-0.7878194412874324,0.048642035245392,-0.6141499578195141,0.01916472660833746,-0.24457400440320254,1.5356796096227134,-0.9016143400937522,-0.27841338526050596,-0.3081174852353918,2.2411572240122872,0.5757728444287143,0.5905761448163018,-1.5021260622277328,-2.4679025127869014,-1.5002274568210652,-1.132623482346224,-3.008606070157027,0.8813640696753122,4.452213842539021,1.89019371061586,9.294347424741007,-0.26714811968364865,4.099971078839855,3.9806544196163376,-0.7662814090915886,0.08850992629956847,6.226796670490826,1.3812054443085582,-0.4801039829389303,61.85868325052246,57.27346413755123,90.92960870233678,-37.34491026709679,-179.73912306445786,-99.71307636458906,-132.93119287829458,7.210899541785963,13.7098588199228,18.37996426177586,-139.31956023898755,152.85750010908552,-90.68830449673408,154.3165434988319,0.23336317880727264,0.0
-0.429680164766734,1.813849904495128,0.7251615349446948,0.44260084987465403,-0.10573713381446859,0.04774517342323221,-0.8891819524921327,-0.3470302020118605,0.1921270544307587,-0.044701582598005135,1.0601919301058869,-0.771315828992244,0.0664784287404738,-0.44194913431848404,-0.002154143140924886,-0.1362803843766363,1.5368075504674759,-0.9049495547185462,-0.27723599188317816,-0.15707444286442912,2.4504884535269054,0.4765492845877434,1.2422368825099732,0.725415589821058,-0.8468781409121864,-5.072274897733371,-2.4725754689975483,-3.9210478724703894,1.2126523954383193,-0.06581505873632335,0.2118063570049279,7.59912730324142,-1.774298533837467,5.993530078554961,-2.145285676522865,0.06714280350585124,0.039098725258197166,7.873302278057724,12.428005968627055,-7.835516203113223,31.821525067541348,123.62934075602132,60.62893726820006,-190.80850504253726,-10.829061579405849,21.745454661580133,-15.401484890650163,-8.803458551995078,-74.72864028651401,-149.21428472613448,-77.53457146487847,26.384891784349726,-161.14112007016507,11.646290740585965,-1.840050549956594,0.0
-0.43245647490724515,1.8648733282789633,0.7327967534017198,0.4416385721146105,-0.08713259228776625,0.04230858232645119,-0.8919491391572217,-0.4803933135504034,0.15282947750358,-0.10433374972818381,1.0710915939052195,-0.7840531420659613,0.054510066603501654,-0.2925639499668685,-0.04193224410570703,-0.036388255495816695,1.428421854707421,-0.9008625360454103,-0.2739365915336308,-0.12290600651789325,2.643996069803623,0.2780647008726577,1.3899899905422406,2.0679444530535034,0.33030431640818103,-7.793488773734564,-1.0005574796888452,-0.4953226686332336,-1.8022377085431707,-2.342693043290146,-0.888497904677782,6.933010098466826,-2.135732373961776,4.064917193761033,-6.61371438416438,0.22695370799659864,0.1899959899333434,1.9203459371140597,11.54982576605145,-14.178423327547637,8.599618378215421,71.3189164524576,61.21471242070658,-131.81184338262094,125.16187370197304,362.23482848628356,-339.3853647937403,-148.632689887908,6.661400470001694,-92.03263812549156,-10.18125706609301,-113.95846565685875,-15.885995228405113,-2.0981827687377956,-1.2614085210786414,0.0
-0.4349889770022233,1.9160355018975435,0.7368942341664452,0.4458166934020385,-0.0655421045679019,0.03577966537434072,-0.8920042174556041,-0.6239748051279698,0.10700737536828948,-0.1142236984036147,1.101580561477472,-0.7399570694650748,-0.008167886915021162,-0.11075844184777858,-0.10402064065748359,0.006187226297122114,1.1005497574099194,-0.9024147195172436,-0.2711768548749004,-0.1035169436753277,2.52034435710271,0.08762608366979224,1.903819382813979,1.4477663839170516,0.08078901598218002,-6.6228076999275185,-3.078401274720534,0.1286269023693416,3.328956435448523,2.925263772546458,-3.06833150575875,9.425875666546913,-3.8773307961997263,0.9783433936090661,-20.139950228464773,-0.1730802025520591,0.11119624490393885,4.713502132336684,-0.701855847368871,-16.78192418561688,46.50886712375686,-1.0255084666206944,-68.53228913734246,60.60454537266217,-57.41406974580556,106.1185226107772,119.70465419879827,-27.352009176103625,56.03169056294697,-84.24618204391876,-76.91128211161653,-86.742751630042,-66.05242465233638,-2.2333497299410996,-2.1177316945162583,0.0
-0.43668655714423676,1.9676786696425255,0.7365969664654199,0.43568558817829506,-0.041700009927523235,0.02463007262565558,-0.8987950472428262,-0.7271387849241745,0.0789627206112083,-0.07774341199980271,1.0995907132917582,-0.7115673442669284,-0.0066047958434516385,0.05381886637899958,-0.1869631796727812,0.010548907726866771,0.6538083682817122,-0.8991795460116923,-0.23124071202576582,-0.03970039819937882,2.6796495802961444,-0.1407610723950576,2.114610477706136,2.1392748649454547,-2.5064629214975045,-4.546164585567,-0.10378130480146125,2.5965950854447466,-1.7947171370901296,0.8279344105922031,0.559446156444816,5.583276757935529,-4.272523754883309,0.16247616397986755,-19.70479454804583,0.25622528240914727,2.1143423580075007,6.5596368517549095,13.417009394723395,-15.011659569738004,4.5845848761937145,59.75907472808136,-158.66010772425682,37.103269981580375,139.18364741935028,31.56086407026352,-116.13091848756332,-37.81798401566682,-5.852590993992795,-405.29834099159694,-3.846191750290596,34.930883232356386,591.3106695006613,-0.23118862149927866,-32.53813844380083,0.0
-0.43777064130833687,2.024128686785401,0.7335324723958124,0.4102622061881126,-0.014280992316611606,0.02028376759130508,-0.9116301575773033,-0.7975125060890785,0.08927912317818844,-0.047761923182533646,0.9975656314428147,-0.6687089142141347,0.009564436485722588,0.06982081934443467,-0.2349671371883934,0.02207921448481809,0.46506087363407256,-0.8516476605558693,-0.16518470375001537,-0.08786399194913451,2.8541392268538743,0.059721901706497035,0.5821442291373966,2.2323324693069813,-2.758489407077905,-2.063514572640774,1.0033688600919424,0.1252859761387098,-7.124341807549514,2.1319392612489105,0.7566185073952642,-4.301902229738109,-0.7509588496041928,-0.13141632300711514,-0.2409689605203158,-1.0758046500356238,7.930053069022323,-7.535523866564002,-3.945709447371995,36.4531534036893,-128.93516832312946,-53.2995172100629,36.49205070038951,201.23504916888473,41.19934589102529,-175.98196799831422,-122.9006556930899,-48.64411839850109,-11.114146389715039,-495.14496866961406,213.15733030483514,-145.615473910851,793.3748751894462,-27.979375643177434,121.84518294289353,0.0
-0.44056089667326603,2.0798024312648904,0.7394444615951143,0.3883826652090154,2.7066576697811102e-05,0.028101577290327986,-0.9210695988829178,-0.808574811181333,0.104282996392343,-0.06523240694928115,0.8579555498791049,-0.5922974475314293,-0.01008174826034192,-0.06388455912134583,-0.22623913242253546,-0.011726354693714462,0.5306537885301934,-0.7761854022782505,-0.052964852045177716,-0.2077948690322297,2.7295956523269393,0.3987256733175776,-0.6035476260095503,1.1171932931180828,-1.9254368735731333,0.3524944051822305,0.556843598279184,-1.2890872811090255,-5.5793650932060705,3.57144261079923,-1.1174024319003524,-6.806051790229958,1.6544222644439208,-2.038421434382167,3.8630600471778074,7.070346457955978,3.116413652412262,-9.030201049424353,-5.4558958130545,5.421521729979203,-41.929497210138024,-68.1639225275448,52.0761514443712,78.811574926741,-19.27193838365883,-10.111168536989355,222.67098339450186,-78.59694376107143,19.9665158528199,101.62918396103855,141.42656131868347,14.735790195146862,-66.2797720139259,238.76022713317823,-249.64432683960234,0.0
-0.44516182221285355,2.1332929056886183,0.7469728571701133,0.3741090691970454,0.004502845182836636,0.035922193370460404,-0.9266777890686902,-0.8021107738447748,0.11396006584913539,-0.05941513055417317,0.7980503968203326,-0.531089692927608,-0.04705573794381884,-0.18358013209035728,-0.19649745849239475,-0.07057397908362606,0.6026500516985646,-0.6492875737899861,-0.01894534972265803,-0.25645109743188993,2.6318056296035555,0.3511902007507593,-0.4500062558725799,0.4286767886638212,-1.1438136038400268,0.4063457589818732,0.23051426374732156,1.290831906050268,-1.219812285282038,2.562464261182864,-1.7338954685580248,-4.8847682188102,1.5401814764809512,-3.215504180704539,2.759354892529017,5.795150937734034,0.9632330066238788,-3.273431904180556,-4.407041639984416,-2.984218515789904,10.088780523756954,-37.157054848623424,42.61674276973398,19.73490160236371,-41.538980027300695,83.26139152302672,159.76309002889278,-51.98649934388336,30.863538791933312,139.1969105395432,17.56784378032667,-0.8611533718151169,-118.15803004841472,-78.08594817107206,-50.5635240551934,0.0
-0.4508214429525159,2.185181555503956,0.7532210401175728,0.3674836205034724,0.004311088754633667,0.040273469688175204,-0.92914759366566,-0.8006457616140956,0.10847094970146118,-0.02969537501004914,0.8266996442232845,-0.516099619866664,-0.06965859873401727,-0.2556532969815558,-0.16848263336983008,-0.14435034031036792,0.6492483371968137,-0.6284866191018381,0.012559515114993097,-0.30317572878047777,2.5697167844305824,0.2961416925595184,-0.34891379090546615,-0.02418767390573119,-0.41549302938384136,0.09916696322062202,-0.6702555021187981,1.5403101692907668,2.4699768547952052,0.3150045696792456,-0.8843759147216476,-2.6123978531738254,1.4527181588521434,-3.8145557454852197,1.500654603520253,-0.39800486279611486,1.5432826763462317,-2.0057814223313355,-2.1973019352085106,-1.0184467794700018,6.381513161001556,-18.960445141448194,26.70387890591965,21.80190254285576,-42.36486793262292,-1.6212805752635746,40.21930949428415,-7.9554823532394545,18.74248675878136,98.5798196460014,19.3079088454907,10.982768580166377,-104.36725219597581,-62.406309602506134,-19.182720613621218,0.0
-0.4573529558479824,2.236697546148208,0.7587369833307532,0.36665114277694116,0.001980220716029813,0.044942462962541466,-0.9292702476939313,-0.8084002919034575,0.08175512731578038,-0.01880797904790665,0.9214656991593662,-0.5231265763481172,-0.056457225727558055,-0.2916836762409025,-0.1303039804001018,-0.22185764750906756,0.6618899012783063,-0.6805307205369555,0.053404003365788884,-0.34230592317506253,2.5852867826869783,0.270766629796251,-0.608860378805937,-0.03521475407534961,0.0806962932424602,-0.37992326119929215,-1.6646027511790253,0.17193861362105445,5.1468366743226195,-0.3074721881663424,0.8260516960801388,-1.268571715591134,2.374107581051955,-3.7050712899565053,-0.2476229582277297,-3.203522774364143,1.7863389256467623,-1.3872671776083318,1.383574213410504,-0.19326810004321432,-5.585589984205072,2.611151421875994,13.238157117267939,24.741849320066116,-23.952583435689476,-13.194606506068864,-42.76895608744865,18.776677018935032,-12.258805816841052,48.760110485015836,56.922700088117026,36.70037227734126,-103.75065080670261,-24.519889185639876,-56.956684404061015,0.0
-0.46463433777996643,2.2887747190079852,0.764065400690397,0.36880758188861046,-0.0008647163443436708,0.05202299197999486,-0.9280483975055236,-0.8134624348905087,0.04152199855966106,-0.01965859971953846,1.0421751762435014,-0.5485032774627724,-0.010587098466607776,-0.30760381571417866,-0.06711646142111076,-0.28869920808036104,0.6291036898077114,-0.7224018334651591,0.06503947981894188,-0.3700482878231327,2.6203440544010226,0.27308158263046867,-0.837158697331764,0.04283544575081394,0.28635905714006105,0.10841857423413567,-2.2058588669099355,0.012572927290315276,5.664751698523572,-1.2082118157917907,2.213569424793562,-0.824807807058738,3.646505366954706,-3.0931518033995653,-2.007996732173276,-1.8264148606482415,-2.1161094646238046,-0.029251884730742167,1.5319338940410028,0.8409309839834589,-1.7797383339007706,7.418244213425518,4.67251370266942,55.0949982748953,-20.51773974198328,18.90075563436157,-102.41028674142596,29.458036716903855,-42.16348273159378,-9.594316525135046,38.12210908601654,27.64442306456933,-28.13355362296231,-4.352930111886488,-226.31905824463917,0.0
-0.4718508918670873,2.3412812793918216,0.7689932802561426,0.3698497512647189,-0.0027732774083321465,0.058971522478843866,-0.9272140151865537,-0.8004494009037127,0.00020745326483785024,-0.00442262931880893,1.1486255715953089,-0.5907983764718423,0.03578706727171446,-0.32655902933516223,0.007323047497723522,-0.34210590075081126,0.5831572244540888,-0.7456056723637869,0.026203560727696994,-0.3492233913478135,2.6291406520971257,0.2186685798351807,-0.569927524332456,0.11145409832109472,0.013058075372863003,1.1601784007073215,-2.073423543151902,1.2547639113487439,4.531309502479647,-1.9907151236189764,1.9940971615340084,-1.0046920319757726,3.6935682582819056,-2.3207633692270426,-2.5042786185353068,-1.1547596506047286,-1.2743342852185138,1.6157449447019108,0.44906839258115644,-3.7984346225208125,20.451978900082846,5.346231088633862,-9.519797535569593,57.35402240659118,-9.871736860211996,44.96656571517061,-114.20936553541665,40.11915984527948,-44.24589376176979,-3.7103630658493794,-9.849614689588881,36.75801843312913,-23.428481125427382,-23.764066893770273,86.36520366524947,0.0
-0.47854199733675645,2.394011265134664,0.7725984303739565,0.3699290855179307,-0.002620128000896208,0.06304964919153207,-0.9269144234253517,-0.764935009405893,-0.04591657843122693,0.02073769342615377,1.203863545967728,-0.606859131150167,0.06895235840220466,-0.3423066914350752,0.07358763800579919,-0.3897349283461076,0.5172097806329576,-0.7623549792905815,0.043134018134861805,-0.3170722954486907,2.6466046757633763,0.12841146731742506,-0.17806451584403504,0.23709719151386652,-0.010809084897871735,2.1154392357886502,-2.4717431596725983,1.2889147859187053,1.602303416152588,-0.44126545319128263,1.3586369173915849,-0.7613058006012574,3.019052960178637,-2.3606635729801466,-3.673048067953327,-1.0376503192036346,1.6199132877456965,2.4343631785480713,1.7478464831643656,-6.857773176390293,22.538297419422147,11.405612045162684,-8.867117301277071,23.29014570925367,-11.2505434019972,5.745181249988055,-106.16648116823742,15.980688968612682,-31.53600148914254,-24.721405271762993,-35.806408403121345,-12.556245186739206,48.33247453071238,22.172263179800492,11.348322630722464,0.0
-0.4842550985949019,2.4475285854200477,0.7734535676103999,0.3692996415787508,0.0009696485871834906,0.06390605282633513,-0.9271099454345108,-0.7161155335025914,-0.10046521974505263,0.03155362014374242,1.177303529936381,-0.5796983436538079,0.10888735596099776,-0.3684835375379285,0.12766280700933702,-0.40826802797294676,0.4580975911702795,-0.7679711634045874,0.11298867825182818,-0.257473196762364,2.7000227188901285,-0.050344341812349085,0.2642229209135817,0.471687778303696,0.10958896153521039,1.8674472852501616,-3.1707663978247353,-1.0986171436126362,-2.4251619613309687,1.9443107249451463,1.530697081611353,-1.6291244666857192,2.5215287739104464,2.5729977559401087,-2.222798087749269,-0.45241813840469325,3.648394225097594,4.012453469570531,2.36608242233409,-11.795860245929116,29.806762072987937,11.364078952627315,49.47087510398059,-185.81030800755295,-92.54408193241451,-362.01939983061413,-3.239135791001864,63.8012083698632,-90.47689755289665,2.3868790434407927,-47.76559050988958,675.2055087749775,123.8503771369759,-43.6798699091878,-3.7039606818349355,0.0
-0.48741755024077993,2.5023274071306942,0.7697331038268236,0.36258009757352855,0.009900114704677613,0.05915831460421384,-0.9300204053597928,-0.6820012170939748,-0.1315097682634937,-0.013931321031995743,1.0681946270206804,-0.5492816447045203,0.23248241671750347,-0.4732255563415145,0.14201215678922996,-0.24984476443024423,0.6639699776912263,-0.7454564704050739,0.12304672488624485,-0.16247655720265017,2.7829939319244508,-0.2577345179511816,0.796597106315188,0.6625256838768656,-0.9259289502231937,2.091603260418248,0.47798809949498905,-2.291865644124768,-8.491238473331979,1.059520914577337,6.32882542441221,-5.450781182254472,-0.48903876627675447,6.667286190901925,14.225431476725426,1.8377243683780717,-0.350282379995281,-6.2445529833698705,6.494450063854503,-6.053260858211688,-34.164605272105916,-14.915458085291924,-12.137131289537589,86.34185727521123,298.08028309547296,137.52386333485254,-377.73333593890493,-44.23779127419581,-64.50113908011274,115.29648905524012,-110.9453125983472,-501.55444262381513,64.6004395690778,33.74881503708623,-70.05353969909225,0.0
-0.491920257155123,2.5596956488540865,0.7618109824640834,0.34990720264039893,0.016280457095091787,0.05637001763104765,-0.9349450878898826,-0.6244045823662127,-0.050189425184873834,-0.012410120535953202,0.7962896892574381,-0.5726572498410266,0.3156883610061842,-0.5876195754798732,0.14897342174822123,-0.10604690312753792,1.0626323676871565,-0.877617159793025,0.048821572599925846,-0.3191255291433365,2.946042172230979,-0.5024175190580014,-0.03771120815813081,0.37451364697844525,-1.1713229595200945,2.8349128474026246,6.295054577800739,0.7537584265526088,-14.738504639478082,-1.6967844264180445,0.9219004670079478,-4.088459252648919,0.8816103169673112,6.05431429895471,19.305628684529786,-7.441289393818426,-3.783768470081543,-11.88520164605063,9.363320246099077,-11.801774154896224,-84.88740571862107,-22.93783874589731,44.87167022134704,-71.85987712132784,180.79799998577045,-37.93650333615172,107.92574712234129,-4.409991806711851,-222.20100375104246,262.50293603346495,37.10258500500748,-177.97229333288317,-320.7653325899369,92.54194293635554,61.92910216883836,0.0
-0.4991555161172012,2.6184947084149583,0.7504007170211884,0.3518747893533633,0.014219713033589699,0.056259069647480446,-0.9342466748461927,-0.6462020890572462,0.07855231891674092,0.03056868089551773,0.7096539523809862,-0.5320709655028886,0.3000472222873091,-0.5848657894232192,0.12785150180647722,-0.0035019590778632478,1.3356902556256782,-0.9241017955586646,-0.09117085155580974,-0.39089438712510044,2.910649918343789,-0.5876085495075025,0.036873220174542504,-0.7210087767120577,1.3628607699326523,-3.536984687277129,5.912498630470307,2.272722435193029,1.9073124299168727,3.360505216602718,-1.0710952613915807,3.592229528848045,-2.931164734055513,4.7215194174846635,9.249320059283466,-0.19961619279574586,-6.600970862773248,-5.173621889280179,-6.15691927470463,-2.273077144881064,14.603790677010982,-68.88503418338377,112.92071337498717,-108.8005195436612,-83.13388932552924,-40.257146004368536,367.0913708567244,-15.793150653185258,20.353117151111896,383.2135148785107,-196.7513785115924,-17.16597727781348,-448.5968994927294,118.86800135441246,122.38224212981704,0.0
-0.506907628520097,2.6765593790787703,0.7397944633524988,0.3688194878774547,0.0103961022079263,0.05235788638098039,-0.927967002729305,-0.7236171166019653,0.1734236841041418,0.04539816941794517,0.7500422541256269,-0.49333864348559275,0.19279878389498598,-0.4623179590666045,0.07363174961055899,0.13267245401240213,1.3444389359069222,-0.9186142850731472,-0.12196821491814304,-0.37037202213500203,2.895970576182072,-0.5277746172819485,0.39384005293300306,-0.4260944463001183,2.1207636812747097,-3.8701433099692344,3.714800485979064,-0.02567427141182861,1.4213438654476866,0.9305447735102361,-5.7976085774195285,7.419066856276327,-3.0295792345408095,7.633754594144401,-4.354884995233225,0.4067758443273045,-0.47318604036626816,3.1447151018481683,-0.1475680216932421,-3.2273701125927934,31.701393104622888,22.910417225967926,36.185083190214506,7.3963758235321855,-117.57115089240465,-54.05556975158758,-99.66802742657786,-93.95438325756795,78.88904486556685,81.27978950281859,-66.02955583267594,30.564843697932627,-349.45752459503075,1.377486961000698,25.05500641878172,0.0
-0.5139823361917387,2.732838836009798,0.7287058222174033,0.3994229957796345,0.009085120314135478,0.04583024331422851,-0.915575403682874,-0.8447818206386855,0.17961040386262198,-0.026204369818263448,0.9050090973761729,-0.48628554717171724,0.06376988893373152,-0.24220476695182588,-0.035992614832568486,0.2083556972013152,0.9191666994880197,-0.9088278760302341,-0.019398794826208147,-0.31141948170137107,2.7572814378017605,-0.6550885287486318,0.8765898967835998,-0.478880557537946,3.8064455976565568,-6.630038094496563,-1.831807285654362,-3.6002002507095794,10.178897308173024,0.7749061347905313,-5.669432502697408,12.546268479809761,-7.102727578417848,0.9984956237249366,-29.769223923134476,0.4800540591938472,5.455235294219889,7.874059996195121,-2.9524287521997534,-18.964093109721105,72.28689621848999,19.96960291746132,14.33390269232218,4.1181710753771,-189.56001791528996,169.62784213516434,95.2671712292095,54.79241892692117,112.9817525376772,14.800171446819945,-122.83687236972507,-253.74649219964212,-375.5361078400679,-4.615319218446963,-81.90989622586665,0.0
-0.5188910919872769,2.789152818405007,0.7174197785973218,0.42891821578789313,0.012127318690297468,0.0392571493744763,-0.9024084266725927,-0.9458581975595225,0.13703929750706997,-0.08194625030205384,1.0368481534510632,-0.4699826718532204,0.03841298073652191,-0.11782804860321855,-0.1552499496654332,0.1156471046939225,0.5332478183698206,-0.7913210553265945,0.14473776288615575,-0.19888061203522153,2.8469714677097366,-0.18192964995307465,-0.2171862379258763,0.1903720263772762,2.5159117859726514,-3.2075168851375406,-1.4531817431770535,-2.4426407081854027,3.1185777247368027,0.6355317682040484,-0.28628702486191837,-2.4627132087336094,-2.361175819516462,-7.070978864657126,-2.361646691850765,9.499518695961214,6.153334726964826,-0.8461757372334822,-3.7241038989572917,49.754667514022685,-107.9566543380593,-5.70100448081752,-31.501906625330754,244.02430649958816,43.10517635144111,1.2367870355242578,-312.18333071185356,-45.436998782131084,35.19880854034812,-600.5601783468388,403.41620356050504,-48.76310536556039,1231.4070473176585,572.8425191340506,-534.185684950559,0.0
-0.5233807951582179,2.8446896103543238,0.7208046196626892,0.4462451242929436,0.008934651245850621,0.04572340459469175,-0.8936972817034637,-0.9593334719974366,0.1229714336820013,-0.10815746210622422,1.0590836077867662,-0.4897956164427346,0.02456560902673733,-0.2158775464069282,-0.12504356664845742,0.04122407383836616,0.6177119238004299,-0.6720396181659691,0.19679512460225337,-0.26031443390414566,2.69214974131683,0.38239359947949775,-1.0550238901908036,-0.4273750679633733,1.7870252437348824,1.243219216172766,-0.6429784554109778,-0.5873832090520819,0.25869047989145344,-1.296260882695841,-0.664903086086727,-4.581793901011162,3.5271609972275813,-1.6953141991608458,4.919231868799132,5.084211682317484,0.5023072313317432,-4.273941027770362,-10.58760996824844,18.815837944732284,-19.189553199132362,-45.8955339511256,4.029628667327952,197.64709312145058,-22.03410959306534,71.16891769982169,-46.17794022339701,9.055097455996663,12.171841683079373,150.79359496490065,146.2100510611515,150.16199054775393,-152.53156916735043,-84.1658169700593,-163.74780336801615,0.0
-0.52846146271023,2.8966260369527768,0.7297929898308482,0.4587408818657859,-0.0010316979751864715,0.05022680461165058,-0.887148807699583,-0.9109346094914977,0.11158401009892085,-0.09620675033395269,1.1100805688894806,-0.5358800227951951,-0.006639131399857053,-0.2932110290712409,-0.051557990942721676,0.015783019238675325,0.7128370682157081,-0.6803570650164188,0.15386515245562438,-0.24574618842942364,2.519989366492946,0.5064403444199427,-0.7253184690920171,-0.9751397072755936,1.1185298455351744,3.5549077832381206,-0.7084356492753074,1.3806053349118186,3.46312270645508,-2.0490423480913575,-1.507287609084555,-2.8728139096976815,3.587741121679199,-1.107861763645467,3.360541624042182,-2.121898312001908,-3.0185286079543188,1.3864130149984395,-8.001026443368751,6.280792402818052,19.680468107336882,-21.752737478791683,-21.68708341735345,134.0325080723516,-26.99474666953531,71.3021096153722,33.85525295222681,61.50432144687016,26.02911023886989,119.87426082458825,-20.45050098977722,10.867849618007904,-198.90773135744442,-77.73536814541922,-29.316104999503025,0.0
-0.5321696801867866,2.9464349124726854,0.7400323513192408,0.46767213370486604,-0.008688255318049376,0.05111574704616966,-0.8823800031615506,-0.8389645753804278,0.09119866192325535,-0.05322147155073945,1.2009541998012896,-0.576913711773007,-0.03244207075380633,-0.34605579332510417,0.0028703032145616283,-0.017876883267474383,0.7560680465777129,-0.7568379475447471,0.08581079069860616,-0.13681407132480128,2.4770933177489463,0.522594825523714,-0.24775444211682984,-0.406256617010052,0.8778028337360234,3.743967702039682,-1.3400094999404402,2.5780893881402194,4.596975473557422,-1.648210650854992,-1.0966810583580318,-2.4538477075114526,2.1878313710487345,-1.8897927056226793,0.958658205101778,-4.155671759277904,-3.2822516340001138,5.342457652963297,-0.4893078610080456,1.3146807777814795,20.972870570945883,34.572736805092404,-9.622996044933522,19.255755402389852,-39.75977422888246,31.57613291010515,-46.905464076550025,51.71064756987273,20.256934132588484,15.082997146383429,-44.456938809219515,-2.841323973295027,-133.8904356583546,1.72697216511828,29.568310129618386,0.0
-0.5340200681765712,2.9964169838539325,0.7510563501619941,0.4764444326307828,-0.008489351991204926,0.05390412863927469,-0.8775095318191943,-0.7687985453523865,0.052100612916602874,-0.012453507140503365,1.2846695634217804,-0.5971592972740573,-0.03818982473866037,-0.3914573991783886,0.03843156149507756,-0.0650332297417978,0.7318364013946357,-0.788591549658154,0.025576410674129208,-0.056741022283458495,2.528471657299724,0.5650353580087772,-0.2476282048725798,0.5481521449265673,1.0673539967311,3.2684740201727087,-2.322983819522119,1.6938882588916298,3.5832951050580957,-0.6978195310028231,-0.07648017093836965,-2.2829947598311926,1.6147216115400518,-2.4747781200195638,-2.4673425933513418,-1.1030002546594513,-2.801816818326338,3.912294213284417,4.159953887716948,0.6873889325120623,1.1758906745830306,52.62804643614687,3.530195642926647,-32.43833163432232,-29.69553867552274,-30.38702051931214,-81.35374375998227,23.591449692205465,9.274108640338643,-12.091782457985097,-4.98335946532922,6.568221672418128,-113.03096236439492,-16.76026314922993,19.190223205681093,0.0
-0.5345559201638259,3.047653658588577,0.7621591709005784,0.48567084699369223,-0.0007877147293166738,0.05997370097169293,-0.8720816263846484,-0.6987249648015417,0.0016022504169409318,0.01789125684451184,1.319239363752969,-0.6116402761886763,-0.031363988691308395,-0.435123474735461,0.06323019099144363,-0.11996080180142586,0.653821995102401,-0.7799955495945045,-0.01910631416881094,-0.00434648730954103,2.5964727233439144,0.5213345611361578,-0.12310257110927791,1.2245447520431234,1.1286849680862165,3.480231756432059,-2.6113937229899746,1.382805470796843,0.6497076876985787,-0.6729123857573016,0.3571861338421388,-2.1481108061787024,1.104287666894187,-2.665155557022947,-4.817857620800295,0.27208317733381926,-1.490987619142971,2.38424617559887,4.574167353303333,-5.849946336824397,8.102409868395167,36.743598047154165,-0.41664096891972996,-20.310740953175358,-3.058961324927031,-12.99096121379155,-84.7817114720378,8.815116428242481,-6.980555519234053,-4.262970344802662,-0.8172401807120487,34.05924913461401,-87.14237972088299,-76.50745756380253,77.4561499984212,0.0
-0.5339352316113027,3.100107602820562,0.7707239612568354,0.4944534425629938,0.012766410092669185,0.06539992526469729,-0.8666462148341283,-0.6231771005788403,-0.05563795454898384,0.04638618602112501,1.2873440010345962,-0.6189621673464188,-0.010446193841234512,-0.4802159157890011,0.0766894255112478,-0.16512640107604787,0.5398059734433778,-0.7896081020226572,-0.04618007228939204,0.055261308543594234,2.657345877988356,0.333290939994897,0.3256647873011213,1.5521556328769561,1.0605748345977568,3.7107037252145814,-2.9077088268582405,1.411979532692595,-2.560187402653057,-0.3191954732096627,1.0059149841003798,-2.7352381782023887,0.5221728736028685,-1.8082824134006987,-5.038766029359026,-0.5876466565879261,-1.2002535568643262,2.03719224855387,4.381806450291687,-12.237695129036366,15.527238302763028,17.07783143103555,0.7855630084482882,-28.627976049363355,-0.8714036026855149,-8.113416521280708,-40.59475457636104,-0.3341141817333728,-19.986796302739783,-46.276939901399594,31.303922445579012,225.78810973946935,-11.601039976156251,-164.3250012463357,29.579934919928185,0.0
-0.5328701395179171,3.1538465939117684,0.775092908074794,0.5026181962694412,0.02843609885851766,0.06906797732630927,-0.861275769755898,-0.5403245550658096,-0.11033902198829536,0.06914941117018632,1.1903386363046828,-0.6152302121598098,0.043629335361566685,-0.5452845090631627,0.0847031137433908,-0.1838827057883997,0.4841768095264655,-0.7705570847115777,-0.04174141731661834,0.0398787072674218,2.721269731133553,0.11280869569978827,0.37412013049512716,1.4489521449335272,1.152415236179261,4.140741721767343,-2.423540531117174,0.8267042970078844,-5.450523771069814,0.1847330378919663,2.601711134658498,-3.516864565724483,0.38420981962906037,-0.420509556236881,-1.4105337119870085,1.1805626088475616,0.42344254243698315,-2.2928126562437834,4.626923528536939,-12.393029096269109,-11.728193432706087,-4.194767179137439,15.80987562802887,-26.78709165500958,47.83940590940047,-36.38185059449731,26.469681911434,-12.164491934009964,-50.20338589783073,-15.458772377586978,1.3366236735698889,38.07915730450975,109.932009278556,-11.697572029386073,-4.697557979201541,0.0
-0.5334068177281922,3.2094563969681715,0.7748262467866557,0.508689884409304,0.040669936066393665,0.07408807455104849,-0.8567914069418079,-0.4293647365922224,-0.10480664987735083,0.11166029392645517,0.9611955975796692,-0.6672575345425417,0.16875930411950435,-0.670232597634319,0.09980415824300684,-0.16760560121044513,0.6945169063059266,-0.7525603640530861,-0.08330197913569008,-0.12810677668910597,2.829077955497306,-0.11223439772974314,-0.3993681682382858,1.0574785778034719,1.0433991703187562,5.943943932262271,2.231610594121952,2.269234098755769,-13.351431943423359,-3.0838536666526526,5.896556307024858,-6.265480294069697,1.1777924113597162,0.4062091925710445,13.516283118310392,1.1915190413085939,-2.216902537392107,-13.508625738955056,6.277133951652955,-10.971888975310902,-80.01471686189318,-24.865295969675337,59.2696916565195,-27.9110481506233,190.94273476148481,-53.755091670623344,26.71231591175207,17.547208069242533,-125.45537189778537,116.9751037101916,51.844766673604475,-106.942684922007,-52.035521951205865,23.968675382540813,37.00151436604861,0.0
-0.5390875254031611,3.2664199386752397,0.7707374367322211,0.5211273255121472,0.04028835598304149,0.0856900560619722,-0.848210099721075,-0.3000883265789291,-0.0005453524319983718,0.2098986161290282,0.6878043942233585,-0.655600975503477,0.2480234974141761,-0.7516903059775365,0.15395941783047998,-0.13781064783792898,0.9172397445725036,-0.8380234381537595,-0.17864943287727442,-0.39035329205740776,2.8878024902903245,-0.29173685715018804,-1.7780176723813264,0.19480339761112322,2.14624342835481,5.719985536465331,6.438592799161824,4.8492622738119895,-11.475637963096075,1.269486783037797,2.960987607839772,-2.3286663544260566,3.2390412170451985,1.2040509562627606,8.645861105551337,-5.056876113742715,-4.548783483267759,-9.51110412347266,5.891001554634834,-10.037617821708906,-69.10369143581765,-21.874323558348554,102.64510970930581,-172.43873327952488,39.558254203395315,-218.62051983441918,385.5329184721632,-9.98836317450884,-77.315954991587,178.61134094128357,4.301119788434345,-84.57694571559131,-288.865191634571,47.18132410342421,84.59952664565226,0.0
-0.5459026888846885,3.3252137509337736,0.7638370744608549,0.5487104745494629,0.038516618444170106,0.09888468504105401,-0.8292497237187727,-0.2589781197635157,0.10184947369960436,0.2601589331735834,0.552774361641114,-0.6604717302136796,0.1953488831519891,-0.7853771743374852,0.19242361007671874,-0.11650878712692087,1.0776862451662703,-0.8858194613748025,-0.2525725186388964,-0.23139215361006682,2.9760232644604416,-0.19830582296669647,-0.706880122138253,0.7122841314510197,4.541930029898386,-4.030136494028752,3.48655027797355,-0.36018894362682163,0.46943106972706805,2.1014634015675107,-3.478927734618358,-0.7921025596967308,-0.25997976648915955,1.0087796676713958,6.275798836320003,-0.8248125447353314,-3.0377113373107827,14.316113155196339,-0.056329381770623466,27.02068467227968,117.02296780718783,30.054426660379725,129.87498956466567,-696.6840878500918,-226.43199430267848,-303.5527253372783,768.570706040331,467.6891579462804,301.9702137622002,143.4898654382516,-263.3916775996607,41.643846887037455,-238.9598343992696,133.726033327752,64.83263525224771,0.0
-0.5489951837151703,3.383321450685962,0.7617820164913954,0.5879659270733952,0.04709684545538741,0.096486794057235,-0.8017282920799483,-0.39418489342523444,0.13542179483840772,0.22764519957813506,0.63355199326851,-0.5723314249979722,0.1410537397006266,-0.765758430714836,0.16516490503757353,-0.0815236037697183,1.1978500576240694,-0.8901327264872889,-0.27239942731566075,-0.11957413526920797,2.8167352043334115,-0.07293339748097354,0.819820019625314,-0.292098805241204,4.777949613920028,-6.815618658492584,0.43960973588182095,-1.7700238852823773,4.463708514110955,4.820645803963527,-2.3070508191962618,2.793708610032546,-1.7009615627978982,2.285674406115992,5.298701725559288,0.03240378373617428,-0.1820638480197037,2.737045321240929,-11.295128307025058,0.6404743333520385,53.73349385847787,-75.19867839761481,-26.673842996893654,114.4648300872428,-117.41378617451282,43.1551567289352,-85.77395868282598,-50.94937408891985,41.937343232830344,216.80529093365348,-10.61881926983643,45.913491832747944,-109.3936606205255,13.405242909502451,46.64829411686274,0.0
-0.5515346844547595,3.4386169810745755,0.7610808998080613,0.6257987339437444,0.05308070211981622,0.08344086161354594,-0.7736898643966219,-0.5144168221607065,0.1308276994518423,0.1992550057284077,0.6992308553954231,-0.5230442499076887,0.0914344998231868,-0.6786303466715071,0.12576893134036735,-0.04813674806009277,1.2694001871845095,-0.8889344028303822,-0.27225410994243543,-0.13406135066778113,2.7274200765299406,-0.014063020985119905,1.0368592298237447,-0.6921682895092139,4.754816428815886,-5.116324510191798,-0.5610083198130436,-0.7522234185858941,1.9588403483241623,1.3501911935174173,-2.3843178240379035,5.446932629533457,-2.0048097418716955,1.266889867979376,2.3159761306602826,0.06412104902359055,0.07346223606885811,-0.7389405695470088,-3.299510259349586,1.4333598887760166,9.401555947970186,-15.269735277272353,-8.8591104509015,104.51560903487471,-22.94410449245116,92.52417489411167,-154.6143725406206,-89.77859724814806,25.464200858717675,100.54444322648908,8.767135867345358,-38.24050583250514,-122.62792419938143,-0.4598156698094382,2.522963202419969,0.0
-0.5538430165646682,3.4934451959704904,0.7601693211009635,0.6608655951688645,0.05996120157383317,0.06761498894292661,-0.7450433092768319,-0.6011249418668142,0.11646452563009492,0.20838762430695704,0.7004325908374446,-0.47232340556362273,0.03815932933885293,-0.5723221527549336,0.07401387304655935,-0.03374691172702728,1.3328156834838543,-0.8903312216355567,-0.2728624907778438,-0.10721702832820838,2.7633027621555795,-0.07260440126271234,1.323104406210979,-0.48885216380382746,4.48106702098459,-3.776457744711781,-0.6502344259485133,1.4991136239138996,-1.1004337111115072,2.181367151133725,-2.5843983111321744,5.194350053320633,-2.7651106696791707,0.4772848957019471,3.366647906216464,-0.10606691750440056,-0.06412066740883478,0.15942707785723842,3.2356407340714037,-3.332020730649466,3.8559145553820415,15.539289620630145,-24.8902322643374,62.70146773354435,27.23128223735477,128.41594951703019,-119.24581136736391,-111.34823767338028,60.3895128805807,-17.00658633935602,5.389804741842789,-11.135281061241475,-11.688898856688034,-0.18894922627036723,-0.9691015022360768,0.0
-0.5553638741854134,3.5496950991502794,0.7579690225114136,0.688332030704637,0.06970791573464417,0.054762820110735175,-0.7199589262752993,-0.6742456447014071,0.09538242205862903,0.2017929933803723,0.6651256683974525,-0.44489385508232937,-0.08968230022267965,-0.46479175010802043,0.021137316507690893,-0.018234955825742714,1.2524787524228695,-0.8967126515270337,-0.2752306661586959,-0.04062695828450893,2.872208043509762,-0.1737678851502797,1.3424806686070987,0.15321826530886495,3.148512054213277,-3.657925512926347,-1.0674154252438057,-1.059515712837948,-1.8713003010831142,0.9146984446404048,-6.10623717002187,4.723483434448055,-2.5557798537038665,1.2839960855009562,-7.511888133299253,-0.36122963196525354,-0.1199646112602331,4.568808608511768,8.162350064397598,-9.349901637230817,15.85049422960242,38.35763518723649,-92.0716222801889,-5.603573013581795,22.915857510243264,-31.775719516050778,15.720477490804138,-38.862232292421645,119.55678799043005,-128.54139568245125,5.212179994674351,73.57915820333123,-197.4108037424499,2.50160129440662,1.9027022108361815,0.0
-0.5555464894191016,3.6068983458578794,0.7531730886712195,0.7061960427131665,0.0794632168974905,0.04368867587031615,-0.702185193533205,-0.75913503039665,0.06246571174414615,0.12460500971213025,0.7441342375325201,-0.4401981450629825,-0.15900595826930944,-0.3395588193531209,-0.03926909963438618,-0.013952313907708278,0.9162747976505005,-0.900955080430084,-0.2747226013369243,0.04554889815674378,2.881699551299854,-0.32976498326763,1.4842955371952387,-0.08989977552555249,1.8702983139405829,-3.93699282374042,-1.7863209492554004,-4.286559479672791,6.100505582659563,0.2582091485208583,-2.4983417480110344,6.226155844207918,-3.4604107594710145,-0.06471839258071858,-19.97095564880059,-0.12363941515290285,0.08387212038370591,7.756649369594008,5.398599657518682,-12.566206629519868,46.863131567074106,4.150050109845039,-113.09459935387281,80.42353285691442,12.587375916221283,66.9704589751817,68.23780845683757,19.76767787645328,65.85312157144811,-115.8112099329924,-51.47600174605819,14.598538350118126,7.102089691112159,7.241950917995521,2.8990912920006107,0.0
-0.5557651965752619,3.6652046844798374,0.7476522670020554,0.7131137461697247,0.08600558923265207,0.035487561673453155,-0.6948470742623867,-0.8077829147627669,0.04776834944608796,0.0576380950033559,0.8296260740732093,-0.4638158270404973,-0.10686137196640796,-0.29182501986802956,-0.07113930632332793,-0.0057593647288313975,0.6509025263430398,-0.8950056220977448,-0.23867668461478883,-0.0887307394645388,2.9419641861412678,-0.05965600306992202,0.08221984578393876,0.001983057424985224,0.2953151641081324,-1.0557295433480538,0.7481033900562997,-2.862926104602369,2.3080648549307545,-1.3175858207346691,3.1172548807258016,-3.7721846560375587,0.5143015010857597,1.3625617831647159,-0.9949775818651467,0.7463428253917179,1.6982050182249482,-9.376101955432134,-3.3924008517020585,28.68348674502214,-107.34727059928387,-13.602267048708415,-47.37804041298821,179.0641548341836,134.48991455866667,10.101184007927952,-195.29583694607456,5.962332211556641,-43.73470578729006,-453.2608736098667,206.50229063730066,44.26108838619428,934.7196711699441,139.25296916513418,-211.00305871369275,0.0
-0.5581546419929209,3.722879392258835,0.7508111049430704,0.7143688316529762,0.08107780988016158,0.03684655264367766,-0.6940791688749017,-0.8024118042051944,0.08146487546437826,0.022447745657283583,0.853450270027164,-0.46919723586742107,-0.07229502463555133,-0.4014385920129737,-0.04011683116541736,0.026021980792920677,0.7112028376779709,-0.873049548299046,-0.2130919675188721,-0.13175879930635856,2.8118609880209715,0.3002230032041988,-0.7904946971747447,-0.5825343963776383,0.24541302656926736,1.348655897856661,1.9293546855992396,-1.1931678274935547,0.6406390400121025,-0.032937691773316874,1.2547185716933362,-5.146111586081195,1.7821638973037577,1.036372252021053,3.2190336435862514,1.5792652166881127,1.1658968232986275,-0.46304604172514463,-8.751943415387975,13.288483624498454,-28.894105978694707,-43.22331531674088,29.14381193474573,113.49857184331886,-3.6737268090031256,43.652811046908695,-36.10931720456962,5.5409289262204355,-31.13117260758815,128.47661817776685,-10.909047984733839,-95.15366605892272,-137.80564887006722,28.94679059626725,-3.092549834684724,0.0
-0.5600353270211073,3.7788580218864682,0.7570888963061415,0.7185264251902524,0.07119722078642801,0.03693389692179413,-0.6908593339557442,-0.7804410841363401,0.10761161971924453,0.0010994771866131628,0.9108756018709216,-0.4804131174259131,-0.06534416316695864,-0.49460820654919113,-0.015084942144606126,0.03261261423385085,0.7658683378526716,-0.8789753295851818,-0.20640087936590998,-0.059820534233995026,2.7868786094459916,0.33456176793262277,-0.6794718038420953,-0.7491407266506096,0.7015175279498138,1.212522141209523,0.7353457513878614,-0.8532182132226362,3.5973599049346014,-0.4720230197712546,0.09890193632036572,-3.964104229314958,0.7289299259710909,-0.16877135499810247,1.549927387439921,-0.2783787859703452,-0.10176053331923833,4.01029793652001,-1.1306624178115783,2.663019107663727,12.158722199258284,-8.366366394073049,24.738419496452526,31.580728229939904,-66.13442090571196,31.893431615392636,9.817229131768544,23.247286585020273,-10.562948845743172,88.98995708786124,-59.91475842150843,-42.42732528310535,-158.04401294394566,32.69467579103438,-33.96439328598537,0.0
-0.5603755469394742,3.835662137261306,0.7627480290928251,0.7234998009750178,0.06470031061096138,0.03681507037316417,-0.6862991755709552,-0.7661511543813692,0.10967045354836746,-0.014472752346631803,1.008694748571255,-0.497768232144668,-0.08588342023188002,-0.5748708740256347,-0.00382303549149927,0.03324591682723591,0.7796897131464712,-0.8823773779520087,-0.23125189569396876,0.019436933859345043,2.8798606280360755,0.24923690193164244,-0.3329308480975293,-0.2212500981931005,0.634161934578067,0.634649925655758,-0.42297936796116414,-0.5252443490834056,4.909376070239004,-0.7301717245726854,-1.0722996981016504,-3.89073993722689,0.34597784687223754,0.24516265088647982,-0.20180989342813915,-0.11464265674600568,-1.4763620113133538,4.103723562710467,4.241824613735734,-3.320516393277744,21.960355793574156,22.916459792971143,-0.16322398363513985,10.533100082262285,-58.08450127855512,39.097246095346804,-61.07833517159561,25.4593956198785,18.380141969450694,21.54465280045902,-29.253880654261838,24.572427334296478,-105.47450301562078,3.7281161199265758,-2.3696362688588097,0.0
-0.5593221377154903,3.894452826721394,0.7670147436264827,0.7273355711081256,0.06435167514066081,0.03905275799299086,-0.6821412690935421,-0.7519649963645556,0.08919675711659834,-0.019739109936801464,1.0912840564070982,-0.5145708188890508,-0.09625385502530379,-0.6505951770300262,-0.0026527073619635444,0.03823576036658835,0.749758232309491,-0.8820820182904716,-0.2545886355452356,0.07910428012028985,2.9884420176736874,0.18020330073781507,-0.11571821277544218,0.4371400237362699,0.45279263614782767,0.832928937665197,-1.4528887675995967,0.030503141879629922,3.271003839406165,-0.7395153791266086,-0.35795910825764365,-3.727139696014264,-0.16844135416484146,0.2243824422582679,-2.438385849755592,0.03938501392184276,-1.1081862771087576,2.8412676616270294,5.490968429545882,-4.1321691840461705,11.585642712421063,30.39311544253581,-13.619502158779554,15.93672857459698,-41.35603547031004,37.917981816646744,-104.10681162218725,15.507745254544787,8.675912413612696,1.1038022747157044,-23.78601261057179,-8.212008447769607,-92.96528719467409,-2.027713648554519,4.151843071200311,0.0
-0.5569796003831449,3.9548709737918815,0.7695195758345983,0.7281299460992905,0.06776768644085962,0.04272342036046883,-0.6807415307006033,-0.719692787225359,0.04953167132552424,-0.01734536122421697,1.1360114872045188,-0.5516687255709224,-0.09826670383091568,-0.7205276916209018,-0.024350560095714173,0.003154671220337495,0.6613120284537827,-0.8803490699602693,-0.2670726598499967,0.1441047650294854,3.0473442551279946,0.05442800629486974,0.1011616189001465,0.5404250923781005,-0.20057594765555142,2.1886606735043626,-2.270541594183955,0.3529106439465779,1.534879280353386,-1.8778661616051808,-0.025628264779216342,-3.340146352460282,-1.4963090453655719,-3.369376707037799,-6.4843502628481176,0.008673455297481453,-0.23893855273322834,2.458903782510597,2.9788145635945704,-10.257609211222434,14.495947743555124,1.9229457222412076,-45.74732814993897,57.47633389711215,-20.44241345598912,37.093938561281696,-62.84646966977873,28.926851287105826,3.4529048257911352,-14.453835437014613,11.825594286584476,-92.78100099368571,-109.66189686607312,-6.679149807054371,38.226684149374336,0.0
-0.5539420120566134,4.015904844019575,0.7684395875805312,0.7251367024573492,0.07117908019896042,0.04421983658031614,-0.6834873132283596,-0.655956992158169,-0.006334815024692291,-0.009975199132294164,1.118979035787161,-0.6185233374173421,-0.06148282613940572,-0.7888164054445747,-0.050303609051987046,-0.09028419065421835,0.5637846080005829,-0.8546302487259517,-0.2604050062701374,0.1478575250412655,3.0565223838119473,-0.15640735273019746,0.1791779400929881,0.16692336029719204,-0.6323647129751873,3.7126864461340805,-2.9704064020738437,0.4380833008038139,-1.992168681233333,-3.312088407103864,1.8974074762733613,-3.5175945875275136,-0.5088396143702812,-4.475838900216994,-3.418168966507092,1.3678935849954845,0.39825279192397234,-1.1148744251088902,0.6665355472769262,-12.257450497053808,-4.845212683573529,-18.51981228373888,-29.457696576923418,36.45859378642823,-2.0514867975455986,13.985291728695888,-64.36557564138752,48.211625203621935,-33.21395336491621,-11.52625198692474,121.27380675211514,96.33193356750023,153.27478016281995,-24.655348870481795,-5.909524548129822,0.0
-0.5533471241738983,4.076916531621734,0.7627870267857173,0.7229826406186972,0.0692117184208301,0.04533216330455794,-0.6858941859845287,-0.548607198730251,-0.021592694780497176,0.02939830853741098,0.8807932203974204,-0.8422081444785917,0.02289535504747727,-0.912891718877178,-0.03772232642060245,-0.13974514334447224,0.7945644345555519,-0.7431315517209892,-0.26618447617075963,-0.09282053162376161,3.0374590960502963,-0.38512901894923046,-0.846927145914911,-0.26752171380096473,0.13754931748231555,5.668718192455525,0.9095017809890888,2.3523077920183573,-16.133239470995207,-11.788375998215317,3.949440971255879,-6.052215398170622,1.5834620444566672,-2.022991367502884,16.020317859943297,6.247205613777327,-0.11664090156542573,-15.293059477925496,-0.6689615185395105,-11.987504068310583,-95.80202113884607,-17.96951221594331,67.4363863796126,-59.51294448511561,171.87317188251126,-14.19940347946565,-142.6129566787373,151.7150435576465,-85.56750139252007,146.7801125261864,112.02300031359165,-27.405014717596973,33.67648861899046,-42.20002699999338,16.62244056938837,0.0
-0.5563703968286188,4.139038295879055,0.7556529832130628,0.7326783582429496,0.06452014781859684,0.04962868926551905,-0.6756896973387029,-0.5110787425243795,0.025289686930783976,0.13970262708443287,0.6256581439550375,-0.9416282003315302,0.03634455041729325,-1.0121333638660093,-0.013164046147119274,-0.15984983649578188,1.1233466286782854,-0.7310458716486617,-0.2711476641619477,-0.17310498699681814,3.2188503271380493,-0.19024967240493784,-0.38133955454345464,0.5570222532443351,2.6856661081510462,-4.086040404279549,1.2867967593220393,3.2453640134198363,-3.3536754327860243,-0.6572832438944194,-0.22659806075369576,-3.617759432309335,0.16735222357511284,-0.652206368903151,14.225990789075691,-0.6940040068747106,-0.2665448693312572,-1.766504146521803,9.692986954423061,20.803817247091157,38.67362367911559,54.14519579080776,112.16406147302834,-452.6160969444235,-104.75484349821316,-187.22876966568643,700.2809523444184,270.26485890498805,-58.10678685804254,186.0191926832337,-82.66552051494867,44.94303582024565,-338.93239518664865,-39.67475441971185,2.5134091190265466,0.0
-0.5597940613945354,4.203873555608027,0.7542040128454665,0.7597606324341141,0.07200076718359666,0.052050805438979345,-0.6441043274046846,-0.6238241562921276,0.032833917477006105,0.20339849622957568,0.6013583941467342,-0.9284920276818431,-0.0028655710192055815,-1.057270688290362,-0.06388626008694792,-0.1893043631170705,1.4721992604129137,-0.7868277636004851,-0.2764820176544646,-0.19373403264995842,3.240932302094859,0.011586191186819958,0.10250555916744064,0.8552214523152838,4.968236371227779,-5.531939877942312,0.2304701933005531,3.969914343913217,-1.7341612541722715,1.0889661222959885,-2.866301000859216,-0.2568226318434965,-3.6078662778012096,-1.769701238558073,17.180760344248363,-2.664412782589544,-0.236640535760345,-4.043184158272565,-1.3220970678064623,7.663789912840373,-16.816651102529192,8.114697452217019,61.23693961518492,92.71722865760772,12.557537372124514,120.49682879529713,-182.27940838550558,11.08448609072153,-65.20727293990716,274.25910464730634,-39.378033407539945,-18.599444426450166,-196.70450022766832,63.825947645824115,4.798732649742553,0.0
-0.5644595981051407,4.269012603373531,0.7564716213969217,0.7919393512067369,0.08103564577690567,0.057450749432823925,-0.6024655172815944,-0.7142726360262383,0.02508991695992662,0.2790133297319625,0.5103714783662209,-0.907577823217607,-0.10624246896007787,-1.014202311372224,-0.12015026271208924,-0.19995421493024887,1.7154263732075772,-0.9262809304589634,-0.28010664490941983,-0.2634531022255967,3.28152229656704,0.1703822998885601,-0.31142294236173523,1.3924431374583737,5.424147243195042,-4.102370183883325,-1.1750108011643587,2.9694731811499104,-6.674872728783946,0.8336551706389558,-5.900080692783168,3.662524218122471,-2.123696322795204,0.3414803431725021,8.31302130039246,-3.4943081135075578,-0.14232984690533224,-3.254036157330853,3.2179703127384114,3.5326770013710105,-25.796626170276276,30.4380490948431,15.018105142638014,13.528207918273147,-101.98784543234207,-137.04679041532876,-221.0418164201064,-31.728854754966303,-45.394071377757825,134.9477315547706,82.36987695649863,87.3177253346613,-394.13898735930775,537.6509379289791,4.018177434707668,0.0
-0.568441569481925,4.335272394112219,0.7597417829840838,0.8200613956603771,0.09089039817212219,0.06348372454489994,-0.5614339316300496,-0.8031774924602569,-0.005875251717721885,0.3185851815506422,0.45717270086619427,-0.7749939336762721,-0.3339467836681108,-0.9178155065740584,-0.13833492893339627,-0.1313033889171604,1.6848884445067347,-0.9413838675148107,-0.28587045864838395,-0.12344271509572274,3.332211801292351,0.12924930670313298,0.30755571680569943,1.0244622080967718,4.629267022222864,-4.291742738578775,-2.07400334863006,1.2235362046160148,-0.31173875928971534,7.1282514691565835,-6.283476055317596,5.4018368147440485,-0.5847709929335712,5.58448893733267,-7.162955206452691,0.31471189750058587,-0.30509398422809286,9.785785996695408,2.158303712677033,-5.913693799064505,49.49452062695307,-28.09270135004032,-31.818949178266646,49.11518779482667,-65.78625073125598,-59.574305875621974,171.26763390859713,-109.81976119613913,930.8607585489963,43.86626493802784,-17.72715138736194,197.8851068136213,-437.5816811649413,53.55553551446799,3.2871247360164575,0.0
-0.5697198619171302,4.403052028873973,0.7616023140538959,0.8390642800375606,0.1018708484588189,0.06624736739304288,-0.5302874225482082,-0.9253389382230532,-0.04282938916340575,0.2588110742852078,0.6527166421948175,-0.6543129437833386,-0.3517175090191116,-0.7947427355856457,-0.16239152413341984,-0.024806793610819743,1.3091732978145443,-0.9273441261396682,-0.2904421004648515,0.0290842666850383,3.437825953631342,0.03245722346124317,0.8290665328897455,0.9225927144653344,2.8302881249340306,-5.733048186537318,-1.7650809026398242,-3.60636306859379,12.377592293203152,5.383119261475618,1.133260080669781,6.299086582684592,-2.4848300841934763,5.1250284588045165,-24.378092907036493,0.7608253113085532,-0.16583655210741255,12.605313326917818,6.436637711550335,-10.316972094974657,77.54966615915858,-10.57746951192868,-95.36662354359382,144.2227368103327,6.817518185847322,84.34327706242257,-33.546154078044054,-76.85957002226361,92.45309193253541,-38.02532235092991,-199.91726037359518,-31.838800333384274,-284.3061406525022,-6.570645096188301,6.642006923338712,0.0
-0.567461560691421,4.472666364420096,0.7581392787798652,0.845870340521506,0.11660309135814131,0.06320781293871157,-0.5166351309147117,-1.0224384679225014,-0.07472593740010798,0.1554882756074012,0.9533927854804164,-0.6697193784363961,-0.324889667202529,-0.6941009127325971,-0.2593893841743774,0.014292538186444301,0.8547234952370343,-0.9136268648937755,-0.2987160136517507,0.1693746436642562,3.5554761736233207,-0.3138292511483301,1.7284829272460522,0.5406818560831498,0.27589317245679035,-3.2523085648153263,-0.729854606786035,-4.718139619350667,13.985862852843633,-1.831112334462191,1.2441253226719404,1.3507863123767652,-6.261729143758164,0.08510744493440972,-15.863933049738339,0.5414686025005986,-0.33319231297403096,2.158240657178929,19.79320929902195,-1.4330575592815662,47.640663169200934,46.96233938749535,-258.0323369949424,195.77305194269198,229.12565342297407,127.57128372787861,-336.3815287674836,25.81845314456871,-23.204755020538535,-1205.006270752804,-22.253043159316988,-6.919976626281704,2221.159926488104,-30.27396530939214,66.56597915808067,0.0
-0.5655513936957887,4.545335519666103,0.7531461584924549,0.8328013913829801,0.12884193575488948,0.06857006743755578,-0.5339847787653826,-1.043259859561058,-0.04975399821433788,0.025888117226377086,1.1752811241221608,-0.7516055775973056,-0.30122063595862625,-0.7953521521196149,-0.3382447037766471,0.01605835909761091,0.7484021959090604,-0.9073428843934832,-0.2911026689305303,0.05783574604233245,3.6456369348164075,-0.20172351964576513,0.5254271052118824,1.0508310173503903,-3.7406338450807297,1.3081867926543391,2.7310685820253076,-7.380666634410993,8.353994970409582,-4.1101826726049975,1.0165472017676216,-7.317958656161345,-2.2458858290923382,-0.26119595115398975,-2.095688498253249,0.2503419292547067,0.4310813546304336,-2.30085008867442,-2.522758710154558,3.5998912384016934,-47.51645798904163,-10.741549777881215,-154.46110258946555,296.85371564208697,151.44147106622222,-61.380208193107926,-310.70284576657326,61.23768037486345,-23.188497636967046,-52.60241870196041,166.94045099076618,-81.19713801652432,41.049202509492446,-3.0863894439667487,-12.091456061862118,0.0
-0.5638325256535947,4.616360547892767,0.7497779366188109,0.804759944340296,0.129025468367145,0.07579520296464871,-0.5744292364648499,-0.9270731690675145,0.020040182309138035,-0.11617421197651129,1.2502397475132763,-0.9074104673158718,-0.2863184571760979,-0.9195080147393488,-0.35608335401003943,-0.013858413593433828,0.6881669046418171,-0.9028079288868855,-0.28511885002223014,0.12652140448185134,3.4652058435812365,-0.16958466865769237,0.1927600059171846,-0.4641423387581401,-6.107500333399769,9.42425038910217,4.033206987998378,-6.455198264417166,0.7309142387132239,-5.379228205373815,0.5571885187801455,-5.174735792012038,0.11761556093314507,-2.9198499326493548,-4.025148455465837,0.14389235910872772,0.20451260448769562,6.152940648816196,-10.454642600541456,-2.9136540038430896,0.7601871679063832,-92.957576938968,-143.81169596772196,401.80113073692957,44.80081382187588,111.58040333703532,-273.29993463894795,736.4833635820169,-18.02244862548695,113.91430829829157,113.7530332384006,-180.93223121973875,-111.92236875992374,-12.05151833799531,-8.440237941910853,0.0
-0.5640489602806251,4.6837754199318296,0.7450525481095466,0.7662061090794827,0.11518222692208725,0.07826564703708906,-0.6273242714134486,-0.6698143079078891,0.15996691736904778,-0.13494707197342182,1.0093094074411904,-0.9441431655957357,-0.27273048075998363,-1.0439693685353348,-0.3031770931821329,-0.0909958963256226,0.7807260531686282,-0.8962434007199115,-0.2822875442735072,-0.10505290278708351,3.287970244175493,-0.34473635049433865,-0.9458794012016996,-1.5232721952014434,-6.970903412747813,14.629624766806007,8.400467781622506,2.5782780493561592,-17.793010777298196,-0.33412130680712615,0.6612160504764004,-5.552601729288327,4.81601521772774,-4.454987541434768,9.222087907516853,0.4616641700065446,0.11049127923519265,-8.637778553837377,-6.974311605885614,-15.38343972432576,-73.28310882985076,-53.61745204738597,-33.26418835482245,107.74930079693539,54.13854576239486,300.5854551153759,-260.2485833095641,87.88966995879908,-7.060451591264286,162.8504200285326,230.40019589494173,-62.55979264852234,219.18228107857203,3.3367113852875105,-3.326191191191835,0.0
-0.5700248848830269,4.747714936906565,0.7374631700912646,0.7338146692069395,0.08912585992425846,0.0792966169535463,-0.6687934351421169,-0.36837467701366655,0.3707089108293689,0.10436238198924128,0.46136132999195634,-0.9459644298250637,-0.26619899672008984,-1.1536686254442554,-0.21857015939641575,-0.18904960161502138,1.1785188260625648,-0.8260668195384355,-0.2802978525265579,-0.5440601333281128,3.256047918724398,-0.05165596621403895,-1.4278166492826834,-1.1543759037518706,-2.676529737333004,6.3221506741296025,7.8153546933128855,9.708732941225513,-16.14846910600938,-0.10201611221434653,-0.5884642157859195,-3.7194534114109103,2.66590659705294,-5.606185265853463,20.652820013677577,4.27099253004378,0.08080928359966688,-33.96369133823285,12.476698615050916,70.40574243347682,25.114602039640587,132.64806572609595,378.44242577262276,-1335.261720374348,-412.4594820257002,-684.1790499103103,1860.8819722506596,6.95018014234471,-79.29236129365079,286.4030908508578,-214.5711515266927,-66.94212347233461,-362.1200336915354,-29.137914629317606,-2.0019251397417612,0.0
-0.5837490039799638,4.814735658679431,0.745933699371863,0.7348864017831299,0.08213322331691028,0.08282765311600408,-0.6680835950546258,-0.37518746190825025,0.4602833200249902,0.24328119614965876,0.2981483421614653,-0.9348463074623412,-0.27672416389127624,-1.171076913986764,-0.19077170890218992,-0.28102772408547133,1.4924930713432054,-0.74486601180818,-0.28201464533723675,-0.7342283524039049,3.393535241892968,0.6470389331733101,-0.3750623624541897,0.24299825733496389,1.6281068165771457,-2.2675936347945873,2.145800501379105,5.795454547010088,-6.967486285982788,0.8650713951017613,-0.22325913426751903,1.3499862289699982,0.8582908085552867,-3.905090784272618,12.28646384599771,3.325683825754577,-0.13305693797438256,-0.9560055885832597,2.8645309528488636,11.630512366674814,28.45581084960226,29.375487516351193,139.9437484313606,-24.60457796734938,-218.99032032474298,-20.61364724475539,-127.62375345309971,13.549891201315877,50.33136380426429,237.04574267492066,-27.126154780379135,65.84070822431232,-331.85837228228115,-88.81817313228737,-0.5370624815470884,0.0
-0.599450423382245,4.883768240585731,0.7582986793106387,0.764340806746571,0.08341645710304729,0.08790794897845844,-0.6333222073579735,-0.4867319693832398,0.44326245111641704,0.21340786355182206,0.15282669865612733,-0.9213387623421632,-0.27954842794211715,-1.0901510351022141,-0.23092001966306752,-0.37727887626262147,1.7280560141276975,-0.7813240611081681,-0.28533533223997193,-0.8411295498199661,3.481810838598452,0.5645254098070729,-1.251082364215158,0.6562568152033056,6.373984829688373,-7.661593030823568,-1.6160102314696934,-2.8116037122651765,-7.75489173768513,0.4597293211993362,-0.013041792109851066,6.418815931509306,-3.2057464580280546,-5.21736287202848,10.376064565214474,-2.6190590292809053,-0.15541706038497535,-5.925713928131567,2.2298803976870722,-8.869517984949235,-59.48154749632417,12.877838393742417,184.96149453033513,-206.05746101280278,-9.594294008929534,260.88313268327346,-96.39611648239762,-29.173418310272233,14.361867078263064,270.61564908702275,-60.60661206162699,-20.872822099688726,-211.16052261597358,31.763560576320582,3.0918408518329588,0.0
-0.6142760982763216,4.954032164446152,0.7666021746289685,0.8089476417956919,0.08769443564490846,0.09061024126648676,-0.5741978604694885,-0.662321476601797,0.362494205987072,0.12736198605857382,0.03967630087821204,-0.9064406471750331,-0.28421927125617524,-0.9498765328154188,-0.28551404964129157,-0.37815159422685857,1.9076687054621408,-0.911497652464613,-0.2867229017148997,-0.657443528372973,3.5252650217753225,0.29583142627665965,-0.3665173155844827,0.4139595356519809,7.768044854378279,-8.936370930346818,-5.184088761321338,-2.841872471672626,-4.207946422314557,0.7511008401614885,-0.2872208837586393,7.538896580440802,-2.0689008243260765,3.920927789093696,7.191917498637218,-3.8358441659252973,-0.037598513774459066,9.694639285304865,0.49005965455000544,-13.159643173389089,38.54299156970684,-22.96028412880093,15.612867234444657,27.83895777818801,-86.36290263713066,252.03683529867268,138.57495307765757,-10.703832729351937,0.8916818358385838,68.16463509509889,85.2257767081854,405.31569028249396,-240.23926086317417,554.2556509396595,1.5159430054381982,0.0
-0.6258409269868408,5.0263472747041416,0.7731957245835913,0.8405030774480126,0.09802971789168481,0.08838840463702327,-0.525482864740819,-0.8651485314685782,0.2724412275632474,0.15438775745954056,0.2153714885933024,-0.7706909753996206,-0.28849077631664916,-0.8186982435788149,-0.23133354742888562,-0.20026836526599232,1.7530144633485036,-0.9335798528519542,-0.28727707579182526,-0.4658334031944538,3.6466220684713213,0.34908678039790475,0.897053980303529,0.37458482490014755,4.526596345505151,-8.743337812071994,-4.540696625466953,2.9504922801254048,12.322477743728234,7.826916914476735,-0.1582125131638331,6.442834759613226,4.875336518912953,11.631494609045307,-17.259437768073777,0.00430128417235337,-0.03006155214481574,15.634118288390336,2.370547133913659,-0.4448871062584727,87.2388246797901,-32.39112888870891,-118.49867596083664,274.156155112368,-58.03486013383366,48.11610614547541,-19.474529140374628,-51.31525049759861,5.163867580734972,38.77553406567585,74.92271846264217,203.73565631510024,-724.2172017836881,59.88687459077455,-0.4350057303657063,0.0
-0.6334623027938876,5.099143251945667,0.7796437968651175,0.8567287002240223,0.10906387080249737,0.08089285526366267,-0.49757145443174733,-1.0347103960351043,0.1623463687068229,0.09713014006581185,0.5820094416378618,-0.6890501646680205,-0.2819709890104747,-0.646040624163544,-0.13486077570328883,0.0016703141036708627,1.1915097089029412,-0.9276463575609017,-0.2879035249019679,-0.2804417705536526,3.655828434846347,0.241747715035239,1.2790809581743061,-0.15963731043897234,2.671113221069523,-6.665911280913079,-6.113242403339726,-3.0541945311066665,17.771170425289487,3.115085011190139,0.44548705565501745,9.728619746682101,2.905390033898273,8.701277313489104,-32.255764409894,0.3745607406059386,-0.022940772278863607,11.864486053385024,5.120151166453037,-14.167415339913898,65.20260360911873,-19.145429194084034,-59.687541114672214,260.890495251895,-56.195948926982126,166.6931679089892,-329.00775408360323,-65.69220931929792,-0.6260158730656404,21.520693955003267,-367.6575962972399,-228.4637559911874,-62.38165218614665,-0.19288589133714584,1.5287130831363525,0.0
-0.6380684750367546,5.173815698965738,0.7799514615006691,0.8616471897495458,0.12155995712408753,0.06980853849074004,-0.48776435414499686,-1.139939569319634,0.045486931837573324,0.025259140578312588,0.939270298440577,-0.7036078991596446,-0.27470854448051363,-0.5006194238629097,-0.14479049847832332,0.07241925542212746,0.6526012899402472,-0.9140800197242983,-0.2812809311131007,-0.23529847278026458,3.8607681695794214,-0.06362347139426025,1.5914100855763527,0.03584006234514364,-0.38558686796460917,-3.664286444101454,-4.422156111250861,-2.5949424386135123,15.078521245057459,-1.3630141943749936,0.2852926337865443,1.1388878988409488,-2.042989165449507,1.5780940337086755,-14.882478288352026,0.5861066666346566,0.6109531712389104,-6.288543505133582,21.65099254025849,14.093938134625448,-21.587130134209595,92.83686805507361,-266.95159750411074,181.56584861445137,280.73051415474094,122.23507770301264,-498.0379963139801,11.640509216615175,-8.363402786654106,-1210.8181445778937,70.05882271643445,433.28431075094664,2235.8263963880236,-32.25644604416253,11.799420232190236,0.0
-0.6433991352844348,5.253663261515491,0.7819076963857229,0.8484778547702142,0.13418480949909084,0.07282921933919835,-0.5067303737439369,-1.1685391426302691,-0.008013685459911947,-0.0216436921401916,1.1412938381238396,-0.7571016819955056,-0.2713765648297163,-0.613812795555067,-0.20216019684246467,0.08799268658046606,0.5753829166497559,-0.9038040134088873,-0.25509632015259653,-0.2755767249838329,4.04875563726829,0.17186694500623947,0.9767017656158494,1.0530006663183236,-3.4171650707678327,0.4211973022729579,-1.4530407864850452,-2.232460490587178,6.797984913401925,-2.8168271560578635,0.10458111479530535,-8.419218961044056,-3.805451983965043,-1.767826439790185,-0.27548396049948154,0.5274107104103711,0.7546896150921204,0.02381670947662262,2.2195019254053943,4.028892759014676,-27.375197069343052,14.484551177426601,-118.40614304485149,212.77765091938613,130.1918877824677,8.604391007365253,-306.5993604494728,22.840458865366198,-4.713888460990925,-133.5713653587788,-89.75600103747001,-355.9221198964317,80.37656050536026,-1.7485807805107572,-50.90404816600876,0.0
-0.6487134747711957,5.3336330782786705,0.7855486048569608,0.8248325526865742,0.13968036800183745,0.08027266394280866,-0.5419381461448762,-1.0981405067775114,-0.021954732410546997,-0.058087740508874296,1.200140633601546,-0.8030416150048361,-0.26850746646797374,-0.7774654919606628,-0.2769841829615666,-0.004434540281087683,0.5576247204520525,-0.8952926742206925,-0.2666096216748696,-0.25857092633396306,3.9380515272072993,0.1705635248476436,0.4022079488360886,0.11060506275107118,-5.172970307542302,6.015189107527621,0.13744312395145097,-1.4970715508382249,0.6055999706334332,-1.9552826921390896,0.14067345892508581,-7.582652242738308,-2.773504538767229,-6.117291800202649,-2.1493828666260195,0.29111681227978803,-0.4118473540928492,0.8914349227226562,-8.130067393018814,-3.1689827386673186,-29.18851578730209,-65.36482941209506,-124.25909912981426,276.9630722428343,105.6306784225871,40.04537079077696,-200.05003652410804,36.29957370452433,-2.0324299226313682,90.7463207253082,178.79090024880608,-115.44668476356902,-176.28978327859411,-16.797293396655878,60.62843066773128,0.0
-0.6573503666734438,5.4104577379885,0.7869841320750257,0.7956961706670761,0.12867608429210614,0.08609422831878295,-0.5855748057824847,-0.9156790105096366,0.037995015311645855,-0.030547584064861407,0.9800817528458042,-0.9610616708538728,-0.2234946468024156,-0.9582434609725791,-0.27013445800532704,-0.12374096940246762,0.7431353501380532,-0.8240031146229335,-0.268692915247061,-0.561961923224905,3.7264702522632445,-0.032289338688457736,-1.371326901341458,-1.1990023197002093,-5.521263020216878,10.725302110965472,4.887011295754611,2.832182457154312,-16.274999720337785,-2.823109791955549,2.2911899586842073,-7.824518560552044,3.173524721783882,-5.603788883985703,13.354648967040074,5.051382018855217,0.02439365296394976,-13.480434577886745,-13.405930221778553,-13.210882744438175,-114.11401490784155,-83.2013174715741,-30.313685302156628,107.98309639536325,176.2952013012335,103.93583927592343,-238.56218588450312,502.14240188027674,-36.16710319301405,268.6816120557985,328.0529374458647,25.545474970185936,52.69811398608509,-12.815233209795593,6.594228292093691,0.0
-0.6709881516076618,5.4829764338025875,0.7825667148030886,0.7716606888773324,0.099957485509922,0.08978219643197445,-0.6216811397619714,-0.6456959522928486,0.20170998532011528,0.24551333874633974,0.40947210185052935,-0.9646896035430631,-0.15947580327310779,-1.1083898288900738,-0.1802625512880015,-0.17933624819266392,1.172139784788108,-0.817146458022559,-0.2702821756961974,-0.739111188491255,3.562172723290461,-0.42202245540502653,-2.5593837791958687,-2.1008998988320933,-3.747826433251479,13.945030088354503,7.436433014103137,17.841222913270663,-30.319709059710135,0.8148072915192469,2.6790524115830627,-5.653552444609022,5.087170104703779,-2.740207248505193,22.508722583892634,-0.5181770769255636,-0.10994329725954066,-4.196898446563683,-2.1776407668538806,-24.21856432570744,-90.29753590263857,-38.395958193372586,108.86688704708068,-192.01963746853158,-389.01815580803043,-250.31231152655067,448.36977276262013,43.0884194290969,-66.98748245253269,268.6015257948052,19.66154766242431,-109.24567478879362,-188.19844895985696,-4.150688294947285,-0.2481460228106186,0.0
-0.6864853458064013,5.556399537075316,0.772002528593914,0.7697168366682235,0.06575869667354349,0.09421734836345731,-0.6279608876583146,-0.48669675957990893,0.25438330715772184,0.42648290110933584,-0.024110022503796163,-0.9466557102269699,-0.1424109723198371,-1.1782206859393851,-0.13854046013178317,-0.25357383643741405,1.5879638337747766,-0.7644840274769845,-0.27811045139232904,-0.8369077087460359,3.7862452973723943,-0.5574588227479299,-3.1320186092093785,-1.4261604284754577,1.185230857684073,2.6229109865653513,0.6633628878131848,2.735604739839437,-14.695430814074156,0.8065159571050637,-0.4749051224688815,-1.5542956028851707,0.15800638868486117,-4.093310650716934,17.870149884726047,3.0045325985567115,-0.44202689892588254,-6.228906186960665,11.030157607448876,-6.951695868622348,-47.87500397222486,40.12006233423913,186.30711172472516,-506.82869075206725,-47.65002706381831,-378.2408795814666,722.1961685376717,-7.821494011137447,-117.81846812246283,226.5945292861724,-138.93122855144807,-9.538821268104282,-365.8959463642894,-43.19261608950083,3.676091173644386,0.0
-0.7033539383604469,5.635437559379441,0.7608470785740424,0.7938673739497316,0.04022917575754825,0.10627620268445559,-0.5973789205680068,-0.5388585791015805,0.2620690499315788,0.5509065498460494,-0.1402398005222587,-0.9331386963862375,-0.2779192013409937,-1.1601592253343949,-0.17594408599110078,-0.3023547447804515,1.8099328409260826,-0.7678615603440286,-0.2902752553474158,-0.8304306409475024,4.063495889114743,-0.5659951041715122,-3.159135029762806,-0.22116547054910757,5.366318779015328,-6.126585101486453,-1.000217315459829,6.102973504078768,-0.709670669693648,0.5935079515308462,-5.792362587199097,2.7606137426170143,-3.3823032832745636,-0.8545608593076037,6.437435259217391,-1.022648504568762,-0.5909810912944191,2.155633918980995,9.371617422558371,-2.0777645606730926,-2.5751827446495783,46.29780985268969,183.82260922728668,-305.3047866010002,-210.71238232745645,-172.3943134169896,339.9980041907849,-11.610427888714002,746.7311138404498,205.41751699816027,-140.928050079593,182.23944946472233,-453.44478796020655,-23.894050016713273,9.422991619322962,0.0
-0.7192438206037215,5.716898472026471,0.749599126498266,0.830837436232027,0.01811055134564031,0.12139020687881734,-0.5428126565945802,-0.6931966554736151,0.20822516518235373,0.5113072189586978,-0.08866054374303574,-0.9215306029348387,-0.3128118288145663,-1.0458669732851196,-0.25647105000904885,-0.29599190411752024,1.7924258503957693,-0.831071534269364,-0.2977684548960241,-0.7306047038033884,4.053228560648787,-0.5907337821258618,-3.4112694958369327,-0.5103672633101715,6.702144354183683,-7.591060797970512,-3.8399722421981934,-3.4144111544505,3.094402196217787,0.5114904177518912,-0.10217638267512491,7.84513003365339,-4.269764472031793,1.3713933175733857,-5.378713482998075,-3.34709739746341,-0.24927609840995582,9.135070725794629,-3.65368237565645,-5.944258338438988,10.00905131360978,-31.652556145448646,33.788747527183425,92.93683353037788,-111.02159502411176,102.24136297369249,-57.52404476170106,-10.635237783219536,89.21983015119315,213.1464559264746,-3.789796520525247,114.12051620885921,-381.5590885693514,41.130702249703134,10.548915788712302,0.0
-0.7322183626374079,5.800757457829854,0.7371273945913632,0.8637055339443152,0.00363775812403688,0.13519061245858277,-0.4855131467353577,-0.9174601515512755,0.1663891476122343,0.5305098180565748,0.34970528443189225,-0.8495048577057889,-0.3042991372898014,-0.8831877600174655,-0.2908556332952415,-0.17291628657570138,1.3966093204251178,-0.9087842954069896,-0.3061820444181449,-0.4716806192162866,4.238551957484036,-0.7134529216024306,-1.7436560999605386,-0.021620578124887775,5.7389354424523065,-10.24520416630301,-2.655833126292714,2.8105350475444717,25.19444298017421,5.239887819528187,0.564853165331701,9.11352760408663,-0.48923308886514666,9.808438164362633,-28.286260562171293,-1.4483188933156472,-0.4326227839182768,25.257683573618305,3.1965773341059722,-15.96834623095192,138.92575129951405,-34.781000480071874,-56.30810321979126,309.16673501934116,-224.8796962408045,54.38240904002211,-356.661642990173,48.486249485747834,-0.8551637389277882,142.3206376053966,15.892630728262276,393.0377287962008,-554.8619974828508,257.1417424577403,5.472442902295469,0.0
-0.7394528216960277,5.885248098539123,0.7173791346164609,0.885199905308526,-0.005052707990852078,0.13787689103342637,-0.44428094794025513,-1.115013564198387,0.03939372154273241,0.3728197316036063,0.8475095997999765,-0.8248071101549943,-0.29713721656732794,-0.6893001587857369,-0.3214504121759827,-0.03456037660849637,0.8366726719344325,-0.9127796384501691,-0.3037533581342668,-0.28403174877902776,4.235272399433755,-1.210019159086918,-1.0265960245361991,-0.7546899457820573,3.4563817804948136,-7.6435819930864906,-7.933006029868851,-7.767558817960244,21.105639271968283,0.03589254073001577,0.22477949966979505,8.72202232793965,-3.380270312904428,3.8688080464942156,-23.97976994330735,0.25810179213770224,0.30938077269163966,5.249381808605572,3.965884677559882,-23.297067542929366,53.605813236440035,-17.514067796445488,-127.27422118933879,312.5962139937733,-46.323633675193555,312.54706401332163,-550.8541860471393,-74.57272899930696,-10.779103161991864,-255.17482361360737,-245.93423846221748,-423.56799801077796,733.6709267729896,18.734306490060767,6.557992060030877,0.0
-0.7439947853713862,5.971867704771915,0.6886299805738663,0.8900631066573456,-0.012474496593487695,0.13269719979879044,-0.4359168570585138,-1.2418228460387235,-0.08997629142117523,0.24838896556988274,1.3242020324914388,-0.9051438106766189,-0.2899996211934865,-0.6287206466375007,-0.4215175433665024,-0.0231566321063005,0.555138977807609,-0.9085938795452959,-0.3057035875942567,-0.19135327813459072,4.4606928865302615,-1.494847060085375,-0.1625525120839845,-0.6738272485902357,-1.5749635310456531,-4.166819632436686,-4.58097599110653,-4.238118841036357,21.868617965105166,-2.0869402757103845,0.35528168447445896,-2.8858237850024873,-5.581228757592274,-1.6274910981597581,-5.764204959598084,0.16313737501424588,-0.17621842507793942,2.68592020334249,9.539971016016677,-4.496448317569568,39.06001643779577,5.665735523519621,-225.09422444124453,306.38104509381174,209.93263912073598,187.4544845836889,-379.30109477490197,320.1060063819762,-5.296681642573449,-435.31422040541906,10.84133292950594,-130.06143969599609,520.7333325362777,12.44619733758662,-16.228029175102066,0.0
-0.7481308546332628,6.062610664789391,0.6577961485038488,0.8728749150760673,-0.018989657280448862,0.1281393778062346,-0.4704349853090748,-1.2622150169608861,-0.13596879350021962,0.1823707401977333,1.679770521252409,-0.9142647659664568,-0.2831301301263586,-0.7573278127450856,-0.4978594918476607,-0.046594478823095184,0.47405878807359847,-0.9014732510572266,-0.305677982419601,-0.22001276286385993,4.595317287590578,-1.582867038628381,0.30438280013660013,-0.20790916534580797,-5.666817698197561,1.6687880993489732,-0.5426989967653236,-2.8555935713194027,14.040564769289418,0.18182752596858062,0.2965492552438167,-9.114344253131431,-2.333022332640762,-1.2832805643568346,-3.909467376766755,0.3309352294823875,0.043021181452758385,-1.4372167182852225,5.489952039150624,-5.543155771157434,34.92905280952631,20.137904419570564,-181.96118254523992,302.28472936890563,184.2214247735435,27.700154234948105,-424.991907425888,31.745163183424502,-6.744965039419218,-290.2411901761631,176.44804474231753,-71.90997910699281,-13.07066400259022,-9.90869630952033,1.5274452073675477,0.0
-0.7552000665387549,6.153504143814057,0.628226097469256,0.8442668846358956,-0.03330559930716362,0.12394139142272662,-0.5203294110985722,-1.142367040127207,-0.13365117231718968,0.07830393486331678,1.661773134365048,-0.9247198813270734,-0.24580338297006632,-0.9787920698747589,-0.48114398173130074,-0.07461890339066336,0.6284971969231323,-0.8756560328458887,-0.3043075606046167,-0.4444483623757019,4.458914713361194,-1.3928584489899558,-1.2579981001874212,-1.121864091844655,-6.272431851561229,9.043257474873817,1.3282383673591331,-7.025143698412098,-9.971686711705651,-0.7477668381162742,2.052871488535629,-10.057515495250398,3.6651136150216512,-2.036044640639641,11.282902709953767,1.465710044017542,0.06097032958471443,-9.494650450838291,-12.079839933452018,8.021377994338764,-99.94602727622441,-71.37252172967375,-63.74782880340336,300.02485511644414,195.55714482554916,-168.8646643690119,-737.6369693007778,-4.151230542681828,-9.166294712380965,267.0210083284691,330.3529884715111,-104.33278301576046,40.69133334324708,-7.858222489569594,-1.6221145680720563,0.0
-0.768939980265163,6.240566420655175,0.5998653281163914,0.8159024790991386,-0.06523716221409258,0.1229507921517046,-0.5611865643218825,-1.059279638003671,-0.007667584523547925,0.04848947446983069,1.438989205355413,-0.9304959499252954,-0.19452307387296022,-1.197500042687232,-0.38524440061997867,-0.1151092967842754,1.1519867712359324,-0.8748032153483506,-0.30145405320377866,-0.8600851736182064,4.260328458790321,-1.3764679791186634,-3.1284714589996026,-1.490108575690461,-4.523964720153102,-4.126525111554708,9.777349148437667,2.6764755070986683,-0.5258685097287419,0.25881448629399206,3.89026870724756,-8.763099186611072,5.577435382612992,-3.636346811130662,29.862776987993033,-0.10967071364641559,0.1495467554721945,-15.819210376468805,-6.595216292468894,11.772366171034653,-96.68531175018,-10.102201098940844,82.21195744957535,-731.6805474641935,282.23999688270857,228.04068796466825,1024.9767833917765,36.47702777282366,-301.6371504336084,403.7310293769919,74.63838448298519,-280.07678555350685,-194.01176314362428,20.54327867065774,-1.9547324592549578,0.0
-0.7833257416615842,6.327189770292203,0.5770528836678386,0.7959570651151764,-0.10019480019623953,0.12055882800852075,-0.5847041315880045,-1.194028812072435,0.15159834032718755,0.1172362881096255,1.4799956192406474,-0.866020162410934,-0.15136092927333067,-1.268476673908505,-0.2673006924427391,-0.1774950004630235,1.5346215951170488,-0.8695418130747435,-0.29857984113150526,-0.573964193257893,4.405877275327889,-0.9523902139091442,-1.9579153120539587,-1.9850166947080246,-2.575051752187618,-6.893797749275668,5.590517196237384,3.2463632810152183,1.5424857767732043,3.28486644318501,0.7699709760741227,-0.0739294651229141,5.5898079699707175,-2.5956340835792338,12.331541632109785,-0.0496241147549074,0.1247378310718941,17.79110263683234,9.817655764091182,20.505679427923937,73.33984629252822,-23.052041231805298,116.49961738010238,100.66010878444976,-328.4442262656974,-49.62783466995771,-225.13602132517246,-74.26583957688797,-101.71797353112434,336.98293634582717,-78.87590324846245,81.68155401178754,-620.6650676974953,-40.48454927487163,-2.7703299929006784,1.0
-0.7940040182272903,6.4170850913114785,0.5604669885751122,0.7884669512247598,-0.12722221930872146,0.11748605299513777,-0.590196070041236,-1.3316100916075226,0.22370715323012896,0.16842031679495828,1.471258040234135,-0.8914377600816105,-0.14309548488617518,-1.2221828123914817,-0.17928743015879725,-0.23473076981313298,1.7398273302356095,-0.895597819464915,-0.29706657461234304,-0.4969556839054129,4.589315957846807,-0.7261469125227243,-1.983623058438289,-1.3675401461304668,-0.04628136303996838,-6.886496859341567,1.6407057250555952,2.0215882944403085,-3.2023903734312276,-0.829288842574453,0.441527133274431,4.232586676126469,3.359870740225364,-2.881006250140715,8.178209351906814,-0.4586595848638664,0.04837356960688133,4.4741537541725585,11.525947043669698,11.528257582769191,-0.19882167199542217,38.120540764786156,135.76460820982564,4.924059313205727,-229.11978532382665,-36.010184578909346,-358.64361452844105,125.01446407400576,39.33644792582813,214.82490949548725,-116.37859407289483,15.077552304949231,-249.3206012362067,52.839938321931925,-2.107881989096273,1.0
-0.8022614162344194,6.511579994725697,0.5466592216231071,0.7981426279554815,-0.14196985161927275,0.12158397569154455,-0.5727392456664361,-1.4453055951615743,0.2034100188277999,0.23842426188577548,1.2330376564829935,-0.8965938146549846,-0.1783593597928661,-1.1104763605525232,-0.15928328671163508,-0.25453714982060416,1.9246815426319595,-0.8986459440177398,-0.2967127726505948,-0.35958898835359,4.865595082326163,-0.6603649562830392,-1.1460682588538225,-0.32668729481740705,3.2491436327259486,-3.3247417860201565,-3.3945616573634942,4.934465232389154,-25.548817622434004,-0.2767766974525693,-4.271329729738341,6.696828851030045,-0.5933482239650103,0.4953512737522388,8.960758309098528,-0.014032708968253052,0.003736000790663144,4.825847850929697,13.417974077829536,0.3422961798738924,24.144562463402153,60.16141457587508,116.60443406766359,350.2409511193004,-236.40439882056435,151.23221234255243,-1655.2905928450061,-5.969739203625632,-67.63314481456283,130.18122206076873,-111.40950285438899,161.82611205204714,-98.60161066956374,8.7983342337275,-0.9152801122197847,1.0
-0.8064794097691205,6.608900004718089,0.532853965418771,0.8140324271077748,-0.1486158788038242,0.124206577069062,-0.5475739716213516,-1.431366876268981,0.12539689760915046,0.378812737076995,0.6014153713263761,-0.8922770239165119,-0.29036372495197715,-0.9376893061504814,-0.15376220321540013,-0.18378594394986425,1.9839815804693304,-0.9001091561290029,-0.295425863897734,-0.09776040890395168,4.773037509224767,-0.8050213178198192,-0.6447187337206938,-1.3513857512614045,2.0094793080520272,1.839062007251207,-3.725551292409472,7.243213832235715,-29.387284738291786,0.3548882577051475,-3.0402995361048943,10.163439836669335,1.310053318279928,5.54949428162522,-0.753027143011594,-0.09069541151385274,0.07403636194865161,11.35482819630228,-14.770252699278254,-18.72232438871371,3.714970151844302,-82.04130576562733,-120.82193086665343,-85.6627198451992,39.139636035898334,-166.005107797249,796.4635505261649,-1.7410340883217037,431.7458692766345,154.2039029363985,111.1083774303688,177.17475780764326,-323.08368642203436,-0.06340659386009162,-1.0187694825797338,1.0
-0.8052582155237492,6.702459872210956,0.5159971483816963,0.8222257274604552,-0.16483758889957673,0.11038125667222363,-0.5334692123856459,-1.4442832297315253,0.09868110375190456,0.5298458720585215,0.4119133703176783,-0.824828061731251,-0.308890901769122,-0.686808014815003,-0.12098153635242873,-0.057722920281067035,1.6977989206137978,-0.9033023574659744,-0.2985319302441289,0.19435617710541453,4.667253124862154,-0.9082327973888097,-0.23028550061029943,-2.8368055414696953,1.0030325576744368,-1.9310257266943305,-0.9782839982974166,5.785865134045662,1.2883626720845818,3.2361903612453733,-0.06446823938724891,13.712627365289052,0.5074368352313736,6.3661109172466235,-22.16726272892824,-0.17359129657981986,-0.21499639544173269,14.901373018996102,2.958263588344301,-11.527432934195474,74.67084102250102,-37.859847139752034,-4.933145168755319,-54.656559656965314,-42.753531635091015,-262.46804860393024,712.2990566018656,-52.67302604881269,47.172324836310345,65.09746932906603,-214.4542152444096,-24.10240735789705,-554.7087150167712,1.3365124357314557,0.3750103108737588,1.0
-0.797569423967223,6.797360164668374,0.49655077621572663,0.8271991465321513,-0.1771734762493866,0.0835895480776383,-0.5266535091902129,-1.5332563527544267,0.08909811980618106,0.5283257319109276,0.7196248172412658,-0.766765448301984,-0.3045951634901851,-0.5647283609218974,-0.17767931912095764,0.0659216443672665,1.4259736729311376,-0.9159789367034361,-0.2841231139233423,0.5786840372040805,4.831433598956271,-0.9696898692868672,1.0620032945068452,-3.1574773150216378,-0.11533550625059116,-3.8909396311615527,-0.982115778191753,-1.321304144279112,18.3636694401437,3.135444342676349,0.27785827435966975,-1.308746071612286,-5.810594641556208,6.100502394441321,-2.662927873297895,1.3230785776196798,0.21971429755665342,24.6103012400133,12.09846443108006,5.324288217987555,75.4103570563277,-6.703222864901177,-19.330085740934614,210.70759502546164,-112.76256958038886,55.020674520587406,-149.8947917895586,0.7131058221701139,-1.2991222218999412,-539.7273481506297,-354.0201072248646,-150.29906569107175,468.8928353145807,383.6491279958607,-88.43921038428361,1.0
-0.7822510267877243,6.893170918546202,0.4780811690270973,0.8244512374863254,-0.18978232483777102,0.045269556754620834,-0.5312376995448256,-1.6148345077186947,0.0690551002522606,0.42931741840428334,1.244832728198845,-0.7378959156500559,-0.2992134171420007,-0.6348675299016573,-0.3132901507328167,0.16339867230648186,1.399284877842546,-0.897155959430649,-0.2904646810170286,0.9256999185831584,4.826937633113532,-0.8581889641370948,1.1006424974850078,-3.9434550206406875,-1.984541053377657,-1.9988755304640329,-1.6745502803921468,-4.872816477770433,25.88674867064533,1.3370825074056727,0.22828160259937566,-4.399984870390856,-7.779155203563875,4.1120234242680995,-2.2251594263952694,0.7003491720517866,-0.5210069655425056,16.467737740414268,9.52820058934363,8.961624156113269,26.741039613277973,-1.1903283677044358,-55.26804781574668,338.00920839697574,-96.17533234022495,125.09944315352477,-376.3091450556217,-9.405154542649148,-5.626125936023187,-68.18536470227686,-94.84719112879372,-32.284107832489,-213.3910190411691,-22.328916032818658,-8.25152605323039,1.0
-0.760778638879429,6.99196083090498,0.4629998409163534,0.8118503360401123,-0.20121219261254136,0.0009023410602537655,-0.5480984137873625,-1.5824811431009966,0.020571923620295845,0.31718165343721805,1.6993086591847544,-0.8227443534793855,-0.2949270447201637,-0.7352650786288861,-0.4907399910642417,0.22940177059739578,1.2672176342562278,-0.8865770064077693,-0.3004202173572372,1.186778114401388,5.088387145591167,-0.6628156830807612,1.4643162044064817,-3.6369611344448556,-3.8662046643987917,5.023769864166695,-2.5617875131622188,-5.688658651249264,18.836791717859462,-4.967125173981757,0.18322467890325875,-5.533176038061344,-10.170864197762862,1.0722318755811813,-15.225258996435658,0.11040428066794711,-0.485042885098989,14.121444685946592,22.542176694668473,9.14588450730907,44.747652964770644,48.03754740008319,-143.56298675798524,397.429869677331,44.949168807562785,8.446721592220904,-499.20292185683394,52.027217780018134,-4.1093329045095635,-39.85682207427175,-303.7966659575655,-741.9399325537523,-1913.5141265619031,-85.3633627596148,0.0020683531092196006,1.0
-0.7378092944656446,7.096312428721425,0.4500680024656895,0.7793982425687538,-0.20495586458566042,-0.04620342743752852,-0.5902514009688657,-1.4034493067266423,0.013889366609832778,0.1852361400409551,1.9813647939640682,-0.8907149696440934,-0.28994746430738694,-0.8797128150787888,-0.6987419516700455,0.03744807700862664,0.7705284016952348,-0.8880832721739607,-0.3050076152974666,1.040068073293441,5.263942209733324,-0.6854238702133953,1.8017330509666358,-2.8845713322485595,-8.44960926152514,12.096162996421889,2.277951794128925,-7.227021096205111,10.354341971027443,-1.4280315957280605,0.24320707871950498,-9.289104278716621,-7.538679717782367,-16.90541064250071,-25.73845179936003,-0.08981145017724089,-0.07042490015488259,-16.88647217626558,0.6650367173502927,-7.68174575145154,35.38542853327943,27.850549813245255,-284.04498612262876,350.3379840051249,335.1968637194831,-41.816103538030596,-417.5782121915997,212.86239452130783,-3.5571904721398555,-295.0475373006709,641.0036987381613,-495.5674843552214,468.717979743552,2.987594089342363,13.076188614566254,1.0
-0.7205738595410963,7.200112723869783,0.43643216390411116,0.7122747983202479,-0.20567068157513724,-0.10338326342689204,-0.6630807516897741,-1.1090582317185558,0.07400607978110785,0.055787280778266876,2.0643950313411,-0.8965548584046302,-0.2490721395872256,-1.0691563390888634,-0.6178830141580215,-0.22805140397819312,0.4007547197224439,-0.89827200589127,-0.3024724907650057,0.7619064137927403,4.960907984977325,-0.7120218064950166,1.525196549330053,-4.375304782205431,-12.87489424235621,11.59142555469784,5.110173105215403,-0.7557490277203309,-0.9872987736548193,-0.23536647787922726,3.679487726064181,-8.949423047165173,12.52460771311491,-8.04736316290324,-12.38071598212001,-0.6496115428914958,0.1659390958833191,-8.629836020849673,-39.176169899690954,-5.777213294002944,-8.043183597967703,-169.65842778048344,-200.60190562412984,-848.8077923481725,307.62996622000355,938.1397835750647,-430.4266506040166,-19.519091740959126,94.95807457198674,153.60218984185755,743.1311842938394,551.6915881470454,648.7879306568512,-3.7151695148353308,-1.9943756106984074,1.0
-0.7067645368313391,7.293105351442802,0.4222567668536428,0.616515438667887,-0.2151535892545843,-0.18221234463711208,-0.7351301302333212,-0.9656311581412145,0.1911172716952638,0.13629760598732304,1.9943773935198883,-0.8899400676532417,-0.18553973984936248,-1.2081625292917373,-0.34196822132255067,-0.4490762501871922,0.32929720667669315,-0.9010680961949659,-0.275943280971274,0.64110898491826,4.453462651985733,-0.6734431372183586,2.4142476619826714,-6.68968795943152,-12.58802890767762,5.941233515656464,4.995275417110639,5.544433109813047,-4.829699171609215,0.9271816672628586,1.4968578219205968,-5.262107699057299,14.533568489678757,-10.175291644768055,1.000657366209324,0.05453073994589071,1.189140713853735,-4.954546559544104,-17.70057503352858,6.064293780282317,69.5262123183332,-90.26675700928696,95.26476661378874,3.3701398252547157,-194.06973929832606,41.48403035732524,-128.1717248864818,77.83157782007602,-198.28253967975135,183.4197188705489,36.205335484854444,264.75415358460964,296.243395462465,9.648663300046112,-36.69478281209694,1.0
-0.6966512102804875,7.379560588472923,0.4108379634740362,0.5330317118357166,-0.23433860481478128,-0.2669584654124394,-0.7679165255518233,-0.8536657645766931,0.23694787000724105,0.2224858404735174,1.8574812384746824,-0.8305592305413707,-0.0963897831673741,-1.371743099152897,-0.14322394149853057,-0.5471713676904782,0.8574041281875012,-0.8284823977743481,-0.1941196098025189,0.3838823222574988,4.226518534689076,-0.4207552594136935,3.005897991036367,-8.215583676147043,-7.002948352756085,5.650439683477063,-0.6586821540110713,2.113523675573288,-8.32803499917363,3.71940089129442,4.938527137722229,-8.085594315798247,6.321840291662057,-3.9907180591252516,38.80197109146822,5.479668785931175,3.9263694397397386,-15.186959488162852,-3.1268574158375673,22.00824610553368,9.288010119495786,-82.32969259216885,279.7638982271046,9.381622738936404,-323.498041583971,-327.35263352199706,-178.22626388546263,32.005871625710505,5.396746712819003,325.70703533964326,-225.95798135174365,-152.96981756433078,167.72904723629608,159.4903617323711,-84.98420367622789,1.0
-0.6929097609534375,7.467097348699059,0.4060921954226223,0.48213847267918836,-0.27546413622345933,-0.3407053207018183,-0.7586711324827876,-0.7201875949219856,0.19905162104737087,0.18894381207801295,1.468101861399343,-0.8959130707568413,-0.047241656759753954,-1.4519129446060994,-0.04288355328980535,-0.6519233192861269,1.5963780174378264,-0.8597866437153572,-0.2600567692931816,0.08707423976974563,4.633876911027245,-0.13821635452315076,2.189928716389557,-8.55714075774303,-2.1176974903975188,8.414738725132977,-2.6676761115126397,-4.257475136385307,-33.167315462458134,-4.29068883818457,1.0205423960582467,0.06807649932314064,4.471536024263006,-7.449436010713638,31.575962630925627,-3.2057995968522994,-4.048629331475226,-8.168289195277735,32.4435968035232,4.543288926103318,-59.80464994540239,34.29305874203222,159.9453310337618,272.7596927104156,-5.906445331468764,-205.41512021523056,-1471.8660668969742,571.8683269755754,-28.790155980898874,462.024203394674,-12.815091320664095,-259.4672453529035,-714.4821371006373,-40.38161039803251,62.45128475150448,1.0
-0.6899640274098154,7.565891415385489,0.3999591337935395,0.4635776197112075,-0.32551898383920386,-0.3881887510400839,-0.7269406270316195,-0.5384812377878249,0.1767448308029374,0.1549676976280665,0.682716248980849,-0.917471538502413,-0.06929913294539387,-1.394552560754381,0.015189081733497593,-0.7054482031526674,1.9311102324282057,-0.911664808799075,-0.29348947727783065,0.2202353599122791,5.105179833988102,-0.5081494338641691,1.4017784709013645,-6.805463352882424,2.5246107835150022,7.861330693375802,-1.689986928885808,-2.2377558028714364,-39.53737075368245,0.23868799869217228,-1.4112391547247551,4.727311696417558,1.2781371623813824,1.4458740256339824,5.290046525223639,-0.3449867759484382,-1.1603736720347038,5.484527115827189,-0.9381508022893235,-21.70665902406306,-61.118168028232816,38.467771378260224,194.79863593062385,-235.94482087280073,-178.96009124003066,-426.55657243902215,483.7362382219517,67.78808428896032,10.991811982029157,185.35786067234991,-318.47251357121286,136.34780264652895,-563.403747470075,449.9198649808666,-42.68046892147209,1.0
-0.6832035967454834,7.666183680916834,0.3859131642871848,0.4738064059803654,-0.3847348714295519,-0.41115431484848786,-0.677081012685725,-0.4409648138313038,0.13072627470050585,0.12162701960787843,0.047565184064011654,-0.9059375417076749,-0.19428596775981494,-1.270536984761507,-0.06488699562307249,-0.6733514084621721,1.9961956989921394,-0.7823948366642405,-0.3113427379876072,0.4493125487462238,4.904636473832051,-0.8564404153058051,1.153983209734776,-6.492036651427955,6.562078753683597,1.378412395941206,-3.0264162629056317,-1.839790401409501,-22.101139311092012,0.5479302967558086,-6.322082365340276,6.840537219908049,-9.702133096738903,0.8264275518143314,4.1058221866771065,9.43873838384788,-0.3289660764052146,12.727268178462968,-10.756490464094092,-15.470972088182172,-7.4757943001598814,8.08170193316788,203.72424574799706,-398.4694798579017,-219.82929676863887,-426.9045078887951,1088.3422285329975,-17.89292068145333,141.73675512535593,85.38753682214546,-679.5385288756688,-298.2882758621813,129.34974975905948,60.09933704076092,50.889814832537695,1.0
-0.6735644683195479,7.761830388964154,0.36764765239602737,0.49897118098315435,-0.45952898132659603,-0.4145458507052931,-0.6066404318311156,-0.48595562647993756,0.1093213397149072,0.28370928885448005,-0.1861930192423438,-0.8999214377767129,-0.28794083692505024,-1.1078987303141987,-0.30981375065258454,-0.5663475655730702,2.231049793301681,-0.8318376438919955,-0.3040690476280655,0.4365496438188704,4.739564275347551,-0.96234151205575,-0.39681782857222503,-7.132506527557294,8.865090831255912,-5.781175512427055,-0.2921445686633072,9.214227020167291,-2.705111419121881,0.14739777842309118,-1.9411904923286225,10.468209855109142,-12.363909015131439,8.708128294187459,14.62905120889096,-5.055826670396288,0.5444910963995157,-10.297292742168777,-2.0488781898197344,-2.081233982908293,-142.57933444279038,-31.622709756602355,48.05786005429841,-279.9733383319652,92.63966337228497,-243.45741662003948,640.3905316180258,-9.849627065062508,294.5785740379629,364.7513777354673,145.54012995156114,373.0021765414499,53.0167135876314,56.88922704126506,0.9962403786300659,1.0
-0.6684370619317711,7.8583319608488384,0.3486362708798605,0.5048017807717512,-0.5481267750343546,-0.39482035012856137,-0.5374468268996176,-0.6386179010858442,0.14146859784472932,0.4881705339584385,-0.1753717780353177,-0.8987290984488399,-0.2949206036700013,-0.7879350842996866,-0.4480350327230247,-0.36792303483354455,2.354213005206785,-0.9031600691307323,-0.29329115763351904,0.12534134501984548,4.852645916007106,-0.8917468811782828,-4.122041391041374,-7.4386077398406245,8.224783190561649,-8.907855554356775,2.189515799716407,7.660174067985423,1.6818984701120876,0.03182580374876762,0.2712512849285346,20.625026941074065,-2.1086375415944105,9.513031584266555,-0.13409186530301276,-1.2131240913664456,0.46728250543828204,-11.767090517377753,-1.5421051678525588,9.682867574456063,-161.4755455629421,-11.137893885437201,-18.34378103044521,-140.77499254299542,-13.631347314047183,-418.7784208912804,41.33244113838964,-0.9973841686980066,30.283049203378845,467.0341010766238,563.6821695455205,-150.4641472719246,-625.7614674514919,218.6167229471218,-10.646916754059458,1.0
-0.667251289906348,7.95406268537131,0.3333810208968583,0.4842761605435202,-0.6424298184488512,-0.3569573973607499,-0.47470195403689147,-0.8368867667335412,0.1786892498826081,0.6933264042073203,-0.14362844273906203,-0.904953328762797,-0.2916872562715012,-0.31307070770769774,-0.36973357035278315,-0.23544471998024274,2.2113040354250115,-0.9037259311042429,-0.2876725853178809,0.04027294505279594,4.663063197819724,-0.668076464375586,-6.196702798164897,-7.174037148796284,7.380641788505206,-11.132374119070608,0.5921831305706209,8.30452798214062,1.3570827738788611,-0.3905616413094599,0.11560128136737614,24.17784188522333,8.481658903884322,4.923826732675325,-10.713444015433982,0.39833293888130544,0.1776299179795595,0.5978292169037724,-19.249609767644706,7.951284955307349,-49.29340687946878,44.04027295513706,-103.28089889989005,-163.94540567020434,-178.4333039573116,-385.4618883256181,-31.44782101770568,1.761403009343689,-3.30768336399248,-150.47625104554749,445.2552457109773,-70.95263339731251,-193.2079927250933,17.279086920751464,-8.534368336158996,1.0
-0.6659361025114655,8.043753402934167,0.31981603600793007,0.44213583440774185,-0.7168704429073538,-0.3216545696994608,-0.4326095350426749,-1.1015764841690723,0.1710517965910431,0.8185486490602415,-0.12234569477062,-0.9099654571011558,-0.2918504028440569,0.07304037700010434,-0.12267682179566144,-0.09679082736721509,1.940733769425231,-0.8993453162729853,-0.28566829103485186,0.10794433349554314,4.333546064442689,-0.7067112331184635,-6.541714349262858,-5.040425825926516,2.572265676500223,-14.770164715605773,-0.8511754329365239,4.175191446742157,0.8094769749699011,-0.1626412427148527,-0.05046873459085788,15.313211723910742,12.99847997750657,8.726709140365555,-12.926825885289013,0.1154393685390464,0.05242210661108803,6.832077880628638,-15.417266767516228,-4.345476676683555,18.672041808246092,95.4871142833362,-306.55990139480605,-138.46264281829815,-7.24221471332967,-210.70395669983637,-28.11146662396412,7.751858673992223,-1.7682908915579096,-402.37521857831143,-149.00188463661084,178.73641544583558,273.26986616360705,-8.660794609512585,-4.16747698162073,1.0
-0.6582122736545962,8.130213964562774,0.30506305301788195,0.38396621756124133,-0.7589384769705252,-0.3209924670191283,-0.41658872771877453,-1.404575100917691,0.17325862833675934,0.8669843996366196,0.013909597441425989,-0.9018669346157239,-0.29606845140856713,0.3409972001057587,0.006326774149668464,0.07577101005078014,1.581144556536171,-0.9053052546319654,-0.28595413784249524,0.6280458980417577,4.317700819012025,-0.810458309226771,-4.61039227334829,-4.54580378180954,-3.195282809217497,-14.392950064409037,0.7125724029752541,1.7635385676220545,7.301833034657897,0.5816824997449814,-0.2448008720709253,11.51836434858255,-0.46764371037899344,7.3566159912741576,-19.341252623321378,-0.4255592271744578,-0.03186598127853528,25.72957555568949,-0.42453688237668,-12.658850455540072,118.80863606058126,28.57417647938548,-331.507912893096,126.07940401472865,75.22456791477555,-52.25084099487007,-193.87930808180738,3.0408991888061863,1.2266361260207086,-280.27170701545685,-857.091937862784,-259.3011314878845,68.69014778737044,-2.286736390849919,0.31868115215997994,1.0
-0.6419759847180093,8.220619841062785,0.29170928542113256,0.3198291371343151,-0.7903308066131379,-0.3422058759161798,-0.3949451577707805,-1.6776544483029625,0.1662504518533144,0.8328279764648782,0.3590757195615197,-0.7996413067186083,-0.2919154651713893,0.6215201354245661,-0.0877731487383494,0.05891756093400492,0.9925194178675859,-0.910636382734437,-0.2805352777480604,0.9324433701743539,4.652130578723386,-0.6981035158351568,-4.217180669469705,-6.3496914654034144,-2.9609234403777123,-11.492463347810132,-1.5819706008655932,-1.0866676069177574,17.03592100566863,6.206569588286653,0.33504655038788467,13.937443659535269,-8.026496418393123,-7.163600073324991,-31.36789663672519,-0.15694635824707034,0.3741012672101979,6.511150505670491,13.311974241250219,-15.894525033126438,23.042401515804347,-8.158931883768968,-130.19407780265357,288.4338659666012,-118.41137104742097,166.21577303143937,-452.10307022354476,-38.08508406470226,1.4689105620985705,-219.88283687416234,-268.21235434695046,-636.5254675363976,364.6396503950091,9.39695475951581,3.5192332370732213,1.0
-0.6353900598734982,8.290522051218657,0.3141077145729719,0.27107933237261367,-0.8031061098484873,-0.35272053423151767,-0.3963897029639907,-1.9067838688931327,0.1286498489457386,1.033822433401675,0.6768110199119732,-0.6435013008618732,-0.28521660152652856,0.9071017153234703,-0.1871167458174046,-0.07453131775491748,0.33924877774749396,-0.9268295300499082,-0.277940815812052,-0.007494165551954583,2.9848738248789624,1.9795210251967814,-3.9669098347765512,-2.5032623227882893,-1.9395846280579339,-0.9126691053396965,-1.4389746893299225,24.36239298336744,12.34032400709533,5.929449837783042,0.2572265018857518,15.014742555463899,-1.1816010605906488,-1.795205383393746,-28.902632191372494,-0.9300077853951946,0.026436484348330062,-30.656684067254297,-24.059885206599674,38.531143667719924,-29.20501925834312,-27.43474353095794,-1.5817980700160952,828.9559037773518,-105.91089698798339,281.9527856856961,154.76636236490748,-105.85291962891866,-5.191775289797381,-270.05997615293194,383.54382880525725,918.2324467145925,1032.1341918873095,2.5867242397477805,-8.036366234317933,1.0
-0.638859110109757,8.3519240612478,0.35259637426360385,0.21459084422920718,-0.8162837773882629,-0.35989333383346456,-0.3976284102123234,-1.8608026161013818,0.05441237363070113,1.3557070736576848,0.9514736408407403,-0.5639494164176778,-0.28012332494665293,1.103032665043912,-0.19927871604763148,-0.09051700092415214,0.030886834622883302,-0.9400596858177802,-0.2734245320739291,-0.20292063449242212,3.284789891528657,1.693724268806077,-5.628758867374983,-2.8019528646319896,-2.3639672848906446,2.6334378850674596,-6.394544506849862,5.9604330328259545,13.54203893573737,3.2678338087647045,0.2178410827934157,5.621506774595749,0.29823389192766003,-0.8627900649693573,-6.393165282752184,-0.4978380204669781,0.261301749530333,0.005850809139157329,25.552167571574493,-27.107301097855295,-128.52249740093652,-7.823549624515651,40.57851801117847,-119.17662382520601,-341.8067022150568,-1220.6081946206857,-187.70919100236318,-63.13008988675075,-6.149422431527945,-403.06583412948817,145.77313445998055,-73.7775024685276,733.7788031017096,15.525180366450538,-2.369690344415583,1.0
-0.643572190577354,8.42154252237908,0.3784642226398496,0.11994968929981747,-0.8086806903799022,-0.40032300622530603,-0.4139916710880739,-1.834992142702836,0.023662593249086553,1.2301038897549124,1.1480811242224342,-0.5447055209520822,-0.2795910979832607,1.0951452774717423,-0.2679630478955856,0.01266293693066116,0.02714339100751647,-0.9506328683359898,-0.2796502841540855,-0.2170872178858593,3.661636174206032,1.0335531610653415,-7.321832880741285,-2.8335552492123988,-9.193731024826253,1.538264649497306,0.2016062519115121,-11.722243500315052,13.15048566224854,-1.319679896804242,-0.020181124951864072,-3.396527289714502,-4.254050160543731,4.875206296128286,1.7613704119746392,-0.4324989782083029,-0.4708526291418002,5.215292141087451,19.265302012816267,-27.936705026279423,-68.61861006666734,-36.531134954353305,-30.956444429578482,174.55586608763292,55.89306624963607,-217.00502094195838,498.1118487802652,-72.64688544790614,-0.06952527842890521,-253.3288338472286,23.48012297632877,-240.7040320844264,68.89230129759376,13.796350722377692,-1.5787429322827289,1.0
-0.6451667689660365,8.49769899576625,0.39330152003022034,-0.007299188368669326,-0.7738875608908447,-0.4686055131593599,-0.425973752694026,-1.7647731150333588,0.10398149229753015,0.9389700065881874,1.5971210438975356,-0.7345129531992323,-0.2768943634438897,0.9321921971661015,-0.4114307309112861,0.0974026061641187,0.12990849446567837,-0.9488035190605086,-0.2891204427812757,0.05841217476623841,3.8239192968567415,0.46987556092142585,-7.368034521093348,-3.7160414622305873,-14.591203816720663,6.64810526185114,6.038582276141413,-14.711326970399028,23.86403008632964,-9.147875320837992,0.1776670671786474,-12.187328552746127,-9.251070237755199,2.824430739638851,5.582314597020234,0.28859609700023015,-0.4170574714409031,17.905997869209767,-6.422531545375785,-30.91432868416105,52.16625081200549,-14.015896028880963,-197.01742536789817,441.63762983999953,148.02428863359913,66.49735985910199,-249.69436417740206,224.78003909177826,0.14514367828745245,-479.49585841787837,-160.92730937408894,-155.38149992218047,-79.69815056294473,8.848006542239176,8.713082749335955,1.0
