floating_base_joint_x,floating_base_joint_y,floating_base_joint_z,floating_base_joint_qw,floating_base_joint_qx,floating_base_joint_qy,floating_base_joint_qz,left_hip_pitch_joint_q,left_hip_roll_joint_q,left_hip_yaw_joint_q,left_knee_joint_q,left_ankle_pitch_joint_q,left_ankle_roll_joint_q,right_hip_pitch_joint_q,right_hip_roll_joint_q,right_hip_yaw_joint_q,right_knee_joint_q,right_ankle_pitch_joint_q,right_ankle_roll_joint_q,floating_base_joint_vx,floating_base_joint_vy,floating_base_joint_vz,floating_base_joint_wx,floating_base_joint_wy,floating_base_joint_wz,left_hip_pitch_joint_dq,left_hip_roll_joint_dq,left_hip_yaw_joint_dq,left_knee_joint_dq,left_ankle_pitch_joint_dq,left_ankle_roll_joint_dq,right_hip_pitch_joint_dq,right_hip_roll_joint_dq,right_hip_yaw_joint_dq,right_knee_joint_dq,right_ankle_pitch_joint_dq,right_ankle_roll_joint_dq,floating_base_joint_acc_x,floating_base_joint_acc_y,floating_base_joint_acc_z,floating_base_joint_alpha_x,floating_base_joint_alpha_y,floating_base_joint_alpha_z,left_hip_pitch_joint_ddq,left_hip_roll_joint_ddq,left_hip_yaw_joint_ddq,left_knee_joint_ddq,left_ankle_pitch_joint_ddq,left_ankle_roll_joint_ddq,right_hip_pitch_joint_ddq,right_hip_roll_joint_ddq,right_hip_yaw_joint_ddq,right_knee_joint_ddq,right_ankle_pitch_joint_ddq,right_ankle_roll_joint_ddq,fallover
-0.0033214939139167305,0.00030809775310807716,0.7905910027257851,0.9999796306416652,0.00017976450261993952,0.0063780363377536915,-0.00016321444972380774,-0.060364943101931225,-0.0018100227915677047,-0.0028246013066484765,0.12665232520908803,-0.07569058177894711,8.60942682703293e-05,-0.06057691674912269,-0.00042692006776488454,0.003088412175253693,0.12676286457916736,-0.0757323620885619,-8.806398274726909e-06,-0.21249021118622471,0.027561364186085513,-0.21022164562227239,0.029546522320051023,0.7656949042295162,-0.030506645485304833,-3.548034422316408,-0.09374836598635967,0.033625634647771054,6.8084913143800145,-4.771207971332404,0.020061920584760494,-3.5664650146050354,-0.09579163537088352,-0.011357470885577398,6.813261589404326,-4.777402687588374,-0.003268158607761182,-0.9932449443476916,1.3206663701497523,-8.642537028128048,1.0577635898193904,-4.735682333758065,-1.7195664416385728,34.93113348337765,0.9884543338839499,18.825016293493626,-196.66305778661547,-51.42285431677123,3.337517803919985,34.05646611206132,-8.777413740181453,-18.66667434209035,-197.14354082484422,-52.10660838261728,-0.5631500719169836,0.0
-0.009066393567165354,0.0008222986401784875,0.7881579473752939,0.9998041692998458,0.0018479312163844634,0.01654252311258251,-0.010702949590390094,-0.09528343317867675,-0.0011480540664995731,0.010280476535086127,0.15188370018832298,-0.09501883722376198,0.001592528519239102,-0.21449288841189787,0.008883999393249794,0.05791703357506631,0.4615034252538869,-0.2223281471795251,-0.019848965119840342,-0.27435915393868165,0.021323594199348914,-0.045876268457947345,0.34399361129139583,0.8972134249926618,-1.1350149078352902,-0.6290435126522088,-0.09205491674329067,1.0121951354542766,-1.207976700086297,0.9155991948115121,-0.010534705591655221,-7.9051068592196865,0.16369829986448042,2.2673839946970844,17.879290420096943,-5.100673220583225,-1.2930061300380555,5.259480707856801,-1.9151284225061185,7.322998549321409,4.749709979776359,-30.498809531089375,29.383334341960044,109.3081120982411,-9.747862288046868,-16.773414697997374,-173.3019544608126,111.44024653164598,-4.287386540835016,149.16324334719863,-57.1961083029598,-150.9411145888599,-303.24438723256185,230.56536422280783,11.299790438023862,0.0
-0.013756021160423479,0.0012148126661412826,0.7880219167435096,0.9995486281815511,0.005402956723705417,0.022389815044046794,-0.019288445798326805,-0.09811384521787034,-0.004599517496736503,0.028215249266929684,0.12032762653857594,-0.06956711075027956,0.001654849691516448,-0.33062742279524,-0.00776441611364174,0.0717025267878039,0.71127294832731,-0.3278914185271642,-0.008920738382590745,-0.2078958997504747,0.006442387460765624,0.02005591131395587,0.2603378249222808,0.3459268409084861,-0.6162284987058759,0.15031140369852572,-0.10031398981012965,0.6802386880193384,-1.6489491663063882,1.342635863522591,-0.012314613717819663,-4.185549248588664,-1.3231666948702407,0.018199466404552098,8.283225097884936,-4.82180802417679,0.7696817345112842,2.2116861145610733,-2.208164724921805,2.4959821296946987,-18.58992286759283,-24.83257395327603,25.521223248411648,22.137209307176324,16.960837497213817,-29.37898587526607,9.847648161215147,-6.161327808433311,-3.961897003691405,162.50522016668876,-31.725227379691024,-39.32373148753739,-420.4279677479423,67.23007814938275,-9.866830267817644,0.0
-0.017452202880344755,0.0006199972548541509,0.7886922635322928,0.9994523989992021,0.004685018770540779,0.022944110231504444,-0.02337777875558273,-0.10041576010280648,0.0011980428818204579,0.03622859685393618,0.11352634469576676,-0.059350368114540815,-0.0028298365948954854,-0.3741118873577288,-0.035272692843614846,0.05499859856019929,0.765956056009512,-0.3999141529205946,-0.010345436942501762,-0.17372495698003873,-0.05601762422535987,0.04141126148961496,-0.2710585248729664,-0.16012302372459644,-0.3649351771301298,-0.20363971224904603,0.5669056325942834,0.28834464323166104,0.39741845151098426,0.0353907676269279,-0.30937514832319346,-1.038502262651337,-1.1947510767469955,-1.0103232776258138,-0.20005315753114322,-3.086254280984259,-0.1819927111414631,0.732278553198364,-2.612396889508955,0.6337176760743076,-18.146491276383024,-21.665951488023083,-2.9978673301168244,-0.05685821434288574,26.668209875702676,-3.9914101606692354,57.63178124734134,-38.61949776232354,-4.900891329262197,90.58465378954395,32.78869202287995,11.731603156046454,-213.6489397022156,44.26032443082381,3.3389049819957446,0.0
-0.021446574149810004,-0.0008360166370445488,0.789366614831284,0.9993695629112018,0.0009414435284131435,0.022025804287059428,-0.027829020037811233,-0.11161508685206754,0.01583410912189591,0.042701029923055245,0.1330104252264732,-0.06586016448460912,-0.008618252545495015,-0.39202841430364305,-0.05086911634191664,0.041526187384872244,0.7405536318552642,-0.42601058655091606,-0.010872521452140274,-0.21726863710174046,-0.08378888060778625,0.028218801916377458,-0.3981570018918159,-0.07891467241163844,-0.5504138469810106,-0.6884741612114835,0.8247226221464062,0.3863189843640867,1.1758912630642289,-0.44537323594893724,-0.2705467758330253,-0.8705025060387404,-0.4611254147959058,-0.3490670869714816,-1.6188419306059043,-0.7885700023011689,0.005250697809267044,-1.6560578734693998,-1.0239619480134794,-0.5294521517316905,-1.4390424249661056,0.6602510456177813,-11.818161683643904,-2.885894526332477,7.291028369743899,8.734708933321672,4.277613809730359,-2.105710834514495,1.9906154546266552,-2.6006215278928644,31.77160630496038,35.61355391624931,-4.969614137119647,21.742641177711192,0.6224078779937354,0.0
-0.026090545697553143,-0.002730840191905251,0.7897955123337435,0.9991978333270312,-0.003287905953198543,0.021896546871913638,-0.03336796044255123,-0.12695033328553953,0.0328339276246075,0.04929967765706631,0.1566819814936623,-0.07566505388777095,-0.012991540615513395,-0.4080596157132902,-0.053733304745616425,0.04084475323789789,0.6999639753949696,-0.4319438081844621,0.005650808723925858,-0.24274381888395152,-0.10117279864018792,0.016238849649333757,-0.39031038159890413,0.003800671312210253,-0.5751081203336273,-0.7600911926481779,0.8374109708142055,0.31391245003821067,1.0771558703993591,-0.4222816563028504,-0.20063134858234719,-0.8251642999905094,0.028198761001013328,0.12260601561527482,-1.9599471608460381,-0.17674090096476347,0.8448745703475733,-1.0118446887817825,-0.5572837943729707,-0.5234932611941374,4.072869085355437,1.7986912528631032,-0.9243815152276053,5.547267499818176,-3.7370069568821416,-0.537287427441085,-18.59454014709577,13.347758079076465,0.6694831525367695,-6.634983092256202,12.676582248906826,10.013365234036593,32.42013517738827,1.5426473145197843,-15.477788061399329,0.0
-0.031133782153376078,-0.004865475711818062,0.7902263640924225,0.9989458563780226,-0.006661005145338969,0.022310806666615047,-0.039560522513207,-0.14066445518934553,0.04764447599761348,0.054163054259407595,0.17480680472827775,-0.08879876326955842,-0.01688493046298901,-0.42809124740822047,-0.051359032912507735,0.0419682184260664,0.6724944722503413,-0.4234254841960703,0.028084768572419306,-0.25649227244562395,-0.11148422355094736,0.02600182393672559,-0.27097859401538044,0.03461561752869155,-0.6609216080587029,-0.5661143892361602,0.658502251644296,0.18952346705704354,0.6805215862524268,-0.6774878665667534,-0.18635909566253636,-1.0876444766128515,0.1917072125499405,0.004067774013678013,-0.911351508537118,0.4991772740043122,1.0103980198067992,-0.24504719527444374,-0.5475734738342721,0.5553947945384758,5.9754368343970725,-1.4319491418996682,-2.7213849902883656,16.21941019682114,-9.297151063371409,-5.999057093327641,-27.86695334115402,3.9267515810813407,1.0505239037081051,-4.118797027185998,7.584217635280135,-5.978559694770332,45.8237073764416,-6.361840342892842,-20.461448915019712,0.0
-0.03638894327366422,-0.007247850491280126,0.790923560086584,0.9986301682970989,-0.008978326766121444,0.02264482890511196,-0.046307540846460035,-0.15147042707167324,0.05945939075456529,0.05692702634048781,0.18870146762328746,-0.10903727205993452,-0.02076732535049719,-0.45053429618584157,-0.04676591423820558,0.03701449099833099,0.6609663008189436,-0.40497151405182963,0.04540965229996947,-0.26418906809983167,-0.12574641741501622,0.04139832630292747,-0.17634803359826864,0.0037232243663765582,-0.6978926960549796,-0.43294058759443554,0.5362424409025486,0.10630701063455911,0.5660504038884634,-1.0875858348892364,-0.1936857800019834,-1.0874929872880574,0.2979686987359871,-0.36137522695855767,-0.3466890946844084,0.8954059216230467,0.7228310640443852,0.06207709897533112,-0.7573308507399119,0.6995100216723006,4.526990343482065,-4.232001101474299,-1.7052553186399617,16.35151020642787,-6.163311248435069,-3.3596692463754834,-20.649624928761156,0.0538262167290966,0.38610278291104394,8.568288403233554,9.77961489924488,-6.228876601404989,20.389359008519076,-15.554389491529413,-15.407697246720653,0.0
-0.04178721301347332,-0.009975133782607547,0.7918508059576894,0.9982608155424887,-0.010601147406146516,0.022559877805967972,-0.05342295143006351,-0.1590772997946102,0.0701402544709314,0.05988627653336601,0.19891573194201642,-0.13265493243428425,-0.02444295901335268,-0.4717163572879102,-0.038134240407952394,0.027181887333823353,0.6590743810223523,-0.38386196124849997,0.056109644557224524,-0.2717939946048923,-0.14470356274787116,0.050302868803426604,-0.11909609471622247,-0.035090006576804306,-0.7254123215065537,-0.2825658931561842,0.5106647448426599,0.14226293780712013,0.38640493624521366,-1.173376457507384,-0.18339564290737173,-0.9699917334224677,0.5542030714437086,-0.5286685868774322,0.01765746058619514,0.9574521834966168,0.4322055191517578,-0.045595514686587575,-0.8848288528003516,0.4183769972567514,3.223061996917645,-3.988944185269996,-0.38607766457527753,13.67506968218518,-4.194050899957698,-3.1904348824451003,-17.25393131061982,3.9214625581735807,-0.16248074777362023,14.231403487510116,13.827835990546173,0.23715897554865273,6.170977360291375,-18.313265454417145,-9.21155619094495,0.0
-0.04735260646000378,-0.0130496996705521,0.7928797934888057,0.997839117864414,-0.011614334967936095,0.022092347686461726,-0.060779357157852376,-0.1637036771894018,0.08024348654383202,0.06411996527313209,0.20515358872158526,-0.1565697822266414,-0.027117196591100387,-0.4897327414157239,-0.02392006387571429,0.016325872300922997,0.6624872885165204,-0.3641631143417796,0.062282955745570676,-0.2816472495078092,-0.16023066419442564,0.052154720014435614,-0.04815668714696293,-0.06136717037216247,-0.7395248893808278,-0.15722527420009128,0.4680441821444248,0.2049237891556239,0.206088247498598,-1.172836910565086,-0.1257535742590153,-0.789959027737003,0.8220335394798103,-0.5352477274256888,0.20470509795587444,0.8673782175424518,0.2486901995048134,-0.27204630503384064,-0.6420683316477402,0.040920585457526346,4.244142612732875,-2.694538694711074,0.9796304047369269,9.709399355667923,-6.326052504021137,-4.416096567080193,-13.54373182166552,3.84846294991005,-0.45061123376601464,15.694423360844992,10.562320025779954,1.9037344159145275,-2.0107638922915183,-17.311388972113036,-5.062634167060192,0.0
-0.05312992430112989,-0.01637029914008822,0.7938712828655529,0.9973645168793045,-0.011786091377756215,0.02133107674747454,-0.06833808370843213,-0.16585172079256366,0.08916007104172866,0.06999886823988198,0.2077116136983375,-0.1798719642152157,-0.028953634408114246,-0.5038429804296745,-0.005035495650289877,0.006114912434679006,0.6681347599963497,-0.34883743720513205,0.06492940680356955,-0.2938259611080086,-0.16961272783656417,0.046999132111866085,0.05113390321762341,-0.07773021018660786,-0.757807537751007,-0.057944949554169886,0.3888898450878887,0.28880334369222355,0.051124606466447016,-1.1482151818724184,-0.09172217437163888,-0.5971805333419423,1.0104221214474036,-0.501037292742438,0.26777921579547315,0.6479704706458297,0.09839093481087662,-0.5304923103206128,-0.30380003098194924,-0.3597053905732299,5.72226718041877,-1.4416867388083663,1.4313016208856069,4.822116912121824,-8.772162106241499,-5.09871628593175,-7.139709431253365,0.3878552033450994,-0.9913299872137676,14.183850169488947,4.584954866057711,0.4606246497463976,-5.997854906716147,-13.81622444507189,-1.8434111518411942,0.0
-0.05917549931860982,-0.019811619052986118,0.7946783846378253,0.9968324727638701,-0.010829150609220647,0.020359695887468995,-0.07611329400257098,-0.1663815879806145,0.09613179015444036,0.07773561193410738,0.2076703881300615,-0.20237899614724536,-0.030795686045149942,-0.5140528893558625,0.01639457797817614,-0.0034528756715115246,0.6737572425264252,-0.3394928747643987,0.06552410377802868,-0.3090611586055487,-0.17278174414546363,0.03417065499817244,0.17827058290843448,-0.0826350218302996,-0.7772887590024196,-0.005966680047822012,0.27323012081245923,0.38231580655468506,-0.04619342534376383,-1.1029108736142264,-0.09998474753366952,-0.41807824695441204,1.083859508144558,-0.4766165792565827,0.23999987035534245,0.3679110209994699,0.006035676007722428,-0.756188372505398,0.019434245461094353,-0.7655624550286548,7.157791576000653,-0.3192415256232981,1.4126679304397596,1.8493560899353498,-10.986379209590012,-5.150905747659178,-5.035983542574899,3.1949289547870205,-0.8702180945974817,11.402807203064063,-1.4067643170444053,-0.40752663580627146,-7.146952436846553,-8.882451327722453,-1.071192174375644,0.0
-0.06555367477244294,-0.023266240989133748,0.7951433145487787,0.9962386778931185,-0.008519525097912414,0.01926116603734048,-0.08405308944209273,-0.16637872610530707,0.10052238103584916,0.08726525970312998,0.20629574694361677,-0.22325625838233043,-0.03315110350780728,-0.5206615918540813,0.03830509596527375,-0.012160801419342306,0.6777248422645206,-0.3357787830018723,0.06338994280602321,-0.32692500356383875,-0.17132619989251727,0.013658345459669357,0.32255583962845,-0.08188667287889274,-0.7892594143547093,0.001074434945533651,0.13162475347302416,0.46961114806939386,-0.09125208031816673,-0.9935645451566782,-0.12533534512673217,-0.2498263844288788,1.064632523652232,-0.4236280274333155,0.14623549294431354,0.11928716422393545,-0.10679546291227053,-0.8880920930968199,0.252097169379816,-1.1248764517754755,8.103737290695967,-0.06158236470767024,1.4797558283166956,-0.10850937927358752,-12.391256892223229,-5.28344394620508,-2.8649161808802694,5.9973526479985235,-0.1691612832391443,9.410203893168257,-6.271726790729318,0.32407555969827084,-6.203190610662911,-4.164425295545797,2.441409821447279,0.0
-0.07230654032088792,-0.026665865573957233,0.7951232938970426,0.9955757425049583,-0.004755593558330085,0.018004631606453016,-0.0920986346604903,-0.16661578327688722,0.10205278466286583,0.09848535201006971,0.20470605916010895,-0.2411839829815671,-0.03615410779386662,-0.5239431101856132,0.05928015660123675,-0.018879146325661598,0.6793936040582826,-0.3350808355130969,0.05836967283028809,-0.34664992785274307,-0.16764830305496076,-0.013509812990913868,0.46979671939779577,-0.08671148152304788,-0.7951050045612519,-0.0305044916453557,-0.00989995273515364,0.5547138852955596,-0.07067441087511955,-0.8216238809525054,-0.15595930393444452,-0.09597296339837158,0.9885971790230226,-0.3076916757281845,0.04249820413189578,0.004589451341431233,-0.23735513118646495,-1.0233809436481909,0.3394934092127931,-1.432048151427319,8.089187810454597,-0.06237626186276833,1.7597028585372638,-2.633528011336952,-12.039575923248423,-5.262095951262073,0.8429096693168776,8.238675095227535,0.3063307527299103,7.285548934404255,-9.85423096784763,0.6257302695654972,-3.435149119544899,-1.5266535057435897,4.931298948176664,0.0
-0.07949469644071748,-0.02998957626509267,0.7944889860029338,0.994833006164274,0.00041502801790519665,0.01660021427990559,-0.10015762818558001,-0.1681504412490961,0.10098448863006275,0.11128694647446051,0.20427672849676792,-0.2546439289882777,-0.039938880451139996,-0.5247259303550631,0.07846195643561202,-0.022283850572299042,0.6796880716235829,-0.3374792132145842,0.050883268330649246,-0.3700435517032678,-0.16357974041764103,-0.04656217832690963,0.6073897999481778,-0.08488428766975623,-0.7907434044796556,-0.11752847777437253,-0.135027874887656,0.6233835466785845,0.006221187673937026,-0.5606739063476189,-0.1936125026659344,0.0013959011178248971,0.874225737017234,-0.13415340200707287,0.004251624118233876,-0.134660877598537,-0.34355817625446095,-1.1959761222790877,0.3728296504668204,-1.639410109929464,7.703228249288279,0.3239218203746391,2.1424927930294326,-4.820122885274094,-11.703562552642934,-6.684090400219244,2.5624849896712782,11.347599506538538,0.8667123427825392,4.255863923196351,-13.344072004166007,-0.5943883244897836,-0.524295184277229,1.5393164753122868,7.009183897495866,0.0
-0.08719576046924851,-0.03324436097183778,0.7931402912623949,0.994004963161828,0.006846977104231014,0.015116504750095565,-0.10806823491817066,-0.17223286635622126,0.09787802101646764,0.12539102821539425,0.20646392775377853,-0.2624215043031336,-0.044559258818358045,-0.5241407595054434,0.09470129655424275,-0.022534481041926988,0.6800107782643173,-0.3426573297276082,0.041668788370313965,-0.3968755129924243,-0.16091060149731284,-0.08371451896694933,0.7231681976043297,-0.08149271502907555,-0.7671688369265749,-0.2647507112230322,-0.21924188411835163,0.6823314137381301,0.16620812677672436,-0.2580219373053052,-0.23294046361203827,0.05857239452406396,0.7038574346676748,0.008708952688612371,0.01650467842270394,-0.25403420507045965,-0.4150281499928968,-1.277305256453352,0.2599020676132964,-1.7386546274087633,6.521772321216789,-0.13794818545539786,2.6638429477475976,-5.752500470434797,-9.722474405573315,-7.205489630043236,4.178811839307744,13.888006806806668,1.3783014350837766,3.6789975988609256,-14.96437596104465,-0.9105288752529496,-0.2145205533075761,4.16867663998139,8.58937037852342,0.0
-0.09546514861545034,-0.03647384688039138,0.7910107478280349,0.9931013429843049,0.0143078369744906,0.013516301541214637,-0.11559549280370007,-0.17988546373607384,0.09355953387266963,0.14043814035306365,0.2129983228478795,-0.26431877527018366,-0.049917235356364574,-0.5230011581192261,0.1074455089754085,-0.018927960713388776,0.6826748031689728,-0.350319142571604,0.03181642077486242,-0.4257473204040195,-0.1611053180131937,-0.12296323228591702,0.814646689614548,-0.08840685204417552,-0.7174280684887127,-0.4494730183991928,-0.26031958343612055,0.7229635157668719,0.40513293857497634,0.02513119694620135,-0.26645151314535837,0.0851563212735157,0.5136288785860383,0.20317629522655198,0.16079953619386284,-0.35600067606319447,-0.43799065181171143,-1.2682023195705108,0.07312229357505334,-1.6788444616985976,5.126130769972899,-1.1885055736178385,3.6922264776886804,-4.851005353325496,-7.529707274821223,-7.682205585040788,4.161797287700373,13.958502023522819,1.7900489015698993,5.018437577746256,-17.7616809098012,-4.322421668796128,-0.7778835269921546,7.116363163338482,8.847636150895385,0.0
-0.10433361107595843,-0.03973913030675979,0.7880721341494981,0.9921541482406576,0.022538201653789447,0.011683121404392456,-0.12241601312458376,-0.1916737925440071,0.08886452633328712,0.15596741885917212,0.2253028807229128,-0.2611249106170297,-0.0558832210372921,-0.5216042002125145,0.11588486062241253,-0.011402983913791954,0.6901511199793856,-0.3605571350239353,0.02218106162713999,-0.4556366310488858,-0.16482386406532623,-0.16367862192380095,0.8784092394186456,-0.11148419505845661,-0.63354911728162,-0.6448577441067757,-0.25680091195117477,0.74250740956133,0.682491988546299,0.31536675673555065,-0.29564852046510326,0.11320523114483816,0.2813164109613852,0.385468369571921,0.4082247014909014,-0.46520045154686473,-0.42461743606214364,-1.215014521831225,-0.1800690270949255,-1.6389844408990566,3.346976213469738,-2.532223606321537,4.823843367806586,-2.275207839197984,-4.891398610774158,-7.850603703745573,1.1302017304606125,18.349981780579437,1.7649642548580091,8.202891096366473,-19.457914008723453,-6.662228013186411,-4.320942373286144,10.280717031055971,8.467720792887656,0.0
-0.11380317100006716,-0.04310549851313834,0.7843047586182051,0.9912226518598208,0.031280031793864536,0.009422550783013581,-0.12810319897528202,-0.20773220435207823,0.08436928951967382,0.17108519298425168,0.24441061273344666,-0.25426393447135837,-0.06238464432803944,-0.5190947056958171,0.11899101839644971,-0.00027030233382686094,0.7031128565758674,-0.37445204796320064,0.012388324668463877,-0.48504797969084945,-0.17175871374528068,-0.2050224899038011,0.921955049628111,-0.15750488923608374,-0.5033857413231672,-0.8406998506975601,-0.23184547391858903,0.7145667380189896,1.0139402733468421,0.48966593943268744,-0.32290878612995794,0.2084182595409484,0.0018660199328347435,0.5714322390693379,0.6532463535783339,-0.6340380860710706,-0.4367698944706513,-1.1114885063931426,-0.43529420202984975,-1.576869236344899,1.92121893867878,-4.071094286812769,6.014445472927668,1.2866606426911547,-2.7536094245626197,-7.3967344318501205,-2.6990861312659606,20.518778356708566,1.522149285409897,13.349887976205958,-20.093161433053883,-6.066756950469851,-10.191854863780112,14.018304187089925,8.376447791427285,0.0
-0.12381998378845406,-0.04662551584501573,0.7797097886361462,0.9904053969937444,0.04037515394162622,0.006377633715415295,-0.13200879644192356,-0.22812510396361763,0.07971162731221873,0.18361940379221706,0.27227080912642226,-0.24878761122975937,-0.06928503295362501,-0.511900372972493,0.11583533492722177,0.015537293654943597,0.7166820013655482,-0.39460881305021817,-4.54500114183457e-06,-0.5104172368666381,-0.17983912652286105,-0.24691178638229505,0.9669342559996217,-0.24297761916999924,-0.2963731209292258,-1.0325896295715935,-0.2542840240260854,0.5646925102912741,1.4435626191017805,0.375201052654265,-0.33861948197442576,0.5264450781138378,-0.3456848307726289,0.8198081324040033,0.5851332350602231,-0.9469267825467383,-0.5706407802759108,-0.8980444286538026,-0.463667858533219,-1.6672172003522623,2.280288879326116,-5.899815530142269,7.863764115392454,6.075415922727616,-3.5581478022690933,-6.08120531594371,-8.522139871606234,23.695418569063946,1.6656975642070357,20.206701815406618,-24.2109676899048,-6.105847397320508,-15.44128261015089,18.445851473072626,10.485324244788181,0.0
-0.13420705433396915,-0.05023712364650302,0.7742629348425902,0.9898717372984976,0.04994881173182629,0.0018470450825947627,-0.1328745586208865,-0.25468575531270127,0.07178000295091662,0.1873586142278155,0.31641548875826664,-0.26041331841118714,-0.07583603481214682,-0.4874005232788252,0.10469108455946148,0.0407179302972769,0.6985993823070714,-0.42879784311853925,-0.020008852378515747,-0.5244301418621136,-0.1778613192493053,-0.2975081012101098,1.069610266682041,-0.3965422389073268,0.046074381698385944,-1.3339872518256475,-0.5163647961679473,0.06097542100740036,2.2896404845871965,-0.5323713560707335,-0.30319570770461846,1.5745459123000376,-0.8109392476559774,1.4158433653480862,-1.4573085943601738,-1.732001887622394,-0.9441097779542136,-0.5488448031735788,0.5049247975905279,-2.9697731410653265,8.124950681118793,-7.621679577092828,8.102077080071757,10.743512263712887,-13.21876258103718,-2.937002833692411,-17.049673589099637,41.11476761949933,2.149241480500429,22.48362091449387,-33.64101421914245,2.1815472436370427,-15.324922415856838,21.10398809453227,16.842097771930618,0.0
-0.14536355031604287,-0.053425590095620715,0.7688534331811715,0.989585483365801,0.059364463323911716,-0.003005273175544789,-0.1311007244033297,-0.30481306369708633,0.04859531985252487,0.14419394546337364,0.41177443641194666,-0.3273742757497182,-0.08460554608407657,-0.4355330258784007,0.08473180110697398,0.06322140290947569,0.560157988049803,-0.43052735720858115,-0.08632746455205288,-0.6149845710076297,-0.14945543596371044,-0.2090730616076314,0.7954804193294932,-0.21556667704295615,-0.2723404425333462,-2.6779141581514905,-1.0307192865468477,-2.493452026934283,5.170360665992155,-3.357310593002406,-0.037336628332088145,0.764738114972279,-0.47060421381489537,0.3800346886643153,-4.2225011641765064,5.0273054907128,-3.754933378385102,-5.504509773362984,-0.3246042287416497,9.770240779984315,-31.551350703810797,8.3858077483061,-68.41860570980818,45.92191299254098,48.98340573849454,44.37409342200926,-54.3269365775107,79.2381517399401,31.42827412934802,-221.48412407555722,104.14580301394714,6.004937829715477,426.1516150130912,266.41801346307926,348.0826071183731,0.0
-0.1584716335169056,-0.05635255137107816,0.7665536156649416,0.9882865693279153,0.0644411227130881,-0.004731934961347059,-0.1382555871603672,-0.35118736579183,0.02644944292664506,0.08133719490766138,0.5053417663729398,-0.3770072444500904,-0.07242512342080257,-0.4417467323585093,0.09006742562697427,0.07427910617100326,0.5169087312923013,-0.3168369103407936,-0.1201137175059798,-0.6678582476900681,-0.1466268324639583,-0.04063104413533327,0.3652601020956185,-0.18366156004654094,-1.031113676633239,-1.6506869846363414,-0.9428421619461973,-2.738741328654135,3.6675301117419337,-1.914775966687206,0.6469413307398025,-0.5350211532627234,0.6924986433554048,0.7116445358009872,-1.4354296857329043,4.815049640694686,-0.8883106951330368,-0.34277867431307474,-0.0758768575228701,7.80874367666743,-14.459979969472984,-8.37390769860369,-30.195155657325017,88.70504808691751,27.97977879395175,84.67274348675917,-134.3204666067018,48.54700586294176,-9.125919038181944,13.437735087853149,32.59113409884792,14.019095032618363,18.977482936727387,-144.73321435131,44.81896026610227,0.0
-0.1726858719361878,-0.05915733728205358,0.7664645887716521,0.9867377972553664,0.06638579822361254,-0.004764918871617323,-0.14804979165803683,-0.3823822207316709,0.010744227272216232,0.030636358735693616,0.5584740612591677,-0.3917447279342278,-0.050325621938266965,-0.4619830750185033,0.10036608734870832,0.07316121072889448,0.5092578849520311,-0.29503937332556823,-0.13376098748874352,-0.7367413363755551,-0.13861042958644962,0.022775065419637877,0.0750884809028052,0.0252253287353274,-0.9602311707175537,-1.3567035053782501,-0.49270433527572555,-1.9473260983470675,1.7558172226697568,-0.3770732263651272,1.0384600210934485,-1.0397894778524301,0.4013154262266188,-0.5229146221610653,-0.33175718076052074,-0.401683949512497,-0.5195595215161525,-2.462879857462968,0.05112950231183777,2.7018989998117897,-12.147917364585615,4.550222860213246,2.7891769543925062,26.745213112283473,38.894057797687196,81.2753402161681,-97.0970835006577,13.76046827801552,-18.965682915218522,14.484081229765414,-8.723747286328742,-38.620771430247366,-31.372326820949088,-93.67191666357422,14.683677716164603,0.0
-0.18799576728977446,-0.06169892118713883,0.7671036854716489,0.9854115954387841,0.06673727515769544,-0.0036834505261672625,-0.15651375617349886,-0.4094228967709047,0.001680900730603496,-0.004023134706350212,0.5874417214907528,-0.3888147967334793,-0.03109021875222708,-0.4832234537351848,0.10707311232592373,0.058945953229899886,0.5063460149645794,-0.33552214901491206,-0.1429121683901975,-0.7840283482212821,-0.11891007756821688,0.039036812414826864,-0.00498430770485327,0.0489792207192735,-0.8057758312789746,-1.2381872548342874,-0.3198836767774705,-1.2775173270469666,1.0444948406645433,0.2501501010217406,0.8194545721713294,-0.9312407230204336,0.28630339494455015,-0.8026381812302439,-0.3254760609293457,-2.5473706410935577,-0.37112094589577976,-1.808801757728294,0.8810864693939328,0.6577337300427049,-2.0303027841802264,-2.43299082417856,4.583843486652878,17.723745304721223,18.497329178503644,61.34327885207111,-50.23135619695527,-1.6512166104760388,-17.04946856763349,21.19062001433705,-4.151131308342821,-5.122637292114284,-33.446959519544215,-22.27247376910345,8.912833129147863,0.0
-0.20408686983225505,-0.06375228986943664,0.7678047798238767,0.9841909464058404,0.06694834572479373,-0.0030046455187438753,-0.16394228290101445,-0.4324768407501245,-0.005534857478679853,-0.025181079183408506,0.6027334727634399,-0.3761986549115454,-0.01697863820766354,-0.49890237983783225,0.11313935171965175,0.045873406494639786,0.49627118447802665,-0.3917377083478739,-0.14720061712305557,-0.8195772317301508,-0.08953527762279698,0.0303151935372011,0.04134736207653899,-0.01672886023002519,-0.7325460899829151,-1.0385816666009353,-0.33601519640872357,-0.7253961530069186,0.49829520650147324,0.6310446172927063,0.5896208575134367,-0.6329823743042516,0.30985156524930896,-0.5429472861951194,-0.7081531397666752,-2.8434271353826728,-0.17518034864794746,-1.5759327933817617,1.5006613195180898,-0.6911402839923815,3.663666332489561,-4.95842341106854,1.404496089647035,14.693510130160401,4.557056423449744,42.5044543177162,-29.869228698580418,-11.175183098157966,-12.741402275245425,17.51237477046217,-0.22778495244374608,11.008929331384852,-23.78191717262429,3.166018371645335,-2.893780269076739,0.0
-0.22089909896968057,-0.06518964226371042,0.7680629561389898,0.9829079830376861,0.06764074275080785,-0.0030962779896395714,-0.17119299011208733,-0.4509393126046302,-0.012266374621134286,-0.034766409228320146,0.6050572305468447,-0.35766742622158393,-0.0063649714803084385,-0.5094723440092871,0.11939875235611035,0.03679928560279948,0.4783148930529895,-0.447389058556987,-0.15080373877025066,-0.8573688213147217,-0.05659842792781006,-0.004267247568366728,0.11072320890883458,-0.07812697397632637,-0.7461917452891894,-0.840946161939575,-0.32824326297507345,-0.2507319642686391,-0.08175162752339332,0.8536142749014508,0.44550353913985585,-0.45176183540485754,0.31048867733538826,-0.38547088715197253,-1.0266030443312406,-2.704501776561805,-0.2241682326443374,-1.8853268545286919,1.7093902023167546,-2.1058979441947123,4.0660889201877275,-3.962554729888534,-2.136368852269537,8.203436585312895,1.2194586343273885,25.24108711747677,-14.62538740947212,-18.008020508870345,-9.875451160086351,6.209827966405996,2.2449260500037367,12.917069353498546,-8.734516033142285,15.393448718295575,9.812666617067023,0.0
-0.23855046283223336,-0.0659950017629317,0.7674193814384266,0.981483447795045,0.06879450842726394,-0.003770371095044264,-0.1787270030420897,-0.46635293648208037,-0.01873530755887931,-0.03749318463102403,0.5969106100620558,-0.33683988924961716,-0.0006568840732046992,-0.5184184033636376,0.1269550715347163,0.032358590006566684,0.45686728579079156,-0.4957050186092028,-0.14911393301378556,-0.9031320598534093,-0.026832377901915935,-0.05794824442102043,0.15022297407666083,-0.12127531192153732,-0.7716810195085237,-0.7445137540350802,-0.3209621694171331,-0.050451367696945866,-0.5028459478114233,0.9225415398651514,0.21668969322708978,-0.4510050886550017,0.4323010595787614,-0.1001519709848969,-1.0720098045060877,-2.260717902681458,0.22183964917882548,-2.266730056682709,1.5020416383263384,-3.0540962282923974,2.09407804176528,-3.2786082643908276,-1.0711711992443325,1.359881630005959,-0.7740838331877371,6.778922006103772,-0.36155942014757847,-20.968437056092696,-5.489363471410955,-0.7864613885833576,5.571438838507929,12.405246160442948,2.3102468669246674,14.511554310557361,10.001374616339739,0.0
-0.2571587339973087,-0.06621433020326924,0.7655672001511862,0.9799466909077919,0.07020056907062577,-0.004929205637551838,-0.18641906021866594,-0.4806141748007117,-0.025284829627173523,-0.037615455336021966,0.5824864516968349,-0.3160292978826653,0.0011873939835048708,-0.5280515200357352,0.13645092290482486,0.03216485427166523,0.4354907530097832,-0.5354014240445596,-0.1408385400476425,-0.9526313977196003,0.0019624634174060856,-0.12355289025573381,0.1787492685259956,-0.16725117766645697,-0.775707855028579,-0.7199092728151945,-0.3313238653998607,0.0275537266605633,-0.7223911706494476,0.9043902775799282,0.054908911221051265,-0.5112281131218966,0.5039663009320626,0.04108618259523654,-1.032100671463044,-1.8502556040631013,0.46935184553953335,-2.4415918815716813,1.425026619597281,-3.589637264782753,1.3865820327858451,-3.5929081836277335,-0.0240242701530094,-2.023031543608805,-0.13746020691550548,4.029633453242801,9.716286166436891,-21.226567735418335,-1.8208593036650336,-3.2911312349377444,2.6915046915541105,4.105301074854466,5.88467582138218,11.979689833440199,2.0896821024036303,0.0
-0.276779933496259,-0.06585949226028308,0.7623162718055291,0.9783152302037234,0.07181624243959038,-0.006627509270140741,-0.19415924854141603,-0.49459937759800326,-0.031577664978127695,-0.03500465681694221,0.5646658394423273,-0.2958285478716655,0.0015884965248288872,-0.5391296561079748,0.14708564067017793,0.03405560924643229,0.4151099299357533,-0.5670203378829786,-0.13025311223362884,-1.0042606333390955,0.030699168208330234,-0.19662081418101068,0.21118264309400397,-0.21959620036493355,-0.7758417592346109,-0.7170271806173678,-0.31659767538092104,0.16748825111153254,-0.8431250930867761,0.8735580188921092,0.007380882289576077,-0.5954178294092457,0.5457365512798612,0.1084168254207922,-0.9668991202653354,-1.4614751608716117,0.521054223451645,-2.548485631448197,1.4258543699969874,-3.897033852800733,1.4256746601786414,-3.9907949242802934,0.3666678006846944,-3.142833799349691,-1.0508072540970004,1.2788659437242211,15.233620600358085,-20.795241750571027,-0.6409591416841544,-4.5186258839692535,0.9142165053441373,-0.33929831781636466,7.7026212514449055,9.833294460371665,-2.8675541182683353,0.0
-0.29745900627688376,-0.0649230915907569,0.7575359060002919,0.9765820964254724,0.07368537535546191,-0.00890221508739456,-0.20193718074314848,-0.5085466063539271,-0.03754056996860634,-0.02944320670539806,0.5446528864061632,-0.27651962410884723,0.0016392443118007178,-0.552249381394599,0.158387610911129,0.03682008828697456,0.39648548935272854,-0.5919041822003389,-0.12038944083925572,-1.058198983569933,0.05995492947215402,-0.27548659595441627,0.24972975913982126,-0.2717110630352176,-0.7773086020833623,-0.7188070113288784,-0.3096769967935306,0.2872108352799765,-0.9305481042736831,0.8292274908956181,0.0004379990567560482,-0.7082690080007215,0.5716802241037502,0.13035404713966017,-0.8682363151238471,-1.14625498524316,0.452419638134641,-2.6628465543944455,1.4309392680771098,-4.129306245873955,1.5075837207933969,-4.113577020066327,0.4603591887454963,-3.5892247643757274,-2.5444874150645584,-3.486101544440235,18.25082299789271,-20.24410501306465,-0.13387380788329087,-5.309025103876397,0.1353790565834351,-2.8911938459016815,8.305430391611434,8.104458560035324,-4.82100886394048,0.0
-0.3192427832488251,-0.06339416594336815,0.7511240386879181,0.974735966725589,0.07585830169405847,-0.011757095308454304,-0.20975481864675374,-0.5225679616270875,-0.043456450524335444,-0.021706511399958675,0.5232134510182083,-0.2585785713786783,0.0017341280798766597,-0.5679127159105032,0.17006001263300002,0.03958722920815131,0.3802668897262836,-0.6119860603266503,-0.11270176363849238,-1.1144382248937121,0.08966184545794757,-0.3588694450468378,0.2934506451420045,-0.3228878250086446,-0.7792364109274741,-0.7240979740915584,-0.31550994290716133,0.36792747175541973,-0.9839693409446851,0.7626950412474476,0.005711740225779995,-0.8390307501381657,0.5859329354454142,0.11532248799948082,-0.7480771907603749,-0.9283063661322215,0.3360569881465828,-2.7698836321314695,1.4201749136221424,-4.299892821940764,1.5795427126555803,-4.25257321103648,0.5155212271780875,-3.665430740457191,-3.5200656652949758,-7.370889036429723,20.37647684630192,-19.222326973678772,-0.002447288148807302,-5.116250052533124,-0.15881660255604607,-4.3594204718227365,7.296000280562323,6.944333396348885,-4.673881206382664,0.0
-0.34217736911133423,-0.061262895998785066,0.7430002738527679,0.9727702536405756,0.07837620872292117,-0.015200384566618338,-0.2175871132381173,-0.5368386351220149,-0.04956756027844079,-0.012412037287245714,0.5013648375477774,-0.24225653727975469,0.0030687481726341115,-0.5863393394216643,0.1817491335978799,0.04143756777608127,0.3666438243377972,-0.629003800517842,-0.10721963581925702,-1.1728700472033844,0.11979835947254813,-0.44588716704666664,0.34207660163558434,-0.37444152769310496,-0.7774307360951968,-0.737265362595562,-0.33098232436544667,0.4282334601949964,-0.9868890063210916,0.6892574472929295,0.06389826250809193,-0.9728064271814899,0.5817651568011522,0.0565267756248327,-0.6300016020544554,-0.7926068075539591,0.23656205874083897,-2.8580938352250898,1.3989991523348537,-4.433069752847195,1.725558315314495,-4.522828616895376,0.6892572679959196,-3.3497152751059187,-4.176133556885102,-9.926437115385234,21.636710739007093,-17.76104436790926,-1.5726174436083307,-3.958478185941817,-0.25646694820962657,-4.878092133663334,5.016558729685315,6.117309158216657,-3.2972381644038506,0.0
-0.3663041050689777,-0.0585233840001954,0.73309155325112,0.9706849172778349,0.08127359364096855,-0.019265756748669288,-0.22537574173567532,-0.551613751120909,-0.056059899793929724,-0.0018427174955877746,0.48050907446778157,-0.22760518582029507,0.006449553421767324,-0.6074305860280874,0.19320715681983683,0.0418207588215827,0.3553836649603047,-0.6443877627597943,-0.10309678154539344,-1.233130428673952,0.15005341196911418,-0.5365626656207353,0.39609962761824485,-0.429374075704373,-0.7689147777436238,-0.7606079421291533,-0.35533469822126174,0.4816387944182755,-0.9225073331209198,0.6172189652664322,0.1588751789346485,-1.0937807846271543,0.5766942012924863,0.0006687598445818919,-0.5297223934640592,-0.7248098624424604,0.18900684479050261,-2.9121519648495,1.3605870298944505,-4.569133369756827,2.0357028240565747,-4.991614762290838,0.9584722119033979,-2.410665889135967,-4.8800104288906345,-11.669845003548653,21.53468011882235,-15.971890127965752,-3.470052258366559,-1.9051465754167962,0.9144420335117222,-1.8021453754958854,2.1190888395963836,5.410732017459647,-1.673502453070032,0.0
-0.39184899453185634,-0.05504251448355371,0.7216008870352822,0.9685435238439215,0.08532889488478423,-0.02381013041502738,-0.23254139375035854,-0.5748062382291738,-0.06650299872509972,-0.008797495243613618,0.46792851229868887,-0.19480679112382437,0.004862973695375235,-0.6312087561708615,0.20165321766492322,0.040015648571900854,0.344934868819008,-0.6600127597284458,-0.0975759528064406,-1.3161145169888755,0.1947549995209525,-0.5958307428668637,0.6278166981262292,-0.40327417841484975,-0.6594109570560279,-1.6421713052069746,-0.5811489745797305,-1.0350405586950082,-0.1034087035209377,2.3942424601038046,-0.4028360298445448,-1.214813173353455,0.2537630238192414,-0.11064366200914562,-0.5890706791988446,-0.8071341648241387,0.3727186102951181,-3.8011880824545967,1.9422927060866266,-2.1879833886655975,14.98897476047752,-3.1681180041827606,2.9907429016135936,-37.25884658574797,20.455470400163442,10.976819321678716,57.97131143049963,4.728837073825094,-8.135840727367462,4.3528697035074195,-14.519721539450815,5.329857953140147,-9.851071376763825,-2.9881261191411164,5.82172229927082,0.0
-0.41901254150406547,-0.050744514504322866,0.7090575234020445,0.9662502800941657,0.09169892651771863,-0.02902032170508747,-0.23897599047096182,-0.6135685909452963,-0.0710556727214555,-0.018242608981885573,0.4753746909459259,-0.15212285176233925,0.0033675796271974137,-0.65492499033142,0.20097352190480677,0.02969191914442244,0.32982264892276847,-0.678613287433077,-0.08651960290529825,-1.3862146630435068,0.2285198179577015,-0.6521764734788242,0.8459656650950482,-0.47174055864113407,-0.654917376112148,-1.972518542620786,0.02509390311716323,0.019047254558786503,0.5140730564461944,1.8144457616573402,-0.00678629903658416,-1.1038861260915054,-0.15187934755310523,-0.5809851073938274,-0.8611930336921434,-0.9989286221564724,0.6467604371813279,-2.680386249468111,1.3488828999814753,-2.721009338729983,12.422264650360434,-9.282388906168558,-1.3259614945531693,9.888708667672564,22.427985408345993,50.689444061436475,-1.5352619585331309,-35.32059578270126,1.2412158829620368,12.881969561396764,-6.111161461261765,9.82700148146953,-8.892467224533076,-6.302984103743695,7.412776615598635,0.0
-0.44743274471847416,-0.045788268051937905,0.6951191988223037,0.9636324633787384,0.0996887858459888,-0.0356164484450956,-0.24536929330976773,-0.6545698698767058,-0.06764547634388042,-0.010512149272440204,0.4891962868697041,-0.12458798059549915,0.012018720582826823,-0.6768380404430013,0.19274849230680313,0.008828498180945719,0.31105407763576703,-0.6984136194420646,-0.06726972706926583,-1.4442452973904925,0.2606004588319962,-0.7330241419655131,1.0212974553564007,-0.5851198884724189,-0.6391769165494736,-1.9641675415595459,0.20930693328899747,0.5331267997015714,0.6280843135055069,1.1490851594955038,0.4096377671658822,-1.0279116932803554,-0.47008230998933326,-1.0501651510596828,-0.9705934466755476,-1.0206653202935898,1.0835991540806709,-2.239466150017054,1.2451157459584556,-3.9776944910511087,10.671063226183218,-10.858293029035469,0.6976481542944244,18.153823732105494,-2.0966641581203826,6.436360039473602,-17.984198545180654,-16.464669759006725,-16.051331147748087,11.511524029029442,2.47173862383495,22.61711519487684,-1.47007336297583,-4.521911407565137,6.333871203737524,0.0
-0.4768969449275066,-0.0402088337329011,0.6792921380634643,0.96069226150119,0.10880872989569253,-0.04399404328733311,-0.25158609489685146,-0.6946302525147888,-0.06397779096628092,0.0008740568708693846,0.5047610151008282,-0.109224824817226,0.02599988547480779,-0.6970524601774393,0.1779455743812356,-0.024240494702902855,0.2902331898228819,-0.713409643230268,-0.038309400518596715,-1.4920479017511146,0.29008229941648817,-0.8389373344484057,1.1631311962882092,-0.7527193893203149,-0.6144636460516183,-1.8964979977394048,0.11528051484900065,0.5007537566966977,0.7015214914004946,0.6528560517626097,0.617260433635174,-0.9442502759215863,-0.7403753711743533,-1.6112432928293796,-1.0207507123521555,-0.7196315123231308,1.5354917692019658,-1.7866822524710484,0.991178329729959,-5.262704056436697,9.000009922514508,-13.487238424193277,0.43682830906798065,19.699809095014775,-10.707005067352526,-12.23361774571287,-18.54721986503374,-2.8132944911380213,-19.720431999291684,10.887538124995308,12.8661693195108,37.38271126676624,5.998069464345433,-3.3741217484555106,-1.1563377320018642,0.0
-0.5072709626567964,-0.03408980089691301,0.6610504929449235,0.9573814622098313,0.11820260714491336,-0.054326607150845405,-0.257871090346685,-0.7364677022984428,-0.061997448103616556,0.009331408742332233,0.5291343184015962,-0.10874548922477668,0.04637252542600356,-0.7137404668771861,0.1558790327321783,-0.07934105342242923,0.26444082790736384,-0.7180397779443115,0.0014206120372420028,-1.5350734789613223,0.31384613378266185,-0.9713583044655549,1.2015376129930357,-0.9533113233103895,-0.6441414827761304,-2.047197888462271,0.05447530464533973,0.27292226398804637,1.2792637133495013,-0.012380630802519298,0.9148501935025705,-0.7299471631360278,-1.0241331326705039,-2.7402829174282592,-1.300973316746809,-0.1794165644277878,2.083894162633495,-1.4811233729248385,0.5929657683155937,-6.493783816316825,5.437265122835898,-15.541788515406546,-4.177915152015641,16.27549587737075,-7.201032436008326,-19.67377090721468,-11.034037573189455,16.146548318700273,-28.043462936192984,12.579603994914084,29.69707103676669,57.27720039434524,9.583889895514892,-9.668277000778742,-3.3205838126486538,0.0
-0.5382708203776718,-0.027753779620646492,0.6395888255131884,0.9536338751976962,0.12606356724376466,-0.06704233773434227,-0.26494477545389694,-0.7900177545668903,-0.05813701925930702,0.023870178074775473,0.5989362244151973,-0.12973255441961307,0.07802711331055838,-0.716300667167763,0.12263763417235421,-0.2143664078706048,0.21881104368332524,-0.7014357236666526,0.07699053600530284,-1.5409943278710085,0.31381259612091456,-1.1579716811415741,1.1163912369623044,-1.3453942865918584,-0.6629495710160276,-2.654377075399936,-0.09163013471223817,0.27353692466682045,3.769735988236814,-0.8502298664871495,1.6020762818366523,0.35531664679074443,-1.3260407553023341,-6.872891067138218,-2.2018036244777384,0.9446553311035474,4.0651557754982335,1.0232827692323099,-0.24562938790816854,-8.870851421353278,9.313744229145334,-25.756261743124167,-3.1049662767454373,20.32687394435893,-52.3020439598442,-135.44107672928703,-74.41460097476039,52.56101477791141,-10.18598693718845,36.42744928960267,87.167464370881,190.3847816479947,49.111281581543224,-15.71181031041031,-65.1347351068786,0.0
-0.568709157868744,-0.022050518735203285,0.6135118391684031,0.9493424319202948,0.13071636761341773,-0.08457454945122807,-0.272963960585892,-0.8654594520538226,-0.0586874346888765,0.03724801900474107,0.765733350900426,-0.17300135630641808,0.12681468182932037,-0.6754261757280978,0.10241501177461516,-0.45179077697684283,0.11723753503409255,-0.6520251108639294,0.23339563202775226,-1.4945493471554,0.26926550081512773,-1.4079633736274217,0.9094271138879548,-1.9780189714360972,-0.8404623207967011,-3.577798663313486,-0.17597465501114096,1.2861881438506806,9.616261068811266,-1.517039170156505,2.149753079710168,2.527283725132004,0.39914315625440894,-10.695895140772693,-5.3467981261115165,2.3125042390353827,7.306213340964055,3.3433921811538445,-0.5114486247425017,-9.925952091397889,13.310129998852053,-31.570998528503576,-19.848717463900357,82.97154804573874,-52.2773236747866,26.33889899282513,-61.28470177216061,91.54295278082641,-47.16473949637786,-6.30904189045935,176.9762357888109,371.9101099736668,78.9376938069985,-60.082152720571386,-147.78161914707906,0.0
-0.5980865316577688,-0.015871258430061302,0.5840566948992387,0.9415296614833394,0.13842556710417886,-0.1086982257390963,-0.2873063776530692,-0.9164359065853444,-0.08248411663857169,0.032153053895347734,0.9010076991155956,-0.2428246059653664,0.14832644084002294,-0.650796782310842,0.13109873536622918,-0.5593335213991936,0.0978493330372794,-0.42674576667199243,0.3236854318300319,-1.4464638828455143,0.33369311089622467,-1.5140919811300448,1.758451174053435,-2.6487550133906304,-1.6055057547602434,-1.986281919830589,-2.066569996363026,-1.8222584224735128,4.859479356683033,-2.92311152610871,0.658135613310669,0.8050035030832443,1.9434268943528128,-2.450795964541242,1.1105351133131962,12.041247596286086,0.9568609227911347,3.0420543969836076,1.4447976070807287,-4.03330772480322,41.19147865418554,-39.435913174741586,-27.367366147869863,69.04247371993876,-55.57972011432202,-66.91947103331647,-139.41071873205595,103.31276120087017,-36.40115380112302,2.770007253074027,45.036421683788575,219.00447950321185,119.18714406155881,-149.55011277686026,-220.58328162586912,0.0
-0.6273344205430498,-0.00390794491751083,0.5553528070343818,0.9270892568721879,0.16798713285984915,-0.14195224448350735,-0.30353812490657095,-0.9001600322187399,-0.10937979489922044,0.013524249430584482,0.814246671535912,-0.13956584457520527,0.30229136263171713,-0.8221473148606296,0.06958847419470372,-0.30083393288129895,0.5712503751482775,-0.19229988631973077,0.2564633826815423,-1.396241280394831,0.7107750090603989,-1.4621677353237617,5.063100198866517,-3.0590005692715403,-2.141809150982339,4.274952626276018,-1.4168352659841155,-3.180852456097837,-14.248184921071505,2.4397962680250083,9.789192520653968,-13.099518239773342,-6.8852970332754735,5.915920171035978,33.47163551633759,5.5182464702964324,-0.8399106054211019,17.122496664462727,4.30254060519776,-11.241905303430965,115.86261448761543,-82.65269974611424,-44.50749177710902,396.83657895297927,-35.8314249117847,-390.36634115403155,-1060.522675079844,-323.497396783536,-1284.6190249124463,-301.6915795867144,-441.34944624223465,-1575.6857651629712,696.385419776391,-370.0486637537137,676.2175259058047,1.0
-0.6463772403777042,0.009660664130664302,0.5239577384164797,0.9045942746196401,0.2129635518897485,-0.20785798348156578,-0.30520613131922397,-0.7212179290690465,-0.24618482818844453,-0.32791671981655846,0.41456558441936664,0.2576992762013202,0.37201463395264545,-1.0996109054670118,-0.20462787444796282,-0.2767000627866305,1.4690991638937496,-0.2795925146486633,0.1411588771333029,-0.5571066835292563,0.534533874335965,-1.664767429922107,7.168149080186849,-6.992627607423878,2.1223783228874735,12.85492286551758,-11.830165346584128,-34.72895551716203,-18.459940204922905,20.140379191235105,0.8120378674975568,-12.700388891819447,-17.923528269383635,5.615266857578083,51.7281753837831,-2.10090665015239,-8.64920843968091,35.13837371600158,-24.846176678738296,-6.469814953961253,-5.702655836740618,-209.91324278186067,320.5047579326894,508.52340432540115,-477.9753017926602,-2548.374522838776,551.1169870158047,-438.459406857621,-155.09572589293035,344.8606772272794,-372.04588226453194,657.2113833083129,20.716082515987466,376.1939752610355,40.91443637933959,1.0
-0.6573446252504106,0.011823938310948983,0.48705973007798753,0.8788650692404103,0.22549821781344714,-0.3054018037628213,-0.28892296912918386,-0.4288433544311639,-0.30899546309437403,-1.006102317615075,0.20902797153600422,0.31853538865072895,0.3585089660948361,-1.2467547285646388,-0.46379781875193066,-0.03200839866675296,2.410164311004962,-0.449752690044313,-0.02543866222776179,-0.6930384175191602,-0.18993689826989332,-1.996943903145021,2.7179788006972956,-9.26819481071229,2.53754293130886,13.536055077005015,6.1788459615837334,-24.651619498258682,-8.419727682776465,-0.7096539208071233,-1.1158572763183165,-1.810370490861066,-9.059792996053645,15.384071833142384,41.93029014656991,-8.357911106489144,-7.1154522945230045,-24.676253618926253,-28.09155698713556,-18.50906682600735,-292.99943815282097,-24.011660597623333,-44.77992439957279,-324.44713164760253,1029.5720586343293,1289.6206207773114,-17.659258345599955,-72.1446647255678,-8.572617124806413,734.3100739168968,415.78351914415464,243.289165436234,-602.2062390062073,212.07311312218135,143.63478045923156,1.0
-0.6788245801921583,0.003411191741201697,0.440940198649383,0.8528258329443814,0.1890642693590511,-0.3779267826136452,-0.3067802922251503,-0.36806426858422736,0.112814103757183,-0.5862461724828232,0.02435545436675882,0.14742046732920072,0.324374988759654,-1.1168596744152688,-0.4701204282423073,0.3622938843142195,3.0222371205839402,-0.4445780601286253,0.02793819295440031,-1.4168369271377552,-0.6291192949499627,-2.4244722361096436,-4.469897738262935,-8.274557118067145,-0.5212019621214455,0.33383749414269587,27.634977427728565,29.433396885950696,-4.851881262531129,-8.90166198493376,-1.733200673700764,13.701347050073899,4.435328978094868,16.994653924926766,14.713154662806803,3.3164891673172985,2.753709296054428,-43.97207664492713,-33.74928035021059,-9.297495457475554,-444.5369489042766,15.182971022690506,-128.8319208319713,-69.93495775068786,546.6245847294929,-832.8704499034291,647.2371214691934,222.09235608958443,23.736213075910396,752.004300835522,547.1170665890096,-1763.1803463438991,-2183.624891218596,-742.4764320746815,-161.49342549122423,1.0
-0.7110646558009194,-0.010727468655150637,0.39001376573697466,0.8245998589988645,0.1178768761336291,-0.4219614441992587,-0.35789475299493506,-0.48359049543138144,0.7423946292115111,0.21763124380544038,0.24043662146184597,-0.18779219538987899,0.24438254279353452,-0.790397712291293,-0.16894434218158652,0.5753201897547371,3.079186568697244,-0.5389140047407306,-0.04931030039644958,-1.6766630017726498,-0.8242651849805185,-2.629590463880205,-7.165711947988291,-8.058884392564586,-2.0567085859184715,-7.6747754653537354,31.95915329470293,30.019881185625476,14.347115574570712,-14.673261234611722,-3.183616543571874,17.67073069086919,23.908697788845263,10.748364067384395,-2.1902670545337077,-8.016640187270323,-5.397606474947471,-1.2810056922116841,-15.505859783173772,-5.447830187960574,-84.80130852598532,-32.41486488054648,1.2771642629192757,-194.9669771376321,-304.28428649356005,-1958.2734741015036,-227.90195598337115,401.74206691292727,97.96705329180661,87.5067755061891,923.8480467316488,164.27168324343955,-310.88591737200113,-134.5904597605452,-11.73903843881644,1.0
-0.7406032024472655,-0.0221471707317648,0.3398350862930243,0.7821258414658333,0.06349060192634877,-0.46943374786184927,-0.4048210319965721,-0.6872351654277066,1.0868689813825196,0.14350654273892338,0.4702575824402572,-0.2391783342580722,0.17813792385769855,-0.544810490764468,0.23944547535880592,0.7505417063722772,3.008661016087266,-0.911372797844888,-0.0870146476530066,-1.3906744643273188,-0.3207223310810886,-2.4046240938446473,-1.5644088238643834,-8.04117919437336,-3.2409764344338856,-8.345238147365356,7.812952680451455,-13.245110558464724,7.080720109318576,-0.007345641416147208,-3.0738073605413514,8.41463171104266,16.36438877268183,6.6585031647392725,-4.078980070168571,-16.371591136445957,-0.0642051008383781,6.032205534895371,37.33144039625884,13.946305791715503,366.96208165468715,46.72286799907976,-25.91791788818588,593.468170790553,-1016.7535980863961,-159.45529191305286,-409.70937371245833,0.1371648436099534,60.83768279160682,-379.7454657762473,-634.3337487869092,113.22353351375514,-196.17807864554794,2078.286795981407,75.56756027748693,1.0
-0.7676588335248457,-0.021181917068156152,0.29311281650779264,0.7262876857186,0.06992714944830404,-0.5292073282191946,-0.43307735464077945,-0.7242655042359296,1.1290661990815476,0.026514151762125928,0.757541828275685,-0.28027438466271903,0.11706643941790208,-0.5100268459475935,0.45748571181631237,0.6865329755487863,2.863951948187341,-1.0033780180002714,0.051412050592107676,-1.4084245970972071,0.4479926797366739,-2.2094787947317047,4.853267170244407,-6.170161927959723,-3.9757055245983746,4.896570512048644,-5.879487697324125,-2.0061656773866523,16.750452541630256,-1.411092453471082,-2.6982990928707022,-4.751721878615073,3.75193751219972,-15.234053909205933,-17.222885132014763,0.301086892587917,6.889187677267237,-15.321002657834931,52.74274394015205,16.229404761960062,300.9401395258907,147.78978663381497,149.80230132091725,689.2278642081166,-1098.5234915186825,268.9734239336731,46.072952548697856,143.24644237978197,35.88350074563872,-699.9872682303234,-869.1711890558871,-921.1154006650739,-1647.1444652212263,278.24720991802,-85.46924264925387,1.0
-0.7975500863798187,-0.0032996611607771674,0.2530777142241307,0.6851958420230593,0.10681410642245494,-0.5956407037041792,-0.40535115250147413,-0.6219189957632368,0.7776679420341063,-0.039243547671476586,1.1590875881667326,-0.3161258408637604,-0.016741837085950697,-0.632977525408651,0.39020074518150555,0.5008851511186334,2.479521145074982,-0.768714528463812,0.1664341343261957,-1.5137217581437346,1.0619341133005669,-1.7657294411673927,8.983752541072233,-5.135763174527195,1.192634442131717,5.471537591508062,-24.592774793521745,-0.7025117230795146,19.189809217735636,-0.80656885653532,-6.43467471929346,-4.623516488562163,-6.408621024833404,-0.7468911863215812,-7.140092533909645,15.642265647842896,3.3672481148988007,-1.1092031834169338,12.410615747095777,25.0243276222747,130.69906507410667,-26.107269950716557,218.95726921610313,7.5418144546557615,-539.6668607470743,439.87640568253255,-335.5657723825878,108.5120896414504,123.03548866661237,82.04472588774648,-249.00266609747788,558.9871050614084,1150.7196460843606,-640.3649578267232,-69.62443050199813,1.0
-0.8304250690493583,0.01600189989599291,0.2231255081074212,0.6385304563065789,0.13279052707175262,-0.6748393195265605,-0.345307725239165,-0.4382159573038535,0.260145253680174,0.007361292268626836,1.3282620041840196,-0.28272016242252335,-0.11840073115862296,-0.7289913298593367,0.23575217068333149,0.4688637114377902,2.4357897165535927,-0.5519435230351077,0.20179389564227948,-1.73168895351074,0.844651255308478,-1.3479581103723,8.601628404389142,-7.531224758957519,1.519884520443242,10.50442199554895,-25.212764131927084,3.0305096040201915,2.143205834334143,1.612079451040185,-4.059251633466691,-5.450145354218195,-7.9962893082514634,-4.14074508097972,-0.8939890391347869,7.0318348666231305,1.5679635174992308,-8.89130698379337,-17.753768307344515,10.165886745906366,-98.5811123803287,-99.13446504879637,-19.02828778212073,70.45106809375886,219.275581318884,-3.4730209555296767,-506.9790709298954,-70.68802379268318,102.35596387955869,-96.55898957151423,61.97287641233933,-364.1590570550209,-41.97200624356921,-279.2405055422186,34.601322066493765,1.0
-0.8649944648743755,0.029252955608229,0.19596262236015816,0.5751690129476439,0.1424922827666399,-0.748792891833722,-0.29696087458801146,-0.2524100151181867,-0.1928649676741708,0.08102783585526863,1.4222465278307326,-0.2808493611266817,-0.19766081951595865,-0.8688612839116068,0.12183856089618271,0.30339073132826233,2.3517759314669355,-0.5922911560050076,0.3348620354375237,-1.7742915484400814,0.539989350377309,-1.4834512007321123,5.889482825820295,-7.98806983385617,0.6667839378176263,8.334147129515394,-19.17182143854713,5.398567836915624,6.008405702841902,-0.05549751380813023,-3.416542716691055,-8.059461578299342,-3.5816842594503564,-12.435516335291492,-13.962914673605647,-10.167394434042919,2.6341703074617038,-9.34525942429018,-10.18897340756319,-24.726258787233633,-174.57592544508128,52.05370606450764,-96.72481831611448,-123.5339879632275,468.07129934593587,244.06040513553918,91.31904148143154,9.236336450628453,65.77422860813012,-40.365532165968865,275.8543712582334,-339.1409619300618,-1618.2372151443515,-453.99304650556854,-383.7654081875446,1.0
-0.8867986925649092,0.042309070795345724,0.17168142942106823,0.5470611239926244,0.13215019120909235,-0.7824510954250856,-0.2665159223149905,-0.2281963343444099,-0.470730286576402,0.23813932437275626,1.5268913652754377,-0.2821021734095969,-0.04297675224643817,-1.0599662209012788,0.07554189350043233,0.10964165843414318,1.9200999253364803,-0.5484769109372309,0.32966605964714946,-0.1378024741423668,0.7591971290650288,-0.7385476210932862,0.8276155391354318,0.34201453226674206,3.551235554643296,-6.163259920570966,-12.556641558904754,6.080905791100577,5.526339823031276,0.9694525156492546,9.583966576917886,-12.217069133521433,-2.0935290663369455,-7.180621984766158,-23.354733884170884,4.030796163055929,-1.2601074060255653,75.52562018500772,2.4848887332612186,29.783799984015197,-178.31277569782262,328.5247064223039,47.16604512294701,-839.9444472043538,-393.30646769803633,-1538.7504152497404,-220.8072873693232,557.1262225075149,510.0911517522212,-106.60843960872823,149.37100359324592,332.00249527214635,-91.80366686393779,-102.12977432353316,-35.99209632556889,1.0
-0.8855108001593993,0.054560106096187826,0.16124118887491287,0.5747930932851277,0.08706882318485877,-0.7776736410060818,-0.23928148282987155,-0.3774902062750435,-0.6060787712319373,0.22557478516886453,1.5774807152592127,-0.024486457588939976,0.3433358733225307,-1.2816130518291224,-0.056251640066182315,-0.026884653909632295,1.675586346727161,-0.41129960145924216,0.15177417186067646,0.02296298013242456,0.4799091181668095,-0.4518956954775542,-1.834386342332246,1.9921986793442423,7.176608652154135,-6.845526875496728,-1.0156832131052216,-4.327376040933133,0.12207340433967917,13.810997287596612,12.85002358996639,-10.094454566331537,-9.429043042033445,-5.667000749753138,-2.4293470226371046,5.701603809762391,-8.682665653711746,-15.084677359414691,-11.899228106605946,5.826547937447029,-73.43840736374345,-1.9674456230330786,159.41529531990082,107.4238708784826,378.5065252055593,-474.72176373319274,-382.95945840160005,-172.73592536326836,-1765.8499693188319,95.02118856981676,-298.119020440922,221.91799160963754,1165.8250849959609,-222.16995234775302,186.54718986126875,1.0
-0.8914443971616874,0.059291468694599,0.15565137933554854,0.602774264720898,0.023645754754499707,-0.7674638422001012,-0.21703298133631546,-0.4248155109727484,-0.5538375685952415,0.07571889607953232,1.3636149004740703,0.09326653898384625,0.4060546617429367,-1.4613448427892277,-0.18400870199529024,-0.05174870870510798,1.8839038183317867,-0.33673735321305553,0.031944553023365775,-0.5810129553958213,0.06113373807743223,-0.1855695937704957,-2.9547517945624366,0.95067679627002,6.418855479308264,2.49857351287872,6.611703566554787,-8.331314916290538,-22.55849177122227,-0.7538360612782554,-0.6647522274256736,-7.800132270971284,-4.065115076905569,1.5028043768161035,20.51292512142823,2.6874679878142516,-4.695459340249262,-32.743431550857416,-21.534605133581266,2.2778755080753426,-103.86391317717985,-105.01858374515263,-46.079454958440905,563.2345816080384,607.7458844033104,113.05374865633631,-1188.2173560959202,-351.48038432800297,-195.05343509443705,255.440940356747,272.47251957586894,170.35098705213403,1070.0494770850512,-72.97675632965097,109.39031764287247,1.0
-0.9075058525555526,0.054903434858649666,0.14856557540985593,0.6220513641425633,-0.04836389496553999,-0.750844347123545,-0.21666979582940574,-0.35399760537379965,-0.19301110949659026,0.19284026803576412,0.7907882080701135,-0.015352101837424553,0.37258353647073683,-1.550196093683253,-0.20987390302405107,-0.009503287937197694,2.4243122701774924,-0.1119939529661608,0.020534506182031776,-0.9294194688099779,-0.5120539396611122,-0.5620780050420956,-6.9143506195116835,1.3022036744089451,5.915090918345251,2.374633202081379,25.859976284302267,18.514452321567482,-28.17344631294475,-6.3763587946846885,-1.8769096756303318,-0.3909301299988359,0.6876000601153884,1.2643146317247835,29.58355198324033,12.8924771377108,0.24608276655059752,-6.248745283025896,-32.15306289523573,-25.864280067540466,-277.01438444883183,63.34729540879792,40.86201328528645,-323.44337912485196,454.5613329716733,1109.917041678246,574.379416261459,32.02883388681744,8.652655489137473,514.731689632268,167.9787595789521,-103.21938406673601,99.83040000041218,-1.7947319057677291,15.082113378032437,1.0
-0.927111691224918,0.04277795458628011,0.13143571371231383,0.648004391793014,-0.16034627565267834,-0.70500338541483,-0.23947777904204443,-0.4127311028041807,0.28188092171631507,0.6208381337083267,0.23233551097676244,-0.11627981930715516,0.33977992206303037,-1.4559114593590323,-0.23057012560332174,0.16396687998952503,2.877460868859183,0.3771275245554432,0.03658829321696464,-1.008968368432187,-0.7118660333067355,-1.14370333430858,-12.208994043699688,3.819363185076528,9.492193786876218,-13.073161863953533,18.448237482996493,7.717307086675944,-22.58640769234112,-4.423218144394915,-1.3490016872191049,9.098349026904794,-1.781198153509531,16.25967776409041,14.719884178942898,19.136811553494,2.4769579801653845,-23.135765956178883,-13.800019226407668,-37.576173504062204,-405.9514148187965,180.25530148245977,140.70764110262164,-1611.616188640825,-545.2997358349704,-3112.789605510347,815.1845812682349,74.60378132428772,39.67325454015204,565.2953417783012,-128.0896501015133,115.43352264499276,-1887.3871512469934,-3066.721940882862,1182.3823336989285,1.0
-0.9516811381554653,0.028969074555001983,0.11118263230175755,0.6546075766258599,-0.28509765417766225,-0.6336916242760746,-0.29773003464340647,-0.7691589726927893,0.5565749674546109,0.5454070123286305,-0.22195982032126862,-0.4806284554533041,0.3094062891138644,-1.1848815985231946,-0.10414963943371734,0.2760432582390673,2.9631705841921794,0.39925466846346686,0.16632915318528807,-1.306600987735158,-0.6498384434431436,-0.80904101463759,-14.389855992054864,2.0463282724394283,5.241807795852994,-23.365389064164262,11.056347702109932,-9.88540098142875,-12.043316706304912,-21.568526030401983,-1.368409194792168,15.377483879325546,10.21290847655683,-2.4603001415859613,0.5059973887361005,-3.375290110405505,9.873865781578527,-4.081418798472038,9.480052841140715,26.542577983155333,11.764635774678496,-150.62931215326927,-10.565543659371889,-699.9151208608691,-338.4582087000824,-201.26100418248302,1815.5980091420174,-29.383058658882604,30.09154636616304,109.0414532825449,314.9228590246794,-470.70882706763194,-217.96673752611548,-131.77949978212484,220.38314783536123,1.0
-0.9732897543895935,0.02140894513731753,0.10481466777825235,0.6307423906621007,-0.4043128850747513,-0.5756645463440448,-0.3275751175942631,-1.2319653781255528,0.5971387634649371,0.43659892281206514,-0.2597691127296621,-0.8730694743356997,0.26966543674649945,-0.9032034865126016,0.051213287662110626,0.012473577877264955,2.9381552482336812,0.2437859598854677,0.3129428062561273,-0.8966283991449642,-0.21583202267711823,-0.016382709606828104,-10.509023766032552,-2.2271855896364623,7.092107623838362,-19.664795711931887,-4.604989449154186,-0.1959013540865706,2.1417771434494863,-16.21134564677915,-1.5476877212547684,13.158261091920682,6.801789455437752,-18.604228760804403,-1.7941285719426776,-9.942532557777518,3.9998696912201686,21.41033139038519,13.734904460428167,24.33453485078395,176.03935191395536,-161.48674901196802,46.85807001589555,595.8296384176607,-628.9367637520605,558.1128385608321,202.41403137458406,399.1704445211859,70.43498669837355,-101.20973775312495,-2.298673946311519,-66.11151335958206,-0.8048237839359946,-61.09695891424645,-342.2797889980317,1.0
-0.9887134098467489,0.020563320112875646,0.10811969223513318,0.5981880884575683,-0.5190426916879606,-0.5257305479627914,-0.3104401487751565,-1.500684897054238,0.4089629936013654,0.643925262106805,-0.12287792372258145,-0.9236237904463168,0.24516688941670792,-0.6589243590897351,0.18911989670398763,-0.32524075339518727,2.8795311673230337,0.014281306743876905,0.3175042604863936,-0.7763647806287416,0.1518578582247427,0.46611093538869197,-8.433487374824589,-3.4117683823559934,9.663655278926537,-8.622377729920663,-12.08362914269722,12.457097167115766,8.910542343761659,1.1269392966986063,-0.7486278257014877,11.160886638243342,8.748157697775161,-14.823222537595537,-5.407755533550933,-11.21274353701496,-3.787421951210853,-17.391695401081638,21.44303547082719,77.71998610856403,276.78855278780605,374.8941176114116,53.134430841572524,260.4367727703611,-160.15887422180919,-67.35110425133043,49.83745769347087,112.85298097426866,36.924896531779524,-600.9978684283076,145.7765933209112,213.19417471698404,-373.33931741795675,682.4967684451212,-343.06959654605504,1.0
-1.0039427392581006,0.027558020390310013,0.12610294320786813,0.5913573916409098,-0.5946950413907501,-0.4638474875711396,-0.2854465823422246,-1.6293609166522418,0.186357313429499,0.9335268835378714,0.06973846488095377,-0.9030079359051179,0.18271091524130764,-0.5579480658073521,0.382372525015996,-0.5439716456132062,2.7324364802767356,-0.19264775477083873,0.2256195578326484,-0.718420539074633,0.5120864350670288,1.2048961988563969,-4.184730633270872,0.6670782867077799,7.35112952019194,-4.944022087259262,-10.428051202171043,11.147980369802262,9.072751465070258,0.8703933445265282,-3.0817392762557074,2.033548029198063,10.791446123035637,-8.526145312929454,-7.402955466880396,-12.048200135890653,-3.4495290909049383,5.438430317660988,15.839380841087594,28.70606240976707,58.65584862025201,26.11115984408272,-72.54464228100711,139.72994205327683,2.2726320311685964,-508.1028773383386,-132.49941578225383,-20.220044334507868,42.61449638148012,-234.2686488068236,121.40500483266,227.366409104509,-81.12030902076268,-114.072365597875,107.36089181107793,1.0
-1.0148526352920704,0.041161036745668386,0.15535949976617877,0.5879626649911192,-0.6446642935279644,-0.41151686004771026,-0.26336614650160634,-1.8047825205935006,0.02229219397109948,0.8392659306686018,0.5897610423473423,-0.7968943701799808,0.1438590298954392,-0.5121520586034097,0.5332956972371439,-0.644995079310916,2.5588998965031036,-0.4541686899626152,0.20100729288662472,-0.41243111295816637,0.8330449720011013,1.6269808554230725,-3.162832233738484,-0.263849354622381,6.144949954946014,-8.31409174512033,-8.285780119073605,-5.122052392947985,27.79018174783368,7.115997697274709,-1.7461185386861606,2.9843562913010984,4.460464508616994,-2.491740755346486,-10.029168866321772,-13.729221684743909,0.5059971578390207,12.182968413752182,17.47121278856053,9.564347304375667,83.37483102732668,-10.767488819764694,-21.629784707896846,245.58780406311493,-125.06486572587494,492.47894301137796,-502.35386962130593,16.564108778992573,34.69612735348295,70.75531661233441,-574.904088165059,201.65251241736732,-130.83730653267486,37.36495504959635,41.73151646585009,1.0
-1.0237510244974237,0.062388017754291536,0.1865451274847207,0.5852218490844284,-0.6788033969009553,-0.370331130343411,-0.2441233082040697,-1.8971277591415725,-0.1308928053414025,0.838397423429793,0.9993587071848582,-0.6584697816893722,0.11478126034561906,-0.474637369364453,0.556486529539158,-0.5734386899318137,2.1192101710738935,-0.6919076825876629,0.042754808769365105,-0.5677823756795951,1.3195141182535604,1.4191520375082523,-2.058546031221231,0.5713184810344095,3.7475223188602547,-0.6485818177067788,-4.84448441782612,4.475255727127987,15.95091750502776,5.708745395421639,-1.131517606072319,2.1665928039215356,-0.21875336216454974,7.858869840877699,-33.95923734828754,-8.50141021441478,-8.868246071573331,-17.286382133737657,38.203188641872,-25.12340845225562,38.40973097656318,44.93953995626921,-138.35138190297084,416.14590079295317,266.5038784226472,179.23653676816662,-466.77375882258366,-134.57863937869936,30.3598151992116,203.75447046547526,-76.51490814598132,346.3138328676766,-1422.9984717471034,294.46490748694066,125.56588388398379,1.0
-1.031635161124381,0.0947391768119514,0.21324180057370704,0.5822775201320876,-0.6924944261112034,-0.357980744148736,-0.23076859875741118,-1.861775234700633,-0.18728705766281672,0.8780191659392493,1.3658258007549529,-0.6254950953064219,0.0933066807923316,-0.3307780934506206,0.43364860232294705,-0.46108750561883827,1.6590043701055206,-0.38679451276900295,0.12553548474975404,-0.31898182334979436,1.8484719887106944,1.205584728001965,0.03298623603243475,-1.0883146897565743,0.5187506022666658,3.6952260847899123,-1.704184686446098,-0.40258582041581237,17.16645902299691,0.8897270642969209,-0.8807552274888487,9.781541801853274,-9.443115751979766,5.075817277207258,-22.864535890761115,7.303248586047202,-1.184643844007153,-0.8601005564329537,27.52460229557188,-18.158806866989718,60.71819045888032,-0.5240697414114912,-178.79161925080632,188.35809422540387,99.78443180701656,-315.8241234532852,-297.78581288751934,-4.89075890335277,21.760333784980826,317.27559117726474,-73.75633359370316,166.36683465045738,-1391.9661465933552,-2737.6439813093075,-1445.8857713963887,1.0
-1.0390167301478905,0.13323038630250872,0.23229587899415702,0.5810725935577652,-0.6843483799893942,-0.3722077492510926,-0.2355489911236722,-1.7894572302654344,-0.20597518128591905,0.7726976376082692,1.6222379490027152,-0.5522404422020365,0.10869384264177119,-0.11470852828101129,0.22149358592634372,-0.44073508787407045,1.0053200525411248,-0.43750918958734386,0.04542500456420717,-0.35610468353221136,1.8816520221477582,0.6521779711581835,1.5026432676198742,0.5203863769198129,-3.7744920272902007,3.4685838026005777,-0.06260321141008884,-8.284376199765184,8.407707374610084,3.6566770508564383,1.0274512594307654,9.839214505303763,-11.993061974937946,-2.548048079280536,-35.530970716279086,-4.694989175636889,-3.691421841950922,5.1970576854451265,-13.428386649168086,-39.223514738735915,144.05963756398927,112.76081898162117,-284.77665624291706,-20.292720227752856,122.67870563317723,-257.13155499428643,-520.3295681128548,-89.0890287973206,-2.349734197164534,-306.1255173532376,-153.74946198115418,-341.80193488274506,170.87544169640955,-19.412318839293334,108.83671722839048,1.0
-1.0492723458997226,0.16699545132211413,0.24139708037145524,0.5829888159113391,-0.6532384636898907,-0.3999183383174543,-0.27105142087023393,-1.7139308464336505,-0.19025681893472715,0.5647589704266149,1.7654665912789176,-0.4449170329038975,0.17803280194035387,-0.0016056133679115446,0.03710576625393927,-0.6166112239605117,0.33587469104962203,-0.6304531739916744,0.14638503190995644,-0.629180863439418,1.4988565489877403,0.2416928425927109,1.179572263767561,2.7266660294386496,-6.430769749762033,3.548472666008747,1.2223245832861633,-12.26896518744379,5.57085521138642,5.118013123014811,3.4421604328557986,-0.44650246767169577,-6.438016203916717,-8.948719253215078,-25.9818340895053,-10.26826001427917,5.777932712566844,-12.012697758868773,-18.560553216935837,-25.192273947275794,-11.450852936519027,121.38109275626194,-142.86106121986268,-9.504972283426813,32.64674372773919,-173.4926587191953,-197.27468740843412,-89.78620997804758,-50.6537711693754,-824.0806832195728,327.57537020280114,511.56572550943815,1130.574481910207,28.811913736570673,-126.17172749303911,1.0
-1.062885008729914,0.19454600136858272,0.24077417974822182,0.5858662981080189,-0.6057442963224889,-0.4250330091818039,-0.3304261934530011,-1.6318960694247333,-0.18033379405918393,0.32499470752446513,1.77873245481595,-0.3586854246188615,0.186780067885909,-0.1777490938160376,-0.01769991843390155,-0.4879122607590227,0.0297678922543456,-0.8197781409871489,0.15119259875304644,-0.6759587048865271,1.3251135531606686,-0.16758018611323167,1.220393914875396,4.2169243805830945,-6.834291737113655,4.951773138254764,-0.16905105069220627,-10.935764263358216,-2.022947937824437,3.3073895200144654,-0.0406454791830073,-12.272832289476824,-1.8223375885354265,9.588100799845664,-8.550444309695362,-8.40297192680106,-0.7036484067247997,2.2279291232933485,-4.2026680672362,-8.45029807477534,-12.868320392417706,10.816735780411262,30.638850879785647,104.54811802414198,-62.90815994925813,158.15332844045008,-185.80807531686722,-109.92697476663648,0.9814220192826459,-193.05347087768544,43.227429050171374,-257.6470572271967,571.18491910422,143.5328763694543,18.14674053935035,1.0
-1.075928612267728,0.2201838303736598,0.23725658033090263,0.580277608138094,-0.5548588552888668,-0.4510710910963408,-0.38980048611849827,-1.4933248902397742,-0.14396822954858007,0.15976741384933735,1.7432617687257048,-0.3499073050721047,0.13970858160990499,-0.4615124682342374,-0.044812835983531474,-0.37932164548451824,0.08133923613459254,-0.923136904778198,0.11921621948420619,-0.6278082777134496,1.2622302194624835,-0.10732008539476745,0.764082480110646,2.5727385669287193,-7.4556658214660505,8.675562165450774,2.7755979956250147,-6.078055717170481,-1.4822541307290802,-0.3546777282309198,-2.4057259015169468,-13.528225068817582,-0.0988168702825728,1.9835469589791375,5.997857487611689,-1.3942137694615022,-1.5091531532254727,3.602060912806904,2.8161362927313056,13.847187686922757,-21.287968657536922,-158.28316633899067,18.713210301593687,309.59884801488363,72.07580045377314,263.1635046694245,-2.616801855535492,-70.16538924092772,51.33984341836572,256.9255170726868,166.54916957413437,-303.7983248390766,44.79035296616186,288.0522651227314,26.818612879307263,1.0
-1.0873450927728072,0.24647299067486014,0.2386243346616091,0.5557962149105738,-0.5129348341854849,-0.49028927419533114,-0.43313375645313557,-1.2374442443458686,-0.0850629064428067,0.08983933490622466,1.7143091942331938,-0.3987088377192217,0.09192965591301308,-0.6741307647353213,-0.028373052700511863,-0.4298475455093607,0.22624770912709835,-0.9195729664711568,0.1559540114615493,-0.5352569993319733,1.3634790275791608,0.2426523451423052,0.6541613018183925,-1.0203161443633277,-7.771219275626721,16.35328973229768,2.9589271334126748,-1.3668832812374112,-1.7948659534961906,-2.5001077192217966,-2.0858152376104964,-7.760924571748749,2.259317628004546,-3.338903043667955,6.488479728140552,0.7232449186342518,2.10031854097806,2.752744266272958,4.942312254317773,20.97435954791425,-4.031916425508393,-187.23989496821451,-45.09898287434952,393.82570675186946,-12.103345727274489,234.5486350611493,-64.97125581117128,56.74655864538546,36.455719774511515,331.6602051544823,198.32287394357385,49.568710306793335,-163.84899784134282,19.308174208661264,-32.86020107257546,1.0
-1.0963699745061382,0.27255886117494,0.24655992241648456,0.511647322099926,-0.4729515603804642,-0.5477973628884594,-0.4630895038047272,-0.8517611876689216,-0.07560974407335186,0.08971475610460071,1.6789311120119383,-0.4316841097572297,0.06881529953833879,-0.8181373784410539,0.046765551697348154,-0.46701867410148123,0.35201381145430866,-0.9039236977945809,0.2877993920436735,-0.40918309458025065,1.2305981015636132,0.5543643257898428,1.2038222111026398,-3.0411487339891567,-9.176955449234647,21.746021575226933,-1.8302188264775574,1.1969797601818442,-2.131345527005606,-1.047148616436246,-0.849522258822932,-6.344862090127146,5.297976443341804,-1.1555685818381576,5.072207791280017,0.7093435122881029,4.569972974435206,1.6244803379500823,-12.139948494442038,18.736348571449508,9.760386325421369,-101.38443346640267,-80.38987077904302,241.87122478641152,-278.94545099296374,134.41613370437136,-62.24674580028172,65.83026267819268,18.92438008325323,99.88874733308404,191.71280483190952,31.065944357615784,-173.59229843524443,-13.944391190043842,-614.3253062936041,1.0
-1.1057214904273642,0.2948914706841997,0.26128044458896704,0.4445284682204665,-0.42823039340988195,-0.6170204969077465,-0.48815866016829124,-0.38353545510025144,-0.17588766633555694,0.15270715414923156,1.543502842826396,-0.4407174918868212,0.14022284301527305,-0.8676835516989836,0.17744282369684972,-0.6611474200844585,0.3396584448960955,-0.8962294129362579,0.3121321611515196,-0.5512585761481368,0.9134327229422811,0.831277115682218,0.6056187720360651,-4.433193323798318,-10.832445337528421,23.18608477868646,-7.707163559093709,4.094897819538104,-8.89244235732406,-0.37802936042816987,3.764595134317625,-1.2299036676693416,8.829655231738592,-11.286481416112615,-2.6368834436710036,0.22080624515660596,-0.1288606448165113,-12.010681218402306,-30.759691723440163,4.266909698998321,-52.54430407469095,-17.763339220440297,-46.403553517022246,-166.60149266212608,-302.646019368723,43.97342658688232,-78.63035467579036,-3.9019954838964384,-70.45547632790903,-0.19092593749905262,295.3149570927919,102.84105946086864,-78.3783194920278,-11.711687914729595,-70.89164225186259,1.0
-1.118963151070825,0.30912054691695523,0.2774221688469346,0.3701653371733122,-0.38879320191768985,-0.6766766835574082,-0.5039108405538684,0.05224864663086039,-0.350599228376785,0.20334951825382908,1.1878320489566445,-0.4081175349005101,0.279791815112577,-1.0285646875987196,0.3295795381577538,-0.6045940445563203,0.7107207567459015,-0.7172246149963536,0.2607009930540515,-0.8513706132749211,0.5882432750234992,0.710834325212419,-0.052044020904724764,-4.775263072229504,-6.810208734893814,20.08800271672742,-7.919990103730135,-0.21312675297997374,-19.700391115916158,1.1049807662579059,5.455109486092798,-9.319978644379612,6.017881733988025,3.408241859245368,23.459294849731084,10.715601079294533,-2.3412105520560504,-25.07181005154315,-8.36357659343781,-20.53204262581752,-97.65845682349453,7.371207196222182,365.90807193382125,-236.96317609580015,262.3311241968758,-338.6654175824696,225.52125528760678,-114.71002391218879,-712.5427715124886,100.70170211208246,-234.57664666481188,-407.43138939084776,-217.48785823598178,-58.47377332470528,65.29531078948642,1.0
-1.1358903062097485,0.32477395370558454,0.29548099932057187,0.32013703143899125,-0.39555605299623325,-0.7128287001494913,-0.4826209012078306,0.4204931977368885,-0.506122647210727,0.07494132776316445,0.7365726416451144,-0.05548612781938198,0.3122934112979858,-1.2084297188181672,0.27987413585006843,-0.5864321975869289,1.5329890178785646,-0.5777683372487218,0.12927922990197016,-0.8914309381594338,1.0263778225122393,0.9830873000346416,1.7183733929633793,-6.621427311870362,0.7249444468815109,17.514948161062062,-5.4630896702314,-10.519998484993737,-20.35400844320421,17.75499208753919,0.1578600041435959,-5.176414086403789,-7.540292899230697,0.5948232633883301,45.31365644781777,6.4221457493325875,-6.3928709992779575,-10.467818543757689,33.64675962821111,-3.8105860406078307,3.482115615588631,-55.39373155112651,343.6231260160513,1.9736348982877105,442.9541076298412,-391.10055342485515,262.5111449202008,-781.3347969104273,-61.39923780849354,648.2890991133497,-342.1820777569923,171.85412708763434,-308.62866395117044,-35.14380347170279,115.7798214717643,1.0
-1.153128746090633,0.35215634089199477,0.31370228500402303,0.3019759061223023,-0.4584367496648876,-0.7212538125699816,-0.4224206866757044,0.7879845237838508,-0.5023218882101091,-0.22450135574944097,0.305443354918061,0.17781003055317807,0.309761223275362,-1.1708063656865983,0.01307981396842645,-0.4592379137600653,2.5135624777697845,-0.2689365333466739,-0.05333694404406131,-0.9067531936056125,1.6442119730377582,0.6379151515976655,1.463286375905993,-6.716630521758635,8.52961221146986,17.135704683360373,8.008421388639789,-12.653054146234945,-22.322331174279142,2.827491072256006,-0.13781221887892053,8.41143149232847,-15.240505859145474,15.112269967979397,46.668283511078386,16.7385554046811,-8.36168290179487,-10.319218891055986,26.005257505531098,-48.43651995288332,-139.40572433665128,78.01432625774594,367.7162002225594,-352.15105742616305,1026.1659081938446,663.5515133852005,-91.2232809506124,-1158.4923642746978,11.242136263551028,728.0593530015691,-35.29852789949173,1404.0779663712422,-568.8021857743868,-76.19469929712706,139.2547735013398,1.0
-1.1839804702340084,0.3884088810682571,0.31386458132171347,0.2853018357456454,-0.5558610075352306,-0.6783379111479754,-0.38662524635812884,0.986679730842745,-0.052569451391374006,0.14898282872207635,-0.08572838909582298,0.31012506739778883,0.26674066683853837,-0.8343246557146895,-0.08436821687288007,0.03247888550758207,3.119793037636461,-0.13293625182828384,-0.2086634543580473,-2.129837185462498,1.6372896011702103,-0.07299556313490238,-6.475100449813977,-3.7211875865099966,11.453413954087164,5.4150814940640934,27.037279961912734,17.81068558010194,-14.49982753195255,6.171245525834883,-2.06943631232956,20.904262520719833,-0.41567608039258686,16.128992288745884,10.305096452492856,5.813395527843043,-7.927371630080368,-53.05853674286889,-94.56707709510371,86.74553400289902,-270.93245177904345,348.18148673112717,246.0885408930554,-395.49827246893904,135.45231597444774,-1451.2617322500673,432.1256107936131,-140.7008354172748,131.3074302346991,-217.80266913262741,359.22560451741174,-1563.3884727942423,-1709.2519456031166,664.4088931679994,1043.8267846442177,1.0
-1.227076465980626,0.41023569730859066,0.3189060128322765,0.2870634032780978,-0.6610347795820414,-0.5744856575830788,-0.3880642368379935,0.9372492571458394,0.4743207958704325,0.21335576709428594,-0.14447324434932135,-0.02652948406684391,0.20384849581555411,-0.49955523768742466,-0.06766244002647397,0.20408306846447383,3.162340662119804,0.033756816537040366,-0.20178640885907767,-2.0454475229293454,0.8653703908758729,0.2595717686468007,-6.269447362675948,1.1178053655260836,14.480581269949006,-9.73291492914133,25.896971150462146,-3.8585628487218404,1.9465654205195977,-19.221371237891045,-2.7082839070036546,13.835549969155666,-0.17153658104244257,4.245087446562906,-0.4965997117849247,6.373606182124857,0.786778585083426,21.682579822842225,-15.010293293239135,-15.618867926961704,164.2001108947765,233.0430779471611,155.51934593040679,-971.554956091322,-143.2946490050906,-481.8226147565079,270.4799198502145,340.01415403804157,65.30418395817142,-327.8437019332558,-245.19161449817298,-170.10691590196765,-122.3602675316612,-237.19391257637318,-264.11724739823336,1.0
-1.2641848722581315,0.4238445055543034,0.3168653292939243,0.32370136054748166,-0.7190716227473497,-0.4646653760216706,-0.4027896707536588,0.4551684111579981,0.8466142721224186,0.05492578329593315,0.11103077774943898,-0.232888389088389,0.06374130862811334,-0.3831050684887563,-0.02752126714399923,0.31428793865004123,3.138765086250721,0.07191889340537595,-0.2259223490426484,-1.7348565622774772,0.5359841879125616,-0.31055555824106135,-2.908182194468634,5.506568185592767,8.57505991972698,-31.215640609783872,11.478400174703001,-7.350108221549227,13.61917335133488,-5.659474313038239,-6.613775935567954,0.15892773647197056,4.082645638684001,7.207567136847028,-1.7830124474226292,-1.0283201696375168,-1.5028136959548688,15.557386513759443,-12.389153660494173,-14.072308587994755,145.3405503228762,89.54804069961337,-398.86480602401696,-275.15974964435736,-893.1774279707352,234.1107778510288,-370.98730013860984,298.8246048943244,154.19796684255365,-503.20529822472884,161.07578575714072,242.0021307344889,-60.72112824177934,-367.57286806790967,-27.271258320698937,1.0
-1.2937083267872307,0.4333152599670144,0.309872186160309,0.34943926549324794,-0.7159655706905022,-0.41956179263203613,-0.4350326464539807,-0.06184972751313117,0.8647466867623141,-0.12473200324926491,0.4471829146562377,-0.38823941855773203,-0.09930160826139388,-0.44253138817814963,0.07597137023158217,0.4548612222311665,3.0965418279254195,-0.016718438917534717,-0.20462916447694943,-1.224979397692,0.4684427792703374,-0.3594785036107099,0.1980120645476362,4.452555575869634,-0.8406799771144969,-16.30991407002445,-5.998482182080683,-6.303816794863801,15.637269022770484,-6.723587210095727,-7.487529616706233,-4.408902358316047,5.021679950622947,5.833081525377402,-2.175136420320453,-2.2785903378218544,1.3788666331047525,29.48343192463079,1.3906678179628018,-3.0520948844543048,180.61712126887466,-75.32213880326131,-358.42927933909954,1175.0941731039993,-618.9756532907597,423.71432639928514,-277.4957470120944,170.376960964257,117.42761298340325,-96.27806023354903,-109.39338923967236,-141.21720562825445,9.63204946669154,949.7890102080942,-183.28032565932762,1.0
-1.3125307113715574,0.4412127072500848,0.2995257178570964,0.35926831133196974,-0.6631804166371836,-0.45046138041403866,-0.4777055162096038,-0.21842667275707184,0.639646838706104,-0.1355177209527292,0.79079982354078,-0.4789605455374474,-0.23449804776748495,-0.6172647387453899,0.21503069182259024,0.5736443188873223,3.050439436749413,-0.12063819735022241,-0.19100260942772096,-0.7226389081439738,0.37286887530969465,-0.5869194895527164,3.3738170063722084,4.708481322542003,-8.572164608591523,-2.4494755613769166,-14.593244397292594,3.2058801926992966,15.281306658547168,-2.8700053242226993,-5.859036008488913,-10.771285138119467,9.628316004469383,5.749853009673929,-2.7109710091397563,-24.774011350359817,2.9866664388267514,22.351107741301202,-1.8447401414900015,-3.594375500462186,109.73592912427898,-4.5025629202668656,-293.4970805487743,392.3897775892738,-321.41876622413673,312.1787067136739,-370.2295555179665,134.3001547720932,106.16579467269327,-125.37641155374654,342.46284072043625,-45.643004666534175,-50.11382491047343,-2400.667657250274,745.0453805083604,1.0
-1.322819371900907,0.44616276367653596,0.28832554489887546,0.3529600791189144,-0.5729146404015192,-0.5227916895095386,-0.5233324438076898,-0.27453313450545264,0.3163865401442445,0.011846583956131435,1.123044440480845,-0.5655178616269042,-0.2836195680851399,-0.8365586131171167,0.4504555152226274,0.6465799280407869,2.987947753500063,-0.6673773965355269,0.074343383241792,-0.36603570193080154,0.16059742481387293,-0.4854365943691398,4.879263244613823,4.124596777465031,-12.172179237892982,-3.323360788777689,-17.17696939479422,10.307153780253483,14.515288634647296,-3.7576325397178927,-0.6368765183629362,-10.381510117197534,12.97743521934175,1.8775013653714934,-3.4214095306015326,-24.2982449492812,14.04524028429487,16.74873200841241,-7.9587028432533895,11.482874858935359,65.11780518935292,-46.434062253314345,-81.12608628834175,-122.39603131000544,-130.9813546443063,231.02013456728923,-401.95488973805016,96.09537068974184,123.11619188724667,95.34248613667795,-28.073119022058595,-298.0606580179971,-107.83669986134967,492.52167960430666,-244.35142434383442,1.0
-1.3285930755989361,0.4523917468820416,0.2829435139795733,0.3314403906498014,-0.4770640000387051,-0.6004107957301911,-0.549603569569572,-0.3557402477272159,-0.03801033863476875,0.2567457117621232,1.2705270512069948,-0.7082857666013964,-0.28351225554030396,-1.00063306162542,0.6173809890930996,0.33150496612712643,2.714182596258205,-0.6886537505857786,0.34935225584398244,-0.33571557279360875,0.5138584812129768,-0.190281191574614,4.187911398076874,1.5746445727093865,-9.935866187219036,-5.661200131305412,-17.2075555696633,12.135343143395819,2.5213644960468597,-7.127970396809809,0.22941297585006437,-5.912545085327855,1.5355878709058373,-29.189430496421068,-27.363493704599176,7.035922605397007,5.843116635691615,-21.06189511406023,26.340452421609985,-3.15941253516659,-155.675692182062,-110.25306108640481,154.01539027724303,-191.14975413131577,257.5065660626288,-41.55023606500761,-395.29973530749197,87.20270731038697,8.368075140496302,596.0971433673557,-482.37361774453785,138.07924017603017,-1705.5529676138658,395.42137492341567,-895.417369043263,1.0
-1.3436706559252412,0.4655933440417041,0.2737232938441434,0.2974361317489126,-0.41369328511594256,-0.6413125316425776,-0.5736792223345809,-0.4581584387032442,-0.16869757490074755,0.5179885848681687,1.2568242978011916,-0.8802588720752025,-0.18890739366247336,-1.0227143339202573,0.5792679537368043,-0.07565327317699327,2.094201495073378,-0.3833580635905919,0.3711544024669996,-1.0324416006164812,0.7073150910853516,-0.6770006868962197,-0.7775132727670804,0.7934832365367488,-7.2455606947486855,-0.47465078165551033,4.52620318327449,13.043246964827029,-4.632657667199369,-7.790469012971516,3.9617538247870003,0.13864256435058597,-5.842987205887377,-13.108525731870971,-19.097172360506864,11.094180160980494,-0.777647117955033,-4.931788448726791,20.175000210186834,-16.8074144159133,-99.99542955687761,-31.285915480353154,185.93168091606177,398.4042725419427,631.8865713861071,-478.53928246383737,-907.7323123753539,463.69781020240947,-127.09480997109046,449.95960154788753,-704.5391959457013,474.132671808023,1682.7019064280298,-651.5994938801176,-13.884310745651911,1.0
-1.3561066489804565,0.48184600979996506,0.26093045678107035,0.28549401363901283,-0.37633124673011714,-0.6611275783499363,-0.582905040341899,-0.45659906898381925,-0.1981843254043875,0.6664803842316416,0.8291962637324238,-0.6798663520929589,0.20631267431674027,-0.9489136102431973,0.18074859429013385,-0.3428899358689531,2.057455954829539,-0.4041895168406086,0.14977810615219941,-0.44545933332395937,0.7416987318607983,-0.5435722080856573,2.258101826272128,1.1173214558244113,-1.0053909285177864,-1.1194834551283803,-7.495094289025831,-0.010635403088616435,-27.155297789480557,12.776121170967691,20.079093212596295,5.7700720886978605,-30.55762727637391,-17.542692571669075,10.113830392388547,-2.1134840075954955,-11.750814002638208,5.6751734556658455,-16.26129412318835,14.871501766146164,93.60721670036921,-45.12757558445714,398.0133802494497,-111.93330754325511,-684.0701036001709,-835.4800465274379,-208.27997332370452,-188.5262978031937,-259.41822917958467,261.40574924902296,-1119.5837169518331,-865.1622092981571,958.8758879116673,321.7219847839188,60.427922274984475,1.0
-1.3663071099570807,0.49559229568218144,0.25922524989424267,0.3075045973931953,-0.39026719776434143,-0.6742801024866639,-0.5463321154039824,-0.4589098383465276,-0.5307837570147325,0.14813708914284124,0.15392796494006414,-0.24777094459534643,0.40212387028506297,-0.6588309883965837,-0.601740135236329,-0.5943161873747785,2.517432873238829,-0.5058650790076956,0.01503836564099204,-0.807866709277315,0.5265852002348129,0.2583057344516869,3.991896924162383,-3.213831606642595,5.503376835100695,1.9361303380640535,-19.48967069986182,-52.144071269937946,-27.504488114733547,19.54701252886861,1.7858766863711844,22.724819003790106,-42.420401811800815,-4.3659372011514,30.939154079306412,-5.214764795193936,-4.643191604735607,-47.93931098391491,-29.128387965469365,30.652992371975575,11.77106572670013,-221.4198743846019,195.07282865634107,859.1730202614044,120.10610195830851,-2719.7480634407266,428.5591875512772,-528.8209976425228,-478.66238950857695,875.274907741785,-81.82952334649653,962.2715570284342,954.2767384044683,-45.6745377075756,-37.80988216357227,1.0
-1.395044825948074,0.49975782313702755,0.2570891715326063,0.31963742985224425,-0.4372193263467326,-0.6707963657448814,-0.5066590666412868,-0.4655675394977738,-0.6237431007131865,-0.5577845846334255,-0.02743379184714959,0.061522242366527216,0.38079167984784534,0.038696117016669654,-1.1488233491848967,-0.1821146730103283,2.9602999609277965,-0.5072328199588393,0.015905874720922034,-1.8212106348811388,-0.06696169012112366,-0.5174881556999601,-0.27827149773975124,-2.0754817797795257,3.087723264446559,-4.350017611235223,4.222599196763328,-22.487085121167723,-3.0958537248211186,13.240746186129519,-1.9620544663114843,44.691408865103014,-9.536675937338213,49.44982702360787,6.038744743031893,2.164916918624966,0.254219372239987,-31.804390181319476,-30.076747438297613,-58.66419031756285,-197.3269180662653,220.05458762203034,-461.0559914654195,-614.6674929120288,965.8446283632833,1365.895966784234,189.12209771000974,-194.96032952831536,-21.10676044833556,1119.2721986374745,2147.8930992194496,2194.346491889907,-2477.5693788415665,45.292970312537264,-89.95290793785239,1.0
-1.431408970073191,0.5018888552696912,0.24408697585394443,0.2965380426082162,-0.44746765877483746,-0.6653611723562131,-0.5187797162162557,-0.6251328127729656,-0.33162567469931664,-0.3939382690211826,-0.06905192153099964,0.07217110018509375,0.24142612852258907,0.7841789292248194,-1.0446555832878333,0.329403935748574,2.739146597254691,-0.6155876012779149,0.022804189560446626,-1.2635959541530029,0.5539671935499867,-0.034655968679304816,-1.5481334711416022,-2.768449080717545,-1.334296373750117,-5.383800537584231,13.959906268662227,14.138505443525485,-0.6887359303975242,-1.9152344902729181,-6.2865075145432465,16.42814899557174,6.200259450144516,9.70691453508718,-6.838749441772577,-2.6745548155628076,1.9039644662450297,54.736990867627604,60.35147734568316,81.79734119375951,110.47143718591404,-227.48361099076897,107.41187089822473,498.6307248132716,-321.42095620222153,-170.99101659006425,120.30463136391805,-67.32347647355702,142.68231013955346,-1723.536336653748,-35.64471306324604,-936.9646774291833,1200.7782883958166,447.91790646327394,-2.7454584160777813,1.0
-1.4562909299139872,0.5171954677600993,0.25631413224152044,0.2919778182833591,-0.5120246974592931,-0.6439055622869538,-0.4878168607972978,-0.6995645409880754,-0.1569496114863213,0.003822759729076468,-0.07026253133864484,-0.2334674889871844,0.08845461009098762,1.1306377731558714,-0.8410617355226044,0.11843702115220431,2.6679530531317037,-0.6353802277167048,0.034814728010192815,-1.3732800165494001,0.8457051385961912,0.8679423014098134,-1.793998052310076,-4.831776020934653,11.031721027124918,-3.8897086343561296,4.800375478398424,15.940395148806294,-0.07923497194331273,-16.152467317581625,-6.648994484487525,16.554273501193865,15.372608815250567,-19.468044951796454,-2.6821894216553326,-0.8565884115535717,0.1367884424164046,-24.108504831288435,3.6035648510604066,11.573883289597315,-156.04610765623937,17.364083752502893,489.15583501940455,-166.80187061026308,-374.3975274128936,-794.6072134456442,4.678988141575225,245.07264735549438,153.08882234555924,-331.716545606205,746.760469523561,-349.7389575187642,11.982809293235771,4.4963619040405405,27.035226493826777,1.0
-1.490188518655824,0.5353643831979986,0.27721036855076986,0.31560482875568924,-0.6429239564124744,-0.5478883521741864,-0.4322739084063214,-0.862654187923153,-0.15362289830184028,0.15715578725466123,0.14965311068939052,-0.36378546261807876,0.004257662339142377,1.3594025407025805,-0.3156213427067222,-0.2504580572774083,2.5346603553418654,-0.7057551246398289,0.027009007637441435,-2.004395270739305,0.9998766296467153,1.168405794178732,-5.360236061591372,-4.650975649303027,19.017639493791073,-9.825644275230793,-2.1507979515650777,3.7205925532815893,13.480973603550094,-2.3950290520279154,-3.226862874215489,5.827980612442142,34.176415798848865,-14.245604858364313,-14.548188966138863,-12.211077966418918,-1.2027033573572012,-31.603271012611035,11.58384308667027,9.156769440423066,-175.91679339344842,69.25851511245081,159.33043303790964,-97.24609017788312,-177.23709511335568,-254.8090154441609,-146.11694077499897,257.2630829224183,70.58302637444483,-721.860093855963,626.9305310323805,738.7527844666475,-1538.633078105842,-1720.9151631198022,164.5500630781354,1.0
-1.5316835205719492,0.5583096206215277,0.30674643644508215,0.3167394654659633,-0.7676229066581112,-0.4130761627099289,-0.3738974030277926,-1.1261279722459292,-0.21830652762826475,0.11974846639020797,0.688261740188585,-0.39595414858319183,-0.03472484301636232,1.4400311992203394,0.3335461142440624,-0.3937886324235229,2.1769019016237476,-0.9140721946490946,0.028654034648941017,-2.0105843218442683,1.4001731475077739,1.7612758894845804,-6.852228814845834,-4.08496285211005,15.956333308565021,-13.256597770281667,-3.9637422876026815,-2.663432968145101,27.0064287572065,0.1989459955485669,-1.5221811477266274,2.5486299847618654,29.224569520615386,-2.872401604173688,-23.105249015521515,-6.436330862671406,0.628913453545727,14.560362598385407,37.74548241008113,28.369031305754675,6.816592855651785,171.70932172732265,-166.43420010534882,72.37902167599734,-50.45569388854856,89.53812000870538,-543.2890438826136,110.61538045373271,27.265690902840742,-338.2344297654224,-433.65361887955976,387.12836143413483,-1332.3823439083606,847.4962168719663,146.43054127043462,1.0
-1.5625525222527448,0.5927806274307631,0.3489933006290202,0.29464728003213136,-0.8413908890853489,-0.3094081058510444,-0.33092442667095634,-1.346698397062894,-0.2349511652559119,0.13328471016204638,1.1597447951375202,-0.3892683889545321,-0.0787391779150433,1.539762981815713,0.6533543229547043,-0.4334088095648606,1.7035430923177932,-0.9523187646726102,0.03136086271167759,-1.0946249336034959,1.9482190041196983,2.3410851351175657,-5.660039509874536,-3.745842516905324,7.8908437588427685,-8.377545386073361,1.473924948406334,1.3806896027569775,20.006705348531653,0.26809211492830776,-2.0475465419435674,8.84447179277446,3.9650535141718573,-3.042599251660538,-27.401113307175677,0.35697806576173335,2.8646680225493935,38.285305724970435,24.072432928243966,16.637263656694806,28.01632013113757,-18.653542774060632,-310.14581695246846,306.7761361794794,222.7348933096145,-18.568277830569365,-443.2086892699842,7.60129678868949,33.241003733923044,429.02937683483765,-908.3614577520411,-20.64034675709105,-1129.6351613800132,173.04964516386812,387.10251928541226,1.0
-1.5801755150069945,0.636595947972681,0.3966227876895587,0.24898934029696612,-0.8825214128534519,-0.26359240969893266,-0.2994650327212472,-1.4314895709081674,-0.12381120305172075,0.1567999671394542,1.403106084339369,-0.4322301855898607,-0.18037860492017796,1.8042179789836776,0.6228200282889904,-0.49824328328532375,1.2410726976710218,-0.8982322065230309,0.02426384779916448,-0.7567383598054293,2.341082479606518,2.3379891737745586,-5.653185643076795,-4.3397020230877725,1.7250045346599991,-1.3081897326599445,8.877095131037736,0.6995671419336216,7.043630511999353,-2.5907853465895396,-4.927507299566703,14.250758053519984,-5.121218876621812,-2.018180161174366,-18.24392026147479,8.364291284275037,-1.2421721027644952,12.092003303824763,12.49237015690585,-9.127947845997737,2.2118700343058557,-35.00184753518416,-328.4109082912355,282.8064782353618,367.2702037205154,-69.36204923080238,-473.10389893326555,8.742328575414632,86.10468165002537,12.241281951304273,-401.45996534163623,132.79669661969146,611.695166723486,361.4343904100713,230.8665907859473,1.0
-1.5936599719877835,0.6869848873686699,0.44250086096100893,0.18733251118600316,-0.9105904910593657,-0.2522469795667063,-0.26851992317979234,-1.4294928695744131,0.05042871232585593,0.11754065259091147,1.5463959677066672,-0.4427582867285661,-0.21580587939258183,2.0769211541424153,0.5244801168620568,-0.5296223486463042,0.9483663115639733,-0.8292580287418684,0.047078463582011364,-0.5931663700455746,2.6532717037342675,2.229818573607457,-5.607537353260021,-5.346551372646672,0.11631491395306753,1.4164307895311268,8.180108623225959,-3.896451030830049,6.414543281970216,0.09436250192448091,-0.9420378330376485,13.386838033478359,-4.797758456431917,-2.0341329246254034,-13.439642623261435,0.721967503187176,2.589954178921053,9.52530069727455,14.320324827189866,-10.126222351209899,11.895551384553247,-44.564833292822605,-35.23677785178797,159.09597508154496,-80.43935332218908,-185.7802273417036,-140.08504552961602,23.75112567295461,36.11140649992268,-35.9594981205646,55.22436175125991,-82.93274196454537,47.754180004475515,-282.03037836832954,139.05555820781336,1.0
-1.603263742284571,0.7422410885709104,0.482049225617521,0.127565532708327,-0.9335171885838429,-0.24107688073962588,-0.2327114759873471,-1.369441257908746,0.18974611185520618,0.05565944970835393,1.583095302287142,-0.45304047822792515,-0.12596342107107816,2.2930838529657205,0.48836278193348126,-0.5166525360097688,0.6643359559522684,-0.8633913082012958,0.0657664654667543,-0.3532332573574802,2.821030247557069,1.760716649380728,-4.906407445450052,-5.076201657187359,1.0646343137180851,4.2775281350601055,5.788957880660729,-2.3446807099101727,-0.903208559259871,-0.7287677723326197,4.774880822313955,8.161337553953587,0.1822173225679828,3.5890340839191133,-12.98939823253478,-1.6712707575173051,0.2812457699283401,15.97240140091947,2.653391255649475,-24.046824382424564,48.83311551999064,14.25165487203868,42.16681875435378,135.5382649344144,-147.5118597168288,93.17093209550471,-220.59293467598212,-9.867917615506254,-81.76169886802286,-291.0838633170418,41.046135446325636,-75.47340158325608,762.9902392673371,606.7030419291111,-77.67339532062059,1.0
-1.6062206835115735,0.7991453429111934,0.5135008288457392,0.0690205387650143,-0.9462905758869048,-0.24166970492743015,-0.2033864915290709,-1.2800933943092991,0.33021713422452187,0.010119387785543214,1.567415036749157,-0.4199572105315427,-0.09117767619385064,2.3626726937420814,0.48687905779793017,-0.32326665828324896,0.42765824514824907,-0.7317649012737221,0.013486723596489432,0.004594437742039596,2.815479315373519,1.4264819758425442,-4.692645659026679,-4.010151410222639,-1.8144311267642586,4.8187549862082895,7.173789552097292,-2.058105802815118,-0.7315096237152451,1.998155783818576,0.9579467638199366,1.1462716709232414,-0.5356020775443796,13.122443251064798,-11.322970351562494,6.537464738858244,-3.1148798839764096,17.224683968835894,-8.979036046049556,-16.485402102617343,56.037795183555616,42.36379841174208,-104.7987235568805,65.81243003071168,-50.757413948850676,45.913515032635395,2.7248444706185833,-20.089992559934817,-33.072802272261086,-163.79092393737795,-38.8846490808812,605.815915977623,-216.0337402497911,-489.34801418719206,-25.343476291104835,1.0
-1.6024445840571842,0.8529468909252194,0.5393121038403051,0.015332646167940833,-0.9484059681810837,-0.2609102733610928,-0.17949055332977623,-1.1809907685201286,0.4524115748633818,-0.034185026501342614,1.6144888359226617,-0.4030067537703869,-0.04403489994610566,2.3466795603879973,0.41836545016380766,-0.07649087974013942,0.26688954200980247,-0.5982250579173648,-0.10849820797083376,0.32480248352621527,2.5683498905808344,1.1614076546536163,-3.5793114939982913,-3.343968914798843,-3.2241469382104597,5.304355595795977,4.732304993351542,-2.1246497448270865,3.846248766701765,0.6946643536410959,2.2611793464495205,-2.283689808354613,-6.223569025828876,8.942837012449834,-5.789408522596548,5.803830020196328,-5.6756268806934695,13.22838958304304,-14.50289363576268,-16.06887222809475,65.39164940557377,56.13321208279365,-41.83252076289648,50.91114870623512,-186.89806410221624,32.975501376283226,88.45229076355601,12.340504754170537,-42.618375090507726,-171.58748777339827,-297.21433827581876,-465.8609598459159,197.83980002654576,-121.29256937861676,118.87033672451439,1.0
-1.5940217147814928,0.9005058504201627,0.5574582659751903,-0.019431570123248646,-0.9460613164344185,-0.2783616537774674,-0.1646365370602583,-1.0651306680457835,0.4491520570377002,-0.07240897095260682,1.6517544318177022,-0.33308267569678895,-0.048112734778936565,2.2535090122020027,0.2857402444981421,0.06730485965660925,0.1929065882267453,-0.5478693280917927,-0.23892900863140135,0.48413302767365557,2.2218819463751265,0.7087075829250236,-1.8747429612023216,-1.354142089109316,-1.7568593024823556,5.825707901518692,-3.6345651707972557,-1.4400874575506668,0.7237981753439107,3.66285687377953,-0.5550603516681023,-6.575736827448669,-7.218465109172959,4.88708320454481,-2.5289874899591602,1.4969092863351912,-5.727542665094508,5.448458278098382,-16.90661599737377,-21.366670393816115,70.22907578119535,112.33830341799516,43.89719679546056,-35.87606711555059,-331.6193283891463,65.75361402870969,-95.6539109760587,-54.194106795099685,8.163212464686714,-215.17552608764385,-68.58853185800639,-254.9578748907779,99.72721511500035,-47.69133452517219,119.62014080169124,1.0
-1.5842275909808015,0.9418120363252518,0.5655586296839146,-0.030319509785546254,-0.9441068172420435,-0.28095319218357123,-0.16973022348811212,-0.9713790264145441,0.29901339561515167,-0.08223873823759237,1.5800692361713984,-0.22146423550475147,-0.12246489530666194,2.0483484605480857,0.17015349439666513,0.15424924882980112,0.22358575764559072,-0.4980907091455547,-0.2923054449695837,0.4725291723359585,1.945628191179836,0.1945670067150939,-0.6694129195643268,1.5146344053857344,0.18588332834317733,3.210014177555698,-9.60534986786639,0.1354705649693249,-5.830297058100544,5.039996282509431,-3.678755636470026,-12.702535568479295,-5.178636637174708,2.9965020450961495,2.8544983462198106,2.662162706471093,-0.5761156642109886,-3.9575004285370756,-11.869858357706052,-20.65501168202511,37.41490560596966,144.9260894969411,41.177679068744084,-202.58038692990948,-139.94196308773377,59.29073781120241,-156.8390439210306,-125.32215950470255,73.6635606441183,-237.96774980505333,35.50700501072172,-161.95010635673242,26.200153915148395,-10.426083639617982,134.29834023577357,1.0
-1.5801940251218811,0.9817949769491804,0.5616590532498686,-0.03904873596047844,-0.9352469142202086,-0.28223759890954014,-0.21007223382266524,-0.9838313211505577,0.2069853798847999,-0.05005128668412258,1.3680191853791792,-0.09592429590888321,-0.1574193222170645,1.6327530457740753,0.10500954970215065,0.21640117253532057,0.6313950323862108,-0.4614274516968531,-0.24022279849557063,-0.05542277348731948,1.9809898510255908,-0.4177895618206246,-2.731858000673844,5.43819122844302,-1.0508409567943435,-3.7397544355045103,-0.9824268376534803,2.853143722948247,-12.154609646843097,5.253161208331449,-1.2216256387291116,-23.728709146299288,-2.478683610706839,2.8740975193844727,22.71287611395923,2.8895261191210286,2.6808482789498953,-28.24991952297929,-3.9951444044674242,-17.354900997622142,-68.44458125922532,164.96825055945905,-63.995083934514035,-326.3074264782298,337.6677582674326,131.5520308870376,1.8638316573219977,-170.02329956531946,24.054043654448485,-117.92067448261699,76.67647082047661,15.766778843338344,-386.2762266421222,80.77173070944214,-60.93635917215474,1.0
-1.581730253893078,1.0198885109415514,0.5482657326340732,-0.032488714902809405,-0.9267171410792031,-0.2584107480527799,-0.2708573593697532,-1.0195109204897832,0.04334168201613773,-0.04914509454434833,1.0329494920596645,-0.009347220938500437,-0.3252964818185117,1.1688985927124182,0.14878816632061748,0.23070747486696294,0.8816617067378905,-0.7157322264973827,-0.1552445044448319,-0.12018714883461573,1.9291128558778623,-0.8154986834716483,-1.300203710043881,6.1611860847545,4.656509211937755,-0.6850069207024118,-11.548658687650402,-1.3927370524104514,-17.650285166308574,2.939598349404111,-4.1693421284736925,-22.93920859752472,5.553985416361675,-0.9670186224370647,5.212382005417448,-14.903057682793097,3.904730890590309,-8.441422285805258,8.724026787235394,-12.64250891552299,4.790823222687615,16.896812376379277,195.81626540287817,67.915698391422,-149.33824654701075,-60.54937130697588,142.28565923988106,-153.709092274813,640.5224307426413,-6.380472360384936,315.887807842344,-179.28747944945366,-670.5781234787867,149.179791585141,-73.70075811446533,1.0
-1.5860747373722726,1.0593805936461989,0.5291026492118326,-0.016160167444642742,-0.9175662088308174,-0.2188887275202969,-0.33150991895348847,-1.0099094810917244,-0.09404018308346088,0.07211303067511118,0.7244171958949195,-0.009591568981775144,-0.324496721883239,0.6805212502729668,0.20223717527888013,0.08309139711465825,0.9435666434052328,-0.816628736589856,-0.11054888236950944,-0.3304293846593291,2.0328802282977496,-1.0149221972865516,-1.2248350875076497,5.949283716261105,3.681452596922912,1.0649921377344662,-3.68586934894655,11.736816804794627,-11.406783020438652,-1.0045013637998863,1.1742277729562791,-24.407310536299534,1.799801461647176,-9.118139221622204,0.7708603208640027,-2.0166585439996387,1.747504239983509,-13.824662769762146,7.425887888273712,-2.0460974535778704,-18.630262296166006,-45.09454385735121,-31.417359663384378,65.06869396513969,257.2901351047496,514.4241854366508,584.8154694631794,-41.31261351354352,40.37277038783931,86.02386743717418,3.601637475247589,24.72393456183899,-293.9093859427904,131.87376035359625,-29.11898448197144,1.0
-1.5919623952433335,1.0998504624686523,0.5098172687027096,-0.003382706635584371,-0.905850375638644,-0.1922642288835353,-0.3774362469914163,-0.9428234106179147,-0.1787805318404316,0.2833827872407849,0.5614530603135888,0.08531089459412636,-0.30023137593160615,0.2687455710731719,0.1988289382445117,-0.05111803170944208,0.7892072179045284,-0.7406214471102119,-0.047196004429962884,-0.29844408014380647,2.0072804691163313,-0.9063711837825973,-0.37585214941298173,3.8725666476347786,1.6965079433126968,4.958542941543764,-4.616298794559315,8.615697015558649,-5.070555198350175,5.357647528242562,1.0734684114305504,-17.938290965110863,-0.9068116933517674,-3.578156099508558,-10.99550595178637,4.646090238608823,2.9764664800751404,-2.3081954352905374,-2.4422902113540874,8.242309569611482,37.90883661813674,-116.52549854485518,-115.0693769580646,171.67202496855018,-40.165563726881715,-275.6493557445181,322.42222872541294,-62.576767446221716,-23.0890235968998,253.4514027656768,-31.4587829688108,400.1919801519328,-99.56719396549079,-62.80712487147983,-61.70189626036455,1.0
-1.5996453504376327,1.1362044142672574,0.4950779396098405,0.0010923665017299512,-0.8879259424971706,-0.21506867171302416,-0.4066101250873283,-0.930967261402056,-0.22134223802342173,0.40891522294132804,0.7910473017869021,0.014858819361070495,-0.28459575335394766,-0.03711420433826504,0.16732721472473738,0.13250256817650047,0.5166096361271374,-0.6139352897373512,-0.11007511492265387,-0.408097967878387,1.620086367003026,-0.6084964955668787,2.0197750411354622,2.966862648069723,-4.774194523649911,-0.6991683556544352,-1.861317135284938,4.585998930725383,16.21318601252618,-3.214170549135005,0.5819701131186726,-13.437762953114293,-2.988624297987068,17.413011098005992,-13.48894708546398,5.744214963240748,-3.859285099288094,0.7199568002704385,-23.02794020996734,15.074328477267159,159.50908316334835,-59.63923517617813,-215.4984245106059,-0.4204389179858765,-86.80438609864896,-102.12851960616231,15.749533888291097,213.99569129124498,-19.124869756894334,191.30425552501762,-273.5616731823872,548.1200809162128,137.7746555778937,-144.0265270653603,39.67251769615844,1.0
-1.6102721827667337,1.166152456472149,0.48607802558817803,0.0009413506728043362,-0.8590142913140192,-0.287848996262237,-0.4233633386678723,-1.0020999790644158,-0.24471119359615853,0.42405946771566017,1.2029345839235892,-0.08440780336164427,-0.2357158704431554,-0.2870822446235464,0.043452400116818696,0.415233889184964,0.23544434040747225,-0.23394563910390326,-0.19650365931562752,-0.6210916660291593,1.4140939453055559,-0.35350196296359837,3.2715288706799877,2.4816570315584725,-7.990957370572681,-4.462891138352697,-0.06604555735104434,1.972633721249595,15.543753867258456,-4.63658180065726,2.634158007592431,-11.975983115333424,-7.490295638492447,12.049390523482057,-11.508957262371714,17.612459280956305,-4.094869653197382,-13.743759935956051,-3.0572999828184595,0.7819895963684348,64.92795208970958,12.876119183352623,125.64710511356479,-143.54891384190756,416.0286270488349,1125.2749545680622,-2796.3559276229294,-323.8816188470274,60.02357769047458,498.1523949937636,199.82505031360307,268.52554695813404,707.7293419536729,-1128.0165911924541,-149.382016499298,1.0
-1.625787224625405,1.2019892834669161,0.47835779325978234,-0.013360998396049848,-0.8363632751118765,-0.3441169303889877,-0.4264991136985601,-1.0873069095798364,-0.2028601656314479,0.43342437465648187,1.3250624744190236,-0.10124108041902485,-0.19455623883585332,-0.45388161375423297,-0.0413176887152851,0.3524255909241031,0.17630827087647052,-0.3777539101353115,-0.191002230732436,-0.8693519684901391,2.1050570561135373,-0.4430200574336071,-0.7202443441765063,-0.7312271000020618,-5.348381191738791,-3.7639790304883656,3.648006161430159,-3.991384412235371,5.65899287959641,-3.784599902052549,-2.5006059556735996,-5.8264409212166015,-2.696354805016319,-15.554422066193911,1.1934203571055955,-11.562099893509084,1.3857766089889156,-4.8345143902609635,30.113218863723095,-7.562551803176916,-165.62453012117743,-171.8753734492565,-28.339820546132312,294.6114065023556,123.19378649274584,-536.6145615068326,381.9093096538187,-1359.9819573626878,-411.1356288144124,-8.179808697672149,-31.04701976997288,-2020.8126358076938,545.7402902587731,254.59860093203505,45.76829361389328,1.0
-1.641733043121062,1.2461213235237156,0.469858967678291,-0.043009980725413226,-0.8273550578661221,-0.3741060842341112,-0.4167473905381604,-1.1446465071201697,-0.2536952380607268,0.2568825904236923,1.502229331477625,-0.12796859639070016,-0.3509512016930684,-0.48504597282982387,-0.08701460507192543,0.055100983329834805,-0.023911788446837924,-0.6729301556801035,0.02325762857202982,-0.7654475812001993,2.2671522692327293,-0.43414916730263664,-0.8352345189077071,-1.8239061295860972,-3.5260438208915748,-1.4705158914635892,-6.7584099533239215,-10.619195281464219,10.41631898344833,-0.1595270251071405,-2.60834089011313,-0.062472595347346116,0.1685333821384657,-9.409236068503033,-13.431857332652308,-14.285179041709315,10.705997548616994,2.8798435602049244,3.839830655924582,-1.782175206490127,20.546689687096077,-35.96089238645716,31.787656097968235,208.3184303832512,-414.11734165406347,-53.74946963263813,80.88668471392086,99.00690699737876,484.69864625193395,-2.991927598442468,291.31515985097263,715.1846356365771,-22.412371622619883,174.4728475156834,-211.52520008922295,1.0
-1.6569261369474773,1.2954371680300973,0.4585649434233541,-0.08765031974040574,-0.8227523177946113,-0.4027176646633866,-0.3914262734935774,-1.0715232950368492,-0.3283337726928399,0.12821760331683726,1.7054320256075488,-0.2051530511073051,-0.2188884801859607,-0.5117239109492696,-0.05263882740662705,-0.35078828950817587,0.03101666769865906,-0.863275406673073,0.07685661293301946,-0.6950736922996097,2.639823574372234,-0.6524584880623157,-1.9334133661448907,-4.897933724955901,-5.122302839946941,7.909593355063865,-1.988988282085369,-3.616172527330795,8.615398876411286,-3.935822472584855,7.192126993710052,0.30835028093234995,3.3615461400139126,-19.77951293765941,8.749058601889171,-6.369577203824546,0.5746108911962744,9.871996247978101,20.549832620077968,-8.39084116955528,-27.566332196329252,-163.75134295070163,-53.34349532145492,462.34753889171094,148.50957786051072,283.3658754457335,-241.89238055895538,81.60656731433733,-123.22034546556762,313.81829258857243,217.55042755514467,585.0533038102551,224.62789112462886,276.21868613582484,-77.1434011778302,1.0
-1.667172814293764,1.3466435813382494,0.4417187949972103,-0.13468292004004936,-0.8158473532394701,-0.4461910807027914,-0.34229684012989764,-0.8241655097572698,-0.2783267233196738,0.11774428269535983,1.5811992582484706,-0.17844955723266367,0.14983698429731818,-0.6158247395781385,-0.007873120072757834,-0.30468259524976105,0.5673107915420778,-0.57081587634052,0.10332922449481864,-0.39908035629411964,2.6553897864081155,-0.9557588240617086,0.5573365289177884,-5.974093529293208,-6.041273851441562,15.591068965184519,5.135755310613307,0.6899960791892792,-14.525458441105977,1.4979454887121955,17.705978063177827,-4.3727944716464355,0.780907984117048,5.016160769450824,27.92841373601842,19.415539689055613,1.6090166191816686,9.446255139653983,18.20823061024271,-13.114264427564832,39.211391370962225,-85.65200165321333,59.10816257944185,300.8162002878088,241.76609633104363,76.39224828961657,-637.3490498207292,-109.8925506672374,-343.74156589012864,362.03487505607944,-208.32561129799734,-343.30861743722784,-558.9669352269246,-112.90207916088009,-27.731471655190745,1.0
-1.676360080601247,1.4016479661541656,0.4243187875405762,-0.17043039236517774,-0.8132187579506194,-0.4818685695937562,-0.2782650080645634,-0.4881335088638096,-0.15206912398458208,0.15978729914633347,1.0869238677495814,-0.12783467387719918,0.3904493802930049,-0.7423754129803936,-0.05837992425043367,-0.20066490744553098,1.460310663524722,-0.38412415679143286,0.09447321757782569,-0.621042098884888,2.8794791495772705,-0.7253897030120203,-0.5716975664993449,-5.713584741052186,-3.3774547235479027,14.527841264329776,8.952089105677072,3.075003856160474,-23.120503933288465,0.6151388055210725,3.1456830376167577,-3.736686202787738,-2.2992559272301167,4.9577807960343865,44.62689048507431,-1.6645102260130002,-8.70836671897949,-32.41866694947654,1.609627125916623,23.800570381007102,-518.6258763869864,248.64625644364787,324.8900202403119,-1289.5321657236157,789.1212760885745,650.1993075635427,2638.28945624709,-581.1720820851738,-610.9386666017476,1081.6259198284245,729.554045093663,474.36504655118284,-3080.7966795508755,-5008.207373582261,-4365.105987738093,1.0
-1.6919791926241121,1.4594055839960498,0.4127047835694927,-0.21886609372670748,-0.8201143577687628,-0.46189894780964175,-0.25721476476028443,-0.3013610326261824,0.0608992100313028,0.1171324299923123,0.7190775356089585,0.2408825895193865,0.3736018659354999,-0.7170889871245874,-0.17107455224332208,-0.0597065182397248,2.4190066937067725,-0.27232800474278684,-0.02732611657635438,-0.8984290674613096,2.8729795732650034,-0.6352529226872691,-4.670994852023759,-4.126431794943823,3.2694181657620827,5.048426024322974,11.789123168020472,-6.48323359291167,-13.658636004170342,19.728072461793452,-2.1541372434377832,8.32472514292284,-7.8861204355429,14.838634664686458,46.35576924251975,8.0132014329218,-4.752248338877195,-12.589100171702887,-5.075745730845288,-17.174234687969754,-122.84236456367823,50.40597582131955,316.8162654425486,-526.6024995917111,172.62069547794417,-445.5355442515815,559.1841259092156,-316.5486587036204,-39.26564535637047,966.3969240782013,-84.25835665565873,1617.8776709986914,-496.7886939983973,148.40748111498198,115.92262155167782,1.0
-1.7117583957516627,1.5144067412484148,0.39756307117809453,-0.26504119333664977,-0.8346028018570282,-0.4012375416061022,-0.2687001380218754,-0.29340034021754163,0.3472456119109467,-0.04320849936066555,0.47995994227240346,0.7870008460077381,0.33391474605736526,-0.4542712655749953,-0.3409443489541583,0.8328833806214095,2.870093307558692,-0.35569650382185614,-0.16310024372724324,-1.0847395224853686,2.837352147615373,-0.7977174159149815,-6.352852253909184,-2.2939696774062397,6.659678065835827,-3.9173769829033738,16.736552557269636,-8.773893134883402,-8.451413507774033,10.29814282374592,-1.670200345109507,18.55669943851918,-13.932998938496668,56.048120288639986,-1.616179671091575,-9.139325651111182,-7.149393323402801,-13.981908603923774,25.137397303243972,11.414876809553395,-53.43137438267057,16.735309884329105,228.55985157166677,-481.83789076678664,237.8799834121881,10.402132461530137,310.2973977551276,-1837.8266782833919,42.183024960244694,604.1082257299317,-1343.1049061593367,-1479.9273867002873,-2714.7428441477373,-494.7242053135535,110.74673412075384,1.0
-1.732962698996769,1.5730675812928203,0.38413986396340527,-0.31089772530687915,-0.8416375701820743,-0.33897238532697077,-0.2829956304305192,-0.42917726002515216,0.6379203233887394,-0.2148677760604814,0.47415288052350574,0.7746150556029348,0.130225650765028,-0.15928117582705265,-0.6464484618078425,1.2548638075271574,2.3078898035900743,-0.6466420825790655,-0.06402181728977271,-1.0215983123448664,2.9582486361636904,-0.6736275972088598,-5.617083929134269,-2.487869459732844,2.380072449007815,-7.422359766552434,13.063482964189644,-7.906614176061732,3.0795655820286054,-4.4152717092660465,-10.144060715770717,8.461240148036326,-13.38488035342217,-0.7819067402530862,-39.055823138244314,-15.523983135570543,6.099632920090806,8.542144193490119,0.8652308598617369,-12.671117413730167,10.205678012791825,-4.575367914950873,-257.56564702149376,69.47537411331754,-129.36846210977617,65.67277466866692,138.41968136666958,-140.52964016993906,187.31878524680448,-723.307823034139,350.67785591873866,-1222.3263217196254,-392.25756991051253,83.38875437761328,-96.67679314249028,1.0
-1.7480776937048,1.63134446612308,0.3712090495924538,-0.35026223076520024,-0.8422673246298102,-0.301846676927032,-0.2771113624311289,-0.5400493999035652,0.7812542714612949,-0.40183586991308057,0.609988795229851,0.3822342274488557,-0.056919717588399865,-0.061242840686145154,-0.853883937876072,1.1103044926927905,1.6373759026837027,-0.7014694950807807,-0.05757080086391514,-0.5199643384219419,2.924814557366727,-0.6641592344907262,-2.9241056600772573,-3.5956813529159746,1.5108509241890744,-1.8769581984438088,3.0553290884656636,-8.364365861392626,7.100884274087944,-19.866281594676245,-7.8633889316403245,2.56728724625181,-3.1845989566649395,-8.171112879304939,-7.451701326683224,0.8209149406658427,-3.4945109648225587,33.71884462073906,-11.112246240807963,2.4366788797772068,187.9563199921886,-53.42487125124732,-33.61695957395584,564.3457103873781,-539.9682552834311,212.04316530487412,-1.4202527598601247,345.9613149394536,174.4857579184532,-319.1283321214427,605.4105842926491,117.26013844675794,2437.82962717474,-1138.697547981169,35.58385444905812,1.0
-1.750194564570673,1.6891849548670872,0.3585589057855243,-0.365496213554711,-0.860655886406742,-0.2432710197266657,-0.25788209327470524,-0.5407563264909301,0.7449662836753209,-0.5170323818533835,0.7496307980315826,0.06076200789716653,-0.09856191592137023,0.1352190863493139,-0.8742233201912498,0.8160864490054812,1.691843897108033,-0.743124866789805,-0.1702259894733199,0.18203899777162028,2.7868115758867273,-0.6063337685134109,-0.6288009579419408,-5.130307239189693,5.640656848144977,2.0186929862333853,-4.777370979483419,-2.396415396073631,6.5194639467382665,-12.916579171998157,-0.8096894625245472,13.02314715035685,-0.3180013502431596,-17.766997356086,5.255567058064521,-2.474055524471361,-4.456114702767362,27.428545006213398,-16.773283568683034,2.2747042949560687,107.45422023840003,-20.46497664989704,63.101534274973126,248.27337064107851,-245.92683198455097,428.1463800539909,-79.49917200491223,327.2304253034898,31.830934579212954,141.50099728263461,76.98323576835038,-172.4837880703501,-17.242097967513317,108.01794383809607,212.09422857682267,1.0
-1.7389974440248637,1.7386539384836992,0.3464764457145596,-0.36358948857486156,-0.8839071244615004,-0.1785473491385864,-0.2337343005201786,-0.4046685594017651,0.6165317890261667,-0.45157276943294544,0.7756397852584297,-0.2076431412218303,-0.15521827368003346,0.35656277271235715,-0.824952256964132,0.47036202046057607,1.757677073498881,-0.7117842767298231,-0.2904743539060683,0.806833210603312,2.1665792556214014,-0.546524931678092,-1.610739166982452,-4.165880667034903,4.660600922049993,7.5510020253044186,-5.351036452722953,6.119694072801399,-1.4989778075170204,-11.946150331623553,-2.8519922047126745,6.9478841572489465,7.330930833268463,-15.143720836230715,2.113950228489906,4.415578382008688,-3.9685306645320386,23.396666209454505,-34.5701516607085,9.465690266731071,-231.9162065444716,105.30356987189003,-70.01612538726785,-17.23040891901845,158.660343198451,201.6546318757359,-197.8920713308805,220.46550835937302,41.010387871917175,-523.1468123589781,588.8364948228825,302.90431454218435,-154.04621612209905,297.96280996836117,543.3687727249539,1.0
-1.717883103328713,1.7764545958971976,0.3389811661341628,-0.38173869812752254,-0.8895676803464682,-0.11855560479067993,-0.2211096492865607,-0.23050461931160623,0.4992736762130597,-0.3180237555523332,0.6988198420797062,-0.35751868968527134,-0.15604436756355095,0.4938933778960156,-0.6383517793424931,0.20196664905702277,1.501911192238271,-0.14864243947678135,-0.2099642456024393,1.226067855943977,1.6684849992202049,-0.22983959014826,-2.7254309122529965,-3.598338956862668,4.3772681123142645,9.75969117864485,-7.2666458964989795,6.811717814810039,-4.691283740636796,-5.507677275330065,0.43251944912359114,8.475282483917093,9.942995882750727,-11.179669496804287,-27.42339048944838,29.65132039741036,5.99882340353909,14.880751837696625,-23.305487833050233,16.36262536249401,14.971182269408285,10.204392458463811,-21.967487883573092,90.90453364093024,-197.3922679025775,-8.54173162322507,-23.355050741252118,157.6605655563159,-0.1382872059835325,291.1997290776981,20.542561875943196,307.7175149735404,-1700.2743599301455,-330.38986249884834,-29.503926585289257,1.0
-1.7004424439451635,1.8068352132818777,0.33255893887181187,-0.40636177493512854,-0.8828565804166616,-0.08292492500289458,-0.22035839693516718,-0.1003075390895941,0.37098317219403576,-0.16110347716866896,0.6557612720675446,-0.35561263882294786,-0.12042310008226764,0.5537272988863465,-0.44341457419823244,0.09920850675898214,0.9638155227533888,-0.019060627122545123,-0.07550728879321865,0.5171100232493979,1.4105582664567027,-0.43309956826091867,-3.635325315876491,0.3675303608743343,1.0768525184521598,3.4409464126782447,-6.186202878503306,7.628879011947075,-0.12989936475039504,1.4280951454609903,1.702079632477966,-2.2218145272713326,9.18945307851704,-1.2780609991753569,-23.91951069421808,-0.7774998104913937,5.756121786635412,-43.553945122425915,-11.49487153571544,-14.97557881939934,-41.52563905288379,230.41094470235046,-164.46722018702383,-362.56676227328876,-15.983042595401912,-99.5535971887202,183.404907148099,27.212569450039872,-39.123224119194575,-647.4118114718324,-114.12984154189034,296.25420806361274,560.7170383947151,-273.6850202726685,-138.49620033521816,1.0
-1.6934016399742073,1.834619962680644,0.321210755338513,-0.4423531023714292,-0.8627438767415854,-0.09557203676590034,-0.22552765186488952,0.04756380369460471,0.2302907860424615,-0.02279673457891719,0.4100568635422518,-0.29120236811455374,-0.13269442516993277,0.41626330031462433,-0.2590441720947744,0.1768737579411925,0.6283166309717831,-0.027386053569731717,0.0346337933534423,0.131988540466712,1.4018146767956552,-0.6311747563493564,-3.876234883652432,1.8674376030088367,-3.50870910575009,7.415622020859193,-8.370950117462344,4.4030732057100765,-15.51650201788499,2.521765492725498,-0.8300079550102422,-10.343937330005664,8.642960142538685,4.318480514166161,-10.5342946238912,-0.4960083239306858,4.5766248335307695,-28.327100189828645,4.678265780379756,-5.1465276617997056,-20.53327318820492,77.44762297666216,-132.5107649766812,-193.84085240869598,-125.24996315266742,-322.0349926979645,83.26022939514041,-131.1404900038315,22.897110470902618,-338.4039676600176,-71.81587263854219,-245.13172688259968,645.6209357117391,-3.5773081019304387,-104.62757433796814,1.0
-1.69970615620597,1.863622231027105,0.3058805835026232,-0.48242270478886407,-0.8313437838278616,-0.13173221965285603,-0.24245096267143157,0.04433925971977098,0.09209472694443793,0.1054980091774749,0.3355492884766078,-0.2661664299260971,-0.1775342117277828,0.13770367940792602,-0.05978648198680622,0.23100796680333108,0.5595035785214831,-0.12697805220622838,0.12475926862858576,-0.5620878835980474,1.5121728996964656,-0.8271288088974825,-4.2677890968319785,3.975189082386219,-3.5627025933518808,-3.7865828924113334,-6.430911086987717,6.704085286774978,1.5716964080961393,1.2452851735493715,-2.2167056011677864,-14.978069229631377,10.393606946937506,0.2685111653153255,-0.9450638259291964,-4.98283538870049,3.877102541416091,-19.01837140714402,9.778416179782205,-2.8661005183590285,4.980404490411614,15.509145428266978,2.4192918432765174,-218.40846868198742,8.107089458565339,-76.4429545726706,278.9524786588082,31.98990205239587,38.19211220826314,10.552183875407572,11.606762505308351,-284.30026379713684,88.84384831096847,103.71866558793889,-78.517074445644,1.0
-1.7121479005165143,1.8975225585715265,0.28898652074151493,-0.5186805454125851,-0.7979792096291526,-0.15644017081789666,-0.26405708807870587,-0.0440229816252992,-0.04396327750325158,0.21386361727158498,0.38086110658627864,-0.3151395647817462,-0.17091437609022697,-0.09631792788344916,0.12964533676039514,0.10129944460859126,0.4615281416001134,-0.28427472356887673,0.16300191177630158,-0.65750697750874,1.8571775641529467,-0.8649270980009266,-4.363897408982446,2.645907030617228,-1.766803128247748,-4.197673799317754,-7.157208986555563,4.407005323082177,1.6985754078841258,-2.8572397243078678,0.6706226779623805,-9.54061996668982,9.564029601085622,-8.812035289213682,-6.07467110613998,-7.838572118317701,1.419701368881317,-2.9858640727648416,18.892306465591773,-2.3125310497542264,-4.0950809521539036,-83.37817365357937,35.698263807001965,66.28422340470856,-42.743157215441286,-102.48465482906403,-107.35505552385581,38.27754554416204,-10.306507112671975,202.17293703558778,60.4895753006211,-49.88919202363651,9.395779297279233,91.78221103668811,-24.420919945097907,1.0
-1.7264688577411142,1.9368380757730188,0.269863131420045,-0.5517214327974439,-0.7667597278947477,-0.16297472934006743,-0.2848196233886301,-0.15485092640825243,-0.12294970840779584,0.2900842068990657,0.50947958297022,-0.35314426610767413,-0.15309057233410794,-0.2619244475482719,0.27951951389597535,-0.023143938855000504,0.31199519109421864,-0.3982965877158222,0.29668030298491893,-0.6813438715086323,1.996025610515314,-1.0703707025749667,-4.433522647403394,1.8813262316325714,0.12294960184415227,-5.164097693258596,1.5890095931625368,5.561156225744114,8.0270466983055,-1.2906184029069945,0.5588123929252972,-7.57338581312642,4.349478482158923,-0.8936431286686989,-6.621616009161211,-4.838853151784917,4.429045849819747,7.333972432717069,-2.5672553339505755,-3.8851795592489795,58.87560016701006,-53.64007508323426,127.35058088972517,61.126875124176955,402.97332795535283,360.5821921733932,216.17478835579473,-4.261730435247102,130.8294505988158,187.2053459853352,-680.4697545570967,-349.1649851630432,-148.13312745163037,93.57199617570117,-616.033328721285,1.0
-1.7400284759193703,1.9769025687242445,0.2485749309536079,-0.5735029699653617,-0.7434968824057737,-0.1536356659275486,-0.30773821902520404,-0.2555620060838734,-0.09189945802446106,0.40759400802469953,0.7370612616542089,-0.3878245040270319,-0.14143854555563873,-0.381459742775909,0.2786574674428195,-0.08347277747916558,0.1108245295470479,-0.3292678472861785,0.3208709611243463,-0.6676338224821988,2.033698910424196,-1.0512700829228245,-2.946171625426644,1.1412795417937993,1.3677045396672767,-4.2243083230498435,0.6048124503208021,5.44504807641439,11.317328147684417,-1.2107971073753492,0.5723240087831303,-4.939296082527138,-2.231444194631234,-2.6685847122405346,-10.074238573897825,4.462263690690881,-0.10264305134979035,1.8346393038897644,5.536115021776546,-1.2365141956231365,48.048671739217966,-51.50777964960751,22.55430090641513,115.61229010557584,-89.5740276625668,-45.476553938739784,-105.9201386554881,52.27731550915716,-9.70971927397355,98.0625101710722,-139.01030387968183,104.86947864812544,154.35126345743748,-80.0144301694129,-71.17090935049848,1.0
-1.7536260102746213,2.017697453912713,0.22770049307891885,-0.5859898831206338,-0.7304589777775529,-0.14203784119832005,-0.3207347663290652,-0.295562727436429,-0.1444054433658544,0.4083437853926531,0.7536037065536089,-0.32668911604635364,0.020057246969515094,-0.5856783703890459,0.22834624858127295,0.03275303860438197,0.4031486447181801,-0.16011790438982454,0.2976503979715121,-0.6144302053811512,2.1499306971547303,-1.0670730164939035,-2.0625238905272223,-0.509973576005299,1.1102382683667313,0.8356789977775629,-4.174609772417392,-3.6459582654013607,-5.5015746441061895,2.8471209597436586,8.233206225791921,-11.553227202361446,-3.3967702775166884,3.6950356218218046,26.88367743830043,10.336164815822244,-1.2338168710929498,15.26617127201297,19.485740153345986,-5.526685379349515,-15.152206402427597,-151.67611631306625,66.04442079062795,347.0216225597977,-43.765773997052584,-330.56517150513156,-402.07791995127644,-120.00732586691092,-135.53681074293212,234.6797683016392,-103.14625096484706,-376.4209638850054,288.4025291276727,186.26155350429124,-0.5600871636372506,1.0
-1.7656603077075637,2.0649987239254206,0.2084190325569101,-0.5810549011424259,-0.7350388585077869,-0.10755001141216783,-0.3324546185378966,-0.21003502323017467,-0.3830174777908641,-0.060408819639941796,0.3351428958399151,0.08539327703665126,0.3671455565253778,-0.8162722856492524,0.15504130867829755,0.30450463434951985,1.2997713925456922,-0.260522075257665,0.0756080188314526,-0.5735180112660506,2.6415309224824117,-0.945808694141131,0.07749699047901536,-2.073075046779112,5.75908824198424,8.259463836156842,-14.531222574700365,-40.68032874694994,-24.930575329088057,20.917278614263036,8.588626964881716,-7.753200460197163,-6.327847322233498,16.347954319976235,52.57575969449472,-5.961119365872183,-11.355150127002316,3.7741636080707,30.70647843498732,-7.478698341551402,39.260591311160596,-76.1925930793106,271.09553602264606,553.4829131662768,393.1808036875907,-1123.2185559512736,179.09305753173084,-488.0099505205975,-1238.9340440549872,686.681693403129,-516.803460425475,228.3455902006023,308.235307443375,257.2258382194351,162.5332556318201,1.0
-1.7749824350144192,2.118694662667246,0.18681316824578464,-0.5646560208035784,-0.7408024753320961,-0.02074107016344378,-0.36324245170489566,-0.02988757372976534,-0.4154673357831209,-0.5483636427550803,-0.05678766326460902,0.38072712307357404,0.3991164117048944,-0.8769486157067357,-0.18102873298119496,0.36390921615421695,1.978830390681427,-0.34450894727445575,-0.030841435334077922,-0.3027687773059034,2.5986803495546242,-1.0872254241275687,-5.0932349321034955,-3.1807460514455728,10.453222447488441,7.561588758191175,8.377450003473015,-11.477043420608954,-16.405139447814626,10.921755945342255,-1.1073670416100627,-2.8317955776003156,-20.95467373219502,-16.052458770909254,17.213130888488227,-6.984760273634349,-0.4006113478631417,26.38928058074758,-7.740044502394123,-5.207888786111827,-424.7377859858083,-30.184163671626095,176.43761793198024,-264.783058950039,899.2531613652786,981.09274849155,366.5977202958589,-343.6691983583539,-132.1650109009948,268.87564170774215,-34.498542113397825,-1638.5968032442647,-1023.1392219150356,-886.0136745331507,260.9693069823922,1.0
-1.7789202985945347,2.169922853132335,0.15756481738261927,-0.5815673419822281,-0.7025315053182611,0.09052941857095063,-0.4000416667650888,-0.06355622195115614,-0.09904202642894831,-0.16121879977590042,-0.15748119142862185,0.6082323160834545,0.3492836369841855,-0.8730122266537365,-0.4660545052724925,-0.04295818589822067,2.222251777127908,-0.43698763434207105,0.07894503434147676,-0.12801141718372983,2.5523249454728445,-1.7173230137402384,-8.806174052273725,-1.3223514332031767,9.21074580373496,-6.509379146218885,17.93301158140143,22.453144580911296,2.5946690393981777,5.15895775379934,-2.50009940955166,2.826669412309596,-9.986180591036753,-21.9070457966637,10.352128681968704,-0.6740824388135841,6.676630799987853,7.522811019136801,-0.18608280092129995,-24.175280733848908,-122.68787447315893,87.68467832568872,-48.52985968316265,-438.15486432941697,115.35933427353831,-667.7872078172064,636.4400357233059,-808.1199092390892,38.59884882332254,303.20622719946965,425.997984011627,-141.90581070486948,-138.87415882305248,489.453780089773,134.4831335935244,1.0
-1.7787680402169443,2.218807635468172,0.12212804615590185,-0.6135124804507641,-0.6385532474617791,0.1878480786918243,-0.42492974221506014,-0.23723817595194832,0.23294340056352486,0.09631574164011504,-0.0693584711667625,0.2659390511572781,0.2595077137601078,-0.72360611388499,-0.5159556961079436,-0.4893079255985123,2.3279782845124313,-0.470011458592824,0.029012800452710368,-0.015949537668984298,2.2570427343157298,-1.408130083331506,-9.192529174532151,-1.650503801157893,6.600623123876575,-8.256884144676707,12.56799976032119,5.269462132356803,1.9888047486710905,-19.909307390975034,-3.925817704256816,9.959245507919523,2.3902827035169105,-15.959672399929056,0.9193791428638078,-2.514994532907789,-5.426246059842013,-66.71951641329613,-77.13426285702432,210.54771716638555,514.7506042217541,-368.2305490185829,-28.822544596367766,773.9405014873686,-1483.6587185051767,-593.0483345754902,-777.1191459266815,260.30406312233845,216.582729195541,347.5874698248601,-483.0322280497888,1990.0335450940433,-496.412500611388,-153.1791535854482,-246.41450285866662,1.0
-1.7882263466211117,2.2556106737511983,0.11573936778585966,-0.6067306338619897,-0.59153637478455,0.28899502064373966,-0.44547113630773666,-0.41570536398529556,0.2928806798034917,0.058785401404713944,0.07771624943038494,-0.08638070185541653,0.1954583671111596,-0.4103435042279669,-0.6210026301188527,-0.785028466150638,2.375916963831046,-0.5440351682020637,-0.05655681781022844,-0.6502187159389442,1.735857521494677,-0.008885765986319563,-5.537469633405333,-3.225327325051849,9.174965623010474,-9.538572886178107,-0.2469689225926828,-2.4060196180965434,9.147674939399622,-14.04452769715823,-2.8596484680316197,17.316250061052052,-5.288968339209887,-15.925868037839344,3.3587841104293097,-4.999610972605775,-4.075745775197381,-5.618840023230189,4.420393424921307,-7.285116319614797,-0.053142419319155434,71.80505682977241,-101.8693440518149,-103.8116952596342,-53.61646744906167,188.56416420208143,36.68013506715283,406.18472527323047,35.43375707883378,-166.88738898966008,419.7536843797016,-46.37815794377384,79.68988369844975,-21.351942266070793,-13.587568443354774,1.0
-1.8009117200275389,2.292347258411486,0.11133950783650895,-0.6064713235808757,-0.5412338723875987,0.36909546601026816,-0.450585137376999,-0.6631693770937331,0.2845761609847908,-0.11228081615149488,0.3727164491119763,-0.22664769412607277,0.22523892078193616,-0.220392899658437,-0.5914743930504832,-0.9822656023226845,2.4568194542263235,-0.5623562739578167,0.021176648075515454,-0.5926869735560305,1.8878680178690548,-0.311809030756934,-7.119848278024812,-1.8955808286616287,3.9957505065564645,-12.060434185277732,1.0017764347978106,-7.122216703394806,13.700353692968974,-3.746361179040225,1.9775576898549978,3.4105805462499097,5.751844609036898,-4.458482811154145,4.040784674300829,3.0532877744493634,5.488378981890039,6.228989599067517,2.671618809738759,-5.091162602592045,-59.53848741134151,6.973730807918638,-285.35364347759264,156.5978001618468,244.65002641001934,359.96824269179734,-393.44917481222245,193.62625177781146,-21.05547550532007,-589.0795334369716,363.57754830770153,568.2533592213775,-41.781429469916446,376.3054662877208,18.445602570512648,1.0
-1.8135220295753267,2.332101360085051,0.10265400151210209,-0.6300191537230708,-0.4959119301848823,0.41769694400027724,-0.4274066990761846,-0.8470860314967664,0.38204972167440376,-0.043804018999343865,0.3415072929819078,-0.41066974655887933,0.2740382275957855,-0.25031185437863784,-0.44506671950541926,-1.023271481496844,2.581454495248176,-0.5252028725930493,0.04366667915120531,-0.6939338678033167,2.0938378207816846,-0.5164516401780732,-6.98490593726311,-0.9001948832188646,0.6659396514922198,-8.521239286046368,5.266664771077576,5.626058006408201,-7.872283882916432,-10.053307718263868,1.274303740548117,-4.192972810596476,7.717956673643748,-0.9178316372306583,7.531809930925954,1.1334206394803354,0.05353585755837096,-8.736370512914139,13.916011373439426,-6.30284305480248,12.841670191525465,20.994702326228303,-97.02793982188683,-19.664440218432794,-132.86403706252182,-126.67820194889487,-301.02898698331893,72.87089399878435,-182.9025794286048,-187.4465529304353,-10.741339081576259,59.5570269416553,97.29751059067355,-26.484988061503575,-26.901085874816626,1.0
-1.8289506809600609,2.376697725121141,0.09411863534554502,-0.6525344206930228,-0.45708761355908095,0.4582000184138036,-0.3941097391175157,-1.010991320766209,0.4827154279058494,0.202278290392434,0.16898474955172535,-0.46282112521348673,0.28465775959075,-0.2887834863713895,-0.33861355922850256,-1.0521111515578927,2.7458628335115804,-0.47912770403156213,0.00024306232902909786,-0.8067544466337174,2.2692386731668384,-0.32064334264595135,-6.68759286292884,-2.2578041514488905,0.7888834591116487,-8.482741464485542,2.6023356552167205,10.227357750529595,-7.037203405980871,-0.7116095374358065,0.2009296134001896,0.7491480989281808,3.269823332626363,-2.3744736785987812,5.506273780016336,0.09826123391860442,-1.9761425450626904,2.4396599653378392,-1.8667516366079633,11.522106861969208,-35.99365080843118,-66.78900896857076,149.31116170147925,-134.9644532241538,-421.97579712651776,-626.6685993525502,254.35402301883278,78.69950516471623,-20.07524925772871,327.48208908639265,-284.3064161422626,409.1966179961993,-788.7087062777878,-458.3294836387775,115.00862822595374,1.0
-1.8427358643905745,2.4180363471892328,0.09100019947349594,-0.6692889886628914,-0.41651318343284,0.5079599906433515,-0.3471968686305402,-1.1480581744992835,0.50195028831362,0.3843644368366578,-0.030627735495003774,-0.6436205569367421,0.25426748340598376,-0.24309554669100122,-0.2316050037289739,-1.078899183515188,2.721449948999072,-0.533111850974366,0.005301070555977293,-0.6370075202440023,1.9226441010261683,-0.023733336614915505,-8.017256327202556,-3.609676120614509,-0.048485279513609425,-6.409260035464831,-0.6920005590264164,5.700390288968614,-10.035377954854365,-10.202454061564158,-1.5331138509014133,3.9240399781101,6.314764690153919,-3.6365450432689683,-3.148474228634201,-4.116016696338709,0.8217838180651308,2.7823000379165683,-15.591917540829156,14.792686456755442,-34.90888191784806,-64.3252690799104,-70.89146599864443,16.528029322343365,-144.16068597521567,-419.42952521625193,142.9995766099729,79.52045385202163,37.76904835561002,187.27942240171913,50.932374371255314,-438.90990891400764,15.923803415128745,-148.99918540024134,-78.05531090115576,1.0
-1.8596674903500454,2.4601004084102147,0.09252015851116085,-0.6811234832953176,-0.39468982088231114,0.5490510699798778,-0.2807733398125509,-1.3454265618579468,0.4907924676034144,0.2258001375662832,0.005745714257651968,-0.6634533956793875,0.2893709179868867,-0.13090188605552794,-0.2599929032285834,-1.084358476010713,2.7251439924136864,-0.649272912866814,-0.15344339841221094,-0.9842733324588276,2.2728264229193007,0.16691684669540757,-5.745302678610829,-4.601515926307507,-4.094355768908947,-10.55611229380295,1.1767730230379014,-8.918291282962308,6.3514353575464515,1.8565081216951846,0.5268046453428803,6.093119996744714,-6.9220920106797665,5.715920515556113,2.2979114162484446,-5.62827474659021,-8.965118716837484,-7.560136592272064,14.186791723580457,12.012224440969495,91.91097589822671,-68.64989238848811,-229.81367696943406,20.40179655499179,282.9500314710436,355.81723540269985,166.59171023042427,133.63219508861403,-108.13972176324145,81.64040041565414,-573.5370339329165,477.4711558835703,-160.613600356265,-580.8027947421655,250.8796224402383,1.0
-1.87642229789708,2.5044669308003598,0.09859033061810284,-0.6902309316999191,-0.39891576463720013,0.5766035531060479,-0.17881782963133505,-1.5900874522973076,0.5320085489613596,-0.0475729554954332,0.1801946705843997,-0.8280544567221253,0.295794462710765,-0.00527687673933234,-0.34388633944162167,-1.0199898341186662,2.7511078909181235,-0.6975516790667884,-0.20168872745902128,-0.748855752413037,2.118279759414271,0.4137771389848315,-6.941549605080767,-6.266384799825621,-8.26028013465932,-12.400538102313929,3.7860341317601582,-10.631247565321765,7.119005153151922,-9.182902626633764,0.2026450751009101,6.102004620804207,-2.398550854449823,1.091721170618177,0.8036941022388667,-1.977969798069856,-0.7426825521138949,8.423083549240545,-12.095049598029622,10.434963878455164,-37.47636779020528,-88.75481588190509,-186.1884047821941,7.885128250033387,213.76617557227985,577.7753034974004,-336.39810284116,131.18799708810815,-9.117024890531013,-73.51493487727977,147.9191765207925,19.756084530376555,-69.43763761823672,68.90803107925055,93.81092980961064,1.0
-1.8921388447647083,2.5455009716545476,0.11569607132736248,-0.6843914085579637,-0.4165859933851905,0.5936053542588908,-0.07547975491810462,-1.810307183169397,0.6414261428827616,0.028250396873205644,0.220375707018109,-0.8588959624138424,0.2959828720044783,0.13019712858751223,-0.5465757818650903,-0.9418995899999408,2.796580759287604,-0.6009342257924581,-0.30974050696672695,-0.6773356793458372,1.747120405194164,1.2861051001230208,-3.6362845352690556,-2.9879833613416937,-2.9726797592665153,-12.182509652532486,0.9484891117037154,7.871980326145675,0.020851980683400346,0.8575868082830954,-0.05831704272769788,4.540516259225493,-8.64926905595326,2.1865221036159306,2.5457382706470755,3.1823881541753334,-2.1385830029874713,17.79699077143981,-32.48717055245941,34.891243797175406,83.31869210914215,353.0657652898845,363.3242026220223,-229.30747651657725,-463.2895308069551,-32.37803634187577,15.305131223648178,28.388313246824694,-2.936325073289671,-611.7018107186711,945.2979579370599,62.48529733156685,-188.06006464883154,-866.0998914738695,345.0873048356115,1.0
-1.906174965062778,2.575860584396216,0.14596974142198305,-0.6808890497124872,-0.41904694317897334,0.6002216689014331,-0.022884701771330417,-2.0509935273953848,0.6194048842976702,0.02185606800355185,0.3047642801896303,-0.8113183684344759,0.2861824435686358,0.13606351154361604,-0.6107833167947224,-0.7844233519020691,2.8172588002455634,-0.6378535914810284,-0.28039409875304144,-0.7743245571706205,1.4509523093163463,1.6572191165044607,-1.9330177104239823,-4.009007987147784,-5.6041983746026895,-10.569140111952043,0.296781567103651,-3.005704570401925,5.148265680878986,2.3232970577574785,-0.5812333691568616,-2.030240009325896,-1.8136020732784357,13.47623130891923,0.6012904643671605,-3.1294863181443606,1.627676790137651,-10.324951840797038,-5.161386056269881,16.504997017195873,125.33565198023646,-154.76243724497243,-226.15388488249886,240.24330478851263,206.6567270835727,-55.57137687916295,-74.20093384023723,-34.87038299108131,3.559907806297363,-137.5485505494991,-14.885990693956066,535.8919507323625,-35.50216823031222,-55.82445095110823,-43.027152579907785,1.0
-1.9222209536708088,2.599067335375064,0.180396103993111,-0.6553647056591029,-0.4380499356964889,0.6132109159912309,0.050810716604416356,-2.1769976128902866,0.6715428956119989,0.18085571065177655,0.2974965406552289,-0.6700499380910034,0.2795911322100893,0.10775129161639545,-0.5879859108247845,-0.4866174218128812,2.7809373391143675,-0.6778433252049108,-0.2676016493345937,-0.8354788811744746,0.9363443792736461,1.7933814581632133,-2.0906376204401855,-6.86596558605422,-5.268995276248784,-3.476484847023786,2.2489365394487857,9.728257894029086,-1.8877275747013011,7.0355370440861,-0.20019476387361723,0.26518445695726595,3.03541796236021,14.875186695602189,-3.6608084052175975,-1.6525716408287496,0.1700214922196508,-4.898258904306133,-24.217485210391462,8.880396057614863,3.9269040673087803,-145.03590298655925,53.74034674549627,278.47136352400634,-154.8320178851326,-174.2261789552433,-26.47731439627176,-133.60797001859373,9.743882654148594,267.47141338201544,159.66129685084042,-89.19069594127343,-195.4653112604661,20.211073134560376,-32.001858727657215,1.0
-1.9431273139119098,2.6153118580379937,0.21596794474568978,-0.6124171107643396,-0.45025917852928476,0.6378572908036262,0.12389524269256519,-2.192696989964384,0.668066816817736,0.285615003737327,0.28097257225887384,-0.5509605479579944,0.2544508167585672,0.11402251487423302,-0.5227423499117564,-0.2434979063763051,2.6204737083027947,-0.7487011117601529,-0.2616424057720277,-1.2224134412321495,0.7119680985986326,1.7584838250834507,-1.2938282346117664,-7.784092765000391,-4.048914447651452,1.5163556317642826,-1.7237084913185927,2.704726924546016,-0.23318842665406586,4.904730868526397,-1.2678623128511626,0.48831014278734164,3.272616061905349,10.205878743071176,-13.848321892965593,-4.3583671853505805,-0.2149664518368729,-19.551556553864817,-10.21496865945391,-4.377057479587253,38.58999765836616,-33.83188415226112,84.36267980506855,256.4655428959812,-141.48738023603275,-194.14311850677785,44.96874663174654,-106.30912843042276,21.045439916465405,-94.28855179035762,89.33712733619267,352.38272171272484,-1348.440023060708,217.33039566435446,29.111456200370966,1.0
-1.9745885976280753,2.62866584533667,0.2502328749332335,-0.5633946625114309,-0.44155288628854444,0.6763362965115348,0.1737432498975066,-2.132687785710587,0.566105304297506,0.30365365932112554,0.48025013935017624,-0.40671370898144005,0.15579256151029827,0.14636347458161075,-0.4287111449529279,-0.06614496994363014,2.1006725264619557,-0.8992862546218174,-0.24491863092312427,-1.8797663280293009,0.6684565150805402,1.6940460400895012,-0.5164029885082919,-7.826112318435593,0.890139997916635,5.937321475682147,-8.282067783494913,1.282164123300395,12.70815532893534,7.638836747466628,-4.865140131679967,3.9257109398454513,4.193752733452133,5.170448796888307,-33.08679982113625,2.3706072984313815,-4.449071986522037,-18.999201694137938,8.399136306875372,9.575250870136626,109.35352045157187,-9.458329474146598,228.09305829596252,366.836685017809,-368.9791727585308,80.27884451413928,8.160212605805278,-38.672386803851,90.13834178281479,333.82657522729806,-702.3952099292025,-1525.4315018444113,1772.2074178457717,4723.300003790101,-2853.9927455334673,1.0
-2.0158727333250543,2.6363003459439867,0.28483895179172003,-0.508346400161715,-0.4008443755113541,0.7344240927307076,0.20378659445658986,-2.0017184189698964,0.36475030445601975,0.3305324329098647,0.8929828268659437,-0.33790673700699925,0.15769638112156623,0.32001595558478446,-0.35928387249756166,-0.17880182916522824,1.4959351783324224,-0.5907945375814412,-0.25351616259395154,-2.2766922201410438,0.11980195564791873,1.5898325508218827,-1.5983141660053048,-9.475211339377683,1.455459301024018,7.68167095415826,-4.810217299605897,8.71831430095669,23.358574714678014,2.9784044144138537,0.9492913948291415,11.08997574661075,6.761874212843512,-5.63105077396884,-38.894166960226386,6.451013500820993,6.06954717918243,-24.243280861304417,-28.982338763802296,-28.725343280611078,-105.12634649698965,-0.4476735830640681,-290.06094331968814,163.98899899736307,843.2270393953526,660.9870667041658,32.71269750817167,45.318551383874016,1.613299257039694,231.03992144467475,608.5378452235545,578.9176952210346,-1749.468679864886,-876.4643810863977,317.300872380562,1.0
-2.062100152188626,2.6370389697019108,0.3081574590581451,-0.45420335361062514,-0.36452097574621,0.7714422700820189,0.2563212744596002,-1.811282732564168,0.29903296055751166,0.4612737259056997,1.2808016071330297,-0.2484174042818353,0.28156898137958947,0.5803800310967816,-0.1286413575525873,-0.24606766724333273,0.5119815087141666,-0.5620100028232564,-0.03935064757900593,-2.2412287302696536,0.30227633814307103,0.8888969592432656,-2.8232198715572623,-7.2846341845289695,0.5635124588564907,10.732093517090222,-7.39861461006961,1.4171240685713498,12.311350388157868,3.975193001844076,5.0785219936873975,11.74684383307218,10.758773013199082,-5.843219155424538,-48.38333303747015,0.10633207926175015,10.00122634384914,14.325448371536002,48.91666517626221,-26.48046778811168,46.6361668627883,211.1406985058196,-25.915654014827417,46.540625287977406,-506.6285895168813,-537.3818187401447,-818.2991564772458,-146.89325558483654,-672.0052283910447,-544.1047674892149,-441.53240714062724,-790.7485003400699,1162.9655750336792,-151.39186411161,-171.5994647517292,1.0
-2.1059267131072956,2.652758980894518,0.3203653915762743,-0.4203960336269688,-0.33884788277454364,0.789572391214752,0.2915899968814775,-1.5609448829416017,0.07505973937420235,0.44356311644990176,1.3223930856629318,-0.18434872118264117,0.30602164430150314,0.6534352402843517,0.0566042493914573,-0.4042904043705434,-0.149291337667159,-0.5836693552355647,0.09392916231857053,-2.204967173076654,1.0668941847442892,0.41735271472594737,-1.8931633460045363,-4.32807648489296,-0.6490369966741892,13.764000121199544,-12.478892598235088,-2.5279801351955458,-3.2366118241706796,2.0739440364128696,-0.2949472848640273,-3.733173318672732,8.276498588662918,-7.449919746867659,-17.348702173964128,-3.196013672393248,5.063317603570773,-6.72190746310841,24.36804607291882,-19.424215107081235,16.98414895321464,84.36279895551033,-138.2273854755402,130.7032742057408,-1.4553016063976763,-172.1594703187474,-380.79445569604286,-113.52248180820034,-77.20233870762475,-957.1277053359636,-191.05721166746542,230.6417726972486,2338.9378866707953,-368.45178817457565,-147.38177246939537,1.0
-2.150927961370089,2.6781489420872884,0.3264677159597119,-0.38967421321644885,-0.34003283577374993,0.7923963463136807,0.3234806153365805,-1.244411328034438,-0.16340697889959682,0.3770917174080869,1.1212847452674826,-0.18063639741812224,0.2649898749257109,0.44431441451445425,0.19878646976954456,-0.36104379251977803,-0.2337012148916627,-0.6776807791961569,0.16375446144842162,-2.211439100306078,1.3229309709854622,0.278540098161914,-1.0394430174318519,-3.2144886764365403,-3.7753768593906774,16.69065919288632,-10.455442403168085,-3.8148578577936605,-12.294202144108564,-0.6868445017731248,-2.045554459171573,-13.596651826645749,6.177543746779417,4.37816054459343,1.1862670873805907,-3.712711626004626,2.9123914423745854,11.541013631253598,-1.2295057790181438,1.3114432595966947,28.889289032185758,31.89532114458677,-184.08234138595716,19.988918495307246,228.94984867512892,-9.655978169801873,5.191755526247292,-53.203020573649326,37.715194673498324,-222.85601941038502,-60.85937588803848,-28.917159013042756,291.3876016702603,160.67188627728194,-46.780908648029786,1.0
-2.1898932330720573,2.7016121977577527,0.3324806862075277,-0.3527020938927721,-0.36288996162261017,0.7825622658186805,0.36264088136051,-0.9322991336262367,-0.32652052611563687,0.3089399388767295,0.9729444575234087,-0.23237002351605984,0.25427637609258597,0.1575162557343093,0.3250013667404349,-0.5051717285434804,-0.1836753746879955,-0.6258574132097547,0.2913423597756021,-1.709978896031006,1.0448117680864604,0.36877225707885697,-1.300737048532483,-3.13093639632949,-5.66158065282458,14.492171079097291,-6.702012012863366,-2.236614602119637,-3.3632265224279156,-2.4823409276711783,-0.1152285224606898,-14.787028894949799,7.098198758918053,-10.008728421625515,2.6634160377162783,3.845233431292722,4.105204420219014,27.01727380538784,-14.886424264148523,11.453873698695633,14.968463457659272,-5.407569284656258,-73.88729474535249,-131.27519658930595,103.53776411144028,184.83457905264575,413.5798428690322,75.38612111995984,14.740180417398063,-45.83256366991777,120.07183104105253,79.99002155619966,-31.077707173264372,-9.162924535670136,-573.9348459469448,1.0
-2.2204813423922896,2.7225006033723265,0.34338218038749735,-0.29569306632074716,-0.4200173436009663,0.7547557456313815,0.40803775075431314,-0.6602540135976221,-0.4055918925498749,0.3025332758148509,0.902118830240889,-0.2511434563283641,0.21114357975022902,-0.23795697824930778,0.4221880970115959,-0.5578598421276951,0.1831388762954145,-0.5730326149842496,0.30374106106893056,-1.3541749992983694,0.8172426435510572,0.7420584962187897,0.17223351188217256,-3.670045411467721,-11.628443913440478,9.993263441933582,-0.14563389419406692,5.9944556254268235,3.7468185616797416,-0.01431940852077307,-2.022845412679135,-14.316624901728726,4.257200493302019,-9.062068770836422,11.996168700814856,4.033528785872452,-0.4607064411978524,19.043768584006216,-38.31538800902307,17.60533164900837,52.79049948202963,-101.5268543815319,-402.97968822228324,-986.6298164683543,956.1979002363587,1584.29073888235,1948.5394527742892,204.0231089258364,50.35698818043403,1775.937754113002,-124.77974683085819,-2154.874113339196,-2435.400581215494,15.294337391653187,-43.68979951344543,1.0
-2.2513125908385203,2.7381979702827004,0.3643712581950356,-0.16902668387177291,-0.5531176043819372,0.6770591096135348,0.4550624769758827,-0.6159490266464533,-0.3116919713998108,0.5619622353789273,0.9080049951514079,-0.16244178823738534,0.34922114006475324,-0.3647235362064595,0.4652776920313773,-0.6205265472200587,0.624773475407425,-0.7097861827017888,0.08306090117515672,-1.7870628542514069,0.7280497348765198,1.254661228596702,4.349317933169083,-3.5538840268411658,-25.78571333682106,-1.8718984350417651,5.997398218295119,13.356257213676297,-6.74868298018699,4.066825109963793,2.4483366358092193,-3.883080254184826,1.6193898501713249,6.5937468449056755,34.511763530554845,-8.378819790043634,-11.561962385287893,-30.75015406517124,-14.595630080006869,21.045357884175694,211.73558104312926,38.091937538387725,-531.5575846215647,-385.2149029876505,-41.98366977914717,-425.64264276871353,-844.9229497234314,-210.06976388807414,-454.01480626912524,2.9641505899582836,-2.891097573461396,1124.333765013586,1578.039235195094,156.18432038446906,185.26765921427815,1.0
-2.2944044264599723,2.7465982373562356,0.3914013518211694,0.02787280409747541,-0.7238017699147415,0.5185790948490777,0.4543234828242347,-0.729527317426328,-0.23596599737357807,0.5614929154231223,0.5911063211566074,-0.2081886650936049,0.3508895888744407,-0.43825161760714143,0.5083644262224444,-0.354681839495661,1.5319654709976696,-0.6320429410553886,-0.16492993992986485,-2.389971160022381,0.1247213371424531,1.2161833142944019,7.8221490937583535,-2.0013017994499935,-31.8105609372737,-8.635322731867756,3.0055730587518807,-17.151413995580217,-17.679970306251985,-4.487592434354666,-0.7503157817595862,-1.7067951547297222,3.5522414809342058,16.1487336934789,46.510753825474296,6.9807439204166535,-10.970020793439273,-16.998379177108767,-29.20455361619199,-38.47855224163087,46.20459414790086,91.31158283111182,-189.30931946649088,-334.7203331370648,119.93555892459361,-2548.9315185209443,598.359522368444,-119.57379926802895,-32.45913282434082,507.7112426311868,159.8788359264917,134.96037150622476,-513.0298951202938,-27.054836814285466,191.7921031516616,1.0
-2.347256331357816,2.7457253787388303,0.40232873255110574,0.24610049896129305,-0.8461534274828282,0.28256186403396255,0.3789692791819898,-0.8042466336527422,-0.05089507302901469,-0.06655733282402351,0.40986013497735635,-0.22353452860762005,0.3281927895581925,-0.3438554295866634,0.4784517789365436,0.04091878806789927,2.386209273970085,-0.6729047221425724,-0.271156598543962,-2.7208716892649405,-0.016908389178526953,-0.11602500834761986,8.88936616867726,0.09932863781178358,-35.885267920386575,4.812720745436466,17.5047885849037,-29.738241943827845,-5.769391182125908,0.2714892903551347,-1.1348795546449804,7.693375528845553,-7.56698649667905,22.92177917388856,37.82493996349547,-3.1774172082281047,-3.253068224734209,8.50738228011879,14.494719050202907,-76.04709928428163,-35.00701917065323,128.7096687679282,-104.27561376314182,1142.1348803032597,1007.8266508383928,1017.3352390912229,-85.07831323064897,58.49791603196478,15.048991158075902,4.291939109050006,-807.6313711218158,224.5375916407383,-675.7691249811285,113.0365463423378,419.919403570406,1.0
-2.393499273965898,2.747980412271368,0.3843552660859015,0.4242857609326194,-0.8720607977704355,0.013106197805850353,0.24355653479406678,-0.48093933293967767,0.38956967006070675,-0.2918164310064472,0.3337204339102307,-0.20152076004559524,0.3038739496347992,-0.2890661946986266,0.1826811584503536,0.4990423984639622,2.803366699971137,-0.6940329512054975,-0.2904555627698137,-1.8278143473035255,0.13769035703054675,-1.406901041252591,7.658004965065063,1.000323171341069,-32.01061228474997,25.883260856144155,18.85131877988881,-0.574719884935257,-2.2964309671838645,1.677005241925634,-1.1037085958251749,-3.7389233217815683,-19.535093360603987,20.67062370787843,6.807150476856148,-0.9188342348946837,-0.03536884866473469,65.82363688439851,-2.620109377925338,-42.910826427355474,-49.81760470864244,-8.520167453472133,359.64251693180245,1126.1414926839536,-944.9239999647324,770.4150509477405,219.38780588676067,43.47559469129233,21.005008642071132,-808.4927626077207,-347.7877994242388,-384.77909423360956,-1492.3930152345345,-84.48352287207899,50.84856012104256,1.0
-2.4146579252297706,2.7564015496363865,0.3562182143131956,0.5161449341655286,-0.823041839010827,-0.20610708223924726,0.11711707315230352,0.2502319953184027,0.5121325631993062,-0.23231511749901154,0.17309793593446324,-0.33878371043702704,0.26965454035975583,-0.46156401187555,-0.0714249117932213,0.6450940336703742,2.615958504106111,-0.6583066606987682,-0.2876503222799225,-0.6616386050439383,0.6043347884784787,-1.2182559782821385,2.4916930323846236,-0.10492677218460489,-23.385906658760376,39.37187465826382,-4.969330134388308,1.9088051663709795,-9.898512470820364,-8.208632278639522,-1.356999055901877,-9.670256465992203,-6.053890078871564,-1.0540262094754795,-18.24993021449947,1.9329764474468636,0.19633169030050596,17.525234674182702,12.634700665522473,33.21627821600491,-313.5268477641414,4.506460256842141,341.3301034808383,-288.92317475000243,-1061.0353814295981,-237.51660288092904,-34.6747299896359,68.43840295527882,36.43535528601596,89.71939153987022,778.1476197246628,-683.0352611549424,-587.5966721200813,-60.35392782758458,1.7135752196791691,1.0
-2.4294049188932334,2.767988460960921,0.3276074406789548,0.5461881855528478,-0.7546364559122617,-0.36355894195351485,0.005213549300572556,0.7343446895816041,0.20014974833749358,-0.06534476916545275,0.32446061943288823,-0.4347211108342251,0.1175876139439246,-0.6366665692097779,-0.1701491385427941,0.6137316411157638,1.9758617313486448,-0.6323813941167665,-0.2859962489429025,-0.8411787062896223,0.5793417375316531,-1.5675192051453033,0.9638139262469149,1.6217098131720897,-19.18452479415564,14.562664033272144,-20.370150667094272,11.658254690399142,12.603354036017082,-1.7954910628591172,-7.762982744276997,-6.633350843778822,-4.164446017560294,-3.2857318731857896,-39.648645161619996,0.33147808722495115,0.05487253920260108,-14.713424304107185,-1.3511619018536174,-6.88245953360494,-124.65242530167558,76.5980201233838,106.09676645597162,-790.862175591761,-259.6675484601289,155.9357973301658,0.16596668358375566,219.32819067576636,142.74932852453875,327.2965069998901,97.64209030987242,-344.23758635745367,-485.3738536312276,-133.67733338726592,0.2502270740748294,1.0
-2.4493075403746074,2.7803415011560397,0.29888841724060833,0.5429144298303832,-0.6989336607976676,-0.4572682258865427,-0.08741526914958782,0.931664715844771,-0.15385142703418148,0.0886911904642355,0.4777903762493025,-0.662379746611553,0.04842547629152871,-0.648496626556158,-0.36963644134056034,0.3003990618477278,1.1311309094385675,-0.39243691119315616,-0.282428341911904,-1.152851558565251,0.6233232799114011,-1.211121471914488,-2.0378622564203055,1.3464107965177365,-11.086849466921507,8.083435811648107,-14.799414784616705,5.537203508473328,4.008377559433262,-12.79587265641754,-2.184268815714097,5.205811856636334,-11.749495315860175,-25.666631094461035,-38.64867665877414,12.244967067729242,0.23834990157345717,-22.100235274236283,-3.0521154680236022,31.607482964662953,-158.56985932892664,-46.58759336426009,261.9772330258419,-95.69723891930201,329.0350498011968,-182.2835346339321,-324.3486007405392,85.56258843110407,66.18215728259896,661.4345669837652,158.69445823491887,-998.4672139234931,920.3484502651602,-318.5287746537811,3.8695069790686523,1.0
-2.4755989342019706,2.792016352355507,0.27940603971618594,0.5252284656406976,-0.6767970439713205,-0.4960493708970854,-0.1414773543186572,1.0412475603962374,-0.37367814313104386,0.09626268180869348,0.4938807300150319,-0.7680547288618559,0.0018861865689715272,-0.48649324964468554,-0.5653469470522355,-0.20870377009309596,0.751538972860443,-0.13086275426967883,-0.2814763147679229,-1.3904922662966703,0.6656840460353826,-0.8723305610381661,-1.9149542694255717,0.7139772987600854,-4.513727186725456,2.0565230941791848,-8.932279419779723,-3.238287233205219,-4.039064766057662,-7.874133970097975,-1.0217076481841856,8.50672784478339,-6.10894304598594,-16.616638186243982,-5.071174817741641,11.352607304176423,-0.048702552142342904,-8.92790836412302,13.375731425126677,3.4023448383888804,38.29504610112024,-18.999416975358727,225.6346764302572,-497.3131142684025,316.56947659532,-159.0811468066666,-140.0419024650277,45.10786027702985,-44.60694374228092,-120.47677214091769,458.33832238522024,1567.9720117823206,1140.4956547936195,-194.64840806649565,-7.088111244897728,1.0
-2.50407127164608,2.8048010136424644,0.26531754326959245,0.5109629277291928,-0.6771477156251519,-0.5030514589099004,-0.1653090662930219,1.1137044877407551,-0.5434762132678818,-0.17480819339618284,0.25681050236781083,-0.9637006640266879,-0.13498397999888057,-0.3922954376536028,-0.6504693844820665,-0.2858517679105427,1.0574438618939708,-0.06632530286930638,-0.1633965239415797,-1.5809215518866997,0.6501113261525263,-0.5996793338559722,-2.7207005892664515,0.6665401140124276,0.5857470268676771,4.34196147835901,-5.132705629892133,-21.337690435458576,-14.581017376641405,-3.728134564578,-6.670799001805397,4.713891142475829,-2.492676973335924,1.697032124204783,23.51125655845618,2.6932002057821167,5.939784153680244,-25.594289286490376,7.5080235996632245,9.38257883337857,-105.18689922321133,33.08100436600565,274.9241736542769,5.221154535500752,715.9140961177485,-213.0479909585809,-43.22427128893344,638.3674755922785,140.31988576992939,294.94144604373014,269.0999302527462,185.75468172158887,191.66647224537203,142.09189051775994,-114.37855484050462,1.0
-2.5393938125706668,2.811447953915378,0.2603669842724221,0.5185047907241731,-0.6974144764956373,-0.46313083243035563,-0.17399902879833465,1.0644021372460335,-0.5057746933059913,-0.3266196673330864,0.2680036351779333,-0.8754362341557279,-0.1023945375704509,-0.2545509820039665,-0.6049943174905436,-0.12109919918293363,1.3911752227994492,-0.15346456246814932,-0.1969900547955425,-1.9669807735367324,0.3727399401722498,-0.14169187219196508,-1.8692863252656466,3.486444897229065,5.660052369473057,-6.19246348350806,7.589978189084199,0.5957855244098131,6.2844868009978265,6.218323279818717,2.678500590911529,11.267771829236377,7.088301039247776,8.965065848112339,9.90885556402653,-5.160767888242014,-2.881466462670004,-25.915548659681633,22.660499445415724,-0.3883851151106366,-102.28294872973834,61.87494211469973,242.96198902495692,-310.1232722414707,644.740889299761,573.6344854417579,244.0309097460873,12.233671954271806,-28.11104245465802,540.9612504403386,626.2282851723454,-140.74308081367258,-734.9842407814443,66.15919040475642,12.792292431446375,1.0
-2.579296011531021,2.823804043463977,0.2579908811302214,0.5304041788653979,-0.7314956040917366,-0.3918200060029365,-0.17338590234631837,0.9683193429183069,-0.2606122470017027,-0.22087391629842995,0.20444355609749573,-0.802228992783718,-0.0883350373908857,0.06087289179597464,-0.3362537114715017,0.10540549422441339,1.273432630972142,-0.18067342165956976,-0.2504107906814827,-1.8961814070851548,0.7220046386008517,-0.16025153384807114,-1.5571489546972856,3.83971104317827,7.751823130415477,-4.978583835904312,12.079171551258044,6.613545096656795,-6.748761876330964,1.2269719087009843,-0.4052862990934618,17.38493943441706,15.680458848784525,13.840605169911324,-14.44684038447129,-1.2481868837294425,-2.5776114932102283,13.169727745206137,1.2261803780469318,-11.271547345328761,115.30563864683859,59.01671231694874,115.996280501142,-138.5218860773832,-291.1393014544648,-344.0542641685896,19.709774608166875,-20.309574475711724,52.87621971868107,15.508800652666428,28.852154239495896,298.42931910236507,-543.083152384019,-96.35572232011734,7.164534486492586,1.0
-2.6176034837678777,2.836556586016115,0.2502758558604761,0.557742315023728,-0.7542664779825328,-0.30442704952527566,-0.1653171550116127,0.7469783193068299,-0.10331128175042235,-0.1984013938207083,0.2928638783859134,-0.5363274963388632,-0.15859721001575086,0.3452869579529956,-0.0599147479056529,0.38743104106761234,1.0425337864985957,-0.6040076932497822,-0.24122370188570716,-1.945639421195422,0.5726690983486689,-0.5687714999662985,0.4256394167530065,5.273259490485719,8.41980419980074,-14.579047682446012,5.056039878634786,-1.548770165925773,7.588316079341292,15.616845511660987,-3.123564907023379,11.046119152997552,10.675362635079091,11.35302672139653,-9.364400113652334,-23.80315040682961,0.7105767033180354,-11.575711993175858,-9.686769260028475,-20.390392166484478,56.618609262024464,75.0715539477943,31.779046209965493,-314.91894463371375,-195.58141231695728,-201.76364856778156,258.7429578700865,213.11135293807456,117.61001114159926,-451.41098107182745,-400.84524469087836,-587.0313305388461,254.25193603076363,258.8437575893607,-6.575367684548983,1.0
-2.660174453391115,2.8464354956252014,0.23480054453449914,0.5944574467348995,-0.761857267777113,-0.20074719085737638,-0.1609174102435403,0.42291513966697136,-0.009525407835979873,-0.16006703112201276,0.3883994900815849,-0.35913247563951955,-0.2172231408162807,0.45090839690809004,0.06726146635340333,0.3882776005425297,0.8696396991401968,-0.8059480592128144,-0.20925074702175592,-2.2673289425780814,0.44814776154110025,-0.9100418810278489,1.0127131339241557,7.158069980032259,8.972883701423147,-16.718678313693427,3.3545300230488895,2.6289908630294274,1.9451495981888542,6.215153188486726,-2.475961626688149,0.950952187236418,3.5932888361048927,-8.315576333031384,-7.424461965050658,-5.872045672303466,1.8539494170142972,-13.316751851146078,-3.60569381401917,-11.527064961228437,16.197820282927502,51.984527745190206,-21.867149522814483,15.334508771172523,-205.161520989891,-8.782358094506495,-323.0375467623023,-184.08001909011182,51.30884028304277,-394.5227903516498,-216.01793618787,-751.201812691289,182.2809297306265,204.9749245458548,7.8503896265749,1.0
-2.7073783278584114,2.8546857488131687,0.21424113398007116,0.627822373721408,-0.7543886934286687,-0.09643913533115751,-0.16563894306104804,0.11463678157823882,0.006094675670789661,-0.09987194335142559,0.3668371041723656,-0.29561958893042506,-0.22644269169316733,0.4005520404914326,0.08973795778665312,0.0955250104420877,0.7999584618662731,-0.8171225006081941,-0.19411903442077139,-2.3856415980534242,0.3913116387836577,-1.0861355411396798,1.325296807944868,7.175537218972952,7.223041947744224,-13.649504808660016,-1.1700548297454612,2.992220344570799,-2.976523652230121,1.8345614175927618,-0.07587384992574897,-3.683935371687187,0.6194873579091204,-15.563260868007289,-0.9970591974051614,0.775090069659605,0.575197192821505,0.9751947519418894,-2.0157726719909435,-4.286164096886595,4.50769209882501,-44.68353949724115,-101.86259986173525,237.23196925235894,-194.17001364794487,-24.3470044599426,-143.12953276393515,-103.60381257213515,10.045986966930712,-29.489191421525614,59.62983395183155,214.5088980218137,194.44693158341386,34.12173713598327,-3.6708343011628983,1.0
-2.7548806085180875,2.860709523801832,0.19444170941112024,0.6487714363689803,-0.7356620424750883,-0.01848789336378972,-0.19379159014797376,-0.11878124252959228,-0.04255169665528163,-0.0654502200816874,0.31122398406600865,-0.31698766850985605,-0.2365909662781331,0.2824607198899538,0.14460075574852824,-0.06403461518185086,0.8347144049766975,-0.8959260884861147,-0.16601664396007804,-2.3228964857868375,0.21636700978053094,-0.8828059017793762,1.321525006642147,7.83400907056326,1.799891744478658,-10.15924479292562,-2.8751268262497316,0.8246642225397589,-2.388062338298343,-1.7430576821611885,-0.5021393004135092,-7.361783817395281,3.8925557179605375,-2.785542916006149,2.200724442940318,-3.0937841560664943,1.2829064553000706,7.875687219122556,-2.9709525286453173,2.146191363516417,7.103063171399126,-8.171592662186374,-198.73141506255018,172.52396779660384,-29.82561968490792,-130.9255240354621,78.01406787055585,5.065619923381184,15.389153798747335,-70.54127879997436,55.42694860486004,371.5028107569973,-104.32949334611521,432.6103498889889,-28.9780759482216,1.0
-2.7992117087601676,2.8657588023295877,0.17574183960949682,0.6589405401013365,-0.7109983740218077,0.031240885410076795,-0.2435214237558957,-0.27628112563561413,-0.10170208608490061,-0.07306921352832935,0.25887157433483726,-0.3310869740351225,-0.2558425531429741,0.14669109334366343,0.23835156120362638,-0.04963319526566751,0.7859738404713882,-0.9160227327455579,-0.12881917959853692,-2.114957264992066,0.27792063328899047,-0.9851022902730101,1.5323569468162415,7.220323147447697,-0.9465070260351005,-6.256561748803872,-2.7708844218616497,-0.46934410822785366,-2.4803168471175394,-0.4654814594250534,-0.893512971063713,-6.899780261301713,4.406005696081857,2.7475739561470895,-4.167893243115085,-0.13465083668525174,1.6689299115353318,16.772287730938107,2.133005121151181,-1.9476724733268342,58.429304721167554,23.701081989068012,-287.0340646454584,166.73553111627595,42.26132288141321,62.894904380978424,-1.9145919542779626,2.9188270442780055,18.839796961299147,-74.74964664856537,-126.3094405994496,200.913777019399,-31.10221212566706,49.010871929716195,-38.88380395378386,1.0
-2.83485322093906,2.8711970205441077,0.15814287835536844,0.6607045522632448,-0.682927385515379,0.045113359310447444,-0.30829282434639915,-0.3275022298184653,-0.14003126337992725,-0.051251510440914694,0.19110152959489707,-0.2833444800042892,-0.2433875836775491,0.036768672528006696,0.31889627382769914,0.12059054712213309,0.6684647045624175,-0.9120371030937768,-0.09351451269351894,-1.365064696328483,0.24773126866279324,-0.5228641775880534,1.464300890899451,4.2697212415864385,-5.366442867601573,1.8827671626848088,0.03592501688137473,1.6953696148517743,-3.0783064702366882,2.2324046581571944,0.6970711627631871,-4.213321688443756,4.976633202864948,16.74143735710814,-3.63974901280775,0.27532138426500363,1.1246778270669129,65.82246503068272,-11.369263098901316,67.2160812030977,-145.96583903378476,-377.2035461079812,-286.07693229859797,701.8748045821226,344.17523502024017,-10.944232303763798,151.04531377460276,-105.20476780537922,-21.466041599578766,494.73427036541045,55.877438336181335,452.6260781727887,153.06299212132694,14.026956699477802,-105.67841403172442,1.0
-2.8533528011837053,2.8752775743474004,0.15475158067025005,0.6429496765463593,-0.6760612482370605,0.014801693314964809,-0.3596356655506908,-0.21833192680115623,-0.1286149547693844,-0.07897977921643937,0.19330002966309134,-0.19778677120359547,-0.21253559828734286,0.007648389923998259,0.32458769708188423,0.29079154846603344,0.6034744889587332,-0.8649190347270277,-0.09155790539046241,-0.7172836007228718,0.18334386639086608,-0.04119411274734943,-0.03551913475322625,0.5001628222859464,-5.868557399131573,7.179281210687852,0.4319017236881695,-2.221769684644818,2.045852194516403,4.6806284083680865,1.5014624128973617,-0.7238110413217143,-3.907624941114422,-0.18520200062787806,-2.964723428657158,3.185793406638806,0.3494182718092229,13.992668962364341,-2.1945853753580202,4.7306072743601275,-30.95106017563997,-98.21203994566135,42.99526506662923,126.85717865219047,-44.205520409524595,15.95251800341131,144.3150379558411,-14.188268204592005,-26.067893895226717,18.044810018193008,-411.8195484632514,-912.2032689697874,8.099606337096828,-7.934702532673572,42.15695593741366,1.0
-2.8670074361111166,2.8788513748698867,0.1537183103156675,0.6203494542010536,-0.6753524910537233,-0.02289402016666352,-0.39817261500584444,-0.07923574455192667,-0.13110812500492158,-0.06830212547998603,0.21530964852756157,-0.19140289122614185,-0.23201441608070683,-0.022396958213398505,0.18201374802974205,0.10439621388604148,0.5555287800636952,-0.8733433291679585,-0.04180883188339874,-0.67798754030667,0.1961208530586227,-0.09050674796181976,-0.014075025591757988,0.21474290720318334,-5.82022404967598,6.034388614637727,-1.459738764948519,1.1672055577630522,-4.4130733143194085,-3.0635438207800814,-1.1316908629167448,-1.61143617145309,-7.8843097705559675,-12.280409016845697,-2.175048981982578,-1.6305372794634307,2.469263660065988,-0.9964613416939397,5.98341116614203,-6.747428993839362,13.089000579004793,14.665738660732366,6.827987810597068,-251.66873478765027,-180.99589993575105,-1.6380807611325894,-478.40924280690757,-226.07128901901538,5.614504704096303,-8.734716727540249,72.73973843912604,92.34918896829618,77.40198163685666,-13.151984268792932,-39.69902462538694,1.0
-2.8825974656002487,2.8842048287810886,0.1512166975784505,0.5941220292616983,-0.6727834148221146,-0.058889987184537154,-0.43693644903539425,-0.05306174226593063,-0.15588847158413396,0.016002621413686854,0.20192940616720778,-0.28962831708503567,-0.19179107598045222,-0.09356253267078785,0.08715878906955758,-0.05197554737133552,0.6619868433644842,-0.8757585620444158,-0.10375373848741197,-0.8260953911290437,0.30830772347415764,-0.15680175794684761,-0.5789815875841788,0.4001697207226147,-5.716471528209909,-1.7279997117933892,-1.1162604855965428,4.208409688080898,3.4997664294972854,-3.2774885949253063,2.1848726018933933,-3.878564420286175,-2.5997628750101476,-4.447269582822711,5.585873100644937,-0.06506880814495172,-4.119329924523458,-5.078521278711823,1.8120376361746315,-2.744636525396246,-44.28341457572561,-16.22016128352698,31.040143563667876,-253.82315209234125,52.7538828454313,-78.10065841619515,600.7032513980528,371.3314246107151,-59.33807611164521,27.661991011890713,226.15797603289585,285.98296713829814,-174.2907716979716,-15.620987914495739,49.43125043075744,1.0
-2.9010316987788314,2.8915902976836536,0.14623105459357336,0.5641414921875779,-0.6710254739723012,-0.08276086111265855,-0.47394074517866974,-0.09076836200858268,-0.1350122142694716,0.1872163680460292,0.1679236687440065,-0.42665079846622733,-0.15741568048433388,-0.1784386351758921,0.05379373693071302,-0.133126817260199,0.7371074014230943,-0.858635907820787,-0.11983251962058801,-1.0046273827088672,0.4198133404301269,-0.33147155219307767,-1.5448452803482118,1.383826352459234,-4.468671107440203,-2.6588544643259673,1.4569819208975756,7.194647246378248,-3.7978878009406842,-7.158924174561563,1.4386989151304073,-4.4308667938672315,-0.7349936124011937,-3.839184340847793,2.579108034666241,1.293315797256075,0.3172336389488366,-9.457546176449487,5.553435010045116,-9.118830115435632,-52.143386051616794,41.182449489134626,79.97300449402782,-126.9208684664232,-4.713504353426037,-365.1745982924289,-97.40456137926192,72.89819037899493,-25.921145809364493,-6.757932004431009,114.52921140829316,14.900536281530464,-117.48538669058985,18.283540012726128,62.45985757353933,1.0
-2.9242354942218056,2.9002929465190115,0.13460654465488672,0.5399638691201768,-0.6676374996023322,-0.08311885018668311,-0.505757299416586,-0.27790278078166825,-0.1448116834879442,0.04884953181432394,0.3772781747744545,-0.5390839109057798,-0.0795985695137159,-0.290949140399745,-0.015177929597204293,-0.27950281632162705,0.8182707084442337,-0.7609741027877261,0.021905044755932284,-1.2093350073418139,0.4080295587204854,-0.6762744650419533,-1.8206641437471036,2.0004837684930474,-2.5845917170763313,-10.477822724013464,-0.07757606399119016,-8.1445179146907,13.331330119994039,-3.4558172422976794,3.5567301936024784,-5.349603935223075,-4.378812026205703,-7.912854074679418,5.609310147027113,6.837900499151584,8.060354841711654,-0.8318784682284245,-4.07021736053637,-3.4229738007326858,-17.99250803522262,-45.58896329195248,6.415166124584362,112.71092950193977,163.11949292458223,326.1478082174074,-163.03409818918655,189.9211988423347,-75.66007428804794,121.66562124688997,-9.9586724014228,108.35900334104842,86.0642127917362,29.630146714860395,-102.36572079281243,1.0
-2.9478056204215326,2.906582506881123,0.12197449071722655,0.5055839075107832,-0.66422940569573,-0.1025165995999135,-0.5409940442201718,-0.450009524748247,-0.03990796299182908,0.08169541799612803,0.5770360497786442,-0.58414095272727,0.03531580569728721,-0.44388351698368234,-0.1048234393279444,-0.32107165863538684,1.1160938655634323,-0.6283876044781068,-0.0899493963394103,-1.1690569438231304,0.2418148433160957,-0.5984091225581893,-1.2114875933183078,0.601937167635575,-5.87130410374343,-7.403438570040114,8.079004964696464,3.826323118934419,7.625679092435581,-1.662731545341544,5.379596019896265,-8.275367230070382,-4.735245538175679,1.245490150809268,19.299094150030886,9.16782764407807,-6.169191717306568,-9.144224502547386,-8.74547361092922,-6.222043386776213,-9.130770982508384,-22.407700752076597,60.54809252023848,-0.46815967532899316,190.82474455245506,-113.28132491258135,-177.72454273733337,59.89803272825061,-99.440066272254,-26.145162657965347,-29.66286592039593,259.7119347635989,423.7410267934964,362.6413753657827,195.80484235350045,1.0
-2.97394247980386,2.910757110338357,0.10992172204139831,0.4632206143727013,-0.6654422163732813,-0.12652725694815117,-0.5714929328850621,-0.5636989410524241,0.1803404840445757,0.16605671655194376,0.5732234305899355,-0.7262509610756092,0.16555311129987058,-0.6049050224969919,-0.19474857174532456,-0.3136574983410425,1.4896648788783946,-0.43085120110511604,-0.20139372540244282,-1.4413993571532915,0.19204101415366923,-0.5844201605116135,-2.6679525805094917,-0.019609717302899066,-4.667934099736939,-5.365458133984751,12.41122774038662,2.1526737416641444,-3.996580301374962,-7.532203516182737,5.7782914724375,-7.035183061433572,-3.8748533996534236,-0.3426069223487139,17.64127235145551,9.590216310909561,-4.028122036948894,-12.545873310184703,0.404477213213536,-0.2618110938171221,-100.19330139362638,-28.865399731275737,75.65017741864732,-50.41361704100397,102.64782781309113,-342.6143439363877,-265.75203755867705,115.67486003871424,-116.8733730128459,201.4024787583284,-78.28240858435049,-470.0039314111162,-1029.2415548105182,-1377.5739590481562,290.4397652220093,1.0
-3.005930298247695,2.91144962760394,0.09858837689089342,0.4215312047684809,-0.6779981598645093,-0.13526756384952168,-0.5867986237177014,-0.6332068023335612,0.42809304080579,0.20235634399028266,0.27457127747191024,-0.9654838630170518,0.2708080778327361,-0.7306048422714064,-0.30823013599234284,-0.33605059389577774,1.954941914963124,-0.20184386709428545,-0.21476393295424404,-1.768864337799484,-0.07917963088766679,-0.5234753833064342,-3.782642486263511,-1.2137348345550087,-2.3417690197200804,-4.3109792928042925,12.329238290193581,-0.4883536426599917,-17.75788439439592,-4.983724522600182,3.704847981024347,-4.303186247067927,-5.7663055436384765,-0.8495400741099535,26.406366265896196,12.551181893950258,-0.31905767491555015,-20.10726602811357,-10.553645580214997,6.927187571809406,-114.35625666818986,-66.1221520886848,134.01627925119158,-275.81924128415744,23.319025611342422,-380.29156194022113,150.74777539900833,785.8687809311712,-474.690149356648,346.4863966913376,104.88189786641416,97.43056815232951,240.70695316263,69.97852107655442,-46.46412980222598,1.0
-3.0423494040984087,2.9134945294320977,0.09111309706281423,0.37288508781629903,-0.7035319125375533,-0.1220042001975079,-0.5925491831566815,-0.7695246188088105,0.7135101219016201,0.42168744310160977,-0.07809668709564105,-0.9674953101700118,0.16372743626983732,-0.72320873850997,-0.2757632362956198,-0.327977710906973,2.341168192726203,-0.12471552704869328,-0.1866002856960819,-1.626031331479873,0.3370068220812207,-0.1405762677542522,-4.822371265587262,0.37107312329144326,-2.280477173668671,-10.344876723645989,11.65930847179978,12.011553759890376,-15.33291618547165,1.6642742411524258,-5.992981799359583,1.9118334829320187,6.165326339988923,2.254019640402778,13.739582527265688,1.4290531186764757,1.3763340653869385,41.71434939712208,34.11252641268005,38.47191319649139,181.0565138764923,292.7011014175151,-160.4160129831449,-376.45381084166974,-436.1111474164207,-285.56300555912276,332.1541837631251,69.23112670727983,125.63912296761097,-10.398373476320888,414.26119169114645,296.9613775896338,-595.8341374821762,-97.18829239275333,-45.09581519752189,1.0
-3.069893878105408,2.9251262555273967,0.09501079352271223,0.3294054406772155,-0.7071148404491691,-0.10801074478150112,-0.6162907893848019,-1.0867324138950343,0.8752654897611646,0.4979251450444093,-0.22330660311570824,-0.9431386776691101,0.06176941084698057,-0.6277185706941215,-0.08512324117608878,-0.3195441872621046,2.5362661868094127,-0.27514125843408316,-0.058364796867360874,-1.2329242717756468,0.6543862695340268,0.45563003676838176,-4.29408602841071,1.4731388583084402,-1.4242439572206282,-19.952567404629203,5.112941017313512,1.208008530868325,-0.8599864913638873,0.8668581889583833,-4.239664207942566,6.4204113666810185,9.508146520821018,-3.95988425929217,4.449320663427497,-15.84402090798215,9.735312299200425,17.16841136815337,-24.713785889362303,44.349643564017114,66.81528816523158,-75.91810239847939,246.6469766137406,-195.66680407444525,-544.2023316574978,13.115454320319639,366.50082261688686,-35.59122662388726,103.36072374664646,-237.63799826349563,-605.3976389970771,-393.1019327976922,-593.2767557606904,446.2283253335469,805.5931260601387,1.0
-3.0946204004434748,2.933299252861898,0.10989480273991283,0.3042043339816118,-0.7240009268363956,-0.08422722789116732,-0.6133417931370843,-1.458214536839702,0.8783668390753354,0.47527650393576,-0.2014360148358775,-0.935230629751152,0.07280704351700845,-0.4833681063469322,0.03642700666539919,-0.45271961810178635,2.5651381581496024,-0.4923827862835401,0.0396229826532226,-1.2418255070416917,0.2546062336300888,0.9107230162299105,-3.3998132693830505,-2.572210609763173,1.5767982072963467,-15.578302485253916,-3.362976157089234,-0.41592526361368787,1.6813789896672378,0.18317264590569404,1.2605472849773895,8.710379253664655,5.028351131294306,-7.332869157601579,0.2571921820069898,-8.109543323058116,1.4203704247639932,0.9288761295185547,-13.760448033043723,14.199604698462684,37.052189456840566,-179.05514354596022,102.27692570174393,435.9339040820215,-334.87975316426827,163.19665730455233,9.867212534486555,-13.719552622365066,-8.556330618155503,183.2790151445044,3.8882336648119686,38.300701018037536,-26.093228117729495,153.8638394912895,-198.60324443852258,1.0
-3.117895485086675,2.9332135056697726,0.12848250142371617,0.28357566589089034,-0.7493607364923779,-0.07829221294956876,-0.5932231095545746,-1.7370293251970197,0.8033908668257688,0.39959942071954985,-0.168414091475507,-0.9215574566323375,0.16862524983857696,-0.29031475519900457,0.11323065289420942,-0.5293293594897354,2.676240655557093,-0.5958868925520102,0.0036169320331519922,-0.9837655365303892,-0.14520856592972764,0.9126688460495804,-1.4433571675359917,-1.7042447878106242,-1.6051878180508918,-13.2301828032305,-3.3529549729405783,-3.2100280844629405,1.3860912940885908,0.7842684169001339,4.565366734072422,9.0822354661693,3.3077893231409443,1.7580625268938992,10.121048889439782,2.9928550283107005,-2.138541725840729,24.179692804461858,-10.671310450037513,-1.8494563921254985,111.63614037336217,187.18807829215686,-172.90597966802008,39.38087734020364,81.84256610248934,165.72775747131624,-38.163084652902356,-5.35262367051714,-100.9841896985303,-53.749686126137874,-47.6671159368379,692.7453657320715,447.1808951301717,604.1369895418244,32.68839223460934,1.0
-3.1340422205065206,2.929922833136412,0.14944133160510786,0.26026452568029906,-0.7587800731413535,-0.09418363506971345,-0.5896139585873679,-1.9866719377670012,0.7286261963871978,0.2634435576835342,-0.1488414196693292,-0.9112120272012844,0.24987724163272915,-0.030837280171613336,0.17979019963088602,-0.4459343419035148,2.920632744217655,-0.5064563078689931,-0.02812763321249535,-0.71151180336219,-0.14463933577799218,1.2315293897530988,-1.0981772569925998,-2.522593716430087,-2.38807143839761,-10.788979242573928,-3.957012442519309,-5.979272655543666,0.6989723827670445,0.3590040890725387,3.2186479735213487,17.58848865151611,3.3415231409270554,5.4187414755121575,8.879257708459244,6.214969160721579,-1.3181904366539923,7.239626126088721,6.059404357160205,31.157072072731022,-33.76276196566721,-206.60278913129815,81.80138728277173,270.28241180720426,-54.09697042481079,278.35029610275524,-25.75800954142899,-13.567822581041122,-86.8198151656957,569.2456066730535,-24.77200723968479,66.06082368598663,-1085.789546759917,224.68740729043398,24.637233505243287,1.0
-3.145138873040196,2.923816159499608,0.1790382770985537,0.2268382994348081,-0.773395506144067,-0.13966509536097504,-0.5752368539336611,-2.218323567945652,0.688759128709043,-0.0011320204193454343,-0.13788256184642714,-0.9132790263492407,0.25905363030521894,0.39495720993111233,0.11439266310062493,-0.22676005092306997,2.9526220946163595,-0.42475564660258375,-0.10984417722262504,-0.46219893549421853,-0.4477855142511267,1.5822296237263844,0.8897485971239341,-3.3818118457696933,-7.26982399970863,-12.699351647893716,0.442924416162211,-11.97605880503211,0.355447961870116,-0.2482246199923117,-0.3535020969418736,21.970051468604662,-10.033102495161014,13.077869279568898,-1.7024669610800518,2.015957404515308,-4.067531092486982,1.763264534010438,-18.37144599893631,4.945870800116424,139.24274757357577,-76.22123392245966,-264.4647250714692,-75.2588015083868,302.2422527252247,444.3176901556596,-20.975318220652717,-4.177910232101719,-25.870560190824605,70.00096557647099,-822.2779573231661,193.35299776910563,-132.2641000100988,-241.40780155514483,86.32722542508694,1.0
-3.152581551700195,2.9088696271144294,0.20711071524882013,0.19351607938562504,-0.7672973917576994,-0.24705130893965457,-0.559260127643882,-2.4528666244995203,0.7716320677550217,-0.16878619334479306,-0.12572722535271824,-0.801631800146842,0.2816084285925268,0.8048957277481921,-0.3270059488524102,0.18347474663525115,2.9057422206879155,-0.41354597241787194,-0.2415797417570705,-0.34529479420522924,-0.9125645292406955,1.1045247160947083,5.8735448173007505,-2.597149627923284,-12.226788654973602,-12.432978792154815,6.720382656601612,-5.9135494848867625,0.5631430195988999,6.364269758198501,0.297967239279297,17.21781149189929,-30.210482020584127,23.688296429760747,-1.3319573996644785,-0.5946995829185302,-6.176930320680633,9.166317537392581,-4.4554578968494285,-48.35047950218427,83.06861322644679,466.7600599162699,-226.56839348773897,-382.9116233807055,147.5156241381101,197.07712339772144,-22.310085036732165,-51.43356623054416,-57.30051127034856,-800.2118754455653,-626.9288671134391,97.11200024746188,116.37672290799397,8.11032113543767,94.4714223104505,1.0
-3.1612675754278654,2.8953531188471846,0.22019468559518396,0.18795139002287484,-0.73933523370554,-0.33891475833156964,-0.5506309778564019,-2.5807284353315816,0.8543147688777116,-0.11613662672402247,-0.12247348581318383,-0.7281005996208003,0.28112849125461553,1.1136031487259201,-0.7741521150569685,0.4644715020445303,2.8322073705848516,-0.5181634985880232,-0.27967434239860817,-0.3971823674871829,-0.4255612102952808,0.38131812341130655,5.005794207431581,-0.6373824228180384,-3.443907423531317,1.097810743716275,1.6352243922366196,5.811283370228275,0.03359515425455093,2.2920944143796724,-0.12311031460031849,11.444840009302169,-12.055922443915438,4.956500042168139,-5.231247145506986,-4.265756099236521,-0.36238610516805314,9.199718511863972,29.414277446826006,-27.202723649049194,-65.97031499724733,7.324500067454576,476.95895511782186,853.9827138234554,-275.15807197348255,70.32709301345031,-2.171356988062861,-89.96192599782408,-2.836835477801242,-603.4646301511996,1086.7512687517694,-845.9307455061717,54.44211053381268,50.406770794099614,86.80031884177679,1.0
-3.1690496462539683,2.8928246872489662,0.2243683182824149,0.23385126198555106,-0.7450656722674412,-0.3343020487867103,-0.5276673871421643,-2.369624260025155,0.7718699090752142,0.009171134652967667,-0.1291494659297028,-0.8047295528080206,0.27663146734548116,1.2938931587163809,-0.8026059565419712,0.24055584152450743,2.6955666482835707,-0.6127360156991157,-0.2657410924297211,-0.36045890085859017,0.09308054138464152,0.12646663725434865,2.5527964136057877,0.16912164861135953,7.5629314057164585,13.828178471776962,-9.103526459186975,4.1670532069414,-0.3928108233077206,-4.627173092110143,-0.2390352680784829,5.72687532323728,7.3713603736330375,-16.56651111298379,-7.086589897978625,-4.344538436841383,1.111425802869314,5.315168585755291,30.459128095272032,-12.71302138082421,-75.51349194165044,-11.519617210212843,360.04183104662127,170.08960462302898,-458.2700197266701,-266.0316252861108,4.582627707724987,42.13613378833741,1.5451546836912828,-373.06316263221663,884.9677227713129,-136.5097043825374,-21.101656449740535,64.49927393204722,23.311939646771386,1.0
-3.1733832119729093,2.898068895177494,0.22224127610340347,0.29241446662042186,-0.7606886017884602,-0.29148532676296934,-0.5008821569012981,-2.122274145420107,0.5684529177048679,0.030604398152909183,-0.1245250068209168,-0.6410545245155983,0.2709761395425416,1.2973182807377976,-0.62403045151062,0.05975017670065959,2.512219466553553,-0.6862872101585877,-0.2644548607111309,-0.10570364760504075,0.4027319314002015,-0.2597262570184869,2.7332009938157125,-0.01840179914452017,6.67556411501592,10.965495701157433,-9.981823900837103,0.03976038575893886,0.4812468813685533,10.147557574046932,-0.27144149747594964,-2.440682240971456,9.000737502487885,-4.052085036879845,-6.349406768116317,0.6024829776294673,-0.3026194279668176,10.814629222353137,14.617335504353317,-12.458590787996025,12.608335267381586,-28.78862614223585,-128.80161549731963,-147.7260790465611,100.31158824932437,-25.393725541674453,11.88232221622878,-104.13085233140461,3.943397248140067,-37.193850063503426,-50.21770635193072,461.87868135424304,991.7694682257453,1045.3652062726699,-9.899611119151482,1.0
-3.171282391298931,2.901382616148882,0.2166824243922605,0.3264082612665525,-0.7550515012835525,-0.2960518737905592,-0.48549785314818683,-2.0393656728818788,0.4111202343125144,-0.2356751802234739,0.1750881118649107,-0.35191898084121964,0.10379764847366357,1.226510768739682,-0.6280522453279002,0.15597353715523335,2.4876203417668212,-0.6079457908849931,-0.12026018165557226,0.32278336806276164,-0.005997871647705939,-0.34625417931613,4.278268764597261,0.07157140772209848,-1.959440565159401,2.7803915827737065,-5.104858564360293,-12.06104627307799,18.25613243950329,14.954555800203602,-8.838929757764143,-4.628317333381512,-7.524883276000304,10.66808950766189,0.6576214410077429,3.466403412384603,6.933331176257826,26.384953248320876,-9.530762652383821,-14.774070308446122,128.46645756341107,-9.550573708043745,-346.2400013719225,134.66546074452458,407.71585798988633,705.3035345325633,-145.28264869500245,-138.1626884416182,158.36842218219363,-120.7121961942632,-763.1873377036178,570.6418387258141,37.947427342454795,-123.85425165609179,-214.14422536171068,1.0
-3.1627312337516247,2.904630836840206,0.2140481353993825,0.37540529412982954,-0.757517996145982,-0.2841546432882378,-0.45220956353443686,-1.8987369257072217,0.25198198293954965,-0.07950381981033734,0.4210313334906178,-0.20616011008120474,-0.07647168065390511,1.1962845824621167,-0.5675958216683804,0.2022409158088843,2.2951873515099184,-0.7942617108618288,-0.034913281594069936,0.526405712505382,0.19601761373135818,0.10741120031665079,3.6441128547898147,-1.1033481333857782,8.693882399656841,9.095439544822831,-12.221630281450404,12.303990875259696,8.027081112918808,4.27339579133432,-7.65093757778139,2.100038095491657,10.206879048153512,-1.7433587332741483,-12.042098814873382,-9.386023845279032,3.375299698494189,15.905117914331235,12.152702671825226,19.51504942358179,11.93951383545723,-149.01452760790013,443.48097007883115,322.94828901704926,-541.5292406914485,108.53943856181074,-464.079346010741,-214.29422254754056,153.78804259445613,672.807647111562,736.7074880756779,-169.90669832423004,566.6277371543636,46.87181378153605,20.412980759851365,1.0
-3.146072795241233,2.9069184748268464,0.22111497649782055,0.43128072496688424,-0.7743018011449534,-0.24999880081261294,-0.3898131047155476,-1.7807310167601216,-0.02235744780581048,0.08640923360635633,0.8530303233494251,-0.16665635629562697,-0.1592772578188821,1.2714647047289562,-0.39003362326076046,0.19122625501292598,1.925673633459376,-0.863237659506613,0.11088717161629041,1.0878740584783444,0.05619908990208641,0.5247367234111966,3.8278507684330743,-3.2210922781994213,7.169209395485639,5.64202575801572,-13.723147805970141,8.201528594826637,23.677263328749778,2.809770663285701,-2.991925540509877,4.7240352244224395,6.889755982768478,-0.6226247527223396,-26.51159975917537,-7.265831828484164,9.011796122223897,28.275080241791812,1.92553290323897,13.64789175780703,24.234141366122262,-155.76588902989073,-30.427512255731692,268.6539294657318,-10.935538683121724,141.87052499261097,-268.5543116501239,69.53443749524422,71.5513049012264,565.5177040162299,-97.64205873962683,360.520097576884,725.9080412167579,-3181.951707970581,1214.1294344780065,1.0
-3.118835260819979,2.9075187322424436,0.23577761475598827,0.45756272875135623,-0.7805479451274583,-0.2611646148685017,-0.3364138798496599,-1.6495530782539276,-0.1755380736374678,0.28256623244996304,1.481333413066078,-0.24586957560609257,-0.20539610804402778,1.4134774918786555,-0.384096632936439,0.2214476284311821,1.3093884973869407,-0.680706670241763,0.2957571887844053,1.4291122926074575,0.03705361934172401,0.8234164537964712,2.953682696553572,-3.8434102631971863,-0.8733966563661184,8.751108975757637,-2.597801385649123,10.662354135984867,31.15500137648049,-3.273104266764322,-1.8355160794349454,7.88899231050149,-3.0354329047706816,5.663939746922486,-26.81509378549795,25.71377111903107,7.478904418055668,-5.085437659279052,3.0445649528773724,0.9273861569232427,-62.10288786303928,67.45197581161202,-348.3002968692278,324.8867677094006,515.1103153904593,2.2271182664699953,-291.44376484183147,221.44476143572038,46.34097669491149,24.60324927170135,-234.08995476828818,619.276518998032,949.9162088115149,617.2116714836077,-965.9992167936741,1.0
-3.0934031313307915,2.911076929216822,0.24767847060809448,0.45615719063360877,-0.7672183784381718,-0.3043524854908687,-0.33266520977626285,-1.4315224694070265,-0.1898600464401227,0.4055387121845452,1.9484703936271912,-0.2834146510157174,-0.1089942929880583,1.5319791728738716,-0.6121531816027055,0.1299406589968624,0.6543062395246471,-0.4535379433005556,0.22189674264683099,1.0162398441365557,0.39179428225545787,0.3871880105965331,0.5231655163638689,-0.010945832409998746,-5.318773599457842,11.711052567309695,0.7533460260820477,1.097225787764458,17.362469913635035,-1.591650264825756,5.132432268742207,2.065565356173341,-14.917805022635017,-11.043185554061674,-31.43920867370988,6.300787758548696,-4.770054062180482,-34.31918587573578,34.022899452754814,-21.611554114452623,-219.12128271046,186.05673498591884,-129.32281955006056,104.38747973981825,174.30644973192923,-641.4000555634998,-623.9275954025063,-46.88547936898611,-92.18870401531645,-615.468448870667,-33.99002433021562,-394.344210494608,673.4594167768324,-319.6779555134665,111.17281823522704,1.0
-3.078977583284848,2.928803597431147,0.25085293568972095,0.4162396021334836,-0.7471431685888675,-0.35061160710558037,-0.3815667441085337,-1.1346123744540653,-0.07453977542981721,0.3082757903640606,2.1815753668691387,-0.39911700378628706,0.038509809781406085,1.3076790503233244,-0.8639358320249372,0.12263371722431114,0.358413664780567,-0.2387434095736769,0.11883674952914305,0.5535767350581488,1.2152237066423535,-0.0017130484451757105,-3.9329038643965015,1.6042797958165855,-9.696069364903808,16.780404386402672,10.252690110000145,-8.79362588351862,6.735742527114203,-6.130238691596425,6.724628668553044,-23.031584288644467,-11.442738491448438,7.285671716515944,-5.158511654754946,10.30835867779101,-4.6629174099027,-14.525793285265417,27.519609107211167,-15.893156802552996,-176.75937189718888,43.896188067154824,-224.40805143342155,122.77211902832234,499.53646011871905,-338.33590512072215,-560.8956956107887,61.1772077516878,-133.5643290730429,-1394.9299712086436,82.2000652385287,536.2906606489546,678.3368349494679,-143.69549431702114,74.79143748922127,1.0
-3.0680449628441995,2.951413394910023,0.24477724033738626,0.3272012545301001,-0.692402481899827,-0.4378828463189487,-0.4709317944166683,-0.7784718357282705,0.21097955280214784,0.14365067815853355,2.2126881093721757,-0.4813018865193729,0.056612234865340706,0.3591601493918877,-1.0801157082084103,0.5915319814405877,0.36506206869183155,-0.08952316418541785,0.02495022732002658,0.5522348917681956,0.8408310307829967,-0.2720739808202377,-3.1706559160256935,1.353688308831284,-16.811617619097987,19.64729265789467,11.40268015031574,-6.090723343637277,-2.0703149117151383,-3.1452126803137728,-0.22323797220590386,-60.02695046135791,-4.7392216428480225,25.323093765847865,-3.193549204544372,6.170424482698913,-4.340834715350573,-2.2637267050269667,-38.18267420455244,36.509920342510675,164.40266461049046,-205.51415372657547,297.82750770780507,304.56079847556606,-901.5237093867999,200.24123304728764,-301.5752098628238,83.77384561792726,-11.138568211376784,80.86643534124818,1256.4305413516402,-958.9284857493217,-552.9367452293103,-208.378921239499,86.61633948983331,1.0
-3.059155185001066,2.9689157028631636,0.24817500777892448,0.24811784788157737,-0.6536242976046965,-0.5033766984329844,-0.5077644243328677,-0.3289793451092886,0.24401546613138414,0.027806686815919954,1.9517559011553844,-0.44651868659312055,0.021902510730525467,-0.3598827656004123,-0.9697955041359027,0.6416138174812086,0.3756437553396505,0.08605420628617416,-0.010608865016571694,0.31888095944416445,0.8795272578423887,0.3972622042630525,-2.5702537978776987,-2.64217081020888,-7.9576075431452304,22.86545253736278,-4.0532314857210405,-5.8407941294527825,-18.304426619088293,1.9045917840158897,-1.5945035498585292,-16.807200915128153,8.197065233358494,-10.39285324167942,3.728416971800034,8.306809056562525,-0.8586201161647633,-15.255354364896647,-5.98141345002136,12.00784735339623,-0.4791047272810442,-79.37383339048763,287.25924123742016,-140.619673282238,-487.29921711099627,-75.97485422330249,-255.55138610242216,-96.48823567421685,53.13759014836163,1640.1656463744507,-19.918333023525648,-633.5958025476601,243.1879553951458,-106.91239565730237,54.461234836838265,1.0
-3.0536188193717666,2.982681143425145,0.25527170293232143,0.1818278652720536,-0.6310204823239164,-0.5448902256801305,-0.5213889337687893,0.07858892412734911,0.03442396719872148,-0.12447552407338623,1.6025245881320744,-0.3234967013276244,0.05960239050866988,-0.565712642624025,-0.8360249011207842,0.30278285070252936,0.4089155341890505,0.10963408189781887,-0.0013171270232609305,0.2184765876854703,0.49033421065570665,0.22921776546328235,-2.3865118949314934,-1.6054935861262198,-7.703384227075508,17.12792492187982,-14.01192315197518,-9.088382579197125,-13.812709246792078,6.087611050180569,2.3778979300235625,-6.628101978863316,7.909351132667806,-15.66965137249685,0.8742548426653998,-0.5488186164983327,0.7911803997001374,-8.687746338927768,-24.11455786577428,-21.062578759313507,-18.468461240287134,112.96430965159642,-30.007187231335006,-456.9938215162046,-226.88101469427042,-110.34276039373609,610.6762713678844,-124.6506801744044,-13.177207161418313,287.36569969976966,292.3172297386696,497.308205568095,-97.66972034089402,-28.701419415638014,2.3552224998628155,1.0
-3.05698869254042,2.99700283783643,0.25402384455471466,0.09342003624963022,-0.5951852055364593,-0.575191376496114,-0.5533372826243916,0.43496279476263183,-0.13045965148363878,-0.29209014275695666,1.1181722354596462,-0.5585887869841347,0.023624884910842116,-0.6209083717545462,-0.49316901078011327,0.0862683452749185,0.5660714436671401,-0.08128473829241087,0.027420958002695478,-0.47667803553467053,0.7973754382348348,-0.3736139707311451,-7.088781690081203,-1.1694198208457216,-9.287527969157194,16.53028947304837,-3.6590976259902304,-7.802953824218985,-28.5682877460571,-15.249526388754887,-2.089597580836724,0.12235530966293107,22.39899616424998,-9.47227908411238,8.232449341432403,-9.118163868871713,1.4448760281353665,-32.04378781624233,0.5911638550797969,-39.72631539366805,-190.65542843110882,65.16612391964019,54.08697368427944,-293.4413444213704,510.7035972297034,131.12551302483823,-81.11033005186124,64.10372018568437,41.96524982220145,232.73497855932504,406.43758631565925,3.3245933777169343,-234.33347608992378,257.8028106490117,-10.447222929193822,1.0
-3.0725965593316524,3.011473229416487,0.2425016469629272,0.0035209468311973237,-0.5692793969301342,-0.5734080002514392,-0.5891619780772687,0.708171720420078,-0.03770556023201478,-0.17523118993175316,0.5135327467261153,-0.6214486884011551,0.0385132973592607,-0.6313222264866589,-0.04013930007836964,-0.022313620546806127,0.9510519126197599,-0.10528514974575488,-0.09739663149284027,-0.8608249416065348,0.6143276343215452,-0.6945206863398227,-6.60969019162758,-1.7689974534709596,-3.6453180738463997,10.268422676303567,8.408317635384263,16.324334526636093,-25.491568722841567,-0.5051656804345259,0.5056272038850589,0.14539782135090012,19.13980251993964,-7.230910803659067,21.44866657597864,1.9591724135554305,-6.5561993314122615,6.717798088692796,-13.887174781105804,-6.912360545336804,140.07469551771237,10.206604572898094,371.2621309029676,-422.14691500027965,68.57321300670552,844.0550908958127,992.6079698647917,15.065250654171997,-74.66093893773058,118.4210187355315,-599.5998045309142,-346.22056694204747,-154.87479162743543,140.71212716591103,124.52514552376576,1.0
-3.0899829139689707,3.02410556940458,0.2268214273967228,-0.04338159031840127,-0.5781352092347788,-0.5376649147901886,-0.6122043424120447,0.8722772014436867,0.08503240740370357,-0.017332206344627416,0.10862704207623455,-0.6279150866148385,-0.04679938615850957,-0.5830995611507661,0.2842761133843795,-0.23106805710765058,1.3063240475788607,-0.06216729358915961,-0.18699723527658907,-0.8149587238985725,0.6527220186653985,-0.8392511045427306,-5.41257452233861,-1.975243513484111,2.229959510096867,5.289159504926854,4.6547068139506065,0.05957131311644548,-14.29326325605089,-0.6396536780893096,-4.203688451289722,4.266995299371164,13.86912437261624,-12.200713000584107,13.74679775909161,1.9568417820822113,-3.428004851400576,9.60797830856377,3.6396547514306636,-3.78318779261877,91.56529656720214,-0.2022263920330145,231.7451627317162,-361.93863158930037,-61.062925747610215,-669.6048408274447,673.755746906538,-36.41296442822475,100.42272639166369,218.21892879884675,-239.14430624895766,-105.78902123380728,-475.4930962709384,-45.68709278856208,88.51851045820408,1.0
-3.0987391982889165,3.040715977442612,0.20787590683911356,-0.029416657452077326,-0.6235125730097747,-0.4678563578636101,-0.6256813565783107,0.8149707537020187,0.2640515582092827,0.04260076992869048,0.1108314139737759,-0.5332111340398084,0.03247325593379091,-0.3849593014680125,0.4041236638351816,-0.5253688822341083,1.282938135439273,0.2055607312941474,-0.29310262832870215,-0.16711579845524022,0.8952058293193957,-0.9589312985989057,-2.510817909725663,-1.3727884487511541,10.936843581083139,-8.065240090145902,10.721300372742654,2.419281587841037,6.020838819562129,6.114809676658177,4.960862727220355,13.756479666149001,-0.003056802494526556,-16.15823902212992,-7.4662385891904,13.192075505380336,-2.9101150615049214,26.93278705006279,-1.298926039855552,2.6523689100687875,182.42352090366379,40.28226180456289,338.42758002324445,-513.2494961875261,62.37138274286097,-194.71516926281845,269.36566429229043,25.06812118581291,-50.330573596546074,346.4631681043256,-618.5456223633103,-175.7084357023907,-265.89250398842546,-306.23427750917955,424.7947086008908,1.0
-3.093437062703296,3.050255880624579,0.18883292564142648,0.05381669983794561,-0.6763944568209802,-0.3940836659774246,-0.6199131921569319,0.5053298263722954,0.3404390206946714,-0.0721682212317486,0.43535496030791493,-0.49623679842997936,0.10585213413121825,-0.1411165783486167,0.21097885001392713,-0.8520120591586677,1.2796558409228103,0.526671347935497,-0.25095862084503767,0.5769397090693575,0.15864390271062778,-0.987710846527837,3.6893826711663404,0.7217607386786294,12.596476034229807,-15.55179569497963,-1.9319406766667802,-7.404532332983065,13.969814008348589,1.0696992627649176,2.7821329255893557,9.659967287245145,-16.773542902541962,-14.79225212221955,-0.6171418448921288,20.6548015136669,0.5201550105327172,32.368456912324625,-36.45191631939732,-5.738392789989041,289.562758267782,72.33075797239567,-45.392556255634354,111.14090901750657,-847.2339689261809,-451.4122897509399,-192.18387740421696,-61.50168300819077,-61.90118685442269,-295.5533915966586,-727.3095967235737,156.32204860356487,172.96555074093195,-293.766832296699,-467.94593825343355,1.0
-3.088532744676105,3.0518377781454826,0.1631836476983284,0.13789587141319648,-0.7017961810256057,-0.3332705686736328,-0.6143269300633203,0.2771312358869194,0.3007016264314046,-0.24479752574759675,0.6247812930169094,-0.44460052248878246,-0.049312521647989535,-0.12106374397372836,0.024059536758335942,-1.0045006656008018,1.2793035177833056,0.6584944890428073,-0.021580449600539814,-0.02681909109449271,0.10480492954922817,-1.4533850640826134,-0.1244722630877052,2.8818872765608594,7.811209659953409,-10.107448648868056,0.14577279364260398,-8.377646703764718,6.486179025303379,3.075805195966867,-10.404612621212424,-4.863177245200692,-2.7441512937168326,-2.9929731749740545,-1.3522460466741635,0.16910503973372415,17.69733829322984,-25.392985727865124,13.090571896400093,-10.405002584993522,-262.03966360857737,154.082568222076,-366.14159956837125,-84.96491613239549,257.9126476539738,-293.29953728637213,-475.08019233491655,166.73203472099337,-328.6626873636301,-595.7627003176291,665.7442344520448,375.14933718597524,-242.66935508789888,-363.9629656048698,834.0670620497971,1.0
-3.0883053364312048,3.0535332871584715,0.13372868224009896,0.16710803048288003,-0.6905038555782788,-0.3013960012889219,-0.6359558019129253,0.1010856317303616,0.3042096505910766,-0.35862531156125155,0.6364426010072273,-0.36490992476101236,-0.18503421092514616,-0.2881071457704556,-0.011373130232892437,-1.0021134865636374,1.2847589862266824,0.5780498502999627,0.16885856512787412,0.0487672203734709,0.07401551473008645,-1.4982801691122434,-0.06477520562024536,3.6091433448111183,0.323104970547595,-6.851841953019288,-0.3609453677912662,-2.9532843823750214,-3.3426668243578437,2.679221875077842,-4.091840736162463,-10.26296025580263,-1.054911146827234,3.196367186216482,1.270496390607055,-5.969172885658323,4.229641717584888,3.8925494734510107,-2.7323140676114193,-2.1434990402875025,58.99947610783178,-31.329338542998507,-301.49596517519325,268.2159670165838,-69.28400538852924,315.08456708312553,-334.6960946968278,-207.64915680530308,247.56496758922697,-157.8072320735493,105.5825285714971,348.8463828857315,60.762079985147096,-5.458805601354047,-411.79530985727916,1.0
-3.08654170159696,3.052319538636828,0.10514749237412506,0.15719968901764675,-0.6586886391540538,-0.3278702231057254,-0.6587250194297593,0.07099445833583375,0.2827498302900257,-0.33692854135071393,0.4848154273192208,-0.15977355032427734,-0.3223098083800764,-0.5778481218855012,0.00578979830650708,-0.7619351058321078,1.384015295279357,0.2119473262734547,0.26374509848259897,0.10424099794766901,-0.16452690315656615,-1.3455503526088832,1.2715722337454543,2.7191260566489523,-6.277022535524005,0.44501604018069557,-0.8519756319225767,4.614976066364928,-8.13534662636011,10.829333116077375,-2.7957627578848068,-17.400438219890788,4.319154317031071,19.669302138091396,3.911609293829324,-20.818406572227445,1.8535792290940807,-1.2117510358087205,-15.45261103165486,15.027361575312332,-26.71637485218281,89.75006335572482,-205.84727188109696,-57.680018964829,58.780461491372385,277.4964680044137,247.95885667764415,-205.3866438812763,454.1458366260124,-290.56304632435155,605.9505195068504,852.0191523868992,-370.5542300464596,-341.092638833826,-540.0899058243372,1.0
-3.0867202042426727,3.04820413359179,0.0844759725356007,0.13745066762621783,-0.6051248914553402,-0.36802300354415435,-0.6924523439000029,0.013550408093379797,0.33710861327711844,0.033272208585707494,0.4030865488300053,-0.2984057645222706,-0.3217739107124789,-0.8585308139952668,0.2257052249127875,-0.3194033448626341,1.172551422448684,-0.09223704113775573,0.2757500800828897,0.062074388675008925,-0.27157227920310495,-0.8328791133972719,1.2704287973869934,5.082167385698043,-6.126886431888478,-3.004402763067754,1.9404360690553017,22.74480396059683,-2.2708805925781497,-10.336471207719468,1.0258546751484618,-9.257942396927502,13.132473583908546,23.45690955794527,-17.994456018293363,-13.077764954156057,0.05517324879623274,17.947326494662626,-10.429339676237868,18.131742269158817,52.088614001883855,20.154652936190793,25.315675401688743,92.41518500017273,-404.1572085839134,-290.8604260414078,84.4228769634364,80.48352045054695,38.253120048607464,627.3846422981047,-59.520530007769835,84.9778189830115,-491.82285673896683,162.06855289114316,-33.04804001689327,1.0
-3.084523642402371,3.043566049040017,0.07294280220294236,0.14875929781696248,-0.5703775511003244,-0.3746617039301963,-0.7156596454474164,-0.04325010995259139,0.28378877049522605,0.059270024569728186,0.287485650668402,-0.1071801550873223,-0.19781977137703738,-0.9050540607979528,0.3183981745770042,0.09162319540478558,0.693193618588262,0.09574688101813113,0.11266276172748768,0.09891377220579152,-0.18969823906609093,-0.29610379079549226,0.49258766933669734,2.705008826528615,2.816509807762496,-2.3216599967372495,-3.69192055645436,-6.934563628483563,-7.5933622449942355,13.603331580065154,4.709263189918722,2.081448518000089,-3.9619777971103516,15.935545912220242,-24.28306338628507,12.324064485423106,-8.447394243281337,1.6428157544756428,1.8046433411800615,20.864221566995056,-10.107577782178003,-129.86981202267344,355.0493609730643,19.899096336467622,53.2918987440085,-309.46135136527914,-43.98635887929948,-69.20345048046173,-166.87668694715958,258.17403318312194,-1000.6288453333249,-799.5856462403211,150.9749460935999,-210.67656688421494,156.11248622720043,1.0
-3.0842483570857078,3.038659852536402,0.07235178747739769,0.18488310541813896,-0.5700643878366565,-0.35826499573271087,-0.715884783945016,-0.09237383440054983,0.19209364737036777,-0.11330715799283629,0.2353790081856395,-0.000978218673899257,-0.2959076083073071,-0.9366823432092953,0.1377376068205574,0.18322067929606833,0.5325060252188178,-0.26676312936600627,0.10455804905878588,-0.06730717433838013,-0.25800562466788485,0.10415660100404156,1.143332204231589,0.8630203429820229,3.167180302038305,-2.063071197676247,-4.53229352851862,-7.396863691435461,0.21151365750114132,3.705895455746711,-3.6010473050079614,-3.829764459703753,-10.85647782458829,-2.1653204687033463,-0.19313829261273474,-24.13229883494424,1.2754564721283934,-10.311065510703942,0.31099359140549815,9.889090423253139,25.036510347145917,-80.9947385879128,-93.90769678245394,83.68673300758496,57.10885525793506,242.0052648942355,96.01997699067233,-116.42710339558005,511.23131161187746,-167.17238652790417,-15.951539106707125,-393.0232895164194,523.8821033390785,300.2271113056244,30.91015754381565,1.0
-3.0916063309737454,3.037090954472413,0.07623251833718042,0.19741551009779615,-0.583756125733306,-0.34321913166885437,-0.7088416816879106,-0.060865368427533026,0.2461089363576078,-0.007172168643408817,0.11140919756029695,-0.148829250265508,-0.04071226592446435,-1.0517776173683124,0.022024799072528755,0.15153158848644438,0.8962206367391725,-0.39796925905541564,0.048208684749189,-0.6185397025011148,0.0854243979892005,0.1837321860984239,-1.8284936189312324,-1.5495954045884022,2.46785100479967,2.608132694610209,6.202181596068546,7.6442088828158745,-7.208194009863591,-9.798933649437458,13.808056256617293,-5.187011075403625,-2.4889902579291183,-0.8410398024218946,25.80813270497159,-0.1542294676966771,-3.052385739560952,-23.811547066963193,21.328472117067964,-4.986475825995931,-175.24636607469554,-76.53982559516196,36.467407083629745,-5.912889937645351,247.17466784210512,-287.6899858496392,100.25085162493122,55.41485301579097,-227.94570689364815,273.85228436260127,311.1572430711079,37.91123904981794,123.70130989940186,358.7215734108546,65.4843162452777,1.0
-3.108378885417202,3.0423794342120654,0.07703257448502793,0.2049594241655574,-0.6179069478706329,-0.29369051536470764,-0.6999489405690491,-0.08866263944835374,0.4195642994755514,0.05756750091302099,0.05999197434248486,-0.14451800605530565,0.19520280764881484,-1.106117654028135,-0.03550310346326549,0.1155607254382254,1.444878882050769,-0.3293896834548882,0.011782526354223171,-0.9752594174519782,0.4276805441036585,-0.07031161584655223,-4.789532716052264,-1.7386772443559388,6.237985064608899,-4.544680427032384,10.72677716322693,0.02981927672337792,-0.19394992570316233,2.81712968023329,9.861819598925956,0.46255234986324967,-2.8609024040221978,-2.780612904861227,25.227190121928192,4.271741000716311,-1.283804214224292,-11.562835319340655,18.022795571081154,-11.399631305351765,-147.63721369354573,3.543654113867542,120.86446087174038,-343.68084632630354,214.71756496052404,-277.15200941623556,128.12084102406624,75.40172097130372,-209.73846299831058,400.7911310652871,43.73806576073292,-127.04472342876738,-409.27553581243285,-10.870165743630007,42.406230656478016,1.0
-3.1304465358921942,3.0536699205002393,0.07385834042476595,0.21541792144217634,-0.6589357304763542,-0.20895275267435942,-0.6897373191099159,-0.24863764251180756,0.6547573453306511,0.12061988091190305,-0.011484486311395018,-0.3486687135409481,0.30723090876918485,-1.026031705447348,-0.045847148105994065,0.03846979939582941,1.9718695002585143,-0.24159759459545938,0.026817795189750825,-1.155930681733022,0.6730676766785832,-0.27078688344330754,-6.59757823307246,-0.9187933682069248,8.576482681252305,-12.839507369310235,10.956982738547882,2.128222006580346,-4.90962064235432,-11.97903579794279,1.6823652456331595,7.17198766868407,1.2365399904063787,-5.596564442242791,24.787829214163356,4.559067259100518,1.0544133761820942,-2.408836698679637,10.99987286144036,-13.59547660862672,-78.84102358691946,77.40891770669957,136.887840655281,-670.3331225075042,-213.30227195758638,-239.11474389176269,-57.26440183655311,128.7724473130935,-293.33764219960426,350.2544359194181,209.42854915041346,-240.39447710793553,-314.7874438520235,5.802329618294367,-4.595572971291659,1.0
-3.151511564682401,3.0679215539762192,0.06942547368294556,0.22626145404835873,-0.6907868670704204,-0.10838597560898242,-0.6781384364466035,-0.5781193590512228,0.8082531424135451,0.22238458479304277,-0.07242328384463068,-0.6663151419318263,0.3105245426607938,-0.8901156412378672,0.028471971274472263,-0.14355062542314798,2.2062003698158796,-0.1532869364637278,0.11799284904766696,-0.8194276001972043,0.6863593225652914,0.009081607382348672,-5.963996655265249,0.5263496704454851,7.591029268306573,-17.34988998659765,3.3726618940366473,6.091209283876508,-3.214211017522483,-14.786992130786421,-0.384201528353159,2.9240459420347262,4.7376676605850605,-10.304508322690104,1.4678429266125494,6.1364712784358755,5.33554143219693,41.9450227120333,-5.198497643951219,38.71309738388302,127.83989951005792,213.09874419753658,-155.15381366078228,96.77501958006432,-528.7594224522765,34.12368058720393,-57.577968874781746,238.9257532137594,-23.259597744763493,-522.8843282173684,91.15797553808927,99.11747729205355,-630.2684753092783,-11.823668068413415,-51.03287016379812,1.0
-3.163918198480129,3.0799399861142964,0.0755796082363225,0.23554367587881142,-0.6957613984376999,-0.024434605665170334,-0.6781137096708049,-0.9147802328753659,0.7976463759952582,0.28664754874280307,-0.0866017970831173,-0.8677966542772089,0.29955311320883077,-0.9086859827121474,0.13482033591894452,-0.3320730727074991,2.1872187402906547,-0.09418647630962129,0.20398997293815962,-0.4955977446075104,0.5048844354332362,0.5096340774797985,-4.512735631435043,1.8024709806543262,5.7450223404434855,-14.61721863071909,-2.910878885242925,2.144167258450045,0.3671870039351426,-7.718607742300347,-0.5382046643079543,-2.604646100945631,5.500451728702769,-8.24321019722711,-1.584660133411827,0.46433381670800483,3.6078433308873006,12.373132533596104,-12.41482284797733,19.950558207022365,76.33091042063232,-31.764910081763116,-74.54226194453142,354.7712547026268,-206.9853741110326,-57.781942160676465,55.71908047711713,190.633078389661,8.27035494478524,-95.30621059885003,-6.824845486324632,162.80583754473895,9.353034964635555,-180.1399374945167,-88.45173552966837,1.0
-3.1746408786778266,3.086681540345909,0.08907613586707515,0.24696970222427864,-0.6958457413208783,0.04812937350740416,-0.672672456604723,-1.1625507647469386,0.7057062822557097,0.3933199226449679,-0.0967447228480473,-0.919197442146866,0.2902337282537485,-0.9847236238885926,0.22063507414971945,-0.48019031834829146,2.2024251456721986,-0.04943806805219798,0.23742546309651097,-0.6300053815177387,0.19302814931648854,0.7749983928971484,-3.9550859832300036,0.43738003395101555,6.208852573747701,-10.709204547933854,-6.002734253062178,5.141157791627021,-0.21646459443847188,-0.20148625873661247,-0.3790488449194314,-3.9739727965427467,3.220409694653401,-7.02240264635995,3.2408283577178816,2.4415918976381508,1.140605043576627,-10.77521992099918,-16.906226452378604,10.086851612480794,15.967740711854423,-126.34498106183965,15.709011696012775,215.9336975772526,-135.53975351154085,-127.77379232946465,19.388719449065025,132.5077440632204,10.29168346481277,43.12591187107581,-113.1601534024698,32.04100373920828,298.1479976771,-23.193267499524474,-23.458340380264037,1.0
-3.186684721181911,3.0861119177571004,0.1072201798801356,0.25285713579021374,-0.698580451737266,0.10041091121283552,-0.66179020107579,-1.3385178687902854,0.6145715733171805,0.5841225684641096,-0.10516007189734566,-0.9168320825944809,0.280188499430195,-1.0596433423518803,0.3047532582591305,-0.5958903934294872,2.40750630346834,-0.08468163118903199,0.16227591597141502,-0.6382679691450485,-0.14558917591211804,0.9694165874644936,-3.241729546035419,-0.16159158733606147,3.2859771329766603,-8.334317667693352,-4.204136244921743,7.986059008132782,-0.43455345142418883,0.22799513477615166,-0.4756367025080005,-2.4519904285130356,5.803951972705441,-4.940195754453323,14.83193231452135,-13.073070326177046,-3.5658721091148133,-6.267730728564489,-10.84201165162095,3.1100365368824088,-29.949234354998516,-82.3738613629695,-80.95666945260099,11.288724131252783,-0.393167719473245,-353.19503284225226,4.807506264250408,3.180216647234845,8.562571167137124,56.27615487914008,113.83055962798736,221.02175102972834,-63.28453280183959,-2250.7774005247493,674.2474005307008,1.0
-3.1996531733697,3.0817759623062524,0.1277753922594238,0.24292761032995824,-0.7124941797603321,0.13763643897941202,-0.6437347517511336,-1.5005588326443244,0.5380574310592066,0.6770468474509183,-0.11451372854340566,-0.9138326672503772,0.2731818773518029,-1.0249592427653709,0.47841863627978576,-0.7146490043291923,2.758648114072925,-0.191490475582711,0.07135477578975195,-0.6017968153363853,-0.24805943514291331,1.0759238548247652,-4.115895951642141,-1.9175825183492374,1.3229692473755346,-7.805816064550458,-3.313620126433035,2.5388663034356633,-0.43370512037358333,0.1041138296831458,-0.2653422387058607,6.530630933213972,11.72352085480199,-7.002707126551301,19.0098361892183,0.3805229594280106,-4.542042103584744,10.098632764653228,-1.837494707530609,4.992861365140643,-45.81793998946435,-88.95262954497258,-104.43302860958345,47.75179081420152,64.87125265817865,-171.38401913647508,6.652656254594689,-3.940501417006049,8.013910495474873,623.6091383315693,358.29843601879446,-77.03670716957002,15.021690984645012,310.4187635241454,89.11108210393014,1.0
-3.2038015776874027,3.0760252697196795,0.14583873659325938,0.23268329703871532,-0.7301484440948874,0.15693206232164858,-0.6229880100615757,-1.6262912086390515,0.4660935385520741,0.620397929931113,-0.11324270030542387,-0.9030808529238072,0.2149605105773113,-0.7621498844804888,0.5836383377646148,-0.6996931270016125,3.012228835284878,-0.14908097319966557,-0.05041540764354099,0.08201669234583528,-0.2669299101496749,0.8652783317894596,-1.5003424682132427,-1.9546153592011635,1.054335101999717,-4.938256346437555,-3.326073856049835,-3.619398922737765,0.24280384563580873,0.6281147849131415,-3.0749265022217034,17.326690285491846,-1.9353295820817042,2.156893333987679,3.432990986877095,-0.9226231757374728,-5.0932508204190485,18.048231385972688,-2.6353014605460574,-0.18149594873881275,93.83220450489634,-28.80075688715982,-36.23738723247224,120.1567723114885,126.78297305476555,54.49112410819921,7.839017494413779,-4.744677572059263,46.466270235255294,382.88532435524144,-633.3303319166688,-239.09154073622076,-691.1343861881977,-662.2019970138007,306.22909974343236,1.0
-3.2008051185926183,3.0692997590803954,0.16600827842741814,0.2318102430763977,-0.7483341862027388,0.16291113520325487,-0.5997665537456491,-1.7000443370331288,0.4241986626132149,0.6329083095523957,-0.1122194505043205,-0.899178889853323,0.2235852504801341,-0.33395951997000084,0.5320221461235575,-0.7286900318284324,3.0049858164262946,-0.2003264546352498,-0.07530786070979593,0.12393866845645587,-0.4121672365568649,0.9614930220865167,-0.8261808716610213,-2.7873246567467826,0.5774079564453685,-3.242184355356511,-1.9852494579755038,2.2196893256133627,-0.03379947926074557,0.026421202164830893,1.0447881753693669,21.320537147383906,-4.471892161149725,-1.5017181980900494,-1.5720196059114726,-3.932887347963408,0.23306287231499415,-6.651854161401047,-8.106880435709837,-23.61304130352463,82.92570045773638,73.40665360189948,-0.4031582272888243,-9.726100318933087,-42.716744087319974,74.6652357434248,-6.016579625618741,-8.234314505903566,-1.6797162923221096,-461.5016523052633,-371.5295228289108,283.12082411322626,-25.673412914674085,-268.1222805297768,174.29108637249394,1.0
-3.198256130064251,3.058646964877681,0.18144381102264243,0.23515480268658498,-0.7659511508249557,0.14948487605456517,-0.5793749434988625,-1.7535612186341258,0.40642384835112577,0.5824632643405097,-0.10903833575758787,-0.8912323774361434,0.15708746617558234,0.04467798448887849,0.35434388619727,-0.6713406140877687,2.9535191702363015,-0.2616624630547326,-0.14243789281695685,0.09551033387087329,-0.6109960115258366,0.6921821297001434,0.9019178547443444,-3.368544248718961,-1.8128533349380096,-2.059497763985902,0.7315703429246123,-3.6929236382802015,0.2116325379375925,0.4823912670875921,-3.704924406423255,17.485622017918725,-10.577786540553006,6.64688674035537,-3.4723792873366777,-1.021582747105579,-3.729911862170494,-6.312123160001161,-5.044925952714731,-10.519352459021215,56.327727299443424,-30.115200213269308,-136.22413138919342,61.40665883685547,205.11442385787626,42.38765200937065,-1.0775222799402044,-1.3594710518936068,50.08465006607733,-109.95118245368978,-241.37167410215966,-182.6080385881972,60.46817589062147,36.67027612851897,-41.89102372452776,1.0
-3.1977798239460142,3.045797000761065,0.19561347205573437,0.2368542190468945,-0.7882509929113898,0.11786998806878643,-0.5555781826228938,-1.8446765907980125,0.43560769231976554,0.34912365657969224,0.08902029746655624,-0.819844567732559,0.23034405519579346,0.3302949093145565,0.13924268028827255,-0.44316391674399785,2.728111546275446,-0.2952249661578475,-0.17936349711337135,0.0060773491416540055,-0.6583167576188695,0.6330724202395096,1.3737449914246054,-3.9922216301456768,-2.445260829356296,-4.355319074224013,1.9035381359607162,-10.12360536567618,11.492771360802246,4.562294971448784,4.197164449585424,11.941849367760696,-11.330848363460635,11.099721324710178,-15.362907793979325,-2.3492512047231084,-1.3818972097799667,0.3611448268909042,1.072226415499754,-14.434694257203889,32.788023112057914,14.646281893570144,-47.705866807934264,131.85096030274053,65.60863614474847,499.96889759911227,-172.8751048589377,8.644362626317477,-68.53397113938135,-260.5086877655814,-57.80197514747466,-261.4740745910109,-271.2201687636272,-56.140673108860895,23.627338972898436,1.0
-3.1958229245768357,3.0279734893349772,0.20698876631985033,0.23401806091087685,-0.8020502734573244,0.061343538569617606,-0.546065816811766,-1.9958357199769183,0.5274348058858018,0.168644014717113,0.47634621615960754,-0.6559449756312953,0.24312078611079999,0.5034580196377754,-0.17212044500893756,-0.19399299902838535,2.49370298526315,-0.3914453903310218,-0.2250671598845122,0.14299643996240805,-1.0412474741192268,0.511836040249261,3.2073190699685017,-2.3649344267926273,-5.996520164238551,-7.736729434600191,6.320381667501276,-6.27552251879277,18.919212164273326,8.73698626958467,0.029662231602462796,6.611545909496161,-18.763601939106273,11.237033436975445,-2.3844425587669593,-8.64602641474715,-0.9612218839911116,4.3130430813256275,-12.056588509892473,-7.232493009353664,71.99001025738319,30.874794053025212,-108.83804965471907,114.82901132288347,134.5641260431609,292.0120324865672,-420.5090280093676,-85.74289480832289,-3.296700591557765,-328.2542842789666,-263.3254594186419,80.66142171053754,637.3276846810912,-636.4470854275396,66.55251483607391,1.0
-3.190047373577017,3.008379562681163,0.21940977586161245,0.26008937400245685,-0.8120013703146183,0.04519528610665768,-0.5205426766864831,-2.084198461569107,0.518147998844062,0.17854988930562118,0.9623979601251708,-0.463390913542625,0.22058143073571276,0.6810209627595317,-0.37632110420696674,-0.0684078524582511,2.337634541942661,-0.7326827988854822,-0.14566069955945724,0.44203384731837964,-0.9449366119706871,0.6251621638482701,2.0501850686968526,-3.0829472025080236,5.921113068301596,-0.13399829720255396,-7.08678992150478,4.752765742468358,22.70895414422928,9.002688995072406,-1.2208265072881384,10.086132929369139,-2.999895400856218,1.1451277285087356,-18.88830753705536,-16.032118528664757,3.477141912650067,16.91349942929775,-3.9361836139894746,-0.4781634771388221,-135.7440984853103,197.45606129602083,480.5593759530003,273.3040515518178,-750.5606627403025,353.38998266529535,-491.59018110499846,-140.16756032399655,8.99460321481819,-140.52456281492977,846.6839910575567,-548.5923355538108,-1556.4899083306896,466.69022417890835,-147.0558403392444,1.0
-3.1756619590355224,2.9868841040622574,0.23360713183892737,0.3053345491983994,-0.8185937520865779,0.07917362917081162,-0.48000689427814525,-2.0827465633581568,0.37513864919764434,0.306710525042343,1.5362673918939052,-0.38682341979087626,0.20210792070439046,0.8665563021412241,-0.34928319365067234,-0.04060476023583942,1.7397447796013854,-0.5784987907122993,0.12974142332663322,0.8680299954937141,-1.0080750791197035,0.7617549493711647,1.1062077803699761,-3.284049293046333,4.907272038738627,2.2100186347756425,-2.5490844476105474,11.01224423427593,29.65185280945112,3.062233981551463,-0.6365603003707697,7.43429645275703,3.929523600263768,2.8741005848774295,-25.84519955077638,24.91253639750587,20.7596831869751,8.743301544946181,17.623688235473463,3.313574689061405,-65.50462820997076,-18.699880133829204,-202.63527629498702,290.7882548019319,560.7186752987687,307.9912861619938,-119.17688249712967,36.47007271224265,4.5189655335289505,-420.73960489020146,239.50702558326725,385.90221257560535,1226.47068543591,588.4427913715149,96.54860577237275,1.0
-3.1571463783527816,2.9673593606050446,0.24176108198068016,0.32037566693455755,-0.8248692213082958,0.06430106081353305,-0.461319383239787,-1.9968056401052354,0.3946419074103652,0.4472271722958076,2.0090148534272196,-0.38236569680303234,0.17535981362336123,0.9259377893360178,-0.41975533937330795,0.07469019601364595,1.2770388446207903,-0.10093303379695051,0.23500304257827828,0.962578898809585,-0.9143397203141546,0.06514807071502865,1.8540753639149896,-1.4732002244728364,-3.290025467669132,5.759141064649671,2.3533206494275047,3.227532286951364,17.910168258825184,-0.4870977121019274,-1.3502880365459968,0.6728648955819003,-9.41477601939817,5.805532993626264,-26.514028422960717,13.713481394479848,-1.7603536880944393,0.6347421963660875,12.210323584548055,-44.448342227320715,16.687042110572484,139.33224817088416,-334.55554232720993,109.62496647397074,45.556036837419704,-500.8489034738288,-701.1109792446749,-34.41606306475243,14.544652286338662,-319.57723688196705,-618.9930170016229,-87.42806868591637,-347.8798312267277,-760.8827418239376,-184.59648841678592,1.0
-3.1377220265755357,2.9533813825800195,0.23832634470556976,0.3173249761525336,-0.8250788174663933,0.027502997740213145,-0.46668339331216163,-1.8414211385656152,0.3834725545232637,0.4170345793087949,2.2767790914125334,-0.3814314213600977,0.26035186459591214,0.9402394416342151,-0.6422554840725515,0.03911300586905084,0.6300452383520292,0.051359957378200524,0.19515484776656805,0.8483636440845489,-0.4778957604553432,-0.330434588639666,1.5994573945272426,0.14377386936165412,-3.524940022107779,9.229235973161291,-2.61751032837029,-5.361438427766488,9.223110399008366,0.13097520286487435,4.669960298766291,-0.8037323800641694,-11.859334685380272,-7.1527189255415,-31.394025861389526,4.1030840093074445,-1.4897291296336694,-33.05830932582415,21.334271726405355,-1.295673767575241,139.81148118072736,101.67752400147725,7.211037334266244,178.6058149801648,-163.56937666481915,-286.40996255810404,-454.4535932593294,-1.3227015422402664,-65.36017303500758,-181.63856120639844,-40.19940207091636,-519.0544907609963,556.877717893988,-324.34569915918377,84.28400072965292,1.0
-3.1211696030708134,2.9515716254803483,0.23002931340020347,0.31731517473165194,-0.8198734426512447,0.020402171764615205,-0.4761327223658389,-1.612721534384922,0.214607620105122,0.24982245372469622,2.3270619850334473,-0.3652007402149235,0.2881864757659398,0.9090212024479931,-0.7147659221021055,-0.09448250778545111,0.030469209775932808,-0.2149954913585636,0.14437434762497,0.7555067607136144,0.16127693990717226,-0.421990816484233,0.32630474514481483,1.3210202210571171,0.5868190590164565,13.154859828308812,-11.581643843552351,-9.4372283211863,-1.79864037223264,0.5666854432961093,0.08093238128713115,-4.084649142434572,0.8815492901991038,-5.327331155483262,-24.890183563526612,-16.36975751342745,-2.3127909892802285,-26.57816135889002,11.550224109646063,20.18774273691239,165.081370230479,58.574723790214904,174.36148737445023,192.67829781822422,-279.6099569450386,137.8489841681137,-361.787840724339,-49.01571426630852,-71.13819729456628,-176.32390256983612,220.5605535272427,-27.980928982435856,773.4251924322467,72.65378142084755,65.78696844795542,1.0
-3.104273766593471,2.958389712452356,0.21753178071981616,0.31681828262538647,-0.8103661683611064,0.019337721975601505,-0.4925026918493282,-1.294319187561045,-0.012781154594838869,0.09215630011677392,2.1587039708938884,-0.4284114462897918,0.24566470830386875,0.6454285469071765,-0.6597249287302542,0.03834487891370336,-0.18469576506059113,-0.3545466449510653,0.11036228999008081,0.9471124870346829,0.4453147113434729,-0.7191919363456658,-0.05802573480706043,1.6419748693037144,-2.3860506518109155,18.232501075534223,-9.641094215867774,-6.937137245862603,-11.9436852729432,-4.167487941413254,-2.1144603232358,-19.05906786229827,3.4574140735469037,7.695552869580444,-2.032508461678904,-3.5964988931044646,-1.128605767166087,7.075020560073247,5.773491809060801,1.188515999151166,-51.957968754993345,-55.403940577626045,-231.4510094062727,266.8415337320213,285.9004892891749,110.04769072899734,-233.76693749551328,-22.670857353614586,44.48394199017966,-394.1357362776541,125.4792048671257,-332.54191282536283,556.67232692119,240.7894570076537,53.39863320465884,1.0
-3.08949945030324,2.968242605435669,0.20672610609756656,0.2949211263166536,-0.8040669054244719,-0.011195823002265402,-0.5161129667045113,-0.9207885498313326,-0.11354234869528931,-0.01475837639563118,1.8266700256894266,-0.46267676644013755,0.21888414310127652,0.16049347377605283,-0.5368918437477295,0.1714356036369117,0.13339566220118512,-0.4799892346628747,0.023980791454795543,0.43391714473726706,0.4292487467602074,-0.23033351691841486,0.41192301542689663,0.7899417387821859,-4.933628426097222,18.45834109829114,-2.624478657631676,-3.4562863265950745,-17.691456173479896,-1.3671020396318392,-1.0750347337886583,-22.347202567967713,7.843182320554942,2.807002587067318,19.57160429139699,-4.293063454583643,-4.399102241079738,-22.207075725237743,-2.5175050699035073,27.89574462626521,-93.99049140394406,-114.24877369120229,-72.62391743483767,14.971131091501814,319.1136814145914,95.80489882428012,67.68490245179692,-10.66885911401043,19.522239269610267,474.9128756393408,364.93931958194577,-312.8645362303861,-184.15046893301593,297.69747158110107,48.33613916495644,1.0
-3.087533952683507,2.978219595507121,0.2055694351745342,0.2652884455256795,-0.8023439241355586,-0.04748014166713855,-0.5325522549202004,-0.5607524604970586,-0.09542968695563521,-0.056590672656422085,1.357360419377739,-0.562092201410947,0.17563284042972022,-0.2643487263542512,-0.30982697234732975,0.14167600806922623,0.7394663296544302,-0.5219355747338454,-0.01716378892560882,-0.1689791255549947,0.5067040781338648,0.1662941036523663,-1.2238555438736882,-0.46725178725915195,-4.079561249263575,17.54386758880267,2.975380867635209,-1.0429944482276337,-24.720538851705292,-5.576143781462751,-2.1361677508218935,-15.6361404705599,13.465391929812052,-5.097647033392355,28.15601959259319,-0.097429637963965,-1.189957692873923,-27.6337760167121,-0.5034947237448419,24.605787208324564,-89.4524774494471,-86.38134138695395,136.81346143588993,-94.59568421828256,196.69092408603464,120.97612056772348,141.60093788759215,36.619503586910106,25.461971862526745,737.2442824083934,151.8831512120461,-433.50026326334785,-727.6974431963614,90.71471700334322,75.84787483947053,1.0
-3.0970250012239604,2.988174652405616,0.21134444852925258,0.23906806454012425,-0.804646995753278,-0.06322404956994888,-0.5398077364194032,-0.23340849467944497,0.004529514092886397,0.06487796124733251,0.7475308409661272,-0.7430529135478559,0.11632696292189376,-0.5319239803428969,-0.014959685694721978,-0.059205392276324306,1.3145970039458967,-0.4477910026181421,-0.06293601468904479,-0.7198748628560517,0.4373471530248166,0.390528360621884,-1.536313342695473,-0.06450599218263661,-1.5966011849058042,14.970341401055272,5.570760306475954,11.615301982012094,-29.91741637184698,-8.988822769219981,-3.056476803334187,-10.54021795021813,15.283402838881258,-14.444496535835503,24.2372918888144,4.262510468807622,-1.897846039146703,-27.384644589375966,-11.60511712735676,7.939185927945471,-13.428240859563768,-28.357786650443078,159.58038990142788,-209.98140222445662,-78.83388260141348,509.5480358174506,546.458468455852,102.0722358111207,9.106741399104479,323.71265384247505,4.64275875740168,-493.1773928550888,-717.9687929710591,-70.01270030479671,73.94686396260511,1.0
-3.116150522343925,2.9937529687931135,0.21833843166823155,0.23199217688281254,-0.8083466532192459,-0.054040254863305257,-0.5383632314234761,-0.051155441969850404,0.10440269087798844,0.3648484041576283,0.5075041811322566,-0.7928780820401927,-0.002854025724319264,-0.6983563875163581,0.2797629477719873,-0.35845044759947725,1.603784343693811,-0.3344410982449247,-0.1309294535769384,-1.0092176375494866,0.10869976424619673,0.2428043392074773,-0.12137108490131537,-0.18281034983048447,2.195743639416582,4.291368149798512,3.5169112683241783,10.908150714432091,0.6345735791966907,-0.4481498172169997,-6.065380473377197,-7.753544304833365,14.209621825261797,-7.185457409107556,8.426131370494499,6.425902274121865,-0.9116852057675905,14.29027715375238,-20.020094431610865,-22.359592834980237,192.19499364306233,3.79856491838904,246.26612169544774,-591.8242498326512,88.42809613561678,-468.37029310851835,1309.2892188913986,166.91907278868547,54.844712270253375,16.951100060930457,-64.65322000560545,2198.779551110567,-667.1568805131641,926.0612799212183,467.61661546603966,1.0
-3.1330153098299847,2.9933873466722014,0.21489450128723103,0.284867330275533,-0.8041968744985347,0.002748090975999401,-0.5216420604058555,-0.10282020577917947,0.1332223387615208,0.3590259603621933,0.6482147819883682,-0.7543529174086012,0.10409548165130697,-0.7986756555302262,0.259150076820107,-0.4745257789229889,1.7386158244166017,-0.09609138982701246,-0.0744333841431724,-0.7944943007322322,-0.04651518621413907,-0.46767508196205954,2.083653086782187,0.974889397653145,11.272978373784646,-6.913471899231822,-0.48784234831486334,-7.860277866181795,11.059263446430347,1.617877492032723,6.690057821269946,-3.2465961174931044,-11.191110273716859,-7.534413040244466,5.494227473281096,8.03408677528813,7.003764086703143,-1.196756190402978,0.2638455947583238,-27.72528001901633,42.50495176651366,45.30423736921364,290.91071234713667,-379.3800585831693,-228.42814610915917,-685.4054395677837,439.0517446719931,-73.68946349296402,-97.88216078400121,121.71328910717267,-870.3572389612925,-168.89671912349377,-169.52245782906058,-529.6273281101041,589.5203284955679,1.0
-3.1519998338186994,2.9955497258441244,0.20738045707769784,0.34584862951062245,-0.7945959273750317,0.09127802419128676,-0.4905857315132314,-0.27187221234729625,0.19350912121980204,0.16396027954293602,1.0332862064944548,-0.6333122384104325,0.19357570477260788,-0.8681057236535813,0.0794717233109945,-0.6084768998795941,1.786991274497967,-0.1524401303365945,0.018770799027648236,-0.8919717006885692,0.1448775370898532,-0.24050878799302955,-0.04570005473463595,0.49725013018752273,9.33224549875461,-7.563229896911934,5.221654280189111,-7.756131893335007,17.04924384387528,6.961205431898949,3.6549173520910716,-2.7874386530950206,-6.013625870190885,-5.082358073671784,1.506115232903762,-4.475890442630226,1.7786413749169336,34.42624507333601,-14.261043183120258,24.48536318160859,131.4744760571368,299.8703230525563,-808.5802799985023,82.85780419753287,174.9888977993808,576.0253067600119,-345.28954102848195,-184.5876900353016,-137.5466082398091,-445.9799707960647,720.6752627775437,658.0088341191291,62.54418767705275,-712.2380860645654,-129.5633000894187,1.0
-3.1688389796381915,2.996303252603958,0.199584356185057,0.3817173279793532,-0.7649571055571212,0.1502850376456259,-0.4965349087806685,-0.5057348299908088,0.24618714354318438,-0.04194942787829843,1.4644804309091692,-0.5682145402351256,0.1303373602646372,-1.0075417986935842,-0.03749302344860074,-0.5863523911359809,1.635785789105966,-0.3278951796239389,-0.10440723299680686,-0.7930844221835268,-0.03091773754829468,-0.5391095303777381,1.7544241305079198,4.865638904612704,5.316713090508559,-12.259494591228096,1.0895049689626308,-11.133625713545793,21.474568737575815,2.159598685537507,-3.6849710702539267,-8.265516749336841,-5.468601081468941,6.662852385867389,-17.144084530065165,-9.115892714987766,-6.543517552303373,7.319278311407647,-10.865850912668268,-18.43243787696223,87.72420210522354,60.146639162417706,-83.14288813599885,134.53831753363318,-147.13722618592936,13.322280720691133,-273.5001924231688,-60.74581252655755,78.16675717846871,-10.415216615571264,21.423430574031926,610.4679367556005,-894.742992849164,58.86749964125179,109.85211415274226,1.0
-3.1792180806703194,2.994850666049454,0.18614673894452136,0.41039932080307967,-0.7300101350954525,0.16661075581160195,-0.5204790641228292,-0.6386192824616748,0.22660930879270508,-0.13858132812219834,1.7334047211141972,-0.540204389584495,0.16915178217562452,-1.077789497524547,0.05595954164666625,-0.21275900091591282,0.9383360583359819,-0.6147056457072642,0.009796184862642237,-0.3427496150819023,-0.20798507593076138,-0.7959144492023209,4.343742895808432,2.7464192894588626,1.3726904031608398,-4.715700265935366,-3.2306039893420375,2.6486265005708196,6.14118435186603,0.06982238822631262,2.883614768150596,2.264551994629908,8.841285204136584,28.43272245539313,-44.32173062271952,-13.581233868780801,6.185957516729339,16.76839601126707,-29.90702584002283,-16.491211447294084,162.25399715337943,-150.07700905056626,45.05924733243515,150.70570254639213,-473.9350434669499,656.4670074500984,-554.439343995465,-1.1692292682952967,-28.496259035701403,762.6367546017314,-88.3528164321952,1091.1662282181132,-302.56836289064466,232.02839236088727,-221.41431837932856,1.0
-3.181063867390535,2.9832852010931243,0.17078746448668533,0.45687630079871594,-0.7057950944136205,0.15079627092103598,-0.5199786679725026,-0.6421158609333163,0.13134784297021093,0.002691273825415376,1.7585623794873455,-0.4522504468282343,0.24363599737885436,-0.9143805037099967,0.02454178246687052,0.147886318102618,0.23249049927064186,-0.7209762273396308,0.04339225620341319,0.035114896444903045,-0.8394528697188393,-0.737042869593295,5.691642082195881,-2.3425480605923577,1.4861154839045734,3.4725119869889616,-5.566348493154679,9.334086083621607,-0.8175498173579469,4.800938271852146,2.9949788617901585,8.499905189858822,-9.098203940991242,1.7288405374006204,-24.10094832411725,-4.000935315231587,1.402045072099057,9.808925512438812,-19.51687381782682,6.883904479399934,15.914776503123568,-206.4648229147714,-86.21835717048377,381.18081011977955,4.748185548878816,148.36444037778367,-149.89788991520945,-97.72427510395038,-112.79050661711535,-201.82474702161187,-405.2412798191737,-1936.8820270458577,1371.7787572337904,-34.8546920133437,77.29718881002961,1.0
-3.18107177077452,2.9687108125093102,0.16284037527709166,0.48581039248272156,-0.7065072774446,0.10997486138812462,-0.5027337857517284,-0.507504843947637,0.21847703242052943,0.2550069102978851,1.6335523829541738,-0.28003630932683315,0.3408938591563904,-0.898135428783113,-0.07143461036533372,0.06531399336246832,0.38317364710769336,-0.6886721013960136,0.03619206406019626,-0.0026875757826664414,-0.6650356396158859,-0.1460663764501911,2.4293167793149584,-4.585932619868826,-1.669515611718336,9.72491692818455,10.657810157455998,14.585032567468343,-9.107603186362747,7.574073619537582,1.1584058277438969,-2.8656846246884258,-1.8186153030169852,-4.880619828901502,25.87374271150512,3.9177644987790172,-0.7885118794085408,4.476463465715554,2.9598315548624026,28.94296366669482,-157.06229731454238,-126.25374251142914,-37.14892628551157,386.88815980079704,512.4800098447537,139.41294254724147,-252.81440382994194,-355.46949674506885,-249.60422716623034,-1.0751433604431977,213.14132228078986,106.22097206098687,835.0555743460121,281.70226485692905,-8.741622881000367,1.0
-3.1810003127437776,2.957775035659138,0.15934113596877192,0.5088546754656872,-0.712200684907633,0.0904085951553285,-0.4750404083821158,-0.37268380842557414,0.3003277406664511,0.3669810380850039,1.2754645610381785,-0.30597922096952634,0.3239271616070702,-0.9464560250963213,-0.10694721403157059,0.09248804313057349,0.8826782215110116,-0.4153008833732463,-0.0127690582453229,0.004987007794701421,-0.4941112625597319,-0.15265793743937175,1.7635923240605065,-1.5747944637612479,1.6896083134424298,3.2103031860070463,0.34571835581870225,-0.6731613356371355,-22.742471505637713,-3.7376932708576245,-1.434805551001536,-2.3650408151086038,-1.1632076424019753,2.9388278482162367,20.81019174548334,14.350134652678012,-2.3020775473237327,0.6868031829228401,4.684181146817962,4.26021389642535,-30.136801979659804,231.38755175112817,-15.203709266067959,-412.13299636813593,-319.32476747569774,-654.3223878300951,-318.0896114127852,-72.87179965908754,-10.6210387546097,-1.46467986559768,91.56900716360535,16.366023404755587,-575.3041411028955,-240.2500753281103,46.05380887118524,1.0
-3.1810634572639653,2.9502434236527866,0.15680846592379494,0.5221801842019134,-0.7079805611527742,0.0844326781723698,-0.467934293585434,-0.3393366863856684,0.3086106344420335,0.36313906384454503,0.9451912948840436,-0.35704434946600416,0.2987979291601676,-0.9357929958776453,-0.08949159309207795,0.11882017523432448,1.0507225858641946,-0.21128551820801664,0.09553183857261371,-0.025157627128659397,-0.27821533906485385,-0.1187728618626599,1.1058503694057817,-0.24124469870491547,0.23915344418662626,0.0021924590756231543,1.5058276256179564,3.413912135350009,-7.484981340481804,-0.3761675011394088,-1.010938658835037,2.148110052346957,2.16456379169853,0.17290321288493526,1.6966163664445806,7.366927509169353,5.97813191457799,-2.3318159571002752,9.269693669647527,-0.729240932326439,-22.884364933250314,41.781432273604246,-10.702843930515312,-218.621325695674,-8.33280042178046,178.26029136606425,922.0947716196735,-10.818612100809931,28.10726774144662,129.24596140724668,108.38592437326191,-110.99868893891679,-524.783688372467,-253.00461184814995,-95.79447735338373,1.0
-3.1803469127112494,2.945068580728327,0.15807072604206873,0.5330448866502314,-0.7031427929907931,0.09153572995430355,-0.46160001258977507,-0.34750463346514615,0.2819508134222787,0.3395553246243413,0.6854826888562471,-0.47778708337690823,0.2851243851036826,-0.9145144058694834,-0.02795939350773892,0.09815829309712014,1.3249637421077352,-0.05936826959835019,0.08447361353637473,0.06690300578938307,-0.23129581785946757,0.19463240397727538,0.0982869557247299,0.2905369764471141,1.9937220676038612,-1.2591903904388098,-4.026207547315501,-10.253803116949745,-18.402643192855894,-9.231882146664649,-0.504461956331213,1.6461056888297296,3.9754080473656694,-2.593847187046919,18.213838379451644,7.745515459572956,-1.5286045550859337,0.33925568887920754,4.198413661166624,16.214258942163763,-70.19704247518123,19.564222418213195,42.66942773133634,-76.23050927425064,-81.61275165964284,-843.1468352495292,-300.35575346365806,-28.96454470534603,18.314400875957837,170.17446272868852,124.35436330733876,-211.71622469123375,129.4978458370247,-11.338407832407963,16.969700700393975,1.0
-3.1790273344232642,2.9402240412085714,0.1643275463274042,0.5420489405023161,-0.70235650970906,0.1138525171908518,-0.4471195407258879,-0.3769307241199805,0.26649629191452195,0.22514833793784939,0.3719228315693628,-0.5463183496374049,0.2813023099618518,-0.8270795156994464,0.0479738345615436,-0.020788898484821995,1.6982492929497175,0.014055586585384175,0.0841673734780645,0.08942472158341344,-0.25241647176314774,0.3742445483463907,-0.6453770480357923,0.25885984351671804,3.019076246046317,-2.3341966989578524,0.5913731959980304,-4.510178191009948,-13.5012389008647,-3.2240432564449466,-0.09248759538860046,6.659525785703918,3.801622494313663,-8.069736229296534,16.935320290208406,2.8414605768463863,0.3167673177022845,3.1914708176189843,-1.688317551746706,4.51718873781322,0.7479844891334264,24.904329347206385,4.197148790933982,-137.0601735870173,104.3939154961599,14.542046122839901,283.3046606503512,-45.1872710994885,4.686145837382033,257.57188618721113,19.101502400294965,-184.76957154408302,-308.0989192580398,-20.782933175543114,10.1936788966874,1.0
-3.1784158096470274,2.934752566473323,0.17036927912633876,0.5537630137782884,-0.6975389970421108,0.1493210457087694,-0.4295219406329683,-0.47480265598119603,0.32487667123174996,0.32409063791883025,0.16399543937689448,-0.6517014672505588,0.2750202211037089,-0.6454040081109135,0.11901769437299059,-0.21038111700704382,1.9586886100000398,0.0254121371319843,0.011007055862311696,-0.01646938723158288,-0.3154242563290476,0.20392105516976436,-0.5745177577665108,1.1509027063592532,4.872566926031887,-7.470524047458838,2.4198050336009724,6.965781236772541,-7.391139861940562,-5.1761346609761825,-0.35300373141438285,10.815669568555247,3.4285357621700063,-9.78919643453629,9.685478818490346,0.09337244557554655,-3.706037897566088,-6.42274423725189,-7.079014377345645,-13.238687099030683,14.060516414690277,24.120227847397825,101.38750705521663,-283.0866100775584,-174.7378849960791,-127.37780558129332,324.6174180472816,74.12613927513803,3.5271407893476505,184.31261853849867,6.294381695602813,26.651677305536744,-365.6570570351808,-12.553214206081252,79.60525672880381,1.0
-3.17668579706096,2.9256379692524535,0.17398170973685362,0.5691606654595371,-0.6879110839904098,0.18157086182440862,-0.4121486376941426,-0.6364545204361152,0.34584593476736764,0.3559390730510922,0.10184378314051538,-0.7505574764099294,0.21914374748356782,-0.37297233753232,0.21544997305982505,-0.3724345841334986,2.0550595630794612,-0.048986293944224185,-0.041184427969870346,0.1105158403280357,-0.5880865605401266,0.104427970531023,0.30282058093082803,0.2854845845486573,3.5844938994008047,-8.11172422369666,0.42345374037880934,-0.6720348221650392,-0.9229012140349863,-4.24619208995769,-2.7682041823602663,15.508468269387194,5.556519934135481,-6.235058090668936,1.348713509970931,-4.212693998223007,-2.018200151241891,-1.1935203394806837,-15.716897493107682,-13.813087915604973,42.47454003924401,-50.33137155989072,-53.15285530096401,34.10681973744438,-41.97182621738942,-87.82079491393792,140.14302974123038,93.02384361664068,53.54880328174888,155.54862910003467,45.10497220284358,267.2011599674526,-314.1674160756901,35.82989464513762,50.50699289770103,1.0
-3.173270780500445,2.9122010022640388,0.17436560654050365,0.5885708780217442,-0.6775409843409667,0.20261357896406318,-0.39175282220088725,-0.8814197156405292,0.34749376210087374,0.2399792660236447,0.4757855122576805,-0.764031337404034,0.22633559259962444,-0.105567489927576,0.32182132046474604,-0.37577857786282265,1.9921784910578386,-0.46907176249772664,0.0404332826322357,0.3068173889542954,-0.7460913777833693,-0.03872723415433708,1.1833242807141007,-0.7026235493521228,3.33335875351747,-11.606479829854107,-1.0495440414252506,-5.484585471014253,24.000745012491294,-2.1584790767254,1.4800932469292685,11.89557471432015,4.197053344065679,3.446433908574986,-4.848526458503099,-25.40025593405771,5.2717685058223775,18.78502092041791,-6.124157370860925,-2.352412367613714,55.76809450167841,-67.50673702372431,-23.230726948141577,309.06646604050735,-135.77199820925102,314.28542869461984,-94.5016086160785,-47.18879276517097,15.687043241220293,-97.58038409364345,-157.90467866263413,230.95570423509787,-224.1513475512594,214.95214415069825,-55.28722091573442,1.0
-3.1603133419676843,2.8959868307820655,0.17016957340641553,0.6188027532305375,-0.6642795990350421,0.20328173817301315,-0.36673192092522916,-1.0429520350622352,0.2779429635843234,0.14558332759646872,0.9676100950684317,-0.7481997451168343,0.17724533592521816,0.13490355502266416,0.3173280144287432,-0.2572476318959806,1.8389343744353162,-0.8918473628714116,0.13689515160357718,0.9592282065249571,-0.8003934195564697,-0.3540090792322145,3.1028833697148688,-2.4882258487840545,2.764269130304532,-4.174044868312892,-4.9228906942959725,-2.3282694750312443,20.79810156440267,3.365730184349955,-3.4651688749282186,12.040180437200354,-3.8452115152798623,7.2259116200701685,-11.121531439075499,-18.92153671991613,4.590199926491013,35.41568502943163,5.129370961365722,-14.336816342129737,80.74514741831527,-72.41766764441742,-12.299595240286514,451.15331891389513,-117.91179210881063,297.230555566788,-602.4451395958487,193.68140503600966,-26.182819041971896,10.23425486558409,-385.3993233085745,89.26122634121529,-491.8038763144257,172.28524131040456,-27.614992100868694,1.0
-3.1426320642176515,2.8784911565206106,0.16971997036642264,0.655321661336687,-0.6521247498441229,0.19378765552098823,-0.3282273227373735,-1.1019232618725083,0.18730440706980792,0.1232598176035269,1.3625539190016893,-0.6581943430736072,0.08606388916161224,0.40520581567675673,0.23072773024356558,-0.1623661049573258,1.35408377313328,-0.8685081078257184,0.07738003103824911,0.9369729795645674,-0.8403169808799043,-0.07848481039210475,3.1943270421859085,-3.731792038378179,2.242753932162936,-0.8411093533036194,-3.809610940523971,1.2089289830725605,16.7892650724062,5.013849790988607,-4.035987156119978,14.543410125814125,-6.719134785350135,3.2568453757037723,-33.0101209742381,7.575894855460735,-5.405896587336705,11.385674537688844,12.806830080698337,-32.890016629144,107.33778866164167,25.732030380472512,-296.2535416815451,270.6164959290195,156.2777510848079,327.114338154248,-412.1565028739134,-9.493400806290953,92.99419600140827,-8.815423695689255,-446.54660023515225,-97.9995583265478,-434.88745369311084,112.34450007204391,46.881034217591434,1.0
-3.127913029142206,2.86658956981797,0.16664534043487256,0.6762856370551769,-0.6409501982047351,0.16364662618935247,-0.3240993092726797,-1.1152753842793446,0.17034103419219734,0.159863607722545,1.6199919792850248,-0.5558692606412776,0.05194217599497905,0.6353714510278226,0.054023010413042985,-0.14042067864788765,0.6820047509543542,-0.6797701421673867,-0.004677298686852926,0.27669268608409436,-0.2876558950613905,0.0855493239544719,1.4343775080450092,-0.27379474051841063,-3.104628493117608,-2.364118702541838,2.763433493674583,0.5316795105901887,9.026446074820756,4.690784896463663,-1.9037739382716996,5.785528722476055,-6.990983186660949,1.7342992468915173,-28.382647106343455,8.284911440522997,-3.313515707415446,-50.36027695542936,35.570662822942275,21.80740265647058,-161.20795146029627,228.23029495168166,-277.6699907728621,-187.02529261757087,400.84181698543296,-34.94568112520289,-518.9265400159695,50.60362056028662,-143.1974131644789,-778.6163455169278,158.17179236318233,279.0284030970447,1023.085803982141,-275.0642893998531,75.74099852540327,1.0
-3.1282276118184416,2.866957919908768,0.16881306356616205,0.6605962135511192,-0.6397970187381449,0.1377565603393685,-0.36782543079451907,-1.1737572731563624,0.27085318891396165,0.17307040447795297,1.7161681130298492,-0.4723645526204939,0.05328309759190333,0.6047091913098352,-0.08317060245797864,-0.06602788734398331,0.3325860044977696,-0.5746672097768787,-0.03511168356146417,-0.1168606451342021,0.21265009042887414,-0.028661491679483037,0.5849581354709467,2.241474689214881,-6.927593406955728,-2.553369923929122,5.853668132888341,0.7392181118063604,2.3278404233750787,2.6588156374594543,0.8988162440905951,-6.875037456369164,-8.28821024108368,4.291947790377078,-9.511816383819145,3.512943836307611,-0.9614772470916156,-1.2333920533546985,17.641330347284313,-25.64291665239244,44.813218357391044,71.77246447464499,-202.81419752136648,97.19607630509977,7.327108915072937,14.106526868064082,-210.85024376331506,-214.16965682638886,55.6756044173557,-523.8289248581209,-235.09630782390212,-32.788068873674476,696.3791825911358,-118.7770919078709,32.849709673793406,1.0
-3.131049134391661,2.874975039162737,0.16323381322656683,0.6297708266879012,-0.6312886751724366,0.099530797850343,-0.44153927880896765,-1.1987885642109106,0.3748342647077091,0.18696723155724623,1.7148515349491351,-0.48163919856967485,0.09262289365462713,0.3426068362935769,-0.24970220231331186,0.05439204442537706,0.3118900678047545,-0.6184790489654804,-0.08987926650902137,-0.14512238669745195,0.4715039982469049,-0.4572623508871071,1.327834077425446,3.151624687514859,-9.05007708949446,-0.49782924931840317,4.864311246889031,1.9707056869068367,-1.3327871685767532,-0.45605802495210995,2.4115892843453786,-16.39584390622331,-7.963311601934076,5.249084622253801,1.3606705023781966,-2.7785182301722418,-2.684031260847407,0.31643881376943356,0.7390767259741682,-15.934713126975673,28.207124484101847,-9.98820891857037,-48.03905280802743,52.82501092083184,6.2415154925843375,211.80748154456813,-37.70932219365339,152.06123867181316,49.81549764893312,-234.56204806986034,99.17197020348756,-184.37908194008767,0.713899453271047,65.71991735550351,45.900892186309086,1.0
-3.1353430851974524,2.8852253154023666,0.1532789668871719,0.5927540630000275,-0.6184415257086456,0.06109928477152916,-0.5122885685592947,-1.2043576714864737,0.4464220452038239,0.23488036414853486,1.6563335211444026,-0.44497826123935685,0.14474303940854805,-0.03581401501454453,-0.34662323966325603,0.05383050356948878,0.4051127780902219,-0.638407674308837,-0.07382838967457316,-0.2760383407142627,0.5048872832025548,-0.43733442589413746,0.2848871825932557,2.390029695060236,-7.585467795769284,0.19441554860141302,2.164184797133408,1.2315664028108262,-3.6907691801177673,1.375943135401913,2.047604026822163,-18.480790472795583,-1.0112142982446346,-2.291255870786352,4.585030442393649,-0.3001034076622382,1.2291484596750744,-3.5098928234433786,-2.7394856188608414,7.290967482291938,-51.27528066101242,-89.27003040368118,99.91134093334495,150.87926751676602,-317.25720604957775,-432.62154829473303,-96.43016580381716,-324.75883579235784,-205.95128274367863,216.5362990399635,416.40918767876417,-173.2712674267776,-147.50356423334617,31.285673979152673,-8.431644295624231,1.0
-3.141548743014948,2.894861792974642,0.14506240702351,0.5562796378134519,-0.6119933007266081,0.02671364805921881,-0.5615189626604392,-1.1694332818121596,0.42833917024844415,0.22112282857555507,1.5237477926524305,-0.39372184766428414,0.13913163111246213,-0.3756724651723765,-0.29473000922144016,0.022309369235026917,0.5195690293938434,-0.6791429319107996,0.012634272040987568,-0.2998440429089669,0.4267501347186466,-0.3741562944271999,0.2714868344286252,0.6092232817007651,-6.1845839325027665,3.0573737835872903,-2.6982722832700676,-0.45453945850342165,-7.452735792252746,3.3790057291070097,-0.11070622723128408,-14.408878441919603,4.654597065149533,-1.9559673905521255,4.64522706083084,-2.127540655501166,4.285381018491706,3.929711110562893,-8.442657312488407,4.979361853690527,16.663466075034325,-123.96117859058978,74.77358952837486,134.98119125529092,-130.08876543846213,170.2045722452289,28.657652161497566,79.59304352364154,61.47167722239722,349.0051700138635,160.74346645700194,-72.96198333128052,-200.05071762739504,25.710568525060566,-71.39935903488735,1.0
-3.1465733218717586,2.9026700329120665,0.14081685592693047,0.5329270900188916,-0.6203105426830532,-0.00538578107134038,-0.5754776630960623,-1.0234607597346084,0.2841334604235589,0.1433765851814853,1.1928862961872282,-0.42945314939362483,0.13076082473904027,-0.5723757522508389,-0.14025379635486754,0.008029894690922168,0.7005725913022032,-0.7140695300588801,-0.044606695691139196,-0.20529233867336075,0.3181634802339848,-0.07084706378538619,-0.277036176634287,-3.0331996372667756,-2.9324643160028425,10.474739504976998,-9.338865142240357,-6.656191878875895,-20.60486583755508,-3.15794159755156,-0.26156801028826243,-5.651447841798854,9.475969479630637,-0.6908532611948669,9.749658362495076,-1.307269493710481,-3.6117523903857993,4.384561719421429,-11.794129018988668,16.7776489547304,-33.02608482863099,-193.83308149257152,68.25816939586639,320.48590449107695,-76.64347646286984,-279.3505158811349,-149.34117371615235,-36.157396169139076,26.98883916556133,469.13399232826254,166.22695366425054,-48.46167467837191,-81.09417443275895,44.486381085459485,58.35097365576034,1.0
-3.154091624399495,2.9056673067163326,0.13935726561133036,0.5211554531604355,-0.6416493994379158,-0.03342664460029955,-0.5617523487025838,-0.783093276560966,0.12001443609309059,0.02428000584445751,0.6202002226736107,-0.5616685903626015,0.16949455562143917,-0.7124917268630374,0.01753435526234749,-0.09332620001216327,1.1696669668328956,-0.5391126292127313,-0.02608294102500342,-0.5124212167427344,-0.028309635227736732,-0.01751475740506384,-0.4573935089326979,-4.27423753288074,-0.9641392593229655,12.45698776157838,-5.134236292451352,-3.0838687570959733,-30.03399404640658,-7.016580864217923,1.9309160980391074,-5.62457122261889,7.418993930077426,-7.951627843567433,26.93440782357865,10.664618942958576,1.5975893158046106,-14.772363125974007,-19.764640128355314,8.238159197144162,-47.10947993783911,-81.82188165757209,67.21543128246925,-71.35011956144116,469.54979314472735,609.4723465978279,296.0665413383173,39.159781104692144,-69.13772598595261,307.54269105058177,-0.790321695735986,-295.4600460910908,-149.44354949038126,-57.95184159584321,-6.914972558710076,1.0
-3.16737667806548,2.9033464862840077,0.13966520166752192,0.5071650961352654,-0.6737862015362664,-0.05427006206664687,-0.5346498669640912,-0.6163823359654464,0.13312176929538372,0.1872942227264172,0.29881527705371,-0.5978296289823763,0.1887904046558719,-0.7545609255163673,0.1868388889214403,-0.30237327904170425,1.527599170745511,-0.3866636439620403,-0.043051656473825084,-0.7360006365908962,-0.1502871656378647,-0.025231699890069487,-1.6636877147943847,-4.77564762261823,0.08503759163954366,5.051779089276391,1.9265683475578272,11.580548866301301,-5.9767079854411245,-0.5818694279400316,0.5975702146187246,-0.07821099054500419,8.525174431712129,-11.931321326794464,11.509655313842071,5.6597899059079255,-1.013225712812238,-3.65368707713072,-1.7558972799408654,-8.28647486422522,-14.232984201256093,1.7813078024048954,87.55573220898921,-312.2602525914275,-68.55339196862857,-164.90016303094305,875.998203332438,52.61838349874557,0.5144607504588716,166.94860418531135,-37.72651738979296,-91.59964684320937,-620.3156182011915,-180.9056257668009,30.068285997881148,1.0
-3.180896802122158,2.896212061378374,0.13290848755351822,0.5071280164969956,-0.7002908892004597,-0.06968912476746689,-0.49755127502177937,-0.5370832497904574,0.11575350033854134,0.36904602344539383,0.16852648469966264,-0.6690820045103555,0.23822295020131687,-0.7984580684197341,0.2440343495089764,-0.4198297421082957,1.7516622002815474,-0.12833623804950367,-0.0877019149629309,-0.6306539935165787,-0.504207184278355,-0.5871201751127911,0.5951904635897673,-4.615222860647322,1.6336096710788894,2.3379594712843454,-3.0230660615893665,5.080576349033985,-5.539237744413668,-3.9483845326562266,2.4833856963124843,-3.2163429166413438,-2.461709537943594,-2.8172080376880784,11.666113535463484,14.311345129317164,-0.832683368721562,5.032759083656746,-14.189237041973604,-24.914017715550337,79.48631663491669,6.2425255762307525,69.34897167010135,-206.59005195860505,-176.29354439924364,-463.745733022025,183.09402036487757,36.423753948657264,-40.86047136923675,2.846776920545299,-607.578820386932,169.40969314204196,202.87061225909454,36.42356539612029,144.03612011031416,1.0
-3.1897604110613473,2.885407086712531,0.11976782116852157,0.5118665317221018,-0.7034275975953421,-0.10187373213514052,-0.48249768014456945,-0.5798341220341434,0.09988063570820349,0.4611483530190913,0.2488668932372988,-0.7334491925154198,0.294228137731019,-0.872786777155667,0.17712957475671473,-0.38295282623317506,2.0373330876400306,0.07234791378328255,-0.18832021300735566,-0.2819657495805889,-0.5281611232562282,-0.6468470740602241,2.809214697945076,-1.3733081780752903,-3.6320121230925,-4.658114279941462,0.738681233217559,3.101767481284953,7.45049729547498,-2.160213675203026,0.7978818802411999,-3.645050180638695,-3.5117916512701575,5.499508012645746,15.068498201776418,8.313582885301619,-5.142864529304717,8.79134727870926,2.932323947437722,2.7164549434897154,48.023877805284,95.31418791987441,-135.27028825449992,-203.32120702192424,152.97946378941734,-251.54298366387974,149.2921047001591,113.49822100209909,-148.691612701491,95.83062598415157,-23.289296857882512,310.5875317750812,-55.28342973673446,-138.34568287573538,80.41760110598833,1.0
-3.194670370599036,2.8764112123578727,0.1077685495935891,0.5106933784714477,-0.6875991633215622,-0.1471648396836729,-0.494714234428105,-0.7358872755241592,0.11461285161735967,0.30945967476478775,0.4408700831676057,-0.7033881356933214,0.298246790869905,-0.9107607672192828,0.07370965929390695,-0.23867519410252902,2.296732945954921,0.30941384854789705,-0.22956325579858047,-0.22892303849456486,-0.36865056459314216,-0.5374319068966809,2.532869918869488,-0.5147751700058997,-4.12406614480183,-8.324303449766445,2.4505700567988304,-8.320871058521247,8.684440632489641,2.4156044961493492,-0.0424762724016802,-0.022266121566263453,-6.344408717261812,8.467287949701616,10.846979589388358,11.253985843394405,-1.2907234768193925,2.0147129845592175,10.164564863760324,7.922028030570558,-45.53914924445187,1.4883565854599736,3.333314469576174,52.08839143240844,291.2718261173256,266.0377040861949,-257.8314333024401,7.031859162060838,-12.428263967940032,234.1043937872078,-121.26818169470742,123.3988278972761,-269.0160127522597,-183.33830133628092,29.67966960824039,1.0
-3.2001640980256503,2.872509404496395,0.10046140020533467,0.4997113669022446,-0.6765719057073024,-0.1848619745230073,-0.5082962291535665,-0.8995670498820466,0.22571341632494243,0.156750998590146,0.5788037865580591,-0.7189731339090271,0.29735600101064585,-0.850539046783744,-0.041888255459584786,-0.09624661581755974,2.4137898300659737,0.3896418148069748,-0.21855216663051036,-0.326766598689975,-0.06821450395673263,-0.2263539606890613,0.6336297207144429,-0.7343595151586322,-3.8417442741578447,-7.888260599361637,8.302203336076674,-6.154504864987146,4.426375851643702,-1.2995284287109738,-0.03422630499559533,5.395242495041148,-5.441375024086452,5.419226508548473,2.2331521402575576,1.713439501894525,0.7949401590695678,-6.595829921808837,11.927405512539067,15.143933531662565,-85.80025129431378,-14.479638119700317,19.049690914878262,26.628711525131568,295.36734435718256,177.32268277658474,-321.10776825956066,16.057536894795636,1.5555168632706935,253.92770129213113,28.47953947890195,-218.83558017878659,-343.66659396623663,-119.21416617485929,-7.022740590289148,1.0
-3.208251733678431,2.8735605292784308,0.10279072504797084,0.4776277917919463,-0.6829038823395686,-0.2055610390767712,-0.5130873602099087,-1.0428617542118013,0.43105840621632485,0.0670819170950047,0.5487765855668523,-0.8183715189891793,0.2941504553255575,-0.7138346889238955,-0.12714585805599923,-0.0798535575306797,2.444099530873743,0.2315235653147005,-0.05378001304013466,-0.5017519478888288,0.10774245718043317,0.37604575980180954,-2.289811308608097,-2.386555396667815,-1.1770619911193285,-7.748979812840155,11.202746746974434,-3.8014522201400394,-4.313994361896477,-5.104374033933125,-0.18571283034170344,8.710881431975999,-3.1150112022689003,-3.014120934316228,0.35325729536698375,-10.294928903456611,8.788434612758182,-10.594606555258794,3.020697059400983,27.808260172335363,-167.75675116118032,-125.08257575214806,182.67422418469016,-149.54699951932096,42.32879333688494,58.70544514974639,-183.27813383131416,88.55923585214467,1.098673202285074,273.76456655325586,146.33553566551333,-404.37207764374716,-163.21489130771397,19.033555290548282,-102.55796134098793,1.0
-3.216460223256021,2.87658488310315,0.11258043584598124,0.4559061071729603,-0.6965634120485551,-0.213572933064176,-0.5112099732008738,-1.1898101147566105,0.6508327894146937,0.12027574614564984,0.28690735997013167,-0.9435690300111915,0.28933397819775636,-0.564090515929178,-0.17524873466593235,-0.13906445249900942,2.446097532853626,0.02098662434725531,0.032687582011758524,-0.36204881895261737,0.12945678662521973,0.5571848010643654,-1.4073317088384976,-1.3063718377710614,-1.0054000668303726,-8.87527660931024,9.205364927429706,4.10776543509233,-14.563331361419944,-1.8205354132719571,-0.23933411868948695,6.864172515931543,-1.9035073922926944,-3.006424784823298,-0.2911849580206783,-8.982497758011107,2.9162123437711807,4.458570710442179,-5.826356177718382,6.290576921433307,19.203922147274692,20.144080082873128,47.954168772338775,-287.2467125059185,-287.6192257694003,-101.76379242179966,198.404223668218,337.8499571180947,2.934099743267554,-40.106488692728696,57.93429236248393,-8.213444353725047,-47.1084632709056,222.68420428288007,-84.1266102475358,1.0
-3.22536417825,2.8774254706642473,0.12714018028169516,0.4332461155902085,-0.7162492822867152,-0.21180499337872488,-0.5044040183519555,-1.3990421564082551,0.78302544568786,0.23802627943660237,-0.1285332393820544,-0.9460905394095724,0.28336753696480077,-0.37666161909656654,-0.14207421363819706,-0.23007899755236752,2.460387536401469,-0.22786882391776986,0.0695758589399109,-0.48379240858640693,-0.0646877404185378,0.8857649220493924,-2.822791533528659,-2.264611704020974,-0.16514169031644418,-15.00894918792588,3.9095808066479574,3.067639413377017,-16.62224319070881,0.46413085840685947,-0.2929251990120634,11.134022908246212,4.420006131233564,-4.56814407265284,1.9023678973230704,-6.459090390529042,-0.13715609797116923,-12.352987540411387,-22.08849923359933,19.685168118569045,-131.83299932757595,-117.69178481088761,62.190150332662974,-1181.0264007132564,-234.49793944109206,-724.6869103200692,2127.198129605447,10.764007580402268,1.9572424387840377,407.28680040515803,428.980071381191,-55.64998585319579,298.73757404204736,1708.996169796167,-440.3612169548826,1.0
-3.23076953960428,2.86902437323175,0.14597549016953656,0.409756923872479,-0.7281358323931971,-0.2308591644975848,-0.498619613624561,-1.8313429824596266,0.8241631747411065,0.09372049556844089,-0.2204168717789338,-0.9395119346022078,0.27644205611761435,-0.15804980458149587,-0.13631208742517753,-0.19824184809800338,2.571449353875367,-0.40158874634532127,0.014631958840003097,-0.008675469793150689,-0.6285656784273014,1.0181943720028717,0.5761137249828318,-2.0018394861867836,-3.8205892740129803,-24.42620855560411,1.5095133580977491,-7.377854779143229,0.39083592527542965,0.24848490402262136,-0.33038643785233746,11.189590937395865,-3.2330510870357623,7.863842705645416,8.472015495215754,-1.4726255592786233,-5.031288862094355,33.12833021160828,-20.124461734047213,12.963353890879945,150.30874144368002,-14.564434410664184,-200.68721088435908,-192.98376399676462,-16.70467854813392,278.78115375630443,272.4999191022393,-6.349439149035242,4.732249055496233,213.52611949216347,-276.01557590610355,854.246717875164,313.2494818022222,1761.1624840787713,-488.15984385570647,1.0
-3.2265776729938658,2.855443408687987,0.17249106727697827,0.38813490753673763,-0.7308449227746472,-0.27940004811684,-0.48698316759234633,-2.310640486252474,0.7945444811503504,-0.03585491712725524,-0.18840370340723958,-0.9314323630947737,0.2749513894452157,0.17423765137864866,-0.23253437872780994,-0.07639987393910681,2.749567885608418,-0.40471217273809257,-0.024410882891312286,0.412977356416739,-0.66733720063385,1.535705895155385,1.389481989139154,-3.9222194770620855,-4.12904536435726,-22.496446029243053,-4.06295764204425,-3.482230298816938,1.8010775562392713,0.4220552152749447,0.02367533436590727,20.498908930052128,-5.568130251092262,5.4386771258751345,8.965082978272685,4.672119488642233,-2.421366148279636,24.21371284338376,7.158947950415763,15.665439741896137,43.56452646960061,85.4230120579582,-2.6036252181360338,199.261457440042,-291.6599289609599,398.3405843372668,-19.97548167559426,-4.0127630810914034,5.1431437805824745,249.03576221412288,-50.11641765097946,-67.8800078729793,-25.549693266891374,662.6479943645144,-122.44337147907335,1.0
-3.2102608130626056,2.8385287641091153,0.20378573888257676,0.38191896385282115,-0.7226943313089813,-0.3503282559866989,-0.4572974104461663,-2.6491973810205236,0.7031063934108648,-0.06804359071450641,-0.16254579155498805,-0.9241874740400808,0.27207882513670933,0.6920665768301988,-0.46690824459767477,0.2187860586184982,2.856363814763373,-0.2755349659301742,-0.12268585431545805,0.9866554561608188,-0.9544362231447693,1.3916375528106397,6.944115112619921,-5.7977224698254535,-1.996203111275293,-6.7320082201229425,-5.303803750574118,0.8291123756297973,0.6150256734216106,0.2900999735506469,-0.1808318521051138,33.4194510315773,-15.07305407080088,15.807890774167337,0.6455901504521331,5.745666670757323,-4.7339661076583885,4.61467309543911,-8.36709818146562,-40.22335549462437,278.5712544299396,-63.25135577939397,334.6390731017823,1158.6554568313404,18.30700980159448,97.14726060420233,-62.37578327416249,-9.64132693096899,0.684806272615442,865.9417906401939,-24.14283446626328,-382.6588680253192,-532.8979955666402,-137.4568444295355,93.8562077612051,1.0
-3.190638589445394,2.821770056393016,0.21836364714357706,0.42600169594568155,-0.7020589912661956,-0.4049929840150641,-0.4020154359378115,-2.6576680586067933,0.6235043436363514,-0.09754998495384837,-0.1408578681552137,-0.8284079003641827,0.2312617204013456,1.3487357677208733,-0.7048559257705247,0.3206120687007933,2.6779661940048993,-0.3422538538064781,-0.2710198115633919,0.9243519285994539,-0.6439101334361166,0.17943966691826127,9.435269245818914,-2.433210867176403,-1.2299371519506104,1.9861592411713285,-0.320111835264413,2.4894194752828014,1.2330952641033062,4.843003488780815,-2.354160146630986,30.93479623178118,-9.063587089027923,-2.3190550684883355,-13.691208849815377,-5.603594953557594,-6.632665567658315,-6.941677036390512,30.418141141460918,-57.41114668793167,52.44959701364097,138.4363232995864,-135.58853570958703,117.40249022942652,358.1989298108585,107.49476186645768,2.886806826097489,-118.48526559910822,67.74910048507434,-371.2713876467111,365.4038216401242,-599.2692623088403,-250.13412002715097,-36.51923157951983,156.85384225575558,1.0
