floating_base_joint_x,floating_base_joint_y,floating_base_joint_z,floating_base_joint_qw,floating_base_joint_qx,floating_base_joint_qy,floating_base_joint_qz,left_hip_pitch_joint_q,left_hip_roll_joint_q,left_hip_yaw_joint_q,left_knee_joint_q,left_ankle_pitch_joint_q,left_ankle_roll_joint_q,right_hip_pitch_joint_q,right_hip_roll_joint_q,right_hip_yaw_joint_q,right_knee_joint_q,right_ankle_pitch_joint_q,right_ankle_roll_joint_q,floating_base_joint_vx,floating_base_joint_vy,floating_base_joint_vz,floating_base_joint_wx,floating_base_joint_wy,floating_base_joint_wz,left_hip_pitch_joint_dq,left_hip_roll_joint_dq,left_hip_yaw_joint_dq,left_knee_joint_dq,left_ankle_pitch_joint_dq,left_ankle_roll_joint_dq,right_hip_pitch_joint_dq,right_hip_roll_joint_dq,right_hip_yaw_joint_dq,right_knee_joint_dq,right_ankle_pitch_joint_dq,right_ankle_roll_joint_dq,floating_base_joint_acc_x,floating_base_joint_acc_y,floating_base_joint_acc_z,floating_base_joint_alpha_x,floating_base_joint_alpha_y,floating_base_joint_alpha_z,left_hip_pitch_joint_ddq,left_hip_roll_joint_ddq,left_hip_yaw_joint_ddq,left_knee_joint_ddq,left_ankle_pitch_joint_ddq,left_ankle_roll_joint_ddq,right_hip_pitch_joint_ddq,right_hip_roll_joint_ddq,right_hip_yaw_joint_ddq,right_knee_joint_ddq,right_ankle_pitch_joint_ddq,right_ankle_roll_joint_ddq,fallover
-0.0027421307328519655,8.737507702648877e-10,0.7906008645183167,0.9999831152630317,1.597928729102787e-08,0.0058111262972002755,-4.862312507598205e-09,-0.05757097643335702,-0.0006896505052695505,-0.0029780136412001384,0.12569670047223272,-0.07618242263391398,2.7516392895085615e-05,-0.057570981578436965,0.0006892804977533147,0.0029781814403752106,0.12569668590940763,-0.07618243825327659,-2.7555718382952283e-05,-0.16201217655187258,-1.3815040528913289e-07,-0.20886621142642928,-6.422664153380801e-07,0.6749498579004031,-1.6199792552671605e-06,-3.3278256815342258,-0.000836878563749633,0.014219305791013027,6.7477049258397415,-4.853138256753754,0.007068559153738307,-3.327826241084361,0.000842126993623165,-0.014222935012854362,6.747702736553316,-4.853140604694491,-0.007083299973987094,1.2119119216013121,-9.626814352933029e-06,-8.495753051281897,-0.000638222426356262,-7.456164679069914,-0.0001893507676475863,41.22852759103926,4.45100488663683,17.560690904562144,-197.71694488381587,-60.2461452427941,1.4446619671613052,41.228509608719094,-4.449010304663,-17.568464364197563,-197.71723314588044,-60.24609536149466,-1.447843887750788,0.0
-0.0063423998725842595,-0.0001242665688904903,0.787195408853891,0.9999050141711877,0.0009514647060725045,0.013490489250496885,-0.0026578280630046034,-0.11633395459000269,-0.001602592600778465,-0.0011612549230022215,0.21574389959234344,-0.12786475930723168,-0.00019609842490477835,-0.1329182676548237,0.002444261619922818,0.016956815354250587,0.24738985814249637,-0.13956287683835658,-0.0023718030111073707,-0.17393116136554923,-0.011851339773272462,-0.13870650696761938,0.1811694086641729,0.7335353624184453,-0.3709579624390681,-2.543120871285874,-0.08925596061535654,0.2954014443160323,3.312519121796722,-1.3994894854898734,-0.02279925920562594,-3.606417796959356,0.05438090837948587,0.8174812307406621,5.243952248237494,-2.092946333974948,-0.19604775342533978,2.255098737737619,-0.9824449609473214,2.8891719294794793,5.365335058653186,-12.21975023618574,-5.4195146895827335,57.76620386117083,-1.2974735238764725,12.101520409639654,-109.0224801157188,81.75018961610128,-1.4026791311073041,56.24031953021319,-3.758006560275652,-3.599730683654382,-116.05082539044648,45.332810003687996,2.9462681922823744,0.0
-0.009952639711308556,-0.001081557606070925,0.7847083948230499,0.9997867876701889,0.001910165494460917,0.019968300028755714,-0.004898720431947126,-0.1705178679953264,-0.0019349455592268146,-0.00440601480265209,0.2884255405149316,-0.15071345353755305,-0.002264037136006271,-0.20022728331831846,0.0035020606121626673,0.01567250517763458,0.33675514293809783,-0.20376817767334712,-0.00851220224709774,-0.16569922935344983,-0.0781329493193017,-0.11004813791267593,0.011984885541045827,0.4768474010339844,-0.1616085270063062,-2.4041397491994387,0.050049602112439695,-0.6476900300771798,3.375519585078429,-0.979065549739534,-0.18081961562385793,-2.842662172687142,0.1862387149405395,-0.334983255070273,3.351784563970483,-2.910573626694789,-0.27272615551930285,2.9160892358009494,-3.282784255445624,1.068514236198355,-10.298447174537612,-25.615884845122796,-0.020717352760104113,65.37412139265884,5.310082850882462,-76.86756906022141,-66.52786066486546,10.299842067866713,-10.370213839990432,81.42099697600197,16.69901607907068,-26.680650796499094,-188.90461073858526,-10.387485061407368,-12.869053551347886,0.0
-0.014027315601934272,-0.0034292154127721144,0.782250176323636,0.9996582018359925,0.0005700883755272195,0.024766765629498304,-0.008352354250676748,-0.22177769099522482,0.002329050189439314,-0.02750797219565309,0.3611613573906617,-0.17251371148793493,-0.004956776691962274,-0.2815185137181914,0.007603960946578176,-0.017789718164409246,0.46550628008899303,-0.2761967855248729,0.0015277128625095443,-0.19695888573056916,-0.15200132150044227,-0.11806123579308046,-0.254736926407493,0.3075273498019367,-0.4729061885509034,-2.1805627920007145,0.4181592595492794,-1.226174090103568,3.32355780501102,-1.0629777984440767,-0.2243794513775489,-3.9955793510065676,0.48128699211283144,-1.9407851048688751,6.393588798446086,-2.9949301953141862,0.5706806778717749,2.803349168995961,-3.9694625518312283,1.5879763283165163,-14.301017884148449,-28.637282138544432,-12.893455380477112,70.67456424379544,27.33236118833633,12.327400403577975,-62.855832129849674,8.956231347838008,-16.540872184382966,64.37165130402425,48.41043271335969,22.66673009219216,-136.25074933015605,89.11026979688664,-7.671222076026855,0.0
-0.018422697846506696,-0.006495716124555826,0.7793920598419689,0.999529650477381,-0.00048700662678464524,0.027641218117391016,-0.013274174252979623,-0.2709703467788005,0.008783428588708796,-0.040503801660663065,0.43789121051534163,-0.1903349504708614,-0.011022355994629137,-0.37108240763846345,0.019410871856272046,-0.0376430826059216,0.6203315999453193,-0.3486203352399314,0.0015925659001919256,-0.20773844493868873,-0.15753334460781615,-0.14439818237686372,0.007442408976135267,0.1290530165594188,-0.46692958976790977,-2.2139009764652173,0.2526126122677807,-0.34125909142220695,3.694777385530567,-0.6548993138015572,-0.3341091148520286,-4.04342013899665,0.6180506598226853,-0.5596702616693876,6.8693599077949425,-3.0804301317784026,-0.09150268735618386,2.94947769298616,-0.6611693256135968,1.0573679344054,9.826842164854598,-25.106387614960585,4.512556247532631,54.33344480485274,-6.606815317625415,25.068279598490417,-48.23522666640486,30.387973331724965,-1.3767492837856592,90.02843438695672,0.26564010711863484,29.807695790202782,-190.8481263510969,76.57153646768234,0.20771479477112287,0.0
-0.022209355001548425,-0.009746740776363245,0.7765275882114662,0.9994904007943223,0.00068880553840982,0.02691239522062877,-0.01715188766360907,-0.3095417081380526,0.012252206863234036,-0.040241958978228486,0.5089611650125937,-0.19748708208561394,-0.016115048443100313,-0.4378741225458784,0.033110739862717134,-0.035967652858516136,0.7320256632919918,-0.39144508647103976,-0.0032470132276522217,-0.1645999352437815,-0.1669284436873853,-0.13338034724228323,0.22303160293374916,-0.2822489369820237,-0.30949541515963763,-1.4937938072421462,0.09928232380696632,0.19030741453474304,3.177568588510168,-0.11316534160719245,-0.2151535378849855,-2.54185387514705,0.6201819638802101,0.3019400936896942,4.124605513982515,-1.6376285677310303,-0.2387717171918423,3.186792792901643,-0.4848924504416746,1.5843896691885122,10.116032478318182,-25.86772219279886,8.167885843098759,59.23739024414209,-8.811550798355333,13.109677327364764,-55.91630334292608,24.970715801930613,3.3137067047869495,97.1138885788249,-14.724300129994226,7.619182342118568,-172.96496358305433,39.386611065345534,3.7708877725800183,0.0
-0.02533549840282448,-0.013246318575309664,0.7738847564024982,0.9995510235478978,0.003587081726335629,0.022884364739040142,-0.019004999856082505,-0.33499647224141954,0.011841451715332237,-0.03733618650558382,0.5676758770397012,-0.19548993438271928,-0.01955390588613213,-0.4786893789884276,0.04379017335383083,-0.021782238493823707,0.7990280682545304,-0.382474976254416,-0.012569438743213973,-0.14326599823833672,-0.18142869842414172,-0.1256346611097193,0.364071517920783,-0.5233803950431936,-0.06265971832431691,-0.9623302069924816,-0.1061882539133769,0.14057622234385933,2.5765802300057556,0.24808307166261062,-0.152685910402695,-1.4835057176283437,0.3422651851434031,0.7886726593419602,2.5163655242483136,0.8750775112572635,-0.4484665085779737,1.7273055982846204,-0.7115923513609947,1.0596176481727262,6.70458643813905,-15.432062800411565,12.321834457285757,41.46533789045603,-8.440604562487923,1.6881679562512875,-48.59575445252553,13.66834327213245,1.476225492885498,68.11608120623158,-28.253686549896944,-5.28326718678696,-99.90074712139253,-1.537937631235522,7.431221787368174,0.0
-0.02813914002787429,-0.017023177394751784,0.7713321564739934,0.9996644023884624,0.0077510112109535415,0.016857486301013094,-0.01807842853064764,-0.35345060397552075,0.0075226212089215105,-0.03482809821721018,0.618974250337416,-0.1868159611514704,-0.02107973065466787,-0.4968517260561624,0.050640858382745096,0.01046175483640243,0.828399121436055,-0.32145473286679854,-0.024353687268430676,-0.13430677137699304,-0.1931377134162707,-0.12786516375120824,0.48523409290395764,-0.6688690735851128,0.24660292937975048,-0.7780910589886237,-0.30912491906135553,0.13627438920632767,2.386208053558138,0.550624541880477,-0.05235169371524795,-0.4192721216636637,0.1211297079152049,1.8541220493007666,0.8008380395604587,3.1232689581245374,-0.5504448684688541,0.7853476886072143,-0.4146349191739862,0.07155106828446728,6.801435823316153,-8.973672563094981,15.472508459673527,22.821275708448,-9.746214095214729,2.966328799482183,-30.35599128002594,9.618317247457664,0.6076717591911087,53.19031467529525,-37.55963779404551,-0.16975989973693117,-60.85404618336438,-51.03105508983224,8.363583590924874,0.0
-0.03065497435022411,-0.021018674533497858,0.7685377255016993,0.9997800585485852,0.012569900240609218,0.00936004361613423,-0.01393634528971209,-0.36926450154114215,0.00011724529853493265,-0.03311501538112087,0.6693173162922655,-0.17556511038569997,-0.020649590869340546,-0.4844071687535629,0.053271153343313574,0.06369677785908347,0.7896950171660044,-0.19252128969085844,-0.026740653624410072,-0.12172899457999094,-0.1992355633417808,-0.15978197801279245,0.5413807719881825,-0.7814344898880681,0.5596322837268773,-0.7315585473905735,-0.4611606166408026,0.09977790188131194,2.4631234880593356,0.5199648756605819,0.031014645944720202,1.138523247601575,-0.14821015551610153,2.8556359792463004,-2.8883418717881737,6.204330816529323,-0.027082889124163793,0.17136910622985332,0.3883036915950952,-2.8309638903413035,8.709237518083823,-3.59542411964091,12.637236791036742,11.235654277820029,-11.540616821191994,6.103909777067109,-17.16622456941874,-9.80041841976122,-0.9676667380383079,32.67268369807734,-48.950882344153605,-11.989659436765997,-25.133741832668633,-122.95046741609116,3.3511487453771074,0.0
-0.03296494336753305,-0.02505088107691191,0.7646227480469229,0.9998281186811764,0.016905105847227545,0.0012932927328072907,-0.007501858747084588,-0.38684314003429376,-0.0074689115361656,-0.0297990906166028,0.7284682216001079,-0.17810107873015651,-0.009147557481716775,-0.43834615085050227,0.04798641152025822,0.10905814321669577,0.6830534476580891,-0.07896398527577526,-0.019485309090979893,-0.12899594057997324,-0.21021134694752017,-0.2035736005512222,0.3050921063408836,-0.7157509265174591,0.5866124995822767,-0.916667725037193,-0.15677368606391479,0.217476962080611,2.845991438974977,-0.21277600429596902,0.5693754918368137,2.4387451158578113,-0.07009568516437821,1.4470446554676537,-3.587177963913122,-1.3743595038795937,0.37082121264196943,-2.654479717727944,-0.6092262129814933,1.4747822981371106,-17.30465186627343,14.306118000185373,-17.93151841095101,2.616012992930416,27.520899906882963,-3.0933975990477363,-42.53553693131377,5.046019110831521,-12.755580118126957,-5.0853739515237475,14.245817538772355,-95.94578213067481,152.08481706480808,-562.7311973722994,-10.77795950627777,0.0
-0.03602927787070752,-0.028878253886849316,0.7610889446945671,0.9997974256928831,0.018746982072537145,-0.004691239928503001,-0.005625878508272279,-0.3965931497787082,-0.01865567585801077,-0.04198340982957012,0.7739134581829307,-0.2585053594407869,-0.005585208501621908,-0.39133236325568693,0.0477352734220872,0.1242086123800086,0.6212719231289888,-0.15397815405504772,-0.01478147782411267,-0.18046897512027435,-0.17649726918833022,-0.15486882027232457,0.10263777969997867,-0.454256908494854,-0.15139308395471182,-0.18593614981365528,-0.7076397492150637,-0.8690209953905494,1.5701835792622747,-4.335556536283769,0.059657568288876514,2.162044372310974,0.07654401477241116,0.442518725637076,-3.069412428278078,-4.125343355824465,0.10786577659595575,-3.617242622207539,1.5623167553549673,1.977084506853673,-8.691758018150853,18.71421875591266,-40.603868834447724,25.854950103190188,-4.313186651355157,-2.0170149492968985,-76.95535528881048,60.159503619783514,-4.107879731334365,-32.771179530730315,14.989911581608702,-16.14803274580683,-9.862903460783798,44.53803727481253,-13.382964944192354,0.0
-0.04055363773419929,-0.032536352591051004,0.7590089362787387,0.9997785093380113,0.016867303567471004,-0.008381242140579311,-0.00939048009468043,-0.3958841975646631,-0.02703621880819535,-0.055088626062296364,0.7966416517148196,-0.3136846140000294,0.003937592883351855,-0.37375990922752955,0.055682473679905566,0.11838034519574375,0.5938705275495628,-0.19531043597718448,-0.015162050222285743,-0.25698996798014245,-0.19233031721900334,-0.055375421322351105,-0.44717784815144646,-0.34640215365820554,-0.4839027696824008,0.2633002789483931,-0.16967826734294106,-0.5156572255709592,0.7910906619834053,-2.0462964840274522,0.482211728849035,0.046440479295923445,0.8769309944621348,-0.27726967838588634,-0.2196441500796846,-0.3805462898653674,-0.13733499273307934,-1.9622186646084705,-0.7160472695190435,4.3464507069645375,-24.31106166708881,-2.555173330699243,-2.6491925802076643,31.42890081845462,15.493473082806107,9.873197791164234,-32.59757708237959,52.87351017243954,-8.058810286138945,-35.38666315426574,34.18741019799169,-7.932898964493856,46.39595325254563,127.82914571858579,-8.269137934371436,0.0
-0.04637378412051125,-0.03599452463989021,0.7583357272496957,0.9997811501331176,0.012225717061902707,-0.010971794305222625,-0.012953895574208438,-0.3943119261769224,-0.030261077162746425,-0.05391437110197452,0.8200928104924529,-0.34727455482329445,0.011862327818684858,-0.3794715416349566,0.07197234324717447,0.1108948158060103,0.5951788164760947,-0.18855087694427003,-0.016285557646461616,-0.31190928108074367,-0.1551321930081423,-0.017947527560983497,-0.45292347867385063,-0.23581457129567196,-0.20997563139925846,0.049627189726989714,-0.2596293662733092,0.37719356783244956,1.203973635275955,-1.3413473358392993,0.3187203686044793,-0.3565372686193022,0.6949586160383653,-0.478632648976915,0.034670291880472964,0.7133725822288788,-0.02168166048648982,-1.93952114445519,2.098171512786871,1.5154295288504882,3.0339320904023146,2.1604662447286,16.59649960600835,4.126403900763366,-18.045865124509053,24.350918049893743,-13.903245755525068,34.998011390340196,-8.126752435715513,2.6011938797082874,-17.11569268782713,-12.314004905132249,-16.47863886467539,27.912952719816587,1.731779163562564,0.0
-0.0527643501836901,-0.03875737013295935,0.7582446046558915,0.9997667042757609,0.007933176820242567,-0.0136244729358382,-0.014763992154705573,-0.3843801268568024,-0.035373822555880556,-0.04254610685460988,0.8243390252581674,-0.3685470041579727,0.01376988183748179,-0.38320580928370657,0.08457127877012836,0.10239194725822266,0.5903565471226295,-0.1708544856354712,-0.017266203738130474,-0.32946715748264055,-0.1241561441287913,-0.0007839434635181964,-0.4089167407089754,-0.2848716380684243,-0.12029219674358788,0.7241815605087101,-0.312116091188458,0.604630272618692,-0.2571255479104531,-0.8990281627601558,0.02318088297787821,-0.09083691425477772,0.5596480623307196,-0.42271811744323845,-0.42542664722625284,0.9697944195923864,-0.06440982077134678,-1.412357540375636,1.5433059752479157,-0.12644104077354895,1.8930588486813646,0.2518995881918009,7.267544702996234,14.908054474896486,-9.69741039423193,-3.561870228098435,-27.76195399091508,15.991644575191648,-3.5186846504181815,6.462189821219166,-8.52161262622696,-2.044603248088009,-16.054601581432564,5.641646994432298,-1.2162921120884311,0.0
-0.059546705997224905,-0.041000762155268364,0.7580590756437741,0.9997248697934462,0.0037685697985282967,-0.016413505906293722,-0.01632726008902458,-0.36206736795024214,-0.043078617027996514,-0.03477661708440856,0.7994165248801443,-0.3633956666695011,0.020462755398551243,-0.3840653396398732,0.09614637114613878,0.0954305629531758,0.579478218469326,-0.1513020883080311,-0.018856111697931967,-0.3526238882596904,-0.10390546684049302,-0.024617004500810728,-0.4348797720807053,-0.26109947313543763,-0.15197254994582782,1.2270369376711492,-0.42053911180764714,0.21411760588887624,-1.4804080867004665,0.4285832968095381,0.33896421335921617,-0.07908819228182404,0.5978766414239431,-0.33433186443954166,-0.5709742820245881,0.9754321601513863,-0.09361492912719489,-1.9155208722720334,0.8134698788719504,-2.246042939402426,-3.217473766589187,4.772167442149271,0.9327315244047815,-1.8763208420140707,-1.425005183960962,-17.10519670179382,9.856263554197303,-6.8077916000293675,-6.113860291550118,-9.509713231983932,2.32376298011274,-1.3692774062434727,1.970448384680564,-0.8884544967879358,-1.543386016522624,0.0
-0.06676885840480663,-0.04302526360448175,0.7569972056875819,0.9996568395802055,-0.0011203444074546589,-0.018889556033616552,-0.018114430208450306,-0.331605794966244,-0.04975780734664723,-0.03506360324651442,0.7536789790835856,-0.31256151397068294,0.0352738252656521,-0.38690862784931535,0.10929515557615781,0.08827239163653694,0.5698520428235945,-0.13410640225725373,-0.020324605686219164,-0.3741923531306832,-0.10108188199720557,-0.08420333276018839,-0.5523462778867616,-0.22353483659508447,-0.16242170789419888,1.531002320872463,-0.22005334277216176,-0.16762833440583283,-2.2435511681496703,2.6201654958314085,0.7042685668064952,-0.26379662068572113,0.7238638240812876,-0.41370052184332373,-0.360687860054843,0.7931896816292561,-0.09706448136133862,-1.8769705843129603,-0.08038900463065618,-3.841378153242682,-8.220448940426946,5.621090276746257,2.4130031088697526,-13.986421695616745,15.461327888368295,-12.898865238581827,44.47432259607963,-45.82870986380638,-13.340357642616123,-17.85616543751657,7.860416594750704,-8.558830579720643,15.755724735522136,-5.4525011611233305,-4.952602940578515,0.0
-0.07461587258475666,-0.045260742425310585,0.7546883771496657,0.9995991099857995,-0.006353705712272142,-0.02055644102068595,-0.01840332773936526,-0.30129751502124985,-0.042995001509774505,-0.04174457511097963,0.6957893618037073,-0.31114165287085027,0.047524488635021934,-0.39872019723822244,0.12019857626748195,0.07507874703605576,0.5736038227772743,-0.12840313975738643,-0.013602607374441309,-0.4142709141610867,-0.11250183880423995,-0.13375840347604573,-0.4544462897546975,-0.10967640729082187,0.15162880004422172,1.2111476243581345,0.48719060396543734,-0.5658407919922923,-2.706042964076978,-2.339821826113486,0.09448249150823843,-0.812175245948151,0.34597853561163294,-0.8328410835507856,0.4444719100856006,0.10537939445371491,0.4160887623682502,-2.6382702961753743,0.5201052472227776,-1.7686187433188119,9.341545184829416,8.087560115040562,20.4603623564073,-44.57533331135116,-6.369177777841719,-23.799480626517667,40.668652580072454,-105.73073252094754,-38.06745307687339,-20.503505055834292,-22.356655207778136,-13.000707861362738,17.332855876814243,-2.377843576124204,-2.6286423888376724,0.0
-0.08418388603332573,-0.04705642529332295,0.7524734858711585,0.9996372087393034,-0.007739425900294348,-0.019566775004581108,-0.016813491801185184,-0.30945942489673467,-0.03785817734616427,-0.044684523946670295,0.6836491686936587,-0.33249696061066025,0.045664936177225564,-0.4412144287771018,0.11327246027602894,0.0511827039107801,0.6417141043238259,-0.19671760019483536,-0.006177363649030085,-0.4986051795308275,-0.07360275090399962,-0.07466230043975311,0.09754085031683575,0.11037564850974818,0.16354229670012,-1.1346271365530178,-0.0029128316702225973,-0.004644602382578807,0.45810730832198177,-0.01890454199354133,-0.14321260371524724,-2.2904708444213773,-0.8666318257786508,-1.294297868594121,4.189437960942621,-3.6660211793092565,0.5920061033118285,0.13403206805429263,1.132556334428604,4.339966322131696,19.960541055365034,-9.270427649938982,-4.164543035123273,-15.915539581495386,-19.09389579137002,16.55126729637425,34.408751455279784,80.99077613383103,-0.7868955965057793,36.4202512306809,-36.990910573496585,21.199126669385674,-16.835667278287612,68.9487504163319,2.818619710720175,0.0
-0.09442685403670321,-0.04854402814165721,0.7509120274392941,0.9996849900724607,-0.005769198503491513,-0.018510497735766178,-0.01593732869792139,-0.33834657637257715,-0.038339494380889017,-0.03941823649932952,0.7022860178205037,-0.32421046424903655,0.046815367044021165,-0.4886517847882854,0.09453816173224432,0.02579403874620026,0.7496241702785426,-0.2896629086215658,0.00025137990492045734,-0.5093663575373304,-0.08150798428631677,-0.06737994624553294,0.2251430849682839,0.038028971029188265,0.02685568123231453,-1.402740926021192,0.02528455413714186,0.4216539523760003,0.9632751409784805,0.6755788695097851,0.11779741008511364,-1.9404547983769151,-0.8278257221946579,-0.9988037343059242,5.040124594936078,-4.090698439100023,0.23438298844987301,1.025173770661544,-1.204427443321211,1.9400452190930992,-0.1991446425137802,-11.412859858275148,-5.8426823632287865,21.13175260242681,9.319059693396753,12.855462843485276,-16.712415970985827,22.394462954112495,0.7742612255363094,74.36860323576414,22.19093222780019,40.56101714172777,-109.17647035416998,94.21345562033126,-5.407187041070623,0.0
-0.10450620068669535,-0.05041487600544316,0.7496298195865571,0.9996923823623969,-0.003425715515872405,-0.01893879659439459,-0.015643756050143197,-0.36359819518173725,-0.03708808955757252,-0.029669216434019888,0.7190845563482029,-0.308236447071224,0.04985475002829831,-0.5152683867254501,0.08269739193776245,0.01238259887574406,0.8405613330681545,-0.35400072628799906,0.0020641651287218073,-0.4966144881789294,-0.10595358035661767,-0.055717904546054756,0.22238077835577272,-0.11809179389283314,0.031994264212717914,-1.081128477272375,0.11291707305059775,0.5020892137465339,0.6623096968075413,0.8792345224426731,0.13459511793785675,-0.6709368165262217,-0.36368360797597293,-0.4100419793871501,3.6819002706731454,-2.549777442437929,0.04725420880826309,0.8805035217323253,-1.5081274877378013,1.1852410154652675,-2.603789455173496,-9.13766586553121,1.3078131788058136,22.955184923218255,6.2034194097568385,-1.3242309721816787,-23.43428934346696,6.907368655093159,-3.6796654896237038,79.65724948122336,26.55402107013856,25.872020706434498,-116.42101770392601,63.8514480545515,-1.6090330133965403,0.0
-0.11433462719915619,-0.052786976465780504,0.7485833386852042,0.9996669101717233,-0.0011561115160254572,-0.020853972001876754,-0.015160605714414507,-0.3805992578577355,-0.034936239101610415,-0.020679007982000185,0.7268008646144644,-0.2914597976091741,0.056410563049116784,-0.517612652076833,0.08136462221593592,0.012711394615333214,0.9100502746823412,-0.38144647699235107,0.004927761826180959,-0.4875213478930842,-0.13043767585836805,-0.047036694065904626,0.2216451994486528,-0.24036586329712792,0.07661170058339566,-0.6719340143712069,0.12605575050060547,0.4128446441567257,0.16304000565829013,0.8292220272653034,0.34445213519753487,0.4326546508522866,0.11625228143291122,0.20260678126585974,2.951785932230499,-0.8757775481322319,0.13398767721858998,0.2874772393189515,-1.4032869351744126,0.6107310618184449,-2.0731998261295677,-4.804304419921251,5.3889039616640835,16.895113160962207,3.2984862310173635,-3.5973256119814376,-22.054463514951298,-0.318360151317574,-3.111041085830488,64.36135316480504,15.95735024881265,9.448726487866068,-76.4716198923165,33.06940275352178,-3.1466763247943486,0.0
-0.12409741267144707,-0.05553774314553685,0.7476963282580972,0.9996236730847673,0.001303651377919758,-0.023448500898767752,-0.014176759404191936,-0.3910340171361192,-0.03343612589541126,-0.013287190888547368,0.7252971129649265,-0.27670886142136203,0.06834566451401237,-0.49780860826986695,0.08766057677121113,0.027194755965036857,0.9569168532294652,-0.3788720267651834,0.006657912212712625,-0.4917878476270225,-0.1431514828982652,-0.04367800411056451,0.2727922825778041,-0.24834388970789353,0.12973308875773623,-0.46630460397754825,0.03062008277208813,0.3133972091210486,-0.21812888013594725,0.750924499559814,0.5963208121037915,1.4248829938035643,0.34762864996109827,0.8992953647538573,1.7994330406168664,0.35869829241500967,0.05390726100493323,-0.7186579057828991,-0.6026709167265552,-0.11245037407573996,2.0455495440379545,2.789650958294351,5.2571957573880415,0.14841838721463052,-4.96733034997301,-6.865101373845251,-10.76757176742893,5.9466457348752995,-7.427284160724401,44.0708185863893,-5.131858820505165,2.426194054820355,-60.684067031718705,2.84525128776322,-2.951786636213736,0.0
-0.1339624132055515,-0.058463118743436446,0.7467519954501868,0.9995845220008147,0.004271021979380302,-0.025799540013126645,-0.012121282224485523,-0.40033505187333274,-0.03508352229948795,-0.00990305070398236,0.7197718923052873,-0.26174288626292846,0.07802956821743157,-0.4534545150978958,0.09829031043133746,0.060726933891554556,0.9530596385098503,-0.3250364545883259,0.01418016966692508,-0.5009888870325526,-0.14448133399079516,-0.06143991545813972,0.36264813590025735,-0.17806407029621,0.26376605109728324,-0.5647717969507638,-0.2011647551160299,0.1050946883416429,-0.2500970505616315,0.79319393391522,0.4103354868065514,2.595217363657745,0.4414264320631011,1.933072999432883,-1.0509284283828593,2.795776900348326,0.35342043793509037,-1.4036180599488182,0.4811527629420621,-2.3579562275487542,8.395524340281879,8.938945111281008,7.038871226861155,-18.160060243174044,-14.413935726097804,-3.211486491517549,7.286501404312719,7.346832695144,-7.832430478801643,21.009092323665243,-26.14910737631009,1.4099946342380978,-44.097781899869695,-48.94690628288441,-9.579565857792685,0.0
-0.1439198252403867,-0.061276647010099855,0.7447953789485012,0.9995654510519101,0.007204622564900284,-0.027462497091908997,-0.007925511375646142,-0.4168065038132204,-0.04059682030301088,-0.012374653081726786,0.7255257131120151,-0.2546989365762365,0.07743987580177439,-0.3780216615279852,0.10533156215990454,0.10383630589408412,0.841041924025066,-0.2646629195576908,0.009897062935500729,-0.5210908329516762,-0.1315235743636326,-0.13147011146499918,0.2836261595948522,-0.03503900939062827,0.3685360220103094,-1.123062499872719,-0.2557497046742717,-0.12398545711440512,0.5308503594592133,0.29522040361151763,-0.11152684171170692,3.625434953991304,0.17390262828782715,1.8411154909258867,-6.31039615605223,-3.5144312302119265,-0.6387079352961423,-4.209099928735406,1.4352963387433504,-3.472409237931454,-1.9291620874563158,20.725046346825312,-16.944904203596284,-36.70060628405494,8.574978726419126,11.125866132903294,13.826507280331818,9.491912094734799,-5.272171750691015,-78.27328636945143,-30.901618212876308,-62.72515496952956,40.540032738649565,-508.3363987780586,11.169271051930846,0.0
-0.155645408591386,-0.06354753781196429,0.742093732777295,0.9996031979520814,0.009031371225164035,-0.025840559297481726,-0.006644281222094304,-0.4567630166264878,-0.04541296776932041,-0.016517740580304068,0.7862414855566466,-0.3268823956606291,0.06226222175628123,-0.34056113756591583,0.10316930402980908,0.11684382920192073,0.7515052989099258,-0.3439735718936874,-0.010217165057383296,-0.6389768582594875,-0.10741909758711858,-0.09409933113845906,0.028785590724347165,0.2990608572368835,-0.24972162901402362,-2.075268151340633,-0.004677461639098268,-0.19050933327452768,3.5983478160980744,-3.900021207578066,-0.5713132055302664,-0.3168567100133392,0.21600586031875446,0.24348357439719207,-1.5542256986363425,-1.7544693228762056,-1.0557618964126048,-4.318248560101147,0.2422314721267735,7.627963706180413,-20.769944931217644,6.268576236966691,-40.727160880865476,36.82487892694543,31.337059586075846,-2.2317708358722577,-28.837787271693955,67.24605502742054,18.89801542010826,-225.68989421221036,54.11906488418737,-16.00075760382527,324.3545638552242,317.86693945206383,29.821512911079406,0.0
-0.16853120056934937,-0.06561903036423353,0.7410979540330193,0.9996166660679453,0.008154341748369274,-0.0245956574665894,-0.009750962190605806,-0.4878262318283684,-0.044874552000747414,-0.026970038470994783,0.8635009828763354,-0.40779460853687477,0.04686073340037657,-0.3653341492173556,0.11116992188910181,0.11606809453920877,0.7545826717537747,-0.34269671198044654,-0.027208339495841796,-0.6310398694826257,-0.09705628535326258,-0.012185460700780852,-0.1435583069563852,-0.09961986547036453,-0.29491854177356464,-0.8385462158605115,0.01374025358920894,-0.6454887744437587,3.433533602661352,-3.484015100147355,-0.6812217423148399,-1.2966103512346692,0.4204260807855896,-0.178227107848756,0.592345010035139,0.932012659337455,-0.6701155183920643,2.325823354950162,0.9103838824337638,4.09333470934416,-1.8627940918922046,-27.957972625972577,5.000790516540066,93.2150514102564,-2.0092151149844675,-1.5527982599261518,-80.29922876099475,77.90450833940483,15.417329761052196,31.063570272020552,-5.927492914759334,-11.661310443289818,-4.153310900741983,59.773241159649395,19.589146734170793,0.0
-0.18125011533352353,-0.06729942480551179,0.7413408645988416,0.9995709129360745,0.006816443350255185,-0.025991279576380335,-0.011661024748149866,-0.4998175821508976,-0.04335883479824624,-0.0356080509822898,0.9371232211246429,-0.4744590817811686,0.03413020049170039,-0.3885547497583953,0.11712455983790443,0.11048279816240571,0.7613935270659502,-0.31657418213509536,-0.03818264209004566,-0.6366547358964622,-0.07059772299973678,0.03533910653341968,-0.09719869880945191,-0.1926192348821688,-0.10079583596494646,-0.22775297756951018,0.08383564511075296,-0.25207255358417907,3.3088007573356655,-2.8019136874539052,-0.5353479343969376,-0.9548027758793103,0.15409816570370294,-0.32285896062783337,0.02513545834031153,1.5077369680617412,-0.4214136066919246,-0.010583231783564675,1.6645044349525253,2.63462173380068,6.611429682459182,-5.76213639059216,9.319783410204286,49.46051878349028,-2.3070985929415015,19.085405119446445,-72.16095575014788,66.03024952493654,11.851341179625473,26.052340866109517,-18.29309110890309,-2.216850199959839,-38.45400610934144,15.728907923196514,14.641599831503399,0.0
-0.19413772012937883,-0.06849668020588094,0.74236237224844,0.9995142428847177,0.0059338242920041915,-0.027888525305738876,-0.012581659514173707,-0.49933588622018427,-0.037609992364601566,-0.034731891375822485,1.0046673011911424,-0.5321225789703591,0.022864070994154433,-0.4035896760109544,0.11943546658116391,0.10537465145318452,0.7533586223324158,-0.28395012193894625,-0.04562292554079525,-0.6509620435836018,-0.04790701694286152,0.06563691862986279,-0.0501850320861018,-0.18756026740418208,-0.07823079909734236,0.3335155078588326,0.363232716837192,0.19786214874959127,2.988492384374196,-2.4771299122886794,-0.490287744276744,-0.6047604297275011,0.04217290005000043,-0.19288281821527054,-0.7120052508861778,1.7155694392506773,-0.29216090075335227,-0.8202483615236488,1.53497520061895,1.5746460093148742,6.265221097902439,1.013820975299946,1.2226522551782748,39.01301151172626,1.6839213295977555,10.253809559833947,-67.28357391400412,56.0387052178646,9.959624511904028,13.58034757099379,-10.55870395494087,7.573719648612174,-29.996883598009894,7.895454652902195,10.559060700580185,0.0
-0.20742871602187124,-0.06924795727340491,0.7437399954374543,0.9994638208741676,0.005500669179758434,-0.02928190518453914,-0.013578786063086462,-0.48913690801301746,-0.02849614151351169,-0.029876056413806657,1.0655849454339643,-0.5819792789242921,0.014610614285856648,-0.41444182012319986,0.12011420307547986,0.10294316352164051,0.7338003185087827,-0.24819163592576254,-0.050605465912705205,-0.6762285517765856,-0.026304770302097952,0.07232225522315952,-0.011718721794132215,-0.09703954930038322,-0.11228431974407191,0.732094673094346,0.4587307710337778,0.23238792959839322,2.714960790597221,-2.131063455568994,-0.34224503951458446,-0.5183724162939527,-0.009210082515024033,-0.05547880187581448,-1.1523110117088056,1.845831799776823,-0.18136334778291135,-1.3940669717848544,1.423654844895112,0.29284071428681824,5.402664584797794,5.516527253035675,-1.0977713669265654,27.793148026317574,-4.870366768830201,-4.465730925169522,-57.75282521487417,48.702182949023936,7.404781656764878,-0.12983788674505936,-7.217510229052946,7.4127134249795255,-15.31722451805767,5.867391173227189,8.839304676286854,0.0
-0.22125397814394562,-0.06954513930581899,0.7450758856163083,0.9994330006082958,0.005495157816155601,-0.029700277504879774,-0.014878644152157642,-0.4716773603855713,-0.02015520526186238,-0.026888697155567055,1.1202379735746064,-0.6275107294966142,0.010677723745699131,-0.4249132836639377,0.11979258717674249,0.10308865887955918,0.7077617619158011,-0.21033451580175905,-0.052885137313493896,-0.7043659277102864,-0.0033929553094097058,0.062255313998748806,0.026233574572574567,0.008045733887122746,-0.14285770983693458,1.0400671129404726,0.3409395557598714,0.08204133444728581,2.4343821808470025,-1.9806942501942002,-0.14345002063478698,-0.5545465337330225,-0.052829325707891825,0.06199999592311424,-1.3874633560361445,1.9317052214261206,-0.04742982198575023,-1.5567353407931699,1.411272225635088,-0.6311450397823772,4.9901436905682495,6.342932073377165,-1.1834183025010372,20.353906023484782,-11.322130158475607,-6.893539567346502,-50.76564538570926,43.72026602936323,3.69413947562958,-6.1446533150358915,-6.256709769910827,6.06765915222689,-6.007636157370011,3.845452769592873,6.7807785641852005,0.0
-0.23560284089506708,-0.0693934270916363,0.7461415001754794,0.9994198197026363,0.005839090319493315,-0.02923749586132057,-0.016465049211872442,-0.44736944015805225,-0.015157935500725058,-0.02648482150413075,1.1648004207810876,-0.6686350023712063,0.009891118652030862,-0.4360488884056996,0.1186890686182772,0.10528448864018014,0.6777247968429446,-0.1708333414843773,-0.05277697889188272,-0.7298794883172177,0.018166130569631754,0.043820421451241855,0.04978968938443819,0.0888521695914867,-0.1709236695991694,1.358611455238983,0.1515178703127827,-0.010791374008718768,1.8900233146733247,-1.7860052983749055,-0.006044147742380506,-0.6003486926005466,-0.08241444034712274,0.14759459459618468,-1.5462615285160783,2.0075556588469206,0.05162186980723978,-1.5431130718421957,1.2728179607841497,-1.3088006210119556,3.536470349580528,5.859361133953978,-0.7894437693248488,14.346824377616887,-12.547060073952313,-2.118900705599233,-46.11154380277405,38.76113436518973,1.5879861772169659,-8.450127630501058,-4.628899045961237,4.020807737355446,-0.7128285965162178,2.818998718970191,4.989837939484926,0.0
-0.250433393347957,-0.06884101567907537,0.7467910481088113,0.999417725200219,0.006296307323406661,-0.028118532689713836,-0.01827334641179881,-0.41683796207135687,-0.013874512715233852,-0.02681504762677504,1.1961448226960174,-0.7034771223667371,0.012141705462314401,-0.44791823672519343,0.11726481420176368,0.10880588594108172,0.6448551846039244,-0.12981618133225678,-0.05121448830782538,-0.753535354260014,0.03615681489990154,0.019187540191648866,0.04073462034276115,0.14593977760272292,-0.18590357928194662,1.6226184465503077,-0.01867893339444064,-0.009216977282608365,1.2583352332792979,-1.494297082148985,0.11678166917320494,-0.6404987246634912,-0.07890820562904034,0.19095868376646508,-1.6630692770200908,2.078036005019068,0.09392717489591759,-1.5411212097247406,0.9991938432653474,-1.8488996091498762,1.0359522937234156,5.1335978834975196,0.44037314669638344,6.552883695274416,-10.363316343085438,1.0643949052193034,-35.26461721715983,32.72856570058101,-2.109060159988246,-9.388951774841843,-2.0819974386034925,0.9502883371709904,2.496426849440648,1.9515842216154824,1.4326958135474763,0.0
-0.26571816275192794,-0.06796569149127203,0.7469104139118224,0.999423645953813,0.006513278211676142,-0.026565378972566295,-0.0201055652834618,-0.38170618533701606,-0.015648402846695695,-0.02660936470145161,1.2139707874255776,-0.7305350805598743,0.015809932639933657,-0.46023747862074393,0.1160655602025033,0.11269643977355846,0.6095998467979051,-0.08718224508859775,-0.048737431763402284,-0.7760686571493279,0.05070175295025098,-0.01046652240354288,0.0013214570952618104,0.1801723936906221,-0.1732457946694448,1.7948609364849981,-0.1597500662684259,0.029249440537677716,0.6446102812022304,-1.1388850580277667,0.16868701807881914,-0.6585799101456382,-0.060643524410426225,0.18335278272880648,-1.7718615080556759,2.158086250270905,0.12350623670675664,-1.559123256074336,0.8096360362473302,-2.2924001804385212,-0.7025345542389435,4.325129855937349,2.2345011872746445,-1.6381111729179607,-8.621703518166479,2.4856577016846835,-22.398772618400535,25.53322984426903,-3.3626263977290636,-9.521137732794172,-1.0879848811733372,-2.230964398247893,4.526490420823754,0.9459941976603178,-2.7334940824077694,0.0
-0.2814397846655039,-0.06682132865966671,0.7464055214417948,0.9994376632246879,0.00624765321739779,-0.024785077844010257,-0.021703089031647017,-0.3438673833851474,-0.019761669301247165,-0.02500975083802959,1.2187152665126506,-0.7487207176602433,0.019581442918490052,-0.4725430031464669,0.11528311062640023,0.11611201300250963,0.5720383041548145,-0.04296220841994873,-0.04621831178253029,-0.7977212354023961,0.06308887673715052,-0.04491982775909801,-0.05640747683866999,0.19347992893233673,-0.13207225188655158,1.8721414043382674,-0.25977725416521663,0.11003204658007404,0.06232982562243976,-0.7382756574942909,0.1642639828795737,-0.6438273836026626,-0.041415930022558486,0.14342565197826285,-1.894092941931608,2.2330405289212574,0.17263335153124937,-1.4226925352654163,0.7459309302255571,-2.8911167901808024,-1.2756902992192842,2.9326333234200717,5.202385175578141,-8.853314251775371,-8.39546116184565,2.3118281122462316,-8.582571085349318,17.236294999193177,-3.5233179612728804,-3.9868884464230803,-4.176857886624657,-2.2015005188734653,-2.9541392409369016,2.8644012867458377,40.098766685103406,0.0
-0.29757183622453437,-0.06544414774234722,0.7451883424951471,0.999461798925819,0.005348545651376904,-0.02297900159871582,-0.022791907180080683,-0.3048378561801266,-0.025636546640129168,-0.021833072931494626,1.2101060411826694,-0.7570831951612265,0.02265770366109542,-0.4841666422223686,0.11479104486416751,0.11845480566661937,0.5318977979153172,0.0026193923950899953,-0.04298251527819378,-0.818709563949696,0.07371223329352485,-0.08213731327321412,-0.12740927808128544,0.19044295891693705,-0.07017637293268386,1.8885884392764978,-0.33080661134269024,0.18087978260542384,-0.5812809039378369,-0.2943881957666219,0.12844941948980867,-0.6261923454870547,-0.016463461615559814,0.06614640202873587,-1.9796880185882917,2.2779854949807006,0.049392967441787346,-1.6462045491292658,0.576787291666721,-3.02354772559959,-2.9440148736799383,3.0161806054911873,5.810479696728597,-15.96423976891667,-5.191660512717128,1.2494496448846264,0.7594282192409166,8.257720670480031,-3.007309408932806,-10.408198266882003,-0.5816058988422366,-6.797194564491098,9.23594060565801,-2.3478601645862,-6.813902645829535,0.0
-0.31408849265500766,-0.06385023048739152,0.7432628904205975,0.9994965090272595,0.0037026584557578947,-0.02130560965951627,-0.02321830656439235,-0.26520429611416946,-0.032832155044848745,-0.01758512614494605,1.1857306225176054,-0.7556508067612252,0.024328271119400093,-0.4949066839413711,0.11464294085632742,0.11912774170127974,0.48968319760206946,0.04867343453377042,-0.04208911466618039,-0.8374778878149025,0.08470117364847295,-0.11859960640143125,-0.20356163321023008,0.17030194339442078,0.0038000710639606375,1.892135214274934,-0.39004435474688953,0.21914365614519787,-1.3484969040869534,0.13561160015324675,0.06173117616636096,-0.5734791025393164,-0.013203471984249543,-0.03118031727662781,-2.0845940739784514,2.259848171697697,0.019336446401043775,-1.7257930299752422,0.5946122511374661,-3.220241340782166,-3.6226740389561924,2.8770417955706704,5.951977548380559,-21.59817379177686,-3.7101166285009097,-0.11932712514344421,12.040985170447902,-1.1123974098256988,-1.7841178891142033,-12.29454230810899,-2.7471713407335785,-11.24814741962909,13.157283522139508,-11.90297942427288,-2.4748290928763432,0.0
-0.33105323759427735,-0.062067537750146395,0.7408788905143094,0.9995345024871749,0.0009482002135854918,-0.019687139252922585,-0.023287245481315146,-0.22512775364555843,-0.03998580338148568,-0.012744046774540836,1.141598960480136,-0.7405901385600047,0.024681700791588167,-0.5055540083653418,0.11543240633338882,0.11764159976888129,0.44774556982353747,0.08182950383253218,-0.039088515215596975,-0.8661588129319117,0.09091900446481636,-0.13011645397657565,-0.35805153379689364,0.183999733527023,0.020840816506409662,1.865927314895835,-0.31765999997025957,0.22648183177113457,-2.3275356963452327,0.778909560631057,0.0016907219989267606,-0.6174690110116081,0.10548969916769867,-0.13275952463710056,-1.9881421907869385,1.132558529096642,0.1904414680263406,-2.6108011673639133,0.0890919949399128,-1.9030398100631478,-9.662451213579859,5.862082924599087,4.529713313071854,-31.041042906459282,5.127580843106088,-3.9023648433171183,25.561284578429564,-13.521801635902627,-0.7961467547210477,-16.421016864094806,8.436196860142815,-7.608960524737887,17.729732888786756,-56.874479641581964,1.2286690882782516,0.0
-0.3487195640403079,-0.0601523740195161,0.738757246696908,0.9995612112509089,-0.0036617473868848275,-0.017617065036073208,-0.023529037128752133,-0.1845468166241742,-0.04550559677647877,-0.00893597397221988,1.0696866464222927,-0.7073600933118035,0.02062336833360861,-0.5161683562662865,0.11897796572245481,0.11361541612929574,0.4050650252997344,0.08676428271250544,-0.03287288514134998,-0.9090569880988679,0.09731645477406749,-0.10201732429555141,-0.575380622395053,0.2565706688745251,0.0008889997468833986,1.8382584717916455,-0.2253943364239008,0.12370848577530416,-3.735137936453902,1.613392248438641,-0.21138219815564566,-0.5821225378850433,0.25594487448527425,-0.2896424938346469,-2.1686914682751173,-0.36464365892456174,0.2936315586011441,-3.644413409628476,0.05716957993049589,-0.5902567294542272,-13.04096488414853,9.957861014000727,4.6441710685821,-43.162375392728336,6.449534336770879,-8.976810781940243,44.45413751018869,-31.26147238731132,3.546524657445914,-13.549422384320742,9.807661041542993,-10.767149893478894,1.6272066497069617,-61.82729844075788,-6.9199117890615565,0.0
-0.3672722901972151,-0.05801038355171916,0.7374512576327373,0.9995418230525661,-0.010202651826490713,-0.014600548238642834,-0.024471899304961603,-0.14092642949013828,-0.0501846454648314,-0.007830007856385922,0.9534344308220769,-0.6496391103335385,0.009899467030225127,-0.5247569972441987,0.12495652457656757,0.10652494332697059,0.3554964302773072,0.0632519794327876,-0.026554054537684245,-0.9605246664947227,0.11058523878430909,-0.058946568162254784,-0.7694142779991899,0.38431321406806523,-0.07001576524199403,1.94516491981431,-0.19246359566568802,-0.027250342519404912,-6.026965669838071,2.7332656028337414,-0.5154919364089208,-0.48441465729747707,0.3677485688795881,-0.4420852186733563,-2.5869551671966806,-1.8244087146545873,0.26905646496600544,-4.7737856004087345,0.15901365975073403,-0.8569864283548956,-13.354863275826984,15.320197986638847,6.607858517727883,-60.913893035375025,6.8750908676433236,-10.062590330063124,75.35902070242335,-56.954453667188034,9.887918582794661,-16.427565941169547,8.911797583445727,-10.470472167646205,-4.503295505832439,-69.44794245396274,-5.585334742375776,0.0
-0.3867805630601032,-0.05559393747481852,0.7365728216899667,0.9994357693985397,-0.018255765519528816,-0.010255414651149963,-0.02626207041302143,-0.09192256629845481,-0.05388720511035593,-0.010660650669844698,0.7804178284216942,-0.5701344334807472,0.002341323846047398,-0.5319306859367775,0.13297664329498604,0.09743151079752418,0.2987066399417471,0.014945876291268246,-0.01879814043737914,-1.0119156005920376,0.11656376832231372,-0.05533044223300317,-0.9093269826104456,0.5390909849286669,-0.10055797270320328,2.0511639332921963,0.15644403107212884,-0.18272587591267844,-8.297730114244343,0.8253044257000743,1.0354040714571906,-0.46373185626845703,0.45738412883962254,-0.5286664819759783,-2.8931302634914897,-3.0296347016720397,0.40651938862404885,-5.410634186150528,-1.7637024684107605,-1.361307399939936,-10.189487398697166,18.72758996216182,17.440297588855053,-104.16931316541657,90.65054251742858,10.345595139891728,223.50393458480434,-824.4929601740532,313.7040910051707,-17.725878846950383,4.60402606512212,-9.492773365036573,-4.816766663536351,-80.07874158550194,-1.3750626999834816,0.0
-0.40693875610378477,-0.05279923964882084,0.7365258177807431,0.9993505087609272,-0.02375659459189058,-0.005272326883201753,-0.026577949919232267,-0.07670577617124154,-0.0508493670854596,-0.013272589905719535,0.6710096431814769,-0.6032102271000794,0.04523013727918033,-0.542365933434312,0.133161289973699,0.08814014904977041,0.25265777291168284,-0.0692841588695099,-0.005621962972168711,-0.9883747396059932,0.18565579029131285,0.09566281877163565,-0.03685815293024264,0.36588321960733966,0.0568837261501171,-1.3065084709772958,-0.36571833150277916,0.01962828987356846,-1.1931346132865546,-0.2712286624664714,1.836946059588751,-0.26315770240730774,-0.6648923165024339,-0.2757841445922777,-2.1646815447906933,-4.876996436674169,0.6296100923002137,4.992230003091058,5.535336235076327,11.02463644923402,61.067056248732726,-25.40753136878032,-7.150747221158374,-129.97234811160635,-62.75873012038117,36.359672913556764,302.0295099584047,207.61706392305865,-66.82578347745121,45.45419533689958,-65.40502282208097,40.39467173537545,12.215701421472904,-14.317616459550507,-19.495768290781825,0.0
-0.42683308936924497,-0.04914881436351015,0.7392197285261177,0.9994005366174943,-0.02274747814316829,-0.001237641883599669,-0.026068906562392132,-0.12732259009980185,-0.058153555232172506,-0.008895601492497839,0.6902720490717689,-0.5863059294016568,0.07057876573250595,-0.5669439179725025,0.11442657990071411,0.06719899569841192,0.26823901264076505,-0.1304377537502106,0.01488348809077579,-0.9681964536734967,0.17334757505403614,0.1651132034538123,0.13483107433861952,0.2887459367967481,0.0333153080852783,-2.6445162632086108,-0.3209024569100647,0.32079958721845364,1.4203830700825035,1.4460377843650667,0.9089803112528856,-1.3045641124747798,-0.9013700575841433,-0.9923440042488902,2.405295794538987,-1.8839820480687497,0.9136486552215322,4.615270980960247,-1.4810783059125718,3.430336039228379,0.05573931109658009,-20.78224088762633,-4.105419633167458,36.780231852820116,9.117282065884776,6.256707523512405,-22.3418773206499,47.19379892939441,-32.514580810891204,40.6351342097145,16.077125381643445,36.85326833870296,74.48645173861824,95.83522822977328,-20.6855743032636,0.0
-0.44637152333263597,-0.04606802036049145,0.742122283030519,0.9994316228635003,-0.02185031214074995,0.002925425778772684,-0.025503665693297792,-0.18535142622437584,-0.062308874190870944,-0.003060858870605573,0.7213161780742415,-0.5545677359693024,0.08556062102992207,-0.604609323717635,0.10156656866590708,0.056986734712881265,0.3573296783462691,-0.15743773512553202,0.021763917373562987,-0.9670486912442997,0.13595919584523208,0.14070657797593772,0.0032614762256013077,0.4355910010442511,0.10524423649643434,-2.828500614357745,-0.08905382024017067,0.2203865965257933,1.3500613324740045,1.670302862201652,0.5895547468049963,-1.7156006791505756,-0.4808703939497507,-0.2550505115924579,4.492190945912485,-0.7997352419548722,0.17805012548876537,2.0033800604443797,-2.101902883758792,0.24951097593077332,-9.912664845949662,-2.9116326240697745,4.459334516604305,23.406411520602614,14.269492405320964,-10.289639737664434,-38.1306384375511,7.204066211186049,-18.087416911297133,53.803258935709565,15.804515945176611,20.17112563876015,-83.99340573899575,47.62582994552307,-6.48166293365624,0.0
-0.4654713238808138,-0.04356174580885914,0.7446900221958601,0.9994172899216301,-0.021999135005419702,0.007325313707901235,-0.025049120619283414,-0.23808808804014236,-0.06260225972815932,0.001866385440637927,0.7410566171914653,-0.5204106330484435,0.09743116602448364,-0.6383780597094156,0.09295997028788665,0.05060728748464745,0.4579638899442805,-0.17998544978994693,0.023391029815830213,-0.9382310549193984,0.11448330677517572,0.12775444280597048,-0.07444946659189265,0.4009591496727981,0.02432719875127476,-2.400277827560006,0.07267499119448045,0.23148146771151135,0.6465165256458248,1.7339331709646923,0.5108347917824677,-1.276393880753458,-0.3586519883157551,-0.28614762350743206,4.387667185049279,-0.9004692751837975,0.05242192814486917,2.146111839597359,-1.3140820280262993,0.4475596404134277,-6.705735907304817,-6.170474487144372,-3.228770274924683,29.380779937852445,11.254082513879693,-3.27454254697917,-37.967122205497574,2.29508509710402,-12.928021068891626,64.61259384692804,10.652118174975936,8.83439842594918,-123.31647483584706,30.746870633578332,-1.4330974362246551,0.0
-0.48399740029356214,-0.041427725498700586,0.746982704938921,0.9993704675468569,-0.022806843359814474,0.01106371862219077,-0.02482157572329068,-0.28281152229819145,-0.060612538237751167,0.0060446485319623705,0.7494294904709307,-0.48567986843437,0.1075709210239377,-0.6616039333801012,0.08623316091342194,0.04799504243208305,0.5546762040306624,-0.2081057742916604,0.02184198643478754,-0.9123463045632159,0.09845401341333122,0.11253681926571578,-0.1292388917375073,0.32205531286584066,0.039765118303041615,-2.0521465087717496,0.15111047353622722,0.16180235417370134,0.2053788506360615,1.7398424094608809,0.4269777898800331,-0.7451047260385711,-0.32332110327866254,-0.05833975524614744,4.22775567414232,-1.199100123769579,-0.09028525413620382,1.7033533254619337,-1.0073335827536385,0.21395186901893543,-5.703970325432035,-6.611550923703209,0.7864355738344126,22.24128170628273,7.542862861051166,-6.172299533568024,-23.753470392390533,0.45759168923014504,-12.713649685848704,61.52871712522038,2.0091889576584863,5.739107406661844,-114.38156895387883,34.37688277121719,1.2624600520256837,0.0
-0.502074027719302,-0.039575075301399996,0.7489384466163395,0.9993156349619073,-0.024138981630162832,0.0140376955542609,-0.02425931553166769,-0.321711818670893,-0.057187090776029376,0.008909599614637954,0.7511224324858162,-0.45121081466936364,0.11458832020316256,-0.6738291540272741,0.07823758564244856,0.04685544072102255,0.6463801628687836,-0.2393955644300058,0.016998022363642312,-0.8943188983947753,0.08589222731010282,0.09302819926109765,-0.17765074723960883,0.25399594489941785,0.07501045615344822,-1.8181240697515666,0.22266907450915183,0.11455082031779507,-0.04676672433347341,1.7090894529415535,0.24733498637285006,-0.23965145602103108,-0.435170458392237,-0.044758011388717295,4.032098681095788,-1.321638833532231,-0.2351236490008193,1.116847910825887,-0.8504981749966798,-0.17531024423488337,-5.478788020927537,-4.7631822669441455,0.7498527169638809,15.530926725394009,8.074401480864173,-2.7391920415420086,-15.704713478911902,-2.081816633507621,-13.853428095851855,53.310339017492396,-1.4389851420638813,2.730669257178796,-102.90556176336976,36.934799667514945,4.302805075849554,0.0
-0.5198606505220734,-0.037916176093922165,0.7504622101402285,0.9992559417744468,-0.02582753118566358,0.016413493075615758,-0.023475491610914667,-0.3566222878145765,-0.052616977158883325,0.011340856967763647,0.7487684216694466,-0.4176328902535731,0.11782762559510428,-0.6763222122823014,0.06679519622014327,0.04424217954485477,0.7327907270927032,-0.27230045447498386,0.009945673048089425,-0.8838667908132097,0.07863718909876698,0.06939096795655937,-0.19884023850215976,0.20567807578812897,0.07621629695359976,-1.6639232011175482,0.2620761947781269,0.10756684266295118,-0.19430752646890584,1.6613447462735946,0.09646105070134989,0.18368793807449876,-0.6238964767511035,-0.1255947403152183,3.816696466180882,-1.396535768676583,-0.32268094533881386,0.6319607661473544,-0.5822686810878137,-0.39679136059216047,-3.939515275842799,-3.101990612677655,-1.6893655243092836,9.681954637193757,5.4207270705320845,-2.506006274347965,-8.731716060358751,-1.63617324442545,-6.3347785888755155,44.55318923780152,-1.2791653951238096,5.407481306584428,-93.85036147355015,37.68855217144717,6.4422926707854895,0.0
-0.5374843485576897,-0.03636531241727064,0.7515075982854207,0.99918819023946,-0.027639072350408633,0.0182877448803617,-0.02290416016344985,-0.3888770211159574,-0.047654697108728404,0.013511082883330198,0.7443527628578308,-0.3848926679186139,0.11896467049168978,-0.6703928063036614,0.05113681977514087,0.03875454142442582,0.8127038933759766,-0.3082035306316012,0.0022600534289178706,-0.8783508467738776,0.07440673967475568,0.044573680059855875,-0.20049194483060978,0.15852631502721942,0.028811533192297428,-1.5552953370606106,0.2763291250340263,0.10987725022808771,-0.2581494314997376,1.6249051820143194,0.027317075604916564,0.5580187755551469,-0.8158699612272589,-0.2635813375512949,3.51535247758373,-1.5613999536261995,-0.3382059628316536,0.2961989771364269,-0.48885815687157375,-0.5348013732898502,-2.939967327146449,-2.5442019101441797,-4.240041543426771,6.585624403266618,5.348697660031148,0.020769047381041794,-4.3837891781085,-0.9047279451767571,-2.5908188220915362,36.98764556408373,2.7509101112026713,8.994808532888825,-85.64397674741383,38.78210044716682,7.239671790407537,0.0
-0.5550200754146761,-0.034908989283704,0.7520844585931038,0.9991124265415346,-0.0294868432999221,0.01958180709279416,-0.022835017702495037,-0.4189960290145188,-0.04246834560319415,0.015583657522083443,0.7390648934658492,-0.3526679673261699,0.11934191887089576,-0.6563946307240922,0.03214536724976406,0.03030845904382696,0.8840997550261184,-0.3491183525449622,-0.005488119238486402,-0.8757898631263473,0.06923859783921675,0.021081856860292132,-0.19910809027087426,0.0995166563273762,-0.030155507455611383,-1.4583323132608137,0.2873653121970784,0.10671331172656336,-0.2823268711208258,1.6048404550694408,0.009049799163609935,0.9320629627521851,-0.9403014347329589,-0.3938547777304865,3.115621550232313,-1.8165937568194128,-0.33675065463739123,0.03856457125013536,-0.5272575883778776,-0.6131313845985655,-2.427868249032241,-2.4587597704335606,-5.705213794674379,5.152602197278369,5.687829430413442,1.0536147782750156,-2.2710221638953954,-0.5389483292750092,-0.9877935374103244,30.648332435049294,8.959812742724253,12.681245707953762,-76.07395016137286,41.69415828034677,7.481268746588962,0.0
-0.5725184150971276,-0.03357833239857415,0.7522527092898587,0.9990345637120559,-0.03133543020670296,0.020188747561132418,-0.02324749006530578,-0.4468752481347312,-0.03715393065805071,0.01738139360310926,0.7329216627546613,-0.32057671419611505,0.11960176490862996,-0.6342348622687077,0.01186835127057428,0.02040537691791385,0.9453300514922772,-0.3945624637940162,-0.012959061398825729,-0.87547465562727,0.06235451651998817,0.00160365207667694,-0.19209105019731912,0.03129866686689995,-0.07706462478812863,-1.3469379137394024,0.28930941593835247,0.09098403050335034,-0.3294996122703034,1.6088319385732428,0.007296702991210982,1.3151415104684876,-0.956025312590027,-0.432876303783316,2.6455465272670953,-2.023491249028618,-0.3223279859390495,-0.2020982577506292,-0.5770208486699638,-0.6044432402725849,-1.7090389135023818,-2.156967017435879,-5.468664110149321,4.23065656559462,5.1163214199537,1.1448349324068023,-2.1707377694539924,0.6368193327367686,-0.8220070733877607,24.805407842636615,14.077910511705173,15.50715826697951,-65.0502010058731,44.55325588006603,7.2507999358637365,0.0
-0.5900351553581134,-0.03239201347970796,0.7521095281280279,0.9989620461659107,-0.03306322452448504,0.020120006238475253,-0.024017469746509774,-0.47223422401390647,-0.03197403454084315,0.018886767811577356,0.7249800312723866,-0.28798758528969853,0.11989405139961713,-0.6041462503312571,-0.007471051865552169,0.011361006297088578,0.9952730731742374,-0.44159986057362743,-0.019549411940877844,-0.8783739713962828,0.055183008611010706,-0.012733631287159358,-0.16846106592143642,-0.027778289689821566,-0.10561186553477753,-1.2246345697689878,0.2706869167489255,0.07730244900898757,-0.43921481687850145,1.6515758924745942,0.009366955020010769,1.6744028346146425,-0.877007174172251,-0.35982661136214755,2.127883377399953,-2.079137064313689,-0.2806420468768321,-0.4895716644410347,-0.5551857487386748,-0.5964379828450076,-0.5336042571472224,-0.9942256782573431,-4.378655413594768,2.81253690221063,3.569175159915742,1.2600569510671698,-3.490953982891326,2.5729786624208906,-0.8095892965634935,17.826467690849995,16.313757138076117,16.5248375583694,-53.09076927215037,45.16706159176351,6.31055981712805,0.0
-0.6076375552019126,-0.03135053858739801,0.751757651971153,0.9989030362978295,-0.03448834216363015,0.019496443577860213,-0.02496331343386713,-0.4948312655284314,-0.027372420118518422,0.020171253759832742,0.7138384822357496,-0.25408821897795586,0.12011033734046953,-0.5669269450311885,-0.02426797086737986,0.004874682355000622,1.0332683388909936,-0.48703823300219645,-0.02450986223628137,-0.8847056748739088,0.048184852517148526,-0.02210673642546092,-0.12701839143575658,-0.07306159243472092,-0.11431713233225663,-1.089908165000687,0.22835627998618874,0.06808131163758986,-0.6233712775063933,1.736228953495784,0.007258725323538545,1.9857638263242117,-0.7343627014330643,-0.22487283009995188,1.5827016547465385,-1.9920306611669805,-0.20559420849097948,-0.7812348230735331,-0.5149226991863333,-0.6211178940451239,0.6065408686245777,0.33285496133924164,-3.1576453682429833,1.3771058400918017,1.8874338808918258,1.4140437216591124,-5.122323419140014,4.62278124035209,-0.4824622297917082,10.232058978335722,16.476611171349667,14.951834991524725,-40.666065899172985,43.06953206590389,4.640246598372195,0.0
-0.625402700852716,-0.030465761035440585,0.7512884265227154,0.9988633430609448,-0.03548705133208466,0.01849100387630473,-0.02589930216270442,-0.5146272390366248,-0.023714358433201587,0.021247934418122498,0.6982826420593882,-0.21798604444983322,0.1205475889210627,-0.5238934556070965,-0.03736031045087975,0.0011952124516247124,1.0590901986536247,-0.5289181971527478,-0.027062369891644174,-0.8951877553768492,0.03988722898650828,-0.027071585422608797,-0.07915836916141683,-0.09940642035432705,-0.10447578968909516,-0.9630169589454418,0.1725837899068917,0.05855543661260689,-0.8531525648547604,1.869535346896006,0.056816357263324936,2.222337278232435,-0.5357073178354582,-0.10750443831856689,1.030080367923549,-1.8277979739143222,-0.09574230374455972,-1.0849215115119222,-0.5614447739397957,-0.6623055856273438,1.1330290158116518,1.7490180143187666,-2.1463801845623154,-0.5704017945731463,0.9155749734504735,1.4165220025609222,-5.792256195319532,6.690291248091591,2.132558390294966,2.058175497105007,16.71832299575316,10.815211953375128,-28.124946675964257,39.173912463108145,2.3222674877861467,0.0
-0.6434040425186491,-0.02979187715079285,0.7507843008255549,0.9988446048227095,-0.03606750413851608,0.017259337462498414,-0.02665906660292763,-0.5316404256324061,-0.02107109559422924,0.021960673693078425,0.6773669469730245,-0.1788546599727001,0.12166463052287582,-0.47658126709057835,-0.04550099221408673,-0.0008200353369611014,1.072870704010259,-0.5667069044916763,-0.02765099902018559,-0.9085800442720379,0.027897813787618835,-0.028640665624865797,-0.03960169415981736,-0.11567256902731801,-0.08232029588296244,-0.8163253265123865,0.12417069136080638,0.030864005990409053,-1.1548996105823,2.0267786749983117,0.036868697661787346,2.3849570693879585,-0.26466345644574146,-0.06588484142591594,0.48921625393618473,-1.6502431860755185,-0.00594141356229691,-1.3074594343370856,-0.6875577567826916,-0.8051159919053901,0.9841496190642873,2.632123912758991,-1.689296483802332,-0.6696944836105574,0.9150100450761753,0.31267201701659847,-8.522942607689279,7.602179867947648,-3.720500465915192,-5.684565848922231,18.02780766524472,5.3037392186106525,-15.319811881570509,34.775227812376386,1.1217583507011,0.0
-0.6616830556743786,-0.029394314030510363,0.7502834342296083,0.9988458705669843,-0.036294354836733496,0.015845399787178808,-0.027176643719435862,-0.5452439665742125,-0.019287331982508694,0.022036316748339845,0.6496091349249163,-0.13650766929780647,0.12199429101710588,-0.42651613073221095,-0.04745970614818636,-0.0030634105416040966,1.075582275414304,-0.6005489884906678,-0.025217105530692997,-0.9235371375351329,0.012990606957794523,-0.029068625947516653,-0.005252839493384999,-0.13223132093725676,-0.055437107744434014,-0.642523888245764,0.08129609160219252,-0.0013768581754708513,-1.5070659786336098,2.1826652709207885,0.02568787122498714,2.475248245326636,0.05530440968521872,-0.13420609668498282,0.008191629936375018,-1.4807021763034272,0.12704312209666913,-1.4644596623898898,-0.7980385379006619,-1.0035383931790396,0.8592045849836342,2.9918672580163057,-1.271553139656332,-1.3933828358821918,0.7527905328947813,0.3661186820085761,-7.972024204630902,6.358532516434818,2.9813857999276094,-12.398820563662362,18.378378994998652,-1.2596097114704947,-2.6437701780302105,30.70246527605788,-2.103068591139468,0.0
-0.6802565844514966,-0.02933726131938798,0.7497894000620586,0.9988664982463719,-0.0362466621483641,0.014218438332201407,-0.027381274176467952,-0.5549191140973239,-0.018136039434493705,0.02145658200372554,0.6141974277066833,-0.09065033602215598,0.12180101002642697,-0.37483277837619206,-0.042283955981599446,-0.007748220985292682,1.0679193346141829,-0.6308028560762149,-0.019304530200294705,-0.9386407198627219,-0.005324072954040816,-0.030315401178418085,0.01948715029941238,-0.15540088037792962,-0.026968664033902048,-0.44107766824555855,0.057571452581374596,-0.0306681373050418,-1.8959169752889968,2.370171017025841,0.002358438880584837,2.5201647109869563,0.43897995075034946,-0.28585851695736314,-0.45714797742742946,-1.328337402409037,0.28467937312533825,-1.529124943424452,-0.8967393564275434,-1.3432010022616432,0.7982670314081459,2.9523727062404697,-2.028610974571693,-1.6445614072682992,1.6289917114777452,1.1998712574593402,-7.348577143453351,7.252971466264482,3.03488666786071,-18.089886160969442,20.625466380855652,-3.8889635704567507,8.533766643683744,26.892803366654885,-5.128749203456743,0.0
-0.6991278254246303,-0.029664937473185857,0.7492212746936785,0.9989027296574308,-0.0359388442166555,0.012336809254393464,-0.02737771533063624,-0.5603280381171082,-0.017256594252603993,0.020567316161798674,0.5707371004920812,-0.04089270236544749,0.12053720701910593,-0.3228419266819879,-0.02882636057882132,-0.01566512880121052,1.051364473238003,-0.6578453609940628,-0.010268983553317616,-0.9536118708253216,-0.024803918500201885,-0.03782166807568186,0.0493782001976483,-0.1814438348424596,-0.01328281603395628,-0.2324848060105398,0.04635708297035491,-0.03488277568370139,-2.2831307388394677,2.546549336070729,-0.03506604387322932,2.4959602630407436,0.8619125608922564,-0.45998387348188063,-0.82767158077991,-1.1904940801810127,0.4195621574314373,-1.5372684602793543,-0.8905488412063977,-1.8882115229525784,1.289021484593676,2.90525622810396,-2.766580860983451,-3.0348611460901878,1.6461326810924115,2.327385292618594,-3.8620945554179595,3.4927861286084743,4.807434716633533,-23.141746733748647,20.480551788212924,-5.563817730746074,19.866905079557633,23.663598711032577,-7.835224548213461,0.0
-0.7183843864376137,-0.030328358109977117,0.748500437997868,0.998962904601357,-0.03505851388965068,0.010407469774408111,-0.027123797801269858,-0.5634753151815686,-0.01771897984442584,0.01917209313541925,0.5232184221825835,0.001471502607618681,0.1173049186210027,-0.2725128148026112,-0.00741900346519606,-0.026381624462838857,1.0278002277003702,-0.681570771836745,0.0013700874389952111,-0.9787018562196687,-0.03744695025667007,-0.042455064008398116,0.14405503085954965,-0.15886641591393827,0.02879865697637169,-0.2236941017458327,-0.08881251830410683,-0.07306366613630894,-2.2907814799622908,1.5703532393370443,-0.16614004789260103,2.345765782145517,1.1987297322570105,-0.5854863836516864,-1.1272082943602326,-1.0400808849244985,0.5313051267556554,-2.333770021688369,-0.27153602206813615,-1.2552057686217757,6.714217237841906,6.3959300606214615,-0.4684604656784831,-14.764024581036038,-7.721754414072367,1.4653381434240165,16.86938622534078,-67.32728756958487,4.231802292839081,-31.503116629764552,10.821404916712092,-4.707503948282732,27.165390709021782,20.739846570588902,-10.094639949499866,0.0
-0.7382578593010752,-0.03117838573616208,0.747888552325156,0.99907857712335,-0.03284874633816935,0.008907842010778506,-0.0261458782201665,-0.567095826934912,-0.0216160746664738,0.017897877546622497,0.4762265827092284,0.017799760776987424,0.11330360917994192,-0.2249192377207965,0.020459945867506605,-0.036900195611084985,0.9937230041324672,-0.697265179117032,0.016273364629027263,-1.0143093280823194,-0.04336912563841346,-0.03107003398385582,0.3082863305712863,-0.09860815610304052,0.12135275655104516,-0.2367967111785862,-0.29229838299350985,-0.029525526493318105,-2.328982390556321,0.21378760699202215,-0.15408086831272313,2.187201713932586,1.4818525825541542,-0.5006679149584577,-1.690771392963074,-0.6430821226710054,0.6777101883721651,-2.8536452360921882,0.1336119122603674,-0.7768988350070064,10.364495559460538,8.041213144446989,0.9891998348942546,-11.601518167788472,-11.801341898417808,4.310283636057843,5.368017332149812,-64.1113057980458,6.605327649455332,-35.824629562701375,4.317649744634433,0.2754690682051525,32.43926839067885,13.144113072173122,-13.35452327973868,0.0
-0.7588261403947566,-0.03208954315545847,0.7475629052680962,0.9992555408551675,-0.028867868053153913,0.00792045112307827,-0.024336735983273208,-0.5692371728354517,-0.029610411043736254,0.018039141525110134,0.425251242835686,0.010916580368034123,0.11052381092144349,-0.17812847163441312,0.05445847793563388,-0.04004997958123717,0.9385000050889731,-0.6936117350542641,0.03529409394626116,-1.0510843992454484,-0.04242307980332314,-0.018749650736528484,0.500710227542293,-0.04217225315294633,0.19516977727092333,-0.13138079153699464,-0.5123154217019541,0.054671020376883456,-2.592202672506891,-0.9247322889026067,-0.11345420530245139,2.1541813401894028,1.7243300166353008,-0.01676447099513058,-2.8287468372989055,0.31096558207509756,0.8569184494720352,-3.2399129349040505,0.661432194141838,-1.2709330531556677,12.63524575883964,8.878769029503255,-1.2708814296407593,-10.230795351616234,-12.976475396755909,7.052590265209922,2.0084718171722535,-68.43637996533297,2.877245640147611,-40.8105679560063,-7.77695841189492,4.737990544222313,44.36253416207715,-4.645677535174046,-17.879487773179694,0.0
-0.7799868016865359,-0.03281054553379588,0.7473884964557154,0.9994697921347725,-0.022722149583886193,0.0072734711764761715,-0.02215705633443463,-0.5680214472361589,-0.04325235036250782,0.01838852181822512,0.36831581954912834,-0.018706588439076525,0.10564983696045817,-0.12658719150689043,0.09182016183262154,-0.02482673595487436,0.8404249633803011,-0.645574464299075,0.05881548630780451,-1.0812881298834447,-0.023328499531817905,-0.02298916290641766,0.7492378293189366,0.006668401454601059,0.1763683058525101,0.029418258431086284,-0.8312563792362975,0.05811854717967334,-2.877184116614862,-2.076197958586129,-0.25275985879388985,2.407193682932159,1.7199043742637588,1.0908939331177867,-5.107698512536402,2.493437183689164,1.043480767839691,-3.6750723175494917,1.823903825694101,-3.010015824790486,16.646890489098954,11.475610113653822,-9.834773085712191,-13.926588282423054,-15.173026144939573,9.437612299299474,4.881145372061625,-68.61001754963142,3.258998375976599,-52.313022083888775,-34.43882548937732,9.717471535176433,72.60631219820456,-45.6368833580006,-23.492573490112534,0.0
-0.8013090267481131,-0.03270202590122754,0.7461636845343754,0.9996910568243422,-0.0134437647914162,0.006670005523449082,-0.01981330663924553,-0.5735610905409199,-0.06749171383030118,0.01435405780232869,0.3308722418447838,-0.09146678771185085,0.08616879754822446,-0.054970215918210365,0.1151862074109525,0.0067866484002995706,0.6428091548786199,-0.5317554337602687,0.0713391847299042,-1.0848765134927612,0.04206217212750972,-0.12782702794435108,1.158494855881896,0.03779512770776383,0.060963857156546744,-0.603804117963408,-1.4289808292071622,-0.11173058594873644,-1.3549168271051226,-4.118418205960192,-1.2309156262274663,3.4426158110273484,0.4932554778624014,1.8427206407742185,-10.53661500065096,5.494840215972914,0.44014189994411546,-4.0834515475155015,4.633737851719814,-9.294811397326182,28.64632003606761,17.15301872836656,-34.942770999299235,-41.1127049953699,-16.144426188158675,24.361125563751333,38.77317359451078,-6.20129310630128,-14.888078769930761,-88.71871575332155,-85.69839695757528,10.626203511267072,137.39653427089246,-118.20200462654213,-13.67253221533771,0.0
-0.8241465158913923,-0.03159390116559957,0.7438407948629062,0.9996877858051422,-0.003723235797540722,0.009652561427526346,-0.02274415276718647,-0.6134610091379505,-0.08042599728632553,0.027204159636084663,0.36376935955721945,-0.1571954967059369,0.031164458610998598,-0.040510422682739335,0.10469152199354027,0.005031539643263797,0.5300843601978561,-0.5202139072809034,-0.026675637638474033,-1.1446641699415088,0.024259379229431312,-0.005066100350967467,0.4839067111332944,0.3576962937125076,-0.5096321806389411,-2.1159956111850176,0.42529997439933226,1.1559163747359547,3.092737719931291,-2.2822692242846943,-2.856125659204809,-2.01017558199551,-0.1880145902272803,-0.04289797223014302,-0.20735173791219874,0.03544532347153246,-4.40997100209807,4.346821577976393,-4.60917436187071,15.563316360378053,-58.992240578470174,-16.400459082902387,-5.774031738037183,61.9945802133701,96.95366387086455,-3.236463910958953,53.83592340299405,96.78421918855581,45.921067709252355,-191.72971480991654,49.0312636119642,15.296870041139897,425.1117086063895,37.180344638393656,401.1876865835522,0.0
-0.846338440668545,-0.03156101724732713,0.7452162604455866,0.9995684280834518,-0.0020583884595650904,0.011628384928102286,-0.026897979100513822,-0.6522325705145596,-0.06375909772052317,0.04612609367662,0.4544913536187343,-0.201430509218162,-0.011184643976819389,-0.10011241716854041,0.1052681179339792,0.0020814967764489416,0.5723826537230785,-0.5130510213627996,-0.07206832978494071,-1.0588494817338734,-0.009597509986082029,0.11959101744621191,0.0128753677664773,-0.0275082530212679,-0.25110004278243786,-1.2683222975995616,0.8882628964571125,0.5921573940113749,4.399511795131162,-1.7137380916394913,-1.6841029491784467,-2.8216985528212106,0.09916303967775596,-0.29034708087781236,2.3909231445161843,0.7764103163253027,-1.235642683144382,6.586776603851588,-0.7433003135019399,4.899270019563404,-10.155182738317553,-30.147722762499082,22.239137979536686,100.25145956385433,-9.901576553214367,-43.560680216466835,-84.41867510805973,56.80918679098154,39.53742035118713,67.55140823905546,0.5177894642634637,-17.55604593847112,-55.964092967915285,50.503573043079584,72.98534675468798,0.0
-0.8670624320586324,-0.03139576501529745,0.7477980807587898,0.9995138060566141,-0.0014148954089496426,0.011284549186439292,-0.02903116468318645,-0.6750271728868243,-0.05151398431346852,0.04897834724694959,0.5560621726639824,-0.24476491541874687,-0.028347710854757145,-0.1542520493383371,0.10478167495744772,-0.002835717555678773,0.6157199507517593,-0.4926067739356838,-0.08800752907973075,-1.0105410437740536,0.025169784200909574,0.14417801019203477,0.14829143006383985,-0.07175505035883853,-0.1698304284216121,-0.6585350643409693,0.37378385758933463,-0.0509998146743326,4.53034009157778,-1.8333685092868575,-0.5936316238905341,-2.4162232233994003,-0.17230531600412585,-0.20373440394241363,1.7024511846223926,1.230570136399219,-0.5159125071717942,3.090074199478768,1.9753442269791128,2.0566420337483104,10.736631805035705,-5.873413280753906,5.57468090226825,71.27534429400478,-26.61464747288955,-10.41207087613962,-114.8502498912639,49.6692104970299,16.002891436173588,40.70013063554487,-18.626589376861272,4.993749296879589,-63.23980653908191,21.90142978910485,25.556120402153606,0.0
-0.8870941035780601,-0.03053383605996203,0.7502925277438725,0.999467023098919,0.0007200043038612953,0.01090366371038425,-0.030761362929464707,-0.6901599724859081,-0.04697214296038119,0.04673497033630001,0.6670397559282365,-0.298759748255583,-0.033263548333091406,-0.2010864147523971,0.0993272194333393,-0.005317725200081777,0.6450759836473405,-0.46713941793222385,-0.0944263477376903,-0.9888910276549878,0.05954954000302705,0.12203101276694815,0.30016678943358266,-0.025535828495505467,-0.16671016841207895,-0.4276276951567857,0.08813983856838935,-0.07464321581311126,5.103542436207977,-2.3704416447815446,-0.14502660195581563,-2.192523231976329,-0.3927127634589226,-0.049225270578600336,1.1788461817481533,1.3324513994519935,-0.18053986912110445,1.617481831694376,1.8331325317996876,0.46037136289542413,10.270252033875103,-0.5672190177944395,1.3442838047806367,56.95858581529522,-15.575377575653556,9.046333019245482,-114.54676437106855,59.98604954533576,4.5358059280919285,20.511462185530117,-14.756135927323069,8.00157922769211,-36.246869569626604,7.835636205754463,13.624683791074222,0.0
-0.9068239675908878,-0.02911935840452491,0.752276246044092,0.999400939773059,0.0038502638596999077,0.011128449834950791,-0.032543734469301984,-0.7005988163640118,-0.04697790870964888,0.04194826449614851,0.7839678047699571,-0.3536129029019083,-0.03232776303171764,-0.2447092828861352,0.09112024346168,-0.005112511459095189,0.6654311231556186,-0.440101433134253,-0.0955077414973027,-0.9807797235118177,0.0813564152281224,0.09365885915592222,0.35302993102456515,0.059483569082145034,-0.17677517085596,-0.2410862039598483,-0.06674717395090304,-0.24117694407175813,5.307243230095425,-2.322953513175563,0.07582739128161735,-2.108265210953582,-0.46107210042306085,0.06630303089633244,0.8144483147757657,1.3986712608600154,0.02259565975549572,0.7674312850984831,1.2230091006668964,0.142292874460253,5.599597050369988,2.2190582719644243,0.5721654400854411,48.99796757495525,-7.027262168657141,6.222324037691889,-119.48411935607338,60.1662217531221,-0.5529746808571974,11.021395281354401,-7.435579098022846,6.132701760625276,-26.075558685898937,6.935609935815268,7.155968122719618,0.0
-0.9264124382710572,-0.027360805947293416,0.7537240678904631,0.9993024969284247,0.0071970073616560775,0.012010872389601846,-0.0346188050355984,-0.7049819216049414,-0.048260664760497764,0.034745410278989544,0.8964925234017675,-0.4069335368355111,-0.0274449764232717,-0.2865935046926699,0.08273996907166188,-0.0025511467296937505,0.6791150350468568,-0.411682354762602,-0.0931526422664762,-0.9763460662746064,0.09479740417708861,0.06601833801111916,0.34432676454685834,0.1191691819275015,-0.21699594269187011,0.060286243210685,-0.060733461895781146,-0.3541172738152083,4.987213890759287,-2.289168653601529,0.24227972236549114,-2.0370451184599756,-0.4245190775704437,0.1725662849916245,0.5163243755568755,1.4704140016310878,0.1695584938475071,0.4030034254253799,0.8103052263422742,-0.07873889522632818,2.419707286162494,1.806473306366367,-0.38247974465204737,44.040271092372876,0.6325814272210006,6.111667167256798,-118.24629804307772,55.56188253734427,-4.012780547281921,8.507208242182113,-2.7024057413788416,4.190113274143946,-21.56081681933585,7.441507414458787,4.051776680673767,0.0
-0.945872778640509,-0.02540359166241716,0.7547524005762981,0.9991769069112922,0.010301042662721163,0.01320642595079784,-0.03694573762763263,-0.6998489359907893,-0.04862668981611869,0.026176923565581087,0.9907096402578758,-0.4579980233852843,-0.018626082776202764,-0.32576160539786136,0.07546364059388411,0.0015946367783771127,0.6857803908984119,-0.3815460855673631,-0.08851977576990348,-0.9703379594846859,0.10148036291000141,0.04606102583619456,0.2984647156605115,0.1346874619624096,-0.22971217336009633,0.5461009908009744,0.012888419936115877,-0.42836678661734384,3.957497032759527,-2.223279964502314,0.4165944689482171,-1.8855398006226978,-0.3453093146977484,0.22388637878454754,0.1712363789018061,1.5603274620708885,0.2454015130297153,0.20113623493332475,0.4050189961255256,-0.1728636453002193,-0.6197192110083463,0.8826755632550334,0.6595736969222529,37.428961228121956,4.56866444897514,4.121611219432227,-109.99484585232129,49.52946289145586,-7.548416503306745,5.179556039521995,1.5182809084007882,0.6521672268291576,-13.314334658633568,10.405676128153253,-11.416537134830289,0.0
-0.9651760888602322,-0.02335272933953837,0.7554661664425631,0.9990352322759751,0.012850545168389694,0.014287194557762341,-0.039488532915678644,-0.6835721052114911,-0.04587178258985097,0.018672479628731326,1.061104750808956,-0.5057868892519775,-0.008169416055546745,-0.36167755602063767,0.07023979652720092,0.0066011257733762565,0.6864932313327667,-0.3490220945468272,-0.08530858010921161,-0.9618564598677121,0.10461430040167422,0.030045138121656247,0.23178835660586591,0.10271551537797591,-0.2544136817931332,1.0780880675213906,0.211488846726538,-0.3277400849210946,2.869279416943781,-2.0823917161507817,0.4692276156945304,-1.7225246923051305,-0.2250467670791829,0.255075097355159,-0.08281783137621995,1.68449859968745,0.1311028202684797,0.26510141962982214,0.28620118306160797,-0.5244132365903388,-1.8506756005744207,-0.9205226411309296,1.1831305100531309,29.984003573391703,6.269021157477873,5.226214201688235,-85.68334750555165,45.184249539890196,-9.280551013695675,7.675521571882736,2.0958404402029247,-0.8425661092328592,-13.141478214099363,6.4508165731060325,-1.0404554187903106,0.0
-0.984252555957119,-0.02125300188097454,0.7559192186038516,0.9988874168444364,0.014634713977069528,0.014809978141214946,-0.042313333171891815,-0.6562359192622084,-0.038783852833638145,0.013786295119350945,1.110360314050884,-0.5497416561065963,0.0018249191860007044,-0.39314926196539485,0.06752788129869236,0.01209735221432368,0.6812459038783378,-0.31416818438854294,-0.08346901797203389,-0.9494813847590484,0.10665523156299216,0.01688574226411467,0.14922341213028623,0.029533705926591505,-0.28333246653675265,1.5918982888248852,0.423381289988623,-0.20484041398670133,1.9768621020326553,-1.9134669768116512,0.43479830427861654,-1.479768956086042,-0.0937133494829388,0.26944369466333806,-0.38318639747012573,1.794580702859488,0.0916315475477076,0.2797186930922671,0.2734749015126158,-0.7148320773379084,-2.845088415021176,-1.8399122106473338,1.3663214324525583,22.26773946289073,4.1279221049938855,2.249469301721027,-60.11549925460661,41.48745169890326,-9.043493381321696,7.898308344303596,2.586157526374767,-2.213854374640117,-11.028569257513789,5.606208843382764,1.5705321274320854,0.0
-1.003068768344088,-0.019100812670555332,0.7561589824168862,0.9987426694857777,0.015489280109111974,0.014548774761054133,-0.04540369481745372,-0.6192170511457027,-0.028250951123583203,0.010857972796728498,1.1443483418509686,-0.5897040059639004,0.010106523975700048,-0.4193980834955312,0.06740755331920949,0.01755756298566103,0.6697583376269373,-0.27682818838191786,-0.08215873680885108,-0.9369900078323018,0.11012969204587832,0.006348894357721856,0.05567848950183728,-0.05412731290758855,-0.306807886887106,2.019545833758596,0.5533536394264825,-0.13492810006332864,1.386877730800474,-1.7348145543628142,0.3520326773900566,-1.22285499013218,0.032761166642891415,0.25606828462681924,-0.684033286112459,1.9237912541569637,0.07773536767767562,0.1430973157228895,0.40504455050153026,-0.8255855020417867,-3.1467850566936386,-1.4285933784916813,1.863167879759444,14.100776035661484,-1.3086666556863655,-1.2205159738738196,-37.7843476469909,38.157373058395414,-7.524268439832956,6.138922931384032,1.9786818700107678,-3.336097905861404,-8.60017835022631,5.602811417201209,2.750741742959561,0.0
-1.0216489592216824,-0.01685155474485656,0.7562369405888294,0.9986032695194665,0.015325704456205957,0.013482352503491663,-0.04873252567766903,-0.5742813435320847,-0.016411331305434117,0.008641714507926454,1.168405224609529,-0.6259590000990702,0.01625105689766542,-0.44031233348862864,0.06977333614115319,0.02261290076318744,0.6519080127140029,-0.236551308482339,-0.08093813784774186,-0.9265966275648457,0.11647517872840427,-0.0014960127299726716,-0.04294082231437519,-0.13534081491094488,-0.33053589173044806,2.365709986260339,0.5645962216714147,-0.1207950150265319,1.0117197853097077,-1.5730494851519974,0.25649881125500823,-0.9609468926308118,0.15297961182701025,0.23281242706656036,-1.005001378747453,2.0741324454801005,0.0696102310280871,-0.0798347751057939,0.6049637410800691,-0.9207258438338632,-2.9772744322154603,-0.5061668799205196,1.9428477955642052,7.109669124794614,-7.3613425857131585,-2.961847936851567,-22.22313846560703,34.95166997225253,-5.528064888309414,4.601876663961892,1.246576839110729,-3.41754628424954,-8.102623627043927,5.2822060249932195,1.8166429210777142,0.0
-1.04007458314457,-0.014416100923422662,0.7561681805912406,0.9984647807305196,0.014200837341116839,0.011769561723620408,-0.05222925690071493,-0.5235158615082735,-0.006026018704249295,0.006448698252294492,1.1858709463062345,-0.65849717737449,0.020324953509223188,-0.4561857017930125,0.07416289246941109,0.02714442986419872,0.627419546942676,-0.1931921312699553,-0.07953876675454077,-0.9216762051964164,0.12829737906917787,-0.00991098421141832,-0.1293594092180989,-0.19127495499570338,-0.3430804082687507,2.595020673502425,0.43168756545836656,-0.11740820019837589,0.7575689797960181,-1.4081197710977627,0.1666645143424871,-0.7288816298927268,0.23962559125642302,0.2071871789834681,-1.3336843877256415,2.2261336985653712,0.07733239014949163,-0.4371128555192707,0.8925997243415883,-1.1448118227104662,-2.1421753394328307,1.2899317019018073,2.3528568765133753,-0.8457683625381773,-13.332390432239915,-1.7043822179156116,-11.927975764491743,31.537327354535222,-3.5975750258540584,1.4651154948335912,-0.36309115762093114,-3.109214881605704,-6.7994714273493315,4.767986025559218,1.1339072748308816,0.0
-1.0584752017879333,-0.011665615126291285,0.7559163843402694,0.9983217983289734,0.012367282651364496,0.00972767994189139,-0.05573158479690545,-0.4693779866630311,0.00011847874807098009,0.004831247171860615,1.1970718143239603,-0.6864644002962699,0.022967706656674497,-0.46795018309861885,0.07962099103316204,0.03125496698210529,0.5964289007947291,-0.14683203303729653,-0.07751765200805592,-0.9238716834717092,0.14694264822323438,-0.021264035697953758,-0.18603108316733405,-0.20992460396397292,-0.3353371287332494,2.694195031445858,0.16887367678565363,-0.06087025370573769,0.46030415205993164,-1.200754415946039,0.10797820718667345,-0.5553328200610763,0.27064692441934124,0.1894096247624561,-1.6432774254970763,2.371637040838136,0.10977282868517566,-0.8431526368905404,1.1882995758283226,-1.4966081559930475,-0.8821445292637975,3.3750810944073986,3.243704412743119,-9.72324070968892,-17.853572470760373,1.8632243743804588,-6.187878252643227,26.98260213722709,-2.349766163297616,-2.7222913903867623,-2.5439397369266126,-2.7605188194181025,-4.207938565954175,4.0635883788530975,0.5455165176043901,0.0
-1.0769793765587854,-0.008496344977788093,0.755400190042269,0.9981788942461555,0.010118837566923146,0.007677031178830102,-0.05897090299543371,-0.4142457547336535,0.00014011654976581536,0.004708266534916393,1.1991423477216854,-0.7078775399269455,0.0248551306032817,-0.4766649436044573,0.08504636929997307,0.03500643241318788,0.5592693867552916,-0.09734401605891178,-0.07397748085342579,-0.9318682568709169,0.16905934374753434,-0.03826218899634385,-0.22001837856134102,-0.19918999506375143,-0.29349852897030887,2.6764453649115527,-0.15319442392989135,0.031222617153385493,-0.018684846729467457,-0.8976416218512613,0.07824150494689189,-0.42929889997560416,0.24796732005821545,0.16750422633188672,-1.9380509258821221,2.5406057164334164,0.2289635915131758,-1.1829557362695686,1.2672534405099127,-2.0521767275605507,-0.3511728143339624,4.902019606164851,4.9986729301672534,-18.866653964177534,-18.164781780282983,3.99061730767274,-1.6886784440237315,20.42128558147041,-1.7576581769902986,-6.7048532481560095,-4.2339606636377285,-3.740055265529542,-0.4837665661659085,2.660939498157969,-0.04101497396521259,0.0
-1.0956690318774593,-0.0048769356288631775,0.7545032831599043,0.9980520747781584,0.007666152495177026,0.005814812623866413,-0.0616398741975037,-0.3597752090722045,-0.0060473431804314234,0.00696691948566985,1.1864955856094883,-0.7199120987637813,0.026127008760712188,-0.4832090039638871,0.08965470903887077,0.038296749498224154,0.5166981710030502,-0.04535082382219657,-0.06933139720923902,-0.9432828030002274,0.19133149830636748,-0.061183056779861016,-0.23906750233832813,-0.17198924081623523,-0.2208082965874707,2.5881099625218225,-0.4424524571075459,0.1609871361761274,-0.8006808489794179,-0.463126721242049,0.05037753079688407,-0.3539888243241611,0.20020817415773248,0.13201112569840068,-2.157569824690331,2.594778076228445,0.17956566935888435,-1.4666442112907059,1.2011972980337862,-2.62991316214865,-0.490333638742483,5.943501732905824,7.104683687341378,-27.575915608960454,-14.893067896715,4.3920892499958235,4.262497475251515,11.191580181541976,-1.3537913341532912,-10.889786436796214,-4.783187960697871,-5.456908194209804,5.617977052490351,-3.9590851534067335,-6.997532294305224,0.0
-1.1145947535938596,-0.0008554401135301064,0.7531634685826932,0.9979575700416434,0.00496377384582802,0.004236155810962924,-0.06354608036481393,-0.3067957852942153,-0.01697112749871657,0.011414726385586493,1.1534354501475839,-0.7211976306424214,0.026544674228670503,-0.48854003842187743,0.09402910803120106,0.04168090794508057,0.4708437036861036,0.0036373411614256607,-0.06525192542754035,-0.9589120395576534,0.20803644668092522,-0.08244347666050064,-0.29122402770291195,-0.1327706796642979,-0.1409354120889402,2.462381622424459,-0.6027068625183494,0.246551663447377,-1.8256296756835586,0.018820391531780174,0.009929731987469432,-0.35570427871566546,0.2490308833543196,0.1729809135113914,-2.1903659910651907,2.0725245466366977,0.20503227954062392,-2.1530080802917535,0.7060623991375988,-2.373060474433838,-4.777835354123883,8.090420076455692,7.483563556234169,-37.31373381267715,-3.74958322125927,1.2787939719878185,16.266132561133464,0.8013648112830369,-0.575068776850901,-20.424577450100596,3.413061454020937,-2.7624988608960166,23.951105531293823,-57.01387202939087,-0.17612579264697617,0.0
-1.1339376198806337,0.003422254160535197,0.7517206558154527,0.9978814161989216,0.0012962035909006408,0.003278031929683531,-0.06496347872269777,-0.2556973442158895,-0.029311919422410272,0.01635002784362405,1.0948263532272684,-0.7076226125283112,0.025553328281501184,-0.4946119064169014,0.10101540707734696,0.04627004878900849,0.4260121170239075,0.030263222467323485,-0.05996037766061202,-0.9858053221368519,0.21743719252249982,-0.07694679422555052,-0.4377000183433122,-0.05834738755991572,-0.10162614662319888,2.328588296528312,-0.5960191446840366,0.21236934705812183,-3.066246101896853,0.7127361938617458,-0.055583894692113785,-0.3948601777956914,0.4194244985635146,0.19621934198336738,-2.1687419620512323,0.7227146781315732,0.2527475817031583,-2.8747044398417434,0.3296040659237024,-1.414678932325186,-9.924427357705433,10.01796142251589,7.746070673042005,-45.509903784777414,4.647957989225266,-5.326510824175805,36.41139896690072,-13.37527635288452,0.6467976647734661,-18.005393440626147,6.424564463100571,-8.698319644520938,13.611927347607878,-64.49655715859241,-3.4561257040759776,0.0
-1.153845705735763,0.007942271037791515,0.7507288129049136,0.9977860596987511,-0.0038428981065571264,0.0032318774252692614,-0.06631565556707751,-0.20458071188343097,-0.04208877223042836,0.018793395028909483,1.0018033597596376,-0.6746260197817411,0.019368817644929176,-0.49974950411498265,0.11045814742237364,0.04984084980870697,0.37789919504254643,0.029535226853314986,-0.05462684927459738,-1.0192482900089526,0.23056285614807331,-0.046487775576283336,-0.6050578355834738,0.04276290389621333,-0.10543058124604937,2.3141910294102477,-0.6064843944473374,0.04318531424232284,-4.777501599798624,1.5983878555847697,-0.30875314973372375,-0.3119039238757264,0.5249444362471554,0.10079120756078776,-2.4556918847619422,-0.6659916930434264,0.2500987343857939,-3.7096168374319034,0.3859482892275591,-0.9311861863508303,-11.845511448672884,13.180875055157056,7.645303372302009,-55.738746464157565,8.625999303518803,-6.218086969814539,63.916359873432825,-33.022998889013266,5.810899637741731,-16.40572935566244,5.755987148243117,-12.176837442759728,2.294597272013426,-68.51287270200739,-2.1545624132057863,0.0
-1.1744254288919478,0.012781947549636893,0.750364217144261,0.9976158226991199,-0.010451958103469753,0.004394288765454961,-0.06807434978321536,-0.15029518970598973,-0.05535499732032472,0.016882553645740293,0.8628926659347037,-0.6163693645180794,0.007278923446045833,-0.5022435674329517,0.12132291049369817,0.05109895271241161,0.32172505427874226,0.0022052907514587524,-0.048375753998349875,-1.058870598125163,0.24713596716056768,-0.021154289783767034,-0.7622671529089508,0.18283721426857502,-0.14673836706075272,2.423063944885621,-0.6116038517280078,-0.20373035723369856,-6.972970210371165,2.7421216928958985,-0.5679722670749329,-0.19415757768770023,0.5901713507479125,-0.020861527491293618,-2.897688567986849,-2.016830824887184,0.3261799395810497,-4.702473660316156,0.38692874649765424,-1.9917199290089722,-12.449815545409963,17.510241216235443,9.6595403669492,-73.53849239630061,11.745835584979087,-8.378563737602757,111.39945699004407,-60.354443443126385,11.329222190010963,-20.728637634639664,5.588338651197689,-12.324529789686835,0.5364648439719395,-73.0911065693406,0.3998169143688493,0.0
-1.1958930317125234,0.0178643595667844,0.7496895922454629,0.9973730579830978,-0.018514870679453184,0.007274486033580085,-0.06965102028049885,-0.09560370162336475,-0.0676318031536261,0.007014321566161461,0.6850923177824418,-0.5285352228429891,-0.0027520330246453015,-0.5059486278584917,0.1326632480048399,0.0478511248560615,0.26234412106706756,-0.04938814914274178,-0.038824237614191716,-1.1084696135987588,0.2550526372408451,-0.07011837706579672,-0.9174067810747717,0.36284761332846727,-0.06157919995484111,2.2662300417879955,-0.48739917634693647,-0.6455436189823945,-8.36769111338349,4.0456156336881754,-0.4140424197883949,-0.38363667056886186,0.5782544053302642,-0.3215472074252598,-2.8745098018511337,-3.0964643518916564,0.48823605463470837,-5.176938415487905,-0.0403041003585298,-5.525809032950918,-11.381782346344599,18.88969145759161,17.186397334027323,-96.56903617709118,21.086027797468706,-4.959625006216214,185.86676455038983,-93.40102641084265,9.776642016621059,-32.298662877147194,1.4680530862215346,-18.1585462147506,16.821780472818432,-55.54378190186072,-5.205961169022995,0.0
-1.2182303634850296,0.02308423967829821,0.7488184656042352,0.9973020454782462,-0.024880533873602804,0.011546670234490205,-0.06809011327326626,-0.07780028221317009,-0.06766315235027953,0.0047805346862436595,0.5676790895980808,-0.5273632090794839,0.062114078406959,-0.5257408516361333,0.13508236033459867,0.0401479449641792,0.23717543326805193,-0.1324209626455141,-0.021508142837375704,-1.1018439586017579,0.3012719305510151,0.058534414383768024,-0.15993254510218446,0.3169229860504579,0.3768648479162492,-1.3779663422227473,-0.3952792909653378,-0.14977488379327206,-1.3892045261242334,0.34582736860205376,2.979319295483647,-1.0353132018439584,-0.6976353348013005,-0.16816728402236647,-0.23069525038441518,-3.9362784510136493,0.9652603722114521,5.572854700263425,5.120036682426881,12.717724132390776,62.078067318801985,-23.489174192978062,12.352917691917135,-158.8988954889975,-56.14665525842589,7.480127671962355,352.85737365292977,124.64326814612123,-210.02012937238004,39.07330356152562,-95.520698993092,41.33762679367825,140.0362442243126,76.27684046128512,4.604809458070171,0.0
-1.2404246281902878,0.029289275879227625,0.7507285615708905,0.9974262224969076,-0.024364871415795835,0.015657342660064952,-0.06559063452404001,-0.13491990155193717,-0.07478543040978365,0.008608302567755518,0.5916832109318676,-0.5092943140234292,0.09362658717697349,-0.5619938816136363,0.11332143516209632,0.02252854926069263,0.2896979796944597,-0.1661957895766052,0.0007683231054641157,-1.084835555181834,0.307370989987858,0.1221551870990745,0.08850148611772032,0.3270034302508758,0.1051027122656785,-3.0713689508623863,-0.28226601494265624,0.43199785497793197,1.8124383894941618,1.2967350953605423,0.8839529337728678,-1.7103227990586858,-1.1195175818659213,-0.8555204412586227,3.374298388001418,-0.7086067468471989,0.9711017382367337,4.458078693904424,-0.9671507535957402,2.6935776822957864,2.157261902268451,-17.512203036564816,-20.130076013953488,31.703355944858505,11.811466908383654,22.92043946259636,-15.782233635694803,37.45895301193169,-50.31066227875732,54.44278881692768,12.909895767356534,31.776262696825853,-13.21877987983963,61.83190374216407,-21.278085257017356,0.0
-1.2620836281056462,0.035157796973306676,0.7526299876528545,0.9973723468319515,-0.023670854480646694,0.019292106721823497,-0.06569556333051997,-0.19898622994004267,-0.07825037989971016,0.018280244999546967,0.6311144061973517,-0.4817044005025115,0.10903178137280166,-0.6038427161764719,0.09719887553632914,0.015117655094338794,0.3898928920575869,-0.17518396406584613,0.014381147271924594,-1.0644636842198456,0.27779115085350015,0.08474403528511176,-0.02072755284282705,0.31463006797070053,-0.0736192037530591,-3.0085875418097836,-0.04259274924225596,0.49362876740694384,1.7493293731202173,1.4475622379543023,0.6375759232602195,-1.7869174093333755,-0.5730686803206531,-0.13177617701888641,4.786600428591356,-0.14534497244266575,0.5327748218068376,2.9131280590377227,-1.9282152617945536,-0.3825082240757987,-8.936416612735442,-10.5454611392785,-7.710827678859112,37.42068762788903,16.522969175762526,-0.7918124851722261,-42.24757777729098,6.944498087067715,-15.681151497152715,66.65556212325839,24.737989939825088,16.83749749767925,-106.06943824269025,20.320847632430347,-12.622276017327831,0.0
-1.2830452169515645,0.04056942971090895,0.7539847997045983,0.9972217952252513,-0.023782856147907573,0.02204070017526352,-0.06706172095135735,-0.2538625679586962,-0.07835047171974419,0.028231605295021826,0.6578425715373496,-0.45093289381146856,0.12123027923546323,-0.6364264151713019,0.086022251191304,0.01073838180762503,0.49004978736708316,-0.18860321555665577,0.01866581932239897,-1.028784977710017,0.26178869337531085,0.06307363452321803,-0.05541379096071234,0.21096915349261466,-0.16905477394248586,-2.4543145266065185,0.05786356951306767,0.48432414321295636,0.9580886106125671,1.6074800934360987,0.5576216902010823,-1.1630563419037385,-0.49592480448283616,-0.19580095971610645,4.2448102558527285,-0.574321978993005,0.12161423718495216,2.3649659891923718,-1.125101583318746,-0.0011582134696448976,-4.455399536966748,-9.043607616478113,-4.083507897423068,34.676937250588594,8.787912339079615,-2.096782217671647,-41.74708941612812,6.788378656530748,-6.756360810179433,67.37003611749242,10.618323812957625,8.011506589034166,-127.96201027153937,19.551839235325964,-3.958561478636611,0.0
-1.3034244851511982,0.045627724800827524,0.7548484019634726,0.9970499297647941,-0.02456998518002087,0.023801337120320933,-0.06871135084945343,-0.29995986272058844,-0.07619912198936041,0.036960086820592535,0.6732688415973477,-0.41878486166847867,0.1315708563309939,-0.6569851494936186,0.07450083267189575,0.0023092423002591613,0.5786722257203362,-0.2143822695657581,0.01722884262916969,-1.0069732638700686,0.24317648037422845,0.03582099254491431,-0.1333139419685593,0.12043598603523822,-0.16332022056119658,-2.131412729247867,0.1756739925869187,0.38738567165575566,0.590761698513603,1.6031106320896034,0.451174582571728,-0.648325407187018,-0.5457907812567148,-0.4155622185777596,3.779517190544184,-1.1727995888600276,-0.09220343817953498,1.4984609162348141,-1.1941139117018509,-0.32157989968612677,-6.084663223592454,-7.300537442293084,-0.7014359211038561,21.670886305222513,8.93832688156309,-5.575426111068535,-20.87119018126213,-1.0181707634827726,-8.597686241994179,54.80860437279987,9.354367558292061,11.171305816700995,-109.83006845338137,29.128047020575547,1.6074667707445234,0.0
-1.3233736851752433,0.05036247313173116,0.7552091876344027,0.9968961415713413,-0.02602581773534371,0.024514574416128726,-0.07014111043157682,-0.3397675436457294,-0.07226357996743635,0.04397356289869643,0.6826293221730955,-0.3874633258269816,0.13935898267773,-0.6675218784596452,0.061913529737302235,-0.007262895265448828,0.6624497356186337,-0.2480793593523832,0.010840954519870011,-0.9873101384409213,0.22904819252735975,0.011986455811744009,-0.18125825826083775,0.006284323062608829,-0.1368463486542504,-1.8409558846458893,0.24434009038313995,0.3074561959187056,0.3421641732326183,1.5455315318797476,0.2972444291497859,-0.1806900171547149,-0.6105082316372846,-0.39920124653662153,3.719007269358905,-1.4655092990247631,-0.3107447066598679,1.1797307762362794,-0.9603448799708121,-0.2108275388106864,-4.9299789673106815,-6.906838111130839,0.1999110601046234,17.523305166072916,6.831213602081185,-5.216637218203513,-14.438355275556827,-1.4945911331711008,-11.58468639563767,49.93808425030577,7.447745679735755,15.620348687500245,-92.18972591038869,38.3508294705217,6.046664325483527,0.0
-1.3429827850958647,0.05486284588530608,0.7551453938288086,0.9967650464873208,-0.027882200926574202,0.0242099908020498,-0.07138558200354106,-0.37449634104614365,-0.0672175235638537,0.04990958231082349,0.6878833455151514,-0.35699066041753535,0.1438886430964971,-0.6689438114142894,0.04791439243803759,-0.0157997390263608,0.7460667777071891,-0.28621589442978174,0.0019364811498657078,-0.9735755950437112,0.2192717463316825,-0.007427385988497786,-0.2046474995318963,-0.08450843606285174,-0.13359461666522554,-1.6266243494305606,0.29017293860571874,0.271938696887456,0.17306654048767653,1.5229746233905088,0.16569709752640285,0.24270923899951247,-0.682123684461238,-0.34026542916017355,3.7743437001399425,-1.6444750213714012,-0.40349021592065404,0.7797649313296638,-0.7658430620733039,-0.023470450490292505,-4.104625874305443,-5.14746398909244,-1.1695331315355002,13.059197325288501,6.022658356878038,-3.4195344771655676,-10.901433207662343,0.9391349126343762,-6.1566158233942225,45.99457237346378,7.693376381470503,15.250862899607172,-86.32276530793128,42.79113198837645,8.285005258244162,0.0
-1.3623805412540368,0.05922051291558621,0.7547470169964576,0.9966338770282624,-0.029890266639089166,0.023168961668489394,-0.07273710425266755,-0.40545667051991,-0.061589752724470384,0.055444896126193396,0.689805397463352,-0.3263855037216136,0.1467975081678569,-0.661341795362634,0.03226055942853702,-0.023638501502874575,0.8260634164984949,-0.32693824376078123,-0.00692004458871427,-0.9667595960437998,0.21414624851069544,-0.02370267052938673,-0.20335706577837967,-0.13974094684352995,-0.16319009807148974,-1.4715316172206374,0.31113040598762653,0.27045969293138633,0.018238668335709644,1.5484358584984736,0.12067338802547362,0.6591094014937734,-0.760099494007604,-0.3184348202592486,3.5434922997574505,-1.768550913583808,-0.38486592258890423,0.28566104202844117,-0.562398208646711,-0.10411856425988406,-2.9875143935489916,-2.657950688168448,-3.14554344330793,8.486205064751358,5.553610366214676,-1.1391140809603026,-8.87796737376316,2.5741878792871487,-2.928670299715037,38.63883706819651,9.179459508578251,14.431972578047858,-83.97504027470671,43.345063332198535,8.281356801023945,0.0
-1.3816873869261335,0.0634848734603618,0.7540581319444412,0.9964880844308905,-0.031890835602848264,0.021637783442281816,-0.07433894349203495,-0.4335246727241056,-0.055787744311521746,0.06073804368834335,0.688523703280769,-0.2949234765696737,0.14932757768694993,-0.644898779696796,0.015508745638314418,-0.03077684482850169,0.8975993483460001,-0.369399578653454,-0.014546211249469976,-0.9651190565780834,0.21016823647011623,-0.03844852355273812,-0.19222699326516687,-0.17600895111758688,-0.18972285441295988,-1.34796947978302,0.3108783683717483,0.2588595629349101,-0.1377475439148571,1.6046770035555853,0.11465074877451278,1.0613581770792226,-0.7971916753381045,-0.2822654424687764,3.117152605420756,-1.8573260436485617,-0.32460624998495274,-0.09851454770466972,-0.4682378904859478,-0.22674889571622867,-2.0886211442162947,-0.9801179759581957,-3.285802738164141,5.429618893034469,4.608830427075546,-0.5916060027633523,-8.015839586015401,4.020073294644463,-2.071245379087608,30.768706793544812,11.06674200806476,14.164017497507052,-76.12103730270242,43.25815610056513,7.162470761864589,0.0
-1.4009870289081672,0.06766805195498561,0.7531196997939262,0.9963327616518702,-0.033770686311072086,0.019753671795619737,-0.07609442328993764,-0.4590284159174784,-0.050206864475595164,0.06565803860633143,0.6836684706181069,-0.26198051090115665,0.1518847250078636,-0.6200955780313665,-0.0012413222532258543,-0.036421526038574965,0.9582556794231452,-0.4123962133638751,-0.020950222435947335,-0.9667769742548372,0.20635039226744994,-0.051074983633752416,-0.1714845421752558,-0.20235852487346045,-0.19788731190043393,-1.2319669778646214,0.2893797221900268,0.23791087211546547,-0.3187549864581724,1.6923087623854303,0.1169863775839729,1.4398170651397537,-0.7781579572626929,-0.20025901412715968,2.6125313117342808,-1.883735549091106,-0.27261612055432916,-0.38504215632318267,-0.427560359321345,-0.37383194119380836,-1.3398973182262075,0.20467688281851404,-2.415993881924403,3.059456196183414,3.4217390777310013,-0.6586300389833971,-7.292365135059472,5.38542978876942,-2.2263710550083506,23.377638710248142,12.46918883203623,13.584111169635086,-64.5099143510498,42.58361079625081,5.9637429537820905,0.0
-1.4203410355619681,0.0717600096137588,0.7519840674538072,0.9961793438050843,-0.0354575304757187,0.017617130653423022,-0.07784031870551614,-0.4820605934953843,-0.04514143182077017,0.07006507130409985,0.6746682903122215,-0.22692283254114,0.15440797215375077,-0.5876438329485814,-0.016725837746050767,-0.04020964535458056,1.007019460064326,-0.4542323247033349,-0.025707086228801527,-0.9711968440133087,0.20151863583013255,-0.060810437259633324,-0.14722607697795456,-0.21925295839342912,-0.19016179637677783,-1.1167650299138745,0.2571459429250226,0.21049695346930708,-0.5325184350131227,1.8109316835466982,0.11361663823017995,1.7793275433966467,-0.692539761779968,-0.1190558788003789,2.069773814345982,-1.8287460455142286,-0.1973530430635422,-0.629404451077629,-0.4409881508931936,-0.5026045010618969,-0.8827388546376089,1.2845763611460899,-1.636009769213159,1.2285013620815217,2.6048301218553567,-0.7344226098592768,-7.1555394024281656,6.54614259000999,-2.168831328136294,15.909926011854935,14.124621250679223,11.183114149467567,-51.839529583664856,40.63286363080904,4.393526426335655,0.0
-1.4398037106243926,0.07572403967538734,0.7507195744776753,0.9960368806797042,-0.03694007610734248,0.015326214972073267,-0.079442244666542,-0.502524646700137,-0.04071623282353636,0.07380273302128111,0.6606946733964973,-0.1891553089743238,0.1567162178054215,-0.5485993533949252,-0.02940341417522397,-0.04282550164375718,1.0438332190142343,-0.4937627024707263,-0.027984592671770617,-0.978193365395802,0.19417068091262632,-0.06674646715715242,-0.12577964363439642,-0.22734093535495664,-0.17056673934614178,-0.9908904197997773,0.22234541850309017,0.1740036731219354,-0.7956123526589385,1.956672966967645,0.10714293881137378,2.0617670702548474,-0.5201219233123819,-0.09142695134520124,1.536196429843273,-1.7263424062065154,-0.08273114031759521,-0.8529842723080012,-0.5281502610871013,-0.5943915647335547,-0.7663813366909993,2.265667447970715,-1.0625008530772555,0.04203541678552081,2.190466766810524,-0.9732660162301325,-7.803806025608345,7.380649248765767,-1.2831341115196282,8.342830485793108,16.902755212793085,7.166730649242951,-38.6277970859252,37.80785139495727,2.1365622379568867,0.0
-1.4594281962913493,0.07949687285727197,0.7494007251061958,0.9959108071665925,-0.038261957362868006,0.012973850188907775,-0.08080449244209027,-0.5201595293690063,-0.03689085876180921,0.07669832700201923,0.6407144071953689,-0.14816172216030177,0.15861722634343284,-0.5042094223280413,-0.03725742184031997,-0.045670892720934,1.069070896128032,-0.5309144870045645,-0.02845407551462801,-0.9877965899891119,0.18323512795411848,-0.06910628671510895,-0.11102235431850618,-0.2275985044027135,-0.14322098955533089,-0.8491991376600226,0.19252663392529148,0.12890544132753406,-1.1123873707491212,2.1263296742228532,0.0875654339358593,2.281580172664468,-0.23665006655941756,-0.1407976180005136,1.019597494637504,-1.6289748128967754,-0.0023855547495362345,-1.0597636792968728,-0.652034914546451,-0.71324339695405,-0.7722285526087613,3.1144986243630193,-0.7271441973616009,-0.7934585361338704,2.0327122052098083,-1.2070991190815936,-8.627294151369105,7.951403915537826,-0.7672626311744462,0.9735415770953102,20.62095418859923,2.6914803704747223,-25.94540046228239,34.876619728872754,1.0178004397084635,0.0
-1.4792622228994154,0.08300856341697352,0.7480743839722702,0.9958085933391515,-0.03946032755778451,0.01063099107812151,-0.08182365189619112,-0.5346336192543624,-0.033652046215506104,0.07856554010712158,0.6137001309892092,-0.1035229539199014,0.15960834299450508,-0.4557417355512692,-0.03806007183191365,-0.05020222650743632,1.0831521536982858,-0.5663455326342344,-0.025668816972372065,-0.9994078995772769,0.1691520889037562,-0.07026919923734899,-0.09725904727697599,-0.22340084856045536,-0.10334641021273573,-0.6892304383048516,0.15822219670734383,0.07557094695520535,-1.4785608430852042,2.312521641983959,0.037670444748679394,2.4408948028412274,0.14893752317816608,-0.2660231160626668,0.5207820529912485,-1.5651418858758432,0.14591092632518632,-1.2094988988651925,-0.7264002466333507,-0.971003013532886,-0.3576132784308979,3.6916735980317306,-0.2623637657496657,-1.4112018893277813,1.3056722754163106,-1.1795120371844647,-9.079422172555715,7.835074043844671,-0.5837471393425038,-5.877796152322723,23.137202306136338,-1.9053074249821569,-13.892168502689604,32.54754055660562,-2.254983884825913,0.0
-1.4993392610584964,0.0862101260548733,0.7467211105049919,0.9957397691088351,-0.04049252576304301,0.00832953718360519,-0.08242139517576165,-0.5456636232584042,-0.03127563671470511,0.07921141308220238,0.5789147386485028,-0.0553367979002581,0.15907309806710435,-0.4045718541126599,-0.029647955739407025,-0.057210762815603444,1.0868780320523654,-0.6007653951513173,-0.019155300957568407,-1.012555670051374,0.1537429543751263,-0.07365510220193733,-0.07346866276115287,-0.21634016790914015,-0.0615210637357856,-0.5291823614831636,0.08603989505053801,-0.009012331870075342,-1.8458758184783333,2.4049655123941447,-0.04312811034643574,2.5280951712798054,0.6463365858228222,-0.3963674888641335,0.06387460863942858,-1.5296105237349598,0.3129523963438943,-1.4163751565174028,-0.5477609972359302,-1.2273192168394997,1.3973034309572705,4.5853243154288466,-0.08662871267901895,-6.3736365463185045,-4.927764361106882,-6.024435499037865,0.940421944800268,-21.066647334200972,1.3092767065458655,-13.061544531504598,23.88918802149078,-3.937353963521946,-3.26940341071528,31.24603883624515,-5.566746696146725,0.0
-1.5198071694912691,0.08920149162921377,0.7454609903184569,0.9957416678911393,-0.04082550136174937,0.0063303370284737,-0.08241199000775733,-0.5557204106809894,-0.03231743091066455,0.07715651586015695,0.5414783160506224,-0.02211337094445174,0.15638977479349006,-0.35289276640555883,-0.011463914649738997,-0.06639148215969151,1.0808528856795487,-0.6344316836669192,-0.00961605010465392,-1.0385106267710047,0.14860713437531897,-0.060791530150326595,0.04028999953249825,-0.15664753934305764,0.021798529013248708,-0.5521965331302595,-0.15817971820257698,-0.14511962996033037,-1.8478727730758122,1.067368165654329,-0.13364270629990727,2.480530586468304,1.0899777707432814,-0.5037250210780516,-0.38308371950060477,-1.500977839207448,0.440592815879082,-2.1429080302367245,0.0955981450314315,-0.2501207438926143,7.150483810881529,7.505277625625896,1.9791299631411439,-10.090327616058968,-11.170914946196161,-2.0842710982724464,4.552841657997858,-63.354848469179785,2.9726976169322503,-22.225127247186336,17.001220257476987,-4.582127619120616,5.94700189303721,29.985373795435784,-8.27396633376864,0.0
-1.5408620730418818,0.09208742515260751,0.7446497449490955,0.9958705408417242,-0.039849264825606065,0.004833666248524768,-0.08142811337042664,-0.5647859233704838,-0.03766111531822967,0.07387432656086867,0.5010799039154279,-0.013804298294731432,0.1528937447791583,-0.3017307953131254,0.016754094754223476,-0.07601406054957786,1.0619475312512534,-0.6644702193534295,0.0021861697324632684,-1.0713950246158737,0.14454847366291768,-0.033758967403689985,0.18347577791443248,-0.09869048119263849,0.13297025078124677,-0.45218622716036894,-0.3653387141046425,-0.15407356896710106,-2.105764961661613,-0.12037414223288706,-0.16465295203766012,2.429662386254638,1.593356255696444,-0.49492974067606066,-1.0368601163180233,-1.3187433554147951,0.5338660772396632,-2.5863048947620593,0.3137400974406115,0.026428966727389425,9.380280091109228,7.861850152147299,2.8681849151895333,-5.480324871663212,-11.267020303105218,3.1198354081824116,-5.873803427359183,-60.259630393620085,3.4314457589170626,-27.693929861028856,13.93312663407255,-4.401487075591295,14.668278850472205,26.104653172236798,-10.481854552115877,0.0
-1.5626027610401627,0.09495203595362041,0.7443697045224344,0.9961236153412276,-0.037237829088281944,0.0037213374081719393,-0.07960677541646513,-0.5702446150924774,-0.046309154053017255,0.0725623820810781,0.45290058459359944,-0.026511702015899787,0.15000986716390427,-0.2513688994009077,0.055064646321523775,-0.08145923600704824,1.0260912350136187,-0.6845071001361291,0.014157126647442581,-1.1081861391514738,0.14738549923028185,-0.01087859075858448,0.3616700122635795,-0.052674706740687055,0.2015319926966712,-0.24357160026806227,-0.5281868289691939,-0.006928514453475235,-2.5342539980530274,-1.1900534707974753,-0.1030858033646802,2.3528322653810436,2.0328615935578402,-0.20710275340238066,-1.856319720038234,-0.8225712262737397,0.5222411917402778,-2.908559388709152,0.8092700286057135,-0.5985576959197536,11.47281674747257,7.673500785221171,0.8536322320802541,-3.639887191383085,-12.55399309718157,6.204944165676565,-7.686702132456911,-66.51116996578367,6.221464542851513,-34.0687369761944,2.451658578409491,-2.3904490745882834,29.3329309040667,16.794191678839784,-11.114989386054186,0.0
-1.5850325260113236,0.0980369012739397,0.7444315473360801,0.996445002325214,-0.032557516219167006,0.0028247979848728764,-0.07764912101940484,-0.5701167832927253,-0.05847472755323663,0.0749923702895275,0.3941988046807662,-0.059736758101184124,0.14858396030577578,-0.2007956079322428,0.09930117904221354,-0.07623128552912187,0.9650501566310673,-0.6829004287150318,0.024219085718579572,-1.1435723914113658,0.1660032282913083,-0.003314848367976945,0.5897177324260324,-0.010762465395189918,0.16224118424574413,0.04611252016176076,-0.7014924223826609,0.23214060249106072,-3.0735927099812796,-2.2627621132689537,-0.023214523479416053,2.3450068375668134,2.152883351212478,0.4269692110088473,-3.1385161294285218,0.23315408921850886,0.41873971851439595,-3.186072361778301,1.6429799472153028,-1.953999451247425,13.671746099404722,8.922888709422253,-6.051007230054201,-5.420568995839211,-10.653752682552442,12.905689225121144,-5.390959101459524,-74.83702937183814,5.302704585706325,-41.86446723351765,-20.368405022512277,0.16149981596073282,48.0005770778117,-3.2460748802100516,-10.1447114020456,0.0
-1.6079725656776673,0.10164141731796135,0.7444095852074443,0.9967452800230316,-0.025467680482005782,0.0019741583141744175,-0.07646140661551983,-0.5643671863279702,-0.07551862425813764,0.07956518371985646,0.32675049594452577,-0.1171565483871659,0.14406257231590322,-0.14398598362715062,0.1425729770768133,-0.05052107309902647,0.8556422410114858,-0.6334645980614622,0.03350227091173908,-1.1669507272170105,0.20082282142716304,-0.02650971504433492,0.8510262995535859,0.02741113545377224,0.01539898599963098,0.2746895595538559,-0.9654847787993563,0.3261510696896182,-3.4136871824221915,-3.5693427537704587,-0.1680260994841008,2.6945104366383723,1.8728531119978837,1.613075411809637,-5.724778111324281,2.576281221718541,0.3831368980741915,-3.3234335175691023,2.6579951122260685,-4.619849332054647,15.817465518922635,11.871210907790232,-16.487208253616075,-13.754259879939317,-7.808301572811757,19.80911069127043,4.950470357211959,-82.62116750569142,21.40680883743822,-52.76747301102591,-50.9550555422823,3.4346748471098665,78.08455877072454,-47.91274139351091,-10.722259907679884,0.0
-1.631051663014102,0.10637099263892372,0.7426929222625281,0.9969936092348808,-0.015070769576026313,0.0012901409647679747,-0.07599309564350083,-0.5740429053723599,-0.10359902495685076,0.0717096007559162,0.2928552683582264,-0.1978538132639759,0.07306455857344085,-0.06714218862553527,0.16346140083785676,-0.010471636033179826,0.6451664246303855,-0.5217502354017297,0.024196668376431012,-1.1668986410370432,0.28204232660688744,-0.1713875276294846,1.2840462156455936,0.09814299571828687,-0.19652949352250285,-1.0099404218884216,-1.5481096918870512,-0.26487631091091235,-0.8167476236423585,-4.201227440263083,-4.1277577006721335,3.7021689676495093,0.16576814873301443,2.2012336750243024,-11.13321577902297,5.347093221457192,-0.5600746151938841,-3.1990325860439377,5.926681347852207,-11.269536955361787,30.550009642015024,17.216123588828918,-44.11815906222762,-56.90031851741816,-5.547818679000761,39.16117803398188,68.00087095199757,38.896191685140245,37.051427423091944,-90.28175710145246,-107.93912732237983,3.0257424549409,148.4350316152549,-118.55343891393272,7.404507447582081,0.0
-1.6556541501425517,0.11180709679380636,0.7400705057437695,0.9967266241970368,-0.005564050055846997,0.004365872427460342,-0.08053581266555306,-0.6233721373618429,-0.11341325765085053,0.0768292188210074,0.3516271231394678,-0.23827684860772508,-0.004751892843007598,-0.06283875370611236,0.1519361310090495,-0.008740660588806631,0.5472612923442493,-0.5134059099921482,-0.07418877466396305,-1.232523801792241,0.21424169803408746,0.002412037041805922,0.3304734123634673,0.36914286030512095,-0.5543215591020667,-2.399746315420014,0.703679206717707,0.5732177640430912,4.328345461322873,-0.7697849177755064,-3.403764232492475,-2.6439618115038375,-0.1417965376671946,-0.15297687016458789,0.7740033607872613,0.08553974907140181,-3.6121965176141084,4.725230262027041,-6.899715816549921,15.214278274462156,-58.981601318866915,-24.278416654646488,9.12839868552624,86.9522860711225,91.91107208211668,-15.616198619564507,13.767666975754327,78.17625843038097,73.50243869844981,-139.68216071475078,49.57535281454589,-19.71966939717468,327.44176091304234,64.19093840473332,267.8699646581585,0.0
-1.679601025843403,0.11556716362826576,0.7416532732903118,0.9962982480227097,-0.004503767722204454,0.006588161153596027,-0.08559271695534273,-0.6655468309452747,-0.09391732403395212,0.0762693616502341,0.462853938452919,-0.2628974870497256,-0.04473826186732767,-0.13059729246939722,0.15206901951256996,-0.01407729039874902,0.5975301087373757,-0.5021068303569813,-0.11544208276331604,-1.146948661606168,0.17316037585703897,0.1349095278233068,0.00450124297167453,0.02429088872330249,-0.3980152162630976,-1.3139919515306995,1.0232584686106956,-0.3102350002534885,5.132259395250433,-0.9810537319210215,-1.4657955124159778,-3.131322125326626,0.014216873773574532,-0.34368686521260106,2.5005749651706695,1.055528265434554,-1.2395492680487923,6.4781905261376815,-1.16979760166073,5.613182282811428,-2.6365881190996707,-27.113992218702332,15.82993118970684,113.97354426646949,-5.011150448533889,-17.89053105651694,-118.90528439578677,36.471345227424166,38.014757811122514,72.40111149867974,-6.348597211066219,-6.65267382927748,-75.76767760730532,55.08872976207174,64.0920928683171,0.0
-1.70209101209673,0.11934551720933038,0.7443635601630348,0.9960334997117127,-0.003313646197825318,0.0068060318256705065,-0.08865644438900527,-0.6916195228030013,-0.07714037124458287,0.07121971002789498,0.5847507254480447,-0.2958209048842864,-0.05746104759927803,-0.1909167259573515,0.14818115290510847,-0.020508569465500778,0.6426157295953083,-0.4769163011469823,-0.13050429840125163,-1.0973938874679086,0.20441512444320425,0.1471584468538187,0.25367935793375906,-0.0004548825077013898,-0.21904718479655017,-0.8260649637667055,0.6078527598150066,-0.1851360995350885,5.496189567940465,-1.3994709033275827,-0.3964097186714527,-2.723789965377693,-0.4166613759336139,-0.2766500449706865,1.7941914883968242,1.4272579777654921,-0.4440686294728161,3.318664111794215,1.841545484913023,1.9263845946240317,17.007117416757428,-5.4970309265639,10.841142683651864,75.50002714364935,-30.166511726649713,7.830678832808119,-135.14313290884755,41.771793148084114,11.856376599122697,40.857850483412236,-27.073756050787882,6.288590183213245,-61.67226400923701,17.314681422193548,27.955278780204956,0.0
-1.7236702046808965,0.12355317939614852,0.7471105189946827,0.995914664609656,-0.000341041378895977,0.006585087146830851,-0.09005832073430522,-0.7056911061179926,-0.06717193649132944,0.06683931939837272,0.704201303043496,-0.3418816657131735,-0.05527966453888589,-0.24025798997780043,0.13831598584629984,-0.02505165319666063,0.6686345242728818,-0.44607887942985186,-0.13561432744385904,-1.0613084208533772,0.2181658757334739,0.14022468840029087,0.3690966464359657,-0.0029824216015791917,-0.07461223407810291,-0.2713760362098411,0.3666891142493042,-0.19965096894458478,5.250286002593758,-2.0677411855731007,0.1804443479245747,-2.2254625978943037,-0.6022342566468762,-0.17448233454944098,0.8794751574286332,1.636708332092044,-0.12040640577476443,1.9605715171839617,1.010122376466431,0.8872356085216918,9.375172606276681,-1.0263952914189136,7.276391493286382,62.88605076955326,-16.8818759899207,4.344838818654259,-134.13360165896933,49.339854402503455,-1.8444156705448513,26.560007880871005,-14.322487018897991,6.180221107628637,-45.2166319219483,10.029229686539841,13.231419686851378,0.0
-1.7448005214135085,0.12808253571448486,0.7493725107761745,0.9958166634157548,0.003641107487356717,0.00671524070734465,-0.09105394413215097,-0.7125938826304774,-0.061138207346718404,0.06060063377180985,0.8243482429668109,-0.39047616231882876,-0.04708295239141031,-0.2845366307825574,0.12614253406238302,-0.026219857938249262,0.6835113012658097,-0.41326180555952496,-0.13514180154160427,-1.0494190960847831,0.2356478172758757,0.104106288994749,0.451155916073522,0.07598932291942036,-0.10944064488462099,-0.055411183963518754,0.2198509116481392,-0.31519344093184626,5.474706153771985,-2.052349066762553,0.39294814773834574,-2.153644082061469,-0.6638260377010685,0.03592269253269798,0.5776743970908783,1.671169592470525,0.11654981859652772,0.8933603632719875,1.126493401121642,-0.23360558212442636,7.766462101053054,2.3655657105909564,-0.5508267118532204,49.893712524557294,-10.552965082280945,4.554053224575046,-120.11695310647582,54.36453796184316,-7.232116346667946,8.971533487639059,-8.754374708175906,10.069622261785838,-21.162302772108458,5.403201343976755,9.467959862581372,0.0
-1.7657007807489173,0.13287644527555711,0.7509819431919627,0.995672054185997,0.00807389440310751,0.007353534485459176,-0.09229246054134611,-0.7124641134140027,-0.05839193210196737,0.05031903238086119,0.9384180749900483,-0.43858035336207746,-0.035618448330007796,-0.3267952148543379,0.1136287461836172,-0.02414589187913284,0.6922016877569611,-0.37920143008832247,-0.1302718594924321,-1.0402151104758544,0.2450320837714797,0.0712768410423506,0.45383046120870757,0.11994634262597136,-0.12770921386570097,0.29624677940999317,0.07550909110988721,-0.5479461608727972,5.034745255330674,-2.073646324695264,0.5277581736384387,-2.0471500390930393,-0.6346032722240336,0.16157492023831502,0.2707471231854136,1.7481098929927021,0.29224294658995964,0.5464725337831923,0.6841947187677887,-0.4553840743088776,3.4549509339832642,1.5887743778236179,-0.13857067342635565,44.009845182135855,-5.906230076703392,4.271223357708898,-119.52320849781624,50.093850351332414,-9.875638946900084,8.64437990111848,-3.0273742378072406,6.277189798624617,-20.14874729444943,5.769917302402871,0.8434137835977367,0.0
-1.7863781517822472,0.13777821284572928,0.7520819540924448,0.9954852240997608,0.012320301059464172,0.008120627817145058,-0.09376264813191029,-0.7015675837537125,-0.05696916218157629,0.037781114260800525,1.0323036035156021,-0.4861610746414081,-0.02040178996856561,-0.3656810489500087,0.10249286067265556,-0.019860993996434373,0.6938975814139616,-0.34349107800510986,-0.12436207629600507,-1.029392943319675,0.24684677979442923,0.047054876109120986,0.40738707532577845,0.11302058025909648,-0.155582421491421,0.8540320179778765,0.07353997946516991,-0.6095341281137953,3.930973860520778,-2.086352972009056,0.6979842779009717,-1.8661433917359354,-0.5254153859121918,0.25084767547207515,-0.06358218908505414,1.8305331371041793,0.27547287008190174,0.40073316495803873,0.2782350581379482,-0.6281221463663567,-0.048447376248608454,0.21702971421611755,-0.5819361247324852,38.24805440282507,1.0806288853037709,7.220797985608739,-108.67758669762688,45.90157501297001,-13.27967562389112,7.723128768118216,1.7467467673033314,3.4023950121840274,-15.628005994826907,5.70436173223969,-3.0309745383261184,0.0
-1.8068010237990588,0.14267339117768893,0.7527888502098777,0.9952487792691461,0.01596284123854173,0.008601897769619329,-0.09566118553325405,-0.6782962847945427,-0.05334905883641878,0.027431481964490786,1.1013770893606225,-0.5322806936079401,-0.004341011010362111,-0.4002978436815643,0.09390953229070634,-0.014024748913785457,0.6889896906302099,-0.30599138764699685,-0.11935558208900456,-1.0161954890699862,0.24474713706837575,0.027614815899095962,0.33522736703328104,0.06298291053516662,-0.20448605133820233,1.4378440734135465,0.24208564393064094,-0.43498592501368516,2.804723466987259,-2.0240224878455746,0.7097157642034103,-1.6453412271040613,-0.37983848422081173,0.31042963651173183,-0.3721527967978418,1.9255115837066148,0.22977722170306497,0.38008396013660073,0.1059335830525356,-0.8459291012469703,-1.9891043148401475,-0.9538791474879615,-0.6823997832213156,29.411098492291476,4.82422854471777,9.40072095670466,-83.60188619393382,43.45790538340763,-14.39881630646703,7.179857037459901,3.6514180190490846,0.864165574641298,-11.948191207156858,6.112978845053626,-2.057704707948922,0.0
-1.826929996697226,0.14749466505570724,0.7532141948456873,0.9949698322513179,0.018655211249074755,0.00850761822318342,-0.09805425250953843,-0.6433679789468338,-0.04591003763239795,0.021015957238257936,1.1482155707562411,-0.5750081156843763,0.009947460032698181,-0.42971533784239085,0.08851318928924917,-0.0074950319734818195,0.6771712331685266,-0.26585911985999017,-0.11551101343636724,-1.0013967629208658,0.24023233860568366,0.01464104049890995,0.23192073336070973,-0.01037045855211429,-0.2500933889115515,1.9616997910045493,0.42809773546271757,-0.25330585441628856,1.8537512959947924,-1.8620074578234331,0.6146219041662135,-1.3767892533698591,-0.2112674265241397,0.32177018945728597,-0.7204957167326592,2.0754994819360153,0.17734971915516096,0.3117887518810667,0.06723084257985609,-0.9437328197878222,-3.552010537258064,-1.0726473494830888,0.13586332611075969,19.405701162819568,2.384919123111733,5.53184496324217,-57.70270554953295,40.23167469243739,-13.003225284886097,6.607949434278828,4.308231457574103,-1.8615362597851466,-10.600846401981277,7.125964173521435,-0.8963266753247898,0.0
-1.84675746040747,0.1522377432432952,0.7534326650981577,0.9946693007218672,0.02014016325800847,0.007719601821416463,-0.10083532998473349,-0.5988544924478925,-0.03582190284060575,0.017523516820070122,1.1786038877222107,-0.6131628520143254,0.02110602388375768,-0.45334555857722414,0.08645494135103796,-0.0011929099397533717,0.6579904854863189,-0.2223383896459053,-0.11263397277115335,-0.9868922785002033,0.2373745369000805,0.0040662111521812035,0.11313235579685867,-0.09291407773724954,-0.2800903130041778,2.3727744185296884,0.5064195711360107,-0.1420485874146117,1.2112045892259538,-1.6503358356307283,0.4691848787420853,-1.084016283816464,-0.04902063522080065,0.29442199608296393,-1.090728439640032,2.243760493229308,0.13287754517259825,0.18272665008552383,0.23776050324159848,-1.1270517584009854,-3.9155569107226054,-0.6800151390627324,1.2809350016139207,9.918977114896178,-4.365176122020982,1.426487986055137,-34.15500216159492,36.42720884008089,-10.202431815134236,5.876193420755451,3.3823634615333673,-3.370131958286985,-9.819634793571273,5.8778170685299465,-0.2829305391302439,0.0
-1.8663180510977309,0.15698246783126982,0.75345573769722,0.9943691521405622,0.020410971222865032,0.0062620168010668895,-0.10379869300998312,-0.5471893385558556,-0.026056111240683577,0.015538392462847278,1.1978012085928484,-0.6465117512110653,0.028680949944269694,-0.471045401965168,0.08718295061942552,0.004340474442861429,0.6311729091520427,-0.17552115026684684,-0.11026871697685027,-0.9752550397227735,0.24020324343464977,-0.006930744547346604,0.005447810048280002,-0.16422001131529085,-0.2879427895871484,2.663032953152885,0.4170699359487895,-0.08634205184295396,0.7741617085998634,-1.4370100764898963,0.30977087215117866,-0.8002005879199874,0.0708541322780666,0.2509464455531634,-1.4648889213674923,2.3970166197057807,0.117881007867215,-0.06549495405226838,0.5689061943452569,-1.3925927701129197,-3.0298475465713874,0.597213392296231,2.3300972883315554,1.0117233795067762,-12.024433657376454,0.07422944659000502,-17.765286849210852,32.12420006270113,-6.9075339470277815,3.21073718069458,1.133595000853479,-3.6382332634589636,-7.635041141999855,4.155589160537794,0.6233561154283898,0.0
-1.8856970582445036,0.161860755922385,0.7532489126675176,0.9940793520574734,0.0196738361962448,0.004332553001649642,-0.1067727070313588,-0.4909395538229707,-0.01967735436952524,0.014715322764379495,1.2085536021557166,-0.6749384327455796,0.033023109515290916,-0.483389418080829,0.0897836918586876,0.009111427796108839,0.5967842797879866,-0.12552017566280899,-0.10732804586559623,-0.9687286829700384,0.2499159323279933,-0.020781137730882405,-0.08047513349918836,-0.2074836321752492,-0.28153657102826674,2.822523910521,0.19231120410973876,-0.01955331489062931,0.42197582862723576,-1.2195699455952762,0.17046346253124994,-0.5560492139765102,0.1446975561679279,0.21900384073031207,-1.8378024119787013,2.575574627021424,0.2017012388828564,-0.3768663395310039,0.8948991569783079,-1.7924085871095383,-1.9626281549431726,2.340553442395083,3.164751123062848,-7.866753971768311,-17.34424193424741,1.5923248880049192,-6.708729905526075,27.422582428898558,-3.9792048036211685,-0.31506662289518284,-0.9578789867404421,-2.932414321998026,-5.835131793903512,6.1997836656176135,6.093622679588983,0.0
-1.905003922974764,0.16699642189344263,0.7527291964081664,0.9938157334082708,0.018184108678221914,0.002218188655791837,-0.10952034450660685,-0.4327778122097601,-0.019049286727064643,0.01529352192072655,1.210981030610967,-0.6974316997512364,0.035171048539000944,-0.4913655196770734,0.09338720942927511,0.013353691119857548,0.5551346876710506,-0.07230869726387269,-0.10279034580364282,-0.9681799173283692,0.26457976849922354,-0.039302965071804086,-0.14764629499710713,-0.21719587447546357,-0.24676903634257785,2.846902691099607,-0.11956491739429377,0.06697609691266572,0.022708299710002613,-0.949102758324776,0.08091281337666453,-0.37575843131485565,0.1965049098279265,0.20516327015461477,-2.158284947250939,2.658547235749731,0.18481928508051487,-0.7919326729589096,1.01381063672117,-2.1214966125023103,-1.794629112980919,4.376154225161717,4.263124838656141,-16.62196162061589,-17.973383734864186,4.0259550704382825,-2.239086984773571,21.96968610192297,-2.0483624549663952,-6.6511113722227915,2.2263635036317924,1.4114404391852706,3.7355194757995576,-13.905408221039615,-5.183761850385955,0.0
-1.9244322901917843,0.17242314315647456,0.7519646817911706,0.9935874503949444,0.01593947062162474,0.00038002075007789976,-0.11193644302998375,-0.3750101482125133,-0.023921355414630217,0.018308645760540018,1.200561236616664,-0.7115231944386887,0.036130937210483785,-0.49782188312688863,0.09925256425358742,0.018713348087728794,0.511142979640726,-0.030245210023490524,-0.09803131811441045,-0.9822588469143663,0.2782724627542048,-0.044879535123957544,-0.25177908912423574,-0.1652816028568698,-0.215648180854819,2.745372438295071,-0.34244366093146916,0.19716058025379773,-0.6731014720496888,-0.5594847536939578,0.03300875455478421,-0.3983861247330592,0.350726817351626,0.26880933979003935,-2.107227797613592,1.5355006450079456,0.2350249936118413,-1.8122931337098183,0.8759843718128848,-1.2768266200264413,-5.8058947043726645,8.242561901459197,4.293201676037847,-28.785298979404217,-10.681146631517063,3.6056728840400516,3.359610756021807,13.466576907884743,-1.169966713635939,-15.833586645862521,4.498829121100615,-3.4530368116646395,16.10820186311191,-64.98214290143059,-2.033174499998454,0.0
-1.9442799389486727,0.17817438337909522,0.7513276412881313,0.9933994840954815,0.012735218953240625,-0.0005518426147470458,-0.11399550283573237,-0.31983295066377604,-0.03316398758852236,0.023391191063360427,1.170299309737452,-0.7149827066136142,0.03631190896785895,-0.5052813291013222,0.1070072695999814,0.02382256122134854,0.46810120814578454,-0.014622888235404296,-0.09246168731069598,-1.0096185497101138,0.2955377396922434,-0.031902743798031714,-0.3665009848271747,-0.06311235381764874,-0.16705430546936176,2.5449292126525145,-0.5413356589335068,0.27093030923713973,-1.7000035241409086,-0.04854667365996959,0.00016873542557098182,-0.445020409630137,0.413102600686809,0.20364245459286087,-2.132780699319645,0.21836948273434031,0.2761686372677358,-2.5462151047117825,0.9269412933186645,-0.7751067209247456,-7.20761799370498,10.395921545759913,6.505517284954605,-39.343978024823976,-7.354435269237843,0.23863872738006303,13.540980593774773,5.93599672224718,-0.4594192745789136,-13.719150975907695,2.1026186799760413,-8.294426289759574,4.555294227103133,-56.3981821623039,-1.6298284137295012,0.0
-1.9647000598102147,0.18431039440572317,0.7510715738700806,0.9932612208159086,0.008671069676972766,-0.00039714863960246886,-0.11557163167016674,-0.26732270027022137,-0.046627952911255155,0.028512923332365003,1.1116572147295676,-0.70390262984485,0.03421583447024182,-0.5123377704735181,0.11529297883209426,0.027640483742519564,0.4218776694811806,-0.022412864122176718,-0.08641155376466696,-1.0421203199592395,0.31541094825911614,-0.012330280764602197,-0.4617088486098524,0.04090262271440992,-0.10948848003163862,2.382873900353827,-0.7305297531980862,0.22494193842846316,-3.1379252805071496,0.5870547648968968,-0.11091128438108201,-0.4042431414181315,0.42799845321755087,0.14009153798462504,-2.3473781004737866,-0.925293460279219,0.29602180089961916,-3.159554270400297,0.9383274758632713,-1.002038126786314,-7.5393699865770465,11.57354497841623,8.435159044363637,-48.2479918282898,-2.712851027094315,-3.7419600920325937,31.69928875409658,-11.758018555686329,1.6325744255713779,-13.59935347342429,1.7696733013570798,-8.16233718888757,1.613793180720071,-58.882794333402586,-2.018641477906592,0.0
-1.9857085759214017,0.19083191286194479,0.7511822776501533,0.993155320397903,0.0038468579295443993,0.0006317730540285271,-0.11673607887973264,-0.21494670382671766,-0.06355309567453582,0.030760995009246055,1.0162920422591315,-0.6742491347807468,0.028465440458886083,-0.5164280599675453,0.12391188892972227,0.030903385378212956,0.36827505043305125,-0.049275743360408804,-0.08015912334985542,-1.0735464776861272,0.3335480194106653,-0.000611761618045663,-0.549793436504613,0.11503460845665607,-0.06620752310428597,2.3784851279457024,-0.8507217884344981,0.03684520022312393,-4.907718698300902,1.4406745800974539,-0.2778002403456062,-0.23074246739926538,0.4534365414026252,0.1274074718249256,-2.7543215536637766,-1.8451104551898805,0.2893641864783646,-3.635234343702048,0.8020945330012498,-2.0883955287748317,-8.143610058898117,12.045276304229285,9.487445732307636,-56.014621742888465,5.576045184412739,-4.929397553284718,64.49319629892332,-30.479984153867083,5.200027932300662,-14.335500020516976,2.9123450899512084,-7.034149273963723,2.108071301204648,-60.73820187649854,-4.223143340345027,0.0
-2.007334898633653,0.1976780954404189,0.7512356044218129,0.9930638734385111,-0.001810765742372027,0.002476154286178664,-0.11753609257873282,-0.16083330978366842,-0.08147198195075912,0.02814085719331885,0.8822918494376863,-0.6224245829253756,0.019745900348737036,-0.5165009570447235,0.13283793834585572,0.03336485745950648,0.30546066713532916,-0.09257886324870572,-0.07338765772821862,-1.1081222351830313,0.34783651594853376,-0.019727667408825637,-0.6505357594827885,0.1990248291931909,-0.014235799939956856,2.4086795079382335,-0.8264692127079707,-0.22843925655751227,-6.579679523725925,2.4311023959273688,-0.40114185162817334,-0.05996101867276851,0.465981284192049,0.06568738022914736,-3.189690241396647,-2.662898442951216,0.3161215703217176,-4.22204044817584,0.586861808881275,-4.095367793496706,-8.928030945341067,13.980498714353061,12.85010297675014,-69.9777646855025,14.019070470675405,-4.911069349622096,116.29618164408278,-54.06089863226513,8.083494590024756,-20.044251798529544,2.585243707087343,-8.296100796991213,8.268844861402444,-62.26374264220878,-3.849782152094882,0.0
-2.0297445714897377,0.20469052481663008,0.7500538325855911,0.9930431878137356,-0.008501575623542746,0.005538794337911706,-0.1173127107603117,-0.10793241230415994,-0.09642993933545406,0.01839791409310531,0.7203979615319522,-0.5474042323739542,0.015109876466852436,-0.5183388468889014,0.14171872287670323,0.03278937778447597,0.24258830932315956,-0.1526525577460841,-0.06161834329218039,-1.1504604932182911,0.35079087227351785,-0.11514577764614375,-0.7769448853719217,0.32089193444256603,0.14807432775948992,2.2155957530382278,-0.574848565252276,-0.6138890491652178,-7.525239809227505,3.4341138030365257,-0.16821292266030247,-0.30719146078523096,0.45028846062963374,-0.13864131170186672,-2.943290699709892,-3.3932375397662446,0.5728092111374462,-4.382708343576861,-0.0011501324270312679,-7.619444485376136,-9.111904243957067,14.420380559838867,20.68823654174274,-85.84786096944829,24.569163767380786,-3.9878762495023476,173.30440451528028,-79.75063206417883,4.567977598358427,-32.98302077882452,1.1128900544245204,-9.886243651790842,28.899190525811914,-42.12313497006435,-16.702752366530373,0.0
-2.0532796481296742,0.21132638470916376,0.7465763902243379,0.9932797351054472,-0.016237115341741624,0.01030043500882228,-0.11412986004047992,-0.07394755616921296,-0.09149108458519506,0.016936206434462087,0.5708985775209728,-0.5176926289476284,0.05251907411954755,-0.5463808178171261,0.15035823100793766,0.02927227095335533,0.23086945325773162,-0.2177144475971115,-0.02092380332769987,-1.189644220423125,0.355313570096884,-0.12928736962440596,-0.5281576965453194,0.4262448945306509,0.6575868435353063,-0.7004450941317452,0.056600771785815907,-0.2407840251277661,-2.9456756359840663,-1.222649135790599,3.6591530862931325,-1.8161853621397228,-0.30873998662688634,-0.4539621366713259,0.9514424495018045,-2.381805615184739,2.1838860218639584,2.069413322169317,6.77232688083054,17.199257900459408,74.3732476468139,-4.916203412917182,40.291792841081815,-415.120099598168,-84.46908982981631,-41.39026445920897,799.6105953858769,141.2057799374809,-230.07269274487882,19.67978374229826,-146.99870770922084,-19.40311827484741,137.95950045237151,124.94183982326203,-23.14792033880854,0.0
-2.076671234007439,0.21934735286864188,0.7462912290946164,0.9935946516204895,-0.016098999321678943,0.014814966006014235,-0.11086481531233475,-0.13134568001620664,-0.09634043807457073,0.023225569522918113,0.5927371867582295,-0.5174372154995325,0.0940062103406879,-0.5913224472324217,0.12781918933690495,0.0031700677603897867,0.2996629830294947,-0.22407732282971005,0.006356165289341523,-1.1185387534704931,0.41783735106728115,0.06246253078049077,0.2216412859226531,0.27732455405316564,-0.02819412397527335,-3.165930731947625,-0.35765671780096864,0.7799130225131691,2.03500106177833,0.8723673943871407,1.276288075148397,-1.8472398209165108,-1.327941942599674,-1.165932903912179,3.9090838946256685,0.42110305522921593,1.013086031908855,7.319491509820567,0.5620993971699816,7.21296560479651,19.52383780538103,-27.74789331547952,-44.849371977675816,48.288518710062895,-2.803657052760072,48.779378174757355,-25.531329853176825,80.70870927808119,-59.473376453634444,85.01322139595878,5.154094268276746,52.58481894682993,-39.67602633151613,33.97576824056972,-26.63722699222614,0.0
-2.0989701836159447,0.2273653580677663,0.7472196912235884,0.9934899765097165,-0.014108771388208468,0.01768603535120807,-0.11165040661902305,-0.200832376766827,-0.10138027874449095,0.037893650661164416,0.6431938878184345,-0.49571418075247337,0.11540941590125159,-0.6352925087276726,0.10920571065529552,-0.0033341794445647353,0.4167390177271354,-0.21543107485007942,0.022358323729979392,-1.0929118550868169,0.3790399035557791,0.04563166476190627,0.07580132576796471,0.23597800711780023,-0.10540425355655732,-3.290985840861822,-0.09521752051285946,0.6800277877808316,2.3516778252495203,1.247969598127757,0.864114938379631,-1.7700823154698926,-0.641490500939833,0.03010603278934492,5.614702425364688,0.6267074333384766,0.6484214952514986,3.370414493787005,-2.7881779878655464,0.7153007879691443,-12.364898635890848,-13.12094451627866,-4.307835977359048,43.08903493087804,20.61118042019085,-6.906094013329726,-48.610236039629626,16.3338983428333,-23.3055787346611,84.63654804321726,30.018632319294134,20.23391702647343,-121.18776500530899,13.289642037305672,-14.814224494890997,0.0
-2.1204331044354117,0.23472351352845564,0.7480667387264319,0.9933190022347316,-0.013365335046023856,0.019676096844216298,-0.11292288887325411,-0.26010777452431527,-0.10217144970324137,0.05059459182782058,0.6784934029086226,-0.46653580598189615,0.1301883402965486,-0.6656475208710858,0.096191648480302,-0.0036754239340165296,0.531787792450841,-0.2145738786760848,0.025384469206839635,-1.0524026800515904,0.3550574938275837,0.04905847501206481,0.006977879065272134,0.15474356563431965,-0.13507308213577046,-2.624452765072697,0.039837327671094616,0.577287832816548,1.2423539300898683,1.6049904025432375,0.6183442885358491,-0.9645262783969796,-0.6148775284066597,-0.018116662964634527,4.859068102796698,-0.0019714105147001356,0.031249941328898863,2.409840134732459,-1.6015985801825556,1.2487012491251979,-6.74942746736567,-7.161701303055564,-1.4270288790829537,39.46335161213054,10.729361083687175,-6.9937957013887395,-57.15471807519483,14.288488551769131,-12.448665560428902,76.78592005270065,7.022524894553857,1.872303209197303,-145.14272267775723,1.114284031848305,-4.889871227407756,0.0
-2.141333344736864,0.24155906562002924,0.7487826370129341,0.9931464499249206,-0.013841585143396147,0.02124307982554569,-0.11409325607489086,-0.3096713441053218,-0.09943890572446966,0.06051153616132307,0.6979792297746417,-0.4335676018157604,0.14118037115717022,-0.6825762429062632,0.08195980474733264,-0.00947566875769413,0.6317532570700244,-0.23106211215863565,0.02004471923413059,-1.0359146021131382,0.3278974952119764,0.03456926959690427,-0.14301470803105487,0.12801345992085428,-0.11333228145253711,-2.3128671316403335,0.2460891302252304,0.42079331844189,0.7336514401718913,1.6818797491511923,0.472788385027059,-0.4728844121669429,-0.6863963776840978,-0.32682505212260715,4.255741928880813,-0.7876636920719459,-0.2775814002762157,1.1210614864861006,-1.6697975122042923,0.4019065973846363,-9.937583711324196,-3.8031778717606644,-0.7564592770730749,20.141827386395235,13.628853842318863,-8.453209356969234,-26.564188444665117,3.0782830160909698,-10.06557121206323,54.32008800176356,9.467400058348396,6.4921132279419735,-122.61499680234678,20.89544565714666,5.167558145758217,0.0
-2.1618667778903733,0.2479320297714031,0.7492403419075269,0.992967590721279,-0.015550979420909947,0.022350237837613744,-0.11521283645857691,-0.3527639379621205,-0.09345294765252635,0.06799040277280863,0.708703811316089,-0.4000073213405547,0.14960302454231378,-0.6899061703821595,0.06708830054779391,-0.01650482821191324,0.7242471839253568,-0.26155989411357805,0.011183958912349575,-1.0178071451685424,0.3081977044730594,0.022109063641188816,-0.23708201539938412,0.05219890371592105,-0.12674132335124902,-1.9954060966939364,0.3797579532065706,0.32419945728338456,0.35312539845234087,1.6774186745151478,0.33165011981103043,-0.03303267564424631,-0.7054884177082812,-0.2760533317662632,4.087459725449868,-1.3738987531582225,-0.40730251429071723,0.9864104445147339,-1.2907809516461244,0.3784087641229529,-7.670362489604687,-4.806459225221013,-2.2050552306448736,18.570944344497544,10.988627173772421,-5.868842546005423,-20.661248893519463,-0.2073431777071846,-13.135919816155818,48.63536226192839,9.481060991000707,13.142097915841324,-101.7209140726988,35.023015623324106,8.211090227968693,0.0
-2.182069629616605,0.25397869411773394,0.7494619379705078,0.992770309354106,-0.018079043824148197,0.022787834061161825,-0.11645160221378818,-0.3901390713488073,-0.08536933009005257,0.07382384870211973,0.712989322913549,-0.36676729652602336,0.15434530367455881,-0.687706407459323,0.051246408680896346,-0.022888622161834522,0.812159700549063,-0.3024953978758911,0.0010583249589948833,-1.004014731616129,0.294902745266195,0.009759007043548477,-0.2935410584176173,-0.014237550222535363,-0.14486475392963974,-1.7558372787640337,0.46122985211913575,0.25441476687314013,0.09270757149936625,1.6662537862687585,0.15271219443416748,0.42326907736254227,-0.7670626194557398,-0.2536135392634085,3.904335244581222,-1.8259376345761908,-0.4500115946538517,0.6067623038294503,-0.9691414157970031,0.2251011626503837,-5.990605748238207,-3.3517056415169866,-2.541362193790293,12.13116631719386,8.549510362365128,-4.633855752506285,-12.636980003918724,1.2862949933062573,-8.776845603934976,44.15372604951458,8.951910218987026,12.557620510840763,-92.92422559040936,43.80824672890003,9.37989444253301,0.0
-2.2020415800008037,0.2598307513634262,0.7494668512739482,0.9925494791287667,-0.021022280059898382,0.022674624204473765,-0.1178535389349152,-0.4233165362867249,-0.07640380976564233,0.07836187822462373,0.7126176066231489,-0.33302901385846323,0.15662136827715895,-0.6753555410006243,0.03388276146634024,-0.028956086648405727,0.8904026020943384,-0.3480851090021485,-0.008262892312010118,-0.9952289361301566,0.28833460353185936,-0.002266524857929671,-0.30693954551502783,-0.06304026317418822,-0.1672739581883864,-1.578492270613601,0.4772327524101914,0.204661364065477,-0.11345889172040413,1.7143859800679941,0.07904519686555074,0.8978506982522683,-0.8460031586699798,-0.23721602913791306,3.3848542090452742,-2.0092623151843876,-0.40090334061696686,0.2509008894640327,-0.5959041516732535,-0.031034166694087706,-3.374810359831519,-1.8533129607753547,-3.257556799378319,8.342567095951281,5.533806018108613,-2.263704818117369,-10.252873661342775,3.5627106180895978,-3.6460355247797214,36.09471619818235,9.112967214588329,13.25563051369378,-85.56420448657495,46.14751993346328,8.686305131345236,0.0
-2.2218758968636605,0.26557412901045013,0.749231595740869,0.9923101459718158,-0.024030541364515056,0.02208818746056529,-0.11939522292717823,-0.4531417334808624,-0.06757956163225688,0.08189007335495785,0.7082246394023363,-0.29797776883595095,0.15809952951423598,-0.6536053673568134,0.015572135670353988,-0.03396920254573811,0.9562698629002635,-0.39440027279655715,-0.015604557973202215,-0.9907169157779194,0.284163265762565,-0.01617218739408598,-0.2943427621200679,-0.10422926732360738,-0.17774372209190267,-1.4304899904825825,0.4515956797267502,0.1598149748037835,-0.30112545832757825,1.791028715673186,0.05996559772319565,1.3099370188427035,-0.8736264263856428,-0.17286620976862663,2.828878706712225,-2.026209294069627,-0.307895002195665,-0.06714483804357205,-0.4457421983696567,-0.3663531339656733,-1.8389332172204242,-0.8208499944227314,-2.7852544681650118,5.386070243072324,3.6049497660467216,-1.354121907687488,-8.138258859763926,4.461834961984068,-1.9185625973002123,26.676949557895693,11.000400766400244,13.547597805247804,-71.28910673866031,45.855128547628084,6.817070124098273,0.0
-2.241644778214835,0.27123556643389457,0.7487352596146184,0.9920689648103806,-0.026883442551992057,0.021068611918473742,-0.12096513203582135,-0.47992507850513894,-0.05948051480172842,0.08465384786518373,0.6997915952619559,-0.26118565512535574,0.15945394932138718,-0.6238313795327257,-0.002410621049154624,-0.03706750794648031,1.0102228355974456,-0.43955406140599357,-0.02128118596307787,-0.9892100816064356,0.2804557713109938,-0.03035993847898131,-0.26535688345427105,-0.1405554077471708,-0.1746569004299837,-1.2887912584967058,0.4041435052224852,0.1264827973283683,-0.5012999822284274,1.8856923221957254,0.06101142306874282,1.6604377148930305,-0.8356790260435801,-0.07873678724017832,2.3111282707684127,-1.9719850549821223,-0.2393423505157736,-0.31509885142992283,-0.3887140317824365,-0.6093777631799279,-0.9140240078039115,0.03019013081168706,-1.9059182624739013,3.3369018653050784,2.2797020711768545,-0.9670737006115206,-7.124945065466378,5.1537303770752,-1.2576042129987655,18.765665337047132,11.862560108246653,10.414340708013636,-56.98356886661457,44.05999017312051,4.972959257328084,0.0
-2.261405561290794,0.276805460406209,0.7480107104886771,0.9918405391293875,-0.029479478054904987,0.01966878351980891,-0.12245997006364515,-0.5036344474251504,-0.05234084358292545,0.0868213739464493,0.6867608922144073,-0.22224176306470522,0.1608392288538234,-0.5870883512810634,-0.018678706645745495,-0.038531264365705066,1.0523102272197915,-0.4822001338743897,-0.025073508119849545,-0.9904479534675344,0.27553628970147337,-0.04163975089324226,-0.23244421676885615,-0.16976555253623213,-0.16299099910343143,-1.1398697647589848,0.3520439681446214,0.09875699282086864,-0.7401698030243513,2.0019049824378308,0.06670838557017986,1.965861397157585,-0.7268716336213252,-0.029397985658623064,1.7718182019137187,-1.8599891173363503,-0.1551526940043291,-0.5507954085777085,-0.40945379892147166,-0.7377688026026077,-0.5302534280871095,0.9743770963191611,-1.3140425159500095,1.8131482795425442,1.6878515891828263,-0.8299805867731298,-7.115040742928654,5.909387505500262,-0.6784961950321289,11.537242211707877,13.343718817750306,5.339644974220677,-44.479263306365944,40.943022089827224,3.1600352109071563,0.0
-2.2812174325246577,0.28224070977971516,0.747135706441141,0.9916337390181187,-0.03181674317267698,0.01797021014232967,-0.12380344923414678,-0.5240612450858121,-0.04614866871224133,0.08838474567034144,0.6682196283958036,-0.1806446813825828,0.1621167984032017,-0.5443941993346522,-0.03149233944725405,-0.03963024012600492,1.0824140262979884,-0.5217923372590164,-0.026321361208440763,-0.9947532495628132,0.2677501049580374,-0.04836487696774897,-0.20363167381399802,-0.1908128101448406,-0.14613404810477795,-0.9769509595170732,0.30538112715678967,0.06826924460334427,-1.030693154425425,2.1442682032469267,0.06119537558694383,2.2186335848578045,-0.509274284744889,-0.03496315015498565,1.2312514500100873,-1.7288576459435816,-0.033608380285096655,-0.7910124335833243,-0.49898640164458424,-0.8064782440226027,-0.39114739572315343,1.9139281000762913,-1.2534948471424985,0.778925297698944,1.669688611461539,-0.6788394870996529,-7.794466275259731,6.6351338166617255,-0.43013222655545685,4.174757358185718,18.38523009186425,4.108717467977334,-31.676895374794327,37.40710899672285,1.1209829872215356,0.0
-2.301143313274898,0.28747449600987784,0.7461939442064357,0.9914567649724468,-0.03394135358561396,0.016060475521948513,-0.12491408580763427,-0.5409095838494541,-0.0408009650244795,0.08919519547723752,0.6431234707413055,-0.13590166911925494,0.16285140282023727,-0.49684355415633824,-0.03854447423066533,-0.0417422769287265,1.1007290150700124,-0.558793280428913,-0.02588305541695447,-1.0021379202421143,0.2563473446130105,-0.051331552781706244,-0.18155741413018378,-0.2047669863937073,-0.11869486385030038,-0.7977176861733676,0.2631885515207875,0.026997520149520247,-1.37403763555168,2.307862699475772,0.028203762956765136,2.418586567412969,-0.17715185480786222,-0.1242876484485996,0.7012893278460239,-1.6257129383006332,0.029741289568169828,-1.010893043664097,-0.6090100742830952,-0.9350690907018102,-0.3445153255671394,2.7214504799185777,-0.8976690197945909,-0.06770462093664187,1.5145239818430833,-0.8803868015438142,-8.455536456511153,6.885231903038162,-0.5558665123697374,-2.730049540302498,22.50633868317876,0.26959551933063064,-19.105315699983812,34.266828655725774,-0.2541449023049331,0.0
-2.321234835701083,0.29245123301100084,0.7452271381513474,0.9913192593641065,-0.03585081557279621,0.014001089748318396,-0.12571720058299912,-0.5537699811225183,-0.03632680094175599,0.08917869538884357,0.610302011749819,-0.08742842853023361,0.16236424882116976,-0.4455869051574434,-0.037643355187879035,-0.046225905641176235,1.1077174979182738,-0.594049080441879,-0.021889406810998033,-1.0114799455741073,0.2430785205581169,-0.0537965329461451,-0.15434588390460233,-0.21459320516867988,-0.0870951782609191,-0.5957114909847739,0.20950359358555723,-0.01816136474871155,-1.7766918839903485,2.5000289421435964,-0.04079991339418805,2.560929556176432,0.253245693209758,-0.27475522692380683,0.19642200877342048,-1.560910269414636,0.20265355547634128,-1.151498560917999,-0.594006521645903,-1.245371934708231,0.39941708797563635,3.3150564975860064,-0.948391378338,-1.1079361990821868,-0.46681660527744123,-1.631471595663355,-7.976619789216709,3.869905688609775,2.7845634861787087,-9.413037212606461,24.72914366574669,-3.3973058869540216,-6.816068831658988,31.984131120214272,-3.352789827294189,0.0
-2.3415990673043376,0.2972152532009411,0.7443015810021163,0.9912575713442727,-0.03723417478850627,0.011980242662230908,-0.12600998875576744,-0.5642152322915798,-0.03502623885857934,0.08631568681754538,0.5727267754272792,-0.047011320724083816,0.1601600886755896,-0.3924867495076743,-0.027443915097385037,-0.05350819704211386,1.1045633002856607,-0.6283243865101167,-0.014154396939038963,-1.0303743078706566,0.23650290860676432,-0.04621828567275474,-0.0698394734567353,-0.182453204396088,-0.0144189081901958,-0.5581524684834841,-0.03309965202167614,-0.20668230934208826,-1.8562807315637175,1.5050993709930611,-0.10679211169892842,2.5832240707239396,0.7084912939971106,-0.41601925655096816,-0.253534616179086,-1.524571637207349,0.3663318404500372,-1.8393908422989522,0.011638772648797467,-0.4546560408054214,5.231923848964337,6.463474463572842,1.5001955864652319,-9.930039115121948,-9.653404813819995,-4.359893511340744,7.247337641917693,-60.832364181517875,2.6139044530043227,-18.819968082767613,20.516634667486596,-4.3323214997825215,3.0368273270864994,30.82178810805638,-6.668268295902212,0.0
-2.362454536407263,0.3018604577899316,0.7437561247920474,0.9913415437527143,-0.03753788107231694,0.010294440222170268,-0.12540684038400507,-0.573674254011044,-0.038040550756605514,0.08113421468508682,0.5329632255506234,-0.0305117111399832,0.15690527429679452,-0.3391294507530341,-0.00690967070602625,-0.06258148239653916,1.0896148078386036,-0.6600850578400619,-0.003238446956408316,-1.0596068998216648,0.23233778146708692,-0.02051081802124357,0.05364112906405436,-0.12903810067649485,0.09131443443415052,-0.4806313968398228,-0.2429971354803801,-0.26872482850399565,-2.046213804748098,0.2791648394848346,-0.161700893192591,2.5554988878032527,1.2365540599018408,-0.48992580794562235,-0.8349645915763918,-1.4035913714796628,0.5015737769606694,-2.3546575910904033,0.27922118275602337,0.07600060021949998,7.896338691367822,7.604786529737678,2.5178379334708616,-5.5709995451309045,-9.65402607668752,1.6277952698003264,-5.033429210904689,-56.06954663396499,2.106194440113538,-25.364141983022005,19.10066547956402,-4.7323031095192425,11.941546368306703,27.915315381327094,-9.617240122895144,0.0
-2.383948595565748,0.3064266365875005,0.7437586887027334,0.9915901698214808,-0.03649141261042452,0.008921494024278186,-0.123845544382825,-0.5799855790810702,-0.04403140687914561,0.07687905373654565,0.4865219184505025,-0.034786854559912136,0.15353320071011983,-0.2863801511472069,0.025210032530375296,-0.07044096448384139,1.0605981396161324,-0.6856712716679403,0.008951183226570302,-1.094585880147143,0.23024847580024393,0.00530171795860977,0.19516997097945918,-0.08757121632453864,0.18750273231688475,-0.2902942722999232,-0.3723681857540457,-0.1623394402141592,-2.43554529858412,-0.7406182766814294,-0.1433541823143199,2.4857178333583985,1.796575008371966,-0.38218010969055966,-1.4979517021455733,-1.1003880525546224,0.5414541946314384,-2.7377681257545876,0.5926097201239595,-0.28908567271253055,9.581503774191084,7.56072436629142,2.268385744245764,-4.1080672498779105,-9.502467778687262,6.26289265068494,-6.6524454508742,-63.84543733349055,4.6353167236541575,-31.849566626362186,12.664974016376775,-4.611334722404231,25.065289882653616,22.06992255877676,-11.045824936054652,0.0
-2.40613800725717,0.31107325668726504,0.7441654325718378,0.9919583773636351,-0.03375961583080819,0.00770077886871686,-0.12173563127480679,-0.5813274543479067,-0.05243975387225358,0.07626798940230958,0.4306817340359274,-0.058621213878863425,0.1515519345112105,-0.23469595074153443,0.06660640656227616,-0.07263087396474587,1.0137336103432883,-0.6975976348959767,0.019603142414359828,-1.1304023330975994,0.24033546893279836,0.017588077943900014,0.3819069599405659,-0.05524825963668907,0.20923239290449844,-0.023058887298357877,-0.501251749485694,0.059907945651280645,-2.9231589106518174,-1.7571703179329592,-0.04422154492832448,2.3972803557789977,2.1344960217730624,-0.021742025978783518,-2.369679472608584,-0.43182977583230825,0.45204172634340034,-2.9048167013976487,1.2782037896388954,-1.3720299288723325,11.809559807841417,7.385788162526214,-2.4222454202682506,-3.179965375019789,-10.094812209104568,10.204699935187678,-6.436707749959569,-69.91188744497516,5.836422259124579,-38.40761172849624,-2.8721630177472086,0.7025908316597633,40.28343660168677,9.497066220803845,-9.7901979933921,0.0
-2.4289381487384523,0.3160951076154191,0.7446403289425642,0.9923233644767011,-0.02888823313294757,0.006434469299924337,-0.12007667510772183,-0.5763084557632611,-0.06394462368885967,0.08023350289703478,0.3639963779949389,-0.10293471690475228,0.1502034800869764,-0.18210955475155324,0.11163298871987659,-0.06096808116084883,0.937868496494889,-0.6809129786059192,0.027967901818020453,-1.1600173188027543,0.26762778176775703,0.007891985605633072,0.6181556961365798,-0.024801830237560624,0.0986411779917689,0.2815731688582268,-0.6664390149470082,0.3087078943024165,-3.43656232640594,-2.8488311159257305,-0.032460584939991634,2.4381532572478393,2.115419782143507,0.8051445922838815,-3.8764081413432376,0.9629862050694984,0.33913210542807887,-3.0063612729124443,2.2552317855655466,-3.1895560176756956,13.860068667725065,9.130693325105549,-10.609914412627324,-8.165907115558134,-10.77484197154237,11.096876595217052,1.237017648429827,-77.92398744881638,3.41742379858095,-46.093965985969106,-30.46127320548301,1.5084535442450342,60.26442993256557,-16.95627311839332,-9.0188742787445,0.0
-2.4519901475897665,0.32178373500784074,0.7444701712685624,0.9926234326312205,-0.02163622940390054,0.004940293695148758,-0.11918971460155475,-0.5707539901203198,-0.08178089986029256,0.08167877451982378,0.30054023036197597,-0.17410389549081148,0.12747563380816895,-0.11703574723127325,0.15015699777568398,-0.02856976692702323,0.7902779327309273,-0.6120488966803332,0.03218187184350194,-1.1669412889854147,0.31388594966630257,-0.05469638301122195,0.8993270777949686,0.002794657599655581,-0.047896946092893716,0.0978014918482808,-1.0639744432658722,0.027125844954198074,-2.8963088021513888,-4.077158890073757,-1.6586645628688628,3.1476849253033308,1.4520180558987597,1.9501308829232795,-7.914785035816271,3.442533963910128,0.1347172773420174,-2.9273640381403103,4.1192835310221,-7.143675718541943,20.34382926023799,13.598544060024555,-25.253762699897443,-30.048392629149866,-15.68472967488845,2.7694191058545066,31.663371399471266,-45.470195997165206,-40.670916197288584,-63.87394385289834,-72.48453494328484,4.351314162232901,93.32184327108006,-69.8561447240475,-6.0864077216499695,0.0
-2.475553058235223,0.3292148026429504,0.7415345054173694,0.992593524122051,-0.009952969244635606,0.004934654274303586,-0.12097389578489852,-0.5984053555988248,-0.10887839181367034,0.07310133242168504,0.30815364118756805,-0.23551067187059688,0.043484731076009184,-0.048768387217452844,0.14910004568008253,-0.00310273174002471,0.5791525303267712,-0.5150591550106549,-0.0073702345415081125,-1.1942568874681778,0.42159125793360097,-0.22036927329625772,1.373906006100737,0.28143984230874725,-0.5667518035878663,-2.056302294988086,-1.1752642734791063,0.060265853457804386,2.4331371559130153,-2.0049588782359824,-4.265230502919365,2.792637333905404,-1.0846042496649488,1.0272784859089605,-9.704609372051443,-0.7240013010100297,-3.3899009560401727,-2.042099327517577,4.763720055406689,-6.107225521481901,17.429669430337235,15.948037682537986,-60.30364281550176,-25.251657883622016,43.33043916699698,70.53427830744786,124.05649882339243,106.69856772795808,67.03002645507362,-115.77858838189744,-73.59009006537174,15.395659390650428,229.19600092970208,-723.8471229811393,-69.8393364046234,0.0
-2.5000398455457384,0.335837384361985,0.7403836151744941,0.9920735991382491,-0.004809617055518283,0.007278477466763646,-0.1253549569918388,-0.6447251927495538,-0.10147442572799552,0.0809794796367136,0.40461463346438675,-0.2628016994282247,-0.02017647739386936,-0.07988766985469407,0.14345926840303536,-0.0030991443263902445,0.554672402986438,-0.5172835652364036,-0.08765512212403373,-1.1927131218013,0.2572553234152181,0.06454192779412504,-0.08838424765331623,0.06696207508507757,-0.1159322879320132,-1.634788215788358,1.106373250329797,0.24687079790407626,4.983037833216982,-0.8068270830359837,-2.523759312321229,-2.8482292314988356,0.16461469114608923,-0.6595105295888682,1.8572746541847365,0.488553672567849,-2.090783469901678,6.570379092683722,-7.405037923161188,10.827290528859866,-46.91460550499881,-38.60315820771757,47.403976865395535,119.0536248821343,41.65498593565898,-32.781860544686495,-76.00829949694536,46.68387478549619,61.38514625574295,7.327943243427479,34.89024536942144,-63.952106639963645,76.33857373258493,87.13575364380142,131.01036509057707,0.0
-2.5234083568401866,0.34108828804821695,0.7425315655734152,0.9917677325461676,-0.005548122858391648,0.008147985216670964,-0.12766986077336676,-0.6724473170366493,-0.08015928215825854,0.07629026626992046,0.5176350696871165,-0.2816805529535623,-0.04531264951931034,-0.14624034317356607,0.1460032332302398,-0.013257396712775293,0.6084748729127297,-0.49936061027053336,-0.11524738619109137,-1.1326578643718996,0.26983403908768455,0.14312597379285089,-0.005916458651625683,0.01637633526492007,-0.2724264748981665,-0.7274024401797211,0.9332947183829248,-0.42105369181469615,5.00523362032426,-0.6955934154385675,-0.8563243535288627,-3.1394549458024144,-0.007234659494635254,-0.38923851928366476,2.472649809591997,1.260779936996359,-0.922953378059609,4.627215477268502,1.0130262758975497,3.9353595018086085,12.511608123463974,-9.90272267426937,-0.5092240078588276,94.06070741592826,-20.195576560490018,-7.797233089760387,-129.40659483897738,28.813879773459995,23.890626571661727,47.878598106903354,-20.30642918661493,13.097545776515958,-69.6750968628414,39.26126643957315,41.670837358607834,0.0
-2.545642606481497,0.3469319130146483,0.7451297785357094,0.9914285698413219,-0.003980490891553084,0.008297437226488638,-0.1303253587377603,-0.6881600852623223,-0.06469538266006575,0.07198101226896603,0.6391771631862884,-0.3215178852972976,-0.05317811204008076,-0.20671661870082272,0.14103434252173522,-0.01874541630619033,0.652729375390813,-0.4720885536396089,-0.12555994521373992,-1.0871124304787887,0.31188224190666514,0.13287617503750496,0.3213251005827583,0.018993482727451917,-0.24081438932519914,-0.3808664643226204,0.5465423559098537,-0.0880922195047368,5.54749079394685,-1.841281262735842,-0.25796040999404185,-2.782285076243756,-0.487200375781228,-0.16369485942120243,1.8168802520012082,1.4580295217333128,-0.2583646435692668,2.9656107537986784,2.2232824235261845,1.1219578531948964,19.68718660966495,-3.079420628886938,4.65045559718233,65.99113006618389,-30.550346927589395,10.628865338767264,-128.4155644090802,46.5950180042631,7.103702583719014,32.51607051769147,-28.00957944766552,12.644731347066081,-51.22017694049717,10.431072039955362,23.216552304900883,0.0
-2.5670921328877134,0.3532646113691207,0.7476059987141571,0.9912292746019193,-0.0005233798430729736,0.008319729547180448,-0.13189023218553278,-0.6940308294952487,-0.058012138652125,0.0637756861821071,0.7556014501488838,-0.3692347052610367,-0.04891518300570355,-0.2575159314801423,0.1302311250158603,-0.0214899375616755,0.6783771465414801,-0.4403947839925162,-0.12795571341016798,-1.0587737136260946,0.322373700049461,0.12651476930590289,0.3900421752079777,0.06282580416988362,-0.09049327061966908,0.06654106522411148,0.18705165580412234,-0.48311088186605095,5.069717755862233,-2.0795585828351983,0.2673729258367929,-2.325580154003906,-0.6190614967305016,-0.10022613093104236,0.8455439585688342,1.6925081651124105,-0.026875351293676412,1.5033859041212436,0.7255418134254503,0.8308144910832372,6.495266859956241,1.4776753160102716,6.960381689570735,53.194131395779934,-14.030574845215686,3.0127746099163204,-131.49400423238833,50.24949456489103,-3.347630970790166,23.0929159600753,-10.433328027037776,4.663256269376641,-46.225946043473336,11.76421890650268,8.680667684089487,0.0
-2.5881771410253456,0.35984866274992083,0.7495827128663052,0.9910582807395727,0.0035483765472963022,0.008830324254573947,-0.1330898890786204,-0.6946008213923263,-0.05418650021733934,0.054404078307901074,0.8724696043882314,-0.4176181931643688,-0.0413271605344821,-0.3035501731583931,0.11822196509317959,-0.021344568603697437,0.6924159221785693,-0.40629507252502184,-0.12533145870740364,-1.0474868930815722,0.3370350548079263,0.08904497990646015,0.4374384295614523,0.1256420954661139,-0.132803896709514,0.22007970070605753,0.15913786150867085,-0.39191932677630564,5.372684833645206,-2.0460342914119853,0.3471452924128167,-2.2349949073138213,-0.635588864678449,0.09398167979496334,0.5287587824655883,1.746695031429604,0.231890856592131,0.8711102347036827,0.9787158446097091,-0.3409948657505108,6.137994654808591,1.72806866951325,-0.8165955013465853,44.562881501530484,-5.787406343221161,11.406736751418638,-112.23363223987079,53.83668184198194,-6.680546939051243,9.880340881593272,-6.639318074567439,9.216696364996592,-22.36187448848082,6.514802678793272,9.481739405079304,0.0
-2.6090077800709506,0.3666333168699462,0.7510319671797409,0.9908288028492489,0.007793655409233541,0.00968120243360766,-0.13455042437363635,-0.6870234605997123,-0.052065099825896466,0.043287725020464976,0.9768390390698165,-0.46598727258062317,-0.029733762079022147,-0.34622314573912777,0.10667960162136661,-0.018141103347969985,0.6982891511614951,-0.3702122173480663,-0.11938630646698385,-1.0363776232937567,0.3428950985360736,0.06605936723655757,0.413880550447563,0.1512373333998968,-0.14997109218844865,0.669614612302998,0.07241250856589904,-0.5779336520111776,4.454305424081872,-2.1192300196932723,0.5424508804449188,-2.042436013931192,-0.5648214044149028,0.2111065145793345,0.09012121968491722,1.8625710612224182,0.2995994738566628,0.5168663720005654,0.5154763746586553,-0.3742234747764328,1.707227726642687,1.3469476213661877,-0.20857867436280453,39.142001270943176,-2.6624552180903227,4.725386975220247,-117.03607323664659,47.650233391410815,-9.952350071595946,9.440321083556839,-0.6161281937186671,5.1995842962939935,-21.550808078954176,6.7992822373462,-2.5060168147156268,0.0
-2.629596183507132,0.373496818292089,0.7520651214114806,0.9905351677890449,0.011718115311191294,0.01053954401557566,-0.13635132987479343,-0.6686666791276697,-0.04975345637153421,0.03190306351840495,1.0580137845831004,-0.5138846123602924,-0.015241459077874333,-0.38479504576488893,0.09701150350609893,-0.012739648173605279,0.6963799952979547,-0.332180336349686,-0.1138343671740747,-1.0246863462109796,0.345060951540951,0.04368623933953554,0.36757259747425003,0.130455328119391,-0.19437052147884093,1.1853157964821124,0.1418850115407824,-0.5178185732191201,3.3617192192698675,-2.1046518014437496,0.6568350035372575,-1.848067464397492,-0.4478767693419727,0.3055350516496935,-0.23777035979451827,1.9492076549715973,0.25643332391566015,0.4091921262315271,0.30624712944008164,-0.7434571708961972,-0.45119647690018605,-0.11100828497012558,-0.8166637427582026,31.211605308886355,2.4339633520511557,8.481574837600364,-95.31211724526494,45.48811475289487,-12.792466610589901,7.476234212640302,2.133156546902304,2.8700169134227993,-14.458865680235292,5.951297863656575,-2.150781245582221,0.0
-2.64990241856783,0.38033960221080265,0.7527723644774945,0.9901713273380841,0.01492135859327013,0.010978911905446712,-0.13862741095699022,-0.6388962586723544,-0.04454472592130801,0.023517279023088887,1.115118206091285,-0.5592417052884746,-0.0006915728102439452,-0.4183449970099254,0.09007676457462908,-0.005985151952183979,0.6872217413443115,-0.29189508049617,-0.10939137747850966,-1.0099156795121784,0.3418219486126018,0.028469783304891187,0.2833290779432892,0.061560125632915984,-0.2406638964556825,1.722891273551736,0.3207605351900226,-0.34720717914234817,2.2744118005736254,-1.9858365942768759,0.6381173999847601,-1.577006999898794,-0.2945622114688183,0.346438530853553,-0.5980627739587677,2.076432871747635,0.20973556728771905,0.3915870112864675,0.11149792943434153,-0.8838239880689794,-2.664792630533988,-1.372613742180151,-0.16991257320172637,22.85442744563327,3.925216460258413,7.226289779745428,-70.84486042599448,42.39968927022209,-13.115601463367307,7.865562107491285,3.7578842718548056,-0.42021506177403734,-12.224109598882361,6.966351950662665,-0.4383449266244319,0.0
-2.669903378805744,0.38710745076612785,0.7532369164876163,0.9897565392287488,0.01704579644732721,0.0107651571325933,-0.14133486926203243,-0.5990921251657276,-0.03595831066491367,0.0184925636862001,1.1528180272258908,-0.6003047045998104,0.011695637182554851,-0.44608036441181104,0.08630574632879195,0.001068454725825839,0.6706084411979686,-0.24849825304076797,-0.10579645362914417,-0.9950955975828685,0.338269399388761,0.016248584851912298,0.1764471286027132,-0.021614278360435286,-0.277906655904692,2.1557058772483213,0.46262772606761865,-0.20210772662618814,1.4979602939432808,-1.7815367253010284,0.5287690469670785,-1.2863410175049281,-0.13551003917236393,0.3404680743884517,-0.9635002634126922,2.2407194016269916,0.1726267301381103,0.28185099077991665,0.19258388101219875,-1.068026500821105,-3.508897076135011,-1.2100210355716956,0.8826798885108585,12.927663529531205,-0.5644254627909315,3.33598532316129,-44.52010846805168,38.82704058563,-11.282044939063121,6.804204664694355,3.4343682200833676,-2.620039627713523,-10.43068134142026,6.75090545982297,-0.15773940747469173,0.0
-2.6896126634157844,0.3938374447447132,0.7534899281796545,0.9893216694023622,0.017958081994877393,0.009841153369142203,-0.14430278390368348,-0.5515154842199461,-0.026020270978839976,0.01559755611923082,1.1771774320196493,-0.6364997265534724,0.020894776266030538,-0.46768954680627617,0.08546105117540816,0.0076262615364849785,0.6463571974760448,-0.20166201151701574,-0.10288823405665844,-0.9814376375201328,0.33830445980144175,0.004932086429732668,0.06726105169774658,-0.10770726951774005,-0.2926720125498954,2.4814257261567665,0.4649120119669903,-0.12545699490104062,0.9814053264192075,-1.562859235033025,0.38328404380585934,-0.9816420854984809,-0.002933291452361942,0.303420836147222,-1.3435284893193573,2.404496266358004,0.1384838605095164,0.12229533890316678,0.4524044766210572,-1.287065350100084,-3.203363101382212,-0.5723983828802649,2.2196804890336796,4.36937066068748,-7.940269140825275,0.3700480224212459,-24.88257500634098,34.60683797353662,-8.374200620749457,5.458818811392207,1.6486146908862171,-3.6344039035021773,-9.049498868276004,5.033429848484907,0.06371217731458911,0.0
-2.7090820652427645,0.40063704640726644,0.7535134331282443,0.9888920621317666,0.01776171476052751,0.008292225544493922,-0.1473371980766127,-0.49849267941644165,-0.017805927754564264,0.013805023905216195,1.192217178311027,-0.6677041683482797,0.02686588523486275,-0.48331519915520776,0.08680071749582935,0.013445563527710874,0.614321176348517,-0.15145341960623993,-0.09985059130283329,-0.9713054712797045,0.34472762947311775,-0.008650788329037203,-0.02539688045543097,-0.17545845238039384,-0.2923917301302742,2.6901001469256984,0.31411756657554213,-0.07805919110177427,0.6104454320488463,-1.3418872688591963,0.24217424138892937,-0.6982616235345928,0.08709144917357528,0.2715058999313574,-1.731557619022332,2.5925157883390435,0.21148827986118454,-0.11956458415149618,0.78879063249732,-1.6671035910301364,-2.162632045161289,0.8145708853452901,2.9911693944356283,-3.8767661341709,-14.4841501141452,0.33541541680867726,-11.471216014085519,29.993951281916043,-5.4074239852598875,2.645494708917788,-0.5855316781664406,-2.93983655965668,-7.654097148726586,7.235906814793594,7.605736647030846,0.0
-2.728401309220685,0.4076391842906907,0.7532333651849388,0.9884873127563091,0.016701115832157987,0.0063549993205880215,-0.15024486424968714,-0.4425440822012119,-0.014022840262738855,0.013183597468778044,1.1993329258110619,-0.6933940676733223,0.03029448344531031,-0.4937678954075909,0.08943093978319236,0.018691659214089038,0.5746893047377798,-0.0978148379243115,-0.09532184692593682,-0.9666357487437293,0.35755420165703644,-0.02656310953117416,-0.09811524973035554,-0.2098138154987044,-0.2701527677613002,2.7656910911254085,0.05068728792688298,-0.007836516300288117,0.25738262690053787,-1.0946540288568836,0.1341678249023466,-0.47745442213962813,0.13789459711981866,0.23574227994660943,-2.0719114376882892,2.6977795750052755,0.17660736759882023,-0.4708106757916698,1.0570880455547509,-2.054158949974386,-1.6300743696427424,2.7807650752179707,3.9554012719702025,-12.783659783387865,-17.751357417729196,1.7068542054377427,-2.909633703904293,24.66984089091638,-3.2617379166150537,-2.362504390384341,-1.6476881218900032,-4.049138367519884,-1.972622029804538,-1.7665513142989588,-7.16133691143674,0.0
-2.7476934170451672,0.41494148533952674,0.7525898401794566,0.9881356602240652,0.014966035368202004,0.0043621339973477806,-0.15279040076489533,-0.3861217767096709,-0.016046911343736203,0.014300806904174321,1.1967039961874872,-0.7118780238621432,0.03209743412947056,-0.5007024849545443,0.093178258561526,0.023855150434395716,0.5295234887924382,-0.04575016864819152,-0.09141876792595603,-0.9702453998292995,0.37344978045175403,-0.04444716168514704,-0.17111427331143345,-0.20197910102796568,-0.22663683072379645,2.7146796707893683,-0.22930862857074083,0.09844647484787014,-0.24320211379099865,-0.7619853766630051,0.06861484005000047,-0.37858657993597383,0.22878025928669699,0.2744031465597068,-2.2172866790255537,2.2698355993648893,0.18882811203505329,-1.228675787572606,1.1030979769554357,-1.8317195667008204,-3.5271184137958427,5.975688981965837,4.141843226742754,-23.24738621950587,-13.862150832365584,4.30199393638577,1.4958779198464294,17.878203916765486,-1.809462578857319,-13.944635377162957,3.4594653781195284,-0.2381723978663891,18.285117143148792,-57.33440537862927,-0.7009244860239153,0.0
-2.7672262078117575,0.4225812746729387,0.7518323194482139,0.9878342862709344,0.012389301487888317,0.0029427537994102765,-0.15498796171416387,-0.3314849383264539,-0.022724236198356597,0.01781362795832849,1.1781775329195106,-0.7202834865814807,0.032652494624660175,-0.5077965749920795,0.09921293086822051,0.029802807678969822,0.4851993950472356,-0.015928626991990297,-0.0861575208292302,-0.9901067737435976,0.3906193900122273,-0.04118778992193246,-0.28929265672854027,-0.1270820435655791,-0.19140785224587062,2.551752480599473,-0.41181408108776013,0.21185076553103255,-1.1015665710211513,-0.29659171426559544,0.012783990610347623,-0.43383450807551666,0.34427651566818834,0.2653120040891078,-2.139830476686151,0.8696151592520456,0.26135783867338735,-2.098010459556822,1.087696070599762,-0.988550280575273,-6.826908934527176,9.09824901852517,5.198491848723807,-33.8787142891146,-8.007483676135266,2.3318010781071226,6.857407100395253,7.854477084729188,-0.7663840418955682,-15.14295271103382,3.2593428052832123,-6.797682659019476,12.09961172583888,-65.49052760102897,-2.5867932175062727,0.0
-2.7872406241459573,0.43063142139654337,0.7513358295510723,0.9875932780038934,0.00888060234982877,0.0025861106274947623,-0.15676085026322914,-0.2799497542142436,-0.03338313002498447,0.022547395125151554,1.1359022231239977,-0.7167697327722777,0.03175497531660921,-0.5154538244118695,0.10623677456752563,0.03430854834099905,0.4403416280629496,-0.012947632911643114,-0.08036673281195458,-1.0193654545246091,0.41300611671611664,-0.023998702388703306,-0.39910611087325887,-0.02026862067689679,-0.13519423727060254,2.3414556682038214,-0.6006791058078659,0.23221814039424468,-2.312269327829312,0.23712384729286373,-0.05126593304902263,-0.4434912307489689,0.36254798391460136,0.1590705647378264,-2.25298957086511,-0.4140642192464709,0.2810517669786803,-2.7699444356917047,1.2359059983015475,-0.7870214060409442,-7.439661846785248,10.851775027070733,7.393689953022246,-43.789120667365474,-5.0946749887659255,-1.4689025731354484,20.763729486537894,-4.234910972915045,0.5325609724297062,-13.43096381979011,1.3587039363960824,-9.210874359178593,3.372301978434938,-60.502947595922414,-1.815212794731825,0.0
-2.807818374060559,0.43914322262548394,0.7512279863797786,0.9874122412199807,0.004583227163157283,0.0032804539721456526,-0.15806738607138918,-0.23034810589867355,-0.047919064966517565,0.025911225311946718,1.0612888442951196,-0.696736675350459,0.02711738522426348,-0.5215788729316284,0.11342561043073986,0.03735397763176062,0.39045127666158536,-0.032331245264898625,-0.07420305643837473,-1.050340731918369,0.43613475421553066,-0.007726995621085227,-0.492150921963671,0.07140733150830854,-0.08290044662570027,2.2349732907674333,-0.7642594280936851,0.11014567889776458,-3.916384062908096,1.0049723098252383,-0.23152683308274033,-0.34257712022295717,0.3731230424419685,0.10420356831418459,-2.5501633316196455,-1.501913426719361,0.30599388189308946,-3.290368395421956,1.2147857784817992,-1.4677799673337533,-7.772224305115317,11.52441432295483,9.183095606603704,-51.62638014286652,0.4443062666840252,-5.351593415937867,45.05845228789734,-20.495280556020376,4.1171533933147115,-13.004846076668194,1.8246791090984642,-7.878821356354937,1.1385060154094824,-60.35363944109041,-1.1743105932163138,0.0
-2.8289551096281844,0.4480840979446399,0.7512885399285587,0.9872620777750981,-0.00045731171454712873,0.004818760983877808,-0.1590288030382261,-0.17974402944294818,-0.06482625173963166,0.025521485229167296,0.9476057511663125,-0.6560803741424812,0.018292540068647237,-0.5239954185355696,0.12082940891801475,0.03968728894179747,0.33216543057599124,-0.07002408213309048,-0.06714014017530053,-1.0805489421125913,0.45605156247220346,-0.011142894752402004,-0.5829074827369678,0.14388473917353156,-0.04328335253457385,2.2760210715953066,-0.8174145433196031,-0.10591192427626672,-5.737159943621327,1.9362040930917932,-0.41462505971423913,-0.150803793919471,0.389228347594666,0.07138636131461373,-2.983325298848873,-2.3906428447037573,0.3405607168401784,-3.7869163444626652,1.0637513289793383,-3.105333639169551,-8.36691143183197,12.496103087620298,10.954475870491681,-61.2876287086483,9.027282242954449,-5.682518674202846,86.16530482350475,-41.88210896943888,8.137670396908746,-15.746529160993411,2.3514303949537045,-7.938703789546291,4.329710282220835,-62.44835430636807,-3.7582737447574646,0.0
-2.850738613886297,0.4573523335505072,0.7507159634272073,0.9871649006034803,-0.006344377911474103,0.007377274709767288,-0.15940760240118093,-0.1281229892877819,-0.08131801451309888,0.018759200158303783,0.7979476883886106,-0.5927867089936469,0.00882990322934224,-0.5243047474652586,0.1283847038951905,0.04039272860169484,0.26772535129948405,-0.12470394775844099,-0.05782896206660952,-1.1172626934709284,0.46934641128106114,-0.06808483562739516,-0.6917035467218913,0.2507820728440647,0.04733737771643068,2.224774084443607,-0.7160949818221534,-0.45771601058412914,-7.175642179679498,2.9269776790763644,-0.4135550432944282,-0.13627729608410352,0.3964545680848091,-0.03291025816688285,-3.176154406103153,-3.185607029126878,0.46281967355737536,-4.333579931435043,0.7358992889772612,-5.922189592036058,-8.932380727706573,14.701653357319824,15.68854439597835,-78.19834011251343,18.55386846386538,-4.48544771106163,143.709436083475,-66.83878062973623,9.013107013644182,-26.308038262942343,1.9558331188014502,-9.163027551107005,17.228224621058633,-52.00581503590438,-3.167985983257423,0.0
-2.8733774948956716,0.4664637734923598,0.7477440911001133,0.9873018001181155,-0.013621517687438736,0.01122240512824907,-0.15787231347692451,-0.07862713443301439,-0.08776069973291475,0.004618460369648997,0.6220645064739133,-0.5258162905915513,0.01554737804727864,-0.5375757837739233,0.13871679990711858,0.041406806759419525,0.22612876285556416,-0.1947932801680988,-0.029589776731049216,-1.1612429820870163,0.4418880486625478,-0.22288886501899088,-0.8691951862104877,0.330664797087116,0.3963234888066268,1.966498453688649,0.1743158729446712,-0.8372940060110868,-8.075336430040057,-0.4598633723552956,1.5513143454139842,-1.0684216104186277,0.540682131508957,-0.0038101328898342973,-1.4496671683193487,-3.5211832120559734,1.6584556151641845,-4.012926033665656,-1.1932522826071739,-7.36760117417635,-5.462146886922442,10.702336472332734,37.60636716156038,-102.67723430331641,56.56816700020269,-13.028855650133988,188.52537192438305,-652.5034847916401,137.9072859971987,-39.40817573612778,-9.958806843633585,-12.183937061856785,48.221997651299155,19.16859259381888,4.394352363321985,0.0
-2.8964935722046925,0.47626169298294285,0.7457381922917256,0.9876630047123546,-0.016104278526939807,0.015593044158944325,-0.15498160635877767,-0.10080823015703802,-0.08857813663405914,0.009854176074986173,0.5760742922872022,-0.5325235170993206,0.08255564345477501,-0.5775772455229029,0.12894800950641233,0.0187534580753044,0.26127976574741324,-0.23097017070178627,-0.003981894181524026,-1.0978500459129883,0.5223966741626608,0.030223975473772674,0.17925070945734267,0.19913214619744884,0.08817605617296376,-2.5513776598301323,-0.4664845438305074,0.5637861722576957,0.979880587938058,0.6452523756476009,1.980258672057768,-1.782376471757667,-1.166915828742322,-1.2113873626078084,3.204615605948461,-0.7465495453632831,1.0561554964843263,9.308772977495508,1.5434623335489392,12.503134929426059,42.03737586622153,-36.183199023821636,-34.27766231102259,-10.020821041713434,-31.59876287685279,43.12811389159123,108.46338516839911,105.76247252465352,-129.43887612317664,83.10820978666635,-36.647401391557295,45.33981740679025,43.750731876115715,70.74700857327467,-25.93063996571778,0.0
-2.9186440188768223,0.4865985230251303,0.746458078334202,0.9877122877242047,-0.013496362546748355,0.018617816895703455,-0.1545822168642384,-0.17194053932550388,-0.09657931602891667,0.022577419104320772,0.6271625318818,-0.5143146989628223,0.10684520365985968,-0.6239903423477745,0.10918726631303577,0.00677424405478924,0.36838029961625707,-0.22389135812222902,0.012922707762483256,-1.089410624447212,0.4992783569777526,0.04718016828604331,0.17366317584719784,0.31430004956470314,-0.015203847989012535,-3.6200381557196906,-0.2714316340627674,0.6798152398912345,2.733277423967974,1.154725209421048,0.7971946836628258,-1.983442998746135,-0.7873544670136243,-0.2379774844700196,5.290247957983068,0.8155961944788543,0.6854184254224296,3.342883465354988,-2.6428852417128366,1.6999809176086276,-7.687495752589655,-10.13292500676249,-9.576318252048653,34.59353816329743,18.615097735219074,3.4088647262515877,-40.82697676961256,27.123558196094088,-33.363231050486974,79.1383041941393,25.8660633009507,29.465717541204274,-105.02546516456823,18.85265620201721,-15.786871947745258,0.0
-2.9399452564826185,0.4961888701222806,0.7473767125219972,0.987545216903006,-0.011879841565157786,0.020822552221538778,-0.15549834486373867,-0.23720562145656296,-0.09988437493039992,0.03591854057200846,0.6713186639588097,-0.4867104763999557,0.12134576295012228,-0.6604472273267187,0.09608812518192844,0.00297979307663113,0.48811405426706217,-0.21747074498036736,0.01749059213617573,-1.0381502904338218,0.4579439703693763,0.05550216320655332,0.05511202696129026,0.14348377575365076,-0.1367104702905857,-2.8339623670014427,-0.03374388851762739,0.6289123569097118,1.6409974209200082,1.5368969758170223,0.6109062152765575,-1.234077712799304,-0.5101057240471067,-0.13642233024808928,5.266352847073326,0.31788277583850333,0.08229013446885401,3.192030589423841,-2.6124869291460455,1.6610459628122938,-9.670184788798785,-12.910876124247853,-5.39488467545913,52.45940812495111,16.68269797825341,-5.609475854404795,-66.48828808859565,14.70687790249481,-14.692790074364002,86.64060848801053,18.52561316943292,6.9779731720251,-142.10164362521857,5.446073654259361,-5.298854423526015,0.0
-2.9605414143676865,0.5050485733668779,0.7482804446045622,0.9873319121748159,-0.011755586461666287,0.02234381040235995,-0.15664691355040064,-0.29027578788678343,-0.09871233689310836,0.0467308113197149,0.6965820545945054,-0.4543232728951074,0.13178165207664738,-0.682226358693651,0.08481087462604146,-0.002593150797251924,0.5954458444308866,-0.2243766966609618,0.013728314297641441,-1.0195275228200227,0.42743957881533223,0.04652203619813971,-0.08511793676182836,0.1368172641781191,-0.10356297841143547,-2.4514900525176224,0.16400627957115757,0.46019424013562354,0.926356539374534,1.6882180060411034,0.4504945779444301,-0.6661973455236375,-0.5350402369046666,-0.276960772180045,4.539639279725372,-0.32949267361903656,-0.20664437536410893,1.2548440350825971,-1.8655015813832627,0.6895964505080532,-9.560365287389871,-3.1546951395720386,0.28105602171052413,24.325986811275484,13.228652402249784,-8.948084886060228,-37.036603783475435,7.27242884289515,-7.64334535365731,60.84071178231231,8.084801923651794,6.971731126176197,-133.91540447325227,12.947740162503832,3.5933450047345596,0.0
-2.980775275564972,0.5133499758002554,0.7489897998440987,0.9871321623147927,-0.012956307410948725,0.023723116572382803,-0.15760533608380076,-0.33624543670276835,-0.09395588060400868,0.0546971528164303,0.7104446762903632,-0.4201430246759179,0.14009939204045674,-0.6932859052321121,0.07274678331985121,-0.010065683562497494,0.6910891840444231,-0.24793898352264432,0.006927332986612887,-1.0037056662469939,0.4021544405710783,0.035418908772246946,-0.20526660609732328,0.08989712118241791,-0.10576618901886305,-2.140652866784504,0.33198307600386795,0.33884795489252695,0.4841444072670711,1.7287311263835057,0.3379371626963248,-0.20810132943181586,-0.5748223049941608,-0.3370969480382428,4.14727569328857,-1.1010635629673997,-0.3129562518049981,0.9073671867071188,-1.5439818346980678,0.46140728533201847,-8.570630715197549,-3.7608560105853814,-1.8878039864556686,18.74193858490179,12.236878631329459,-6.612559049946335,-23.635706319002566,1.7360325918720623,-10.980559576213716,49.70871615006602,8.488475730608005,10.445324094175797,-110.58428835239918,27.759516888294385,6.422275491459138,0.0
-3.000682733753984,0.5212338626572104,0.7494822886104592,0.9869216121132109,-0.015131324516189282,0.024625159732784865,-0.1585887009543284,-0.37613212336406565,-0.08673956351938468,0.060658309860695155,0.7165302465401078,-0.3858399487128431,0.14539254642905985,-0.6948955512544598,0.05948184516915477,-0.01722832538751452,0.7806592108190066,-0.28468765207648233,-0.0020753661419575077,-0.9884872902867445,0.38511157867502877,0.023769619306176774,-0.2704355746063632,0.024454342990130974,-0.11491521755089051,-1.8590277102602561,0.42116030021051015,0.254974730446087,0.14562440214554762,1.7140168233610835,0.17873588404906704,0.23696689460233422,-0.6498239102191627,-0.28467303553122464,3.9720307645372657,-1.653212616929841,-0.40868177179024767,0.7012112132499059,-1.1180952842229044,0.32803077373264444,-6.199473487348355,-3.46492978430919,-2.119941703280593,14.79250631344561,8.660907791021343,-5.147212093288231,-17.08690889371619,0.7549949151733175,-9.868161259111602,45.297015335580454,6.782844641769122,12.837371999510859,-96.16864670402698,40.23115251224178,8.330899139059667,0.0
-3.0203301411440946,0.5288508399737469,0.7497509422796119,0.9866921735199342,-0.017862876294419985,0.025012683536392858,-0.15966789917609092,-0.4112609190953667,-0.07835166576492983,0.06511544524359564,0.7170861483638706,-0.3514636587947189,0.14795331663616768,-0.6867128720945699,0.04415030912633596,-0.02406252923789321,0.8620404099784463,-0.32853661347059926,-0.01098629748747872,-0.9782633365590908,0.3749967055095965,0.01093970744421032,-0.30003962802243345,-0.024907839046802462,-0.1328466283444052,-1.6680829451197512,0.4572658748593346,0.19471113259248712,-0.07323296115886728,1.7358043039268476,0.08182683962220184,0.6964641284907437,-0.7597943410672376,-0.2795987846399074,3.5489631682424143,-1.9436716341433369,-0.3869744242191648,0.3539751344401628,-0.7600045730467879,0.02108270094513623,-4.23775936080136,-2.2135638415989565,-3.063835303390201,9.549287417777364,6.455876926173407,-2.9730815477873627,-11.056176548406986,2.6344224472104694,-4.86064085777743,38.407341931005185,7.210224952211394,12.968753276598651,-88.29776129833951,45.0744097398246,8.311852183671995,0.0
-3.0398038007760886,0.5363112355440851,0.749772093374326,0.9864352604989454,-0.02080228206205243,0.02492864730804496,-0.16090775136325305,-0.4428001165901109,-0.06977141306357759,0.0684825350034025,0.7135021553847418,-0.31611877436827895,0.1493484849285642,-0.66905227842917,0.02692120824767081,-0.03031135649196485,0.9317634919125303,-0.374605905091163,-0.01837023159340096,-0.9716165197150552,0.3694065297310363,-0.0030387132349146066,-0.29566557868551513,-0.06960943096057465,-0.15257801779059396,-1.5073856248854274,0.4462969009987348,0.15288348565528379,-0.2647404370922801,1.8002115914472772,0.05038148393135646,1.1212625213165186,-0.8413668326625928,-0.23748814513062844,2.9998099805668614,-2.0218462166479294,-0.31211589664763345,0.06940422003813886,-0.5020188603760746,-0.2928862307594509,-2.2782322955621934,-1.3217742692421441,-3.4025106440041872,6.740270898972055,4.3760994489541165,-1.2210906233627925,-8.817202433172701,3.8601836055354326,-2.4443458407986145,29.48927336891822,8.86979153162537,14.067271241380372,-76.01175207639307,45.88241529323971,6.898347970177631,0.0
-3.0591715875079464,0.54367108216496,0.7495168116384884,0.986162245727207,-0.023675698620389943,0.02436703779415388,-0.16226439494308437,-0.4711329750541745,-0.06171492553865321,0.07108555274849696,0.706001985635527,-0.2792757390896744,0.15047398938213438,-0.6431196652541512,0.008907198576579865,-0.03481241528160078,0.9897197819451639,-0.420545305965563,-0.024211675973172517,-0.968158700338659,0.3651630973434803,-0.018477124546263258,-0.2714498728384465,-0.11161557428837492,-0.1591548360461976,-1.3600488289128314,0.4069020922328604,0.11922349228246718,-0.45198826552774907,1.881510370581905,0.04704353861857379,1.4826194252438507,-0.8561636037594315,-0.13760110680836235,2.4912145451756413,-2.0108768399972474,-0.24639160473187863,-0.1849506108110261,-0.40208253196864113,-0.5819768035854229,-1.1812950390988455,-0.5810983681657985,-2.7250598128085235,4.499275463333885,2.962948657581837,-0.6730225481711977,-7.172384555147469,4.34125393824304,-1.5770723556793111,21.314898323885025,10.971513030248593,13.944778581658772,-61.551633031917724,45.034674707055856,5.376676440722675,0.0
-3.0784924945984704,0.5509408123145938,0.7489910389225625,0.9858952370823867,-0.02633105865803889,0.023350039778842698,-0.16362161376339246,-0.4963255474175211,-0.05456438721577293,0.07310967413610786,0.6942635024563069,-0.2405903301750587,0.15167395463724848,-0.610027900308404,-0.008521557137258698,-0.03708189031708734,1.0362689489909658,-0.4648126970695362,-0.02858260522627215,-0.967439699547724,0.36080510877639166,-0.03239532506423673,-0.23725075318694683,-0.14806197468223584,-0.1531000056161393,-1.209514565014322,0.3538650842603868,0.0926728720554786,-0.6690159593281673,1.9810292971491124,0.05625338987277202,1.7977078782157578,-0.8082345022580558,-0.04708581158329431,1.9801734021281618,-1.9347365852332346,-0.18379368763461781,-0.41797801871663265,-0.36933933358476734,-0.7540445497225692,-0.6326308580919451,0.28933311583828314,-1.7574802492554458,2.7705134340540782,1.9854342562728813,-0.6716863000635971,-6.736848883178796,5.011897214196629,-1.034983492613687,14.30345861557105,11.025133667064695,7.82090171360341,-49.024293109186985,42.707778870841764,3.610732652792106,0.0
-3.0978271794433896,0.5580975954998555,0.7482521358332226,0.9856526386256075,-0.028720254250613975,0.021946518933999567,-0.16487077749812548,-0.5182529017538662,-0.04843140686251641,0.0745786951639449,0.6775238068874533,-0.19961675480519186,0.15290762560776475,-0.5707466214559814,-0.023883836696753136,-0.037946557866732455,1.0713005503944466,-0.5063002180220505,-0.030840712038654617,-0.96994303217087,0.35450686540730564,-0.0425189169835625,-0.20440177581525995,-0.1761449293467257,-0.1377900079997391,-1.0501495694848026,0.3015425972333525,0.0639221481800293,-0.9303719709308347,2.1050801989119523,0.0591892151834839,2.064969631469079,-0.6734085645409162,-0.01010909668140102,1.4583582433533575,-1.8112060395528695,-0.08609500079582032,-0.6671857848787566,-0.4196719738305733,-0.8400874828726899,-0.4851146061851951,1.2493734898431441,-1.3313118868477263,1.394491804670901,1.7664710753263733,-0.6915771657290409,-6.96656922748324,5.823149636261679,-0.5895148419735288,7.268694638796541,14.461339917618723,4.757139717376216,-36.82361578173106,39.44695959981426,1.8905277881786104,0.0
-3.1172435755241565,0.5650883742847926,0.7473861332885307,0.9854442956839312,-0.03087407837903639,0.020245343116455435,-0.1659411265188403,-0.5366667347944177,-0.04319547696967276,0.07541879204651714,0.6548035819862884,-0.15582323595773506,0.15388815516057242,-0.5262935681674091,-0.035124559067990335,-0.038736085497981895,1.0948365964841735,-0.544869481885118,-0.03137076102072849,-0.9758803570129068,0.34507704494517455,-0.04807969212464233,-0.17784867991040434,-0.19682890787006177,-0.11896272400930681,-0.8742135720783221,0.25941643029035377,0.03187471580654793,-1.245156554344685,2.2547833936895967,0.044856681877350535,2.281002174795147,-0.4158436798915692,-0.02739077711044814,0.9407480949593245,-1.688928108846659,-0.005378758802472837,-0.908478814495834,-0.5107635750554806,-0.91231277533816,-0.4659930649609606,2.097014408703206,-1.3122937763292362,0.5354387381101071,1.9108052037379533,-0.6577028184458502,-7.68049508763302,6.346428637549495,-0.4521482167780431,0.378182259787744,19.688132280488137,3.0235160262651886,-24.53926229364276,36.04438608328706,1.0066122726780042,0.0
-3.1368043004648394,0.5718516449382806,0.7464630960565488,0.9852727621480915,-0.03283658779844859,0.018314521158912408,-0.16680503884938325,-0.551167261815583,-0.03867327109040925,0.07555125450805046,0.624961246771018,-0.10853945106180789,0.1538451352541561,-0.4776975064440405,-0.039847856347935924,-0.04078941653531145,1.1071170946415612,-0.5810983602078343,-0.029046797456530153,-0.9844140244550572,0.33297439262825246,-0.05128443889697958,-0.15454167929423335,-0.21354705193370294,-0.09816695030092645,-0.6749330020792161,0.2220488483214912,-0.005262604479101011,-1.6197607221220058,2.4431218126413654,-0.02053087987131984,2.4485766852933586,-0.0569457358776964,-0.13841816257389222,0.4362328659895142,-1.596719570129826,0.1215880269761514,-1.0723090836473343,-0.5290560523951021,-1.1275144772121144,-0.051707623930041545,2.69780694570304,-1.3167431904863507,-0.18158352030354252,1.2631660863741254,-0.47885732124185915,-7.865028934796439,5.338474713697772,1.878919088023526,-5.994398556425756,21.644428609422043,-2.66014633102934,-12.356534726994667,33.18387243709834,-1.9704957691158422,0.0
-3.1565690476844686,0.578364972775866,0.7454992457469736,0.9851553774479241,-0.03453686657251755,0.016224641907280984,-0.16737039202848794,-0.5619880172104614,-0.03576973711399358,0.07399124404686194,0.5882951563475483,-0.06091850752679195,0.15292953929548767,-0.4262276719244782,-0.03635804198224082,-0.045646812391947386,1.1091964438555122,-0.6157992648848298,-0.02306230658313289,-0.997342332210339,0.3220422995679435,-0.05227622238831229,-0.11221330743191155,-0.21407253606438306,-0.056632333426836094,-0.5443329230890778,0.078325225565387,-0.14555255996255662,-1.8534537980779817,2.10637430624284,-0.035335493416784484,2.5411570610154315,0.3704238421260064,-0.30022110517805595,-0.011418292176306096,-1.53732398576395,0.28968882910720545,-1.5069388355570665,-0.18728592693396262,-0.8835978684287884,2.5404392282370702,4.769543277012592,0.31426264618826144,-8.9973030738068,-6.956785978483063,-6.706845541597337,9.325032937929517,-49.98159046962718,1.6122726307787738,-13.812762449000374,21.37694687458259,-4.496912125046592,-1.7821904857024937,31.567248436377263,-5.124438607070995,0.0
-3.1767285171542987,0.584733648851083,0.7447445461952742,0.9851684064730508,-0.035451669304495635,0.014297505826140993,-0.1672781257607387,-0.5718713148931945,-0.036709555704610736,0.06944142632275885,0.550231019900901,-0.03386806277169846,0.15062152574088838,-0.3736797463258504,-0.023722640890846573,-0.05327074682718951,1.100568653821293,-0.6488112162601267,-0.013404595329105677,-1.0228295120909985,0.31869458280882434,-0.03295143381955716,-0.0046969151380816705,-0.1637943696130801,0.030238800224029066,-0.5256209288709188,-0.13609168420988538,-0.25716701550758025,-1.9000025067127406,0.7648351092307836,-0.11627904233324704,2.536908800324445,0.8248168588285677,-0.4302039254876681,-0.5262427690655215,-1.464913902454396,0.4503101395707053,-2.1106681344111533,0.28389309311366995,-0.01124350554133896,6.551538483101282,7.245707575165343,1.755987746608597,-8.3627195164831,-8.798674073266087,-0.5620131374285715,2.4099309121290045,-62.08569319971448,2.418802568493661,-21.702379472272934,19.40340399626428,-4.361516587601301,6.716236888474538,29.35362532587274,-8.438039547129268,0.0
-3.1974747120029914,0.5910064223438142,0.744508808638615,0.9853734247455251,-0.035213034721386725,0.012668045529296781,-0.1662491401886092,-0.5797715504540049,-0.0407602104026932,0.06442483886299123,0.5078799645045893,-0.029277830681056424,0.1475950370772612,-0.32103014534453495,-0.0001193945329589336,-0.061729247651728394,1.0790198902040093,-0.6777990587714176,-0.0009118996685692641,-1.0558300280217374,0.3143787366089447,-0.00467198220050602,0.11146164447764029,-0.11897862609103654,0.13776386107008892,-0.3818629523805059,-0.2697743119118999,-0.2290078253625221,-2.212160117196069,-0.27107800772353036,-0.14575642538274194,2.5114207295806272,1.3974418637416175,-0.44395886235556625,-1.1478584245338206,-1.268538656374677,0.567435868913415,-2.542161409890035,0.45203828013820874,0.03154998500650513,7.944275474400427,7.456301679641859,2.815384347507848,-4.915289092197468,-8.189044177400644,3.7303775172744364,-5.391817806301595,-59.40604613536455,2.071185671391595,-27.418676772536326,18.193727756242666,-4.846374331254857,17.781630131576602,25.303724123870364,-11.154219223103206,0.0
-3.218910624015274,0.5972474408379652,0.7447815708451525,0.985756212858061,-0.03361768805692746,0.01119866048043665,-0.16440538271262067,-0.5835041280731028,-0.04659758086387823,0.06210379852575668,0.45727965364424344,-0.04330731186936419,0.14480351403778494,-0.2690867107570586,0.034930491032103515,-0.06730162998946461,1.0427693019512894,-0.6980064597059896,0.011713271147373906,-1.0922423985655154,0.31661013111812997,0.015586063217074135,0.2587753695228393,-0.08691990589626153,0.2075033177655387,-0.15250260924917772,-0.35529476314437636,-0.044603470267544715,-2.6472202215371485,-1.2320233846395143,-0.11348065519823129,2.432963981367327,1.9086564839300473,-0.24363078174603123,-1.830460433805068,-0.8394944351112871,0.5509802855980912,-2.773729462794692,0.9482167461897512,-0.7377571606717422,9.857733566447742,7.250444006851029,1.2254883192978716,-3.8421803824539116,-9.965320924868712,6.075574482989181,-5.721002909526228,-66.17231518614462,4.257189669818453,-33.98173354780163,7.472970771720983,-4.555301131002482,32.4077924363344,17.205208881652965,-11.621803715777446,0.0
-3.2410214475256245,0.6036878184451819,0.7452912151757659,0.9862151799794864,-0.03026656004437245,0.00970052075591076,-0.1623867421256212,-0.5816282239436278,-0.05467595135468624,0.06399357830082963,0.39671218802949293,-0.07638326407835486,0.14333130358549895,-0.21782056921886228,0.07731787799409773,-0.06505519091336805,0.9866708218593366,-0.7012483104323802,0.021826786790186008,-1.12566533559141,0.3337847621089655,0.016697234166369864,0.45382677559734735,-0.05911705213900425,0.17868754696033973,0.1334086730719009,-0.48144389640381013,0.19274587578571906,-3.143987893288163,-2.239282295119025,-0.02201602790706265,2.3706984406772413,2.1126946088089156,0.22322543399533626,-2.8236099127752725,-0.016477698365004435,0.41924399588021866,-2.8491712922608126,1.7342014227602898,-2.1664368702093713,11.805155767259707,7.872155682964427,-4.963162940585478,-5.23128346533909,-9.419360288570184,10.70789610418091,-2.664634370524385,-74.04550012666341,5.608000263794138,-40.9825062513089,-12.901154240010422,-2.771026938147861,48.06354718588999,3.0844387481635533,-9.897087456007549,0.0
-3.263622124417107,0.6106044930813278,0.745583973327045,0.9865761292226867,-0.024827373659164702,0.007987939528996617,-0.16120587950583248,-0.5737613768683709,-0.06639870180508663,0.06883155450491829,0.3270048385117639,-0.13132258004717104,0.14056434589915565,-0.16328462990384787,0.12072459630950029,-0.046276804955723096,0.8934991176374643,-0.6670010539377651,0.03009978142465497,-1.146908444975276,0.3658587603153706,-0.011282647384706058,0.6834160921967846,-0.035236032509465026,0.02510805714458296,0.394074945030038,-0.6952978099136914,0.2960729817410346,-3.521282391643452,-3.384712936258884,-0.15274646765156122,2.5551471034590088,1.958630974414314,1.2045000749983532,-4.8051066759497,1.818978381950762,0.3360633596629611,-2.7361027988522935,2.7699513296352047,-4.502978710599061,13.903051131095696,9.858844122480287,-14.649098564370817,-12.635344220335803,-11.976170558111422,5.4291347628964965,9.126709623952822,-75.10138174210506,-2.016609022099716,-49.44865582266732,-40.346741953490984,1.882708408776124,70.78810748101533,-33.262162799944434,-9.309923173739909,0.0
-3.286136990654476,0.6183800121926719,0.7444923350717089,0.9868586952461961,-0.016794907772257277,0.0057944302150503895,-0.16060595028945693,-0.5747654084106993,-0.08829632115924795,0.06161184517667418,0.28106607916894044,-0.21261007625654094,0.08776978375481467,-0.08806464090715267,0.14922576059537992,-0.01017006868034872,0.6992314985282364,-0.5811717472880235,0.027029434395069447,-1.1303221681445563,0.4282703214160182,-0.12916214290024863,1.0334286575832403,-0.021162934699602013,-0.14244644593277683,-0.43170394291093955,-1.25725943849862,-0.332946780446272,-1.6265023284358413,-4.441308911438753,-3.242158081388556,3.702053753804367,0.724083373206702,2.102599395464978,-10.556076929033626,4.132846005530594,-0.23612921809848295,-2.0491268050393994,5.53892443737709,-10.524465592931687,26.426003506412684,14.888838555054969,-39.31727190873417,-43.997348395924654,-6.1819383771454515,31.577501859375573,51.61762686692585,-12.33372446806394,-8.341427890923931,-78.60764789552914,-93.13697344917891,8.264389802004755,117.20254173150911,-92.51046204947134,1.0693508036850223,0.0
-3.3098100978494442,0.6279318827934622,0.7410551650393057,0.9862366881162661,-0.005801957409073239,0.0069961789897376465,-0.16508962954475798,-0.6202489897990323,-0.10441471128031019,0.064392127640087,0.33151493331848153,-0.2550938441422958,0.010273448687225767,-0.05920133474930951,0.1356533940487627,-0.007759132593486396,0.5511767965788005,-0.5069547974535762,-0.06569424108036337,-1.209532753734155,0.45556754024940904,-0.073456178752209,0.6485343460217221,0.4074129333473772,-0.7929742942745016,-2.536661911934942,0.3373118063789516,0.7577088889847853,4.3039845306806175,-0.7122518620341998,-3.642297712192385,-1.8599423946898892,-0.4118419704151747,0.10486142322693219,-1.030619909674838,0.8977722037052291,-5.178148578258606,1.2589961056908943,-6.411914325490713,18.63280742147307,-66.06894712251876,-10.626493027277577,-21.10651611478148,69.35245845703314,127.1163631502494,11.307035670939378,34.26241025937402,91.81685690474525,69.23897807713752,-305.81386484136493,59.85217527513155,29.039197065607432,645.5059555885208,-149.75091405655897,516.5121314432099,0.0
-3.3334546281698483,0.6359709824724519,0.7417533436696023,0.9851936468072601,-0.003442677577274199,0.008937787768082952,-0.1711775166647851,-0.6647458624932511,-0.08661266921872048,0.07061622954033034,0.44344504323071565,-0.2752207661895533,-0.03591000246081815,-0.12308915542338421,0.13420338013974137,-0.010188842284045898,0.5929186055150053,-0.49825967467723425,-0.11246431604203268,-1.1317918189050824,0.3598619659569635,0.10982503986497799,-0.02461701758566367,-0.03027847359972606,-0.36876468303493304,-1.377431316167449,1.0741993580826636,0.018640337688839444,5.193818909725523,-0.7492438138902316,-1.740631654260389,-3.073856171058432,0.07374095142744874,-0.35129349839616353,2.525234012234933,0.6471295040743368,-1.0448424852539613,6.83557047902106,-4.307352769355006,7.223545933269686,-16.608493210013833,-34.49812166010709,32.59077835593342,121.10429832259975,3.287678641548193,-27.291022543176272,-117.53162426494542,32.935009568028086,43.959857633720375,76.63836641039852,6.557259871475922,-26.569137613567477,-63.89806988321084,50.60667080605095,84.46929183883846,0.0
-3.3555941307784534,0.6433514485320656,0.7441835656286666,0.984762630606581,-0.0029317132222947493,0.008813851301897742,-0.17365564328180144,-0.6924589677824011,-0.06903586758649713,0.06950428902964567,0.5674209825639308,-0.30019943630089485,-0.05153439032176176,-0.18433747622806368,0.13222596867391012,-0.017430126111407523,0.6414285931612916,-0.48068135397712874,-0.12321563905332411,-1.0759893980009927,0.3776282231076337,0.14064526080462908,0.16746830081749656,-0.02787251646815917,-0.13773885846919331,-0.9000228080776713,0.6295221577266676,-0.08031375154991444,5.5977374107260065,-1.0138050422733889,-0.5010144025969268,-2.783801454755075,-0.3065124628968203,-0.3551501422738249,1.9576876789380222,1.127610158744374,-0.2510946551741644,3.8386840766756696,1.0550980291577605,2.6521566370749716,15.089790067540983,-4.888086315219803,13.827259604080895,77.5424115853841,-32.68673967638008,-0.4327474864973937,-137.49370652849905,35.345792491664156,14.548833197854904,42.991875470288676,-26.507076177637085,1.7561341943394442,-69.0126243374095,28.6676039883834,23.668461438655328,0.0
-3.3766934826364445,0.6510456346747823,0.7468302236403938,0.9846280529684699,-0.0006202534221432289,0.008239616962483706,-0.17446868287896963,-0.7076460928983689,-0.05860016750567526,0.06892834953188523,0.6876791596415203,-0.3416753936561734,-0.05204480715789599,-0.2354792736103529,0.12398169274330567,-0.023039434777702535,0.6713427349951375,-0.4544155998593895,-0.12551422925633077,-1.0342064320977598,0.3926805987924234,0.1363887839680412,0.32775722422943643,-0.021855567462495645,-0.029613742781789423,-0.3120971467411513,0.36232751241716277,-0.00819956277360334,5.247826154617886,-1.9071483496384742,0.05769314839847249,-2.3200744884674744,-0.5464030609411313,-0.21450344796643692,1.0695394305220614,1.4624872756091762,-0.021562645279554753,2.3562680133245055,1.0125649805276766,1.0196948139523703,11.368478824451957,-0.9910556450764251,5.898644039769963,64.44664991812252,-21.31865788578306,1.1743205407762753,-137.72833284176244,44.25844681357142,0.35334067577048445,27.123159055601086,-16.968560859610218,7.562379758434525,-47.256984280638505,15.54809620698465,9.032581694264657,0.0
-3.3972366454964016,0.6591003180118982,0.7490577787077966,0.9845371999682391,0.00302985760430356,0.007982491044828302,-0.17496743033580586,-0.7154514727399304,-0.05406332211672389,0.06442853321515409,0.8066724510760995,-0.3874690873599457,-0.0456515315336047,-0.28152621086167745,0.11249830839887603,-0.02504881831005176,0.6891560035250986,-0.4238756565629488,-0.1236803536541189,-1.0178745584707116,0.4123480950546001,0.1038605128816994,0.4247357993657132,0.07122731107733557,-0.05703164419116985,-0.10601620134663411,0.10504615222701948,-0.2756371891862081,5.391108837148186,-1.9390611233415227,0.32118689461621613,-2.2347750374470694,-0.6415891280669196,-0.006899154905023262,0.6890669240277928,1.5959087616778784,0.1567245045317349,1.1459713087792027,1.117829197244423,-0.08676278432863033,8.13503740908068,2.907829728099637,-0.26347118884928356,49.09170646085539,-13.647441029077928,1.7942143890541098,-121.41370173651912,51.336497483063326,-5.574364837936986,9.879339580519082,-9.61955853599831,10.02543489047778,-24.890771773099704,8.57272405766791,5.56137434173947,0.0
-3.4174893522747483,0.6674342333611042,0.7506539725698119,0.9843716101357707,0.007238628824728828,0.008262722076951919,-0.17576081143225852,-0.7170264435069721,-0.05329875133044494,0.055176966010323986,0.9213056707895818,-0.43362231635795156,-0.036039898533570265,-0.32540737571304457,0.10040998438614578,-0.023727990583511133,0.6998444350052457,-0.39088608807899883,-0.11826023905452418,-1.0065776590094737,0.42176257487834146,0.07087276453448109,0.42678699779408585,0.11744690009784732,-0.09105623751254337,0.203281881811343,-0.005021654233537447,-0.47783452606376386,5.103009240243486,-1.985734466405287,0.44415683649093113,-2.123394750823881,-0.6130512412435318,0.12979342737529118,0.35610736694425127,1.7145362105404232,0.33556273594284136,0.7192456380010455,0.6366733617754309,-0.3926796285147678,3.3562558115716317,1.4609863385773947,-0.8899173750209328,44.345818365940964,-4.038867196140023,5.875243385555104,-118.09172734698703,48.93134429049886,-8.274046543213979,9.650790067404085,-3.015372916877245,6.913515478204831,-22.361198806445685,8.084868432448596,3.7161329362557085,0.0
-3.437495151796865,0.6758676170944377,0.7517469762547122,0.9841221353848826,0.011270845660812065,0.008734786387488563,-0.1769188915586821,-0.7083840234327473,-0.05342290161482906,0.04340769523035711,1.017436943541002,-0.48012747196517513,-0.022434612791097507,-0.36575711418690593,0.08967538885745552,-0.020029872021974,0.7027771140012891,-0.35536325774794236,-0.11162522657371625,-0.9953127132254528,0.42342220211324916,0.047123278851495844,0.3815428834199912,0.11738290964143928,-0.12935467817058616,0.7396681320248096,-0.0027910295500137997,-0.5909900107241882,4.04339132241187,-2.0437694223581935,0.6294015601802554,-1.9330295393098142,-0.5078420228274991,0.22400062448322042,-0.023729855326703436,1.8411551234768602,0.2988877543807888,0.4934174355406423,0.3085740633721815,-0.5613655043229825,0.28706856742328724,0.33429612592318103,-0.8264303602276706,38.92460007333634,0.4363759026913655,4.676953620318235,-110.69813508385495,45.119110124314574,-11.80403426820507,8.561718386223967,1.198607676981731,3.6542325333012524,-17.900757300329687,7.729193905075778,-4.771670792925587,0.0
-3.457237428694647,0.6842942531180127,0.7524476732048739,0.9837787692427886,0.014760166214679656,0.009005309420451607,-0.17855076332152758,-0.687510550881084,-0.051498721140697194,0.03287174946451333,1.089039158566386,-0.5261942677841341,-0.0073809411568155295,-0.40171778953842824,0.08126645085833002,-0.014687603269764569,0.6985343689935324,-0.31748956226423897,-0.10670963721259945,-0.9817588561467474,0.42143406859752514,0.027418845489447303,0.320971622666385,0.0704988285761634,-0.18103820866209336,1.324015510006064,0.15825192592355253,-0.4545434013245028,2.918079644351173,-2.029106803095938,0.670124926685318,-1.7097599604637048,-0.37780471621014616,0.2895449677860702,-0.3460346003052894,1.9495073321601217,0.2151982242257391,0.45570298122647296,0.12911803104327113,-0.8061181088216486,-1.4276357871413485,-1.0079988250590328,-0.8780332715948702,30.75140872565519,5.55736791161513,9.079047222374271,-86.37919610728298,43.37888413447287,-13.41410817398858,7.712859718355171,2.9841622191107793,1.407229850706895,-12.82097415880043,6.545312990667307,-2.349149803363469,0.0
-3.47667500416213,0.6926301841216512,0.7528744466658276,0.9833425601050761,0.017358148191395948,0.008750678530495153,-0.18071947820479972,-0.6545263855428504,-0.04540766541663429,0.02599954552709744,1.1376740233533762,-0.5695288719526581,0.006463068832939078,-0.4323127811450379,0.07582091243987962,-0.008452730425000428,0.6871485935944789,-0.27694114141894116,-0.10333731821463607,-0.9662759686198614,0.4154751581886596,0.015117406760752154,0.22722925564580496,-0.006737599872112228,-0.23280539590288346,1.8813817716167862,0.3780758196941544,-0.2755091704871616,1.917576143948027,-1.8941952627358507,0.5987966879625718,-1.4301724791806976,-0.21719411596814553,0.3119732410855572,-0.7027589687879858,2.0960620246592305,0.15833971229968877,0.4076831428394759,0.03542714701506812,-0.8885501852698703,-3.184559031577361,-1.3858418622111137,-0.13101240767582845,21.488257859543708,4.598392455781781,5.777803195338005,-60.787634256357,40.64347081221616,-12.56118899807723,7.33370242994174,3.9718944846388924,-1.3572929792581685,-11.047755912187908,7.239232217462406,0.11453434373521174,0.0
-3.4957909172158907,0.7008525277792798,0.7531082803650664,0.9828399497940402,0.01877570425871105,0.00783981952224988,-0.18333478461082,-0.6112718784888838,-0.035800254013914574,0.022152009367815837,1.1692133720353652,-0.6085850861042423,0.017526129892749702,-0.4569328675570716,0.07357238688859115,-0.002229642303112282,0.6683713193718087,-0.23309363743245246,-0.10081994786913409,-0.9503721610917619,0.41071288311539195,0.005245133071230919,0.1174620000459379,-0.09533424502207842,-0.2687211236401147,2.3270634334688904,0.5034166805206132,-0.15799941735689785,1.256468865808791,-1.691941508609259,0.46705301066033983,-1.1283079858407996,-0.0615974058387156,0.2941968237150574,-1.0704338655234966,2.2598032089062183,0.1173779460732054,0.3322515636781262,0.20395810996072883,-1.0698969859430223,-3.561521571440685,-1.0916014508970857,1.1382315230587805,12.01598670148157,-2.0770416936037366,1.4512338831971983,-35.87651702636154,37.24392781332377,-10.101362236797268,6.626221681242507,3.047715893957262,-3.0521567245244556,-9.959779211407309,6.020191648648897,-0.13671204332993273,0.0
-3.5145979524533035,0.7090345304199401,0.7531641145543914,0.9823121778455094,0.018979522736741913,0.0062801888578556345,-0.1861803485897648,-0.5601213570178754,-0.02561078737877859,0.019788697600793513,1.1894026930233688,-0.6429914328881298,0.025272193288574784,-0.47539164598762795,0.07403835773443707,0.0033653031970918143,0.6419766837634229,-0.18598152727557743,-0.09893125035533946,-0.9360145449743158,0.41147435497652907,-0.004780008793245114,0.014955232128998804,-0.17439489955428886,-0.28074717505773283,2.6558829448972623,0.456001271432174,-0.10997854661714535,0.8188360763277669,-1.4844864009591434,0.31909398852079496,-0.8309732114899131,0.05627241136953415,0.25600571341830297,-1.4455033082374058,2.4121934455974783,0.09126482264957482,0.1561455662221493,0.5595719540890719,-1.3278797582897455,-2.753923736611739,0.17196235061014575,2.293599495321711,3.198780041804524,-10.300344258892153,-0.5810610852051494,-18.837582093890454,33.167096247830614,-7.037079623394153,4.116141540461429,0.8419670819519302,-3.417056363507467,-7.949286046616539,4.23981053139617,0.5754194365447659,0.0
-3.5331539227841287,0.7173081072323247,0.7529997327790632,0.981786138183087,0.018150552403751772,0.00424873138151141,-0.18907269660272327,-0.5036002474541709,-0.018059099176405077,0.01825220806767649,1.2015217368517228,-0.672723232071933,0.02983009817599434,-0.48815148855784146,0.07641832359375202,0.008387606024433916,0.60778453619666,-0.1351877144947446,-0.09577247831032702,-0.9256631536942687,0.4192446202654238,-0.01821019000544374,-0.07034692926582205,-0.22493262698267671,-0.2793860272609813,2.854996055795179,0.2666149045199016,-0.06445417403530718,0.49356081232173066,-1.2782341183701573,0.1803527714854591,-0.5749182461842519,0.1371134492261708,0.2282419855757329,-1.8166129845661905,2.5771878174734386,0.1347769110819981,-0.13397795848485103,0.9181993722797646,-1.6999207127269356,-1.9721626923834148,2.1253667619435213,2.877377472712911,-5.665574424102009,-15.727114048221795,0.5982957097575738,-7.4335802289494834,28.795178263113495,-4.124021452648856,-0.24352402705755472,-0.6190468390826315,-3.5670306320125036,-4.187234421486252,0.13732375237726302,-5.324252585766615,0.0
-3.5515596260580375,0.7258146379071604,0.752548662548626,0.9812840925258619,0.016524641405946887,0.0020631480701842064,-0.19184423213153934,-0.4443800504524448,-0.015540734652791027,0.0178560862264588,1.2059445756915574,-0.6970678108726014,0.031930848414140026,-0.4964018256241603,0.08000673130294042,0.012788143103760273,0.5665014792364513,-0.08228628357608006,-0.09327504135767858,-0.921009845248982,0.4335981004875785,-0.0350610296786647,-0.14101855486867818,-0.23645597971470517,-0.25715930371565315,2.9168941140739775,-0.018787123341427764,0.005374070783055244,0.1330833654728238,-1.0357531702434797,0.07662934118293152,-0.38305228588762924,0.1901400855806322,0.2034195598263735,-2.1498172607979775,2.645761320534489,0.08812289017993036,-0.5110600979937547,1.1462147252114252,-2.0823984014346792,-1.8165826208524696,4.2958099764875755,4.011330371901793,-15.05063555252622,-17.623709487258665,2.5450373716143444,-0.19699949304891895,23.48142777063247,-1.955861353475517,-5.057695103360311,0.9898676754812747,-0.09635969383105181,0.18975126157946232,-7.286796901178549,-3.474784650834347,0.0
-3.5700073440914695,0.7346346565061601,0.7518503200954304,0.9808270609672081,0.014122299145668721,0.00022514254496472749,-0.1943676579374817,-0.3852529360321975,-0.01831030498355035,0.01945077672124841,1.1998752989686239,-0.7139831577140927,0.03255831977346828,-0.5027478579185126,0.08585694179550017,0.018141966157354746,0.5220257876634781,-0.039211512467147464,-0.08984713789027629,-0.9311190706317282,0.4501530268396177,-0.04172416540024001,-0.24844303730199593,-0.18362683591691067,-0.2347191467970993,2.8237080460186226,-0.23941570387258992,0.12396622731428501,-0.42278530550000065,-0.690281270833914,0.014951667819242136,-0.38746682487145606,0.3487088036817621,0.2692404854655643,-2.1425287803869675,1.5997595515341594,0.1819351338494763,-1.5371908103896108,1.2469094346570124,-1.254386920287541,-5.487355264726138,8.3507861540822,3.6107691914287465,-26.849494629401793,-11.349739825840537,3.7464331167207936,3.1642577198181465,16.356866810921076,-0.8281511167905018,-15.52002923870955,3.9838772483257237,-3.3694339961224284,15.646228523353532,-65.25639601102449,-1.370756230998022,0.0
-3.588798002222502,0.7438747041165259,0.7512448373546119,0.9804181383303032,0.010834334362162724,-0.0005670109804580075,-0.1966279983380234,-0.32884199925791247,-0.025539346529575797,0.023280385679860963,1.1768065650857553,-0.7204213149563407,0.032530958574371376,-0.5101045147952584,0.09365764781757079,0.02326970803541305,0.4782308471760263,-0.022104996550051336,-0.08515911085603299,-0.954632372693556,0.4738177298279313,-0.030651559655769038,-0.36334294563769015,-0.07292562381791075,-0.19695325600021263,2.612324782460614,-0.4498313755604939,0.21971702563222398,-1.32401637029234,-0.20733426249973286,-0.007345976983778012,-0.44357595583188997,0.41321406096427443,0.20452054676819084,-2.168546900802943,0.288832973116312,0.22708718959020777,-2.2533221898356324,1.4761218580787527,-0.753727046236129,-6.698588276285658,10.690163381387725,5.603848395490337,-37.45531569011059,-8.976529043522453,1.5706551093599206,10.276486816849136,5.864238370471973,-0.30026425670612333,-13.804984566250607,1.4556332465336255,-8.238575161958881,4.3015676341016436,-55.95402086687057,-2.34918828032682,0.0
-3.608096184982466,0.7536485594537903,0.7509635217445795,0.980091571347091,0.0068541436890380905,-7.037750700751501e-05,-0.19842763803383065,-0.2758406108945236,-0.03733048183151651,0.027818754255389745,1.1277628775827864,-0.7144634192851955,0.029607285458987283,-0.5176923497776209,0.10169161566462102,0.02678443458995355,0.431831634390396,-0.028629054071291897,-0.0799159821383991,-0.9840591886777167,0.502259520426162,-0.014335114059858638,-0.45018280827393115,0.04798779993445206,-0.13490619181704938,2.400105357806023,-0.6613610438356703,0.21306096329523516,-2.666559889704039,0.3469943289785138,-0.1517148066202348,-0.4427259528539154,0.40347347505544995,0.11918486584653698,-2.344859008963615,-0.8604570878367555,0.2636439957017649,-2.870105771210012,1.6224467970142524,-1.0017213474289357,-6.677149841133674,11.976320149494818,8.091174084898574,-47.172173470350586,-4.854883807365018,-2.1088522951116113,24.48673512823696,-6.823577587684185,2.420122045510942,-14.245799944099035,0.4618023815621128,-8.2025178938628,2.2651036321568054,-58.443219152146774,-0.5961832891709069,0.0
-3.6279281365363056,0.7639630192503714,0.7509592166982237,0.9798595813027848,0.00234170436878115,0.0014751525852581358,-0.1996685785861899,-0.22435749945900585,-0.053031251131986146,0.03013984180440392,1.0440455990494624,-0.6911574407605765,0.02293894640382475,-0.5232624824414481,0.10961469790883684,0.02962498558714366,0.3791977827795856,-0.053911222105464965,-0.07364874373928956,-1.0126441522022471,0.5281280914857989,-0.007680026579056593,-0.5224297923395277,0.13231369886578975,-0.0687301031409213,2.3238461243798003,-0.8068602123529354,0.04367123669939013,-4.35645126568287,1.1546367599866565,-0.3178658264454093,-0.3168849907731078,0.40638187689409505,0.11048059024134894,-2.685424839532255,-1.7449552090783993,0.3221824895046468,-3.3024117566592426,1.507305321959029,-2.1264898312997524,-7.003605464917279,11.828013145106784,9.866470938331181,-54.25167648207196,3.191417263406116,-5.324165183910232,53.07145763517005,-23.975664979745137,6.091252492180643,-14.525928632753681,1.4854890361149247,-6.296855109136958,3.2733573261201974,-57.94591810977322,-0.5413950111480633,0.0
-3.6482914385898524,0.7747333308110428,0.7508313910628367,0.979707962968785,-0.002750678360538494,0.0038352685401949493,-0.20037472839491044,-0.17184710698315975,-0.07038262912679481,0.02748231678476856,0.9219371694659781,-0.6470349645095446,0.012903289239501051,-0.5252716309598291,0.11781392920092669,0.03269230469885469,0.31837746524182226,-0.09448144266320324,-0.06572549469617943,-1.0417876807351207,0.548657324085093,-0.028898211001655093,-0.6031725430218,0.20235140140790356,-0.003655481454847006,2.3514639281489114,-0.8130564477575523,-0.2401226929708525,-6.073734192425266,2.086262588942127,-0.4607003520398307,-0.1499603449636058,0.42767541410939214,0.12045787883468675,-3.0790760913121145,-2.492374305966427,0.37977219503956416,-3.797562356411679,1.2866243307899228,-4.039422993971507,-7.879044951034004,12.711003577810102,12.841760360019483,-64.8766790810292,12.530278394019007,-6.410551199818462,99.39595249081827,-45.749695074644244,9.415655414187235,-18.555884394547306,1.6134508771407006,-7.251013279271056,8.761177878586834,-58.80304467985378,-5.394373468686943,0.0
-3.6693096346588954,0.7858190975145265,0.7496032157074128,0.9796879028481468,-0.008607915774026025,0.007275129270026001,-0.20021136154856836,-0.11911954381340531,-0.08581014809674632,0.017227627187420446,0.7672812806397181,-0.5813653465540649,0.004716459597094487,-0.5274659943364384,0.12635814278787266,0.03470004150184006,0.2555323747469205,-0.1511893450657011,-0.05453123697599918,-1.079097574630626,0.5602768577662005,-0.11203698595135284,-0.7138445357759886,0.3113177332435701,0.12217063026793605,2.2550631114738966,-0.6166232584528436,-0.6458838793693431,-7.325442671552475,3.015711438597966,-0.33864439488282616,-0.28943278036751463,0.4433895374493304,0.03043710545567065,-2.99806632744001,-3.206485376632684,0.5718877560788643,-4.305917287707612,0.8280394706827413,-7.029676780172189,-8.997853401134112,14.547076480147098,17.955696250112783,-81.04834408512946,23.988161191012917,-4.137845247968253,155.12556087363828,-69.89346044694533,7.978831244384771,-31.68197743774172,1.54162183084793,-8.83452177553041,25.475625711469668,-38.29609511616182,-2.586259046772314,0.0
-3.6913320775471026,0.7966303178181695,0.7456413615365699,0.9800583873887735,-0.015927183477300703,0.012239090268442157,-0.19769189868276932,-0.07175955393248239,-0.08520992113113723,0.005774863184404427,0.5931835433624219,-0.535466635736812,0.026320957393218374,-0.5503611917421868,0.1388607872938655,0.03936291333353876,0.23150405164355434,-0.21865723403434223,-0.020242934980042485,-1.1276753825671537,0.5415873536077546,-0.23763936255871188,-0.7830118250940574,0.4137819785390427,0.5795989244939088,1.0828561244932982,0.1572037148535484,-0.689832412883959,-6.538830161532394,-1.1913391923354277,4.801638181843001,-1.6457234624564427,0.3781792816683018,0.13738986701711187,-0.12676175655798283,-2.8726086229358305,1.7891087688166785,-1.4735901272516452,6.9892204793217685,9.959045110588253,60.5333252238401,14.429401176500257,63.97893412926925,-507.5835334072996,-141.56042656312607,-5.390126641876378,934.3239209084463,250.2434768939271,1503.2763895139765,-26.93782084235848,-141.26586483843718,-22.300453630580765,163.95713794040523,145.47502987768837,-14.917423326622389,0.0
-3.7131375615571187,0.808717851302044,0.7442628633592827,0.98052840556721,-0.01571784082989998,0.016545784690406577,-0.1950467440498568,-0.11638001279727399,-0.09168919121084244,0.009694613335264479,0.5910586733317569,-0.5374077685084888,0.07953258343100877,-0.5928344367047446,0.12100488286348993,0.01581327478906418,0.28658921459119197,-0.23473064577843333,0.002369461099543273,-1.0214015622270471,0.6241360522497114,0.044555051516239993,0.35171288758114566,0.20822329613581908,-0.13258662085628492,-2.8933333697922703,-0.5792506705587682,0.8709217386691658,1.7028362712372456,0.8406646103568003,1.6362731284466512,-1.703735715267156,-1.329990057131651,-1.1966727532226693,3.5208308176500327,0.0007399646065451571,0.8357445466975888,9.340571334634792,0.23181953531230348,10.518020828573478,33.88611181761283,-34.40749678795275,-52.57772025348288,40.00113424890518,-16.055511332366954,67.57093685306413,8.500291599891481,95.80474506162449,-72.9828665700471,89.84246804823047,-12.368539013269142,47.532758190144285,-10.180747426714115,43.7995767297857,-22.98505478157629,0.0
-3.7337416821925586,0.8208461099206157,0.7449582147350148,0.980293371479535,-0.012326916252830214,0.018959479597348068,-0.19624854420448704,-0.1878395245109525,-0.10072666488852124,0.025996101703674942,0.6459309742299122,-0.5170068844131435,0.10549083747580472,-0.636023982387374,0.10196142057338986,0.0070898278659771346,0.3994317159094263,-0.2246446342254191,0.018392076162224633,-1.0159798277167245,0.578881222274703,0.037525458060746114,0.18159419074914238,0.2655513840534261,-0.11682557875762847,-3.5293829112892943,-0.26543611513366727,0.7566818351281382,2.751940935259379,1.1845252756528366,1.0164459143010605,-1.7744713162144194,-0.6549654925927806,-0.11049034489924123,5.515527581377024,0.8157445581307328,0.6790904015338745,2.664347402288074,-3.7063559629367457,1.0431446433435296,-14.500234615933621,-10.68923486614261,-2.327301043522386,37.1586997901774,24.818706661323244,-7.462624289216242,-44.25982354931109,18.17552201869273,-29.736440583156973,82.8650925685783,33.00775602939282,19.832065642693983,-112.25565165456062,14.460183206787864,-14.781103333139962,0.0
-3.7536362406068524,0.8320089775908883,0.7458003341833129,0.9800117382716785,-0.010580170694516194,0.02083779420622463,-0.1975622412568176,-0.2505834260034901,-0.1041204582646333,0.03994134333864157,0.6874165195504937,-0.48824845093260383,0.12309129426292643,-0.6657538265209783,0.09013225425418225,0.005268277785101284,0.5141046022045672,-0.21799944652300385,0.020278424353106606,-0.973385003405953,0.536728175521008,0.05479524943241015,0.07007696712755829,0.15322431711737777,-0.13369064263951516,-2.7352635913889065,-0.05709533033233141,0.6235692538545645,1.461396445697303,1.6082879050751697,0.728428038787807,-0.8946432059005915,-0.5064628806506791,-0.06260825674402834,4.878064018419214,0.2946304558755392,-0.019635590900258595,2.42771918062332,-2.541686485061828,1.8828069698592433,-8.89916779957012,-8.552900882215896,-0.6343141612297123,46.355283895130626,14.054688384968303,-9.33386685572937,-67.17973003723627,15.871657791593002,-17.589549749451976,81.36649583459551,11.835237274988984,4.249904474489969,-142.78556128464703,2.0924080719128737,-1.8057554124297506,0.0
-3.7730336893893752,0.8423901570288502,0.746683226154838,0.9797739229873852,-0.010469347504358066,0.022525692343117687,-0.19855992994863356,-0.3023453351268586,-0.10275012383642552,0.05030507216112947,0.7102339201301336,-0.45504711343094145,0.13535645929654838,-0.6818649317870554,0.0785965751508339,-0.0012115346897873013,0.61477753019183,-0.22781198556267268,0.013983475570730191,-0.9641384498311736,0.5014241302268032,0.04507978686223184,-0.11551943195497752,0.15883955863425103,-0.08493229228049376,-2.419242671939604,0.197071797180105,0.42518502938383684,0.8557173115182376,1.7035218689026899,0.5159772706714759,-0.447719073894344,-0.5421875379373398,-0.3646464813743321,4.290598401413054,-0.4867444508237187,-0.3179293972185239,0.7436413596579861,-2.0806552841668084,0.6445024275581879,-11.430042003571465,-2.3364976018632557,0.4839937819182191,20.585209063870362,15.442814909854512,-10.30513191087599,-31.359063231055835,4.381839069227541,-11.18151241385562,52.98054607666298,9.81065541281766,5.508600383386186,-123.4351093248191,15.204915300707391,6.079738897614187,0.0
-3.7921958431880523,0.8521621780339714,0.7473727201129852,0.9795551692398883,-0.011855637818145767,0.024223095016279495,-0.19935986540718822,-0.3477837073590929,-0.09735362680728374,0.05757954413204369,0.7230061297980166,-0.4209501378595849,0.1444043449451553,-0.6895025548267671,0.06709086325009243,-0.008644897300076376,0.7077732390084913,-0.2540472155319172,0.005701843291395886,-0.9519596402293475,0.4754589541007655,0.03486507147867091,-0.23418985398613693,0.11201112049707125,-0.09351891711059013,-2.1203944829533614,0.3617965273914815,0.3034642414151725,0.4408273648962173,1.7129605488426929,0.3590681358455066,-0.07552319754906522,-0.533820921173147,-0.30168502544222375,4.095412248935928,-1.207888057355496,-0.3708311329828397,0.6989656426074057,-1.5612966916441218,0.5227179393341534,-8.49923363348012,-3.636626525194456,-2.085832828906308,18.127503055154307,11.984979756151402,-6.769927366152906,-22.69015388038117,0.9081425080498069,-12.368933316698262,45.9609612241089,8.902405957320559,11.684682805481687,-103.72997025669248,30.836737565032678,7.694977886080053,0.0
-3.8110965556888337,0.8615062590007058,0.747867607796746,0.9793090952478479,-0.014225247355644925,0.025513445994938096,-0.2002508486273586,-0.3874219239983989,-0.08951452659548645,0.06286295523538903,0.728423205725988,-0.3870079420846859,0.14967072629554995,-0.6886977838602525,0.054691541912739935,-0.01541413869299568,0.7963021927694464,-0.29353871099831697,-0.003723803767382168,-0.9395962197330826,0.4580556045409574,0.024316822322871575,-0.2989856688011466,0.05107620109438819,-0.11079010064166013,-1.8541167868237147,0.4528348992698747,0.22332848826331167,0.12022636627903373,1.6985023112492657,0.16832318778006256,0.34099376331692094,-0.6061355106824683,-0.2794602539050658,3.933185627861637,-1.7815237785211646,-0.4204836349834735,0.5353303273900962,-1.1210173001636772,0.3506801984680442,-6.154776720490829,-3.350021553878976,-2.5468572826866276,14.041741685252783,8.763956858392937,-4.874208999072724,-16.020057459303576,1.0851369424500772,-10.343570015383468,43.31131947930646,6.861556941867611,11.33167973987335,-94.11818155824119,42.41048616227237,8.734735286590894,0.0
-3.8297692001576342,0.8705916557363236,0.7481715228813763,0.9790256150314027,-0.017109515560546386,0.02628915167733699,-0.20130819678730041,-0.42230269372188695,-0.08065574284379397,0.06675470496180554,0.7282918163682537,-0.3527225156652345,0.15191572343365747,-0.6782604657509383,0.04010163140915273,-0.022392666258854364,0.8754724315791141,-0.33945310352986663,-0.012553894948599792,-0.9300426531676803,0.4491426264958623,0.013200963633609945,-0.3155056890920191,-0.0022299217923039795,-0.13528088228646643,-1.6529300218782281,0.47322356319618153,0.1720247452934819,-0.11354182726611742,1.7384994174443598,0.06709656434004309,0.7979048794213263,-0.7284380250985353,-0.2936458837077639,3.426363669567284,-2.034616103435385,-0.3804776327984706,0.27203699481813326,-0.6579849373039857,0.037776987953415116,-3.4053254566982405,-2.1415433358279063,-3.440804108778738,9.575219579805216,5.587568393478064,-2.215876450777908,-11.518973630819811,3.2555409541904177,-4.493094616232758,36.031044795938456,6.617203625119391,12.55242685331029,-86.97321252524168,46.39288372643179,8.273500906592298,0.0
-3.8482814520264443,0.8795393269467325,0.7482518260475312,0.9787049123455202,-0.020115470833034124,0.026535901891488297,-0.20255347021149697,-0.45341542957220055,-0.07190293095818154,0.06969023206716617,0.7237932324830073,-0.3172175602586184,0.1529712300424859,-0.6587131339616975,0.02352294656544474,-0.02888060909010544,0.9423808127467858,-0.38664136232795215,-0.019457093788263293,-0.9239518626794561,0.4442199390367498,4.3847427742889356e-05,-0.3013354128955302,-0.052679742143935726,-0.154071690128669,-1.4835338897841583,0.44848332054718637,0.13359550415936589,-0.31226862314482173,1.8104353411589198,0.03585248564761095,1.1988102811340982,-0.8094350690609471,-0.24897242996350671,2.8740277551130324,-2.0667216861124023,-0.2883842485769512,0.0071903695883032415,-0.43207296031625136,-0.3073031929700547,-1.7153199731946762,-1.4825794580114409,-3.356905644208293,6.853279224767525,3.6594115572160995,-0.8956741289332677,-8.853168324496478,3.973232817441676,-1.979886559745389,27.007506714096287,8.733000744379424,14.117161746012156,-72.81469357477708,46.66381583400628,6.471548846469443,0.0
-3.866697850020891,0.8883981641585834,0.7480735552871617,0.9783678625171608,-0.023002984877353923,0.026223357477094703,-0.20391057795750478,-0.4811100762982238,-0.06388316607852997,0.07199439237858626,0.7152093387247602,-0.2801241588665163,0.15383730483492786,-0.6314114537023612,0.006249132566381731,-0.03343516467825895,0.9978036936101041,-0.43292829745083844,-0.024852195555094804,-0.9209058238078048,0.44052153620336776,-0.014376304396886818,-0.2696953654064083,-0.10158633026754937,-0.1600301016126378,-1.3240955840109236,0.40089494186757596,0.10713990103248383,-0.5088217310251266,1.8947963225225133,0.03734274299223095,1.5361880107936077,-0.8182067932164614,-0.1373144096722637,2.3841960287541926,-2.022557557816312,-0.227559135406413,-0.23582939805028452,-0.3345138804586164,-0.5786311955574107,-0.7953078259234467,-0.8134289283392131,-2.6404059487396028,4.766990641118453,2.480187462603355,-0.4056059288832775,-7.27859183655929,4.35732222429043,-1.1519649528210583,19.24810402988667,10.881150057313112,14.018863482695144,-58.35557137222223,45.21574134968541,4.9570813116062045,0.0
-3.8850784556140425,0.8971758238995691,0.747652396486081,0.9780392008170627,-0.025655886966586567,0.02537384987129841,-0.20527363413694513,-0.505420805317919,-0.056857093171381996,0.07385664684040431,0.7021910495296312,-0.24113269884193858,0.15486781856642287,-0.597358230720158,-0.010289154188839033,-0.03563319355136302,1.0419180843107658,-0.47687614982317833,-0.02877718954699347,-0.9208300055351889,0.4365939278001559,-0.026681446778372992,-0.23234872244680796,-0.14401921238433144,-0.15532569232922533,-1.1616051581229585,0.3463173122300358,0.08687386598339615,-0.7356031090964594,1.9970835444579222,0.0497303087724416,1.8335977394929703,-0.7621022036726519,-0.04491412718173693,1.8694496267730156,-1.9176143264917427,-0.1641407641750466,-0.4773048561718717,-0.29861523937812934,-0.7299567072958171,-0.4454569078732397,0.09619197793684836,-1.7611849465051823,2.9959237353941184,1.7964170689360572,-0.4771479389361916,-6.805731745205977,5.034812013750472,-0.8040263007028483,12.490296169895137,11.008358465397189,7.503939061459765,-46.5056442155355,42.23840430403761,3.207379013302157,0.0
-3.9034911078055115,0.9058486083291747,0.7470522614006903,0.9777400641881604,-0.028056951727785957,0.024071816762670513,-0.20653745902092918,-0.5262568506775223,-0.050849147615587745,0.07524142542660021,0.6840037691223102,-0.19979465934961083,0.15596648655782755,-0.5574767740547003,-0.024586169881875262,-0.0364894248678898,1.0744683321861843,-0.5175733860776925,-0.030505186195008912,-0.9244189170923747,0.4307273934802168,-0.03502784687920755,-0.19955230325279985,-0.17701153334124187,-0.1407523193744807,-0.9926290291213207,0.295397048843647,0.0604841688605049,-1.004594065787252,2.1240798898153748,0.05326975029163678,2.0832701761169785,-0.6172556201638391,-0.012984024774097049,1.345399631879769,-1.7744137589346123,-0.06214326744672202,-0.7417329926890743,-0.3417429404638508,-0.8092154237149384,-0.45805736812556763,1.0902392558341858,-1.3052297703556537,1.548373786521455,1.7282514851523751,-0.669852002223981,-6.975581642883894,5.8409995221038775,-0.4820446963986908,5.576736558657306,14.432357825117782,3.9850501154700337,-34.32680185987242,38.55773980610258,1.3649530120567326,0.0
-3.922012068405326,0.9143660930772625,0.7463568460098696,0.97748442500715,-0.030252675604379786,0.022421677678535267,-0.2076204297685976,-0.5434190796956293,-0.045706595665652494,0.07601305071011875,0.6597175924196831,-0.1555924126269503,0.15680745849849292,-0.5127935606699066,-0.03460386634608886,-0.03746994480993121,1.0955973768239964,-0.5551379606277204,-0.03079890062035332,-0.9318171749835392,0.4219522739648011,-0.03912168209001233,-0.17457706595041275,-0.20177649083432042,-0.12125958881952598,-0.8094575850183736,0.25531462654965614,0.028170820353425066,-1.3244122632735817,2.2753265843733685,0.03735192387267811,2.2813359045602284,-0.35266612214337656,-0.042271627349702454,0.8333732081761186,-1.6442534525970018,0.0014488062672871934,-0.9921172241247018,-0.41694765202560696,-0.8935708828893689,-0.503978034833275,1.9543382238282827,-1.3247102840611131,0.645068157264453,1.9656443368943255,-0.6782261599228592,-7.613633070201783,6.277613282216153,-0.49683647510598095,-1.204574296104116,19.9366059652837,2.7725362952793575,-21.98235558519578,34.991948441946825,0.7641627145886083,0.0
-3.9407090525824415,0.9226747819253722,0.7456269791396191,0.9772784049171794,-0.03228090514637473,0.020502000720880292,-0.20848148697643512,-0.5565598423358722,-0.04126119840961099,0.07610562016683556,0.6282713030645677,-0.10800318986399532,0.15681559275212745,-0.46434248111832027,-0.03804984454645313,-0.03993146746417,1.1056738653756064,-0.5902896170638768,-0.027866016173441102,-0.9419209271751372,0.41097839917292367,-0.041437209614961786,-0.15158831084333532,-0.2217979425871105,-0.09805782550234099,-0.6048119781682145,0.2178055466141634,-0.008344163047578696,-1.701914959932237,2.4621721744767098,-0.027409538774493303,2.431242974624238,0.005397822080049318,-0.16424525376232424,0.33944464111277584,-1.5493768782690938,0.15193582718017215,-1.144075460916027,-0.41885358841966475,-1.1398709501471722,-0.1039434045622431,2.5418066879342343,-1.3106658991746354,0.027511067779261822,1.244091859115326,-0.7668153977409828,-8.178503340979093,6.553198340070091,-0.14624531145414776,-7.341547130081531,21.69953349692743,-2.893087889419909,-9.94589765362576,32.09212044459255,-2.489588146340478,0.0
-3.9596401309253113,0.9307628234229416,0.7448612239607981,0.9771441821531762,-0.034055467553973685,0.018384555651909724,-0.2090250715281828,-0.5659610843833109,-0.03851787249625837,0.07440377284631049,0.5899846268122702,-0.060064869143603976,0.15552072928234914,-0.4134167227260744,-0.03332220069557587,-0.04527385373617153,1.1059326651506869,-0.6238479858596901,-0.021244194630229907,-0.9561600440762394,0.40196393947949544,-0.042528109188803745,-0.10812137411124599,-0.2246350267591002,-0.05483914316972577,-0.4753029008605367,0.0672991626770301,-0.154709681623732,-1.927952152238373,2.107861958483854,-0.05615465667142862,2.503406388619874,0.42978488323030933,-0.32398308936782216,-0.08737229522966393,-1.4863542529758058,0.317408444723993,-1.5446814416530297,-0.010390484636794137,-0.9128520640399779,2.624829057672554,4.683180620392472,0.3513167244301437,-9.318815091142874,-7.2190371831197115,-6.800123601572652,10.258557551346744,-51.91915437899635,1.7981857506523824,-15.078526617928723,20.951547245237983,-4.505468610415855,0.4314085329998454,30.4724321600565,-5.693547664772507,0.0
-3.978983406376709,0.9387598975051578,0.7442956851940186,0.977172112351158,-0.035023523965791524,0.016373184726960494,-0.20890173391834224,-0.574466097752759,-0.03969131512971371,0.0697441719635368,0.5504857152594429,-0.03307849049946795,0.15293264782600774,-0.361820586457976,-0.01961557600987553,-0.053282048386138946,1.0959463292778613,-0.6556244807371846,-0.011143817626528909,-0.9820491257115092,0.40190363858204975,-0.023865730589109044,0.0015952990288217034,-0.17646456877987765,0.033361395522853776,-0.4584373115248949,-0.14878270635667679,-0.2610817813261435,-1.9657650298099407,0.751204245579819,-0.12871852851806023,2.480509684204514,0.8721311371523813,-0.4467617213979496,-0.5808838335593947,-1.4093068746419557,0.46840102282020984,-2.088662180869911,0.5220429106674899,-0.0603126243726432,6.652252057867645,7.126606700431195,1.7467674640711304,-8.610924298147273,-8.919749330737474,-0.4662338346921642,3.2431326780938927,-63.45819719913543,2.4240608646588044,-22.64937698098105,18.616172345662154,-4.158032214321458,8.492810425793696,28.207347839931202,-8.838655964205689,0.0
-3.998920492216115,0.9467366869361727,0.7442264453784035,0.977431593758124,-0.0348097213016241,0.014586746002302276,-0.2078532888058798,-0.5810579143395213,-0.043992871128513814,0.064726131666057,0.5069411541103481,-0.02884218519835378,0.1497771664636545,-0.31047034991180145,0.004723307498601567,-0.061913621016711405,1.073435193207092,-0.6831146262511789,0.0015823564857148141,-1.0151984108535739,0.4017655257158502,0.0029740250014628263,0.11948827285898386,-0.13375395730412884,0.13913553340783275,-0.3188858851937207,-0.282227210668606,-0.22713810384566033,-2.263910746599654,-0.29703004532895805,-0.15046294331334484,2.439961578313753,1.4248425027310792,-0.44794570262414946,-1.1857617372898208,-1.1994167869649166,0.5763009850968306,-2.4857760220769665,0.7316920272260478,-0.04703809755503413,7.983231576798287,7.303041361196665,2.6259823566072202,-5.200812462542892,-8.156315202177414,3.879530433290448,-4.385556225213319,-60.43190642570386,2.2170951601609405,-28.020047980586966,17.125465472753202,-4.479635805129435,19.09761211093457,23.954461210162325,-11.375954909675864,0.0
-4.019543563739579,0.9547711072617976,0.744632548023437,0.9778953899925782,-0.03322072589027635,0.012894193918735053,-0.20603574778608771,-0.5836455959109325,-0.05009518745833158,0.062465222879132185,0.4555197347225993,-0.04360315404121427,0.14704007403097732,-0.260066905445778,0.04002681122143028,-0.06734651639069571,1.0363650756943061,-0.7013279596152849,0.014375288127963666,-1.050935879030651,0.4086854708832892,0.02148160526191268,0.2678490442453276,-0.10157454551023948,0.20321002233354052,-0.09822335697744788,-0.36865065701477284,-0.041267132079198326,-2.6808894566680572,-1.273382201987961,-0.10601918747614994,2.35300664563689,1.9091660807947322,-0.23051290029240729,-1.8671674895806467,-0.7463526583679765,0.557884018247201,-2.657765112941593,1.2467897298677701,-0.8231418900041314,9.81705636068703,7.146825824077135,0.8533289930097566,-4.164139181225639,-9.985814349536273,5.885520703221001,-4.820790175884133,-66.61760623906338,4.658025526996139,-34.18359926760016,6.182101303448043,-4.1217694347532,33.20739354882383,15.417358862887326,-11.798912456621599,0.0
-4.0408085757518695,0.9630868536809535,0.7452429611052853,0.9784293133420625,-0.029886913898339806,0.01109140935787577,-0.20410740263172336,-0.5807684747193834,-0.05845574055162057,0.06432859179960622,0.39445309465814843,-0.07754147457483039,0.1457231431069103,-0.2102745254811418,0.08217014416482672,-0.06459361948598344,0.979078231019071,-0.7017681912976785,0.024810478344617772,-1.082022681978287,0.42970881036548475,0.020920528194525022,0.46104898203102945,-0.07380651762241525,0.16724587697149873,0.17868324678084585,-0.494834748125453,0.18818203626944785,-3.1601882367655074,-2.2813261238602083,-0.01457309384158605,2.29899328439862,2.0896920591043506,0.2543566846392251,-2.8846454955460334,0.11124280195125225,0.4341847036718135,-2.6677099820707535,2.0229447452374467,-2.262659137799216,11.664447761493017,7.933738081442003,-5.509196695789351,-5.892935925191258,-9.234709350013512,10.426766894759707,-1.5803169509607042,-73.6938916197818,6.162088623459286,-40.98157165296601,-14.088156212724208,-2.4550763247657983,48.893420839433375,-1.0804421002252664,-10.234265486649138,0.0
-4.062502389912965,0.9719260682221786,0.7455983421427377,0.978825664185975,-0.02452103268164492,0.008992408483331701,-0.2030225964684189,-0.5722843915143091,-0.07050066497154059,0.06872182688527681,0.32498089720961904,-0.13330527993836197,0.14255815554547258,-0.15669650386597514,0.1249457045521366,-0.04511560656712117,0.8833894386249803,-0.6638483276397854,0.033620698073531324,-1.0996310214893192,0.4635390285905377,-0.009251630459248187,0.6853985885332796,-0.048778183742451145,0.015461966539668782,0.41191530900768375,-0.7079136804098657,0.2727890531411106,-3.4918284211675004,-3.41138739241185,-0.1938368241767095,2.5129843075784275,1.9183164134298443,1.239223136650005,-4.941389980154323,1.989490191991302,0.3606297548446246,-2.4940870615609283,3.024046227690404,-4.623821010520057,13.781030071720467,10.065456579557335,-14.916678638493305,-14.101583774287564,-10.964335100035338,6.777604710851578,10.713810839864308,-72.52117850446126,-4.704167494985672,-49.59009313306142,-41.37300491764189,1.4973407780554222,72.1870450791444,-36.70486667159585,-9.837233314650609,0.0
-4.0840312965099885,0.9816370413248959,0.7444789013568415,0.9791244075906276,-0.01654772947129282,0.006342274258309548,-0.20248788276555918,-0.5740301926539586,-0.09267490338761855,0.06098611088860033,0.2814626055740205,-0.2140075865770307,0.08576708313684904,-0.08222901982330068,0.15184871782388118,-0.009143228491572808,0.6863757136280474,-0.5743937586556781,0.02959711153161476,-1.07744921857525,0.5258877351176577,-0.1331334234791171,1.0424906859803833,-0.02997418279900597,-0.15243837397702992,-0.4938279611611115,-1.260587657358416,-0.330152417974842,-1.468978177037793,-4.3867373698703105,-3.4469626832297107,3.657489142184487,0.6295815651267794,2.0831464642650763,-10.659801584848616,4.28850018655757,-0.28895486561317335,-1.5481685929072868,5.702042268386529,-10.76710842074924,26.4305547325687,14.901681679527485,-40.12359662824436,-45.40792054511631,-4.331034012172311,35.766117195732704,53.0995681763782,-8.786385922447224,-3.871631860872613,-79.77327597348888,-92.03630816741412,10.343858198551686,122.31431365185514,-96.35856855544692,1.9752070280450367,0.0
-4.10655364571519,0.9931595820725089,0.7410073404507465,0.9782489656625674,-0.005668940900811135,0.006956156532204506,-0.20724004481633895,-0.6188268981745064,-0.10713794134064525,0.067128591740192,0.3376682500187213,-0.25280616432267844,0.007030353687156899,-0.05639691392695847,0.13671431028446107,-0.008566132468636132,0.5449553024614808,-0.5040279603614581,-0.05336977007965697,-1.1528046235578993,0.5503501591975182,-0.06839603873394029,0.6052096539312932,0.3824838675547853,-0.8095044120178683,-2.3976005593410963,0.4270485198264289,0.8128037294997664,4.399883492018828,-0.6092628366825066,-3.620207622563761,-1.987111329269964,-0.42667527366598623,0.03421066882073759,-0.6296132713820282,0.5211863383268673,-4.428493804037724,0.8773040805702197,-7.002463907442508,18.572102208527497,-66.75082981110594,-11.83363483243722,-17.173544576142223,76.19887609522597,121.8469477670585,-4.227557778458598,13.485751893479476,80.43769863711223,72.3521894867155,-283.8688991650487,71.18002039360891,32.42219647857877,598.7201160206735,-100.9735808683289,365.8371089600931,0.0
-4.129181359466932,1.0030993124205683,0.7417502959970965,0.9768890062288227,-0.0034478340184443588,0.008781724480673218,-0.21353890339933024,-0.6608911778007748,-0.08857071956710676,0.07261532273151487,0.45003867155765465,-0.27319302652905936,-0.037709976594961774,-0.12156405272071383,0.1356047217292025,-0.011282262364818921,0.5905548911546908,-0.49800379247585724,-0.10012707338707448,-1.086158365686837,0.4537894130386656,0.10986948018104858,-0.026164735199029343,-0.016477193949814672,-0.40692483175165906,-1.2834880772532584,1.0810325921638364,-0.051086042996345865,5.179220379132197,-0.7900953949512919,-1.6703981503590257,-3.1284850950882666,0.08954510633695224,-0.3337643203007816,2.6352536273233396,0.610804118494738,-1.3044976610220336,6.263437497913986,-4.500193479960827,7.009389011575856,-14.487861020818656,-32.212098371759794,31.281529361299352,117.2931360191181,0.5562387170775636,-28.846184996849626,-119.88013911071609,32.41693457501487,42.62208363398172,75.29250010212898,5.215139607471187,-23.86709102044656,-68.04391841673498,55.73070967799071,74.52167210003657,0.0
-4.1503981468486035,1.01231494878222,0.7441641903331646,0.9762905834203065,-0.002922530613612662,0.008765368829192557,-0.21626678859440743,-0.686750122304928,-0.0710234324858355,0.07011445507934515,0.5724798486978577,-0.29903089898488205,-0.051947331963080164,-0.18331908778319264,0.13394129328167376,-0.018253216533599955,0.6400449811289339,-0.4805014667318785,-0.11617044260138946,-1.0297924601877821,0.4667660843691856,0.13900089909898092,0.1662295754364166,-0.013119933776641415,-0.15777979593327168,-0.8237995351856345,0.6280402424981953,-0.13846062840793627,5.510496382100859,-1.0568081790889372,-0.43621898896196387,-2.7987985178299293,-0.29159098582256776,-0.346347434570507,1.980624743336236,1.1332736725224617,-0.48529913706799777,3.8306072779224265,0.7279290549376254,2.554246590652929,14.924874431607062,-4.618367486973819,14.60409875858833,74.8485090791435,-32.2123104828665,1.3054289210150558,-136.49486687832487,35.68708374596818,13.323768773836047,43.30628588125304,-26.573870061660262,1.173645827584821,-70.44618793638173,28.754303156846838,28.544197391931917,0.0
-4.170568098605276,1.0217561162647293,0.7467685378459908,0.9760772755576109,-0.0006388695632368127,0.00821807114536837,-0.21726759374642862,-0.7007957253069989,-0.06048913738445308,0.06856443645461244,0.6916310605834203,-0.3411663699703907,-0.051470273314859635,-0.23462442197449493,0.1260282422705669,-0.023620885399808337,0.6702357004779831,-0.45417762210392926,-0.12199066708219981,-0.9873135302718594,0.47825780748716756,0.13398643957706108,0.32404371746979826,-0.010844350496014708,-0.04835374088059425,-0.2709183660572322,0.3761369484846337,-0.038890958600683416,5.216603644132186,-1.9321715827089714,0.09804664294189137,-2.3252460922773026,-0.5299757226161182,-0.2020396793289539,1.0808651778675402,1.4608974011039506,-0.14914028510581304,2.4174832080081736,0.8041511935816061,0.9969729591534915,11.243524115579833,-1.1458352781564038,6.397510873559668,62.70410462076459,-20.418765151861834,3.268448187785737,-135.44006641112642,45.107209602059626,-0.48946997673301273,27.387998623578987,-17.147188124171695,7.203238093843531,-47.33452486804435,14.937266119592154,14.057535819041952,0.0
-4.190160128316984,1.0315162611825552,0.748953104692567,0.9759268083955526,0.0029875224078297217,0.007909028752261823,-0.21793436312093922,-0.7080331866353342,-0.05568955769285411,0.06351209726981355,0.8101704992023566,-0.38759064677805194,-0.04473412317043106,-0.2807642641823918,0.11481836880661889,-0.025420913082681133,0.6882854281518411,-0.4237530824732738,-0.12211446006464823,-0.969585892635772,0.49703176698279755,0.10198279308712643,0.422183769561169,0.08070116074183252,-0.0740136253023732,-0.08845803606773776,0.11881286729609566,-0.2992110483149069,5.376699993739316,-1.967992212525925,0.332201788117386,-2.2386409865773675,-0.6298369260452569,0.002854525694641546,0.7015205978712276,1.586912865763402,0.08138111002618414,1.2374061878102394,1.0411006467654662,-0.050149538097882224,8.202915572851197,2.7928603557412215,-0.21659566554588972,47.91208121102068,-13.502045632123025,2.3281985212879968,-120.5487390590188,51.89954763465356,-5.864558219680189,9.992566414959837,-9.798667277970223,10.037781633082156,-24.814370529442606,8.23428673554649,7.770165933491452,0.0
-4.209437950327553,1.0415335083255781,0.7505441561112105,0.9756961169380689,0.0071941435853213834,0.00808851244097178,-0.21886047531827232,-0.7090875306035896,-0.05464101591204175,0.05383697968098336,0.9234855282707406,-0.4344637920521143,-0.03494109479845851,-0.3245552612825445,0.10295527854206502,-0.023932590390925008,0.6989729825814285,-0.3909544493376628,-0.11808020734562964,-0.9573736546162969,0.5053525331438234,0.07159604499203395,0.4235082407184372,0.12441948425272464,-0.1037768602538218,0.22691263017556956,0.011436304966902783,-0.4965199465776951,5.022925859029698,-2.0225319317235573,0.4518840285841831,-2.1132337543503725,-0.6017254596602486,0.1371704699229493,0.34752904172813615,1.7050965577503268,0.2721759917474819,0.7737257986946395,0.5644242981600328,-0.30794740296159073,3.2501786405358826,1.3455538467106254,-0.8011525889871645,43.58192638390943,-3.3490182448718087,6.589345696367565,-117.99224066042855,49.17319979738819,-8.414987678029982,10.210400235529303,-2.960651111874469,6.822544574151253,-23.226783952209296,8.37973537817879,4.681786764333292,0.0
-4.228457544921895,1.0516371318317947,0.7516668297111527,0.9753743838001899,0.011251886141302615,0.008442987803526718,-0.2201066160786914,-0.7000510310581736,-0.05452790117133768,0.041831811718759625,1.0177688145576338,-0.4813550025110213,-0.02131394186534616,-0.3646749386861114,0.09232770187090976,-0.020084690083614815,0.7017340171781867,-0.355590100497578,-0.11229756977533985,-0.9457943821351148,0.5067750899107354,0.049032133269202686,0.38260355435006765,0.12267845523816422,-0.13846823101093927,0.7513590418910239,0.009304459449713231,-0.5948952393920891,3.957736885157942,-2.0586390361234153,0.6293352434413545,-1.9213389731099784,-0.5057398113100561,0.2318411086651708,-0.030712472919360398,1.8343099888440815,0.2747481871190217,0.515503286755168,0.2741461639957152,-0.5276982817208297,0.29728452855061493,0.25383930258493537,-0.8953890918948499,37.78520839990351,1.4903738066748315,6.490894354207984,-108.94101581339567,45.31952303307614,-11.80365481286855,8.55951820914147,1.1508232246904273,3.764938350576667,-17.74429040314871,7.82097537383133,-2.9500569738939135,0.0
-4.247216967468001,1.0617173124955883,0.7524171397412389,0.9749393007191081,0.014763715811528579,0.008607092689686378,-0.22181368434838306,-0.67912533212457,-0.0521677673533889,0.031517535916953075,1.087753646378872,-0.5273665617743349,-0.006358503170159744,-0.4003836191656142,0.08397109382636593,-0.014573571691385491,0.6973174435753111,-0.31781918604465514,-0.10758297161162894,-0.932721926301092,0.5036872533075589,0.03024042945714909,0.3208305812734145,0.0749825711907496,-0.19022737432199016,1.3171193475762726,0.1843977531194421,-0.4374284132683132,2.849579524634142,-2.023619192613887,0.6648069606757783,-1.6964924610396181,-0.3748745323367976,0.2978601495374174,-0.35526367649541096,1.9445028495336187,0.21324764250813696,0.45733782526023026,0.09647370706914277,-0.7753233228419392,-1.4844878742475072,-1.0682375277958271,-0.8172860471097483,29.601835512833066,5.739557745498221,9.300363349560532,-84.57498147744141,43.312553529818025,-13.358096313046701,7.78775296629604,2.991300799794038,1.3475931190260606,-12.837457941754128,6.4952451181013515,-1.7205571910113864,0.0
-4.265686520508978,1.071686527006908,0.7529027273679119,0.9743906410366084,0.0173572562911873,0.008281872378153685,-0.2240379764776971,-0.6465459317749672,-0.045613103890614654,0.024957901229838694,1.1354018729772748,-0.5703679405895705,0.0073180354993317145,-0.4307383899624252,0.07855642949398738,-0.008188018393541885,0.6857866509224979,-0.277380102203082,-0.10417017181699377,-0.9181207727448978,0.4968876774809358,0.01817521547252493,0.22772558784078137,-0.002455887105565198,-0.23950262945480166,1.8511887723592753,0.3971550666277849,-0.2628429681087641,1.8838340707494274,-1.8772713030193633,0.590997065863063,-1.4186136697600535,-0.217029410878851,0.3190032813372847,-0.7088594732263951,2.0896856706029294,0.16201544049459593,0.4007733058320186,0.02777917127911557,-0.8718730903754958,-3.110889747693292,-1.4278317293566238,0.008149304946155622,20.497029336848634,4.0262195730669195,5.347474074494862,-59.169806119385335,40.375348896847356,-12.416641320645128,7.326786565282886,3.791155457138493,-1.3969656985078314,-10.948526294073588,7.119738438996429,0.23265869242479403,0.0
-4.283853178346186,1.0815255138821889,0.7531982009383557,0.9737610838945555,0.01875365588103255,0.007352304179439653,-0.2266794995292912,-0.6041242380311972,-0.035736313941319015,0.021264773981578132,1.1665602362826484,-0.609016761090052,0.01822991510567456,-0.4551635539981851,0.07627501915897038,-0.0018340300821988599,0.6669217190505257,-0.23366396682496307,-0.10158449443596984,-0.9031238148415504,0.49134312442014094,0.008418877875949544,0.1194762156329369,-0.09074194110152643,-0.2730424750885039,2.2781808148002396,0.5119707318572682,-0.15414830607107155,1.2469616795315446,-1.673596298006285,0.4606438036393934,-1.1193014685330303,-0.06488973796535769,0.3008684628448896,-1.073670869275304,2.2526673064110896,0.12164613861698129,0.3352816438834424,0.20500597522883857,-1.0578522757386732,-3.4421868729905927,-1.1385231255667736,1.2235568348754593,11.379996879985429,-2.623966132228914,1.063882934694404,-35.01892763537316,36.861506709084146,-9.956680574030996,6.5793352225690285,2.8575556861348206,-2.998956027096655,-9.812311642580177,5.924328386688343,0.01551451837464618,0.0
-4.301725149519191,1.091307379570327,0.7533169373750835,0.9730996038669149,0.01892130782008538,0.005825460580341464,-0.2295325882602696,-0.5541242826718584,-0.02543523016214531,0.01888900982803212,1.186806506541801,-0.6430739742461874,0.025893951898693677,-0.47347241159272124,0.07665414545190352,0.003893793135570661,0.6404899967508941,-0.18669095722930065,-0.09961059691488808,-0.8892452287910118,0.4912533593262256,-0.0015403820508037695,0.01790334726042425,-0.17014252887344514,-0.2839782800639086,2.5942499254808147,0.4595187180281838,-0.11337793884580515,0.827256866684676,-1.469626466645995,0.3160677485082093,-0.8235798044815064,0.051123759046157444,0.26307557276890836,-1.4468163399387703,2.4051406010959515,0.0966998726014068,0.1940533175540467,0.5657657928623225,-1.306627868248205,-2.626640337468184,0.06721358023058277,2.287010671123944,3.0034456424136207,-10.559246724404396,-0.7686997551900976,-18.611193253940815,32.83444465725047,-6.948323082244187,4.167408817005989,0.7091834888350673,-3.2888223747825562,-7.873193600931973,4.1923012742792105,0.7561407034280984,0.0
-4.319348756336104,1.1011665559449408,0.7532182082604775,0.972437851065313,0.018044604219491566,0.0038648412783624853,-0.2324308092227268,-0.49895481630744326,-0.01782747305778492,0.01722105675226644,1.1992988326100829,-0.6725578228923611,0.030457566202424995,-0.4861180829261347,0.07890007867905997,0.009024015431543358,0.6063400040014723,-0.13615584927328703,-0.0965343209427054,-0.8786236988392441,0.49845063682704177,-0.014901762633840864,-0.06572040041844278,-0.22199098681180224,-0.2827293895087692,2.7864787257331622,0.26817552155890584,-0.07237921125419873,0.514933408388291,-1.2681519789515936,0.18129280930035163,-0.5669058795672747,0.1284450074140827,0.23676305133693468,-1.819231735058639,2.5798176880911523,0.1630950417167246,-0.05357444613238592,0.9374090995531097,-1.6892133887484195,-1.8176799722140962,1.9399870982346052,2.8343611544475573,-5.501661282760653,-15.797229637158322,0.5894616472931872,-7.565713328370099,28.541851559914978,-4.115576256897008,-0.0520349853929396,-0.7629006874007626,-3.3277332382226263,-4.284846969588198,0.8033984430302992,-3.9967321731209484,0.0
-4.336807284655621,1.1112494577764687,0.752828748509058,0.9718055953777984,0.016383338478240337,0.0017598946594369327,-0.23520708701801005,-0.441173906203963,-0.015244639919713879,0.016709640647287277,1.2043425809905752,-0.696757968898692,0.03266874261139998,-0.4942340002096266,0.08227172540405413,0.013578794281825067,0.5650708186542758,-0.08316559439368446,-0.09350853621110375,-0.8728513698772209,0.5126290822713754,-0.03204057348344928,-0.13331258264229182,-0.23605811660271886,-0.26041135177668884,2.84640690442076,-0.01738814952884768,-0.0008599190499093958,0.16434071559639402,-1.0301344599872024,0.08193838768628811,-0.37485835359765335,0.17161773389468807,0.20346178656738456,-2.149708055868813,2.6606913579974596,0.10720994909061027,-0.3538029271962449,1.2377652379114927,-2.098980180376036,-1.3899548889965345,3.9755788530596807,3.979900218293662,-14.458821433980226,-18.33016520119733,2.386999437379382,-0.7140351884070113,23.313186563549962,-2.064341013041377,-4.297939633634518,-1.7697388144967279,-3.265112413768425,-1.1702417811815335,-2.322740973846078,-5.231175094781236,0.0
-4.354261911503571,1.1216524084786197,0.75215702423874,0.9712378242529034,0.014018091085979956,-4.255727142263088e-05,-0.23769850662482087,-0.3834079057787249,-0.01815406792365651,0.01811069807518177,1.1991334708080068,-0.7136212790944667,0.033376343459123214,-0.5001639961647842,0.08752145985325317,0.01883369291633112,0.5201094413633918,-0.037782880652400104,-0.08995895325107904,-0.8799582821380242,0.5300125613991856,-0.04165841442491454,-0.23080048545640838,-0.19183776552645224,-0.23238569092353017,2.761269070237144,-0.25063011280268577,0.11521044073852181,-0.3794200333445904,-0.6885071404437391,0.01937753127544284,-0.36446154640903744,0.31440970416836,0.2672833888239548,-2.1639976474941185,1.744148872357572,0.18737230267141702,-1.346591983464405,1.3704213677192376,-1.3807753735765096,-5.001270600409005,7.887402304206811,3.627138073310438,-25.93989765023569,-11.608388206063296,4.095457432724874,2.5360188532514885,16.316617755462108,-0.8468907746574075,-15.69356710261647,3.763297238427318,-2.75873067513197,17.142633488845135,-64.78960589801996,-0.9943421876845966,0.0
-4.372001189087456,1.1324902905362988,0.7515322355830996,0.9707317557835037,0.010832466805805706,-0.0008412208919592594,-0.23992042081446044,-0.32816549840718445,-0.025445497326357643,0.021814556085216322,1.1771521368877371,-0.7200978556719182,0.033431571860757986,-0.5071185129378611,0.09478155916625682,0.024057637762263433,0.47619944481117915,-0.01809190773369636,-0.08508903689809524,-0.90061981513675,0.5544723128525533,-0.0321903448479544,-0.34709475799389766,-0.08740366368029616,-0.19612645998350065,2.5608203119580963,-0.4468520988601102,0.21597642900969494,-1.2717510063262962,-0.2093767908574321,-0.003393116658989113,-0.4272296540005686,0.39146462415672173,0.21362356257445733,-2.157962255158909,0.3998034936726793,0.2360630236815202,-2.067789004448117,1.6156469630568764,-0.8097500169134935,-6.705887125673082,10.481680317433119,5.53316358248509,-36.62255876100456,-8.483156871055959,1.7822847210049864,9.356897644174465,5.936691829646168,-0.3165266602976363,-13.884287960961533,1.8051216698550896,-7.967248480639576,4.8033065050397115,-54.89157473284785,-2.5384676434691094,0.0
-4.3901914998587825,1.1438839431962078,0.7512184264153069,0.9703259759597705,0.006965165823818232,-0.0003509259446429675,-0.2416999455807694,-0.276240848876267,-0.03704172966523679,0.02633455617708297,1.1297414064245097,-0.7142896198777565,0.03094898766104894,-0.5144457397765732,0.10247680883153262,0.027698009054041274,0.4302017148834881,-0.022721420715709102,-0.07976035631994849,-0.9271252858095537,0.5844833666256927,-0.015687622906451443,-0.4392754066754497,0.03047583649761214,-0.1357747807462234,2.351697832162379,-0.6483139901148478,0.21422238850748324,-2.5813223846357265,0.34012397208153533,-0.12979484316635978,-0.43020147580167545,0.3899777193099808,0.1240961431733193,-2.3194664566029983,-0.7720697988035694,0.2648974254322299,-2.6690072893465797,1.8256776483600887,-0.9489158802439258,-6.846650505054799,11.699118995003358,7.857261017131794,-46.064555343216426,-4.652459190836169,-1.920556011349629,23.4667611573606,-6.600745771979788,2.007259449643136,-14.172771863256921,0.8270296223211066,-8.295980584122816,2.744408640046446,-58.815653709405325,-0.8728821919294947,0.0
-4.4088656559320345,1.1558547980666387,0.7512046822551462,0.9700338883563489,0.002565370073005759,0.0012232497905850781,-0.24295303656591785,-0.22587491128988224,-0.05244891964395015,0.02881901785466873,1.0482880709451692,-0.6913264110475155,0.02472066840388425,-0.5199260739607745,0.11016773513963227,0.03050576554471272,0.37832770933540294,-0.0468835241809348,-0.07360823763236381,-0.9534152858752835,0.6127000370700402,-0.007042488136103657,-0.5160936373092846,0.11653512636447617,-0.07305360444487541,2.2717857411230047,-0.7952069469715606,0.05320304298312394,-4.2464522853450175,1.138503331822166,-0.2994211057406395,-0.31296515724010643,0.396459711789897,0.10564821645015884,-2.6458214036469743,-1.6979561131352974,0.31348593810512626,-3.1200110590661674,1.7807159848935878,-1.9794386148437286,-7.169369171750943,11.712765845598,9.747747960089917,-53.26379259788952,2.462012746937455,-5.837808012668061,51.029789803345835,-23.53828710868465,5.6369745740052695,-14.269473253774585,1.638533276165779,-6.627262107030015,3.025105301422484,-58.102113592128966,-0.669180308892316,0.0
-4.428024717818649,1.1683306200671646,0.751129612139199,0.9698345655902593,-0.0024013593040729773,0.003645427067357948,-0.24372496737376437,-0.17441086590068142,-0.06960113377156738,0.026644037502440907,0.928448673748423,-0.6475982111340286,0.014911742632246695,-0.5218596282595218,0.11814122847550544,0.03332871495731834,0.31830667489663333,-0.0868810110064204,-0.06601049312022607,-0.9802891320027177,0.6361666602964525,-0.024405731884561077,-0.5980944654029559,0.18637155909865574,-0.015230397693172526,2.3070674657758863,-0.8078350731691912,-0.20856227528358942,-5.979465102521904,2.0696784437319464,-0.45267209867729535,-0.14278963175834133,0.4173350559315353,0.10602127472137438,-3.043923751984044,-2.468711895702864,0.36540624125133825,-3.6231421124137198,1.6352719211954654,-3.8259999342207838,-7.934538284286348,12.581996854841218,12.267822172255968,-63.517183732838674,11.795886822711468,-6.033097904746249,95.9804081561372,-45.21330065182507,9.156319172936644,-18.005668301258346,1.8779495968976672,-7.326269096969354,8.010643093424932,-59.045244864988454,-4.80954295474369,0.0
-4.44779848012085,1.1811971811792144,0.7500647933502318,0.9697868692088012,-0.008082603458036366,0.007175271199629914,-0.24371420827424875,-0.12254833739770875,-0.08514389673457422,0.017275634776651175,0.7756293083647035,-0.5821228488080599,0.006285377729459527,-0.5234723405739048,0.12642077413731853,0.03495180972413268,0.2552970528062194,-0.143079525834481,-0.05543212317469353,-1.0159635004049983,0.652443386450961,-0.10100726258631453,-0.7070863385715873,0.29556419086202623,0.10059227893101616,2.2195104071030762,-0.6342648029609176,-0.5962360740525149,-7.254790620141208,3.0107670396487785,-0.36307810888132347,-0.24626273962221085,0.4319722166295749,0.01401888030347857,-3.030383313650786,-3.197634488676803,0.5370680107771475,-4.182432660609093,1.2815060367874584,-6.737014347489069,-8.897048388790841,14.539567119340674,17.221595027966096,-79.88951057874995,22.484971819081085,-4.132688941098455,151.90577017356344,-69.45876970522527,8.342371623019952,-30.36998944224605,1.706647159465462,-8.817884744216308,23.49866574053671,-41.27194389912763,-2.6763046432128417,0.0
-4.468551960040998,1.1939288851041974,0.7463168304493336,0.9702062138907036,-0.015125313567231813,0.012229697946856159,-0.24149857536948052,-0.07528426679230142,-0.08659429790176815,0.004493543144765369,0.6020242592157423,-0.5232898275699178,0.02339318433164877,-0.5437614664531749,0.138506202907031,0.0388910408329768,0.226455211600907,-0.21223402610624334,-0.021974282850554697,-1.0655681123858882,0.6385615281037053,-0.23336897160978856,-0.7915645938260761,0.3940886646678641,0.5327959835515517,1.1412507135212615,0.10925649671583768,-0.7336962117771235,-6.575715518567122,-0.5089110756666507,4.4766244787613605,-1.4852472218188497,0.4257798570942293,0.11479884082704746,-0.668664689744797,-3.217381463629123,1.814857448432595,-2.0216586610870504,6.333448307594928,8.580989051432107,52.30765534494723,16.922297694568567,58.55773020804665,-485.25354670017896,-114.10261611586246,9.522310360003457,906.1013746141134,77.10325681482695,1441.05017364414,-29.120248841592794,-111.83377047763554,-16.525435669008584,29.30624374786028,63.682582405555294,-11.837411657249923,0.0
-4.489166783213178,1.2078423056360599,0.744803431891572,0.9707324264991626,-0.015157305594320597,0.01657507372193298,-0.23911101848572816,-0.11678377963443276,-0.09273422742545902,0.007733149740410195,0.5949577479302316,-0.5257710872871036,0.08080534386225567,-0.5872380552407784,0.12340649332856783,0.016226762384780012,0.27381203863373865,-0.23536687041752302,0.0014678511471470624,-0.9624752334729959,0.7100626439173926,0.034981141617152565,0.3135942619328693,0.20507025722733452,-0.11308217193459008,-2.7772082462814374,-0.5669770309661496,0.785273722028556,1.5126284059858643,0.620105947161296,1.7062018562308692,-1.8538322172827986,-1.2376693775410461,-1.1829670638683458,3.4776062461178525,-0.2343265580448427,0.8878203165052597,9.257659629677896,-0.5213586950650738,10.425729585771842,34.774150262354034,-34.84328737523637,-47.16384108017267,35.81001354693654,-18.13025464282993,62.34061659899922,16.18856975506042,87.41737750643222,-80.84247342619352,85.11208326615834,-18.94778938224196,43.85550744282401,12.234282017989138,54.3081777813734,-23.781543189962004,0.0
-4.508611791155313,1.2217536759846013,0.7453554015481845,0.9705049391304024,-0.011851772891785217,0.018894015778162857,-0.24004731777420868,-0.18643340646722326,-0.10179812759579508,0.022723758435307044,0.6466515230919757,-0.509717713971591,0.10663933837289272,-0.6336663568860827,0.10478756827576476,0.006192932223952731,0.387064696802782,-0.227713431446112,0.017661789076531664,-0.9595807797511594,0.6684614933227591,0.03237880771381975,0.17560567557479304,0.266831950010887,-0.08450221612230534,-3.4577864020046865,-0.2840682800210634,0.7007625715940983,2.6230430603718884,0.9962708005596324,0.9851552432552738,-1.9286076772945993,-0.6706261972476278,-0.1646456557809858,5.552330857343165,0.7413478727455565,0.6792941012513323,2.450758668059144,-3.778414090151684,1.264388507107627,-13.013391512251763,-10.806267940313186,-1.525226423236817,35.34381925044045,22.758339426722408,-6.696229570535684,-41.03819272149622,22.672527590173015,-30.544358451235087,84.75089733764534,29.300956938895094,21.68713270312411,-112.64145720906193,17.471368068370776,-14.962317811468683,0.0
-4.527389240646576,1.2346837167861608,0.7461053637977978,0.9702148831911717,-0.0100126850748766,0.020609997368560794,-0.24115981128786848,-0.2479738602663218,-0.10566612407757942,0.03605052944507208,0.6864762459965243,-0.4840246046492921,0.12388493915453164,-0.66674406484145,0.09271507926354326,0.003665419358327373,0.5052455208919471,-0.22100697936300437,0.019912815982016677,-0.9179532675066829,0.6231437986632817,0.051097349326409136,0.07651526690572363,0.13482474733750693,-0.12241674557739393,-2.6748613723831367,-0.08140271494950506,0.6076297343232528,1.4046044529389312,1.483592603375395,0.7159678658110483,-1.0392836600334605,-0.5139511961209425,-0.08507461936018068,5.0774056190738825,0.33019618881653046,-0.0011923586823940997,2.381034540912883,-2.7892550405199006,2.011092668662612,-8.639136966168813,-9.807968460867231,-1.3653533029406864,46.95294212440789,14.144948482326788,-8.099373446713157,-65.10657627451691,18.80281271513683,-17.552227045680368,85.65684757872555,12.442325713515961,5.486375550929991,-144.953542645245,3.4356186547486653,-2.149936731127891,0.0
-4.545704370650918,1.2467958348069528,0.7469301760746001,0.9699586332145033,-0.009773390953624665,0.022111357019944954,-0.2420657319255596,-0.298857702949837,-0.10482044983824641,0.04621378612220822,0.7086816350913203,-0.45289670145120114,0.13543344718188918,-0.685419505070953,0.08129175359556172,-0.00253860334768758,0.6099645919880046,-0.22914956839607079,0.014115043602329218,-0.9111809984317375,0.58769349320263,0.04307796188409228,-0.10473451884499903,0.14308833359561138,-0.07743823664169018,-2.382657925389639,0.1698494254487765,0.418324719521639,0.8373003310208786,1.6172597130314235,0.46876469530118764,-0.5483534546454227,-0.5328119751077594,-0.33949795063979715,4.4600948104815625,-0.3995283608762137,-0.29599789796986475,0.6073515279356106,-2.1323359048685546,0.7568230256091979,-11.372191169785534,-2.320637190485332,0.42995616596880204,20.156543044921968,15.526306054793032,-9.843426996215802,-30.747428161446603,6.765873010489968,-10.695797927195144,56.682601864224424,9.919466498680624,5.702184838561976,-128.68525059824424,14.064129296322905,5.576232805990577,0.0
-4.563830296137664,1.2582868608151418,0.747595469862516,0.9697182707631817,-0.011019563302720711,0.023721948030429596,-0.24282156772890634,-0.3437040502225197,-0.09987659172221904,0.05351939378931816,0.7211610128959681,-0.4200148905154589,0.1440959888688353,-0.6946501256030713,0.06990874123307994,-0.009845830792104125,0.7053917004897775,-0.2534227993072364,0.0063706886388981655,-0.901343683083447,0.5608883288157477,0.03424076830795151,-0.22661996022672024,0.10111816519262361,-0.09270297202722225,-2.093467599137561,0.34391907252387116,0.31149335921758664,0.4250768107433867,1.6693768827311646,0.3706470095932223,-0.13559849843462765,-0.5269953697586078,-0.30530876231138177,4.175649276657075,-1.121018401553079,-0.3468644157469575,0.5453945791853235,-1.6270524270230888,0.5771767544064798,-8.773166468401957,-3.3941029582633897,-2.4006561854574198,17.8406426398376,12.64845612968099,-6.087589179012849,-22.867290366487296,2.513958409474089,-9.758884314095605,47.974004743615225,9.208754275779032,10.956759513983373,-107.88177119761126,28.930307079071095,7.220423481382679,0.0
-4.581737940930324,1.2693305237909092,0.7480801268662046,0.9694391443898415,-0.013283100532274479,0.025028319635028225,-0.24369014707449435,-0.3829670172540383,-0.09233335922954344,0.059022689910288535,0.7263692919759321,-0.386613543847535,0.14972958673461476,-0.694878703314263,0.057649954094992496,-0.016573602177649922,0.7952336222843187,-0.29133466190434315,-0.0028464655362431214,-0.8909807123086628,0.5426722409661304,0.023962022726862008,-0.29366636014426867,0.04637956414466923,-0.10852791852722625,-1.8425146477485892,0.44100473182832073,0.23558203538421438,0.11547074981458208,1.6829833827155294,0.18381735390811532,0.29816432844078106,-0.5999564267942233,-0.27544578071428244,3.981974670982795,-1.7141272745896443,-0.4139095552937372,0.4095540191702212,-1.155768050450731,0.36932046189357615,-6.305672209918256,-3.0437764158441962,-2.450349998749502,13.275754720654605,9.091218441381622,-4.8253910844025265,-15.400459916886817,2.083140696874417,-11.061191081362706,44.353412866795026,6.702773467510231,11.359612271680506,-96.11210935864271,40.9733160147151,8.535262584557257,0.0
-4.599448020669636,1.2800989501933202,0.748375914859858,0.9691167102151833,-0.016096506368565393,0.0259043641004297,-0.2447093549192198,-0.417760384117516,-0.08364822317021073,0.06315887377801314,0.7262842285314189,-0.35253848684085726,0.15210749105676533,-0.6851887633312479,0.043158383670700594,-0.023367284025914762,0.8753850295626079,-0.3362132809827127,-0.011785385382133832,-0.8824647840635456,0.5330127171209635,0.012836543400206202,-0.3133912564723361,-0.0021494174219591107,-0.13174894402932963,-1.653159441435271,0.4668447110737882,0.1834599351320358,-0.10708919397112814,1.730186387827544,0.06881373801953922,0.768028048050339,-0.7257630473127682,-0.28323171882387005,3.4677948363850994,-1.9920058268075722,-0.38732266741436083,0.20715920260297976,-0.6789764426405648,0.04827991304029692,-3.596476197682066,-1.947485095132953,-3.372525559049844,9.177559121013037,5.8087075173563445,-2.3473253949281925,-11.19958310836392,3.3751341430611346,-4.835973181118817,37.039878371101224,6.277497749782992,12.471999022033348,-88.20562560576376,45.49906085483249,8.357869518214367,0.0
-4.617011517458614,1.2907178196883782,0.7484461495287984,0.9687468050303497,-0.019075059067689054,0.026305160813161137,-0.2459142297217648,-0.4489651430516806,-0.0749794279053197,0.06631340695009372,0.7219987709800291,-0.31721864029573493,0.1531543820796531,-0.6661050782095491,0.026548162167047907,-0.029655654809946513,0.9430064977524202,-0.38274844160276394,-0.018979031204945998,-0.8767588598085908,0.5276982074615642,-0.000503306103208,-0.3020294970241985,-0.04885896947096807,-0.1516429949402177,-1.4909116460655134,0.4459459911117856,0.14413951007431752,-0.29938256643819344,1.8003326193432805,0.03511608493528303,1.1824830830580448,-0.8147990472828115,-0.24004627316622335,2.901474322678247,-2.0399362042975993,-0.3022062804180361,-0.02423788973163782,-0.4259531162181196,-0.3078286986160555,-1.856157536992658,-1.3216929521405645,-3.4176288412488733,6.602590862224915,3.8283975366392125,-0.940368664564409,-8.68304540012447,3.8770327223934222,-1.9320723233891157,27.841905991441752,8.293545632670345,13.956230466782051,-73.86787548727295,46.094402074487135,6.730907354725384,0.0
-4.634484460335815,1.301242043434559,0.7482510960657738,0.968350973352336,-0.02197679400514069,0.02617992717126674,-0.24724082257213617,-0.4768820262798912,-0.06698688942091761,0.0688016504887761,0.7137543113025985,-0.2803684192092859,0.15401666197556835,-0.6390301902287049,0.009062640000005015,-0.03407868196808167,0.9989146768488296,-0.4286550671007285,-0.0246652176462088,-0.8738527092134986,0.5238482699096698,-0.015372029232309185,-0.27262268645473897,-0.09476707180048023,-0.15887050860851898,-1.3377134716621717,0.4006864548748454,0.11579987620221618,-0.4893544026385199,1.8812421661278391,0.03771451820683794,1.5298555508778078,-0.8324859435725854,-0.13188060676033903,2.4031313534986234,-2.0071481003420626,-0.24017092806003965,-0.25243935578510523,-0.3087132040020809,-0.5900173501896944,-0.8962875803691033,-0.6817200962753802,-2.7217374284952065,4.528956226049627,2.6098590221789326,-0.4323865697251158,-7.056195670238779,4.225806975933817,-1.096951500196702,19.855044443913616,10.514216047901746,13.950780694302292,-59.072909924714466,44.90553661098187,5.223667424639013,0.0
-4.651923937432345,1.3116844306897695,0.7478012506124173,0.9679592761438711,-0.02467711041958921,0.02553706632818296,-0.24858346323060734,-0.5015415982040956,-0.05995827604574833,0.07081189233408612,0.7012233586629457,-0.24169115845413017,0.1550673073122582,-0.6050499441358321,-0.00786343490408285,-0.0361802694040436,1.043466026529231,-0.47246967374399185,-0.028846895363836365,-0.8738292546545979,0.5200357819307285,-0.028347368392229635,-0.23638241400822566,-0.13485228199058025,-0.15492908552888046,-1.1815295761132496,0.34697971926660537,0.09379486607613434,-0.7082263478548471,1.9799472609868647,0.050993440916822286,1.8334793138709975,-0.7852078390018827,-0.04057232000485384,1.8892176000142644,-1.91298191995028,-0.1752532825678432,-0.48491948476037305,-0.2525313428578328,-0.7460600563383843,-0.4916802091392433,0.19714651005542017,-1.8348711079456683,2.774055660432671,1.8744248904078802,-0.47437798918716734,-6.545578743170937,4.897779848773956,-0.795050397347144,12.947721269139729,10.78753356482454,7.753598348239708,-46.982402742627016,42.17545094837476,3.484888541757627,0.0
-4.669397591235973,1.3220274652719552,0.747158694978633,0.9675981711785436,-0.02714669981839637,0.024450593091721463,-0.2498379561203039,-0.5228452762367863,-0.05393508367299924,0.07232502108383142,0.6836875345696642,-0.20074033898391772,0.15620814735602295,-0.5651311450439045,-0.022709972730721013,-0.03691722062737285,1.0764866171086407,-0.5132218308280809,-0.030809384134010367,-0.8775263981717374,0.5146255313412746,-0.037364980925200235,-0.20367143110612218,-0.16625657908333827,-0.14142007748528804,-1.0180925535622358,0.29639277232660977,0.06683684603106801,-0.9690059801734779,2.10324236375341,0.055420761313844796,2.0881667402601183,-0.6479889208440891,-0.00634056758071393,1.367013338649029,-1.7776943727156311,-0.07236514304238198,-0.7476828631641489,-0.271885738755046,-0.8212574004832535,-0.4516094577345064,1.1583472756057138,-1.3954829566147124,1.3807361219142995,1.7742555355542855,-0.6177345044237446,-6.739199298138535,5.698084587940003,-0.523313349526668,5.967823788132515,14.352229324841124,4.5023227922267,-34.813214218129424,38.667952860365325,1.6385908048615978,0.0
-4.686984585804382,1.3322273525305535,0.746409877042585,0.967283990024579,-0.0294223501523557,0.02301788495877535,-0.2509306376783563,-0.5405713186809277,-0.04876236020349268,0.07322770000130985,0.6602102497826725,-0.15700168146036547,0.15709715644614722,-0.5203138725695309,-0.03338615267379371,-0.03767587015921545,1.0981052258330724,-0.5509383982021698,-0.03120384566124468,-0.8852477018120863,0.5066284393605671,-0.04189101655539162,-0.17821536696217238,-0.19009665249852664,-0.12403190576387142,-0.8390950696263116,0.2571382918072092,0.03506340807774899,-1.2814772510161576,2.250704208224229,0.039235713437796825,2.2907852387582404,-0.3870833752276476,-0.028237505301427875,0.8554217855443189,-1.6511927406967608,-0.001110032976312321,-1.0034521333498576,-0.32511218801190456,-0.8910011138039733,-0.47463458247243195,1.9979708527334925,-1.390052502126773,0.5372367781783403,1.979665192213964,-0.6367186893921238,-7.451019890492703,6.168098717407878,-0.5740842720848754,-0.8272958365208857,19.76281733754259,2.9819016272966317,-22.533785467452724,35.18031765599267,0.8839054172080565,0.0
