floating_base_joint_x,floating_base_joint_y,floating_base_joint_z,floating_base_joint_qw,floating_base_joint_qx,floating_base_joint_qy,floating_base_joint_qz,left_hip_pitch_joint_q,left_hip_roll_joint_q,left_hip_yaw_joint_q,left_knee_joint_q,left_ankle_pitch_joint_q,left_ankle_roll_joint_q,right_hip_pitch_joint_q,right_hip_roll_joint_q,right_hip_yaw_joint_q,right_knee_joint_q,right_ankle_pitch_joint_q,right_ankle_roll_joint_q,floating_base_joint_vx,floating_base_joint_vy,floating_base_joint_vz,floating_base_joint_wx,floating_base_joint_wy,floating_base_joint_wz,left_hip_pitch_joint_dq,left_hip_roll_joint_dq,left_hip_yaw_joint_dq,left_knee_joint_dq,left_ankle_pitch_joint_dq,left_ankle_roll_joint_dq,right_hip_pitch_joint_dq,right_hip_roll_joint_dq,right_hip_yaw_joint_dq,right_knee_joint_dq,right_ankle_pitch_joint_dq,right_ankle_roll_joint_dq,floating_base_joint_acc_x,floating_base_joint_acc_y,floating_base_joint_acc_z,floating_base_joint_alpha_x,floating_base_joint_alpha_y,floating_base_joint_alpha_z,left_hip_pitch_joint_ddq,left_hip_roll_joint_ddq,left_hip_yaw_joint_ddq,left_knee_joint_ddq,left_ankle_pitch_joint_ddq,left_ankle_roll_joint_ddq,right_hip_pitch_joint_ddq,right_hip_roll_joint_ddq,right_hip_yaw_joint_ddq,right_knee_joint_ddq,right_ankle_pitch_joint_ddq,right_ankle_roll_joint_ddq,fallover
-0.0023944649095309794,8.126493536213684e-10,0.7906066230229524,0.9999850351300017,1.590703861567386e-08,0.005470787516274827,2.493208403436726e-08,-0.05583052689535867,-0.000692797259120891,-0.002994521483458999,0.12508975618423707,-0.07646444071835753,2.7707160281795663e-05,-0.05583049673453265,0.000692415614714898,0.0029946669688547226,0.12508972267377988,-0.07646446538000065,-2.77405148984155e-05,-0.1317167967387139,-1.425302885264094e-07,-0.20807519999559193,-8.355582209588791e-07,0.6204500071958281,2.6957583156635175e-06,-3.190073467258894,-0.0012101646661250923,0.012483007052059673,6.709640766692126,-4.900360464751776,0.007145798405560449,-3.19007172401425,0.00121500031132093,-0.012487674092126394,6.709637705067982,-4.90036417558382,-0.007158775663535802,2.536024502792048,-9.689980004271981e-06,-8.410056409045332,-0.0006698060282988149,-9.093663120400619,-9.755140542527296e-05,45.27846864066207,4.412431796822664,17.431395455074732,-198.22159312647,-65.33530044271821,1.4735079891810186,45.27846869158506,-4.410392079320191,-17.439162093059263,-198.22186829463809,-65.33537354843952,-1.4763472573745198,0.0
-0.005093093709138377,-0.0001708397846249897,0.7875967065567829,0.9999190894670058,0.0011660080911426482,0.012479161126983019,-0.0021738174192384497,-0.10247271538200253,-0.002194428071556314,-0.00159757348256551,0.1951010707510717,-0.1193188077083273,4.117600145483301e-05,-0.13750838239386712,-0.004813698342259605,-0.004386973615656788,0.27688959135427726,-0.16811157698468393,-0.0069848111954226915,-0.11458452400133337,-0.017364143098814025,-0.10492067146207279,0.2315043417708674,0.6502313603173655,-0.21617435448289463,-1.765133995126794,-0.18047757205236759,0.18848175520584642,1.9937909567995347,-0.8028419283940532,-0.006879498758635908,-3.966947075308008,-0.48110328176682643,-0.4738916120449715,6.986383456064723,-3.418844603351258,-0.43307904151094123,3.8845538406763644,-1.5526238742686005,4.007609603232077,8.356758221333827,-13.987556688888452,9.571763255628014,63.82484512108979,-9.050225351563126,-1.2915285194284198,-116.77217380262974,82.57242786438012,-0.8979720011177824,69.76486934064616,-11.957276744270226,4.996350416114671,-160.54528742932132,103.45587419733573,0.8209611778167156,0.0
-0.007411487955481507,-0.0018162091562689134,0.7868595198837225,0.9998044222903414,0.001656422639700079,0.01921028058361968,-0.004397562121716004,-0.12747590194206354,0.0007235062336625419,0.00029187190121346586,0.20929171227715795,-0.11861229311462627,-0.006565366480976685,-0.2312065155764391,-0.008558857139562242,-0.024188940617790776,0.4581098827742558,-0.266782349578698,-0.019977185434225185,-0.09103596550976349,-0.1429285774752211,0.019797319085989938,-0.1658429243676809,0.5706782276117153,-0.09291899755396904,-0.7468486693107743,0.4490062941034399,-0.13491798248596368,-0.11747615332783762,0.46647386650248257,-0.48490982065881594,-4.261737543628808,0.22821973125262976,-1.1117323172171873,8.123306173073527,-4.293446013397417,-0.5901812909911583,3.9160297110784614,-7.244251559417977,6.244754895308456,-28.960312307212423,-17.086251074832973,20.539432670910237,56.3109982601687,37.458394756549005,-33.667547079628115,-74.1876633425884,33.533287396816085,-12.735790020739078,95.03964654071066,59.58746503810541,5.037392229363738,-226.8025050762589,105.5072549542988,13.165152034950298,0.0
-0.009160303246361532,-0.005471058800731032,0.7868641598971408,0.9996996048818434,-0.0011650063541345423,0.023840271473154425,-0.005566346680484406,-0.15093819409978051,0.014040711824390102,-0.0013480169175828659,0.23114750234015402,-0.12363695246385925,-0.016105423134531217,-0.31579622591087486,0.008034809053189526,-0.030442921475423733,0.6234306306384529,-0.35085067956503746,-0.02408835801802416,-0.05914932829197922,-0.215191464382316,-0.001956619583218624,-0.3876678277013019,0.25903760922732627,-0.11221456831872717,-1.092979582477917,0.8360437078773914,-0.11628542557100016,1.5131420666224664,-0.5764199405786943,-0.48518321364424793,-3.5492284109550827,1.193852071139449,-0.11517691091929531,6.856731743892139,-3.49147383394909,-0.0815283385453322,4.430077792135495,-3.49368353714963,0.5894681501291889,-11.93462743607192,-28.407479164958342,1.9197765530536104,34.05965126079386,18.306348010860354,-6.656694397293436,11.4693482042279,-19.741898165449832,-2.0509867682988143,105.59010527450896,32.26585537632713,-0.15504461178151713,-222.12000238230212,82.37162357926343,4.65223873883215,0.0
-0.010023810959769052,-0.010017824942760836,0.7865995744747513,0.999639922611382,-0.004594113331761392,0.025440024556698363,-0.0071919673774937945,-0.1746325923892338,0.03129192008757681,0.0022517993026756776,0.27127078566904916,-0.13863977656725168,-0.027092078246656954,-0.375920831741264,0.0305734765884087,-0.04206339192862676,0.7300264215086,-0.3853346774058796,-0.024713368170147035,-0.01898111798052318,-0.2365356354386552,-0.016753240572128604,-0.29427183207035684,0.022586384613011865,-0.2306003698781158,-0.9974795108247958,0.871836887025669,0.38874688057744333,2.032785089277596,-0.7616573770610737,-0.5340922835846644,-2.379485824298411,1.1332859980006493,-0.7562711101315474,3.8272786649936053,-1.1022498365635707,-0.012346427874531033,3.242611673774944,-0.9222289985398145,-0.1070937168021272,5.880609262520091,-17.90312836502114,-7.552614115672163,36.20937610225316,-0.19676950978689878,21.06396690700098,-19.78804711340858,5.818827514847846,5.285231104475117,76.36207394476381,3.925749171682424,-6.223800051713431,-170.39581809149166,33.27698770328108,1.0284837177251613,0.0
-0.010270081961086697,-0.014887390189689464,0.7859972451939035,0.999615917167506,-0.006588529656534647,0.025567993376284206,-0.008419449925055045,-0.19659499165769795,0.045790344927856906,0.007461479646534659,0.3156290338785095,-0.15264303471536037,-0.037376708763568744,-0.4155455907281329,0.05280399923269463,-0.05217331959390398,0.7818770321231114,-0.38717116234726984,-0.025593384237233997,0.00015346055846955121,-0.24677144400400874,-0.03805532632996557,-0.09876140941038342,-0.032833648514451474,-0.05812214504733664,-0.9902985697730101,0.590357151012772,0.20266593967938318,2.0957262250815303,-0.5867384600212496,-0.46822378591540864,-1.5886852128521145,1.0312661266283334,-0.35396525281287067,1.623490142090551,0.12679522172857244,-0.04169662877780019,1.7810883303727707,-0.17508457831391222,-0.7270704722549901,12.255732553959696,-7.1719590055462765,6.699646099673414,23.662655158141895,-16.317337054862136,-3.308859026211876,-30.237444997588824,15.57201535186015,6.640312868670042,45.7309556758689,-13.788078324047515,13.33705811974824,-98.50014464685006,1.0549876333964088,0.9504640488650093,0.0
-0.010197357767792917,-0.01989665068089126,0.7849780185746812,0.999619713528279,-0.00649809470300744,0.025461250291973287,-0.00836228583824412,-0.21538889346769233,0.054012162148596166,0.006399112297118025,0.35389093922979026,-0.16208124104602173,-0.04626781416508574,-0.4440683999145177,0.07034788637595718,-0.05244049925973695,0.8018251948472326,-0.37529636816220086,-0.032007020349972506,0.010810975754764607,-0.25165064445314017,-0.05996679623331865,0.10778979181309561,-0.017041932171174095,0.05296956288336672,-0.7927671056316594,0.26916803857551375,-0.1319873189554748,1.627052437207895,-0.37208428337113414,-0.41047566707832395,-1.2469820701444034,0.6708456263529866,0.14953641081641358,0.534589707723435,0.6049205193334664,-0.3262969016335879,1.0548065606237145,-0.020979487701271986,-0.9192807126823715,11.650755176959644,-2.32298325171446,4.888214546629096,22.514236883202916,-15.526336364543186,-1.1183530204403194,-39.11316711963758,10.3656055388659,4.371328217394851,22.131461843046573,-28.269099464352756,10.22004442346585,-45.43363575020521,-11.795745624711978,5.41161720152613,0.0
-0.009868047838026564,-0.025029411628336242,0.7834986023930537,0.9996459695315568,-0.004599720553166413,0.025143016460064463,-0.007389647720603995,-0.23015760470824853,0.05685569601198337,0.0011692697787874448,0.3849363424530094,-0.16925748816463343,-0.05289621075917414,-0.46636576777495486,0.07899507742924818,-0.0438263166895054,0.8071056841841283,-0.36542858787568133,-0.04108621481121601,0.02460560112170447,-0.26000164091219086,-0.08370507994673532,0.25701094885087317,-0.062256571063296295,0.1332222323012378,-0.5995441899751847,0.05480225521953408,-0.2617677686176976,1.3630235240464847,-0.34795704366372265,-0.30501901348350297,-0.9721989197138686,0.1767915140516095,0.5432043324476163,0.07512520121897681,0.3897791846801119,-0.417864904755306,1.1220197386329906,-0.40310191542981016,-0.983237539974103,7.54061424459658,-4.801028763150466,2.599535407562014,21.181730449308812,-7.91970936799932,6.334664540913302,-28.178332644085213,0.14677274236860383,0.7926696073913051,17.568916054286838,-30.341136931947368,6.301327853709683,-16.97278933881643,-11.056553327494168,7.557597670756483,0.0
-0.00924463598056428,-0.030436699861297014,0.7815536975044111,0.9996878332075242,-0.0016676935525801566,0.024247080743598246,-0.005790855763453838,-0.2403564855472241,0.05722686673891389,-0.003992553637863693,0.4101863304433182,-0.17745561056392978,-0.05675970918580345,-0.4839904676129588,0.07722318657918203,-0.031909469970154515,0.8087112112451222,-0.3621474573917122,-0.04683050190397038,0.03925231925604832,-0.2794006974706896,-0.10621768466433316,0.31447535238896823,-0.12407522890213293,0.18857141547667272,-0.3705309943299004,0.00593836439626244,-0.21367211810257283,1.092660736147942,-0.45816011529753264,-0.1770376230195539,-0.7658285253709376,-0.3212642253061447,0.5790212739384843,0.040113802877834566,0.08907292896885954,-0.22967429150555815,1.0568871454260762,-1.0656385212181152,-0.8741211811395124,2.5394983347952382,-4.888729264851993,2.0364676341103785,19.264254990048016,-0.36977781461126313,6.751710162395148,-23.587400442324782,-5.528868571690717,-1.6672272113708893,14.912719991336246,-26.12882069540837,-5.0497748958154896,-5.284682749544793,-4.358210130228732,4.7048778963772255,0.0
-0.008372257872634023,-0.036336735507231765,0.7791956183196993,0.9997315367748913,0.001574390652758648,0.02282661008447619,-0.0036498690165906143,-0.24643747550770254,0.05753783406998245,-0.007839857335926738,0.4303405777211676,-0.18802551007158683,-0.05815303510109118,-0.499152205316365,0.06624832577804171,-0.0216154394589917,0.8151398872602034,-0.3634968358924743,-0.04821496131519139,0.05007658315121899,-0.3095475024039534,-0.12442258975168845,0.31435870337242844,-0.16800070052382482,0.2450995231020909,-0.1949265170478516,0.047574436825186105,-0.15786543245384715,0.8707362298415531,-0.5830692585325911,-0.0694384020215471,-0.6777142022026842,-0.7065489870802372,0.46195150264641255,0.3811052583299516,-0.07834540343775058,-0.017562479678168413,0.8932277700819012,-1.7719202941580183,-0.5277223128308,-1.410198087769828,-3.9059680776111954,2.319028314827459,15.222034938840483,5.269583105995648,4.302137291409043,-18.79128075001488,-6.088269286967543,-5.04098308447508,13.580512118270818,-14.753279524064435,-5.121471724697542,-3.7456906360396864,2.2661881486025663,2.4228471209648865,0.0
-0.007305831758851574,-0.04291540955586667,0.7765600674496627,0.9997675118574261,0.0047104292181337345,0.02102067567489738,-0.00093020705424866,-0.2497191253393968,0.05930016687495019,-0.009911705317800109,0.446974753254377,-0.20044118991192114,-0.05806070589471236,-0.5125564344819968,0.04909085266548382,-0.013299874506073466,0.8284241379505358,-0.3683797838229034,-0.045064969972215055,0.058727218764884306,-0.34712004482809256,-0.13448302731169326,0.28928624694243715,-0.20043178071589016,0.3043317997489073,-0.08999861233646997,0.14376459954825863,-0.07188512853361455,0.738911039249843,-0.6484396258981174,-0.020693877555511116,-0.5805903449699429,-0.9373670302730825,0.39476392084045736,0.6802359797730156,-0.22743529888893127,0.16105130884683172,0.7641738078830009,-2.1971765893440787,-0.09210306029132931,-3.0420180161932,-3.106568328472054,2.5614550879139126,10.992977973908994,7.653658578607665,2.29519302430334,-13.661293534377545,-2.939126492716967,-7.317897606804998,15.044934751541327,-5.357737066169541,-0.8911553526861116,-10.953984170957114,6.034475651317098,-3.3169950908627137,0.0
-0.006063700072716048,-0.050293018927184824,0.773808037402629,0.9997900622635859,0.007584724989705536,0.018880664380841815,0.002413267151733362,-0.25136361690874476,0.06318008024158046,-0.010355048256000783,0.4617103703881518,-0.21341016359911288,-0.05769011939469739,-0.5231010221700575,0.02880780141743862,-0.004885361108824282,0.845116209064267,-0.37350295920880516,-0.03884561007197293,0.06699359687673974,-0.3889084698360382,-0.13730892952242282,0.26046478007133916,-0.23020010301672222,0.36951455907113007,-0.036284636452146066,0.25335009287581967,-0.004357017118188462,0.6805281248122178,-0.6423046994576139,-0.027143007464720783,-0.4139320328693561,-1.040466059441202,0.44121655679380767,0.7752496198248072,-0.20900737171385983,0.28782326842517086,0.6310822559035815,-2.395893769565739,0.19817890274388578,-3.160708589152507,-2.2432989447834077,3.024690158074209,6.666567273790233,7.962819824146439,0.6749337280279264,-8.720523812389315,1.1969453040517504,-9.503183003965649,16.268484176851707,-0.15385262225074214,2.1312062705624286,-17.116344104098722,6.451984969278072,-6.22294535973167,0.0
-0.004638723196867991,-0.058544159869583806,0.7710564428006126,0.9997932058768646,0.010171896992243915,0.016408816320956778,0.006389737160843951,-0.25202618391935294,0.06977829559959421,-0.008242624448050316,0.4756722586046622,-0.22593666964673192,-0.05760322036466434,-0.5291192835159622,0.007775929311586477,0.005576172649438782,0.8603505285053826,-0.3753345604542122,-0.03135830141606064,0.07592768274927737,-0.4337786115459389,-0.13590856632508436,0.23246457533194814,-0.2600246432376924,0.4350713163501445,-0.004105195484965058,0.39816172123420696,0.14692481485551107,0.6659878358583692,-0.6000357283247324,-0.04556600422952097,-0.16774993596705207,-1.0443173037463067,0.5584597465453215,0.6435621361129636,-0.04071250084059488,0.3306177962535584,0.5695320818588433,-2.507557612374391,0.2954783160225832,-2.7533691031571794,-1.73655087443393,3.578902652980515,4.513138344494479,8.047655852884976,1.228170933778294,-6.319550137836507,3.853806976074811,-10.3713160001782,16.754555293244792,2.2099941265491916,1.6289488021803433,-18.74103083682215,3.125927944939078,-7.495522657148654,0.0
-0.0030226171155621896,-0.06774201568803474,0.7683660424796754,0.9997685911471539,0.012441182729808093,0.013641057091189119,0.01104095509240531,-0.2520519969724982,0.07989248169854155,-0.0017789106229018617,0.4894949132720391,-0.23763964173393606,-0.057404954317665534,-0.5291781750201208,-0.01211068886170765,0.01876713079342502,0.8695458196818033,-0.3728997865760486,-0.024034845221663863,0.08485219093869881,-0.4824962182877731,-0.13281948476189506,0.20059536725818647,-0.28174245703033535,0.5077396270584587,0.012731361390486794,0.574289173936308,0.3617647707232714,0.6674626982314625,-0.5495908348825895,-0.029410710494310995,0.1313906651830885,-0.9614661298794751,0.6823938652185881,0.3122055150693814,0.14367076849998897,0.3142165977487043,0.44712301714225916,-2.616441104887747,0.21974339856633487,-2.257265230473032,-0.7213532867862825,4.369445516611385,2.3575706495480344,6.437778878315348,-2.627753901744836,-5.677038034043856,5.060030984938361,-8.703208304895764,14.46863684922967,3.4374032007668327,-1.595625113900566,-15.301137572660748,-1.6990139888659233,-7.4254560062486785,0.0
-0.0012014789272285814,-0.07796746175866882,0.7657465175206224,0.9997050513936215,0.014336216101775441,0.010601597606043444,0.016489064684175825,-0.25143784805305186,0.09432004277965375,0.010497282473695682,0.5030697326520019,-0.24749572166456751,-0.05943489106460106,-0.5222510165366637,-0.029195951836013236,0.034274748700780296,0.8690490365160176,-0.3630559008624635,-0.017486798296396985,0.09528435218716737,-0.5351810733498984,-0.1305091699103438,0.1632629403550886,-0.3067450753823141,0.6000866130731982,0.04304902633978415,0.7871958591011539,0.6482000450459228,0.6524156499682856,-0.4510082783251668,-0.14876067814838637,0.4803675989401742,-0.8022530221930203,0.7676036894233691,-0.16711087773834007,0.49403712999964877,0.2769025223954064,0.381638558867843,-2.690261027941256,-0.013786452419540803,-1.5638769019418235,-0.21636981911432898,6.053331621704893,0.9175202275148017,1.8641250077188392,-13.211284819871327,-5.8103538778161985,2.2176493623011395,2.2992808803902105,11.368610139934075,3.7604905649394165,-6.372037362431463,-6.771011214982957,-9.069698248074209,-6.728998774502655,0.0
0.0008776444826206053,-0.08926409534522708,0.7631719808670644,0.999588682335531,0.015878188050086173,0.007198262722759116,0.02277134832934527,-0.24920518200094394,0.11174134723087219,0.024800051698327507,0.5146911395580938,-0.25723321714246866,-0.059034195805418924,-0.5071514095869948,-0.041889015561437266,0.05190452995192267,0.855037139579552,-0.3431153246811828,-0.011675992871391325,0.1083220197121503,-0.5888367303858051,-0.1306201419136255,0.13469491973893546,-0.33993872200755626,0.6742147757705005,0.1334913121107342,0.8763059653807954,0.5843602740102837,0.5160864613821637,-0.4886670800520631,0.06987887724518826,0.8714673653975218,-0.5602107286361929,0.8621188267702601,-0.8302257935500994,0.9499038222018512,0.24426095213721488,0.26934274487967,-2.668281716503214,-0.42513855493780667,-0.19926855615632563,0.5704511044498249,4.845098433295273,-0.15680007326496104,-3.068979129337586,-25.053649587401175,-7.481051130499903,1.2118358941731882,1.6531787354603602,5.0689045088946525,4.355344486177275,-9.912926360811227,5.081309222464953,-19.4775751400117,-6.155226782432919,0.0
0.0032227962606597984,-0.10154348193634877,0.7607085766043494,0.9994142196119697,0.01758982816322307,0.0034663454832811634,0.029151329842328388,-0.24629642401622365,0.12608255765531315,0.02346807229153212,0.5246529170491823,-0.264703699943399,-0.05718376248383536,-0.483862003590665,-0.050014663288550046,0.07164082053782167,0.8240721001229783,-0.31065777544300105,-0.005727605113006531,0.12117352116009222,-0.6331932231141848,-0.12193039001114762,0.1989590020053527,-0.3702263072602444,0.5982776213901364,0.13321789596615102,0.6133173537709374,-0.4278297428874051,0.49428979939308293,-0.2671742853413218,0.059478902172203876,1.2246883317900172,-0.35333353270866436,0.9699681349406156,-1.6350630004601603,1.5105621831700449,0.2551840835026607,0.22050493757227715,-2.1011124697221133,-0.24583356164730558,5.4826938905651685,0.9018108648619321,-6.918620907529197,-0.5655067697767167,-5.486876106711227,-14.598201857161873,-2.4146607579069967,9.286928096704772,-1.19024562991925,-5.481192486980818,1.4198308396058865,-11.096538164939485,21.480005553716275,-32.53709033465317,-6.4651287602673495,0.0
0.005871682251748261,-0.11469382604825804,0.7583594900766019,0.9991953312489628,0.020012591526530617,-0.000526492045612059,0.03475498520778629,-0.24247001046726532,0.13761367567575516,0.012936151485891011,0.5335302907898882,-0.2698890048334693,-0.04930022966842473,-0.45217207652557684,-0.055090474164695924,0.0905912705800524,0.7725227646086203,-0.2628319243547463,0.0017643513357438936,0.13642357102745284,-0.6765684629994535,-0.12278222093738847,0.2763201273054308,-0.3899922457798519,0.5221155674793846,0.20903698939808416,0.5622547030915178,-0.5061993221086603,0.4004498729138446,-0.2246302007261934,0.4523206382555283,1.6134314811716328,-0.22636635605568028,0.8429064210833058,-2.5984876445532747,2.1932051121700047,0.33493391840836606,0.04311991487477518,-2.074925289960969,-1.1158763111280907,6.686709672932392,2.8448896433292514,-6.865881962367336,-0.5018799035971135,-0.8625650106523948,8.142678655495383,-4.5976661920684165,4.758969302397299,-2.23996707103497,-14.70553854105255,-0.567129826539489,-18.410237541005895,43.12889005572014,-48.95464661901884,-7.55912153531261,0.0
0.008800346925950246,-0.12884095696816902,0.7560267026073776,0.9989479168119707,0.022612730605410546,-0.004505715463371659,0.03964117101895586,-0.2374048157108129,0.14971945818206567,0.0015629096801615782,0.5403372585069802,-0.27560531418720524,-0.03246870354323325,-0.4120148599453943,-0.05064716790516575,0.10622489028710132,0.7103310332747097,-0.24283315120234833,0.025957068183702827,0.1425497236771397,-0.7330937670154868,-0.10816681976682455,0.21313672721170154,-0.3435963574096028,0.41324242008962625,0.24563440999035208,0.7017356017677854,-0.5255696496731279,0.22512195838687288,-0.2111222874930868,0.9537444858124609,1.9365310805729232,0.5836634825359589,0.3467558790360131,-2.324719196235346,-1.9631683357597718,0.8074022645295951,-1.30108198369809,-2.0266456391202916,1.2589624043382237,-1.4614426405337622,9.94183397027201,-14.382714797327274,-3.358953651685903,10.333886905022336,14.179495018450737,-17.103671336832544,16.554307895702802,5.362502764937492,-26.91668821777119,12.368342906907628,-77.19497308789461,77.8798387746082,-204.29298517412013,-128.96221199415095,0.0
0.011220572759700884,-0.14349721741537727,0.7549535214768466,0.998827691560652,0.023430876845551885,-0.0071543114944662605,0.04174987914842902,-0.23297799572316974,0.16543041859387936,-0.012866073615551796,0.5417518537658883,-0.2766388962780181,-0.007078376644414242,-0.3815199956633333,-0.03504776410836195,0.10159040845503658,0.6753285534634261,-0.2830943812634253,0.03039414943130345,0.0907160090901791,-0.7326310153386033,0.008299355196786151,-0.08450455905596348,-0.14974145211469259,-0.026002024639858574,0.16393923731316917,0.962595183407185,-0.7766121235437714,-0.11721786487989172,0.33716672101214284,1.3586815189594639,0.5679771291361391,1.0972624794679628,-0.4881652444079526,-0.5075661179512088,-0.813683310031148,-0.2692335986939711,-2.5081465646087686,0.126405960371649,6.715085036012549,-16.543078480262732,8.839878466485631,-21.7574998873345,-2.7171694356044043,20.358602255508867,-0.2961299190083895,-19.857408921939708,49.69266397445073,-0.2513588350253419,-73.50499105250019,32.639825326986255,-13.501328527646951,86.20767004381396,128.15879191489535,-50.21242537281216,0.0
0.012477336332262633,-0.15725038456972437,0.755789969376646,0.9987691655102724,0.02302203152750149,-0.008695001569887598,0.04306433603296975,-0.2421101642956066,0.1653115582692288,-0.0428084253483232,0.5750473678258885,-0.31857931064862777,0.0024620139098028063,-0.3771909568445396,-0.01662943279451277,0.08768328680906454,0.6761140933038583,-0.28569352376139046,0.01643489794175315,0.05503883516225542,-0.6491401397631346,0.07142413719069492,0.015798157625851898,-0.2096479721529274,0.2178439653607015,-0.5506110212944901,-0.6558736324773612,-1.438081680215246,2.0916745055739336,-2.0114490102289686,0.2193695559161517,0.23965347234385054,0.7585222766673991,-0.7449013017850471,0.07743298314789043,0.20960686160010356,-0.8473689107353981,-0.016757503566063453,4.292904333387184,3.198035135472055,8.45093067847419,-10.047628444221669,5.598702901958564,13.075436829434945,-60.396608908760605,48.25400640816472,-7.887583401720905,54.36746013270178,-9.437178395758934,19.07746580609987,-18.39770367449057,1.364883647069694,-16.941152546363533,23.773928791398603,-5.540241013139858,0.0
0.012872186485925214,-0.16947806893143333,0.7567990169195449,0.9985887882795974,0.024119490496039717,-0.009847127072470725,0.046278679636698565,-0.2701775810494366,0.14085234446049738,-0.06615228840416264,0.6614526468890474,-0.3919469577430809,0.005827204721094453,-0.3778770846447036,-0.005530939009888121,0.07206843052077658,0.6821176602916962,-0.28096224738062797,-0.004193327156007391,0.007905788488842894,-0.5810545781910195,0.04602152052336475,0.1970519968100739,-0.10779217959851232,0.32661649395466963,-1.4828388124579996,-1.5377090906610864,-0.5678903728868849,4.503197839123569,-3.3754016936846916,0.13333758587867067,-0.07464938492085649,0.4146724507560001,-0.7221989562364041,0.3180351235151141,0.24740935410333634,-1.0478388107019605,-0.345282246850036,3.2729576374847067,0.21351089214015853,10.258473496618928,-3.725626928496292,-4.169452362962541,25.58582219719059,-28.67533779464438,75.45689054141451,-69.11470165723786,77.08315512656834,-3.925906513392869,6.017662601452659,-13.553679924104326,11.231576002031213,-7.016098425937116,0.1899063892769583,5.087308747243014,0.0
0.012777050098492223,-0.18068242552875866,0.7575461378025113,0.9983713300446144,0.02621005436139783,-0.01068799565698536,0.04953268763308368,-0.30110844475294746,0.10524871734682321,-0.0753417616183537,0.7554342607513231,-0.4467306547390558,0.004063510456302715,-0.3801338373446274,0.0013393110023214654,0.056580535383799604,0.6876960463664511,-0.27524871200042844,-0.02707837191626359,-0.0063724629420715585,-0.5447545294358973,0.03695965404265215,0.22171271295971443,-0.10634383545327722,0.2714084577230721,-1.2836571750792034,-1.846804298832678,-0.1381466978469848,4.046406800798807,-2.1641740731732213,-0.11565063852479002,-0.062094187566732476,0.3190982587540204,-0.7476454849162251,0.1864414137616097,0.31663580752559095,-1.1254924290653268,0.21738898561795952,1.5695491459910869,0.27625652528349603,1.4442232578752858,-3.867352002692228,-8.996287594699652,44.24991366978521,-0.8042792286300262,42.02796020022747,-112.99516994486135,56.345777836371106,0.9857611859536218,8.809074174976779,-0.6992478597815707,5.970576968558204,-12.333515333823467,3.743130179408793,6.530130377050877,0.0
0.012458385659058616,-0.1913778159035951,0.7582001159357225,0.9981794626512271,0.028143532942203505,-0.011444199474681975,0.0521030919737204,-0.32579066475665763,0.069155573987201,-0.0747052225713194,0.8309437865082787,-0.48453990322320484,0.001409745116622471,-0.380628038125178,0.00803017972995599,0.04193836565367467,0.6878388232977597,-0.2685282064614692,-0.04837208315217443,-0.019456040618463764,-0.5277639458081951,0.03275345552273298,0.17409487695231599,-0.07483458860498822,0.20979751172438701,-1.0187331375385538,-1.7001332279864085,0.25775663885086186,3.0813270536805835,-1.5493248367520722,-0.1200495055942394,0.025852595231579813,0.3670644220181194,-0.6838268094218082,-0.1346308706156769,0.36378512817935216,-1.0001045393899337,-0.18952936657943337,0.6628611267292406,0.1568838236306867,-1.9299698321499834,-0.5153857244159509,-7.354869986232137,32.20530995696422,15.821950695819456,27.466384652736448,-99.38067933761174,36.60489958445324,1.8761104646456488,5.803491517141245,5.3209410627025395,7.936318838361912,-14.109762747289311,4.186637228379048,7.748567018731961,0.0
0.011850287874054155,-0.2018316860438549,0.7587093802124045,0.9980224782556969,0.029527380555329063,-0.011827386433024322,0.05421604581728264,-0.3461209316451186,0.038024452729366616,-0.06658856894071369,0.8876735814587444,-0.5134282837570358,0.00043367985165246596,-0.3801797008501538,0.015819956599458857,0.02819305236013897,0.6829599280162459,-0.2611608905079785,-0.06647751883973933,-0.036284083296329615,-0.5194133606931558,0.02251247543260435,0.11486366525062937,-0.026172174345070336,0.18648797680019644,-0.8873826039876274,-1.4063273682914612,0.5433197734344185,2.3012544457130075,-1.2124024581892558,-0.028715293895499153,0.026330728642570175,0.43548890239814025,-0.6302402804069723,-0.313871365218053,0.3964899555274613,-0.8373223144141412,-0.49603375789281773,0.29080297659433446,-0.200164119377095,-2.5018795929983924,0.6561746962246322,-4.172898096761002,20.784759594730097,18.094538998966566,13.541309188937461,-75.43137045205391,27.324742677829253,0.3072622412090001,0.21196479035262256,6.64113738080387,9.224043850571174,-5.657498034077756,4.71013024781052,6.657346141583978,0.0
0.01094634998572401,-0.21214460602445717,0.7589703749341901,0.9978923030338993,0.030392134786589788,-0.011947905360850478,0.0560759952769653,-0.3633641238036146,0.012830329857604433,-0.054136961870065226,0.929899021396153,-0.5349266310980301,1.29389816421486e-05,-0.37987928538945115,0.025080154088550848,0.015892795628984862,0.6758692392027579,-0.25345144072578735,-0.0821458152409051,-0.05030307128130133,-0.5130028162384989,0.0075686670951745,0.07112832737578083,-0.010370774532722052,0.16781239181031044,-0.748808661207233,-1.1314122696817863,0.6702317460808269,1.7161589024833899,-0.8900442382291414,-0.02184446813879856,0.009849012715604602,0.5021041744730222,-0.559819503209793,-0.3725038558814853,0.39625365167023546,-0.7414871518912795,-0.4476942328279994,0.24917170984768483,-0.5102068165829331,-1.688626091727777,-0.5664935054769501,-2.937539583406771,17.520828570119395,14.452820040101882,2.590130193472267,-55.6704072447846,20.50575815392065,-0.2990123198165886,-0.6663595161217373,5.227228353040328,8.132510763017905,-0.4592541076640019,2.4286836291889164,4.288680580077432,0.0
0.009811567967853898,-0.2223313062337064,0.7589055050688571,0.9977817666368695,0.03092622620811579,-0.012128022984506976,0.05768904365665405,-0.3772622878362818,-0.0072879349978050515,-0.0404074144235315,0.9623842847049612,-0.5516849835003884,-0.0013784308355690215,-0.3794569640742122,0.03553852139707744,0.005069220891097825,0.6678226465307803,-0.24632010107617464,-0.09647577832152117,-0.06056186434864922,-0.5065209447079372,-0.010235592329159392,0.04630450388949887,-0.02858859227161524,0.1437774018701718,-0.5788701366395841,-0.9049113998107889,0.6764978651459207,1.3521027344392726,-0.7049727875067893,-0.07263637117859142,0.027638622455959053,0.550870389700661,-0.4895019933216919,-0.4061202227795,0.34302880172912764,-0.6902769380393875,-0.35226679603648814,0.28439988791925175,-0.6930860407576875,-0.6394044346846955,-1.7913496224114298,-2.6733380131644253,16.749442644500842,10.99638458530857,-3.5726319629561543,-40.43515849587814,16.06570163512753,0.6683536616735575,0.18201675797184597,3.6615084111235574,7.457088972005524,1.3773143243607107,-0.2677358230796565,3.0287548876583035,0.0
0.008501575756460647,-0.23239209884087236,0.7584655841777391,0.9976845622971019,0.0313162292145582,-0.012606175954794683,0.05904144535509622,-0.38738340437382857,-0.023435392151980917,-0.02760080553555772,0.9888683752259402,-0.5655962611240961,-0.003915911358577142,-0.3782543060401205,0.046778455816685445,-0.004445076973559497,0.6589547955571516,-0.24080888400688802,-0.11012487026622257,-0.06884311469449023,-0.5002389781259461,-0.030119137451760217,0.037345980606343795,-0.06361454436280503,0.1198323864866928,-0.3913397189306044,-0.7300306220291191,0.5959220850187705,1.1313943460913283,-0.5914164417192317,-0.12193598584004824,0.07391817316071625,0.57960088439023,-0.42877546655521437,-0.4443085205201984,0.24125602026520068,-0.6644987029720011,-0.34883704715811287,0.2925785905318706,-0.8341054478266215,0.25663349679496783,-2.0931079834901967,-2.4694648994605375,15.664296210034285,8.453484605703968,-6.4416037309046486,-30.628942618088814,13.484993528416991,1.8524589402023628,0.30628772566110485,2.3638531857795417,6.944351812123489,2.249558933206885,-2.395505600240842,2.4444849299147995,0.0
0.007010404771454001,-0.24235787054902966,0.7577044584939672,0.99760768847593,0.03157243791139073,-0.013441867046680166,0.06001164277324364,-0.39362162642415355,-0.03606837500235904,-0.016805221880595436,1.0117245790293008,-0.5777398009296478,-0.007185976441649603,-0.3776448693471691,0.05841153461551423,-0.014116531554520613,0.6518947584023523,-0.23516981683599286,-0.12332854322062009,-0.07832756543011564,-0.49672028850544114,-0.04233883615824814,0.014317734929661017,-0.10141732253703174,0.07455040943795826,-0.19615099406934444,-0.5534371524255016,0.4824338485284966,0.9960137934078247,-0.5203855243518325,-0.15027464393715087,-0.0048061771437844245,0.5900537171988275,-0.5005597717877193,-0.27135909666721675,0.3324447201622702,-0.6665643831701605,-0.3474654781200698,0.18210184636909288,-0.40505125902997663,-0.3904674981838157,-2.460200255527553,-3.0539208499615027,15.685657566673367,8.15527005673792,-7.550833923775573,-24.854112018517366,11.883238181497218,2.6579979209808635,-2.4817146607433322,1.0967412816775117,-0.21154730296486332,7.241286668636115,4.70611575395281,-2.999606284398268,0.0
0.005352511091450601,-0.25225319816042213,0.7567370312628293,0.9975472659758883,0.031692993225266405,-0.014701715487369097,0.06065365517578593,-0.39605032477835617,-0.04596164243195624,-0.008502007547277673,1.0332183523353293,-0.5892592531820684,-0.01035654294895837,-0.37776047240851585,0.07030011807599301,-0.02448059724421658,0.6470769551294362,-0.22825777470739,-0.13722963176844155,-0.08626474202871169,-0.49280130736099875,-0.05217974971096376,0.006596405111949864,-0.14319823316476152,0.05696945863414399,-0.02050969980663994,-0.45100598600992875,0.3604557031794906,0.9822262558001362,-0.4997485250479182,-0.1392981251015871,-0.00182685751833306,0.5954563964727155,-0.511250585132299,-0.2255807975224447,0.3543434705571706,-0.6973091277139157,-0.38501887360187964,0.23548346737154474,-0.3826082607345507,0.7135794895561626,-1.856042268951192,-1.6129902750644143,13.088945289776886,4.581122345414977,-6.124624722563448,-19.40543912623567,11.634129754375067,2.6860668463823476,0.30764557491202926,-0.16351491360780704,1.9927392455486381,1.396648881547166,0.7280529658533833,0.7938319371543044,0.0
0.0035314544274920906,-0.2620715193825271,0.7555877681455527,0.9974885333173735,0.03182243603799032,-0.01630403683727703,0.061140304609740175,-0.3951745990241773,-0.05424539552059707,-0.0019632529444238945,1.0546899442306132,-0.6007826405251755,-0.01304571669054617,-0.3774928890076935,0.08224117922279998,-0.03471156529976495,0.6423139826564288,-0.2212875277279588,-0.1513945665274207,-0.09486636634306485,-0.4889541747931827,-0.060508705965797584,0.010454253779641692,-0.17132317188135682,0.04447300886712638,0.13418863485426152,-0.3894108484574012,0.3001145481915457,0.9890748354588534,-0.5042621437753576,-0.11631809311334007,0.020456860217146548,0.5933794312163768,-0.4969878061664374,-0.24194598930296335,0.3514063358335188,-0.7020695753808841,-0.43664686920453266,0.24118491473206516,-0.2828611581833666,1.3181561661087162,-1.1762025622138725,-1.4696361835231166,12.093045869432098,2.3798707130383097,-3.0610216119686995,-18.96174022675165,11.60382069185591,2.2488386255450488,0.1670680360481342,-0.807893979818057,2.5280921388669073,0.2540500197567855,0.6471914663721531,1.4271605205746476,0.0
0.001537599538606181,-0.27182384203031734,0.754306715488014,0.9974284837750457,0.03201551733897156,-0.018136267690084338,0.06150205035609785,-0.39119183107197675,-0.06169623057861758,0.003925752546446186,1.0757855884434044,-0.6124287423934286,-0.015265836498993138,-0.37673178959827847,0.09414956716023914,-0.04460207725499915,0.6368972408024003,-0.21415032803705084,-0.16554984880605236,-0.10384561889760341,-0.48603152088482393,-0.0660366981736188,0.01644314275132436,-0.18979844309072513,0.034095158293692786,0.2820045586960361,-0.3674815044349073,0.28708717965256086,0.9634762768189349,-0.5105901405659508,-0.09629167173954592,0.042081146938353464,0.5902719039160025,-0.47983892179409643,-0.28171765607962546,0.3677483194871068,-0.6997694958842211,-0.5022490740888902,0.20039558576088545,-0.1949247876290208,1.469356638922705,-0.42577906929184284,-1.2133229254551547,10.549138284940796,-0.019493474091295482,-1.1579039041893806,-18.70361428680067,11.68303984558514,1.7938022237737912,-0.5712962747515946,-1.0795370878640385,2.374822938383115,-0.1464572114848114,1.4502657852415366,1.4774352585579307,0.0
-0.0006433216542745647,-0.2815280033983086,0.7529409044583416,0.997364648604336,0.03228300259258485,-0.020089423188053106,0.06178980930482707,-0.3844267442507631,-0.0692343782409334,0.009963218433191959,1.0958703483368053,-0.6241194270401187,-0.016773241325349193,-0.37560703405982404,0.10595092557518901,-0.05419086547403657,0.6305303211148444,-0.20647148389579933,-0.17945317720718362,-0.11379113497114482,-0.4840854034798331,-0.06965225690093534,0.023248755552985993,-0.19623016995032255,0.030596348928315066,0.4047728372436742,-0.3945383473433801,0.30805315159728697,0.9108146217415458,-0.5125772576923998,-0.06342679339678348,0.05361945075529862,0.5827839189991195,-0.46823321824206526,-0.33216045410698847,0.4021528773244725,-0.6855033468538861,-0.5863212793737843,0.14346628902099623,-0.15715795745017413,1.454495521011729,0.3886614126431678,-0.7492819257489842,8.124974337260774,-2.546141752948457,0.14616018240123138,-17.808995167198407,11.651155980613703,1.096441316876638,-1.5465213448193245,-1.3054136057744543,1.857869034541073,-0.2898623316065591,2.165153781403576,1.2960375509163982,0.0
-0.0030342172134692983,-0.29120113231866646,0.7515209732007347,0.9972937652820006,0.03263524108242177,-0.022039698076934705,0.06208331883702092,-0.3754539989429788,-0.07785669909287293,0.016779501191021697,1.1140597072868308,-0.6353748615483417,-0.017314241923126767,-0.37437349503788653,0.11752262799562051,-0.06358300999425348,0.6230872181099519,-0.19794925629167512,-0.19287025913819342,-0.12496982648645041,-0.4830290585396323,-0.07215800497566847,0.03170511515933842,-0.19015274565429563,0.035259230576247254,0.49447724477073907,-0.4694590793752652,0.35827708412001635,0.8098116528038056,-0.49028065147166994,-0.014351620958467214,0.051350422692459735,0.5692884648161772,-0.46267582033626875,-0.3868377954319586,0.44939695372832583,-0.6624638759045224,-0.675002098106456,0.07554981992577325,-0.17243921896845582,1.3432276596074915,1.1603906642362292,-0.22457362329424274,5.163072673692645,-4.689161531141736,1.1740772060983373,-16.72824085284181,11.126047567204992,0.5910058199073832,-2.560542157161506,-1.4305718951637494,1.209701878337672,-0.28108199728312666,2.6337883400928725,0.6810070204368863,0.0
-0.0056595155818424695,-0.300858368010401,0.7500637966955844,0.9972127567467293,0.03309210141567812,-0.02386797322099334,0.06246559420837583,-0.3648928210842472,-0.088475299946941,0.024823452189458542,1.128696654786309,-0.6451538584507049,-0.017328773498392642,-0.3733280540761196,0.1287161071427767,-0.07287661450795249,0.6145550005970819,-0.18838833707535316,-0.2055944204118136,-0.13736773843925795,-0.48277298961863696,-0.07426969146970618,0.042837442958415885,-0.17260442624772657,0.047931618814390495,0.5508795239493685,-0.5849474164481097,0.4264577519119226,0.6173059594598826,-0.41804042245092377,0.003577321339631786,0.03385201718568077,0.5486862466170902,-0.46236238597696305,-0.44019142791717336,0.5036349894553116,-0.6303347413023991,-0.7622269412934215,-0.007271097974125217,-0.2521330873526046,1.1193731135584557,1.8476792254478545,0.34247891309984824,1.6922662318238497,-6.050304938243213,1.7677556073041871,-15.288967882411399,9.560276247636034,0.15082501925894198,-3.5582761290944456,-1.4203136851873328,0.4544501662053449,-0.13562723251828807,2.7676201025813243,-0.10592291372245402,0.0
-0.008540179802864587,-0.3105098322971464,0.7485724751113341,0.9971187005472337,0.03369262821618231,-0.02546988432368733,0.06301102138055452,-0.353271000735994,-0.10187292808670595,0.0342273144091003,1.136922441545702,-0.6516543152091523,-0.01517509029297813,-0.37277520435122113,0.13934744623951817,-0.08211994329669564,0.6050317678079874,-0.17773923771671754,-0.21729809888583346,-0.15059481939719582,-0.4830732673459471,-0.07667340856536295,0.05811985568618791,-0.14656396353580842,0.0677982187723306,0.5811524531456951,-0.7329610251772872,0.49196360937118927,0.27118516979014207,-0.26062435176500204,0.1062854685324429,0.003537403893616651,0.519673721549579,-0.4648687625766665,-0.4886318113083804,0.55786524522057,-0.5823715156053049,-0.8115069884545554,-0.11662044121996559,-0.3893896195696471,0.6568621248184182,2.1815088065578463,1.0060959956354774,-1.9996032862749997,-6.2356026492252905,1.477793830001583,-12.932025528803536,6.230543938839523,-2.4365137115607713,-4.029088628853925,-1.1426621282268201,-0.5522296343117317,-0.20732851971896965,2.7912392993890935,-1.4019950064773428,0.0
-0.01168579706417674,-0.3201631341279419,0.7470379442845009,0.9970108312017235,0.0344670518491951,-0.026774799036196104,0.06375370530287312,-0.34092972769917507,-0.1185072484289893,0.04473535891647543,1.1348298682772353,-0.653329370627679,-0.009013878688188608,-0.3729739915164438,0.14928373914397486,-0.09130686281411997,0.5946838261891677,-0.16600577092303212,-0.22735085612192157,-0.16438751049093686,-0.48383408237015807,-0.08023280050034787,0.07516284736629505,-0.11270009642505005,0.08859778881643868,0.5895800393737148,-0.8921853982494111,0.5386216602012576,-0.2683868719177564,-0.022297908529326883,0.2945821155204017,-0.04437313414789516,0.48672597170059045,-0.4671743690581827,-0.5234807565131474,0.6114148074729173,-0.4993577146488804,-0.9172587183264697,-0.24279334486362283,-0.659607642405148,-0.034685772482358206,2.923061655109581,1.474749576227636,-7.284632656090722,-4.956117633696719,0.7705577346176047,-7.866616474346161,2.9584539646192076,-6.127098951472356,-5.668318946113826,-0.5406031726215982,-1.6556889696338233,0.7355022254207799,2.600656451758076,-2.644446613567734,0.0
-0.01508958531957844,-0.32984858198236017,0.7454975147946349,0.9969036180930374,0.035309917787282576,-0.02772960307907398,0.06455582895405468,-0.3275494991037431,-0.13801238870189134,0.05582409728254936,1.116398089628203,-0.6458270992989292,0.003343849864234479,-0.3743376311944347,0.15868656161265463,-0.10042948802308364,0.5838924848825807,-0.1533707322938253,-0.23138159883790804,-0.1776234481516225,-0.48764391627590403,-0.08049106743345084,0.06795329564034744,-0.07214005487765192,0.08766897588792226,0.6234521946625319,-1.0044767244651822,0.5506612959416171,-1.122685972377526,0.3969962998849573,0.5808630217592861,-0.12048184393329112,0.47707222298266394,-0.46922120689922403,-0.5304323453918952,0.6451480847769544,-0.06610872939889721,-1.0041987074210865,-0.5942942883212177,-0.8108067268187666,-2.5358800441032083,3.77749382122461,1.4357103791436503,-12.681631404649593,-0.18325862963984413,-1.0452548469199303,0.43566536499823494,-7.764391180859079,-11.820315891736387,-7.843189899789736,2.1414805365292384,-2.9707257635134994,2.2210496690872032,1.2090480651769566,8.755044280665494,0.0
-0.018734666582041485,-0.339792026411828,0.7442426893284987,0.996850216130232,0.03540472443529761,-0.028272496656004648,0.06509084437620803,-0.31192343139337914,-0.15775931881121819,0.06599725620181272,1.0745576942279533,-0.6241614297108876,0.02450348956177871,-0.3781173354710573,0.16901452355851365,-0.10931111393416053,0.5746770998134754,-0.14252809277361025,-0.20579719168202734,-0.18838035600615094,-0.5087222617825046,-0.05990202423735627,-0.060535131691046656,-0.024022887586724023,0.06344951086757027,0.736519961564982,-0.9376792595309646,0.45000957939192426,-2.2940625422356486,1.0611827079522542,0.9849563837867105,-0.21613583611500092,0.5782693351978606,-0.4857019871985667,-0.5172872661891097,0.5694113899620913,1.688476123943055,-0.8725304024167593,-1.5116421026371654,-0.47439490200969725,-8.618491654396779,4.058152837476068,2.884470768179831,-16.90866051594965,8.249888022308241,-6.71047649937769,17.014406716025018,-21.65314064180978,-19.79980080430696,-2.7827310622017203,8.336244584672196,-7.920223641138265,-10.101262910924234,7.3212294286887944,13.952080729975455,0.0
-0.022457711775372098,-0.35034072108991954,0.7437064655868734,0.9968718864290806,0.03356830479238833,-0.028528803938763204,0.06561797243527094,-0.2911345780327402,-0.17544131809781227,0.07081526797866411,1.0021297699910643,-0.5825158552274657,0.05625513348931184,-0.3814949855301935,0.18210145746807468,-0.1197174904807457,0.5616626004169232,-0.13236188421156664,-0.13844714082588122,-0.1889331477484016,-0.5470006675600609,-0.018809333262198077,-0.3029620944206134,0.023168061739436488,0.1008125593897489,1.0071640536120845,-0.7820627764838181,0.09287824148068866,-3.7750513741429557,1.981272514519701,1.4624350745415742,-0.12142357890540208,0.7537064820782424,-0.6219540112147653,-0.8742659447042552,0.6087553050048456,3.804200656874269,-0.6980838257667177,-2.3706276147259695,-0.4062374275881663,-13.843945190064384,5.771807200256754,7.224298085543638,-23.193167192772087,15.25598273639254,-11.727426591455531,44.16259403286387,-41.60399005221068,-29.207051103669734,2.8143503154647465,12.228924309657804,-14.796491440003384,-26.60700678490931,16.38264832345823,6.230380736920021,0.0
-0.025987566705413776,-0.36174980001178164,0.7442787142995585,0.9968288102815045,0.029761833375163946,-0.028573035499584103,0.06804511671861362,-0.26140121549243894,-0.1836207735312253,0.07123187401795951,0.8937629448967248,-0.5107478397439357,0.09424686797077265,-0.3794077795537379,0.1955087529204244,-0.13528653826653925,0.5362226147314929,-0.12149647697897632,-0.03471912492853283,-0.18903909884543743,-0.5914318975008271,0.07327449931476433,-0.2902679660422415,0.12959222533721954,0.5806118858378615,1.2761488222994402,0.4482998615292483,0.5830901652376074,-5.033293276089062,3.403752244387345,1.5938265310906514,0.1703217374596718,0.33491089405607616,-0.9934355822717952,-1.6268651675977739,0.5890472828075813,5.902252635930004,-2.499325097842433,-1.823375805113383,5.056144414513329,19.430816523996832,15.668520061489279,47.18380951244763,-54.893851053618974,92.43243159194418,65.35956183653694,122.72779946445459,-65.96627427533345,-37.895117351847546,2.101876607786401,-49.659995789965784,-25.503395560504856,-40.946265864748014,15.387092300304552,17.747385544120384,0.0
-0.02961834529167306,-0.37388395109342404,0.7462278049169404,0.996316002907095,0.027483595164018628,-0.027150830422255957,0.0765630900334623,-0.22630223969356483,-0.1623408165122122,0.07629717635606431,0.76840750552124,-0.3789807343820085,0.13224865917621928,-0.37625205614012663,0.1895547352799241,-0.17340025860940553,0.5066814669109638,-0.13277495888537458,0.05555759714145308,-0.17737739677268688,-0.6291473360897858,0.07582885735388968,-0.257219987013036,0.24668511711583774,0.9993210142594976,1.7687124472428772,1.359249387449869,-0.3992015566325139,-6.095059072610799,6.333243310118784,1.712993936901371,0.05738312458559285,-0.4433256493480011,-2.435211569445913,-1.3396410484340404,-0.9709758644232577,3.772125200399251,0.1526420041829891,-3.5584014398913566,-4.885853573022498,-16.960302786666034,9.66162330071071,9.965676472839485,-28.36031291358697,27.16295004410968,-88.60696395213188,101.04902837439293,-124.25261285291558,-31.260844532754902,-24.184709259939233,30.806342012371083,-8.683797556887512,29.068603151175356,-57.115223205082636,-62.495005784120934,0.0
-0.03343776461802973,-0.3868396990472994,0.7465455861894191,0.9959546077830127,0.023291999402129577,-0.023975686417549637,0.08340904303757113,-0.19366492078744674,-0.13386922205480065,0.0635904400555053,0.6673305375294099,-0.3546285695544207,0.1403170638463374,-0.4061068934396386,0.19748082673530318,-0.18400870269006786,0.5488908162506589,-0.15987910835920918,0.07779844361553681,-0.19496362339627105,-0.6528319807579704,-0.009708596645147307,-0.415334510539787,0.4228997952422955,0.6625506384437198,1.3919293807929418,1.1351887294804572,-1.144575606189731,-4.0219994215610075,-2.7152550116066427,-0.5318784667953218,-2.0098116603198446,0.8464473107765801,1.3363550886556386,3.1895604781913596,-1.3500249240697497,0.3044186135282851,0.08689477641678552,-0.7631045600424493,-1.500866379573503,-5.2221629496582125,3.9116699440851415,13.415873394144782,-28.30135782197586,-18.248319393428478,-47.00726261323974,73.45639739286409,-192.4046028185086,-46.58081799827552,-7.335824373293007,16.070519929231743,139.6128315566033,6.47062603960818,30.16665880118705,-39.786114048135026,0.0
-0.03807817288302277,-0.3994643207090037,0.7466000102546878,0.995495438556939,0.021033424599839944,-0.018669341944259545,0.0905421588725327,-0.2000508289710214,-0.11550599417026447,0.04852333848990531,0.6422023651414827,-0.39229248192394267,0.1237453829263637,-0.45992331389556657,0.20752554140362806,-0.12794983217167277,0.6497634908586981,-0.21158713024768455,0.06571366651269502,-0.2370597835183187,-0.6110903229146843,0.04175039498476239,0.02667240400291206,0.5506015369696469,0.7734250522723768,-1.272245980177702,0.6656222144864526,-0.7435992671862591,0.3733170018605215,-0.7076823954658726,-0.9913942146134419,-2.4425372707689985,-0.11337783410582711,2.9338769432190905,4.869966797483467,-2.3102561300997846,-0.7054542401163157,1.737112922608672,1.8634635129364268,4.504108928723572,13.730503628291165,-11.41243506809046,3.7772514157380668,-32.59174080570872,-17.117560236772018,4.9826962336333205,72.68947939116778,100.5173390469892,-0.5780873226872865,73.48194761470896,-74.4268769313462,-36.74114260342399,-106.37679451833061,59.43110924894627,6.71067924711236,0.0
-0.042360208488814485,-0.41142949894199504,0.7479478897826274,0.9949555762668492,0.021575623253478612,-0.014557819429988095,0.0968811830551724,-0.22508074179189125,-0.10262389450865873,0.03810795896229577,0.654018565412114,-0.39397708288965577,0.10800469140142886,-0.5031608449792586,0.19578623556003452,-0.07451886662555439,0.7514780873803617,-0.2786168119187244,0.06054928782087557,-0.18513596121107978,-0.5935113544769725,0.0927018240746441,0.10443593642460544,0.26450956614268983,0.5148773753451547,-0.9897355249722586,0.6975490008210973,-0.3951093191448666,0.44322840224464677,0.28302054561046336,-0.6642098509047114,-1.6052447735963824,-0.9795764623650826,2.2021764901317895,4.315557661486167,-3.04042959235378,-0.1422200574003051,3.668085606892356,0.12878824056852325,2.893948598514813,-3.9457653702016993,-18.663545116456053,-12.367421246355413,40.72675335055927,10.871629330866664,11.230920754085929,-31.48998628839879,30.268332692787894,10.745129514958073,75.69617124236666,-41.81534588930073,-60.97716926185446,-129.67492824504836,64.63716123621604,2.7975980883881357,0.0
-0.0456377760960554,-0.4233279376572662,0.7499211785207652,0.994532497779919,0.02212252713323744,-0.012747301110110304,0.10125814025194829,-0.2407545580401263,-0.08784088660842249,0.03047681827386081,0.6588236306657572,-0.38447271082733475,0.09733458768766871,-0.53099235163985,0.1685209629219742,-0.03954669071181617,0.8369355432552413,-0.33852339957452504,0.061344670982354604,-0.14177963405414531,-0.6015933396711765,0.10775697894953604,0.014948027928507003,0.10005722755687191,0.3753394884121921,-0.5659468044689094,0.8388159945901322,-0.38448047953595677,0.04699605421052807,0.5695271436207877,-0.48469851822406673,-1.020274231573162,-1.6008804650749942,1.3811712488041017,3.593298356281207,-2.5214351296339936,0.05523475457056153,2.6576779661824563,-1.1218989370033179,1.146753620789866,-9.887648988113105,-9.936275236668234,-6.753829567089259,25.36093323177185,15.299594386584504,-1.0004559164907334,-20.587152004285468,5.667590387753558,2.525549934864533,49.846928007891776,-19.625424532418126,-37.47780082268054,-106.73120384178497,59.3619997841202,-1.7434185372113142,0.0
-0.04826549304390645,-0.4355825094692627,0.751906438086566,0.9941378399898342,0.021594757262396687,-0.011822044052813814,0.10527991657262724,-0.25225812314352347,-0.07078582172201187,0.02039440002328189,0.6596036784333612,-0.3728033984606685,0.09164397814953358,-0.5497488842636304,0.13138392510970456,-0.01745810526937276,0.9081586884547532,-0.3853517166669918,0.06364263408566621,-0.11850961994119039,-0.6266413404522767,0.0973917082245541,-0.11404260356116054,0.0936692930508979,0.4157730610047989,-0.5407354012594154,0.9313937036427447,-0.5871448552699232,0.013202236557952121,0.5687407290114385,-0.19415658811552924,-0.7066647205754004,-1.9595784636866311,0.942313307633462,3.023884452886797,-1.9384234388191801,0.1034950879782223,1.6661127673927405,-1.8719009894088194,0.051235654010546944,-10.715441414138573,-2.2365303052592216,0.30323248440756756,5.547969956340109,13.017057468697368,-8.100294649931394,-2.758328682498345,-3.6760963222493777,6.6964460006317355,33.86402590325507,-3.2166675118635224,-13.210549936346558,-85.79789278061568,47.17317981160142,-2.745787553069103,0.0
-0.05044309165563802,-0.44839841103511435,0.7536552022354679,0.9937124872331635,0.01990463247821923,-0.010995263314062873,0.10962847489335102,-0.2636278830817038,-0.051807761591462664,0.0069030131993216195,0.6600599473266114,-0.36184969044104276,0.09039457377779009,-0.5613221390474883,0.09031893526185412,-0.0003574646083288398,0.9640374217846547,-0.41969320142175304,0.06623686458576937,-0.09809228212590654,-0.656053244094276,0.08310498584581448,-0.20957626888200018,0.11055831539700084,0.43797580189998847,-0.56181625526688,1.0175366628892404,-0.7275781728679965,0.01378139580064858,0.5195455747753503,-0.014871597345195268,-0.3754281095322479,-2.0355795404258874,0.8283556308093901,2.2928335788823815,-1.4096613452100812,0.11101868904000864,1.3592628674875464,-1.946796809949097,-0.27770343928755403,-7.763793932094142,-0.39585632935074516,-1.4410439463028943,2.195085254590327,11.117125575142058,-4.436992263728332,-1.5703365202633655,-4.064511008047947,2.3689576221579953,27.264587965665413,8.85134143450898,-0.4895543292702279,-71.029883916459,34.15930469339319,-3.031700665838883,0.0
-0.05216485510865227,-0.4618518019643034,0.7551374918712644,0.9932820468031243,0.01737101515139821,-0.010274589187369768,0.11394496982419976,-0.27469522174071465,-0.03085371931210791,-0.00871207349511937,0.660093865989812,-0.35194884752181094,0.09115999057700318,-0.5648710737983971,0.050640074118995855,0.015543468738777804,1.0021112731866992,-0.44386644720033624,0.06930483969807996,-0.0753721465060277,-0.689011003630355,0.06815839011900174,-0.2765233384357489,0.1039454618196362,0.41432160533323753,-0.5388916533890156,1.1133943319948927,-0.7982445874119937,-0.010548963162992153,0.46138447862566195,0.061207182619386145,0.010725108007056589,-1.8690645632583225,0.7903349379569141,1.4662025047897396,-0.9914614695685561,0.134071073742372,1.2267118531102799,-2.0047054249394973,-0.5885533404658961,-5.106320600145315,-0.3601180952197255,-3.84169318380565,1.8898119809366958,9.881263538086596,-0.1877659453679068,-1.4265409686280155,-4.408030924422298,1.0260847350696476,21.372751299269368,17.847297884016903,0.37391233329969714,-53.03012207439563,23.339413643563216,-3.466928814724897,0.0
-0.05341801857924055,-0.4759939153926283,0.7563118596379489,0.992862089855654,0.014367898175943482,-0.009777649967031938,0.11799504900880996,-0.2850247534719828,-0.008222696801800296,-0.025601350061806426,0.6594750126713476,-0.34296689564022587,0.09241293715219669,-0.5603269802119277,0.01566648941082613,0.02996662315926559,1.0238893112804572,-0.4608992228879407,0.07206482032077809,-0.05236574418925001,-0.7238418130471532,0.05120365578469222,-0.30379573126993925,0.08210904720747511,0.3867140224539527,-0.49998632487335776,1.1759092872366146,-0.8514162274822548,-0.042876969156646905,0.4266355209115538,0.0738577154257337,0.3923314539057548,-1.593102921327445,0.6874997260405834,0.7721775058275877,-0.7052846190704631,0.11518881726229996,1.1076953486304597,-1.9995077252974702,-0.8420340214614852,-2.142693913887196,-0.5307643783838523,-3.982379193626545,1.4073821502247288,6.754916436549452,1.1531790952905303,-0.9068577272564914,-3.0199561987220913,1.2971757148414595,16.478056150482068,21.23555249017999,-2.6376438384317784,-33.38580826638194,15.923952423246472,-3.0714189058718206,0.0
-0.05419988623444672,-0.49083623831994483,0.7571424778973403,0.9924382765715754,0.011362995495822991,-0.00960466958637039,0.12183964810824326,-0.29425232693502557,0.015210487642354033,-0.0433376638066785,0.6579377525227034,-0.33437583631484574,0.09391529318700849,-0.5478883190876028,-0.013303655282697155,0.04183651296801956,1.0328982405065623,-0.4727415133454485,0.07343768239144126,-0.02939328394313993,-0.758511129231338,0.032488897850872264,-0.28373009160323626,0.04646071393457324,0.3732629926885864,-0.4424040166481096,1.1887284741410855,-0.8837531806695037,-0.09388225978251728,0.41939841208094725,0.09686963373227435,0.7655262043166822,-1.2851507916165703,0.5436079208351466,0.2546620698314814,-0.49022679539065994,0.04800282967131727,0.9683395566134817,-1.930359582742482,-1.0982119901911276,0.896421852542276,-0.4746283997767762,-3.2390901818371813,1.0249782098567914,3.179470524384463,2.3482836789213426,-1.2482928331441754,-1.6770625351022985,2.868246912087909,12.081966998619372,21.199833774880485,-4.055763618521744,-15.967208144752302,10.925871429765367,-1.6825140128272298,0.0
-0.054525873443852305,-0.5063689850816874,0.7575810296961676,0.9919923824752818,0.008813064322649321,-0.00976865541211686,0.12561057431482278,-0.3021335974749777,0.038530021436838854,-0.061335857487848075,0.6550851720709479,-0.3258440168027647,0.09645106332823916,-0.5279808524150318,-0.035931298812154705,0.05106291676118898,1.032283944443702,-0.4801970740545103,0.07377050717513982,-0.007703514252880713,-0.7925403745756583,0.010938440126068812,-0.2211505256616374,0.00959056166752368,0.3722065536778092,-0.37812635163293695,1.1596341951606914,-0.8842350856981585,-0.1652083461159036,0.4247756656056867,0.15935046319045398,1.1118412775765787,-0.9757535166304366,0.41717344612991736,-0.1375803834969056,-0.30157086853496856,0.005172233819891454,0.776140180813531,-1.8497953081407934,-1.3939124572242587,3.5862253319016304,0.15464683823509495,-2.5044388155072372,-0.0704834828262696,0.053060431752225384,3.6184548691985863,-1.4403975193862775,-0.5181865040215097,3.5495510594931186,7.306462874207413,19.183059750941823,-3.651811875297698,-2.9066079567001477,6.839617839055169,-0.5921717317289824,0.0
-0.05443357044783769,-0.5225760294547,0.7575705426133965,0.9915140421808116,0.007078985053649219,-0.010149873973236813,0.12940932032587701,-0.30872253813634537,0.06099309948170799,-0.07901774197813936,0.6505263608506382,-0.3171733434061453,0.10078898126336969,-0.5009798454513064,-0.05238651164505319,0.058491695698813344,1.022207669077488,-0.4832374584331172,0.07338233077713552,0.01149115017100378,-0.8256556480827091,-0.013852469861626452,-0.12477520251292032,-0.012840664434527943,0.3780407389641341,-0.326260712895577,1.0973605990093802,-0.8566555354188862,-0.25189636367739027,0.4381217369258749,0.252967659810288,1.4364035523883047,-0.6869061840841351,0.3471635076546283,-0.5841163685321835,-0.10946209420785666,-0.024039462424095256,0.5073343698025381,-1.7594544769147247,-1.7581090054808797,5.948110447598776,1.5748095804097149,-2.1284328503719756,-2.3927005588777153,-2.6099877314174664,4.977440924194744,-0.868465468916469,0.4576896197441972,3.033785742868721,1.4864121967361865,15.532344158015437,-2.243521861278359,5.812294502863641,2.2847491926801493,-0.04792714442521066,0.0
-0.05394531809342105,-0.5394196340305923,0.7570459211453883,0.9909993206994578,0.006471553433083835,-0.010636410392701478,0.13328665403307902,-0.31395978696155036,0.08194855481929413,-0.09589304042052259,0.6438621074293501,-0.3082843392218238,0.10711565037193015,-0.4666378792116692,-0.06328693016224507,0.06563870800034098,0.9995367151633169,-0.481464445358139,0.07212549556384096,0.030232791535953672,-0.8562925709007239,-0.04258472542954955,0.002625058958572405,-0.032602050220483,0.385818610510247,-0.2660518307756206,1.0034944701105926,-0.8057950929556957,-0.3532547716499525,0.4489871092494818,0.3460974179889142,1.7830262193865465,-0.4397132282169902,0.36249757906424446,-1.2180065351131257,0.09836786007446531,-0.06529177687807847,0.2812222866253606,-1.6188832901004695,-2.2372989397430616,8.166797248975122,2.678018202653523,-2.1397138551815176,-4.506963140294534,-5.159826503913629,6.118816230795424,0.7190036423082014,0.4654680286311104,1.8868787938395517,-4.518412987667682,10.52831049867278,-0.3960543204548653,14.797611008262784,-3.2023007348173964,0.5896236935924443,0.0
-0.05303397288046356,-0.5568202375032167,0.7559274537627039,0.9904352251984286,0.007293489778144313,-0.011238013072305595,0.13732653332542863,-0.31756189114257544,0.10064981718811827,-0.11169382200001675,0.635016375344712,-0.2993085544040381,0.11507023619953384,-0.42316080044154536,-0.06947397941432568,0.07468500058173991,0.9563329277820343,-0.46644628477591127,0.07151166742325858,0.050895977623730534,-0.8817089975785835,-0.07679564458385506,0.16416629454880916,-0.06043077131959918,0.4035437676398534,-0.1950877090664188,0.863731251348019,-0.7429540980748061,-0.44182614596891845,0.4466566344616445,0.41524840583712036,2.2354186874181763,-0.24446954140589672,0.49764551338094803,-2.288663107203013,0.7529435092833101,-0.02414084517507302,0.049180560696443,-1.3457612957798875,-2.960774594224083,11.165474016253672,3.7807454603410156,-2.2368257670341416,-7.510978677922533,-8.787196186571284,7.628266288474224,4.497394475330294,-0.3296664247344998,0.06112629566713246,-11.526010694466088,3.804137126521781,1.7668962124575491,27.75336052433108,-16.378780574116163,-0.2838517570068715,0.0
-0.051602146628731506,-0.5745993012078389,0.7540256008968155,0.9897689400961533,0.009894271480906009,-0.012085409391482345,0.14182204163189205,-0.31954805065400615,0.11581663007541061,-0.1266964065368256,0.6253849214901233,-0.29133397215253526,0.12345423079341115,-0.36535924013283144,-0.07190364347189271,0.08800901235994772,0.8739910509285579,-0.4192057800283233,0.07303027081655114,0.0766536508502463,-0.8953319084510805,-0.12656536293529674,0.367882483352961,-0.10590813041071587,0.4553767758568599,-0.1496033847799863,0.6414366803428501,-0.6985901155114567,-0.40591579998016664,0.35828219844874026,0.3960394944009446,2.9746891819559593,-0.10100519461772574,0.7547384332787747,-4.384167436927127,2.31618604625343,0.06724687505784097,-0.32820906570870123,-0.7769894434920103,-4.494501231623037,15.76133587949812,5.646726941804616,-2.6692003634760555,-14.262601074721886,-14.597124249789285,9.71756220247419,14.625197926254986,-4.310185891752646,-5.058700576957507,-22.58106083134043,-4.004231064463928,3.560751094254177,50.54874033881978,-48.81530068289956,-2.9232478856007145,0.0
-0.049608950553810316,-0.5923515247486921,0.7506694727706993,0.9889408375926473,0.014397159025161038,-0.013112550755306873,0.14702653694570406,-0.3239191064884656,0.1265993005890876,-0.1405039241580218,0.6235923142887186,-0.2876747902624267,0.12379439020337692,-0.28553032355498015,-0.07341678661164716,0.09605553681713726,0.7216835459023403,-0.34213944607034813,0.08017849957616455,0.0942815990654176,-0.8861029838469888,-0.208111355914311,0.5249444399505709,-0.09514431007828157,0.43158371649836397,-0.3959840191958258,0.4855083509769815,-0.560113033199694,0.1473984555265709,0.0849760326284246,-0.07569596073458795,3.834845900820994,0.06636965039405271,-0.012616855775183233,-6.977125636331396,-2.0185764121713077,0.04933426131305643,-2.5290986108581874,0.19182214410245882,-3.2676190235462252,9.179948715276211,15.552475738267228,-22.939497240787933,-23.33064242262509,-0.13508389577772717,25.50008336093202,14.781791453554272,-0.9453995726116655,2.937313288823841,-79.14725095288571,9.918857936544901,-63.97531679235084,199.84928139290372,-743.380413139012,-61.180516390492414,0.0
-0.04888214101507048,-0.6094798451718751,0.7487772436578161,0.9885705404220758,0.017320174815435536,-0.011777660129787893,0.14929696874295123,-0.3427972958458316,0.13346961444492175,-0.13460351276878182,0.6582680841504798,-0.32453911192731155,0.09420026747701261,-0.2598367926189766,-0.06372605437561756,0.08509364757133389,0.6673900908942386,-0.3913268181379708,0.0735162531137425,0.01010420333783026,-0.8260336795629672,0.037871530774523585,0.08831174318748813,0.13873103526955213,0.13150870441854773,-0.9037423791777616,0.12417544596119699,0.8188004813172743,1.9905322790519573,-1.823898126710834,-1.5749873860279802,-0.43869433622883797,0.9369797907375934,-0.6054857375343945,0.19716780638270945,-1.0013078725354676,-0.6136190985959384,0.18985556706078946,4.327815754521029,13.941807245853635,-19.595762002772144,-8.444915633445826,6.103686842644248,37.0689657083477,-49.76945744102851,19.695508947712078,-15.55348395814924,38.44399098673132,25.87231669394897,-58.41939310586409,25.237049412972926,-14.195329704297489,114.32479467085301,140.37658156513214,-23.206505058507055,0.0
-0.049251784339922715,-0.6252097293371239,0.7502369442502003,0.9882559905677099,0.017628079561761514,-0.009699618330376268,0.15147694650422155,-0.3695629299177938,0.12485123210177032,-0.10874300573299214,0.7304413313341265,-0.3857400223493854,0.06046797341859024,-0.2816181844447312,-0.04530438733674208,0.07137002570268298,0.6903700608763098,-0.39651915681277994,0.05886440449733054,-0.02231632441718663,-0.7493271222311222,0.10642388652038183,0.07857995121809465,0.16865881181675724,0.3097849743306734,-1.1997639500418646,-0.9907315895708143,1.4482742916127165,3.723015606786648,-2.805232998907859,-1.475767575170679,-1.071186937082899,0.8106386067071529,-0.7747928890822962,1.1400152809499724,0.21707905160529894,-0.7366459276522559,0.6379495452766661,4.306868467155084,3.831261086696863,3.1947575010555394,-8.687798016338734,10.978468348022606,43.33379324853109,-67.72938773854217,3.1219034374316683,-55.499741979374406,63.312450703570754,29.286217732737875,31.251494522282076,-16.696080200343776,-9.767156682591526,-42.545135404804725,43.252798175402866,5.198388908746196,0.0
-0.050002247867290225,-0.6396443212746654,0.7522915671910059,0.9876852768150219,0.01832308516312537,-0.007113875239539457,0.15521421098602398,-0.39499230385536144,0.09542471274859685,-0.08152306783870177,0.8065184384390811,-0.4324063880160411,0.04383598924880521,-0.3032163280979334,-0.03149861217433905,0.054714932047745204,0.7084450010038454,-0.3879473562424544,0.03839106872159264,-0.04234752704528947,-0.6990880500690209,0.10453462612803602,0.14138759035946039,0.2812991138796913,0.39838924449420887,-1.0840358659448264,-1.8217358979200973,1.3012619314828866,3.250406142208937,-1.8665620989156524,-0.6145138616498282,-0.9774652360582154,0.5946631802042723,-0.85206207215761,0.5965380937031118,0.5802502715560427,-1.079636885102396,-0.11258590038126096,2.414809554704085,0.4013618959755594,2.711957387534575,1.3041467292096482,0.8850683049737847,33.551692161892014,-34.626000820107045,-5.659865563128081,-93.36803307982402,47.41125807114302,13.902994239965853,16.347450543276082,-9.187021890228111,-0.12810282030524567,-38.15873928819081,14.703156327633145,2.516485438707706,0.0
-0.05075425168071549,-0.6532126845777692,0.754406830752406,0.987113754697035,0.019254250741967117,-0.004471317115012484,0.15879457307963554,-0.4106965442545692,0.056428538679765314,-0.058723843970205504,0.8591420910106556,-0.4689885276351426,0.03709390874186716,-0.31787896130143145,-0.019312200415093437,0.040032779311967664,0.7117549063133077,-0.3743309029460366,0.015249230377361638,-0.03295269740840847,-0.6636304594160792,0.10685312142265249,0.12742091180649756,0.2265580898311874,0.304691664160336,-0.4973832803506924,-1.9914991098785244,1.0482865020398284,1.958738606468296,-1.5754521333746276,-0.24905256150580699,-0.5651368974832733,0.6344311323973442,-0.6346255486037946,-0.1250862167320136,0.7643797425788307,-1.1324750435293893,0.5282769606724786,1.4260888397577434,0.02370582105230276,-1.7415969318148707,-2.8284981629503285,-6.9407758595467435,32.44957014660448,0.5199187362247628,-8.080152059207043,-79.16675457273361,32.661768428649225,5.307962497096066,15.698241792906762,4.297782140111609,11.094783701940017,-27.061822920638658,8.89791255667423,6.850250300570508,0.0
-0.05132673247600485,-0.6662438928826574,0.7564404292771466,0.9866891079546972,0.019901868811163338,-0.0024033968261903266,0.16137764264322005,-0.41669176055236856,0.018397694182376634,-0.03925552700725423,0.889010053442916,-0.49336336832620675,0.034470668656083565,-0.32624490860482097,-0.005878813111887319,0.028474844373708477,0.7044663837391727,-0.3580822178520213,-0.006738954459119603,-0.0252072424149105,-0.643711879422364,0.09632061024590931,0.07034501278523911,0.17808202206891563,0.20859777168341206,-0.13284718674854226,-1.787708103872857,0.9160706576460826,1.0747502156005302,-0.9796079048756571,-0.09861378447083052,-0.3304832879165844,0.7205701510846857,-0.5148157075404524,-0.5077386159532229,0.8544418600295046,-1.0429315518489684,0.3447860498395507,0.6931930153789965,-0.7401849534277587,-3.6086800729793787,-1.9675141557657851,-5.956699029663504,17.57563351846818,15.612452154315186,-6.779902294909462,-45.79533853935306,22.464536515695016,1.6495628073038795,7.125368137505027,6.824051855063581,7.981962586610637,-11.85038645302509,4.516140630328547,7.520657170456887,0.0
-0.051763519026547154,-0.6789749082931698,0.7580925490970564,0.9863721850196515,0.020039559094153284,-0.0009005066537544445,0.16330192215230332,-0.4173186362102492,-0.014339493608888459,-0.022710273132565358,0.9056169610644865,-0.5073204023616396,0.03393117832717707,-0.3311540000297168,0.008983708016856131,0.01818145262943304,0.6923446361797544,-0.3415029134120354,-0.0261718503612046,-0.019732775474177993,-0.6323803542852043,0.07032794510314129,0.010990945210783564,0.1319090365860938,0.17069850015517407,0.047039727375875855,-1.484839822552118,0.7575128047066088,0.6164828338108643,-0.5423699013671562,-0.003839385210055757,-0.20929162013082936,0.781602834971894,-0.4842412334101853,-0.6404597027078986,0.8188488138775875,-0.9169375984633077,0.1803768392161098,0.33763700041485284,-1.4570254712573325,-3.2061116285192854,-1.623430961056766,-2.8482531075855384,8.023859408346386,18.81966593474041,-7.962225054740327,-23.547379841166947,13.262508664377366,1.0387199081367409,1.4691888675612184,5.312343204218662,4.715438059178582,-0.2094491618580956,-0.49834849384446844,5.502741946237605,0.0
-0.05206010686942384,-0.6915366536848392,0.7591072079056884,0.9860954339733625,0.019763238337792113,-4.836169098005531e-05,0.16500062778194444,-0.41430197752500564,-0.04012965397173785,-0.008771572539935069,0.913942951149847,-0.5125127260443888,0.03570516905327897,-0.3330496143997338,0.02579349983327011,0.01085788645269799,0.6773997533845856,-0.3275651589890162,-0.04273996141365392,-0.013378041897404259,-0.625833660441916,0.03476482079422441,-0.03479346952774613,0.07169174356052882,0.1571981955286042,0.21172196321259215,-1.1138907490135703,0.6356176012948598,0.2775236294953977,-0.1618162985297218,0.0873308870900171,-0.10166752862544629,0.8479532087734162,-0.4153440134263902,-0.6903005764948682,0.6721633750634038,-0.820428972250617,-0.02508839883341913,0.14846257905045812,-1.6860565914531127,-2.8268246162205455,-1.3692823040539892,-2.733840707329865,5.011681987888104,20.959925306351586,-7.8124324233746,-13.455387885560034,5.4300133871554355,-2.1613804343673237,-8.70765155354995,-1.5979822312955545,-15.381091563444723,17.623614187248272,4.075066651232149,-3.24892464114272,0.0
-0.052268303343422015,-0.7039938163825026,0.7594914579033261,0.9859095273000563,0.01909561352350724,0.00014393697591525946,0.1661858622304757,-0.4077408682710229,-0.057987891048440814,0.002446763142286392,0.9159027420428018,-0.5123014287425748,0.03781592462588362,-0.33552805463903734,0.043129647696202394,0.00147806655686106,0.6658907608845694,-0.3136665253077364,-0.059048756910869755,-0.008925805066662641,-0.6213773336115808,0.005051855695028947,-0.08507450507291645,0.006914911478858661,0.09433580340863729,0.388756960647461,-0.7175598715016681,0.47261048424153723,0.02638551641403153,0.0443218076215426,0.09048308207219621,-0.15148478326226023,0.898550503320026,-0.4682393551068687,-0.4784044156579697,0.6992816567189755,-0.8084358873232761,0.08888115250985965,0.10371709876523336,-1.658846801538767,-2.412690833234341,-2.284077624495412,-2.303540434490002,4.359169202465987,18.93313361225181,-11.612201837216263,-3.690820921203687,0.1064411085138033,-2.2513858865255765,-3.690305444253792,4.075693125170801,2.157515069770779,10.824148274288797,-0.6139759049464988,0.888256705726286,0.0
-0.05239536298819311,-0.7163468731312346,0.7592491008906144,0.9857761619016936,0.01823127367570671,-0.0003646737126986967,0.16707138085144957,-0.3984281657001429,-0.06938791774160478,0.009365844520782195,0.9150276877151431,-0.5087185195159349,0.039097071108420825,-0.3376839016315817,0.0617166926361301,-0.0063375410641071375,0.6566429202577105,-0.30122226292249155,-0.07441667283998235,-0.006392290904649247,-0.6153668956752045,-0.02592268735520166,-0.10070931484588191,-0.056760544757829635,0.0820627441880603,0.4971056567788165,-0.4405513571939081,0.24828256984849398,-0.05634932797350612,0.18673401283238183,0.04936917216971825,-0.1341501871976809,0.9194443695362068,-0.44044146045505844,-0.36752509779114784,0.6011224630046254,-0.780358730716261,-0.10522873399815338,0.20253623084337344,-1.5306219299227315,-0.7209501743233724,-1.9492007916444958,-0.9823050389057234,1.5058426392727935,14.733719381002327,-10.53663188190316,1.430593884141813,-2.7303483602005203,-1.266630043436238,-4.974404571111467,-1.0909286396528652,-5.415866132352658,12.685954254244182,-1.5160573644134336,-1.284884252887724,0.0
-0.0525356947899543,-0.7285654104850101,0.7584564645653019,0.9856672411512076,0.017425768891912365,-0.001399427495133905,0.1677929495019899,-0.3880896230493062,-0.0758994117973132,0.012634285163061124,0.9152890311343077,-0.5063441910569895,0.039406194641322244,-0.3401727998513646,0.07991482980380413,-0.015132915488533601,0.6501730386899598,-0.2901146610472881,-0.09033460331403613,-0.008779385504555282,-0.6075464725383498,-0.05077354002610492,-0.08871795110133217,-0.10526084051015341,0.06866681250165711,0.519984804742568,-0.2322420393017253,0.10213195470173692,0.058797213051567286,0.09336665041563152,0.0034643335830392362,-0.1398033852317509,0.8917697223023349,-0.4521512707230156,-0.26081057441359745,0.5214972946310242,-0.7980268343779692,-0.2983968031720127,0.35496241269563944,-1.187446365528118,1.1617424564220116,-1.4536206781926646,-0.8842240111756423,-0.5848193649364191,10.422479299765877,-6.077076367774198,3.8923800836875406,-1.5972615839176318,-0.5729849213537799,-3.892516102658484,-3.0573391511059844,-3.393961691142507,9.493133194501258,-2.6496850873423066,-0.01410115847579596,0.0
-0.05281073281945757,-0.7406083915953616,0.7572132056385747,0.9855574657122244,0.01696812052205447,-0.0027020761747444757,0.16846739580462267,-0.3793447108079744,-0.07934226052023904,0.014105068019740496,0.922817340364897,-0.5089072164555268,0.037936109300312104,-0.3431148174694575,0.09673873917153994,-0.02505143115526315,0.6456434510102668,-0.28064665290752744,-0.10721026678320311,-0.01808271344046417,-0.5972091405934399,-0.06964276420923464,-0.039941954337755964,-0.12986071888597858,0.06554204968180402,0.40388602915939587,-0.12886492538641786,0.06056891804658629,0.4861780777560325,-0.1440516600608256,-0.07560758621665864,-0.16342200640425253,0.8000504299241236,-0.4958905808954742,-0.18154860967571898,0.43915831669878486,-0.8377473881126987,-0.5057629002701369,0.5752922266483317,-0.699525358770994,3.570905885737313,-0.9985004275516325,-0.9878773843377193,-1.4952369717591742,4.344437552475279,-0.9383707005298515,2.178773196841789,3.6440535735620325,1.3730667573580635,-2.550916844874566,-4.635516214643661,2.103794724160888,6.041987150363325,-3.2968464353150844,2.775596786079312,0.0
-0.05333433851274398,-0.7524518752809731,0.755671093603233,0.9854179089145411,0.01710545844497076,-0.004021531013831427,0.16924176603363747,-0.3742912442377889,-0.08162121838441277,0.015633346861216976,0.942019925845924,-0.520346700023767,0.03415563321640193,-0.3468676794601583,0.11166260171067154,-0.0351449443885666,0.6426313455243752,-0.2724197577434561,-0.12509700896197898,-0.0320294822656039,-0.5867119736995315,-0.07958612930219694,0.030069433158378418,-0.1366923310690435,0.08176597761225513,0.2109501608387183,-0.11380593901512201,0.09620131857633768,1.056981652691887,-0.565588259774125,-0.18092397793227094,-0.20406850888940223,0.6935457206994574,-0.48545968646279924,-0.11843157936057777,0.39724761256342916,-0.8768825912683187,-0.6022121671429796,0.6824899231692385,-0.043999638730739574,5.072541584003892,-0.8904639893349036,-0.6470871306332586,0.5982912543158239,-0.8586577103428152,2.257371798808941,-7.621152368312551,12.030398625627923,3.4449337979916765,-1.5640793503677703,-6.41570244663673,3.6546190696604106,3.8595023046676573,-0.9611081212849446,4.925071100643233,0.0
-0.05412759708134702,-0.7641046242389897,0.7540314847856308,0.9852365684514847,0.0179504036644151,-0.005296761076322835,0.1701723582616372,-0.3724445581072893,-0.08398419047836285,0.018349656117192716,0.9708095566746546,-0.5387734699386628,0.02871866337630643,-0.35112116812754846,0.1244836417037835,-0.044947532067330334,0.6402769376871144,-0.2645945661868718,-0.14347217255576947,-0.04497472649609676,-0.5776847071409162,-0.08008797381231993,0.10314244641668993,-0.14545203158053763,0.0957481597787512,0.08726936799800512,-0.14067688205111914,0.16602762104495428,1.428803558090506,-0.8514996352854729,-0.2489148843966535,-0.2142969999506134,0.5868793509026049,-0.4672709062668058,-0.11102104013875051,0.39748381480860817,-0.8899358669531076,-0.5284605247057329,0.6387622714691664,0.44217314781712175,5.41908352923153,-1.1374031003837342,-0.9215642225953304,5.196400741477759,-3.7409053673207078,2.7938175398939635,-20.98507146138712,18.508515652561535,4.871622848194388,0.2597290324485727,-6.663155605086326,4.096520922354867,0.9707399661230205,1.3703721259328154,6.037656061273464,0.0
-0.05512262969321221,-0.7756166518201842,0.7524808286392615,0.9850261928518094,0.01942944274109346,-0.006608037492651523,0.17117894143595805,-0.37139381218387657,-0.08699727209208302,0.022110416630627325,1.0024210735895065,-0.5593682204385122,0.02263120330481936,-0.3548742455797488,0.13554306694969975,-0.05434175263080866,0.6369817049624144,-0.256203438343373,-0.16166819337352262,-0.053315377916743685,-0.5725166609010518,-0.07285476814038286,0.1553326235657879,-0.16109695662314483,0.0998654672683126,0.09269590460268741,-0.1783210200440975,0.20213855485985371,1.4467421983010003,-0.9126727922483204,-0.27134228511562297,-0.16926840919275232,0.5139677306641048,-0.4483351323449508,-0.1936952801968185,0.447978159092201,-0.8759845088590282,-0.3801956381422866,0.41749650737302924,0.650547176244056,4.327075067680801,-1.0651284751237209,-1.215171992226694,8.475703266227544,-4.336048859866241,1.0563551534700557,-30.000834165494354,20.18227198891211,5.4288914014945355,1.8272532062750817,-5.0046290044262856,3.8037504323516096,-2.3174431875561115,3.5679629844718366,5.998798181644189,0.0
-0.05623851079253515,-0.7870695631533234,0.7511263829756057,0.9847991709595131,0.021313452276101083,-0.008009897085165633,0.17219805799780225,-0.36919539759403225,-0.09089645139913528,0.02634882514430676,1.0311980254136193,-0.5785923016431351,0.016989936961747217,-0.3572513197314786,0.14554328961147822,-0.06337494117636375,0.631131182468287,-0.24635045613901155,-0.1791041390078677,-0.05802427412221574,-0.5715745482582951,-0.06247494046551074,0.18181798500249913,-0.1746889863033621,0.10031640162928589,0.1682808597077773,-0.22710883674559398,0.2170384507651836,1.2508527552778685,-0.8313952945953382,-0.24498493211173844,-0.08986572653725391,0.47793685011686116,-0.43383614094179435,-0.3476967536085753,0.5347849791307413,-0.835838710896615,-0.28503248791095664,0.18016987388062713,0.5960076852976498,3.0044279852983418,-0.5522411999754782,-1.2370906680287361,8.599453876598698,-4.775297724007125,0.25782455556538125,-30.869309858660404,18.592789511020747,4.997441635249457,2.1613728619181636,-3.1528337965739954,3.223029261649377,-4.29548466785543,4.686407827316864,5.398743045324234,0.0
-0.057426440719511675,-0.7985283826841195,0.7499809859059124,0.9845608435994211,0.02340663325175692,-0.00948571063484149,0.1732111314678297,-0.3650944524379563,-0.09613133158215546,0.03110963869237846,1.0545073424085916,-0.5947689178627874,0.012938839012118834,-0.3579689447576687,0.1550126706105173,-0.07213098387145428,0.6219588971083363,-0.23457911697216063,-0.19518044944308852,-0.061267528344397984,-0.5731962005433127,-0.053337764744562643,0.1940228539600976,-0.18034937928492364,0.10092626016470542,0.2559641985503023,-0.30705491477674957,0.25028420584670763,0.9810251177976721,-0.6881289080570582,-0.1683217490850245,-0.012110534212567664,0.4606648461808313,-0.42433641659592375,-0.516243616774859,0.6335571574021979,-0.7677328415659156,-0.28205148280316195,0.016437390371821896,0.35618328262972543,2.153568613812775,0.23080129700178031,-1.044832426159993,6.314964391135533,-6.114468747289367,1.0057902079214882,-26.467665152639817,15.571633511291784,3.4856856790772994,0.9831758484425805,-2.062836477589025,2.5257797471518235,-3.9537110886421476,4.662976982293866,4.304036245992854,0.0
-0.05868638807652932,-0.8100291903149903,0.7489900728217763,0.984310913480294,0.025611397714458452,-0.010907828472415365,0.17423289353252897,-0.3592877932196771,-0.10351447803538892,0.03694172173363442,1.0712058817817391,-0.6068941496275628,0.011472118927793264,-0.3575054011967209,0.1641132033627076,-0.08070425781024457,0.6097215922950906,-0.22083072745791443,-0.20921388752658648,-0.06544144087085056,-0.576127678149732,-0.04796257793273994,0.2030254536823092,-0.16779106675648564,0.10412475389243,0.3188983407576422,-0.43267606909451684,0.3165696381401333,0.6665337764618933,-0.5035866376586293,-0.047016151510685965,0.028274114242671698,0.44490818584144803,-0.4199339235379319,-0.6557371744168852,0.7281461946431012,-0.6661339591119647,-0.3608852953837319,-0.1032792340503052,0.019158401202412106,1.6446580639473392,1.3478298390441725,-0.6692322990986085,2.6227939121573502,-7.787724392734054,2.209843219007275,-20.763452761878778,11.619831799917954,1.03627122784584,-1.326653222978901,-1.5367954446030074,1.7329368093532749,-2.2608957219534145,3.9081584977769315,2.891418040754089,0.0
-0.06002569604956648,-0.8215923080915484,0.748100963749818,0.9840459897497161,0.02786838398321736,-0.012154524931039381,0.17529720692402964,-0.3519632971942823,-0.11390535331220429,0.044250432676213605,1.0793878529260996,-0.6136082267473897,0.012127529274510416,-0.3564800219656185,0.1728281120798329,-0.08923516066255983,0.5949946378006212,-0.20531931285307628,-0.2196865909992577,-0.06958184070552369,-0.580186378268278,-0.04456114214518522,0.20582206421340093,-0.14571737167108642,0.1116817565172481,0.3777177168283996,-0.5934935454286857,0.39532945651637563,0.24190975143530974,-0.25553285302993717,0.03840313419244883,0.04100002395387873,0.42907120085266487,-0.42575624239060894,-0.76571573867126,0.8065132901310944,-0.4537401371541236,-0.3998090162585897,-0.26258407830303016,-0.2563615094875319,0.6886865101513987,2.1114249265541933,-0.11335780845968314,-0.9999036540367605,-8.180233553388744,2.70990913504784,-14.863338372082861,6.32273971036993,-1.0065548744966912,-3.4526228919050777,-0.7848834010611608,0.42518548479193885,-0.3046656377700816,2.4036303337119236,6.059628317145316,0.0
-0.06143303350950482,-0.8333150972761321,0.7473867763215538,0.9837843109341651,0.02985129374286311,-0.013173456696436995,0.17636266572133086,-0.34289742452569816,-0.12700652705526033,0.0529510228327254,1.0756281105671788,-0.6139500228740894,0.017968253049538446,-0.35631781095320547,0.18149190831799225,-0.09774755622712505,0.5801711753272933,-0.1902783425900804,-0.21341055277090956,-0.07197058755985616,-0.5923976616488207,-0.03377829112776329,0.1559682218505248,-0.11456822040485344,0.11579646452486818,0.45341601470895193,-0.7013430694808022,0.44708989859489084,-0.36310623014976395,0.027607461926689343,0.2897337921722828,-0.0169240319930203,0.4489749034457933,-0.43808871251878373,-0.7519956952295664,0.7541126520295927,0.6193061840306116,-0.2725902713431466,-0.7951585839924347,-0.18319228829980627,-2.624117821289622,2.555289793818442,0.9817098516564823,-4.550695809735869,-4.5937263078972155,0.4021340018169376,-7.180414315058466,-0.2512416633131047,-5.793337502271738,-3.6135400105888653,2.360397997165865,-1.9634399809476797,-1.550392038696849,1.8343702529972346,18.922629338368232,0.0
-0.06285546982184353,-0.8453697169138975,0.7470549593388283,0.9835472968323654,0.031014563793451775,-0.013953559781418325,0.17742071439342746,-0.3312781115221868,-0.1419907042844352,0.06164564855998967,1.0544215754352684,-0.6032258834145687,0.03190141714899087,-0.35763429451574313,0.19083272233448928,-0.10646479201524975,0.5659521329600399,-0.17683667106031925,-0.1759670123761703,-0.07140936094507164,-0.6133315477442929,-0.01221159688094307,0.05421495723789568,-0.06962058728582644,0.12416602426579258,0.569950652600231,-0.7753565745770103,0.40727150526400485,-1.2499575481075313,0.5556137642376786,0.6631722197349309,-0.0741187317938491,0.5046488800203578,-0.46893840662884223,-0.7801138514395652,0.7063660354151957,2.2388206500741323,-0.15871280122084933,-1.311100833329713,-0.203438694256284,-5.500773897756918,3.5041875494972152,2.665180998504905,-9.48209765262724,-1.7117545642979006,-3.018621748054553,4.296688064468446,-10.98092768664627,-13.14216305174083,-0.9201305594213955,5.162881855702967,-5.23617751354111,-10.520467220016418,7.422105265484409,10.721275794353307,0.0
-0.06413632696286743,-0.8579393237974512,0.7473422866096331,0.9833256475390084,0.030765421350519528,-0.014599990406396616,0.17863650248828497,-0.31461598933275253,-0.15796479289890297,0.06706515573294146,1.0072010542978616,-0.5759419561965842,0.05578779537286446,-0.35865008190695036,0.2016975597563938,-0.11613904945592558,0.5487898943828028,-0.16383284087076663,-0.10038843954316287,-0.060982259871705226,-0.644264948188492,0.019749688567127506,-0.11333191323519058,-0.024664180321836277,0.15983439492005655,0.832506198108432,-0.7824832918914696,0.17569272154577065,-2.5702696967986185,1.320976461444182,1.1125078279828393,-0.01570194040071347,0.6064662251687672,-0.5483586204207147,-1.0336344108927722,0.736008472950387,4.146576238267409,0.06168821892371533,-1.929742929013598,-0.5407099366414327,-8.8482269394152,4.860265265429651,5.359529345210886,-14.96482033705444,4.324209154212238,-7.198119960976755,22.63151600389041,-27.62265925516281,-22.07347965541556,2.25296657360587,8.12636262525527,-9.504979298582478,-21.331254647617584,13.812850731398454,0.0896655655294456,0.0
-0.06524718602497093,-0.8712917176474239,0.7491986779048413,0.9825669012591182,0.030319403534726386,-0.014539617246495797,0.18284315095096576,-0.2957352765479682,-0.15871454429311818,0.0728920410270878,0.9420766641582023,-0.5242976471366041,0.08579515888298185,-0.3554403319802971,0.20728397319270286,-0.12900281640556083,0.5200816005665491,-0.14993478260833507,0.021828895842596903,-0.05707707471809986,-0.6820834278253746,0.1382430650970861,0.10085736386440461,0.0854033725180415,0.701245108902137,0.8661962247730176,0.40476650167569944,0.17299083691112646,-3.04048829655837,2.4149190639231657,1.3548965651368885,0.2547874143601206,-0.04034564524605391,-0.7623492634917239,-1.7371556334092655,0.7965963859972245,6.613926696541417,0.15236725148830954,-0.2376833914653619,2.0310317800529853,15.97728317058522,3.8824608609759568,23.575407483048977,12.342242089146898,-14.3989725288609,-64.94470693753068,16.64856863062858,-66.07029835131493,-17.513871889387627,1.4275988969715225,-29.9932540401546,-14.669421542731621,-9.374740058678487,10.360639676652859,-25.89513720140042,0.0
-0.06585977695800957,-0.8849915199864817,0.7526592636318125,0.9808626056611075,0.03188992087081902,-0.01378096145476411,0.19157679103674677,-0.26378968934107777,-0.15237639352177929,0.059191791205030694,0.8504772856690407,-0.4405306493301849,0.11778347959770927,-0.3451893291563658,0.20069112623902902,-0.1510134864181645,0.47895709228147565,-0.14118829053448173,0.14553548323759619,-0.015100194246045749,-0.697669897909256,0.16818726097398043,0.16498257618774706,0.10703528304801856,0.978397243234782,1.8063211608280683,0.3946628871300117,-1.1260318397003037,-4.931265636035606,4.014044419308331,1.4543210474130432,0.5864947825421203,-0.36338653318227376,-1.3375059443958741,-2.211065147341387,0.23426664530719435,5.510705893335505,1.2890265908577774,-2.165599168113859,-3.1602631332786473,-9.988800856759816,7.779756623811274,4.137817117724066,-3.542174300044429,16.595192661135993,-31.866776877988105,18.418593419868895,-75.13306019848348,-22.934696614668823,-5.252296207330409,13.399884118728995,-23.537376951542516,-0.08525336749146106,-39.00144845869132,-106.00094810130139,0.0
-0.06574415130237402,-0.9000659798060554,0.7543949914017625,0.979075241921858,0.02995029768948624,-0.012310272936707169,0.20090571794797116,-0.22395802890605468,-0.11730811977304909,0.038293229550025315,0.7379323742270969,-0.2944722811739401,0.14334441549718632,-0.34666019371523854,0.19626283286940566,-0.1964245142443752,0.4649433678297798,-0.20269100060673434,0.20399634312031423,0.00949230938931802,-0.7853479700297249,0.015008596510013161,-0.35119177162086646,0.32426378731393996,0.9637988484872808,1.6483612401401606,1.861044320591577,-1.465403687521587,-4.574352200000858,2.4721247842954686,-0.6864758289227724,-0.5292530589740913,0.11545753069064002,-2.3358663526706507,-0.060411227500193884,-3.798284517417566,2.252791131586882,-1.6898550025389487,-0.7792863779452415,-6.1021840235452744,-7.6569152056043945,16.189543924813233,3.587409619791853,-75.5290414701969,-99.83112214486329,-72.41216694665815,195.19511455926101,-881.7098584729105,-203.22925159407427,-48.191286241083674,19.677352221589267,18.57046287917241,38.933299866401974,37.81346265003748,-35.615452163390074,0.0
-0.06672746892725066,-0.9157995413544087,0.7536913377688561,0.9780280348364697,0.02677595359889271,-0.007194199054959125,0.206621525700351,-0.20590699610188395,-0.086758704009538,0.024925257297680463,0.6689155057693332,-0.33011728563311366,0.12329524048048793,-0.41138755808024796,0.20809904039792468,-0.17832311295675457,0.5916512847677897,-0.2500735978734831,0.1729437572036022,-0.05797367979161067,-0.7861177850081471,-0.05197605774411797,-0.14124774935425055,0.6256006992359925,0.6646641292627171,0.518837660720632,1.3029113904998397,-0.5356836222932756,-2.8159401022649484,-3.083866568734224,-1.0037548862791288,-3.7792392187735784,0.6827303749288468,3.044482688055732,7.921296833005327,-1.4107595156004797,-2.3507300574257224,1.204405590930476,-0.21574429840278464,-0.013472750861525218,-0.5350505676275974,-3.5654061797386944,33.85471046967717,-31.433923067585045,-16.42259657711227,-12.707298905662041,54.82011689055248,-24.288816047863328,7.404330635778258,41.998391779504814,-40.566591561220726,60.59382809381767,-48.55422789470375,91.91535151346132,20.286351302540126,0.0
-0.0678333084942579,-0.9315554786357253,0.7523777488569006,0.9762006751183345,0.02457753437773297,-0.0019527139796641994,0.21546316068073684,-0.20638004732872636,-0.057560009890595794,0.033304409044659124,0.6331935295124471,-0.38548318617688637,0.1213134589611051,-0.48780331745035904,0.21157605922575,-0.1100376629609809,0.7724936313732179,-0.31529522412152766,0.12939020496329898,-0.03852091597803892,-0.792205488340589,-0.05125522565423517,-0.1169552214091365,0.4852204129602554,1.2143963620374238,-0.49092664887304616,1.3768243135342582,0.21258927297739033,-0.894777398198366,-1.9517950998125166,-0.24887528339596085,-3.101362776920684,-0.5230421286887896,2.90401256811275,7.952418680703338,-3.0273824966799947,-1.8640672503771818,1.0517674196769384,-0.03063574253887387,5.798220459583359,4.96918217304937,-9.217241041885766,43.767205757493954,-128.73664162817886,-75.39995023318589,-220.81693787899235,210.89381830366221,225.1505670170011,-199.15329931471268,112.53382016550431,-112.90643495253777,-87.74115914361464,-219.888236268591,70.18162519168547,37.24173369705234,0.0
-0.06819404394510384,-0.9470041925324427,0.7522139935872174,0.973604502213874,0.024281549866897543,0.0008192142487552807,0.22694494595154815,-0.22494780795113248,-0.038709964286762065,0.02300665138314018,0.635153189000857,-0.3962974508448056,0.10766971605842872,-0.5353673339078214,0.1895522251408111,-0.04643881963815519,0.9136467795275717,-0.37404691823629516,0.11208582521918697,0.011787999181885875,-0.7587522121276825,0.028769620012120536,0.09047361547487151,0.1079797655300716,1.1098774361197683,-0.885987373697109,0.7904846956647725,-0.7291964504732225,0.37369084490717935,0.1499702974969463,-0.43666709835892475,-1.5067093492823196,-1.6144910175232892,3.0458391193269634,5.587806296656579,-2.4728421394444804,-0.6020752242407776,3.9462930853052183,1.2607916871451805,3.9773192248444036,0.701411907804788,-23.7145564783644,-9.307881882494797,27.44219281634435,-4.382429301487601,-4.738422751779196,-1.2764706173478295,48.83829586412034,46.38891835553116,106.14732162461715,-57.641454734092484,-33.06805331624934,-194.24522327331235,55.94720433212525,11.916070537119108,0.0
-0.06747501218970468,-0.9623096345390132,0.7529781690503523,0.9713720887457329,0.024559828987354163,0.0010703472105436937,0.23628782102070434,-0.24265956291273807,-0.021572658636306325,0.00867476735664305,0.6455085777164645,-0.3895889585597759,0.10785995429083962,-0.5542049596323787,0.15293706443156704,0.011708633327749077,0.9965055243254283,-0.41080216900308203,0.10928617034296143,0.05921827377920594,-0.7723117792362235,0.04604621537838567,-0.029201005360827134,-0.02434148996808881,0.8181442019617531,-0.7819574796127593,0.9834694605278217,-0.6439977310164514,0.4882129643487944,0.4433773859478597,0.18634734822115015,-0.4620657377392502,-2.0324548859097935,2.6205522689557963,2.868234211549244,-1.4596395033039682,-0.03394431057436579,2.737469974134544,-0.9328560253759981,0.7775045884223154,-8.693880974099015,-7.619183085686108,-17.402694311722303,16.2072237865143,18.735520582428997,12.453108949914334,-9.788674838740882,8.748342129714272,8.577290884274007,50.318367398055095,-22.58591025237193,-41.578440841829625,-138.89266072259613,32.81476885870159,4.19633581620224,0.0
-0.06598185015093365,-0.9781499777970436,0.7536630730557836,0.969643192953934,0.02347286781802692,0.0008348291622983821,0.2433935206507526,-0.26028609094862787,-0.0011502205573963916,-0.006773765896872137,0.6567708642276113,-0.38248592083826183,0.12316394518366885,-0.5594090246535292,0.1099904075611387,0.05567310065208067,1.0360804979642129,-0.4326221872929857,0.11000821374672846,0.09070112711666874,-0.8101190174911062,0.025194708679461022,-0.18406600751647595,0.04576622606721342,0.6310827834929195,-0.8942266342537297,1.1367132882691522,-0.8025309317415683,0.5368235306952661,0.3297108149707518,0.8205778800988385,-0.09939074253681354,-2.18219548953722,1.837539072985666,1.270174605634832,-0.8732221885361422,0.031852977226589245,1.9461803443085368,-2.15553299189725,-0.9928578555933742,-9.01030550057177,2.3200047233721963,-13.67705023225074,1.6591805869426228,17.362394285601123,1.2610937223162504,-6.441518127599873,-1.514166618828877,-10.511986865029979,15.10876457049174,1.290651119598539,-39.88231203560942,-72.03180028410127,19.253949305045488,-1.8540200922620214,0.0
-0.06375834424663956,-0.9947538245989042,0.7538466357915727,0.9681485524080162,0.021072147802317826,0.000789067641337451,0.24948691835348608,-0.27951522380950966,0.021466050941853217,-0.025583848262226167,0.6687370922825004,-0.37764281481574186,0.14846582453036267,-0.5556625376064656,0.06684504198065358,0.0853793577761225,1.0450998379661778,-0.4407200706937525,0.1102608633715984,0.12976880963147872,-0.8482666301041101,-0.0052950058640656664,-0.2703725323462488,0.08190796611889876,0.5886541716876229,-0.966080413660413,1.1939885554275178,-0.9852774888958717,0.5723400298131622,0.2180666691202092,1.238262642751,0.3628314916355037,-2.0580490414676005,1.2332270065696433,0.004098483916079532,-0.2694481182791096,0.004872542014298032,2.1619577801449075,-2.132104658822833,-1.6754621298267363,-4.320093045028876,1.2437464785259773,-6.962520790233734,2.061022710756144,10.834445510126027,-0.14221138641319375,-6.387076376903646,-1.2580536986540245,-17.858791282880034,14.658510509232066,17.026274992169462,-25.048015496656753,-33.17329817699795,6.082097743686132,-0.4635896980305892,0.0
-0.06062984764734232,-1.0119516984685046,0.7532759041918462,0.9665439749872038,0.018216007163339768,0.0003925195139728698,0.25585301918756626,-0.29892231923565377,0.044155492037462656,-0.04849311964973051,0.6817123164539559,-0.37544858448492685,0.17618333165898872,-0.5337286170542671,0.029844837048127466,0.109102266874352,1.007811122639878,-0.41806437242570427,0.11028542757871053,0.17499974024530093,-0.8695980316342734,-0.05654235966464489,-0.2616003655797689,0.03191465475139285,0.6762666976123353,-0.9760376822594149,1.104495539982317,-1.1920195428081122,0.6825257007946005,0.057771240285600815,1.2584332030382275,1.442238082780096,-1.6705317499255656,1.1303160842278392,-2.537809871462462,1.2195713169965796,-0.0019220183846440822,1.7833534143966556,-1.123487066246222,-3.6642762736257755,4.861002249222328,-0.29684244176003277,-0.7405512490520986,-1.598644170188648,-2.7048056102489437,0.5480507046615317,2.882315841267841,-4.233825605918484,-24.458979792508668,19.154071100761712,20.321246406063793,-7.7717563663764775,-15.768802588276895,-25.286773821242157,-0.32442444821907696,0.0
-0.05675544322468525,-1.0289720340747572,0.7513298098886962,0.9642090802857044,0.016561588384308188,-0.0008356145143483032,0.2646240069101248,-0.32754508774497426,0.06410652495207803,-0.06112413277740696,0.7170474942657312,-0.37826394151316506,0.17262646038243687,-0.46901208442670117,-0.005711567968498423,0.12798907613926191,0.8437742637625475,-0.31100123267014546,0.09270422374664766,0.1993628646028891,-0.8275530912041645,-0.16466888021578127,0.0030765456379444264,-0.11250978082229465,1.020057015539528,-1.6201725811271952,0.6183233313472093,-0.2272066472630787,2.197847656822963,0.5241976508963696,-0.48933818417873576,3.9120504182909555,-1.8752769460652203,0.9109651342847195,-9.964588166142962,5.304187182852829,-0.9310125326595524,-0.47553503993235446,4.327611567659898,-10.40399201566523,31.605117240987603,-4.943449652018792,0.5218471615451521,6.04869425540383,-110.68272458763592,7.920813458973255,-14.65755600121166,519.9155190119153,-37.5423300275397,13.383621403276528,-15.015863590046328,3.961507393267205,10.477057399921787,-120.71131304505525,13.545053670906682,0.0
-0.05323706489651607,-1.0452626425176463,0.7471964067969606,0.9617485876956113,0.017103430460041685,-0.001272471023916994,0.2733962464070977,-0.3699219331405814,0.05708169656467457,-0.06031559481424875,0.7966100490772084,-0.39254224189731257,0.11100363638995932,-0.4002585191973596,-0.02770383996525056,0.126606176075059,0.6703707578040382,-0.2449939231461273,0.065137839362949,0.12020423485328943,-0.8350896150093089,-0.14697443967667614,-0.12129082970534875,0.19273714487329222,0.43549878515936635,-2.2625024085102186,-0.6878434188659459,0.4696140848334704,3.9037187552828745,-0.6803651326403957,-3.092208500717391,0.7202711390454716,0.37210093957605056,-0.645066143283444,-2.917955642285633,-0.44627896366453623,-1.2131033353945828,-7.062521698804296,-1.775883126715651,13.458854464674273,-27.912307641284645,25.807454606633502,-60.92780774003673,15.076820390780112,-32.10271620098587,31.87672951972902,-96.80159543819565,25.333640046735805,55.3661856806237,-328.7025008759073,144.83294102347654,-29.172697398082466,589.0324177666224,-28.210556130276565,-0.3161127704489388,0.0
-0.05171482823282782,-1.0619564785393114,0.7456440815943874,0.9609695183940244,0.013152281753488568,0.0005793240454953989,0.27634085218419147,-0.4179320757794461,0.03333132802582877,-0.047125748770076796,0.8901363960256917,-0.4446726407403127,0.05624900137991183,-0.42065563846738485,-0.0071314760062218055,0.10634516813481168,0.6758769835187562,-0.2530661196491983,0.042885658958074516,0.0656737655318923,-0.8149116565010213,-0.016891040161640683,-0.441306334110555,0.2298410650529429,0.28899764863371175,-2.018537313778892,-1.7134224796080864,0.7537096685217555,4.263960151233925,-2.6175316003389337,-2.2899650905983076,-1.3659631236880303,1.250742248267286,-1.1993315303827488,1.0950287833547832,-0.08606440084667093,-1.0801739367463536,0.34556698099875505,3.2221591135965015,6.609085284590936,-9.44569279905659,-14.9072208288175,3.807374225893974,69.43265848257771,-63.13165224943167,9.160022187575807,-99.83982137233154,47.41981663906155,49.499753772344356,22.51396255970924,7.211646234194355,-15.626716087221196,-8.703919270272392,46.73267380794318,1.3050135171503667,0.0
-0.05046089310961087,-1.0774547269359487,0.7458926311923791,0.9597680265984365,0.009369590954011828,0.00034862401610584925,0.2806375319624834,-0.4480584634983117,-0.012141291451685871,-0.02425569420032272,0.9679022397449861,-0.4952303747371802,0.04560029708242456,-0.442740559430634,0.013115811948392694,0.07946997217639226,0.6950339875100484,-0.24960889474786574,0.019581791127514635,0.06679964729758993,-0.7416142438780552,0.03690889425379585,-0.31176155206261064,-0.053301163063422224,0.5680464644134483,-0.9332183937281138,-2.69560209569006,1.4074991849873189,3.1611306921871747,-2.145068085037771,-0.12668556302802386,-0.7255246673557296,0.8143523486714707,-1.4192761404765923,0.5946840399721396,0.37694466735851423,-1.1581086119467705,0.801432850749744,3.549271136226181,2.5508138033151995,5.429248643558813,-16.493434965741216,12.562417325418508,70.13619294592496,-41.90699281235065,25.87884707182022,-100.32009353129173,48.136630580197966,15.788876818906093,48.70584726595094,-20.407862349041654,-6.001204505821353,-50.73982836340773,20.364729403643338,4.496713848285689,0.0
-0.048847101254226775,-1.0917977216850465,0.7472816578470632,0.9584714658846188,0.007062899288122656,-0.0019085528654486095,0.2850945842428384,-0.44521906727703797,-0.06495788278386516,0.0008391948872378961,0.9779478798157859,-0.5190474401589716,0.05958934352054219,-0.4482896161521439,0.029489884398034835,0.0545712443702287,0.6934621565433049,-0.2363082603870932,2.2737050518048833e-05,0.08806828966802902,-0.7053394985478478,0.08112887619288903,-0.29263718069947137,-0.18807699086655383,0.3980668890964261,0.7179526923909731,-2.5118081062335182,1.0911351330272474,-0.830253059789796,-0.9040058468548149,0.7307625341506644,-0.017322126059391173,0.8496508205711844,-1.16344311936944,-0.5175668317504862,0.8521523826278498,-0.9121097191147545,0.5085596205291146,0.6585047257792471,0.1444736290428401,-3.2841991039884095,-1.544441038053652,-6.476791689156501,41.14648087585342,21.428342106355743,-18.889562674230888,-86.42127210676121,14.942806445152966,-13.809261730845204,19.926166865669874,5.794108163613743,5.201256228066029,-39.00577069549536,16.856251732267136,2.837801074430147,0.0
-0.04658729110220464,-1.1058002267143947,0.749032030489268,0.957789388336114,0.004023914562357118,-0.005232422737635941,0.28739505468018045,-0.412330974994646,-0.10625836423448771,0.017195737143216674,0.911034753832845,-0.4677095068947688,0.0845151947923186,-0.4428599581572227,0.05013157485515609,0.03281194896467545,0.6735969148299791,-0.21707072918158127,-0.01578247566173001,0.12701434238318568,-0.7062133757802793,0.07066037645843279,-0.5025288527241417,-0.21120297954153935,0.15159160892687637,1.9612807977678892,-1.644525239167158,0.5481743385912216,-4.02922486220618,2.91215389505133,1.1452468191805947,0.34455233839022203,1.214753885557149,-1.0912830225503514,-1.2118344668142271,1.0302875671481067,-0.7549492778596323,1.018512824736412,-1.3972451731760218,-3.336311352042808,-15.145618258931421,6.2506132664784175,-7.122439089210812,3.3331076633944328,49.5236482269734,-30.553056145796674,14.284125441321743,-47.74208762538704,-23.888956809602227,-4.086668944633138,21.547892472805295,-4.026192728904366,-11.638685728476823,4.854985962638549,3.6002330248226704,0.0
-0.04334075615797815,-1.1203484642890376,0.7495549657393402,0.9577711655504736,-0.0019641523026172345,-0.009280685568929489,0.2873750257436961,-0.356057948490013,-0.11873974386710741,0.016484513773354127,0.7755531995939312,-0.3152358382746667,0.10566622011957313,-0.4410706561410239,0.07534294703733267,0.0032631687162809407,0.6625353486217731,-0.2269094387177127,-0.023546303614230484,0.18520180978200743,-0.7606269922102358,-0.029502444187779933,-0.9030607452309539,-0.15569679219008342,-0.0281087512399215,2.8384966481979306,0.3394767060769541,-0.5527659163389236,-6.663406028113589,5.521329541345238,1.925637657487096,-0.14398041829290248,1.3859149596749394,-1.8193905958222147,-0.2499753334154961,-0.904217837148614,-0.14737562024448284,2.048745144611862,-6.219603436473002,-5.56326028668057,-25.524692327552774,14.489690320340141,9.710506157257207,-69.57665676454073,167.8210764976803,-40.72076961269086,298.93882285188374,-1267.4609798552656,566.2321847536314,-27.679438245220467,17.64551696449554,-40.58240227001911,12.980459321589219,-11.419386667039863,20.66336676524115,0.0
-0.04002101135642774,-1.1360150791331238,0.7483607017031119,0.9574909622375909,-0.008506456812741868,-0.011679377905685037,0.28810117937551427,-0.3141544082317329,-0.09540340211537264,-0.0006728456661041007,0.6864994066860838,-0.33907165322500743,0.10921636033712202,-0.4727306235451851,0.09216190336601675,-0.026026263331021402,0.756545302233181,-0.29199584789981836,-0.028983409010373197,0.13217551897914248,-0.7799249367121824,-0.01750458735466724,-0.3565302653403909,0.05364471484047215,0.4549081701488391,0.363493918903636,0.9945593978850845,-1.1068377237927618,-1.4103106279613131,-1.6850263911998584,-0.5576865392953455,-1.7781759658101122,-0.05664351717911917,-0.9528177288220065,6.044947570431691,-3.1998797579472233,-0.13108190207662274,-3.4700115211350737,2.1418864237871595,9.260888681885259,45.155927215691115,4.672721506584208,46.78731406153484,-198.52197804402698,-50.24476874368792,-6.9664087125414405,325.8490842820389,168.35079192283538,-43.82177033385773,41.51912684079649,-117.85156200734139,57.965007144365046,-13.5369707698636,81.17610236954354,5.714862275762885,0.0
-0.03773269619143214,-1.1513715500762256,0.7489596639651277,0.9561576783001964,-0.009706306655918347,-0.011150642522848591,0.29247896507271715,-0.3286977836109861,-0.07789150600409825,-0.016816893015787197,0.6940723190384823,-0.35136491869224423,0.09332270362000643,-0.4991115051928504,0.08145562590120242,-0.03341698443148051,0.8604438327544438,-0.3570237048595184,-0.029951089442876846,0.11594362508851451,-0.7515818506133232,0.06678995320406195,0.0652531157809136,0.028034185815213733,0.3806393995546915,-0.9270384513955142,0.8124158019235979,-0.5806730438783739,0.7712771575207102,0.027919925335554582,-0.9007520472959659,-0.7237107630811217,-0.8162690406003059,0.06771751431227259,4.060312773146112,-2.806738882252296,-0.021805136735580807,1.0021904993660453,2.026928055471792,3.7314642153804973,14.339921083573438,-9.08355043848934,-13.687317533832992,15.3474488454855,-4.253800571277544,23.353759215458513,-14.903864764505325,55.10670778829552,-5.338164186776128,74.32631470978511,-24.166481106181152,44.05908418870072,-141.98466655874822,59.36506077261658,0.5473568413999087,0.0
-0.035212866482702505,-1.166276642838068,0.7505733670962387,0.9551955406420264,-0.008335305417540474,-0.010485592205391903,0.29567220731290533,-0.3451192031153814,-0.06322076280149265,-0.02768295982278019,0.7047234030029099,-0.3436898485912932,0.07597650460640117,-0.5027201988737665,0.06409334227741334,-0.027235341225748718,0.9174873979897397,-0.40561025836776216,-0.012963480230737002,0.13561802154047867,-0.7417383701877235,0.08846583799429697,0.20905927233460816,0.012388823420966906,0.274751104282138,-0.6680877483054661,0.7063747061893824,-0.4923244616944752,0.2313995697167346,0.6018782124138389,-0.862391077491265,0.23437193019019442,-0.8772597006139087,0.459573599160383,1.9016698752050678,-2.0375550623177316,0.8704137212737827,1.0775265135847234,0.19653847001618452,0.4523225860538537,5.065484327686082,-0.19694014491833411,-7.403128954765611,18.184618224334205,-0.6661828596277991,6.728979646622089,-35.60917589588758,18.473618918971617,-0.6269064700784239,41.18238144676898,1.0272892988718032,13.111677001691433,-96.48160551318885,42.7494212701006,-16.22713772092171,0.0
-0.03222459867740194,-1.1813144725846136,0.7523091569921172,0.9543257942136893,-0.006499025454159292,-0.009405156020601905,0.2985491319812962,-0.3566122725602026,-0.049397103408445206,-0.03945849504041406,0.7036186926038934,-0.3289464872652924,0.05869181260096626,-0.4923661020441608,0.04959480413848739,-0.01374938498846507,0.9448115602660866,-0.4377674333732605,0.0016419364169677547,0.15989130230555412,-0.7618703015718308,0.08300432002399101,0.2040656425097754,0.08161402750334083,0.3183962746505966,-0.5265462024100881,0.6975885967382714,-0.6454921039310514,-0.252705281877203,0.8189520378024365,-0.8728108982547674,0.7210314169223675,-0.6281365077254754,0.7491412669945133,0.948100598180283,-1.2988962789143699,0.5953087792320121,1.0629470259373712,-1.2487430242360704,-0.657076506190914,-0.9553655013430732,4.8713678851107165,1.8749003862218983,2.39926630352144,1.7802589686970203,-4.931258613985157,-18.198145409028275,6.925955157274273,-1.510359837015617,19.14740126552265,8.581579787561557,0.872763683976824,-42.26969620517943,30.25530795413997,-14.280615180492301,0.0
-0.028664720104898678,-1.1967363744385566,0.7539303713210845,0.9533412540954348,-0.004774272699821692,-0.008204100096928454,0.3017455091654741,-0.36428107256579473,-0.03522400690086306,-0.05333164120475481,0.6939812266373768,-0.31116867907703144,0.04162613434955865,-0.472236776254494,0.03929076664821398,0.00379228265690848,0.955833653978806,-0.4572790507216641,0.0065504559631429805,0.19038461667707637,-0.7807585142663631,0.07553484650370466,0.1999487204523944,0.06079526603654725,0.34503751064309834,-0.32306945203951554,0.7272811798266333,-0.7157155128796173,-0.6065793160714538,0.9198690135787536,-0.8298610435504181,1.1717001257298445,-0.464788629792836,0.8776564256122092,0.3218764163331455,-0.7757595842299232,0.13871960506141123,1.1715462079225836,-1.252191840684609,-0.9350675479554005,-0.43352814804114886,1.6236249985134688,0.996526182790107,2.0869372701914566,2.6566285085101633,-1.3621390931207786,-8.977996645838823,1.614927150121093,3.401199553118925,12.535298326141126,2.75390900982073,-7.502522202498616,-17.889381743987528,18.63847895166692,-5.427066156964023,0.0
-0.024450332289718983,-1.212543446278818,0.7554428790196515,0.9522806621280605,-0.0030589367268244226,-0.007467244778256573,0.3051170655641297,-0.36784265343991995,-0.020099359751021183,-0.06852372208066311,0.6784605776514993,-0.29203177265281893,0.0253584442890972,-0.44107756931302033,0.032235598498756235,0.023826646979695783,0.9441116694911202,-0.4666034049033957,0.008727228241761848,0.22181149645284318,-0.8005584201562911,0.0676084600194033,0.19130236822286603,0.010019106698970858,0.3492857637288294,-0.14832158941833357,0.7684510176044735,-0.7621896503389413,-0.8218061670536432,0.9459608108461691,-0.6921861983917555,1.6895231806520647,-0.33209744671552194,0.9851026541814348,-0.9083670859674818,-0.36807886803162443,0.07936581120999453,0.8244124398411643,-1.3364437855276274,-1.4596371175069143,1.2102578858502757,1.6700944121527002,-1.276854158811079,-3.05744553667948,0.6102792873667449,1.8265513309643082,1.27839521519471,-4.09941667664916,20.307055520199263,1.1365252263278647,-2.357086555629941,-10.30017075219416,-7.030405199769577,6.064277576571281,-2.979108272917392,0.0
-0.019615887909053886,-1.2287409927888782,0.7568158668347603,0.9511194022564072,-0.0011605861270374365,-0.007181531769276263,0.3087376901071563,-0.36810475734210074,-0.004880192723535124,-0.08509666582230181,0.6586828553902656,-0.27257957341704575,0.0129724773552136,-0.398377395509536,0.027208700660085596,0.04709008702405949,0.9000441550989905,-0.46198029590372036,0.013762386050284325,0.24953152114699045,-0.8207122795055953,0.056791552034719764,0.21743322421525452,-0.024277610448816003,0.38195679944404703,-0.02042167598088799,0.7381001228763625,-0.8263870549934806,-1.007074274885981,0.9483986435044057,-0.4460230998904475,2.1927687276284975,-0.2782609395022335,1.1674917914363967,-2.4812555058958607,0.271565062647185,0.2341537237188747,0.29408435693671153,-1.470847471188457,-2.1542057722393473,4.2913170591702015,3.895560650658527,-1.586241570642231,-8.28737286708626,-2.9560367053374272,3.789511322107686,4.861611935296402,-4.754547878443209,20.937163589250712,-14.74565482921221,-8.859137460721644,-10.108248276853214,20.545818347730982,-9.092800535676046,-5.809817321918488,0.0
-0.014224161636690226,-1.2452319904724116,0.7578250813563148,0.949714874627423,0.0015328284674326893,-0.00715828187370053,0.31303045594466294,-0.36618397049490786,0.008201323269165348,-0.10278003011997608,0.6367166774395102,-0.25420687964733407,0.008524807305642942,-0.3437387074689694,0.02187269596749538,0.07477249356053428,0.8193409603521198,-0.42867791694065677,0.020750403983680676,0.27449069934314474,-0.832523474543057,0.028279700064018067,0.32864821275239403,-0.07122586970981166,0.4674581197410374,0.04926582629619351,0.574136450240262,-0.8613491809369017,-1.0518869099279051,0.8803999332502465,-0.0747992181692508,2.734904472342848,-0.3583441105957862,1.3979706008262944,-4.134356603760792,1.6647272101376984,0.30584897451065196,-0.22461155593651924,-1.284767886300301,-3.4907516070872995,9.422016521373248,5.35733201811055,-1.2727458961216431,-14.092971071990826,-8.563864745495211,7.026032904537329,11.745754350526548,-4.489198038779578,9.960695144888165,-29.446554001948357,-16.301925348800005,-11.708472755299766,63.17997656494124,-36.214602221664165,-7.837366794508007,0.0
-0.008280094118415396,-1.2617622431428788,0.7576625669943075,0.947807642934513,0.00560395668956698,-0.007438017641521471,0.31870667322462615,-0.36576579098284057,0.01665954412156204,-0.12162643126149517,0.6214458572135111,-0.24153850602371782,0.011969645064612195,-0.2727628238069237,0.013543649671053185,0.1023236259324081,0.6870475087774576,-0.35104207520946035,0.026912065491454494,0.30162898592608706,-0.8362064824352644,-0.05223161601156201,0.44341339494808035,-0.1305780588871267,0.6021668577596977,-0.15108867783912056,0.35641628879184395,-0.909918464849522,-0.4875822935742486,0.48823254289821,0.21091536088082097,3.463709513080931,-0.2258688095177264,1.3242785541251005,-6.48483340376422,0.7366296711820881,0.5164705615033192,0.004754204443925325,-3.3649257615036863,-4.153916770604098,-0.22568527655675252,10.669442601127539,-8.691184901106155,-27.817422161506034,8.433874737113932,7.01274582582297,26.120626311918112,-9.11517616354025,-3.575868271095918,-66.48028838726955,84.59636144441015,-7.05634966091208,162.7869360016577,-852.9302897969676,54.404517291071016,0.0
-0.002530745385156328,-1.2791621143241578,0.7573162174607524,0.9463619720211864,0.006743846476718535,-0.006905843794328833,0.322964158643584,-0.3820841546056475,0.029700385234665633,-0.1367439889123701,0.6483280484244381,-0.2676511392922216,0.014159080193336272,-0.23611746036744435,0.02594658408294469,0.10275693774138756,0.606869691666005,-0.36501942683679284,0.016731385171989126,0.2782682305330257,-0.8876345420470377,0.05468943023291255,-0.17045188923436555,0.09084351283808739,0.2502696693030445,-0.8701609833208723,1.0093399959162126,-0.41008687015808293,1.7522039501334636,-1.5654570265714447,0.1287761582377158,0.14001508701547136,1.2717338515128083,-0.633207619336915,-1.3015743100984014,0.22017471004120356,-1.0765661620683342,0.493459946990807,0.2851422735982303,7.70142992728918,-25.601531111960078,-2.711854679405996,-10.815137804584834,26.404744637839897,16.596637038566104,21.654728277881976,-4.3947402254427645,21.450619896093418,-0.922631951227016,-92.35063885424177,46.44749328342129,-39.229449359420855,157.24075092981954,102.5129415551285,-35.97774033868469,0.0
0.002282007125699714,-1.296735917172759,0.7583521761414151,0.9457499387742432,0.004824804915211131,-0.0052575745954077146,0.3248170754061714,-0.4120759760937008,0.04411593070734196,-0.13728469904464996,0.7263842611144421,-0.3392996320220323,0.010608347829401277,-0.25339470815559567,0.051683716464186215,0.08725610326464003,0.6099598595043604,-0.35330146606528706,-0.009671552232870733,0.22445597031008727,-0.8548932452321277,0.05869741495506826,-0.026421699227500553,0.22519711840332654,0.17109434889437491,-1.4391473623103388,0.3880089094652024,0.17874481379424195,4.188417212032737,-3.391392769587205,-0.20462341377161014,-1.123330113829831,1.162148654963635,-0.78261798868068,0.5701539398924723,0.7790445018234405,-1.350391591341984,-0.9655962215053024,3.5717881713338997,1.2709103762267075,14.949621626164971,-4.930222900459059,-1.5920393468073784,40.259813119939714,-43.194459545348764,15.686102318301598,-50.88717711753798,74.2259971417339,2.8721464720534153,2.994418413938319,-21.696864488185412,5.0199608457515374,2.892358765748523,14.246313482272711,5.60111363932787,0.0
0.006352515813529588,-1.3134706292858485,0.7590854279787892,0.9450507455545623,0.005043280302459243,-0.002097809500095388,0.3268780397118427,-0.441799358892018,0.047525643933814386,-0.1243492817762975,0.8120588641259614,-0.4023544177868562,0.009064898541159144,-0.279713638420926,0.07004511085682999,0.07110256663461632,0.6252591364138208,-0.33857686901017947,-0.03617813592552693,0.19293939818653322,-0.8161977437667367,0.027754009370393695,0.2634649423071362,0.3028115636452264,0.25231054022495414,-1.2410396919743079,-0.08238245458365046,0.8431218696162441,3.6729594314167597,-2.621012005612527,-0.04117383233262636,-1.313278823943986,0.6976136987351466,-0.787395410981403,0.7439933805272974,0.6971710902312616,-1.2495148949101058,-0.7886951548503138,2.553859268942799,-0.4290062395107308,15.913312013834839,-1.430832317398521,4.143636660224417,42.48756995526035,-33.13210276981922,9.073466508266158,-102.91217580729801,62.144570848256244,0.41053735833519844,9.171672838393846,-25.00158229887021,4.755673506568972,-11.693021020664231,-4.83445790662501,11.002447954475329,0.0
0.010302811369600503,-1.3293661384884314,0.7596167372980006,0.9442968685940294,0.00729243906033946,0.001086569832269128,0.32901225457733346,-0.4582284635768886,0.04310158529415115,-0.10780741819733122,0.8750944161072267,-0.4516265109912315,0.005325959340154886,-0.30093677052721624,0.08249915324186353,0.057277248789314374,0.634123381463389,-0.3241112569984692,-0.05945140701589912,0.20191456873063035,-0.7768054987950037,0.028476819983449985,0.36919695951897796,0.16233690485692814,0.19764231735441543,-0.39936885935828453,-0.36038932298449944,0.763526483830287,2.462490093853446,-2.084944200089852,-0.19126026272498634,-0.855640277370664,0.5517116867881616,-0.6162495801698892,0.21587488448149053,0.7369751649955053,-1.0980593070681468,0.48749914431526514,1.938558799891623,0.3070122673419679,5.957750235701827,-7.2307633484597025,-3.154234235140869,49.20379229156881,-16.66034758464935,-10.116276690386938,-86.82391142334156,45.96533180247899,2.6851806657715573,21.40441814606172,-7.942683540488165,8.077852299778522,-22.43295423711709,0.8366834336497031,6.739043361140949,0.0
0.014468763383722072,-1.3446123868842241,0.7602247889218313,0.9436712659332166,0.010511162518688253,0.0031655770175869694,0.33070233811790717,-0.4597833153556614,0.03374698487129185,-0.0947351882775945,0.9182749460200111,-0.48902447520195313,-0.002010992325215196,-0.3134730502431535,0.09317539762086402,0.04582051869657125,0.6330635328454917,-0.30849222144157834,-0.07978572327179466,0.21296443374161567,-0.7513121671357967,0.03223328789365324,0.3822751253232527,0.040167237820792956,0.15747054033873506,0.2151245164155176,-0.5518425165044945,0.5698391227194308,1.736021771155642,-1.5582890585532678,-0.3479167298241993,-0.46615804947237616,0.5173177612447877,-0.5318720499927879,-0.2358113494511072,0.8082729213063276,-0.9713778935144461,0.4478170659240853,1.1128178236466695,0.12633267536448542,1.4580134850298763,-5.007201521563658,-2.8288276174514286,32.759674612197415,-8.784268868135038,-8.853272803607268,-54.667584532512535,35.82514180395662,6.297152464147023,15.273271950928622,-1.7496044434139832,4.968416612058973,-17.054749627443496,2.125629636892499,3.8919070987039412,0.0
0.01879972190797588,-1.3594789414942392,0.7608102069344916,0.9431270188645832,0.014021122917829889,0.004361412321684002,0.3321081337189541,-0.4519547888182634,0.021603450154014478,-0.08366259972818708,0.9511857684113681,-0.5178882956751968,-0.008775311391854487,-0.32008902061800387,0.10354774215187948,0.035480342930294013,0.6251117396557778,-0.2918998891536218,-0.0979596233602372,0.21877568083833446,-0.7376425018620222,0.026620277983218144,0.36928790160645564,-0.028166785332086552,0.13881875663390675,0.5609789783482487,-0.6523966260965667,0.5353223485946635,1.4030151858268365,-1.208760685064545,-0.2923420190154868,-0.24507669687098443,0.5178844042502199,-0.4947806338881774,-0.5000501721870053,0.8430051958658629,-0.8761243631135558,0.1637788447954971,0.5237981573949149,-0.3847032056089659,0.2767236796123995,-2.110937984110475,-1.6948080466059434,19.06544871429717,-4.834797461846753,-2.574553927728001,-35.55350469434314,28.286326340283313,5.726125824882909,6.902423428390417,-0.10387055132771997,2.987601357851881,-8.461364911555187,1.187954532199844,2.4104292588149248,0.0
0.02322268317844637,-1.3741458137786846,0.7612178685734667,0.9426412152882659,0.017574038679474383,0.004977962392895618,0.33330753411041747,-0.43823721377190095,0.008281404355722383,-0.07163798705826559,0.9778574892905987,-0.5406541802736959,-0.013170585971107457,-0.32339229969310246,0.11415859300864714,0.025793448576583472,0.6133613962085546,-0.27473428990933785,-0.11482137828214015,0.22199923178898506,-0.7308538064083564,0.014490511089391176,0.3514523510088787,-0.07211200161003674,0.12073928146206202,0.7957764563334827,-0.6913838145690704,0.6214304759042055,1.1508150293539219,-0.956583089002706,-0.1814324335463749,-0.12737338838156353,0.5375889821671425,-0.4699018401733414,-0.6321739233379067,0.8688984368429693,-0.8420328977385013,-0.0106247475777616,0.1643998694188395,-0.7727081481726896,-0.05054994479943564,-0.5877671682794874,-1.1087859043325223,11.531494760520085,-3.6779665335482346,-0.3553862280798673,-26.87486692688591,22.50764610194996,3.406197363354549,1.6133381326232425,0.5990795407010686,1.9164683434324672,-2.5178713410518965,0.9249067923647627,-1.1398696924405596,0.0
0.027686835349236962,-1.3887274315604956,0.7613415758384101,0.9422023965076929,0.021081971860353377,0.005209864341293562,0.3343397251168106,-0.42059288969648195,-0.00581001607206741,-0.05755811545477041,0.9993783597625765,-0.5592237827188505,-0.014870389454576603,-0.325057158951813,0.1252261733162449,0.016542234206856417,0.5998340978595177,-0.2570405491377264,-0.13126402608874005,0.22287494757697668,-0.7289086259898946,-0.0016987906952280907,0.333271954767024,-0.09814333722161302,0.10772518233555739,0.9455658240827041,-0.7354801098833124,0.721938916651307,0.9281799235989169,-0.7868927971143646,-0.06122566098486507,-0.07897680611992716,0.5621013073415869,-0.456063858023285,-0.6819317217320703,0.8962374605786607,-0.8185313529766118,-0.14809034177538,-0.10554867902590583,-1.0044484434689334,-0.2981019143917451,0.4860818050851173,-0.5206098316663925,5.570320273726983,-4.636496493544875,-1.6009902469409192,-20.86634478351663,18.33053303347308,0.8418981117071689,-2.119047420607792,0.7162101745519125,0.6323658085815747,1.6563715771458822,0.9617482113432774,-0.17953045081280977,0.0
0.03214813500779556,-1.4033092966215057,0.7611195228871782,0.9417931220129825,0.024488421590680855,0.0052007274954514356,0.335259578491882,-0.4006508654081358,-0.021071117355458066,-0.0414833475364269,1.0162767873087561,-0.5747136186743964,-0.0148984833028013,-0.3262179993945569,0.1367778441293852,0.007490224949918238,0.5858203914150176,-0.2388244305659281,-0.14680883695410293,0.22188076357553688,-0.7306846058903407,-0.02030833724530706,0.31451768061019714,-0.11198115659197541,0.10019261143946966,1.0207510291869868,-0.8076046684636429,0.8130435467758261,0.7250730068925482,-0.6597444348821319,0.007227196204220267,-0.07101060363553427,0.5870227541976909,-0.45224241918381536,-0.6901684601089657,0.918596252757757,-0.7674775961038733,-0.23865326574876625,-0.31036482249682396,-1.1709154272014362,-0.5338221652183598,1.1191127066187252,-0.01055983537091143,0.5904074475688434,-6.17196170688253,-3.015977065806699,-15.818881142607832,15.210025672122516,0.12446763129120958,-3.8457757399946564,0.8773938685097146,-0.19864281931185096,3.066490921600378,0.3981284114559398,0.013257434741073437,0.0
0.03657187620575571,-1.4179614105487797,0.7605165237859449,0.941402663109157,0.027739322634505528,0.005051779299556242,0.3361042031821,-0.37983165251987816,-0.03806032422829109,-0.023468686731890762,1.0287331643922535,-0.5873298490208179,-0.011165218755136073,-0.3275340450786618,0.1488264329636235,-0.0015297489483155568,0.5718818605526026,-0.22028399963894293,-0.16036609080131534,0.21938193336117728,-0.7358901536403887,-0.03995825758133516,0.292127649290775,-0.1155111016500294,0.09381091531604116,1.0298067809130305,-0.9047200286531043,0.9050358672060144,0.5222336525487172,-0.5343542914294995,0.1829798920603497,-0.09236461740407079,0.6139758348578146,-0.4560437925345302,-0.6763324814898246,0.9264655017940608,-0.6265581043985105,-0.2939430473934167,-0.5249663673908684,-1.2327124848877766,-1.1119987001135825,1.6094698358710517,0.11325320659179447,-3.74332187112203,-7.054210779680594,-4.038295064422956,-11.698724422879176,12.344293542173572,-4.293571494387011,-5.609143218825838,1.3468207350389987,-0.8487804100825993,4.72876495382865,-1.21589281080371,7.535882042242637,0.0
0.040940032156408936,-1.4327903955893362,0.7595857976848706,0.9410483240292713,0.03063416714324447,0.004838742680032935,0.3368474227516311,-0.3593930439852755,-0.05687743465114799,-0.0036390035705988234,1.0360495986886429,-0.5965190127151505,-0.0027585814848098394,-0.33025178568236013,0.16153903421479782,-0.010584475305819453,0.5596627221047483,-0.20296780193155842,-0.1629660501581639,0.21721829865970152,-0.74789103574648,-0.05424109313622579,0.2420148610332793,-0.10557174151619989,0.08458813695890802,0.9801881246891824,-0.9899218343185974,0.9835850887045613,0.2703328563401381,-0.37998239621997587,0.39267455298095655,-0.17734934669133284,0.6593478558545666,-0.4643645524382748,-0.5756126270652827,0.8472243040108776,0.09032475897893635,-0.16743613181998368,-0.877912879672724,-1.040063839300743,-2.8850511362312554,1.8201087717620918,0.6057782366781104,-7.488962257442112,-6.283153655904665,-5.987095875975134,-8.05987697834517,8.84238970963021,-8.631423666152967,-5.504636908537455,3.0409062714910426,-2.1557246797278684,3.3500629871587253,-0.7241498709279737,16.002287958558952,0.0
0.04526078557648484,-1.4479298339583886,0.7584611913512589,0.9407355254781865,0.03289616175296236,0.004613140940622383,0.3375103443983087,-0.34046155290073393,-0.07775318127293329,0.017081540800120705,1.0367396681074383,-0.6008927690015188,0.011571632420836062,-0.3352687800417277,0.1751417951459082,-0.019889324969791743,0.5499979048857054,-0.18748197153196322,-0.1454691477912773,0.21549841131033112,-0.7660799533737542,-0.06176339926326451,0.17280030025360538,-0.08209254807198568,0.08047108195364673,0.8746661329767754,-1.102178376975622,1.0026527916762438,-0.05884179376448649,-0.15782618659049305,0.6616558849297983,-0.2835618572389148,0.7093887912672908,-0.4891343421902633,-0.4840229474968837,0.7839617201054792,1.113764152448778,-0.053871199414912765,-1.1560633767047763,-0.9040489905965605,-3.9075806303916396,1.9243159281658768,1.3518424112668346,-11.348668998833096,-6.816766466919686,-8.17422523596467,-3.648545051701273,4.02582763011431,-14.024915160365389,-2.9558964872177755,3.9540064667315318,-3.7314364368910673,-3.119820558208858,3.728276726198502,8.953609743921596,0.0
0.04958529396056603,-1.4634953453577229,0.7573091551692689,0.9404829043669093,0.034299572991016415,0.004385170955572959,0.338077234018954,-0.322790228008479,-0.1009068873326735,0.03700796545679108,1.0252327657719806,-0.5989433517543432,0.03346309480228924,-0.3424396688846889,0.18977665819808967,-0.029639375946464454,0.5418431883722782,-0.17314755183993183,-0.10149545862775078,0.21746518783212196,-0.790387604395093,-0.061470169257875955,0.07939974086886606,-0.05040174009826573,0.07161946800158467,0.803987859345441,-1.2049259063183035,0.9261698179190667,-0.7295495218108465,0.12384164505811439,1.0053423007591766,-0.36992128108606054,0.7710928494871644,-0.52173257560921,-0.46877102387687936,0.7629124753764824,2.4482618249150607,0.1383633218191946,-1.515051313990826,-0.9462765206537167,-5.369649795738177,2.2576657913452487,2.0403148540441047,-15.009917179734282,-4.5954726774285675,-10.808349265659096,0.7464137067873793,-2.999953895224893,-20.840486537535742,0.14394566875364256,5.4781790089735285,-5.37219458177577,-11.341978728312311,8.724138501406834,-0.13962158542094016,0.0
0.054108476834894184,-1.4796268720940335,0.7563279724721584,0.9402953780721234,0.0343796559847275,0.003958018009905446,0.3385955925938903,-0.30387643464815256,-0.12505019135684559,0.05249867502320175,0.9906597610989513,-0.5833089519294501,0.06450545000792512,-0.3501155224991234,0.20602768039845795,-0.04034584085846402,0.5318756444342796,-0.15892058132676606,-0.02284167365698339,0.2328077304397569,-0.8233486393436413,-0.05247358685029298,-0.08520739213042083,-0.022528031235596553,0.07847950578328206,0.8841319877490861,-1.1877406880288892,0.6227732233058627,-1.9591709859150597,0.7863972068556689,1.4192728571660107,-0.3478337168791997,0.8788989517387791,-0.5986421417284923,-0.6675759200269951,0.8072663919844979,4.212768597673255,0.6237850673475438,-2.1032801006715687,-1.318042242891999,-8.919871028759225,2.984055077872304,4.108887723841635,-19.118534013462014,4.253843054660705,-16.19819658945007,12.962693934051348,-16.780551111072374,-28.9425501676727,4.264077927071185,8.754843424489756,-9.27925939027045,-22.82343344415432,15.110497293650182,-9.745481496456943,0.0
0.05933377299939225,-1.496424559556121,0.7556873550995861,0.9398959919288208,0.032413497328153504,0.002647108716223734,0.3399086382581948,-0.27762001436625056,-0.14700576205643517,0.05627612623637873,0.917773219437963,-0.5432733275403447,0.10523663826356458,-0.35273974899451943,0.2245777472582945,-0.054566897261622206,0.5114467965172251,-0.143186088946263,0.09238782150010819,0.27941689918716356,-0.8606225807623387,-0.0386723747470193,-0.3546990716694478,-0.03736595819169891,0.23092534970754267,1.3098648225249134,-0.9474053227609891,-0.07836455427907973,-3.9194122570290078,1.9362877188522254,1.8501790386008423,-0.003488276421005545,1.0138747095871063,-0.8580396921114777,-1.3573669727074948,0.928384880571026,5.984393544247281,1.527829572998596,-2.715481133248162,-2.3287921456534035,-13.573782846160464,4.450044311083479,11.925979889230383,-24.55589992034618,21.05551523725922,-20.61722323284179,41.04841978788937,-41.51481636224804,-37.43660510656136,7.664623018897325,10.919175050848839,-18.55365228074122,-33.948079684854385,20.168278420537025,-21.032627759065655,0.0
0.06576537066424072,-1.513853450078479,0.7549863183841806,0.9385906529309319,0.02811993303045277,2.3904440309410128e-05,0.3438849444590843,-0.23894354296508724,-0.15654459843833055,0.04337821674246559,0.8012442423634127,-0.4545476845415108,0.15471945398009868,-0.34810838785967624,0.23341475389429414,-0.09709705712840626,0.4817075341406983,-0.1469950681165995,0.2131700650052391,0.33650527165376753,-0.888509486866712,-0.03485832452560694,-0.49607596480595206,-0.03685682661697978,0.6613069203557504,1.782840458028111,0.42890701737348336,-0.42656508527356984,-5.515503530153221,4.321499712211344,2.110850295811695,0.3980826271230845,-0.47564787122750274,-3.5512165963289073,-1.9331872518112672,0.26105179824601055,6.658307445482146,-0.4019509217227941,-1.6551740367430823,0.6793637698265914,15.498520038905264,12.074157846211723,29.076125761938307,-57.67385745638855,119.71225403554601,64.77142753487018,141.95363489484967,-85.4831788669253,-54.312362164077705,10.801801611828424,-147.0860728820062,-195.79461313050203,-47.74591951412076,79.2175652097821,46.85834620852191,0.0
0.07252369410645834,-1.5321928658552462,0.7533893742819463,0.9367030094131505,0.023826886200346994,-0.0007980060592096143,0.349312345668847,-0.20049959638695158,-0.1237388592596409,0.03063225353076038,0.6810243221276072,-0.31788280818232567,0.1845879322302236,-0.3651094606646512,0.21201271149612697,-0.1836280732668608,0.4977876595212003,-0.2036641522950681,0.27289996994783444,0.3408355979723156,-0.936022317333141,-0.11926709369112126,-0.43968966387869496,0.16221494545679083,0.5496955545366159,1.623089342657947,1.5509302785069456,-1.7943661311482575,-4.39121391653993,0.04144974660307521,-0.915656352040332,-1.6112509537565174,-0.4337351689992068,-2.10299323147777,2.2685399268594026,-4.1053581707550935,0.9421471174090077,0.26282404498247464,-0.7573277764621484,-3.4677884686911256,2.073727527874655,4.624053519898221,11.969254714191008,-43.650419371589294,-65.54318864477504,-154.04462388747027,192.01192239774008,-736.271476558683,-150.2184590241848,-46.34440583041107,128.2021129195009,539.9697001026381,73.46443204524718,-88.05328091999097,-179.4057498705393,0.0
0.0783912972592831,-1.5514098263053828,0.7500381457594734,0.934599308823292,0.020044387955806306,0.001809128697431156,0.3551324844503215,-0.19430172144170368,-0.09342146406018947,0.007977329309255588,0.6411529496982296,-0.3784723119187836,0.1577561675656976,-0.43503283581346935,0.21378286713946568,-0.13459847933049995,0.6376818352237972,-0.2739445640373173,0.22189436226407755,0.28611711185175304,-0.9657357138631912,-0.17361773309313785,-0.1717595392566591,0.423045335918998,0.8932925773634164,-0.32249003082945915,1.4555750583244242,-0.9205208523620337,-0.8468924839872318,-3.7553731673449,-1.3895802845664282,-3.60415704639077,-0.21965474874134036,3.632756135589726,7.682680196897434,-2.4764942051759005,-2.8053521748429064,1.1098782784010655,0.2505642259245752,1.3227761284608763,4.657476642026421,-5.250779712186219,43.45775166055832,-42.653874328534314,-6.149684442165377,6.154079311120203,78.39673365775772,15.538670925696074,8.414762584370418,70.83008818632112,-77.06887659868856,-9.022945167399735,-102.4962449488987,103.0206475385503,42.75753124585181,0.0
0.08389844098641085,-1.5703619938073872,0.7476714982392672,0.9312540907857082,0.019685631323075835,0.005539812315323628,0.3637961033241099,-0.22295702948406468,-0.07121554551342878,-0.008739207848771852,0.6621503729811206,-0.41856431373478004,0.1285415451948903,-0.5046886982443023,0.19150323978672035,-0.06270458176001335,0.810806691704101,-0.34854640590832503,0.17483897306178336,0.2960748864450582,-0.9255319437472017,-0.06427484465604706,0.2095643812172694,0.221287021936368,0.9286689893635843,-1.5718107507512482,0.9894021056888492,-0.7628782015160169,1.5144044249770343,-0.9695013328193848,-1.1229482337425016,-2.6544158628813945,-1.7997627944924377,3.205990258288797,7.618766839955291,-3.328214149776339,-1.9688096418543375,3.865382867588944,2.6530885032680853,6.332123735334199,3.864489216485864,-23.434371984938796,-1.8509786662589165,27.3865677462497,-3.7098572337868507,6.509840884982939,-9.457965736056263,86.0153764521296,60.4763020007116,125.1318999069807,-70.4687987253124,-54.62047662136505,-203.62196187676562,76.75837354254018,39.4698586902322,0.0
0.09045735529341092,-1.5888063583297454,0.7468994762821584,0.9281966301813859,0.020833551809847337,0.007040567897880792,0.3714396441450222,-0.25384066947833295,-0.0501554756039925,-0.021612263792265732,0.6955870607723655,-0.43011317599595983,0.13104020540743103,-0.5440972591607233,0.15143909535648056,0.0014492656730876758,0.9367317744774313,-0.40741124685432817,0.15167468085561112,0.362803956488504,-0.9200127427042222,-0.01307202596858213,0.07889497626063276,-0.0012077573840440746,0.7163017058413753,-1.321385126045213,1.220837595512012,-0.5343021227961878,1.4994661744248772,-0.24660805195845342,0.4858607570185458,-1.256965014075031,-2.2039343901079493,2.95170112382476,4.753971995355414,-2.4472830282944296,-0.8826175813379432,4.2875784487149895,0.11893879160140827,2.9848644150928445,-11.904337532380763,-13.991185537808006,-13.151757277073695,33.2691383265474,25.734041725346355,15.295504208749616,-31.347204168734194,34.148279811019016,12.633938214024642,82.4064149523864,-23.46369842129601,-42.261190817753175,-186.40711370217562,53.637143870210295,18.285417241940554,0.0
0.09829584591272676,-1.6075437511017248,0.7465956547085273,0.9257376544989734,0.020424094244737307,0.00701043056223007,0.37754934151757275,-0.280430227301315,-0.024442336106026332,-0.03606039675872657,0.7238171039106269,-0.43418145853189266,0.15475409234010035,-0.5613265251946618,0.10702369803049132,0.055503194071060406,1.0063081784664925,-0.44310541571767614,0.14643129847403472,0.42050013550009496,-0.9514230416023965,-0.014559499915183878,-0.15041675760121131,0.03335856864458518,0.5878093949195488,-1.252469607970474,1.4378322996990618,-0.8046353982690136,1.2251848371842557,-0.10182776253329856,1.2287111496850072,-0.5113744129682869,-2.226831884002702,2.378404917538954,2.382138873330646,-1.4109015735157935,-0.09362384432669596,3.430857804486214,-1.6733601937641862,0.1539088767583241,-13.207099711997875,-0.28512752381121564,-9.965472716547849,13.066462696296101,21.319539248626384,-6.4463219939478265,-26.03263267454387,11.626684371308974,-13.388671778606453,37.6257222274289,1.0698167500110682,-42.68962344452996,-117.53497263494894,31.796008923811097,4.8864975392954255,0.0
0.10725952163103834,-1.6269479182629953,0.7459686250736672,0.9233997063497729,0.017996281181931997,0.0068062652997009305,0.38335726278426474,-0.30676853335784704,0.004102199137077835,-0.05724078130907505,0.7471606956647147,-0.43642695666180975,0.18654606872031831,-0.5623644994368637,0.06478221491211404,0.09860883944519454,1.024375322524376,-0.4484037373194086,0.14771299290669282,0.4722731454931223,-0.9859498365254111,-0.04741408545091189,-0.29015107954568176,0.12295755809272187,0.6247965986938838,-1.3238709735100787,1.4859098000171962,-1.1775480133370455,1.0482448233264126,-0.06952213888454795,1.505569183409202,0.22834330692062194,-2.0069441238747,1.899415746715893,0.08063720014682249,-0.01433489713155437,0.06510904244756417,2.7577503818048372,-1.784220853178165,-1.934766216108593,-5.764366377975566,3.606947470411575,-2.442818572303328,1.8470146491756363,10.22279136583623,-6.7451987070230714,-16.656578180097245,5.703042884349634,-22.854364096080456,23.381388342965995,13.252604751407723,-32.77306267007337,-62.85212578892232,3.260125963533315,-2.9248815928092804,0.0
0.11721160371723373,-1.6465708122763423,0.7443892169489027,0.9200564067883138,0.014969986504759364,0.006064331657495016,0.3914528473690954,-0.3393432773198453,0.035954854896238536,-0.07437414996281373,0.7799974058307144,-0.43094861675707974,0.19933566307764353,-0.5240471583011503,0.02592239619464274,0.1371415206335409,0.9230352616029841,-0.3756704551680234,0.1374510566176416,0.5099015696020169,-0.9726070459856078,-0.1307731512682731,-0.21739039108477914,0.028904417732209472,1.02907591494697,-1.773506731947811,1.5005206300656413,-0.6813784375318558,1.9093290602143667,0.32741102964595453,0.442058469798106,2.6816938462975837,-1.961928134626072,1.8931038297608804,-6.992363658488931,3.771153931030048,-0.5792718246668462,0.7907814726657076,1.101058553563278,-7.487257970761753,16.87404263722872,-2.5241876287901275,12.935172244259324,-7.982144445273374,-20.8333864221176,13.53734118053933,12.053446931701085,-9.328530588392605,-6.45284953583953,38.34072829856278,-5.911852492031046,-8.7342681382231,-53.8210512381957,-80.09800628069483,5.151906407841006,0.0
0.12719911621052135,-1.6656731520386097,0.7410091173999729,0.9153611117067797,0.013469259508746298,0.005169646086316148,0.40237530861442866,-0.38944958462843804,0.04629404239819083,-0.08158303618667072,0.8655657251477412,-0.45852039464133854,0.13595301824004422,-0.45220964094113253,-0.0052574584811359,0.14645213511454588,0.7352771842439108,-0.28026212082997154,0.09374238208855146,0.4681932449242093,-0.9851703177239902,-0.13420755943881918,-0.281338057089461,0.1541603263438112,0.8796964018554059,-2.7901100601257007,0.09921297005504207,0.14465854380421272,4.590026858227458,-1.0043734019421544,-3.349652703159471,1.60836240628385,0.0829188372719396,-0.794230897692179,-4.810605225026137,0.2897312580608409,-2.309072979926802,-6.7876831094322165,-5.266953836469269,12.421095580938697,-23.921608869331592,30.17130210895202,-66.33086906106024,-6.2372509273744265,-28.18692177564783,54.373952774814086,-79.7810496498217,54.631636280781365,56.64197769380585,-404.54546693870344,200.9659755362741,-107.55086564656492,727.6617616953628,-12.812506648850999,46.61003597341779,0.0
0.13567449104488305,-1.6856864874180906,0.7400552290022182,0.9138235115539547,0.007818284963433474,0.005489477515690689,0.40599917461496665,-0.4419270929803834,0.03805168501518478,-0.07629332221585007,0.9615571023543672,-0.49816606129025665,0.07069736928995185,-0.46242702047381035,0.020499671082709905,0.12159800804507198,0.7143974592511213,-0.26912471785594066,0.05580572224603633,0.40237574468643794,-0.9843893651040487,0.026030229454372396,-0.6090159367005368,0.2129657719244906,0.1232359221554229,-2.0600781241587676,-1.0031969601324606,0.3114379719427804,4.168434827408448,-1.8954338422319321,-2.781925047025558,-1.0583194393855393,1.7730588734319974,-1.3384897678098207,0.032045546179642406,0.9547273754670303,-1.7128263325147357,-1.4522252198312116,3.395669764989158,7.92001240290672,-6.9025011177710285,-13.542191996161048,-21.203864224328694,85.01691495785794,-73.70081076521302,6.011308346546662,-110.0558502528456,35.8509218248597,59.63937127400426,7.278352976743937,25.031061194423785,0.8297676654686645,6.645417216957232,50.04610727424939,12.922003509938367,0.0
0.14317720965191108,-1.7046144359067148,0.7411933962808887,0.9121876205214379,0.003072820749631427,0.004463282010718982,0.40973696666736137,-0.47643861388704467,0.0007546365165853044,-0.05841739683451463,1.0447818309536845,-0.5399812124848864,0.04961701274913927,-0.48113168779318766,0.04752916203905421,0.08864272282989116,0.7162974626380414,-0.24759477012739062,0.023024263961672144,0.36006849487907905,-0.9112246299324296,0.08321102004703519,-0.3611388549912069,-0.02298578719982379,0.6239282435124894,-1.2352529454919918,-2.5437127403136186,1.3246184799569154,3.578826423139227,-1.8191033284360432,-0.6043660246378678,-0.6279894167927177,1.00667029405802,-1.7907414667017247,-0.15616408734453588,1.1769716190969073,-1.5381453530386024,-1.2012826468628501,3.979613177687708,2.759425381202144,12.409455668213585,-15.481162566411646,22.54213327272278,65.69033768376121,-70.83940794483922,44.80380484208867,-95.74883414527713,40.68846329017398,17.518748433759264,43.69371194465266,-36.17384709496534,-9.42052819405665,-41.60084269928907,9.576402528968941,12.14096588704674,0.0
0.1503821306148578,-1.7222240745078605,0.7436561077128788,0.9097800690520502,0.001059271152156241,0.0020316991006727775,0.4150842999910214,-0.480800678392525,-0.05083793107700891,-0.029277094922072533,1.070687298635061,-0.5740934576448516,0.058529422713929975,-0.48380534054236135,0.06586537849227679,0.056683691521491476,0.699218134533675,-0.21929630996051644,-0.0023064366295658624,0.35901081237026095,-0.8622560615618889,0.14131852203105574,-0.2410880626180558,-0.20064489401032612,0.5639379801055048,0.3863987621496991,-2.570841400723907,1.4736048561120145,0.01725615092348562,-1.517132302972498,0.5464754064612474,0.1753793760874834,0.8574949368921989,-1.492247329128477,-1.3154211845161279,1.5603353504780058,-1.1335908854794154,-0.23207993305489022,1.4570228842875734,0.8319244414023471,3.46071326243792,-4.740693500729682,-2.09508030704814,49.627047136622686,5.05022448969464,-3.182413493596314,-96.62927552095778,24.35161505632423,-9.714039382144215,25.82686045800516,-4.923507149811854,8.61604416691584,-41.0069625586827,11.786054487623797,11.237165597305268,0.0
0.15774841999850425,-1.7391066587723165,0.746730471593818,0.9079515279234663,0.0001612901438989998,-0.0012896505381311157,0.41907318421538314,-0.4554498724921403,-0.09737144207242608,-0.002702520658048155,1.0261198394514288,-0.5583676397146409,0.07676505060297048,-0.47479299632478544,0.08391700038289832,0.030889773559556293,0.6653049975087558,-0.18803344080058082,-0.014572654800910976,0.37396767495848315,-0.8395502586842936,0.14372978161678648,-0.23959359942840203,-0.2712483367774844,0.3594206309050147,1.6371476084651668,-2.0810491866975918,1.1395543210405774,-3.0039115623169566,1.1324548809519523,0.8305281886220335,0.5264170945883428,0.9730573493312866,-1.1859734003611269,-1.8417521305869466,1.5578354106178927,-0.24463010521556786,0.4665567108876006,-0.26548885736342304,-2.5543078487357658,-4.357871084084923,2.6787638300686734,-6.775552221991092,14.918039398639857,30.407103853538416,-24.16441448055989,-12.966638341143188,-15.481505554475456,-18.148680211969126,-2.338049128245388,9.621185500179338,6.832262940735696,-5.100762922706216,-1.1190786578548777,32.5767282159002,0.0
0.1657524380398567,-1.7558102033644363,0.7496313278055682,0.9068419585257262,-0.002024794866468975,-0.005499282862667092,0.42143008951778527,-0.4086930026805445,-0.1283374745397978,0.013622779721949004,0.9307982112609108,-0.48756302593419804,0.10574489559741944,-0.46090972361046756,0.10513658778773484,0.004799507656022743,0.6235694937707167,-0.1642011338827774,-0.006268127009939241,0.417789311478967,-0.8438102803463291,0.12380256548805682,-0.5188215423631862,-0.24721796651479294,0.2110043819054022,2.472000416791741,-1.091396388845025,0.5068778097754555,-4.904889762903117,3.5310317149150237,1.3338380653395412,0.6534485587997565,1.1780946851691014,-1.4527709929870023,-2.1047393761300195,0.8595047437466047,0.6960891655314088,1.6139540773544776,-1.8770082837109934,-3.75470355689077,-17.701125059981113,9.396322250331005,-3.1877748537762236,-16.697335976969438,51.520407499471396,-35.16439970188175,69.0503599816466,-67.35285499271946,-27.79203453384084,-18.042345042751847,18.505191913262884,-14.990409199704487,13.315484039263692,-47.69538722460694,18.862444854254,0.0
0.17483269355078795,-1.7734222021587898,0.7507999649040931,0.9063520457524552,-0.008216914451143118,-0.009972014122823423,0.42232571601972624,-0.3509824219604711,-0.12397382895519353,0.018802136659998,0.7920734840522196,-0.33049966052282126,0.13473090555003536,-0.4617192390903485,0.13168865567284055,-0.03386022523018849,0.60939090921591,-0.2031091935286819,0.0055990124657422,0.4830141737917311,-0.9187374251058931,-0.014417535537835376,-0.9817423117290232,-0.0311897058880942,0.11696532458372676,2.713368223368822,1.1440309790890042,-0.18981246139287233,-6.827761906460195,7.654134982980972,1.2389506659204912,-0.4609875508075822,1.5229591434790142,-2.2566134186939997,-0.1622585245060303,-2.6056649462943104,0.8190194312873159,2.9176456442720906,-4.651203484774852,-9.187836823448897,-26.470470892955216,14.817968953473061,8.210508073085668,-54.581337270672705,87.89379202356753,-68.19323062006447,120.87302452144134,-146.75981756784626,-28.075924384456517,-39.84977242431656,23.896844169514395,-31.79863297501264,31.136823447695544,1.0803554330112637,22.73446504598059,0.0
0.1842424903479399,-1.7919631259200361,0.749696067217778,0.9057464595293753,-0.014772215825372238,-0.013108732651496105,0.42335953256998976,-0.29972797773624954,-0.08993668594258789,0.005838106635672465,0.6813705697774243,-0.35390805320231744,0.13581146631252594,-0.49975939049985885,0.15304673183837814,-0.06571661703041357,0.7055401642646585,-0.28029524367747627,0.0008285113097756463,0.43876074408298926,-0.9234989984762308,-0.03438016308041794,-0.3880515735201005,0.032939108494053404,0.4787096405846475,1.2113938471390349,1.3790765610927935,-1.1965064617743688,-3.0702227159075957,-2.738130275093132,-0.7538083983156121,-2.0752053334675042,0.27462519624722015,-0.6500705926193822,6.364334396117623,-3.3770877750932913,-0.3466602950007251,-7.1224785713530165,0.3856161067655807,11.074890807904767,59.69917895649002,12.937667806138109,70.40678769569917,-349.2458201750952,-87.7511985168276,-31.580457189634842,559.7913408116201,303.61165425499746,-52.166400697702215,37.24490305096554,-155.70674010809057,66.86952190415698,-11.640168858704381,107.65797440369674,4.814856925742697,0.0
0.19222518344198888,-1.8101948311844085,0.7502060927041215,0.9031557014166334,-0.015020760974090013,-0.012474288149467326,0.42886891688900985,-0.3125910348336595,-0.06968671549479188,-0.012943090671500556,0.6809625905412608,-0.37098003275901603,0.11466308250612098,-0.5313617688505075,0.14299170172998024,-0.06269936665718252,0.8214886325395745,-0.353833644000372,-0.0012901521634251377,0.38840643502966876,-0.8866528178264086,0.0702334608233819,0.24797425010950508,-0.0351546551014606,0.5925325087702008,-1.0898979828693163,0.8171193247150932,-0.7012110736238769,0.8401631013243358,0.1727079505000061,-1.167438015919664,-0.8345041529732902,-0.9915075298718533,0.6836963748059606,4.687284540057871,-3.2090539395859228,-0.03270859833515536,0.014312589773253753,3.449976727177418,4.393713984265043,20.98178472069545,-15.51503369208621,-9.464703759566042,9.76280677967534,-14.70927271913386,26.530672924154743,4.610148050909732,80.6375471914385,-1.96698308469945,97.2564301043408,-45.48223002483453,48.014095417102325,-149.85668602100773,68.25217814636002,3.238475486585053,0.0
0.20008976709067566,-1.8276574433923185,0.7519031186538887,0.9012417702614434,-0.011636681593268004,-0.011401603379526126,0.4330102338489159,-0.3331135756765388,-0.053920987457697404,-0.022958208112626794,0.6950501250282091,-0.3588306556249945,0.09453424944370115,-0.5378563016528037,0.12012550877317635,-0.043642954898290905,0.8988512280795763,-0.408443287982523,0.01329709790261065,0.40195354678872436,-0.8626477640919087,0.09538087816936296,0.4068133702307101,-0.08424704975770232,0.32761988767035416,-0.8406001448804165,0.8096731532354956,-0.35660633807925746,0.3964650681161011,0.8530425345315445,-0.8894724942933412,0.15480908049617342,-1.2375305668964012,1.0629777729341319,2.963284023301828,-2.2436225537638776,0.7423924620519735,1.207960589222068,0.9873837976295534,0.9313996422982633,3.6397745605160137,-2.854563399400885,-14.44515129673156,25.27956228357996,5.195864292388486,14.623393203790458,-41.108389928148874,19.41974783236786,13.688977988732104,53.454243332063804,-8.588321129731609,4.8001190062399015,-108.05543738509928,51.66073881063984,-14.73487207261205,0.0
0.2084587430505697,-1.8449872240885519,0.7537852308508823,0.8998826361798222,-0.007893596230826614,-0.01007661669673663,0.4359442556526525,-0.34817911745296914,-0.038327531336154554,-0.03205006240054252,0.697580628500577,-0.34035856016630844,0.08652231112424996,-0.5289771218233067,0.09576911844042436,-0.020771703818556947,0.9507716020509033,-0.4489577374409159,0.02480853769647771,0.43459733078276763,-0.872413828323519,0.09295564223031434,0.36362425467356707,-0.0136726854321407,0.31506672348490955,-0.6853012933513776,0.8083364109549406,-0.5211053740471753,-0.0897896852467322,0.9654213980081405,-0.16669544916246734,0.7170469517331746,-1.1858874795789336,1.1220118637890342,2.088261388724143,-1.6847441999332387,0.45603733079597464,1.9316955465696153,-0.8999559559827415,-0.22326886847832608,-5.171478166741337,4.33852174343454,-0.742975682801691,5.896836629814974,6.381924274233982,-6.580709434097928,-21.789471833339437,3.1841335083172715,17.000802238185067,30.544804274552174,4.710237283449552,-8.457610125741665,-65.20012174714832,39.46183761497867,-11.649531315091355,0.0
0.21759944541473542,-1.8625782390225754,0.7555196590979018,0.8983580095109909,-0.0049252102890517185,-0.008692939994863489,0.4391503863658838,-0.3601638596090824,-0.022242862753979825,-0.04501582651195296,0.6920736317221532,-0.3206879827831436,0.08848744993451814,-0.5088172502505136,0.07286345868368439,0.0021572924375500005,0.9850925724240637,-0.4793414061489931,0.028494751785594172,0.4760543037469701,-0.8885231559396738,0.0801121651165745,0.2876508271546039,0.007562600346660349,0.37801855851852384,-0.5608998640269255,0.839927141097054,-0.7317289695114991,-0.3967026869653276,0.9906711259137502,0.20966527358719111,1.2277069921482944,-1.1056065822145673,1.0936323917078454,1.338537100023486,-1.2661758815438988,0.09914479799994336,2.1201475958804434,-1.2627622544200265,-0.9131085730824531,-5.49823371852094,3.0477384095432565,2.044012697920832,1.0046494640400334,6.369017445961737,-7.874933481266099,-10.272571643903362,-0.015380308144926191,7.345197098479782,21.290959237876503,5.11006478530862,-10.972805303106199,-43.5795974123228,29.59209580617013,-4.396516299653476,0.0
0.22765413423983022,-1.880488841358962,0.7569863043701407,0.8966388344344421,-0.002668274960504528,-0.007825188610903658,0.44268549481091424,-0.3689286474789033,-0.004434534992968062,-0.06159102482807232,0.6809006378154709,-0.3003445333699165,0.09137765402183584,-0.4761237857780663,0.05311406575834544,0.02555771112987684,0.9930354826374862,-0.4982134289314845,0.03159887933394943,0.5213537709225188,-0.9051565189738947,0.061436544621203446,0.21336971763464177,-0.02257759991657117,0.38948562806157594,-0.41306487094942945,0.9360623524207328,-0.871741884026565,-0.6165236082526493,1.0066835160673702,0.17699961582294638,1.816286132671879,-0.9272751530429155,1.1365866715796573,-0.06823323852958843,-0.7663839829900131,0.13284644081039632,1.8311819465145323,-1.3913606930872602,-1.7954507087506935,-2.8596994041413493,2.4297778120005846,-1.5287879866021379,-2.6794918300799706,5.610131556615615,-2.4422510982171715,-1.5720538001761941,-2.787527037151116,6.065097265272401,8.555683935425037,4.570619574451928,-10.332133383714798,-29.89947314405584,16.168896135251313,-3.9619677889632614,0.0
0.23862791085746518,-1.8987069089342703,0.7580820393865391,0.8948254669332641,-0.000738438026030603,-0.007583680257437258,0.4463511243748594,-0.37430862124702474,0.015001847188507778,-0.08094509362030126,0.6648237088091676,-0.27928149996176826,0.09112344628686617,-0.42988037630277476,0.037566063542302026,0.05170529345234896,0.9631847651760724,-0.50122449512081,0.03939758948939667,0.5643901073282575,-0.921012610714845,0.037174033724862166,0.1875469183501449,-0.058591773968944515,0.40082365937566083,-0.2658821006476205,0.987315649924492,-0.9869946771767757,-0.8425628987112864,1.0412623092261641,-0.00981884034285428,2.4277342880616395,-0.7335199010474456,1.3134511644787603,-1.9438411650317218,-0.025179857676843553,0.3649857687279531,1.2876362326509545,-1.5636581687284372,-2.8069445758297267,1.5646208594750914,4.10595246745517,-2.7896627549804136,-7.157152786025254,1.5871538368177867,1.5329575959332826,1.9719109486955326,-3.6681269542312185,2.8132837768120784,-8.206232108174623,-0.013936427633963647,-8.99641213566552,-1.4555876781082828,3.4645754911654207,-8.607944374327282,0.0
0.25043734744569895,-1.9170857569516022,0.7585726198721393,0.8926620565991708,0.0016677393667414422,-0.0077324105167041425,0.4506571659045768,-0.3766200558714851,0.033403341560493655,-0.10281818490589598,0.6448383322723201,-0.25851045837209985,0.09025723627591671,-0.367434408160016,0.025273676637002,0.08416634633116775,0.884063134476342,-0.473148284515547,0.052202045028266024,0.6011666317562228,-0.9254218629744488,-0.005051282549648737,0.2739466776587179,-0.11152639518735522,0.5072172139019473,-0.15177792491158407,0.8443409074169285,-1.0963365568623684,-0.9811147557185894,1.0024985189166518,-0.00030391355878048656,3.2154191450674467,-0.6386246978583191,1.6892862535096256,-4.327473417081537,1.4470354043914722,0.5761850017902284,0.44488722227680544,-1.3944517192031025,-4.506933161026785,9.340988546536051,6.093757843493557,-0.2785183909902176,-15.113898867861256,-8.941215266263526,5.23973625073134,11.168216558854713,-5.533921275231839,6.234425148740375,-23.582518255149544,-10.583219518303565,-7.748226369826943,43.00615849735026,-31.453539022908178,-13.875199555152049,0.0
0.2628389705074548,-1.9351634339050336,0.7573836479209509,0.8894993937696836,0.00558903220744075,-0.008048860574043401,0.4568312675877286,-0.3807714671539884,0.04606548896249725,-0.12747548809166837,0.6322974616082522,-0.24377861531284178,0.09053149824324859,-0.2794941796991599,0.00919205246329802,0.1175422816391173,0.721759531977821,-0.3836045229840314,0.06145419486496572,0.6170093539822148,-0.9003517953440373,-0.133158421092479,0.4864384195070117,-0.1812902509736401,0.7339982700223207,-0.4459112095686343,0.42831492425974593,-1.1825926255894905,-0.22667517133486284,0.5276776659725764,0.008950477387840553,4.4741833580768295,-1.0121994695488872,1.5992453022029243,-8.674811456079091,4.367502413400008,0.3564570463640423,-1.5997434638058818,-0.7429020359402725,-9.703297603668304,21.407922286807,10.325665745546262,-3.8952375027929853,-38.37274664334593,-23.28524430839694,16.69851324520307,48.73377659832846,-21.19257459986506,-2.3051134435914538,-54.179166379711845,-27.097123912004342,-15.661037648142251,104.96812485885845,-96.84222079442064,-10.551405165972517,0.0
0.274905625318329,-1.9541525070977306,0.7548861316743901,0.886753040406384,0.0071255980333447275,-0.006362537700283638,0.4621447709286701,-0.41203695836000975,0.05906083056867188,-0.14357256186104372,0.6828662676141017,-0.2898281982215308,0.06692457822910088,-0.22811409641858632,0.010758823250170621,0.1200979688235614,0.6022309032720015,-0.36430798502604295,0.04887155331581419,0.5912850784546253,-0.9909481588864666,-0.024148168249967208,-0.1584898979772955,0.28206763413943686,0.3098386427392066,-1.79821624447829,1.1674901048985291,-0.1391526237601662,3.053238219762589,-2.510120556173883,-1.2248738816012057,-0.1584656809503706,1.3283613110313157,-0.6818905354746876,-1.442006719704286,0.021673411230511405,-1.263256102917939,-0.47514829911951695,-0.9296911934393437,13.008135194738115,-35.27172790593685,6.578233648696033,-17.699092378238173,25.847335698175243,23.528706385446498,31.84347002759265,-24.912839531063714,44.87421545603264,22.10867068056714,-187.49211096671866,90.34628346119322,-53.78386170146199,316.79719889880624,58.79419680532259,-52.190860978162945,0.0
0.2860038534209393,-1.974019761999044,0.7549834992998055,0.8859004839085445,0.0037055591057050447,-0.00371238266263567,0.46384568517696306,-0.4545496050385459,0.07630903053904278,-0.14251499843048307,0.7743360548457977,-0.36724727443766225,0.038870702847220426,-0.2596609143988968,0.04282081936350153,0.10272110000006969,0.6188268626147889,-0.3595634304461404,0.018348383738009736,0.5360607021288155,-0.9696093185096669,0.0336513714428162,-0.1118490732964475,0.35961686373126683,0.16532167687196772,-1.827182159000429,0.46240823673826226,0.12308833587906189,4.514308446290158,-3.530093976008298,-1.229503010952545,-1.87453749172153,1.5619590542045998,-0.928834368618749,1.3915319846155887,0.4876546372899802,-1.5769257142624118,-1.5002694873016913,4.04248415641966,3.390948706660978,12.616697063138576,-10.757849927200272,1.2575589521505621,64.93629237504025,-53.11586963425179,4.7936301483138735,-77.50009219729654,77.45181700887018,25.713386621148306,15.420723612855529,-19.803428527290205,-1.7577879157703886,-10.00668936803544,29.712510438473746,3.571817553719245,0.0
0.2962236869643743,-1.9930627008621709,0.7555137069893784,0.8847462470054195,0.0022274167306497662,0.00018123445072120185,0.4660676819718429,-0.4883931549339316,0.07794226809595943,-0.1347185137308246,0.8582142599249637,-0.427043023568579,0.02576154666502688,-0.29877669578348326,0.06837275146183361,0.08283670622837185,0.64625836643087,-0.3473263363658284,-0.013502830529495219,0.49505106911748825,-0.9313373015105618,0.027216722041628203,0.19836204362200255,0.41415258920840375,0.32235591610921555,-1.3550569431596058,-0.26056308765002817,0.5403016304806381,3.4229776368131453,-2.4386895082189266,-0.47167799368844254,-1.8412518601197354,1.0121216528223036,-1.011206015494085,1.1327196426234167,0.7134061780804718,-1.5251220270225652,-1.4933727548909606,2.613683162798045,0.4538825189529487,16.87011370106679,-2.477392105992028,8.116381482234896,49.1225827195178,-39.690193642200406,12.020230009774865,-109.87262601731321,57.54419991375474,11.116963345156078,21.788169934241726,-30.435308643136725,0.6068214167696127,-36.413380591152574,10.070869067069788,10.996147089577027,0.0
0.30602361416886414,-2.011158180716236,0.7561648499837781,0.8833437634135402,0.003177115567067686,0.004501877217041804,0.4686933268957433,-0.5062306645371318,0.06854633411788107,-0.12399918067696465,0.9149208495048777,-0.471630045660992,0.01710553769882188,-0.3287819983527683,0.08595386042574527,0.06486551712595764,0.6589734687177059,-0.3302187709750038,-0.04240426383643223,0.48653447028729135,-0.883188264799132,0.038489348704173164,0.36235344968391536,0.27176716252858213,0.2682059212046937,-0.45614852472669726,-0.6292338852688071,0.5395136314308904,2.1619408273196004,-1.8783310369071418,-0.3690821051038554,-1.2321334763269811,0.7657647080786044,-0.8070548921559068,0.26911888548331014,0.9498779220518528,-1.3692840940402933,-0.35450868929616225,2.296417955127565,0.6466960107539947,8.633350847820981,-7.3766168755543795,-3.7496938173746654,49.60109538699543,-16.48544029462808,0.5955216926503644,-81.23246149310023,41.177917164778464,7.351793194471949,27.43376980420439,-12.157582253118338,10.288000350197937,-35.71146421567664,8.46369316339413,8.595786527235985,0.0
0.31578304438349103,-2.028399003049287,0.7570625647750978,0.8822155244162985,0.005801451366723912,0.007933184059933204,0.4707432168726249,-0.5076464805804832,0.05404861557216137,-0.1137690549805363,0.9509979584471776,-0.5047136228205609,0.007184837730248302,-0.34705541838672344,0.10021526472694926,0.05027492805603365,0.6562717116499526,-0.3091022082253701,-0.06777058934654699,0.48878707924461834,-0.8465346285589974,0.04884883523787705,0.4214507012541548,0.11527355390146113,0.19878118148114896,0.24969492136004878,-0.7864280801717569,0.505718509132334,1.4068552059759694,-1.375530595725873,-0.45045510011339657,-0.6956594859211896,0.6731998566366976,-0.6616608213789804,-0.4009202091352211,1.1252413567084096,-1.20925025546238,0.0505815227601529,1.5439170373813516,0.2523726653081915,3.558590216381512,-6.491966153900049,-4.437254115108553,34.36351507938966,-5.598680934372771,0.02257958947893514,-47.70911614574986,31.417455093184657,8.62917570150706,20.423328531757804,-3.997481639707105,7.851344557181606,-24.058790444254534,6.2193925219324715,4.740374394742284,0.0
0.32562122677314553,-2.0450693558330824,0.7580457960712573,0.8813256993481743,0.009280892000992328,0.010326887897755224,0.47230523191942864,-0.4980523808971751,0.03787311086061449,-0.10327273153355558,0.9770118453378124,-0.5293022474470813,-0.0008502365545504344,-0.35660176640028296,0.11345090857659358,0.03765661126875464,0.642924762505688,-0.28508332921275514,-0.09080205958910287,0.4935415882897788,-0.8246784970133572,0.04729081144323267,0.4254846440574856,0.006856039557986414,0.16074245519748476,0.6677092891685931,-0.8235522192059449,0.5405448991092734,1.1056963037788146,-1.020201246731794,-0.3403457235356241,-0.3423693234134479,0.6510294675098292,-0.5971237114312831,-0.8300318424899211,1.250706229174015,-1.1270706904621925,0.09353685949525409,0.8085019082630017,-0.44579552792138655,1.3630100625552446,-3.5408321191436487,-2.633090125871804,19.588598263648574,-1.4646538287937458,1.3403889740011214,-26.97851081933009,24.227550932666393,6.860521828941939,11.163072731081089,-1.3262132707379581,4.340658950593818,-13.39881653417037,4.146808450311939,2.3103136110892284,0.0
0.3355687926935493,-2.0613974399714055,0.7589053451413778,0.8805877884841558,0.013163271986868277,0.01189467470181174,0.4735508333399086,-0.481263818405108,0.021902867083193424,-0.09072901946980054,0.9971933495292362,-0.5470914923941012,-0.005157221016404213,-0.3604097062742347,0.1265609265463131,0.0261444643980212,0.6228214974483891,-0.2591653004635015,-0.11178021437029491,0.49905964070972314,-0.8117120423088922,0.03647784926013576,0.4164492082755772,-0.06929865325191363,0.1347494163736442,0.9616936167422225,-0.795515753179131,0.6628194269820376,0.8665695476500919,-0.7302290074395833,-0.1691087121417613,-0.11641745450556734,0.6538001091253262,-0.5522503888049871,-1.0876304629199427,1.3161166657751613,-0.9907788545580469,0.06243928516028874,0.3266096373003725,-0.9917035504678129,0.7227783243523234,-1.540229120211813,-1.4816524000740243,11.25137573361794,-0.8623370220951094,1.2094795270400884,-18.933863903095926,17.966577243610374,3.2782160994855123,3.727170317300458,-0.712550812552158,2.6326779531992495,-3.8678641778261613,0.8520523905803763,7.504093999736236,0.0
0.34563056651032525,-2.0775485195173022,0.7595227837145869,0.8799775974151623,0.017193970552389238,0.012843935436475868,0.4745301136351473,-0.459328840675002,0.0066420709072145204,-0.07560920371770424,1.0120752426311301,-0.5600476959977438,-0.006271472259658399,-0.3612698941282328,0.13981406961905843,0.01543431414860908,0.599936104544527,-0.23311745653087368,-0.12439119362546634,0.5053178864000386,-0.8066441555013747,0.02336809273463557,0.390032520835623,-0.11910605991776664,0.10898194751331855,1.173470738847369,-0.7602950180396196,0.7746890110627538,0.6264133857061784,-0.5342798920247479,-0.01636633975652801,-0.03081158988817751,0.668991551453268,-0.52255642971498,-1.1366485100263533,1.2818141939820207,-0.3640595930689328,0.15971799103854842,-0.11687842306311261,-1.0978470481588722,-0.7237638288577289,-0.16967633587268238,-0.7685258291819943,5.2488683804267975,-1.3043781845586657,-2.1445783161255685,-13.411792064284997,13.175023342669421,1.8089541694149889,-2.43552851831437,0.5428297636069811,1.1587618423889763,4.670531586002646,-2.956094440816015,27.318134949569032,0.0
0.3558342081347313,-2.0936718472709557,0.7598851466464864,0.8794428100305975,0.021097732546933562,0.013289629654919775,0.47535104429305686,-0.43410589257869936,-0.008442983946080422,-0.05866322426076692,1.022604423060243,-0.5698186981879327,-0.0030710735342445333,-0.3611747047619535,0.15353587897116044,0.005126371627146782,0.5769529397504803,-0.20805362412756215,-0.12214879303486839,0.5131312258174229,-0.8080915230141558,0.010124884980364214,0.34887436684259343,-0.14888488724659782,0.10311553679227174,1.2913224521953064,-0.7786271062224547,0.841092624853067,0.4519757019424547,-0.4061047567846239,0.1602628733497235,0.00104041333925503,0.6970608149848094,-0.5181428178698082,-1.1376270568889593,1.24129015079587,0.3626890738837355,0.2525791794685938,-0.4016459299954149,-1.1892107694907754,-1.3441764577177826,0.6314293879704179,0.6467873967043476,-0.04226301456028314,-4.483232277970383,-5.062979052665303,-7.459384309568571,10.009560191489122,-3.715569374155238,-3.032133588206494,0.9318418873233109,-0.8456680736973752,3.183869140763396,-1.1698449142752936,20.501370305670303,0.0
0.36619742454249515,-2.1098936793055474,0.759990696135088,0.8789094714564581,0.024670958139481773,0.013381198971099935,0.47616218699378626,-0.40753720814245764,-0.024508260607144818,-0.040328040920510025,1.030025260206899,-0.5772464869010406,0.005988601310464795,-0.3610282063331962,0.167793636358118,-0.005253889188370133,0.5542408192770436,-0.18387314685001,-0.10298772728742805,0.521482780581314,-0.8154462130059795,-0.0031239483744040395,0.3001641870825351,-0.15495233628963648,0.10924375722528037,1.316323656322402,-0.8562223904190228,0.905916336035267,0.32775603884402993,-0.3086854241319168,0.4308403810101804,-0.0032195436391079532,0.7242249414830813,-0.5318459927628183,-1.1409423988410157,1.2116197469450514,1.187178867707912,0.2954617408764346,-0.6495406127173959,-1.2894219319893907,-1.5406134626437749,1.5828430871872747,1.4310935866698886,-4.7975786636395625,-7.765337419291276,-5.709360850165017,-3.2313577679048953,7.672843501377562,-9.130709168335345,-3.2050459414270422,1.0027147239779874,-1.9807053535247432,0.37474670424898837,0.9898573726512606,13.336058065020604,0.0
0.37673568034599314,-2.1263301251988764,0.7598440819404363,0.8783040811210369,0.027730975384075998,0.013307060896918773,0.4771119954692663,-0.3813417208370239,-0.042911753540770904,-0.02100640007936288,1.0345283468624877,-0.5820055197903794,0.021464537368644104,-0.3613428775511144,0.18243898561767016,-0.016208698802834133,0.5312375889892654,-0.1602242905351864,-0.06525121943423157,0.5306609821094355,-0.8286436916576675,-0.01645843768891573,0.24498563001962892,-0.1326563838149916,0.13206430189762303,1.2580954354007217,-1.0020927288874835,0.9473414883084014,0.19073498929694174,-0.18797740032026516,0.714533826039976,-0.031934233444135554,0.7415420860042224,-0.5718292952025337,-1.1812266449320992,1.2027574041198286,2.090927336336737,0.33729140664315654,-0.905712964301015,-1.4608112344310924,-1.6455118701853952,2.8598864843574994,2.124917489992785,-9.412810159920342,-10.638353507503032,-5.923482587678723,-0.7139619261784197,4.989777472636825,-15.02351516576037,-3.63340631605748,0.9778114980896025,-3.0151126702940654,-2.7645265748753225,3.4133601337863966,5.797790591078803,0.0
0.38749530750025246,-2.143096168203539,0.7594780743157044,0.8775206251089133,0.030028618370897583,0.013262431600085318,0.47841398651717026,-0.3565844321525414,-0.0648526426448801,-0.001786519131195401,1.0338167529716165,-0.583221639126702,0.04374201180608146,-0.3624241448063769,0.1971674938913248,-0.028454547124418868,0.5068219547593988,-0.13678319085323523,-0.004996466459096541,0.5434671044072131,-0.8474516105925236,-0.027769716444798937,0.1721652054876304,-0.08056706941521515,0.18357022222271688,1.161387359021277,-1.193827916050756,0.9219759904479757,-0.09886863301163087,-0.015597877766814598,1.0165063722445622,-0.06444562489330649,0.7444537052358411,-0.6547780121795633,-1.298794543174967,1.2162342919404363,3.216138490405383,0.5281324574083062,-1.1360140475795897,-1.660089892624587,-2.308380566208642,3.9902024775726903,3.442025495899066,-12.970189644055953,-11.432022294781373,-6.473723089552735,0.8305604750219655,2.192676952032085,-21.187380878776104,-2.637471604705806,1.3078690194318787,-4.76102730473998,-8.236819593684121,6.804939301793383,-2.3167340943649952,0.0
0.39865372175671354,-2.160236073289427,0.7590394328582027,0.8763446469900916,0.03127088803017012,0.013197853561342248,0.4804872609289351,-0.33150702512431446,-0.09077444602724356,0.014857977026773585,1.0187323425466017,-0.5753418307784103,0.07328898007728249,-0.3629058661790498,0.21147887710114824,-0.04322446410019987,0.4778346900085831,-0.11307308743182538,0.08538161288032219,0.5684640380966762,-0.866990511556863,-0.03101497840121509,0.062477222349060654,-0.024254873071510866,0.29972448098484306,1.201313199859143,-1.378144692771597,0.7461003309857093,-0.9297134650647482,0.41009675479824986,1.34018677701847,0.005656708971797837,0.7207763664873695,-0.8175185134153308,-1.6182550527767057,1.267990560453781,4.762340922930522,1.013400829059421,-1.269734615174011,-2.023159528530869,-3.882330361713678,4.681806594611499,6.912732980665984,-14.620692402067252,-8.358630846479826,-8.30448226870973,4.046838365835557,-8.51723408494811,-27.67067579948632,0.6178235659500257,1.6896093322834163,-8.679763266545294,-16.857609840004915,12.353460956909986,-10.337910339062585,0.0
0.4106049980558507,-2.177634361309825,0.7587113973485285,0.8743083043634987,0.031182059181433387,0.01265674245909395,0.48420292747623217,-0.30001351522083436,-0.11986280249255218,0.023722000313568234,0.9720910126759467,-0.5485088087764631,0.10916499601394601,-0.35862224907702883,0.224477917545743,-0.06300772501890331,0.43807582738565104,-0.08868031230624798,0.21449494094071264,0.6175136766863547,-0.8779136548828086,-0.027918272815797254,-0.10237741114625935,0.0006139092687142758,0.5445201734211887,1.6015308012330876,-1.4689503727384432,0.2669130779180076,-2.6487915848514096,1.3170092334723331,1.6122833644405778,0.3157201566426172,0.6288526594244203,-1.1860135501018945,-2.2626253538801984,1.2394776366327136,6.634565927680827,1.7670140481921472,-1.3455026696703973,-2.819787345000443,-6.750824206815123,6.1943572952397,12.75758498515614,-16.77154087872204,2.7620364527528127,-10.597558760403746,18.8885959010883,-27.870856929839636,-33.23781754029185,1.280604027128195,-3.9456662503750346,-30.809097341042918,-17.168788690705867,-15.110093621848856,-45.73873863146829,0.0
0.42384211147037826,-2.1956346119645587,0.7581442911450827,0.8713874905287268,0.027868569064508512,0.01155636010451531,0.4896668609876311,-0.2568377026420064,-0.13942985807941366,0.018387794796831464,0.8760697366515332,-0.47824356579691507,0.14976857852019634,-0.35847081951919246,0.23073214231497027,-0.11627377253401183,0.41178040007932154,-0.14137288433154563,0.3132272466883753,0.6992617378145856,-0.9244245358905698,-0.05763477318419908,-0.5474419959606045,0.18241436597981542,0.7075646412428258,2.196971095349352,-0.5033899675246055,-0.5940237696863421,-5.124139125790488,3.4364742152987477,1.8051640570368421,-0.01164599622839877,0.36397200749920067,-3.6005935982602604,-1.2702840225029213,-4.356258628526567,1.5749795537088427,4.012393576382317,-3.382749662860322,-5.049869059586811,-22.911366592700116,13.927728726891527,10.065413850734359,-26.721690929634804,57.505712125356354,-24.298004887130325,57.17046469911,-69.94273045690774,-37.6905947156681,-0.6113522092725794,39.41508652764149,-35.22511651461551,-23.01152367540739,-78.16703864880232,-272.7410108968524,0.0
0.43877945283823694,-2.2152021632702548,0.7553866438800432,0.8688508018859907,0.019822373812179172,0.010036454788381086,0.49457519866427097,-0.20150960819840796,-0.10611179126667222,0.014316560187478868,0.7222389017318092,-0.3224416420001384,0.1994338800886432,-0.40306368096141904,0.24537183225295808,-0.1641870571898917,0.4880312030184444,-0.28228403925949425,0.31365730190194374,0.7774626188480706,-1.0057096213199708,-0.19172232886424667,-0.9049999803102612,0.3113732018682065,0.8344385573363593,2.513286014226895,2.5107664944931476,-0.9191584302875244,-6.34273967749334,0.3443376699866616,0.028388923173288783,-3.011388994480078,0.7933394555484052,-0.5498408856853738,5.85135038116436,-6.229861502650814,-0.5600326595295817,1.6101315733810602,-1.1373951510595448,-2.546129808845606,-1.8602358800455263,1.0848125660847696,58.13979668028376,-66.98503224598193,2.562036344176457,-139.0691360540961,271.35801149381336,-1021.3067086976358,-311.5002556889532,-7.538464461804467,-52.03556190521798,150.23631928120867,53.995815839607914,171.8347717853908,-24.66806650124697,0.0
0.4528975044708634,-2.235567501487215,0.7503724434200939,0.8632952445706678,0.014711110703550868,0.011939791979197856,0.5043434794770658,-0.17618442008140486,-0.061118783929101826,0.01161622750024862,0.6438298795843846,-0.40143864608675767,0.17843611448755328,-0.5123387952359056,0.2526093458310137,-0.07848074410366919,0.7641258031786994,-0.36843434888396887,0.2901921626917718,0.6846425123802863,-0.9974148589067168,-0.2521441545643175,-0.031154222889197176,0.35317266503033684,1.7581326506479416,0.6334972108239835,1.7831795413741869,-0.3081879688556306,-2.70682253047663,-4.8016203591586075,-1.4771590953967269,-5.0838652174486745,-0.9849921147426091,4.758694618292154,14.644284559929773,-2.550058793209396,-1.1365325136872706,-0.2613161959008981,3.433758921626036,2.74513929460716,24.113719075484273,-18.328116355709398,92.16561152499007,-52.636330754074514,-57.659769276697176,-60.622425018715745,94.71127560477031,47.642971525605674,-14.819069598478665,167.08160130245085,-202.1978978121613,-87.88996697794121,-213.96112741587308,143.61834957659815,15.03036660080338,0.0
0.46623416507263415,-2.2561929673708323,0.7456251489752136,0.8510801305005934,0.012897939586514506,0.017217293318332598,0.5245949098421625,-0.21743092413159645,-0.03460435345092957,-0.011664356938408855,0.6693164298075733,-0.459224909988258,0.13750014165329796,-0.5969475015693312,0.2062110986832646,0.008366158220438603,1.021923422926996,-0.4410849104055423,0.274941242351915,0.6740502830204633,-1.034365837059446,-0.20097299819084957,0.14146839081380191,0.6320573532352928,2.6614627376010684,-3.305990327751094,1.0386300333820155,-1.7993972728927015,3.1158341192861223,-1.4244954940557846,-2.10048511255256,-2.9379680925529286,-3.3557815733242338,4.039801939442748,10.166964056019115,-3.345497923596047,-0.5809843439219388,2.4881971006079033,1.171878673792124,4.735012395265004,-2.993990769617872,-5.693497903850417,18.411922381830834,-58.281485744160214,-3.760857487625486,-5.663497256198545,89.61190925254753,129.05763597523642,36.89339644650947,167.91571185036887,-100.56490148540828,-24.321712684546743,-350.8670575015962,59.977734070800494,10.332648664231407,0.0
0.4805883772290219,-2.2765834134038956,0.7423931864508831,0.8381340197433862,0.010748500756114691,0.021572857572332037,0.5449315979978163,-0.28632667226781056,-0.008703780389611119,-0.03758476558132112,0.7391897703706749,-0.47141224478700494,0.12170383338196296,-0.6252123411573681,0.13874229322412523,0.09588576466769962,1.1516780852043937,-0.5008170313053475,0.25833516122346933,0.756502055541077,-1.0019782356747828,-0.1311768011319282,-0.0752273145173674,0.42024757133627183,2.1094866289222303,-3.2350094050599125,1.5868710575027682,-0.8321866690947365,3.2821673508217426,-0.019655369452161023,-0.29769076371380665,-0.3046523443732384,-3.4261405170844035,4.35895141982718,3.8321880232552554,-2.598471612135113,-0.7968454292035166,4.401757366097414,2.2214629396656567,3.0210136374390464,-11.342496833939595,-14.022029169693605,-37.65787031031084,42.26841102079783,34.88182085184752,47.726737248075125,-53.82010829258033,53.1451483366258,31.772982098254644,106.97602568077599,-8.141672201808348,-23.797934811556622,-257.20690485383284,43.8641072099241,10.059502362192758,0.0
0.49667007016812226,-2.2964233513929235,0.7397590383287869,0.827366595917146,0.007083619588647113,0.02296136152671135,0.5611480323148585,-0.3450646887193382,0.02490407200023042,-0.054300474049658945,0.7934259429669688,-0.47142840608094394,0.14408662953089688,-0.6075266905355758,0.0752052027980966,0.1804533277661389,1.1573036296863508,-0.5222782318796505,0.24518044463248798,0.8484407515278138,-0.9858517768206592,-0.14844984741083192,-0.4046519711276566,0.3049878274336786,1.7916056211589084,-2.525510159463279,2.213076657472047,0.04608775915701746,1.9665760861150807,-0.15084661050351444,1.5298832811212377,1.5442841233167235,-2.9846619839399575,3.841644150662491,-1.569810224890232,-0.6888641462698052,-0.5888313743590082,5.203355243366834,0.34167484683604243,-3.1723091646500925,-16.62927696742087,-4.973027669956789,-13.10702513625676,50.98716879246754,76.83062460111532,125.94257205337954,-92.53439648045521,-32.6951691866156,11.770806695955148,47.63645661653316,19.143228410251105,-64.25610624317456,-125.29927575607839,10.973825544315527,7.076165627946108,0.0
0.5134923624699843,-2.3157151895319417,0.7361314982697886,0.8157802464506054,0.0027038016725436475,0.022744801019461,0.5779082565460463,-0.4072608389344033,0.05080965849067383,-0.06880802395248933,0.8617406263148027,-0.46690140232353383,0.13624542227038464,-0.5354666267784961,0.0042465017620025155,0.24195218732036522,0.9739057432715024,-0.46379068476295116,0.2030871245518304,0.8273894341003036,-0.939795940107567,-0.25048861783765347,-0.26384622459055396,0.212027264864282,2.0810302483661474,-3.178529490687234,0.4077294589786207,-1.0069062378452673,3.8030487657296015,1.7080925307924508,-0.6068188216428396,4.49205931678759,-3.8645485781536597,2.5586667612984173,-12.13717566520693,3.1111372401119275,-2.144607555452538,-1.9071320801507299,2.904423806537509,-10.836487110769163,24.123407274162723,-6.37976163955744,-5.6296469950337436,21.344095463317526,-103.1441536076928,1.8332544953772159,-12.662149493615921,134.07672844845487,8.344173615406866,33.3611989542585,-19.592058203707396,-49.33991822929897,-85.66627675725368,-72.84634159565617,30.516395817745526,0.0
0.5300885660294059,-2.33451630155075,0.7307061621952221,0.8032220140950955,-0.001342108933703283,0.021635842648999894,0.5952852132629337,-0.4751936731521676,0.03833902649958444,-0.09004104875456857,0.9550477039347822,-0.48158619274308173,0.07919096258869307,-0.4568435260248268,-0.04963623835643165,0.24959409302034435,0.7415165361202227,-0.3246102759353178,0.14578611708196715,0.8245698279528899,-0.9963721613663586,-0.18591405555787038,-0.7816348880737644,0.3661424540469025,1.7060904972413315,-3.4211531150261276,-0.803724126949178,-0.6385955249093853,4.046298515269285,-1.035875975587752,-2.8271134328154695,0.30401577334913055,-0.03663197699322296,-1.5544450771213185,-3.7129129378336607,2.772973187075122,-1.8023936952231434,-1.8147958383578713,-5.169536537155859,16.77609443417632,-45.87114712058704,16.66349079785659,-51.820141538932184,31.254385355975288,-16.873410257338563,39.934502362195545,-142.91265847312866,14.84083489505234,52.58808661285246,-360.23198002172927,270.6218590272537,-139.35412350161144,785.3945002374122,-425.9435153636764,91.67651096830737,0.0
0.545813192461427,-2.3546997067542264,0.7292805505532894,0.7974597506146668,-0.012424606114874065,0.018435041427630555,0.6029624570071054,-0.536093644825927,0.016417090951937104,-0.09798264772797087,1.0558075041143589,-0.5361006547294022,0.047648438793439114,-0.4884094867185258,-0.016215943520464265,0.21188703808123624,0.7435614466851067,-0.3046563180131307,0.11754350429559317,0.7545196820258815,-0.9869896937726466,0.027365030571009388,-1.2651945969484815,0.3175061538993936,0.4357342349696657,-2.2542968090737645,-1.4697639209088773,-0.19120442486312617,4.809796022174787,-2.674859240642524,-1.136402403834279,-1.8924370459674453,2.3872646067341066,-1.893283933302785,0.8909741576288845,0.7485193956710996,-1.3146459858487998,-3.4402088323539988,4.213889680553626,10.787107714747325,-13.063813200883706,-18.897482003524186,-47.261616829050276,114.25316995501159,-47.13991780930291,25.571376586178886,-82.88730267740291,50.948413548676136,28.841302447261135,34.154971487044925,42.04614560800414,10.486899610858128,-41.13010043901727,35.26097104890463,0.45528687279866364,0.0
0.5599726956156712,-2.3736295394444396,0.730846578787183,0.794164222652433,-0.02164842791094695,0.013409966675563276,0.6071694210198681,-0.5621284456869726,-0.023242042299090986,-0.08291672313053354,1.1232344821304612,-0.5818522271998842,0.04120709540006958,-0.5198724411714688,0.022996320546822636,0.17157382078940214,0.755645330234231,-0.2863773037317921,0.08867608952162669,0.6739208747653119,-0.9126600770910118,0.11344207360131543,-0.8859903837018194,0.013165820246429403,0.5890932450821573,-0.5266665990712545,-2.399337149650755,1.382320648284604,2.2187275974890204,-1.9107311858943694,-0.10986763743850905,-1.16095507477853,1.6064697106841375,-2.032956014993106,0.10211670147026053,1.1508148202765358,-1.4425794377266663,-3.4286656829149806,3.562033126144632,3.1728980587842157,16.756436699313156,-15.456740280742789,9.373509075344094,81.49096836807317,-43.84772023758086,58.831550345913655,-118.62641357223595,41.06716014450499,5.973397692002232,50.393512778624206,-37.3264070816182,2.3917704531723114,-64.8516287376778,28.79354399007233,5.468929035892994,0.0
0.5730476129001643,-2.3913598538584333,0.73365855545838,0.7906617233843747,-0.02714182316069218,0.008289864171355993,0.6115951592045056,-0.5542290337798809,-0.06975060491408537,-0.05087102928530029,1.1254934707895,-0.6111611821881635,0.05461909377005038,-0.534046664145934,0.05148067932082423,0.13468137276328515,0.7429612091447869,-0.2563162397316044,0.06438009611563895,0.6399456244595532,-0.8719286437077475,0.1481464379698913,-0.6835852068455198,-0.12910595631607855,0.5237853168873282,0.9188308361089603,-2.2533498016458267,1.6480978075914015,-0.9579444338616261,-1.2262386187685177,0.6909757567192357,-0.428023114637522,1.301602124507066,-1.7362280683386484,-1.1151376008440346,1.733280682515737,-1.122881845189874,-1.2967637409699053,1.0529862555831,-0.3394260348772042,6.659726606209377,-3.636526534402838,-1.415308597464658,40.10761698357314,9.661077874641146,-3.4393745123716775,-69.24614330622849,21.839712091835853,-14.199570457298792,23.157160369086558,-11.114016950674516,9.084794199131958,-42.322676394643615,20.37770093417013,5.1008575294476755,0.0
0.5858711411280633,-2.4082716099100487,0.736873725772846,0.7881319436294456,-0.03111179785337085,0.0024463179971870638,0.6147146581898465,-0.5146710929968485,-0.10950490294588223,-0.02488428048051103,1.0563828067535237,-0.5767544677286974,0.08024600698620536,-0.5344198270935213,0.07835017467507555,0.10296209287855841,0.7084885928561155,-0.2172937527906463,0.04575499613914318,0.6455385472009559,-0.8349628414033855,0.14610448989705335,-0.717554519352505,-0.2590260743552733,0.29160881104311515,2.43607694413521,-1.7300411913262204,0.9603652424897525,-4.218800333082425,2.088369145355218,1.1868881854760753,0.15085711562212964,1.419192310729393,-1.5267498612072414,-2.0180062625166353,2.074764471671524,-0.8873083747517708,0.6815646638069786,0.3055606521002016,-3.413258627031738,-6.216669768647912,0.033111838066120614,-7.551752790684583,19.533214830726553,31.087134727879203,-38.413442533769484,3.9008554756643576,-30.867174192245365,-24.704003838889808,5.891342286196561,10.213192799315548,2.350308286426494,-17.403642142833824,8.891190820172056,0.713494234265046,0.0
0.5991721811876302,-2.4245516724148053,0.7396304031723944,0.7870528775296606,-0.03570898401187704,-0.005316655475778722,0.6158281981264521,-0.4467551870114143,-0.13063146116965013,-0.01050322897241071,0.9287923442071101,-0.4642325332468176,0.10452731888264677,-0.5286375262316921,0.10709570476327684,0.06777854437174861,0.6675994845954922,-0.1949855497690891,0.03357946411043232,0.6854050320650795,-0.8119742561105223,0.10571207844116084,-0.9998115600912796,-0.32689145637284345,0.04194748307571081,3.641454925805555,-0.5105919182880724,0.44411557889444325,-6.500252159326892,5.585534864505599,1.0260080274710346,0.24147517297285792,1.5559276283956107,-1.9528710346243232,-1.9492693027608345,0.48447654819839636,-0.5167574547637274,2.391867772879954,-0.9288745826157163,-5.179193498227296,-19.70556984044794,5.833291761974602,-5.346788761808002,-13.023654611863265,56.92345206263715,-35.17496263160709,95.09776691222703,-104.28499297938974,-24.05060583128379,-16.88897275029546,17.747328413928052,-21.73706205764257,17.29274860472555,-58.22107189928294,1.8736024776783657,0.0
0.6137122281266663,-2.4415367257891543,0.7403457685930638,0.7855239047096456,-0.04292638253672657,-0.013307548614214978,0.6171972374872585,-0.3778229999627322,-0.11094881539823599,-0.009208949183062545,0.7833837982751457,-0.40323184992649563,0.1463251394818358,-0.547889115450063,0.13534219159050995,0.03049987865830612,0.6876488022248537,-0.2419354530518464,0.015310076465557394,0.7356382064588766,-0.8994113659810292,0.022295028677932115,-0.967803048209363,0.023381883670667597,0.624686301032558,1.4851832514312595,1.5402336136479393,-1.0152081564239437,-4.137677380078035,-1.7519837826753704,1.9385733061556518,-1.5129240636590935,0.8294737995425274,-1.649567680317054,2.149359802850789,-2.6945979884073896,-0.7081713716166201,-4.777314234292659,-7.748705247177173,6.462262548330697,43.16304057511688,37.10269842859424,81.85444174598469,-482.94652155277214,-57.29912853379525,-145.9757978916961,738.8296129559285,152.66675562238862,-253.08860831723533,-38.071712690378035,-139.56613162853944,27.043283604309302,29.105534858903667,47.08304896765774,26.649064363145918,0.0
0.6272508431253317,-2.459809050292436,0.741913687597233,0.7813051598489501,-0.04645557393524191,-0.01494214922583777,0.622238586894342,-0.3935780785466493,-0.08733416560389964,-0.02948032279433032,0.7732704872945223,-0.411094807785477,0.14714802612545727,-0.5864684364367461,0.12877092043748753,-0.002780809376388819,0.7767824472906262,-0.3198877580718461,0.007161797714285349,0.6413770408701805,-0.8933569021038988,0.13045269566309647,-0.0014727023715275789,-0.05633012218318821,0.5317628555314408,-1.321761248449229,0.9548851727940648,-0.7674049156507289,0.5052744953881119,0.47107097126615616,-0.7904607308740226,-1.6012115235187991,-0.9204183316419916,-1.2328978114634253,4.810938066105414,-3.4600612826728847,-0.29810784873916635,-3.0626621536536303,3.9334324567804586,5.87292057905357,36.628397867804374,-21.156458827359693,-21.9202761882967,15.463729074316742,-19.71522086684148,36.151782319753906,2.518393851393199,77.37379068849589,-50.41937843531294,73.95079729850029,-42.23356165231404,69.69943841031468,-48.7631196660902,85.22469655508506,7.125539583976874,0.0
0.6398771202563622,-2.477539251234145,0.7448938186946469,0.779140322887615,-0.0449309657705892,-0.01397984619093922,0.6250808983371545,-0.42116135158215107,-0.06948022200979392,-0.041064395928804925,0.7820355789495116,-0.3919032236960224,0.12663153608771582,-0.6122587562651687,0.10747205842428856,-0.02128722090773901,0.8644524960421434,-0.3846685180928925,0.015069501129343153,0.6286698164981163,-0.8762031862887704,0.1657089827075482,0.27730344861049394,-0.04995924803975953,0.19129105593343065,-1.2133902257930436,0.896738275531656,-0.4173831202549404,0.10380693288533398,1.2755404655054876,-1.136353962928951,-0.8669854775432286,-1.0347313260521827,-0.5623372404067735,3.5597261273252836,-2.7217668524156866,0.45741009787466436,0.07618148866201169,1.2955127353386091,1.7609709529966497,8.925699813294512,-2.876743861218527,-19.828641740669667,28.433013461140632,3.9398943800794473,17.735902634776576,-49.38000113543048,28.462214044460573,-7.295079704511627,53.89984489232407,12.12866738615652,43.92546677679149,-112.71853285735716,61.599962252445486,-7.275245779521379,0.0
0.6525595182327969,-2.4948365109179607,0.748298720221682,0.778034311718371,-0.041824334882278026,-0.012094713756712897,0.6267112993234759,-0.44049312524519013,-0.05380543651233182,-0.05058857384539694,0.774214844398148,-0.3619914370166003,0.10416347584172914,-0.6210538118887277,0.08575861886758765,-0.02641759923080083,0.9271505370490537,-0.429861336813775,0.025606741258593146,0.642467141002036,-0.856881967565048,0.17305330191849813,0.39205760932882305,-0.06002058296539937,0.20268567637564297,-0.7763902235425817,0.744840423678163,-0.5100846925495608,-0.7618499558890333,1.64359843900808,-1.1327777596262272,-0.03221507092254293,-1.0617783959607587,-0.017537273453260734,2.5286518907715947,-1.8295677819305327,0.4604692289037459,1.1960500539654741,0.7111177880627648,0.08409689987752297,1.73421439451114,0.056195947400847074,-0.15530319810712698,18.514037900641767,-0.7728268678997563,-2.9713005566264385,-36.328778360193006,13.357164567315001,-1.786135213761151,46.501105248524894,7.110425522607374,24.6650509569613,-78.6847297958079,44.47959382551724,-10.053405112322178,0.0
0.6657357664410272,-2.51179739787117,0.7516065531798665,0.7765607707079011,-0.038190448123511765,-0.010102109304684718,0.6288026768846274,-0.45235553112331967,-0.03974601127518978,-0.06240707279797385,0.7529242430399534,-0.3275062623295844,0.08266783321266219,-0.6143624332470018,0.06467645953572049,-0.023827728544074188,0.9747915017484728,-0.4582915274227542,0.029035116938345484,0.675138706316649,-0.8429469652519511,0.15755505298130165,0.3884376927310992,-0.09329708275032922,0.29941418215547355,-0.48561429658278793,0.7092064954824565,-0.6534563793589875,-1.2483297665412492,1.770582911779616,-1.0593944137291122,0.6718470284985344,-0.988644276850706,0.2517898506866146,2.031677371447134,-1.1092051386525408,0.08169290046415112,2.0108744266303415,0.35017516145482774,-1.1110485997958175,-3.464098171714806,-0.14018755730870414,3.9257773017492346,7.738441091119622,3.573581613238928,-6.163748695025833,-14.388765806087417,2.9856893835588316,2.1286505788385988,37.91425902833427,11.157004865383614,12.455775122707355,-50.76225450901822,30.261242851734664,-3.693277689066051,0.0
0.679710590093483,-2.5285359652999215,0.7545043125313525,0.7745965396629214,-0.034642117987129885,-0.008729787510367133,0.63144589254632,-0.4600257328894794,-0.02521221109538319,-0.07657427845508746,0.7261149506120639,-0.29261966267027817,0.06794425367264993,-0.5939066379647716,0.047939546467763154,-0.01651434004357421,1.0101118833643836,-0.48090831341689216,0.029211709458986868,0.719331226042157,-0.8351514347181398,0.13195240139346928,0.3181024452449387,-0.14033844501200415,0.35024230159813724,-0.35634445859012626,0.7584784434683985,-0.7564671921292205,-1.352914146793692,1.7103699055812174,-0.4824846003282337,1.2908107081121223,-0.695276678349437,0.42193759020466665,1.4449001309026595,-0.9658069573120969,-0.008691123405889864,2.361914788026567,-0.07121050128603991,-1.7164716905269097,-5.112721017474254,0.1994608993971282,1.586551302419833,-1.4873549111113065,4.728657232356802,-5.431416531722734,3.2470603041816206,-4.704197842626753,26.455827829923155,26.746728186717785,16.628479281340255,3.000128419346658,-39.677128386773184,22.667808943020926,-0.6698499682537795,0.0
0.694569922555406,-2.5451756506002314,0.7568434626588626,0.772336495245111,-0.03125948079728756,-0.008031617044260426,0.6343931557799454,-0.4659204444636817,-0.010209353682191204,-0.09298865786632803,0.6983409743941728,-0.25893151851228025,0.06478201374722695,-0.5623806065820189,0.03685850935076338,-0.0067795438730330285,1.0325731509791947,-0.5049576507589683,0.02678157531010846,0.7629257480069092,-0.8330648457407637,0.10040968823312942,0.2791123370739352,-0.17620152732362473,0.37603154781750825,-0.29620761698400416,0.7714086607514986,-0.8566865295225041,-1.376012470470843,1.6645280775754825,0.0237325914609946,1.7470144973394908,-0.43654092930687294,0.4958303129464589,0.8629614036371009,-1.0868177456813757,-0.1278436386401834,2.232055292285148,-0.4246434809194307,-2.219262198521901,-2.780478077624801,1.2892990607734682,-0.3548065962599823,-4.602781079902676,3.923305589953061,-2.6287600100777975,5.202861247887454,-2.8064370066893707,18.568830010235242,13.213898179685577,12.768151487796178,-2.575768258969405,-26.401154195120004,22.391342432261883,1.6808211776364792,0.0
0.7102726038128675,-2.561784878821532,0.7585347185343916,0.7699799767870213,-0.027775487745234945,-0.007697899768546817,0.6374167396348535,-0.4702417326551353,0.005096789779406738,-0.11081019100085418,0.6691496281173033,-0.22549437111423076,0.06808292475946957,-0.5221225381200474,0.02982063108793293,0.003875501022359461,1.039851707511574,-0.529104018614766,0.021802183097588076,0.8026819469073581,-0.8331007417909994,0.06498629287248148,0.2909951387555506,-0.20416167406670466,0.37118859238640783,-0.22571004502728984,0.7728369426258395,-0.8922666047536157,-1.452578277555735,1.6599711974524454,0.310661212669414,2.110230761163425,-0.29558842368290456,0.5224390372760106,0.12027814520712782,-1.079450634546779,-0.23879802471285438,1.899741492306899,-0.6693683072927168,-2.703612639097827,0.6905713395438197,2.4513913997794137,-2.463707670275342,-6.569009306371124,1.820707499004116,1.5672739291582225,5.8562708879407515,-2.568029536133437,15.80337510138643,1.4190072796242328,5.309706706772943,-4.328002527787166,-14.474456071030252,21.380280821336797,4.009448174139681,0.0
0.7267613455214441,-2.578389219448326,0.7595114189358071,0.7677206532334276,-0.02391616990033394,-0.0073936642843503075,0.6402955170423952,-0.4728276600804097,0.02055127674635859,-0.12890316056366283,0.6377138305823968,-0.1919783595817022,0.07466169731131916,-0.4743023039440169,0.025006310426197276,0.015453926652201171,1.027493522794517,-0.5492041992229032,0.016161118493146297,0.8404431307628464,-0.8340969001445906,0.025982999013677833,0.3390712717962074,-0.22077931979629403,0.3385137144898616,-0.150013227973374,0.7723914249268337,-0.8790057203763985,-1.5636763828111404,1.663478062792219,0.4354998096850073,2.431029295130863,-0.22536679243790986,0.580023808051112,-0.8475324588306836,-0.8768175122592179,-0.25475507613620074,1.661049271412986,-0.9074074810113585,-3.2541522523122364,3.458644085561101,3.9449926092114653,-4.514458431968576,-9.163256480925048,0.38734631621054805,5.064128233189737,7.520614977311639,-2.902801106222294,13.909667730437068,-9.457270599686662,-0.19836883371314062,-3.470841810938283,0.44549977617299064,16.546075098473615,4.543788899909066,0.0
0.7440259322047933,-2.5949703853376915,0.7597118222066372,0.7656101378225452,-0.01951548408973883,-0.006870143738632752,0.6429720552785304,-0.4735345211772851,0.035900993288932176,-0.1468227039693728,0.603441706936288,-0.1583758609077456,0.08246055919349878,-0.4182543112146231,0.022129935598098484,0.030491663921364216,0.9879906467897411,-0.5602939830198205,0.013861128371123485,0.8784919294672988,-0.8333932429938619,-0.016866692915203898,0.41284539641638507,-0.2285775891550119,0.3136326495341475,-0.07112366804078377,0.7526471460792763,-0.8564183031834969,-1.6963104817223587,1.6558983065975084,0.4839407543140018,2.8158564514550157,-0.14404127197141953,0.8080286166941724,-2.2120835023803362,-0.45241484297775214,-0.08061238169067218,1.4883752174188747,-1.1232644536173162,-3.9568440486243572,6.069476800153762,5.722061060919167,-4.954339326492107,-12.878964492738474,-1.3064881810656508,8.153709354895716,10.748543875970121,-5.442260686048477,13.900445979159842,-19.226608853112833,-4.475228417687663,-0.7347478383822819,19.917592723133705,6.652553022838388,1.1603489981641204,0.0
0.7620572582041837,-2.6113983561467777,0.759009315583048,0.7631789742824664,-0.014237297632193788,-0.005905810787576268,0.6460033080164808,-0.472821179186774,0.05069442045927403,-0.16347894696848483,0.5676237057446271,-0.12866929003707075,0.08960905040010093,-0.3494171615486547,0.021481878467856978,0.054953829187191015,0.9067225675981334,-0.5532704107757455,0.01948800801063225,0.9147232519796894,-0.8253138325011009,-0.06942287159530039,0.5452844596137507,-0.24112959068812934,0.4162730082012393,-0.06893236827986274,0.7091597050203703,-0.7233755374452868,-1.6640709867707233,1.2170370692944927,0.3715649118867439,3.4799277182976605,-0.07398870807818282,1.391693965394094,-4.356377398117208,0.40787110258245385,0.28691508356165796,1.0518079097817932,-1.4529598457279143,-5.013487685811554,11.647381221750253,8.629804547574524,0.7527842316990598,-23.92548288974907,-5.7835181092114745,15.297809728079411,25.620365137371127,-38.4586885253706,1.0275960456944047,-29.209187067011,-14.491619853307448,3.6263776219816863,48.97992941431546,-12.44150303775367,-6.910302802564303,0.0
0.7803513013629609,-2.627625783814254,0.7569584791177667,0.759494674807868,-0.007308195029247113,-0.0032585495958472707,0.6504643042307824,-0.47962144053690897,0.05632163050916767,-0.18327627866619453,0.5517128535182595,-0.1476574348710923,0.08357567338503442,-0.26006684271747194,0.015114600713056484,0.09019599350158325,0.7481188897072703,-0.5156911997958583,0.0345394931763192,0.9063307203309887,-0.8205095704694142,-0.15782049751252206,0.8971630019973181,-0.16983330341470754,0.5910828681098821,-0.6231259460158587,0.009079316443116596,-0.8979186103448232,-0.39112356915585345,-1.4963491011141117,-0.2321925641588404,4.421664703394681,-0.6357449990465927,1.9344874629184672,-8.467336535325325,1.802620405709124,0.7027913448624014,-1.386272002091101,-2.548970931557083,-7.785997770334798,25.98148612577944,16.25188533881202,-7.610069297183735,-36.30428166876736,-23.867886735268105,26.30050838565958,29.187824329288414,-5.8781255409768285,16.89696251662508,-65.23475727751023,-42.45375635521025,3.705165711934309,100.78135656523725,-49.30285805619217,-16.154340626158387,0.0
0.7983019520239104,-2.6447518960985903,0.7529471515937542,0.7565812253579498,-0.0013386646231980485,0.002407219028559013,0.6538939231323669,-0.5157114647574315,0.06084459498271301,-0.1877769040638271,0.5919072965963156,-0.22550690134099935,0.06142139041774011,-0.19889292173074685,-0.006645052483620482,0.08707738877638344,0.5765533965319072,-0.39530335401262057,0.03986364438464268,0.915447196104459,-0.9018480921649291,-0.12965339925791539,0.44292391044514073,0.24221527362678663,0.021683652664292785,-2.1079217963676595,1.079206029664725,0.5966815221435452,2.5725280626736486,-3.8681469161819506,-1.0121485534467503,-0.4393006057672709,0.1984839849640343,-0.7026391960382234,-2.5307329136737455,4.865292160732859,-0.39310872478217596,3.848006403811582,-2.023576189031803,15.594054965581494,-60.90045657534826,8.06541128771211,-39.456577039874475,33.36363334201158,103.0476792484597,58.36922448749508,-14.89796193543745,66.11017038452962,26.97106750637168,-347.21045972716286,218.27551463728568,45.45904765198222,755.8864777011189,-691.3303589765611,-84.53601586611579,0.0
0.8170965451617076,-2.6629679750986406,0.7520968449277633,0.7561970749545619,-0.003236085572749837,0.004849148417792834,0.6543179634856074,-0.5625199576582973,0.09341281018324273,-0.16246581896214682,0.6676856196954317,-0.293807397017417,0.03607214548751818,-0.24370424267343294,0.01980836927534893,0.07035263763670088,0.6037812282380455,-0.36880665696827664,0.01676444992000573,0.951355710981394,-0.883760582799226,0.02552965877890301,-0.20637984825576142,0.2131840323500038,0.23749043929980213,-1.9690083951364992,1.5871803374631583,1.151461789792235,3.7521523143648756,-2.7408005693893207,-1.1327896958009198,-2.4216308488890483,1.700692770770589,-1.1055300608378817,2.1858724559791316,0.22862498480284568,-1.4849256937880664,0.7241197080479501,4.773298471507491,7.009942723306365,-15.783199685299214,-18.457051651324775,28.048348832869934,71.7667074583615,-34.24877914172633,-44.351151060216516,-62.043743649577145,73.72081746525349,22.954230708511822,50.238645381800175,10.63699340511277,-36.53125475476974,-38.06363591043085,-23.85666928638923,-18.607236170941206,0.0
0.8354611590773503,-2.6801167185821533,0.752969022637897,0.7547355956609627,-0.004969696648259894,0.005847263189791875,0.6559842164798676,-0.5950011302651159,0.11059339679406807,-0.15087751258477272,0.7519833626089116,-0.35041181612697314,0.02016492655143661,-0.2895667179171149,0.05031866004430401,0.04987349023834062,0.6434101174929254,-0.3649569250754549,-0.015477214914286355,0.8915716290681024,-0.8290208654799156,0.06401896527026436,0.08022993350388896,0.13335163829332172,0.22292334857172078,-1.057497552912483,0.2999489345850299,0.28498463711405037,3.781388680620459,-2.3886070326490922,-0.6243640110920673,-1.9665254951256592,1.2984765617511467,-0.9593980618584205,1.4552863597245242,0.392210909005588,-1.5962010369342392,-2.894132626262198,3.378375152512263,2.508601421136754,18.114519503623242,-7.585368985596721,0.5420607579354516,76.89676628102684,-57.48000049925738,-17.515669315681595,-90.21000605356272,58.170243823186695,14.484978373289003,45.31674553945436,-28.783859707288748,8.233583646895942,-72.85366808242989,31.915426250573944,7.952229398016714,0.0
0.8527513064058385,-2.6963794779977044,0.7542540575674838,0.7529027685389363,-0.004271626134902874,0.008626950331123798,0.658061357370689,-0.6113558246660924,0.10644775771780837,-0.14735526404034963,0.8248108354934192,-0.39529402271982167,0.008958847948281404,-0.3243068900820819,0.07096100323794191,0.03155629226315234,0.6615150829993904,-0.35176914778366014,-0.04507295738376886,0.8439209851712757,-0.79884812586146,0.06887898043166761,0.3672919921955248,0.1769318604839825,0.3110537846505679,-0.47157834154775347,-0.5565112888638648,0.20313612517020804,3.049014502778391,-1.869873436385868,-0.471475779320627,-1.535547761740829,0.8114277805926364,-0.8607877995049474,0.46442065638973823,0.8741983391447286,-1.3850713617132773,-2.1497089782981633,1.5823196092983103,0.69787112478727,15.202325180880097,0.9439594234963856,2.4572793486308084,45.34434234235549,-33.96438430245115,9.851794697035713,-89.122404880616,44.402049591946096,9.900489702288166,21.356584971556767,-23.856198830186084,7.617236020829842,-45.1216934564949,21.96246094784202,10.133741102972696,0.0
0.8693153645446734,-2.7120189053140353,0.755629315590696,0.7508196260559136,-0.0019440613112264387,0.012679785877360798,0.660382716903601,-0.6167902023905816,0.0895993348880961,-0.14379952525607287,0.8890957150264225,-0.4319717920438014,-0.0016317130904124283,-0.3499863195523295,0.08466550985787458,0.015730308638758284,0.6618532812250568,-0.32991178211887695,-0.07002399687205602,0.8167799550045155,-0.7685126439748802,0.07152997008815651,0.5086125921138411,0.1324226930592652,0.30148934252481374,0.018059689453821887,-1.002575768670894,0.26828451781211216,2.8610905550616117,-1.530040181420057,-0.46587450981122147,-1.0995763533301375,0.5830734121819295,-0.7191323389461004,-0.30171078496335224,1.2470126057256916,-1.175256912373417,-1.153841436467933,1.4006728011360445,0.37979257070991806,8.257075431245951,-1.9714899484044155,-2.7981023531922005,38.16076118192853,-13.089717644820514,15.560972348739911,-65.78801857516395,38.16732032026519,9.29728537060205,17.882973581571996,-10.883643982603743,9.017523997746498,-30.63990978525301,14.76445291107566,5.8248798502998245,0.0
0.8855202323910073,-2.7270812967729365,0.7570739616772934,0.7489923567368771,0.0015461080276078295,0.0168743855315597,0.6623619208655029,-0.6110028331149892,0.06813727153201066,-0.13559190486382738,0.9424513112976277,-0.4612550150374586,-0.010051954150511345,-0.36751464587188576,0.095443819022831,0.002647044839417599,0.6492573107988174,-0.30203060543161825,-0.0911480638956949,0.8055574987035315,-0.7421133941569091,0.07226075864698292,0.5679939170145454,0.056190896527848117,0.24312779746664068,0.5596232627302041,-1.1085921157746739,0.5403403376904135,2.241539359856323,-1.2261030548301641,-0.3586446690107949,-0.7280806443607708,0.5024794203533561,-0.5913945221003631,-0.8467924103246458,1.4855660916228075,-0.9983342724298832,-0.4653944482723078,1.0473761223833438,-0.16590338663250898,4.049619345892492,-2.493986834350502,-4.095606822190341,31.086109452595625,-2.785095127565052,13.829448023222879,-60.634659935929996,29.431722589576168,6.998537704673098,13.041613167668304,-3.7129837529843464,7.969576681161161,-19.1968086250907,7.419965183675481,5.434061392490617,0.0
0.9016438819260951,-2.741661080335012,0.7585344827260242,0.7475394510993905,0.0057445708439706955,0.020573192499778452,0.6638738680699888,-0.5943744370868812,0.04623286949733797,-0.1223397141539999,0.9806606280429788,-0.4840193481563474,-0.013898062149929896,-0.378422709623358,0.105696363791389,-0.007918107170255718,0.6280975995449474,-0.27136008292730673,-0.10349559213966267,0.807244466415983,-0.7210676751928382,0.07091678756232278,0.5531477113703306,-0.02794950434703977,0.19022013347975367,1.0423646351253189,-1.083379388818471,0.7342263549893678,1.5327851417942924,-0.9518745893190882,-0.14328797014931963,-0.4494983737476694,0.5186039649294424,-0.4826019534064796,-1.1668055854120067,1.5633778606892905,-0.3368143590319841,0.16924555402544583,0.6293137841614794,-0.53370568040693,-0.17971433030342737,-1.9351822053659087,-3.0361486495624543,20.921831824053427,1.268086324505298,5.234725308232962,-45.97747547113137,22.467209748865958,2.7157479404374842,6.212634585122417,0.5580312761569298,4.484519379699922,-7.03378119710777,2.368111132383482,29.604108512860805,0.0
0.9179100881189532,-2.7558787786853887,0.7599805237314876,0.7463311086716354,0.010129450810563833,0.023385703125534653,0.665086745729134,-0.5691275656296535,0.025241875998690957,-0.10604374216954454,1.005098486998365,-0.5007924702300208,-0.01324026300964291,-0.38461987460942887,0.1165603115204731,-0.017374578180042767,0.6019493173297928,-0.23963893261582322,-0.09830358930494192,0.8185390938298723,-0.7056060109476822,0.06831233730073251,0.48567188561248126,-0.10059284452876403,0.17114612655954858,1.39837639668573,-1.036490140843149,0.8356934678999637,0.956916183459189,-0.6928616730289503,0.05119588666089923,-0.23885768078707184,0.5634911121324236,-0.4712563420046871,-1.388171632908724,1.617099942694575,0.5733207105712845,0.5954179621447551,0.3139422089287886,-0.9037817140232887,-2.514693032420543,-0.9773903169253554,-0.6136819580504269,10.718349239230468,0.4669772013903399,-0.9382055478091866,-28.356758810243853,16.640045700192296,-1.4182006339624689,3.788416827316304,2.1190865609515575,-0.1817535734086436,-5.242789985921401,3.228342313496393,26.20726003719702,0.0
0.9344583039698723,-2.7698401987203756,0.7613264732941322,0.7451247911330905,0.014339278676624677,0.025238884519684576,0.666293050717254,-0.5380747716177988,0.004691685466197526,-0.08799481709464912,1.019650413356785,-0.512989893076563,-0.005178577092613633,-0.38719506414523014,0.12828887916837275,-0.027212946558814847,0.5718847630708341,-0.20720893232796056,-0.07400121150996906,0.8345993150259806,-0.6951259968255711,0.05983161326206063,0.4031006196863385,-0.1484049673329765,0.18889659072934037,1.6187066662991183,-1.0424887689018507,0.902581390440907,0.574995661442309,-0.5036723113516324,0.3981428555205432,-0.08093263091592658,0.6061132195825464,-0.5147437795050627,-1.5707414696276638,1.6471920818107368,1.4863277223002107,0.7796206682702483,0.042056417629814186,-1.386194943204879,-2.9325027628258677,0.4996256308058229,1.4343687618188703,2.1288039503435376,-3.0173659044865073,-3.370366003379236,-13.797254102017636,12.268003265810767,-8.22533626849705,1.0375634052239822,1.98065990247299,-2.6988585976713244,-3.8174673766725777,2.8841497561405496,18.014597499258684,0.0
0.9513694631652818,-2.783659150462635,0.7624366274966399,0.7436492087222616,0.018050232750903842,0.026346974154059965,0.6678067687717146,-0.5040934602679148,-0.01676132458439882,-0.06876738325368399,1.0278548725339245,-0.5213672853226256,0.011047619766320368,-0.3873640478606758,0.14065269029719193,-0.03855556192705589,0.5382775665622196,-0.17449642544332375,-0.030877885468447074,0.8541646853744412,-0.6905424876445159,0.04415840341135752,0.3145495292562102,-0.14861485350712758,0.24789183200595544,1.6999758941969825,-1.1213226028567627,0.9545920951467451,0.33531978290441744,-0.33961192491322423,0.7585039270078174,0.011136186561302476,0.6318832558877477,-0.6114489649642064,-1.7474343613938879,1.6611740176491154,2.3743811050123034,0.920019820706865,-0.19408979732394296,-1.875402664951379,-2.905920804130998,2.52531053748898,3.3965569781164784,-4.815100977343785,-6.7118679796185,-3.882993609471431,-4.288066639075957,8.614407518327786,-15.73856938594769,-1.5616094627219472,1.497081901299361,-4.705904510926263,-4.09133668384813,3.4297096117973482,8.0023664767775,0.0
0.9687178847192685,-2.7974336772360284,0.7632152660192215,0.7415670885767021,0.020884340375615682,0.02702365047188377,0.6700088206748654,-0.46943316240293953,-0.04099278825166781,-0.04928715117084793,1.0311451494494213,-0.5248922814486418,0.034768417100539656,-0.3861344959132154,0.1531231565241942,-0.05263644685534086,0.500573800584897,-0.14186234181896387,0.03213359183422981,0.8776256056317716,-0.6900581722143804,0.025007381338198555,0.21767276581879433,-0.09601424451080359,0.35942402609266394,1.6888129825360811,-1.2993315033217077,0.9546042961933707,0.12214610239337075,-0.1153420976309606,1.0829278002692908,0.061291044117803464,0.6291102338336462,-0.7718055587162536,-1.9712640922300781,1.6537147713800204,3.339076658169558,1.0610266343401558,-0.40059510977231105,-2.306031416139413,-2.849803710378542,5.238056810604035,5.284916376371518,-10.40309891992956,-10.240161124041881,-3.51150474041739,1.4118475434969302,4.045846382931591,-22.570248337639125,-4.78573576178049,1.2726176877472128,-6.013652462667004,-4.521987887975489,2.602893615598358,0.502709975705371,0.0
0.9866583059039727,-2.8112624863513695,0.763759526299641,0.7385814207843125,0.022190948369017253,0.027498135363947598,0.6732376246424567,-0.43497371478428754,-0.06906994541234678,-0.030889953653565356,1.027361519259135,-0.5225157022815223,0.06356248117475193,-0.38485442286625715,0.16641786637263978,-0.07004020110078032,0.4597082897297053,-0.1205236858972977,0.11500272530557615,0.913966183027527,-0.6967198811022495,0.020788991656739562,0.05114383969825531,0.03134050667490304,0.5006080157230096,1.6572159883449613,-1.459331665996046,0.8855917802843793,-0.2652250430908361,0.14902999295309188,1.2889179451855715,0.017111257237049374,0.7426539971575541,-0.9414757153862864,-2.048075720668772,0.45342924196504497,4.1022754229244045,1.9476295463484603,-0.9105146756674823,-1.3273659768344601,-8.093458031392215,9.252889048518355,5.770277786995798,-14.071143898715368,-3.837727586584811,-3.351122241601374,3.012585075960274,-1.9489668626357302,-27.202425385588214,-8.641446967184578,12.717286322519818,-2.8635387154982523,0.5096686115835309,-61.46369382421942,-25.34248584899283,0.0
1.0054525580030895,-2.8252786770668736,0.76456518171,0.734759075144343,0.020979641326920987,0.02777720436840368,0.6774344123679432,-0.3979097106256306,-0.09883312490946358,-0.014212843523044949,1.004446798958394,-0.5074632338776799,0.0914991382246651,-0.38444800940878715,0.18004314139358796,-0.09511214633618088,0.4168518320315439,-0.13067643473332705,0.22017688851905123,0.9626069637734571,-0.7095091586466271,0.04207480084472449,-0.1826288860583477,0.2227976136108893,0.6103750765295954,1.829655404980801,-1.4705391555165161,0.7965918747898569,-1.373013852665749,0.7543894005513488,1.2085480301251097,-0.00995542404719777,0.7354043278521948,-1.4482625191359668,-2.2277498425837803,-1.2951645953044635,5.295165359523865,2.6516864489457603,-1.3985995228020154,-0.8576661048829916,-12.176695974618559,13.279165831223574,4.7497184164839314,-15.869286324815539,4.785416238571237,-2.8941438379785023,7.44805770622559,-15.525238466784943,-26.574884656062135,-7.087659613063422,15.159980150658829,-9.953472098339372,-9.015287648357374,-79.79541873331863,-26.49092341548207,0.0
1.0253516463510381,-2.8395418485098323,0.7654035636901257,0.730453146604658,0.016655783710507042,0.027839051102713914,0.6821918884874291,-0.3497751912127385,-0.12266192100014844,-0.0029237032035639428,0.9334514833810024,-0.4598013521020097,0.11467516468992175,-0.38737503666988826,0.18558034744408383,-0.15211508078331576,0.38120523257315464,-0.20109372904108008,0.30684429664187396,1.0253200705427497,-0.7208947614178487,0.012246822292258378,-0.43977435143898597,0.4232897527738833,0.6546189848503131,2.5003022920759777,-0.9332040820828709,0.39059060005274615,-4.072645783356497,2.3300013505258685,0.973527343550097,-0.12983465758872995,0.25761498834656327,-3.6784284392047693,-1.8454694731618226,-4.7232191082740576,1.4246867751431922,3.5871029545955646,-1.5333193560751481,-5.22522652631591,-13.838039506782549,14.684967690650684,2.408618156058509,-18.50252513770437,30.69636968021563,-16.03037520362143,25.458016282179116,-50.148458186545234,-22.45342296315527,-2.635411413296322,33.64945958249753,-21.02490013384565,-20.14542163852237,-61.2650082666531,-240.59655095037954,0.0
1.0474265540013157,-2.854567138135636,0.763871756409329,0.7279161654292933,0.007905994501691254,0.02619283595691628,0.6851200527660744,-0.2835959493373155,-0.09848442275177205,0.004559593100269177,0.7759127527599244,-0.29242531037614383,0.17561118129764708,-0.43809455621605936,0.20364761764829495,-0.19245172899065296,0.45884918736414043,-0.32291160288859455,0.30891371989645683,1.1749496473817707,-0.7579921115177147,-0.17009620389229618,-1.1010318547809705,0.46079095323713426,0.5614216002476867,3.420591023373696,2.5489680842911318,-0.38078798664596697,-8.524338650390083,8.430720988803497,2.9248065564751,-3.2905983174332363,1.3050794972568678,-0.5324760115342642,6.177016372659513,-5.067202582926482,-0.39338220485651715,8.366749457118361,0.1139975990717173,-11.182875577631087,-44.05913524395029,-6.798318145894651,52.33594195752541,-31.590792185138326,122.22292495118039,-132.53157006115836,87.18123766330444,-157.7013221290019,-58.465458505083305,-0.702511358464669,18.878046244926914,97.89685147008515,61.09283982365747,160.69983948497327,-21.958520222608193,0.0
1.0696103751274315,-2.8695862576203073,0.7591139502000528,0.7218844199252195,0.0033056355151775503,0.025225129981077076,0.6915458407513615,-0.21779143065905987,-0.0523230916804068,0.0075458819555336305,0.6267672865257314,-0.3351197042465435,0.18547924004650923,-0.5379024128340976,0.2159600818517418,-0.10221593890105139,0.7468124807371356,-0.3814168038378799,0.27278606600280203,1.0699989424176224,-0.7193041348903197,-0.2522324309416645,0.007420731643595274,0.011772757061994432,1.6251157181330793,3.028354485376809,1.610484204900904,-0.34587992132417245,-6.6542072759139215,-5.338509834120641,-0.5186667165927759,-4.083033411991317,-0.9619512101065997,4.868348306932314,15.30170409000397,-1.2690062697223452,-1.8105686082704529,-3.2311344382680582,4.022552725443788,0.8691232421534719,34.86404518644031,-28.567841932775487,110.16220157955861,-49.52613816797463,-96.12674581654802,-109.54463524436791,90.72593472264501,-49.679578961850524,-39.72910724604942,216.11273806965312,-226.99454179157223,-105.1085658335903,-214.40010800285216,122.53525501357946,26.226291264431495,0.0
1.0917389963520174,-2.8856309394367523,0.7532542531817294,0.7031759719741573,0.00017574273500333304,0.02744199396800962,0.7104860720096839,-0.23582072884931815,-0.016870887196277683,0.0002873145670056875,0.6081414428319523,-0.4133629000099717,0.15626493947182732,-0.6012160840033061,0.1771907919342096,-0.020189445206977408,0.9993144926214529,-0.4580485046480136,0.2574388833802173,1.1276943637975234,-0.8430107516853594,-0.2725213820339878,-0.13716936203643415,0.6490085572539733,3.2854378852838355,-3.6078638866532953,1.2330115093683376,-2.064839523801303,2.9196874174845,-2.0028445820325294,-2.0344554817470826,-1.950166630036168,-2.8902381319871684,3.567283353069218,9.522047270368537,-3.920321321471929,-0.4438624651845261,2.5260525712062223,-1.3019726801285327,3.535496451695941,-4.909915117579085,9.453764878401865,42.06430091287317,-187.06007492943954,-48.01427665531033,-138.5175426052061,263.9976513132323,165.59557877265757,57.16033555700347,159.73623628131622,-87.49010982044959,-36.22653366898363,-365.9349906468424,51.51660269627993,10.69865077933629,0.0
1.1146129073063626,-2.9018527267035776,0.7487754221282096,0.6820898846683021,-0.003369091323439469,0.030539265175567296,0.730622605549112,-0.3134828517434356,0.005507092581949432,-0.04137343827275183,0.676162542247231,-0.4280609430280823,0.12789759563196804,-0.6095496751101391,0.12275728410390203,0.06923194310043176,1.122510702341908,-0.5274554846574909,0.23437166499665923,1.1545971758909428,-0.777829280013518,-0.19081948511598365,-0.055353348414542404,0.39108844480531463,2.49645218560017,-3.6504083372024962,1.152217293422849,-1.7892335948121838,3.1166729719020814,0.01696321048563909,-0.9015211648759196,0.7182455776483909,-2.7139379976030633,4.758288209150933,3.730604448035506,-2.980516193253431,-1.1620766043301975,1.0186133991040587,3.9276809511636546,3.055731445288623,2.9581844326157087,-16.63954607914447,-51.437104549028675,50.78046992689863,11.563819785695843,47.4849843239591,-68.3659252805009,64.80377436089911,47.283312654445865,110.38776062121582,-9.845143526582525,-1.6668758532833383,-236.27615782341104,55.166968362843164,14.695441036899618,0.0
1.138242241116333,-2.9169027348755643,0.744982314903036,0.6661601391835487,-0.006379435452468321,0.03173672216720437,0.7451058664594884,-0.3827274699829873,0.02970912381570324,-0.07667513461682038,0.7315601912317455,-0.4235460260351531,0.12939230489985173,-0.5710606595943958,0.07247284449230662,0.16167341932369814,1.12028597675908,-0.5627163395595988,0.2155969856674265,1.199361337075248,-0.7349173040745391,-0.20206152259923615,-0.20725086186859137,0.3171055433683763,1.8040044454210395,-3.229674582751034,1.3098242833814144,-1.6098207852799202,2.3356081430870397,0.43743124655499743,0.309044979174932,2.4987123172290895,-2.4870022251862713,4.222551049778577,-2.064564311978441,-1.3767322334038932,-0.820162422952601,1.7905490481338642,1.5838835400732938,-2.3584075586474,-0.6401426375729635,-2.1438465252189443,-41.3081650854962,27.826600896753412,15.201424083342776,26.92066112175193,-52.675566302683336,24.984805841951168,3.2166708807320883,30.836559847601468,-5.583813329661853,-64.92408198106227,-128.22295865869478,22.26418836253587,11.671778450001645,0.0
1.1617266743041035,-2.9313419489521797,0.7400037413458539,0.6520294747579015,-0.009457977111415054,0.03229798747414683,0.7574463352086502,-0.45849103691386583,0.04662120199006315,-0.09906548986449426,0.8265849558878562,-0.42647640439875484,0.10965332703462523,-0.4808604249330515,0.005429022702121918,0.22387094403145877,0.9072334011841012,-0.5414955241361632,0.1811102797834829,1.1432770184422478,-0.7138264292757942,-0.3282746553222615,-0.03454362856519585,0.28767060469333805,1.7682544810550709,-3.7479764852871233,0.33226626591255115,-0.5185635348720199,5.287688453339087,-0.05269344523745388,-1.0379660163831312,5.1827960133937845,-3.932485396446048,2.3576344479472593,-13.984551499804464,1.233975134159142,-1.7061374113493828,-3.67764428975677,0.2551179597604718,-11.771367640607002,30.562759327433334,-0.09226009674900353,-22.00472470207686,33.189811231220496,-64.76496792189967,69.8174701676228,-29.523478508207628,8.013625464129662,17.92289087100802,-4.757321340586783,-48.51599322702069,-72.16391230851993,-88.49042643644741,-40.9576250378041,24.76787313437686,0.0
1.1849683696702729,-2.9460451954324336,0.7345986394245408,0.6413000691629317,-0.014301462356026855,0.03134550361204419,0.766516241751866,-0.5325219132205703,0.04842072204715578,-0.10501580231420811,0.9428309947534784,-0.4482356829417719,0.06536892248175094,-0.4431739797283629,-0.034358802065575234,0.20298146680713042,0.7266129609952476,-0.37756976654598334,0.1384309883876042,1.1872763644280304,-0.7504691679517318,-0.1294327194978734,-0.907398421082374,0.362049710686818,0.9471085874342215,-3.1937891057444854,0.1441925929004949,-0.18622647031747866,4.926978167464165,-1.0625806596970793,-2.0996536722458328,-1.3550184395346783,0.854435456558069,-2.0526091269706015,-1.6381652057441516,5.060269109387458,-1.9683372794713363,0.49246176202713193,1.6341903164854112,18.914037087084125,-49.137320803611026,-12.187106458451789,-28.908485190160075,98.5159767785069,-22.13751758855516,-9.767212612515115,-156.28745403870067,21.189228307805685,41.33956405026495,-161.85807731004047,235.05681265666541,-2.3828655494228888,486.21959097106094,-543.9217489059514,-10.958763655355853,0.0
1.2079683918275945,-2.961026397785173,0.7342697975745289,0.6356138330109171,-0.02393036413064668,0.024838801561824154,0.7712362977030552,-0.5912025424294923,0.037886045340644034,-0.10559041360769855,1.072574040651814,-0.5074595076223268,0.037819264246865804,-0.4864108581215874,0.004075256349045748,0.1619465566124028,0.7376802733571773,-0.32989602790886,0.09840078214426981,1.1066443272664663,-0.7271381231838574,0.08363906620681506,-1.2327376394516347,0.20815129671184038,0.5684145288558172,-2.175914361390258,-1.20795486318423,0.14259741799002656,6.352528937453179,-2.8722082239226534,-1.0590272330087338,-1.9541515608233564,2.2147616616378216,-2.05809787377113,0.583184954544233,1.6774845973253305,-1.9677144857392226,-5.393133454644902,3.451904319179092,11.098123958434913,-4.378076062150099,-18.8586113453861,-10.754676814043071,114.24449600074641,-79.94933686098567,26.89618166969687,-95.34660786553391,59.53246069666117,24.81546510118173,68.9470890993279,2.366065558458879,0.23674775448578053,-89.77610628579451,0.7493594537605772,8.743932642562402,0.0
1.2288931252218387,-2.975002345358766,0.7370819951313761,0.6301029892253064,-0.03044102049576663,0.01714138430755022,0.7757252994356502,-0.6121561100340317,0.0015460168084494895,-0.08424555555502432,1.1699162379380563,-0.5797585940747129,0.027952716955617657,-0.5137732315397868,0.03927958742543281,0.12012691457559373,0.7360451743747696,-0.29582836547399194,0.06329869609214642,0.9997358251771785,-0.6765572320972612,0.18033463153816998,-0.8677638123765814,-0.13591122533096672,0.7716895998048015,-0.13471849544328757,-2.3327760349415927,1.679748260243218,3.5165878815080935,-3.3082404697049066,-0.3457299148255929,-0.8303511858155974,1.3878662758866194,-2.068231124160951,-0.7674642648371816,1.8703511403417175,-1.5856712255342378,-4.813205719677257,2.263180129585765,3.5844494549950885,17.50003042238257,-15.498853165249677,10.502137816543467,96.62979182334777,-56.05042546257215,57.02838432254892,-149.52294958790813,62.29079909896003,6.249598189906479,58.79425990669819,-38.79622741306857,5.752585983899713,-77.38716985406634,23.601998455231655,17.86755647835017,0.0
1.2481799606300377,-2.988212023907367,0.7411003823073298,0.6244621460192318,-0.03287907641819381,0.010811620804305134,0.7802878336732696,-0.59297266624436,-0.0485457401214725,-0.04820099333538122,1.1869316429737085,-0.63235433549634,0.0380872585964251,-0.5219745286978149,0.0625852091590774,0.08444081527096366,0.7070866165042694,-0.25284069300486733,0.0353842483693997,0.9412339582150399,-0.6532877233637076,0.1993277343092806,-0.5374080066132282,-0.24886949360703947,0.6473287095202781,1.575499575195206,-2.5997486332186526,1.7914762767329766,-0.6029232836877803,-2.1956262704745453,0.5638357712688478,-0.18122107119201908,1.0193698364073742,-1.5975597232950192,-1.849992951985572,2.3159129066747988,-1.2669298492368626,-2.04028496202076,0.31439258399983216,-1.6682789664248374,12.26792018545394,-1.3316886804513088,-5.818697055663455,46.43906423501291,-5.664143620164492,-7.844346628592999,-105.34962738315869,42.641816048511096,-11.001900251577162,15.370517334819604,-12.768538264388669,17.572784183450278,-31.06936330924125,13.07752669673047,12.351740560680105,0.0
1.2666750208342439,-3.000960134876821,0.7450448913345109,0.6201952006086077,-0.03318124662034165,0.005633712658441161,0.7837251937359488,-0.5444802032362009,-0.09849097267248628,-0.018536829037585953,1.128944709587293,-0.6344017104214488,0.05555099545337292,-0.5197394348586702,0.0818735160906333,0.05686128463365938,0.6612280162961589,-0.20458804151262278,0.01474408220470709,0.9190450262418529,-0.6325884783574875,0.1720056636092537,-0.4013540340663099,-0.3096238291275476,0.44452011413238823,2.7457853732995963,-2.341896853965,1.1942239069607004,-3.670478494326789,0.3232250745667106,0.7915924444588028,0.180612024572697,0.9573133783164612,-1.2639092073385703,-2.4395609885453586,2.4088040028439934,-0.8743210194506519,-0.043560683589408095,-0.16308101522741925,-4.473449580779053,1.8039910543366209,3.3811621071768077,-8.400491014562935,6.951810147116005,22.731038371604388,-31.996142825194585,-7.037340457057439,1.2879512223029446,-17.081656528346635,-6.226728787412933,0.22034202825695448,6.529921632301615,1.0550672579531808,-10.057895383737621,15.558298020740063,0.0
1.2852820272133936,-3.013319649874758,0.748414845865485,0.6178018203677326,-0.033790347891063846,-0.0003531194613230257,0.7856074073265619,-0.4775270098090764,-0.1351960944255524,-0.0021004521948131466,1.0239714871756327,-0.5910899719475478,0.07477138419826232,-0.5147137680867115,0.1077720599120899,0.035980735656279315,0.6145570528087609,-0.18686892494915822,0.00194560719104077,0.9487046310992361,-0.6161104294257028,0.14471605911349314,-0.6526709929125971,-0.28701459307851956,0.2009891446321038,3.4054149565499254,-1.3815085919747945,0.5055180425567223,-5.289498875328861,2.2348389186713327,0.8432982347180368,0.19635977979306707,1.5971035279311991,-0.9252942614758846,-2.249931719085844,0.08956828783149054,-0.5669921977156743,2.6553981975313654,-0.6371118345944282,-4.021335883367978,-17.276447187503443,9.150943854973036,-4.702691669133928,-25.92934512867606,51.56359351265222,-33.813652326318014,79.60289557502972,-41.22974724398791,-18.541123630631535,-15.64870364160938,34.232329178050776,10.208274845690966,12.135344448069663,-65.36578709265152,5.1068226504080725,0.0
1.304861709848685,-3.0255602316070886,0.7506593029141274,0.6166892250524357,-0.037240715951972446,-0.00839214361111924,0.7862805483446867,-0.4005979040333507,-0.14455647487517162,0.009056753513778213,0.8884137445156115,-0.4913704003255419,0.09655018737739983,-0.5154776302158998,0.14057205262323025,0.009035834483515451,0.5768154552123257,-0.2093310560420069,-0.0021359952142092275,1.01262604816442,-0.6186255879431185,0.06442475504087798,-1.048904255330939,-0.12700655586639045,0.10165476854472409,3.706365600504466,0.1781273836395198,0.42533271675811446,-6.474841667986549,4.861826927943626,0.9540149296776685,-0.29354773297067926,1.7456576053798651,-1.661972582510004,-1.6767357605118332,-1.603896894795062,0.0959717318043411,4.198065306500042,-1.5515123506733048,-6.579442442692736,-23.386549340356183,15.247448821172416,6.205299453538602,-51.33122977864933,61.07142142685683,-27.72152334527855,130.66202713107705,-93.48531000138495,-21.818479674290142,-33.88209934036351,14.693720041742724,-31.748436631738738,19.67012708299404,-26.40989991872081,32.58506243763824,0.0
1.3260679405025997,-3.0381674069414433,0.7499119228046078,0.6150290352763672,-0.0440495862559292,-0.01764498113484296,0.7870753295323475,-0.3206930398338622,-0.116877924231488,0.018806295000592842,0.7132877448524637,-0.38200496430301506,0.13035950586314807,-0.5519610384974521,0.17483174825086625,-0.02047086614893589,0.6273531361368563,-0.259766519661363,-0.0026880433612682703,1.1058335334437088,-0.6439532333644137,-0.11161012914606407,-1.26979512675051,0.05605913759503731,0.4932518014016355,3.414297279250314,2.1240647348777046,-0.2712973236169888,-8.133762862069972,-1.1050135326263757,2.250550047607617,-2.3323271161243877,1.457189315566482,-1.4130576089165687,4.045022968059705,-2.3079063129845343,0.15690116880356922,4.0054774238203095,-2.718234016365299,-6.029870202362021,-6.691706165495665,15.071722492921602,56.42195958663595,-126.77492932272135,23.44681197849892,-177.24781896690956,223.55430270206597,-874.0340400984343,-201.31044646335707,-15.4461506988452,-55.924361493639914,2.347916492093518,35.88472317673476,65.97882640638832,6.2206600648104855,0.0
1.3468560417555886,-3.052088235732537,0.7494079615948722,0.6093831378287232,-0.04821240279496071,-0.021164216729125714,0.7911256736303016,-0.32012401470382135,-0.08644679144643662,0.012909019350879318,0.6658779716638231,-0.40788744950817907,0.15304146822370976,-0.5972211442013095,0.17421342969012932,-0.045325309212155,0.7294765795206926,-0.33144640359854477,-0.0038278452504155558,0.9711441259738662,-0.7060266761098976,0.06846786223400046,0.03096282705317069,-0.05449977085032729,0.6643635902613996,-1.5732856837386042,0.873129086700001,-0.42000866371289136,0.5431628035983099,0.09295945250443527,0.08250652591073765,-1.5831755900210434,-0.9973048021177815,-0.6940918532098354,4.734227077703987,-3.267107132722752,-0.09308389100773916,-7.34424281021905,2.2272044791461223,9.17717479929678,53.84589813350933,-29.279782917468477,-20.987158861883643,-32.2910482645952,-49.394663608659855,26.058819850435544,100.99071398124676,124.20735887837657,-81.4830809305528,112.37846586799044,-69.80894134056376,83.24544982291927,-99.82398267769517,70.6387876523235,-0.7632634333442843,0.0
1.365801013876128,-3.066261372670026,0.7513489840937627,0.6062541734203764,-0.046194330927355504,-0.019072333027040034,0.7936990658388456,-0.3596587461559038,-0.07190708599550336,0.008900442487936153,0.688364047565464,-0.3917813404019898,0.14582974944580224,-0.6240218410358387,0.15059011366196037,-0.05080524635553354,0.8243105199389416,-0.3902787013100495,0.010556673262015884,0.9311078502422542,-0.6971480146023137,0.12087208141366457,0.41850194482577224,-0.10826842043581208,0.16101315591947907,-1.8422322843360992,0.7016252223586273,0.008352051041065033,0.936948149731674,1.2539456492623529,-0.6068050206190488,-0.8663254880067385,-1.1851793560036552,0.07011732688399298,4.0552437492318365,-2.413303599120025,0.7458948415331356,-1.463080966909968,1.9392548749810485,2.5220945077779526,11.332458341322479,-9.087322659383604,-29.114773786484253,38.656899041832936,2.8571086457358823,22.988867777804046,-54.140077266996094,39.69497149823606,-19.520287657108735,65.42208675292221,7.981229862982015,35.52085455827708,-110.61328560487357,59.11779300857402,-14.079837285426603,0.0
1.3844033538770733,-3.0799333379161338,0.7538351186490049,0.6054805932315758,-0.04240720527928895,-0.015993338740652056,0.7945684950186901,-0.39161324191452984,-0.05930373804472335,0.007640226989072277,0.6973528429247182,-0.3612125184952541,0.13215573745365672,-0.6333311317647241,0.1252493828174799,-0.0476111111171236,0.8993640898661909,-0.42819962155760494,0.026648174026129758,0.9339208234774496,-0.6700759130340093,0.12824499756449315,0.4787151867206205,-0.1353874281065982,0.08160433342245303,-1.36374082007694,0.6371390854309859,-0.10662476332301378,0.02814014793381131,1.7007546182828883,-0.7611433013045699,-0.029125187148790463,-1.2365992793577034,0.26700626393935495,3.1134037594297093,-1.486015427718435,0.6970970183297717,0.7788393097521982,1.5512988238467555,0.369983134871528,-1.727511660023026,-1.6897877062833557,-4.793155631933747,25.6002495793941,4.790314903784399,-4.274852741432768,-44.560600722927404,14.929845082133332,-8.949945901830603,52.36670888939651,9.568807678676542,12.671037259910648,-89.89285345960688,39.41802971764304,-15.160587983168304,0.0
1.4033236430701712,-3.093034095045183,0.7562581691738405,0.6041999693887071,-0.038470469523609115,-0.013178829025276298,0.795794407137196,-0.4149173893445492,-0.047571280667370104,0.001724364989870377,0.6904659349097225,-0.32479713171447144,0.11618695657094004,-0.6266471476367728,0.09975765207498197,-0.04095862193873555,0.9585192249547682,-0.4527651598433079,0.032330807259035296,0.9599458841850789,-0.6425786943658854,0.11596805299406883,0.41365244936733414,-0.15627357087602478,0.25418461796003633,-1.0336554548919488,0.5962629210689193,-0.4351954194718206,-0.5917908938356949,1.8879161675197995,-0.8410269378049257,0.6969536181942644,-1.2297380156602362,0.40382392365594644,2.5154955779641797,-0.9662926205587391,0.1627507950377607,1.8449168429755762,1.3190687987097294,-0.6596647056780575,-6.843945502604349,-0.04595247823353232,7.11638348725733,11.175599028554466,4.3738913834348585,-14.419636850042746,-22.04799927529009,4.96033184392913,-5.019792762879294,42.206530308898095,10.101853075061154,7.860286286304471,-65.16753610298352,27.030172224975317,-5.691264962008378,0.0
1.4228898191235693,-3.105583211206176,0.7583723597617488,0.6018836731853884,-0.03483953616491643,-0.011286214557769764,0.7977436129695014,-0.4326122566880852,-0.035120850347253395,-0.009388321019356775,0.6743292690151875,-0.28648045415110346,0.09984356384203717,-0.6059763795109626,0.0775497185621093,-0.030919881458306448,1.0031026464862207,-0.4737604290648726,0.032429560393011626,0.9962831973635409,-0.6167784923038958,0.0958591532338813,0.3054743309452861,-0.19487376642574464,0.33572357601201813,-0.8094403371773525,0.675496412897531,-0.6479984297946378,-0.9274430963272303,1.9271149582962361,-0.8258000803145733,1.3092918461906566,-0.9787453601341414,0.5525732002989882,1.8336074660305814,-0.9034402200406699,-0.027046904690132437,2.211592943898004,1.0093876975421123,-1.3086270664106878,-7.531221384117686,0.18478519023960174,2.480280144036271,4.331056861796342,8.16535197605197,-9.348529213499402,-8.94964032963363,0.7065722175566191,-2.463775198217428,28.63676414360236,16.742911336951607,2.720050116530041,-50.88993966035433,21.476986086353634,-0.6917329908115347,0.0
1.4432057294372989,-3.1176780366027885,0.760026434195152,0.5991020954568274,-0.03149030844964305,-0.010358777721207376,0.7999860845146662,-0.44671137445138304,-0.021061833954625367,-0.02388586321416487,0.6530065201183439,-0.24737523517496499,0.0849224035715416,-0.5745204132738806,0.06054048899319161,-0.019353515886147758,1.0330674822832115,-0.4973628311322915,0.028554051760417944,1.0341423815750703,-0.597935408094251,0.06911860434521078,0.2290616117494129,-0.22489881939058365,0.36219471343847826,-0.6842973765385169,0.7470547638466151,-0.7680377236045685,-1.1042391606568454,1.956149950040081,-0.6054826132293423,1.740006219689449,-0.7297249750630126,0.5699154666295114,1.1797199727987937,-1.0719690439317764,-0.19880372832213672,2.210138732799264,0.4919941510385547,-1.7750884899450268,-4.828748907048005,1.3657949773881601,-0.3625727518104522,-2.8881804221920673,6.074384686984703,-3.5843715069879027,1.5491634782939436,-1.7644514382459868,21.171338642049037,13.728296212792374,14.26063094713479,-3.4668975950580077,-35.537190994548446,22.226154802338243,3.0049357188014305,0.0
1.4642529018582058,-3.1294416999150823,0.7611385573087466,0.5962144307154534,-0.02819302708604724,-0.009973676723111455,0.8022680547067759,-0.45857115747635424,-0.006126648849384864,-0.04024040707507438,0.6284866898576007,-0.20790980326130573,0.07508097258118604,-0.5352797749911844,0.047743872059834616,-0.008006333521728517,1.048309729734742,-0.5227369683929488,0.021235618791114456,1.0693493611401081,-0.5842460243558086,0.03983195761108436,0.21227420333778974,-0.24810321457878495,0.35363026473702625,-0.5915669803188477,0.7633045051975171,-0.8321024504992968,-1.2435714900937982,1.9616995993288928,-0.3143267227170378,2.050288196875948,-0.5594879468300823,0.5419424306496792,0.5041258187237555,-1.142764458990823,-0.34639107353836257,2.049985310953004,0.1214310759949872,-2.1502776146901086,-1.237663494364801,2.2005817852371004,-2.710475506665487,-4.977729695801018,3.1704005480117154,-0.00986899224818455,3.215802859288214,-2.7365501074626146,21.71277132781768,2.233988830294018,9.43791806278499,-4.7916105452769635,-21.114532617522478,22.95068534232579,6.1921838836937155,0.0
1.4859977698160705,-3.1409498306738928,0.7616596721742698,0.5935335211044123,-0.02472178715333283,-0.009686257745490133,0.804371163690141,-0.46844628448780307,0.009180013250859782,-0.05715712370524891,0.6008040433241391,-0.1685705292163377,0.07004909219131383,-0.4901564737847578,0.037818487181951715,0.0023935905032145127,1.0477335046535245,-0.5467045182050186,0.011771006736370174,1.1038908789608495,-0.5733316334965939,0.0077539004453736895,0.2362650860377991,-0.25920491265613993,0.3071970220232427,-0.5008477922057774,0.7827873990742154,-0.8212748270471056,-1.402240866908046,1.9462636868288183,-0.10737289031532582,2.2837923526549107,-0.4432666166624508,0.48720572663365347,-0.23671680881350632,-1.0620742462601185,-0.4311744031604922,2.027482975810808,-0.14470190562594842,-2.5820377945509225,1.2701853227422373,3.3597566984785256,-5.020856423513465,-6.50847287988935,3.9323313956446597,5.166316120519027,3.60526919083402,-3.8142101148797156,14.433816602877831,-7.404607339849124,6.290775706992243,-4.981250702715015,-6.674468379907793,20.89358043535754,8.224085654927656,0.0
1.5084974017390589,-3.1522206965902253,0.7615469947851354,0.5911435168679526,-0.021041630209246917,-0.009215381843310616,0.806239213261553,-0.47676629603911336,0.02694846961950991,-0.07098559201430245,0.570346856196224,-0.13163237923986165,0.06818936655553906,-0.4396960391400018,0.03080893180230874,0.012694749008364743,1.0279054849316638,-0.5669112679854392,0.0028767061520657824,1.1447513910674507,-0.5624361199305773,-0.025972245258641623,0.2736956114866679,-0.25174935997322073,0.287553067329571,-0.46211697888870523,1.0023544394501749,-0.5157465082588357,-1.4877434535372644,1.6721387560811196,-0.019339555100961213,2.5159542227111156,-0.2982976018652039,0.5011922773345183,-1.1844392235151924,-0.8903843730051263,-0.3879646490888792,2.2881372510068454,-0.4557416280055015,-2.865713570209313,3.446886564631749,5.4355045935510296,-1.9673860392830425,-13.550656698338209,9.267550175865196,17.074131807354206,14.295430811659102,-35.07400748068162,3.8449976958429213,-15.49774834564599,2.8699421232653988,-4.713978978129902,7.653818744540904,16.17644422217074,7.719439002463383,0.0
1.531732087252299,-3.1633390206357928,0.7609636612124736,0.5885292136363671,-0.0169604297526696,-0.007822485828462218,0.8082601791716746,-0.4851065436394125,0.045280501092191595,-0.08192294015714177,0.5408781871050061,-0.11651425346625813,0.0604118223083446,-0.38285009269506776,0.026342507895051014,0.02749662457957245,0.9811939486362048,-0.5795487653087783,-0.0014568128101076232,1.176662841580182,-0.5608634649747953,-0.04377966861433706,0.43832836444467893,-0.2073398735439785,0.3444877374450378,-0.4843329209124931,0.8247467984403533,-0.5083921414846982,-1.4251090505579467,0.2795276133413384,-0.3386347825336177,2.804393169756593,-0.2421957325664834,0.8407536701418229,-2.5441408588458647,-0.5359276659615411,-0.16544677683881948,1.777700723963143,-1.2834710065047048,-2.450244453416839,11.246962040963297,8.560809563647602,-0.03270140118198727,-13.94784254414458,-11.511304087815448,6.607228069968956,6.586448854798431,-37.16669116030783,16.77636810692476,-25.62651345508448,-7.409013931063217,3.3305140785204115,26.25061517029042,7.607719565972743,2.9844193224691495,0.0
1.5555122006767375,-3.1743988942152077,0.7601145432956008,0.5849900906169662,-0.012059344198301389,-0.00461581745578226,0.8109376426869547,-0.49354449231153574,0.05655318945266398,-0.09616700440827355,0.512174916170705,-0.12885470802287055,0.04754021178540565,-0.31452409757926575,0.02402545854313362,0.05648471521945718,0.8878393051351573,-0.5756527431011418,0.004426832648876345,1.2006390767081065,-0.5625791626390305,-0.06157025228890491,0.6732151317413674,-0.1507677385443309,0.48217301662698075,-0.5084927375699215,0.3643506151661434,-0.7224250352925465,-1.4052448971180678,-1.0206166192443025,-0.4985056001569565,3.3937619821351435,-0.173326441105715,1.7266385166424763,-5.015838248692373,0.2465905698614478,0.3106019503002856,1.4776019119689159,-2.1961492161204115,-3.437017735523522,16.64029453631166,12.121141493448429,0.4800171301216676,-18.52483176519008,-20.068250052840213,7.591583198798993,5.605340523349314,-29.889129196970746,25.67303243260338,-39.15253772872516,-18.032307459163643,10.633340363830058,54.691087934570014,-11.087972128617533,-7.642405227130229,0.0
1.5791981588614423,-3.1856524457993327,0.7578983329624076,0.5799852395020857,-0.006154248934021076,0.0012064176615743593,0.8146028429462983,-0.514077049752912,0.05280112873563446,-0.11858398224843934,0.5105092518353482,-0.19298401177086927,0.03748959979951627,-0.22346148771864527,0.008612341171438432,0.08767706987108725,0.6881257344101573,-0.5590321208144513,0.014714240738579762,1.1733518747971563,-0.5881696644672465,-0.18530866084562536,1.0225202743052157,-0.041082829193395475,0.5318072093939057,-1.3855009024028413,-0.5045203224158595,-1.0647095551744814,0.4240827870588341,-3.498636679805705,-0.20090049958975362,4.41639326249485,-1.245142225056691,1.5464964471979397,-10.928998195282718,0.652954435492369,0.4669676189833371,-0.8187586089503212,-4.604921541850674,-10.219157945505486,27.876886099314838,18.54857512337441,-25.42823481546069,-37.24791516227599,-23.310630283833856,28.64085512713398,25.698607025670643,35.86333211744877,25.481353660056282,-91.81655292274978,-49.83604527516344,1.733841581380098,110.45323507300844,-38.82224748215806,-10.497564338134243,0.0
1.603435106436197,-3.198370486339859,0.7547239529953322,0.5780795218981021,-0.003954275785321254,0.007677656465319104,0.8159347300221236,-0.5632102250116735,0.05683103402426374,-0.12388699655422844,0.5711235837905729,-0.26431435116724666,0.02822040279186793,-0.2062148436294086,-0.011278229118882616,0.06677126246358547,0.5639938028741667,-0.41003952636388274,0.012694507937271749,1.249521475345933,-0.6330763667008434,-0.06575019276807309,0.1752757372578132,0.2147718153711512,-0.02823540721667418,-2.3386381323487715,0.9548511317440957,0.12936953217013708,3.7143666052886983,-3.006452310128034,-0.2665314320077095,-1.9620869836959598,0.47657021348910034,-1.2079323553476224,-0.5255539838028044,6.11175899966932,-0.4329068276053729,3.075704865108702,4.564042942379801,12.819692196809285,-53.384075728118994,-16.799886974877225,-8.706975074979972,76.51736500185024,60.29691426170249,-0.17484659543250147,-20.425087153004064,81.38684748706498,12.709599311183972,-152.10047122397248,185.83173064305896,82.80774379529953,462.15224216760174,-696.1505070810881,-57.08445697754012,0.0
1.6285660156595485,-3.2106123074339994,0.7546931752967037,0.5776283325823744,-0.0060555397510775886,0.008146563579038903,0.8162367752915088,-0.6066428688650293,0.07868567737273197,-0.11704686254091552,0.659505660469847,-0.31693508447981417,0.014940000344462393,-0.2615223442984167,0.01486104396939466,0.047274625096685716,0.5991792302544519,-0.3630194451446235,-0.00718862223372159,1.2461756746778214,-0.5784803668985463,0.05122312783551698,-0.20067311776230157,0.08782061172516825,0.21232932679191827,-1.5998472166648716,0.9324450155016458,0.2739962341149631,4.047424245175149,-2.091612171805742,-0.6343768260311615,-2.5680361011345156,1.5462538680889044,-1.0467088769757793,1.9359646141036198,1.096505090261832,-1.2415932775001834,-2.018239995104092,4.386259990527143,5.603825746078887,-6.551256252358553,-16.66542782243079,22.357537510024677,85.12697821948635,-33.95901985990562,-17.280899851809775,-90.60486062966262,57.55707807336137,12.275566737078368,65.34400888906362,1.5111016119862977,-20.459826104469673,-68.97047153431078,-40.66607576598161,-14.564975899996467,0.0
1.6527024937472898,-3.222053499496149,0.7558973267633434,0.5760019782916336,-0.007092723637116728,0.008401386311598728,0.8173743518018995,-0.6323995372759482,0.08460544155776299,-0.11927701322213867,0.7476616629083497,-0.36351544234962696,0.006828557588153461,-0.309011282867629,0.04154162040327008,0.028567715393193898,0.6302038728031103,-0.34471905098062766,-0.03244366707068602,1.1733202636334206,-0.5625958863292368,0.07395861767878838,0.11496012030619276,0.08424783472862182,0.18801368942198174,-0.7693230297156379,-0.13862846367161108,-0.18005770028691326,3.902730220848556,-1.9870630458677765,-0.3067062766515512,-2.0825987008337172,1.0971413179042984,-0.8619656022165092,1.0128931266869943,1.0063174600024813,-1.2272269881590114,-3.716174560876086,1.1673057560969453,1.8123538844221396,18.715835845992252,-2.6891936463658768,-1.2035580409387663,70.27590531760593,-42.6602701601012,7.175945395427846,-96.6824532085533,48.629713743099096,7.497303360549691,36.75817013027146,-29.41746827168049,7.667778205472586,-66.75141697805053,20.304819854119536,6.665489047648031,0.0
1.6756779393818992,-3.2332760462956776,0.7572741024764376,0.5739302681078778,-0.006898180683308065,0.011082989714733402,0.8188001158963424,-0.6445852758188124,0.07359725930126765,-0.12294593140810738,0.8259214832134374,-0.4009993959684001,0.002422263834303771,-0.34651292594812133,0.05925522650775502,0.011689362681912834,0.6394376303195929,-0.3198374519207298,-0.05512474238028057,1.1291794739978402,-0.5586351526106207,0.06889382524493809,0.3344466370114575,0.17371197448880285,0.2896233361558026,-0.3083717917400518,-0.8160389011278446,-0.05953022288726824,3.3621272181206487,-1.5433623716564824,-0.17563119688998985,-1.7064697033512828,0.7005722289024041,-0.8148653726236589,0.041853909147568605,1.4323861846238501,-1.0731672609332585,-2.0746213512943856,0.2849375024176366,0.15146485212436578,12.462540848410947,3.5162041468114924,2.812438327931424,41.14223138678758,-25.332359512636593,18.920834494750356,-89.21551445289916,38.97515350885646,3.6302465773867194,16.802636977286287,-20.715569573876056,4.2103176774627595,-41.74043502031326,18.865155248000622,5.712536123853909,0.0
1.697923296294681,-3.2442688069886705,0.7585165047751957,0.5716793112852062,-0.005953928252959723,0.015030608415142185,0.8203178631466601,-0.6468081500663229,0.0529907919674455,-0.1233051854601169,0.8981223171960612,-0.43274012617414886,-0.001114539283821491,-0.375876581697488,0.07210534021346535,-0.002942097299803394,0.6319120821463866,-0.28728563341994884,-0.07379284285775942,1.0993405477483336,-0.5422827054615115,0.0595489758721908,0.4228615797423441,0.13209260239956958,0.248354224989205,0.19433350128548194,-1.1431858951817413,0.11586662931014954,3.250735679827221,-1.3227183588183506,-0.15353485858442315,-1.2947068829072437,0.5827237661442417,-0.6560690479015961,-0.673021471144077,1.7580149553837598,-0.8542112938867175,-1.331395988007119,0.7675759935553721,-0.230048488041623,6.364996531739952,-1.7913329976401209,-4.0691810759883,41.0016333108017,-8.181797678038071,20.583714072653727,-71.03839305146715,34.50809977928246,2.9489440399374773,16.699963902174776,-7.028814604125703,9.089986468905122,-28.29778590171017,12.013768734672833,6.830247303701386,0.0
1.7197111170647394,-3.2548725928085633,0.7595957844320453,0.5698534030181834,-0.004076100319897836,0.019085616387225498,0.821514591301882,-0.6364621345070247,0.029251761108054643,-0.11762061518046346,0.9569496133281022,-0.4600355168110207,-0.0021981591032043113,-0.3972348898421972,0.08336851086834354,-0.014898755088548087,0.6123183620377065,-0.2498836266418365,-0.08774946114169657,1.0823260854945567,-0.5218497533490087,0.04782654250078139,0.46099849765727047,0.046088477484648976,0.1962357695142026,0.818501821895794,-1.2016531452239994,0.4419973157909972,2.430702117632939,-1.1643038994740686,-0.019370216385660284,-0.9207747276806487,0.5415643116367024,-0.544627995927526,-1.1788644234794745,1.949642919895129,-0.6455717781570268,-0.6797339380278492,0.7652868008664653,-0.9434978087819238,3.4105207704030795,-2.7971475619375474,-3.4245502578473532,33.566266205167004,-0.6335846341976652,17.336797715468265,-68.75967132713875,27.240210631800775,1.6193887878148163,12.549913642001316,-2.528924531981172,6.488354044326032,-16.889502755697723,6.386720268492861,1.3021358931702987,0.0
1.7412464773040273,-3.2650630539141323,0.760403972965665,0.5683661125600915,-0.001311491784907395,0.022779938416943892,0.8224593099286726,-0.614403970779568,0.0049961377697223764,-0.10655664524124873,0.9990185576215818,-0.48370320481988943,0.00026765390061205647,-0.41163212101132096,0.09435074890485316,-0.024685362224244736,0.5842366981244855,-0.20929376374272776,-0.09637642597969978,1.0738198736961284,-0.5019946263057342,0.030556230696148764,0.4653994206527513,-0.04723146814200095,0.16965945290843695,1.320858399878055,-1.2125527349564829,0.6400004960833259,1.7102226976097268,-1.0117727597740305,0.1248278476302257,-0.6191194200092114,0.5564417127256508,-0.43068910395720844,-1.505953633346626,2.0864191815585515,-0.2617644738665031,-0.15140738055734876,0.5571150906177771,-1.3776983896200665,1.0155728279935052,-1.9780449776386226,-1.9750346056448718,21.198214401818127,1.2629162456065943,8.765844662290187,-49.172944076353566,23.49116800611155,-2.9630753099120755,3.4371311417476984,0.37020980756435296,4.97621925776069,2.2452658587694856,-18.549697553257676,12.11521158312317,0.0
1.7627793693544063,-3.2748670866515854,0.7609100485939332,0.5668122596483905,0.0019014718363335483,0.025768925095639873,0.8234416853770263,-0.5837570743465775,-0.018962058681276154,-0.09255318045304889,1.0263414137348308,-0.5023707259823631,0.00827767337743466,-0.4213130638601542,0.10769341583353001,-0.030956041573762447,0.5521613744031116,-0.17115488337062276,-0.09384137036150568,1.0816397224533865,-0.48407075086350765,0.01761837073439068,0.3936536101845651,-0.1036982594949897,0.2107520072655186,1.6521263858028499,-1.1742550278777502,0.7272370521981264,1.0636181435957812,-0.7802509873738138,0.38470293278606704,-0.4521043241158109,0.7599859746456702,-0.2346851681018659,-1.5716335338332788,1.5597162429500933,0.26211606075846605,0.7744495099145197,0.3772522697896712,-1.1111485547159596,-3.748277070365283,0.5310746448311257,2.385478769225616,8.23481298207562,3.657418644292562,1.217082718488266,-33.10075211818141,18.561712350645355,-8.031786426395898,-2.21979593508314,9.446916473420385,6.187186733304539,10.20516049874753,-48.66382654467409,7.096560012002801,0.0
1.7846043971744439,-3.284384101961215,0.761350686378967,0.5648248681004634,0.0046972968916510725,0.027707558230595272,0.8247321352985496,-0.5481118210291445,-0.041930951768954894,-0.07691606297405486,1.0431552589544562,-0.5160910988623267,0.021357029901708173,-0.42885569591894745,0.12572353951299994,-0.0342164909292674,0.5202230992331609,-0.15315631812363162,-0.0825030205035437,1.1012267924670598,-0.4729072885667157,0.021840760742932785,0.25279184523076104,-0.10019403403610261,0.2776306485145087,1.825676167853849,-1.1288988467071512,0.7915081730879812,0.6710072119998811,-0.5628038778523682,0.6005593312057415,-0.3664291959634429,0.988952874740906,-0.15314749012497197,-1.5942016942070611,0.40994047871352013,0.6789721054407679,1.2913253046947502,0.009106908979228792,-0.3511931823003124,-6.781088696324174,3.6242223991117104,4.42250097609486,-0.6945249252916912,2.2690241598693603,-1.2690797728479257,-16.92276103124413,14.172591664974846,-12.725092932114437,-2.9344585740222353,7.629222385335716,-2.007090598144312,1.9363105021741467,-49.79801000495794,7.94079070115487,0.0
1.8068937808157055,-3.293782750638734,0.7620306636665096,0.562213636935205,0.006311213178591819,0.028593130807735786,0.826473488929268,-0.5099087010147426,-0.06462991147231725,-0.059430246807424855,1.0523900287377972,-0.524606168989412,0.03742334172959797,-0.43494005277953557,0.14715980958553837,-0.037520739773261216,0.4856424945037116,-0.15504327846535365,-0.05835689208804009,1.1272215173144164,-0.47145003090084464,0.038309154962183296,0.08925700973773175,-0.03059579048136514,0.3580391790101632,1.903636890079352,-1.1504645220754277,0.896359622882659,0.3529504043901736,-0.33108387584309745,0.7161796941393207,-0.3020757932886044,1.1123458303308464,-0.23016980537555004,-1.804572367144097,-0.5452444895771398,1.3543605759957165,1.5865101905130075,-0.49203622884169756,0.017634484551375035,-7.5779562582503415,6.803318132716114,5.018376492111524,-6.759867191649924,-2.1580371656443145,-0.5299478931030395,-7.479296829031356,9.217778516758159,-15.61849637040881,-3.8148062285439774,3.108948744056667,-9.229205489360158,-5.780123367442116,-49.55912774111238,7.168570677849546,0.0
1.8297194531633176,-3.3032598061301743,0.7630927910516481,0.5589277341758124,0.0063102151727566155,0.028746559824137364,0.8286939148152614,-0.4700828679235345,-0.08886645924630512,-0.03953195362016728,1.0531552146656882,-0.5283713521617197,0.054079024989998434,-0.43990617543595484,0.16838043427220536,-0.04549137752335283,0.445354030036509,-0.1733215768998023,-0.01640172420070232,1.155259408551369,-0.4798270456755688,0.05701502508560688,-0.05499297764936344,0.08533956650718305,0.4303838216914077,1.9620937899463624,-1.2689063787722779,1.0278914344410446,-0.06637054164639594,-0.13253401434391338,0.7252773072988541,-0.25906657354081125,1.033258525075662,-0.5466384776496378,-2.122463529085709,-1.3740294674994173,2.2702440388720055,1.7643504134924073,-0.9885010580559813,-0.2232143983665421,-6.750234507824821,9.332815005913424,3.9639362887287017,-11.01953052602842,-6.50715010712342,0.5066233722465707,-1.1826177273684637,3.979900653453561,-16.356439761269527,-5.544988438770796,-0.8901438689491139,-13.555309693138867,-8.341657222208076,-53.67441728011123,5.657637948609402,0.0
1.8531131886996473,-3.3129588253172804,0.7644830691017414,0.555084274381771,0.004624747886879437,0.028561620333877515,0.8312907396843477,-0.4273295453050723,-0.11567874344207096,-0.017683340469485637,1.0379340070072796,-0.5281259016985652,0.0701951111037623,-0.44386694036809216,0.18482481219392766,-0.06410124242522239,0.39813206695315567,-0.2063425980921622,0.04873292512568132,1.1855527481727681,-0.4934020447373202,0.06684463237557166,-0.16752954263487135,0.21663475133538318,0.4824170574561065,2.1133143093783993,-1.3921212277117108,1.1023473972573685,-0.9496991099362102,0.02026857914218807,0.6943802221998073,-0.21451719612013648,0.7495492940955456,-1.1512251619001057,-2.461449985249696,-2.139185474355059,3.4595536842546095,2.0677060777111618,-1.2709227538958998,-1.289479374292725,-5.9110940075066525,10.44950683021191,2.6381181568853966,-14.880571719617178,-5.207748530796839,-1.6336104268561604,4.7988674139008864,-1.6249999601517549,-16.02165712283429,-6.764763193004679,0.5484178503345571,-12.361758756641203,-6.024777112161716,-59.386336746997145,2.8958756861132975,0.0
1.8771875229438133,-3.322890945396878,0.7657887905109602,0.5508132661153019,0.0013393026322394957,0.028159709414572614,0.8341522540313252,-0.37866094639519865,-0.14305016116008373,0.0023934410327764617,0.9927818127291624,-0.5165629259909623,0.08717872838969991,-0.4472378810354052,0.19378523598615002,-0.09915292536556865,0.3462992962477709,-0.25539400954363334,0.1419552856764962,1.22476863344156,-0.5040467517357774,0.044245703525359684,-0.2795528815905014,0.33634086758379306,0.5312086590081089,2.413607368960115,-1.3241252812305118,0.9042248997735004,-2.540794566988923,0.5662440758126792,0.7437689638889466,-0.20441361002845382,0.4084375420667338,-1.994479671887186,-2.609736535273917,-2.968844186689763,4.864961025152973,2.7450388677372604,-1.2075770129679355,-3.7831099001009223,-6.635514023468699,10.429308403113899,3.7197515184076364,-22.07198255654032,6.001411882551836,-11.55782268731336,21.253134254437235,-15.414955765778421,-16.725464540070107,-9.618080246780636,11.302818697532093,-2.146580403580238,2.475168730026712,-59.53333169140102,-5.380427749393219,0.0
1.902215865134425,-3.3328361180294093,0.7654913538728664,0.5461591562006142,-0.0033110763551270827,0.027250504932664316,0.8372315228492769,-0.31759217951337143,-0.16397774174889174,0.006463319527930248,0.8866525665948938,-0.4724055129999865,0.11796390944989463,-0.45857545180364384,0.1996917766319831,-0.14665175795398858,0.3116999399303086,-0.33097701879674046,0.2600028909587644,1.2828675959173004,-0.49642544752347645,-0.09140384633839997,-0.430671762576516,0.3976397480716867,0.6288980394980908,3.0572661736246673,-0.7382120284539737,-0.30249868946596703,-5.88197960537348,2.1468499911649004,1.4492182012869432,-0.8131850065842118,0.4208556879508783,-2.4444287356955767,-1.3292426917511384,-4.03911213583072,5.824686651988038,4.139638758754862,-0.3904757002307033,-10.262591221515702,-11.976970178104736,7.979598785822332,14.473776598945017,-36.700866024854314,39.339370855479785,-47.74428227208475,48.934112189441734,-51.23941322978988,-28.47600814923068,-28.072951460776782,29.353186157154475,17.33272176224056,27.682862194102217,6.332328544515507,-53.20297416236578,0.0
1.9298649038433449,-3.342993321278499,0.7614879848408537,0.5415033608846322,-0.012197296481039165,0.02371622182011371,0.8402754768120873,-0.2526308956050828,-0.1355328842580502,0.004562568610294669,0.7074522491711814,-0.3742964330942262,0.17377186300604144,-0.5348482516500349,0.22529842282857676,-0.1497565419397733,0.44698050622277563,-0.37632806576355493,0.2916601334787385,1.458938783739092,-0.4841002303849001,-0.29869922937959836,-1.189833404379545,0.5571555632433305,0.9802257846921487,2.9525504953926283,2.778052643010593,-0.7258913481243527,-9.147816828831637,4.682387039858162,2.5847218000005916,-4.395382075133259,1.4935955621361647,0.6050795358796955,9.518736035102327,-0.6341910325860622,-0.014313183089578851,8.890771113558356,4.1504116784820475,-10.669621707997193,-52.61247684563898,-5.625683860968857,79.67089191147902,-72.90638453003491,130.94545083598481,-118.71050342432538,130.6577738354306,-104.09524390339315,-53.586408825287016,46.98761078018056,-6.400437804392286,-36.933332071817006,-1.506310972852475,115.44725257498064,-83.91024665261176,0.0
1.9588177494359675,-3.352593970594236,0.7541163180220721,0.5298296350037114,-0.020148376906509575,0.017956045658090187,0.8476745727012174,-0.21024498429642818,-0.06150857528663945,0.048994322767107454,0.5729217896198031,-0.41533658007114954,0.1846746724247496,-0.6218300917223865,0.2412065565457689,-0.11986590604208534,0.693322919604038,-0.4066792338921207,0.22656050185774484,1.4127598082158916,-0.49950983517469777,-0.3202797547609678,-0.5195144660692197,0.285438102350734,1.9981408363292243,-0.1542658037804625,2.564196784025048,0.9117009925256087,-2.470081944568971,-4.018855958691269,-1.0708972067218356,-3.193127126886747,-0.6674108146991441,1.2365594369943667,11.337416148330659,-1.112747567120473,-3.318880417478763,-7.067215080430233,-6.2350071418809945,21.29038020695649,90.89111267145992,2.5543990751109753,90.99316218892784,-513.5435852133422,-267.211114097472,-440.1164509957223,844.8442987133618,413.3701616482889,-298.0648464531046,189.92403421132425,-256.49104338771514,-43.9055838705943,-285.4746447756619,57.489522409221046,60.27984208602909,0.0
1.9861640684577553,-3.3628408903978024,0.7504860612492005,0.5127814403741895,-0.021370932854855362,0.019997656039907708,0.8580201462609102,-0.26566358863523376,-0.034883057071346285,0.035610788431129074,0.6122657215586663,-0.44239399149012376,0.139096511091078,-0.6577227827885606,0.21892880768051393,-0.06264212374310839,0.877024415221503,-0.44749114232511084,0.18422638479308695,1.3277920817135092,-0.4885291182615206,-0.09115525708449189,0.36463160358422975,0.013352824176897773,1.7693733335105797,-3.256799304893749,0.8307744863226575,-0.9716369083328638,3.0508744891662563,0.17189073499840413,-2.601996802243142,-0.3217454752526986,-1.3724428378655122,3.532510763933688,6.952409564262733,-1.9867793311845137,-1.6571940216646595,-4.442149833604424,4.234210021221737,8.222798735208773,24.756558964564878,-29.73360137747187,-38.27352886384691,37.687466481612326,-26.875597756856962,17.51594668715387,-21.884259185824632,123.76177029002342,2.4999118751085385,171.04976329535384,-26.320708296620985,31.489413607094416,-256.587295927654,30.358732829749325,32.99131484135792,0.0
2.0128247963157238,-3.3721433250797164,0.7494469616382412,0.5011170110978761,-0.019459277476210676,0.023638339841345654,0.8648377342588492,-0.32951462826752986,-0.01090942935180701,0.028793212266499623,0.6706278136283748,-0.43630461760358863,0.09784357926354363,-0.6474509743467264,0.19131129863767557,0.0011694847064751277,0.975205541270799,-0.47102702966808785,0.14833580391604395,1.3364062892990571,-0.44290364215529476,-0.02359289136489401,0.36527086373174017,0.028860426346821188,1.007192125865903,-2.877252065279348,1.5156211995726472,0.16939660137337176,2.3576163666611647,0.45356546971485073,-1.6793138692521898,1.1423733582638858,-1.4426686744540989,2.7658558130779234,3.3193213301018694,-0.8664434191194359,-1.586907498034332,0.4277052688034863,2.461654418242476,2.7722386032823025,-1.1844205786866742,-0.280641945412102,-39.75628235515621,46.319152457976166,35.05923259067488,53.41922780970402,-83.06897501784755,20.144883265690467,37.457527073157266,60.178906546436515,-11.097334786942039,-56.447628722817676,-161.7559098403857,19.361082337235153,30.321898079539853,0.0
2.0400485160954496,-3.380575647534782,0.7489235946724595,0.4936121298202073,-0.018824312929199886,0.026598692931913893,0.8690714700595205,-0.3831008488656433,0.02272752534854925,0.03235546559135338,0.701627493542926,-0.40211361239752524,0.08532687543692782,-0.6197747478555939,0.16330393560404347,0.05036289381972132,1.023295797285814,-0.489336382201447,0.1178703744522015,1.3880395125205895,-0.40022461428701467,-0.03513548279152719,0.14212298389622943,0.1589146972907698,0.7645547402943145,-2.506929183610233,2.062214902540989,0.4058164866037461,0.9282094097494477,2.669014979842881,-0.17972573281658266,1.540690722726194,-1.355330009182143,2.0660858340917394,1.6763142734913035,-0.81056659215267,-1.310544398595192,2.3338869407075844,1.4923438442008867,-0.8699480211772,-9.246564439735856,7.723899116638687,-10.367744923524619,3.190167551349189,-11.196983729253539,-53.616885249907185,4.521856143002596,-229.76072379082396,-141.54641441844842,9.875910895053092,-7.518813295630766,-52.93380620467983,-72.72559780140101,15.26404899630803,26.841662275788465,0.0
2.0680243169615014,-3.3884549566812185,0.7475777681446235,0.4854518317502371,-0.019911628691986306,0.02907950383606551,0.8735527623159463,-0.4362648436029135,0.05157511953660503,0.023278024549880406,0.7205798716053426,-0.3640114332832539,0.0933299912530517,-0.5793477965612189,0.13112554613588168,0.08921888947595073,1.018886301897362,-0.5073150281032119,0.10162143649109966,1.4104126599541023,-0.3872489358727472,-0.10236344715809502,0.1347598281472101,0.2836592810095893,1.009681952272292,-2.6843808446455015,1.1998974217440335,-0.7596253225098737,0.6696782347602354,2.3310531018408347,0.8344639132985864,2.2054999459535445,-1.764647585475277,1.7739182655215655,-1.1364416514183053,-0.8607010696119587,-0.629953667468676,1.612852844395668,0.896118150747071,-4.709934998137962,-0.23516308385475215,5.552503852566693,4.2125518126527455,0.8121754555020233,-5.377692067161167,-6.0757309374226764,-37.75986217456464,78.26463694339118,26.986431385061294,4.545025025061986,-11.50786231508696,-23.27773469487428,-53.69769878177027,9.341163799417396,13.040493630645749,0.0
2.0955612093705724,-3.3964605198436124,0.7447272316746878,0.4748514935162609,-0.021200158403970427,0.03208389175001429,0.8792253614854363,-0.5066001879357187,0.04673781064922339,-0.022527611603776154,0.8144156096806016,-0.40295073660773256,0.06917731853675071,-0.4949600678633316,0.07730795682615779,0.10358073560895632,0.8104874354329327,-0.5034348707870953,0.06591959367803972,1.3547807892940962,-0.44133914094335475,-0.17865899372563945,0.3276765012152168,0.3747546026667298,0.8676958543511659,-3.579153614064287,-0.9780209021666896,-2.2857609828703405,5.747954794370295,-2.4370356901275154,-1.288403641619366,2.897313985055427,-3.1230079299732494,-1.5089339974533822,-10.85689134676936,4.116688127435056,-4.931546760981535,1.744599817896736,-9.18398739060686,2.4311635547671835,7.159928065591015,33.62780577701794,-112.22311965088792,22.10347799518671,4.735182599806684,98.43033931611869,-37.69660985670658,52.08637583811028,23.505471265465285,-615.2193995243449,42.54939490746792,-513.0679632392461,861.3056178487569,1027.6793610389213,-808.7471869080864,0.0
2.1235125968765436,-3.4050333857090527,0.7431108692415592,0.4710068054457126,-0.024980348412204065,0.03226302707287756,0.8811853769219755,-0.5675748045069106,0.03074803957920885,-0.05661492480801741,0.9283573746642718,-0.42521229804929667,0.017325715962938543,-0.49833739320666515,0.05583815912396915,0.04909697722173148,0.6994952425418265,-0.32430042025659084,0.009232076482411374,1.416927597243918,-0.3924225317753815,0.012312527253649293,-0.5625102429965063,0.20241578689650774,0.18815950677190835,-2.188527881353943,-0.7606721874973192,-1.2843195484550223,4.887987399266878,-0.5988376546149431,-2.438243699263234,-1.224240901200742,0.7484570219319411,-2.3308743754207297,-2.586195262990645,6.503539409600283,-2.3016570997815675,0.6373947850627137,5.102750865622541,11.135544026615648,-38.211254782035404,-23.532978574549563,-14.97417984875437,118.26928174629985,-10.404116615478731,38.58155704313725,-129.8901438478465,29.533225151534012,48.393771200976666,-18.344327080562987,170.20639408640884,79.42263196307391,171.18434541291316,-382.01238988869943,7.361915424907345,0.0
2.1513761316698066,-3.412808268379966,0.7446484536030554,0.4676831245883804,-0.0292584374682061,0.026683232534569282,0.8830087450946761,-0.6060936660634426,0.0031578837886751428,-0.065346602617919,1.05565165468355,-0.48012857074717247,-0.02792517877128383,-0.5263722317282968,0.06998563173856812,-0.008488173742317227,0.6689521463787537,-0.25849445313745284,-0.017402525317814072,1.3633689996131473,-0.3777326604400204,0.13753469791837797,-0.7610480122035038,0.004117343684319898,0.4659558563056674,-1.2618757145199708,-1.9674707623397918,0.22772312353906943,6.221463816613498,-2.7272987760227645,-1.922409434954337,-1.073084783850789,0.5427949367001544,-3.196024799376526,-1.6475379171967757,2.103534011653977,-0.777910552227105,-3.8971493733132476,1.5215750885582504,6.778072039899038,-1.3009190788011415,-14.9813388229994,9.820993989512166,99.03968476962483,-69.357975111584,71.4098302806132,-93.51880265382364,56.515434019401006,39.70848350054134,59.91025086398755,-26.250597428934245,-28.507765574443653,-61.56776992260879,-61.228853480823545,46.04012168079757,0.0
2.177727287487983,-3.420174580398419,0.7487040360255817,0.4642212046018117,-0.0313450944849088,0.020012351475878137,0.8849382261142192,-0.6048564016317596,-0.04507053619599761,-0.04549193746262342,1.1428492424769174,-0.5449421569563888,-0.04492018366236387,-0.5375947549471017,0.07082980229073754,-0.08065526535769947,0.6259123430404322,-0.2338192308836108,-0.006361803223380013,1.2850522559497992,-0.3614300410209195,0.24317589468312456,-0.6568020213426132,-0.20826710627177272,0.2476420835639498,1.0500234281285208,-2.7304676926225175,1.5246084959098831,2.9075804285475475,-2.945153133617501,-0.5583226612041224,-0.13920505650415926,-0.19062150646304177,-3.7710345226351913,-2.5894777881824798,0.6740696964411438,1.1864039762719374,-2.8980768819008613,0.697478592297699,3.263026691344526,3.448533825024301,-6.821742042701603,-18.134631347910844,98.4331053286912,-28.546206865564876,51.859619484615266,-147.45113317639257,55.10844703187849,13.040306534764412,40.11169674775907,-1.3163182104871893,6.9979286276016595,-36.88271737952383,-76.80461066785567,52.31047697429193,0.0
2.2031474370626416,-3.427019956534958,0.7542854299888836,0.4639290193092312,-0.03188838688977395,0.013087279604468698,0.8852015131804158,-0.5551727801656241,-0.09482513164495826,-0.011296512577384803,1.1275783384793616,-0.5784136857143249,-0.028766411842420014,-0.5329065906489026,0.06799053961866086,-0.15458963467387019,0.5692124921920277,-0.2385532594060277,0.03787801093767258,1.2727357429453183,-0.33037347125121314,0.280055834875476,-0.6763142263551648,-0.27569204815299225,-0.1774762420827767,3.2021897795749674,-2.243809830316655,1.6940711668687045,-2.5096678142718636,-1.2705195571381958,0.9123207934237672,0.40364533933966895,0.17916595583727657,-3.4136267083243466,-2.920527846939299,-1.0663343592223145,2.6664027141330338,1.2506657051669654,0.9501962226615098,-2.1148970101706874,-7.505717646355021,4.128529285297111,-20.75016685656759,44.14758112689728,30.029057839198526,-11.502557892826477,-100.58146189036175,23.022682268593424,-16.169419481385702,6.967909132038631,55.668664471713285,49.57804645476703,-1.9526204089114176,-88.83164073245302,32.498147026901265,0.0
2.22924041527791,-3.4335100385262716,0.7585545289455294,0.4666716854079319,-0.0334741981188588,0.006036616503003831,0.8837763152291512,-0.47837601714231587,-0.1314823973302906,0.005563576878154232,1.00319542834402,-0.5333647161214246,0.02866423390179772,-0.537648209681577,0.08667606887403247,-0.19659899433672198,0.5325118544169122,-0.2719643015753368,0.09923006395894961,1.345341522423256,-0.3234970980896076,0.13412054236311896,-0.7848321777922173,-0.06877332146446033,-0.38685979369977763,3.7833659064365066,-1.400171886995536,0.09215589869162757,-7.267287123461534,2.6195202091798855,2.803260636274373,-0.8143246996429163,1.5729459494416087,-1.1585158543893044,-1.151006001831395,-1.694261990524847,2.76969799954186,5.471247357080502,-0.26938146140195496,-10.376452096263886,-15.992844419636592,16.007532530173176,1.8628987748159127,-48.95317759512397,53.8250413397878,-80.80389129287909,22.816118993075005,-46.491338626391595,-51.7582635331333,-64.99041930058948,64.38089378166087,84.5020016157639,60.97349929515945,16.80161234071395,-49.01487315639407,0.0
2.2573466257807553,-3.4398235865428286,0.758769385991231,0.4692933300237541,-0.03781982513550791,-0.0024737628146295765,0.8822286051355809,-0.4022388427129075,-0.13587784665438626,-0.0029137712949117043,0.8144783594677453,-0.43530814274384677,0.09659860140558482,-0.5870482427889863,0.12812652423743218,-0.1800093973284942,0.6221399065758813,-0.30418484665144285,0.11743518197325502,1.4616470000030963,-0.29370893003247495,-0.09202378014165172,-1.2161548088166283,0.0012517256939228439,0.020553278865497043,3.3418627779187977,0.6969022365212092,-1.1008516353942186,-9.177802605594383,4.612657014881981,3.0068123637608726,-2.724950771235247,2.277528019252368,1.750657015666827,6.241585634495256,-1.073004665632893,0.2976074748614656,6.836589016903645,2.91616912852212,-11.032428922515173,-38.052635592460014,1.3041908180123765,57.88158622547393,-89.5145948909785,100.19341140427078,-84.06489433925142,161.8826645597265,-102.39384490753723,-62.71152719653037,36.22377292321587,-10.194668334583737,-14.668138108665426,12.29387722464595,67.79288524435441,-21.342955771955552,0.0
2.2867998943514882,-3.444936659665356,0.7550782341755788,0.4660738793194696,-0.04138792972526401,-0.014491636358429387,0.8836584016263369,-0.33520529488315187,-0.09002782140405487,0.017225190772790583,0.6302276101169413,-0.37004987091363234,0.13126667390433003,-0.6315419656796869,0.16754579898513938,-0.13848315302955772,0.7741514211249076,-0.37683972249746506,0.0914459111521583,1.48494377642145,-0.27102342219939174,-0.1910930884980636,-1.100516360331175,-0.2804200799411274,0.9612908705499673,1.0077983764828602,2.404893832829728,0.45412375837679586,-4.573001582133022,0.9683599451703244,1.2934393015687253,-1.4546213247109219,0.9272942964616656,1.5477147612141375,6.899836619838876,-3.486037177565727,-1.3823940974960953,-0.9150812364804287,-9.797434277954075,13.65712644031399,63.93913662835556,22.424644509571582,112.17599829740537,-588.8682611984839,-158.06627106324984,-342.49060690411187,1086.3068653408207,-138.61047742178175,-188.7862638047071,99.08675261262573,-231.68941394520232,-85.21591519038158,-186.725868560407,82.5482999850343,25.249961698269857,0.0
2.3150432397072014,-3.4516053699637115,0.7537758816380907,0.45841317227759965,-0.039967098631685176,-0.017884083357017834,0.8876599315457653,-0.3640770490503913,-0.061386872076972195,0.012568151292929694,0.6346142041866951,-0.3543009172588016,0.13291749545776477,-0.6462214941760951,0.16549815464958742,-0.0879588837324907,0.8999057815301821,-0.44153116013086247,0.0718344365135246,1.341146704368222,-0.352981520515481,0.02352931546151566,0.3101368227120703,-0.4835844122640006,0.5661562692112578,-1.8519770004481841,0.8883263671929277,-0.1544088628078204,1.379151535771534,1.1124047300137563,-0.5105890380314817,0.23887966901176347,-0.8104645059880012,2.985495233535054,5.159196264114515,-2.7058045356363247,-0.8140016724474806,-8.155282252008172,-0.45380721143492914,8.391922317499418,54.26789245921135,-25.794509997534455,-40.901589156667846,41.9654566210061,-43.971499563599934,38.89652220861175,-21.264814680865644,54.559812196722596,-35.42764565552494,122.86866636101577,-71.53939475960316,25.78103878651835,-153.22655428338902,62.269795264577525,13.00848521932764,0.0
2.3417056588131677,-3.458898057295194,0.7545471194657698,0.4557782187767968,-0.034659381008284744,-0.015272051207359432,0.8892871904220215,-0.4048305762720226,-0.0437233880202605,0.013316770741202197,0.6631069504000515,-0.33021516202752366,0.12028155127557963,-0.6374400566587652,0.14046016500677938,-0.04496101190058014,0.9959448559690478,-0.4815645039349574,0.06678559519696177,1.3291326280845288,-0.3649121914669082,0.05243839590409766,0.5439025884558301,-0.2920376044389618,0.0810913907963754,-1.9282189565921575,0.9961411330238862,0.2765284597241622,1.063181016921357,1.2662492872262556,-0.6910155413905309,0.74065000084931,-1.4579517394181953,1.586983436743515,4.015114451864674,-1.5344682142027022,-0.08738422828240858,-0.1190803839995168,0.4530320059880157,1.5293123170917504,5.055189940229445,6.922586338695885,-25.49709109638759,24.198183522991396,19.258487027276193,29.506356157389877,-58.22515059483284,5.409731715717021,-1.7434884246676137,38.14015961348904,-12.083032206450046,-53.12326931197626,-111.86266606516192,41.66550550520372,5.716402349639638,0.0
2.3685497495164323,-3.465940898127977,0.7554340695522539,0.4547286881565433,-0.030499607878573465,-0.011703781859189173,0.8900306823794755,-0.44075456483053993,-0.025306457631428747,0.012642298930853767,0.6740929403267572,-0.30015830137400445,0.1073607721774724,-0.617404802044147,0.11039560266085592,-0.019847446999601052,1.068570090879504,-0.516509026512649,0.06036418434980211,1.3584557435228704,-0.3389223560292633,0.03995036621404884,0.43841243390805906,-0.14111664139327837,0.17285450114886663,-1.7072697678183268,0.9907681359844441,-0.1580732111326569,0.1916707141439596,1.5600388087252235,-0.5933779247108509,1.2673880045646646,-1.446438315135179,1.0128059958651283,2.9985658670355804,-1.5298217021683198,-0.3181301783107294,2.2347820252691495,1.576937236359158,-0.43871566807612783,-9.374009188557338,8.486118730430611,4.457619287868042,6.342707812229171,15.320493168283958,-6.369191188978153,-32.66522778776189,-2.5308390570721357,9.933497322708003,30.33460079488277,12.714499839779027,-25.37162007902474,-85.2476388942623,34.04533785399978,5.530668504615964,0.0
2.3960835509934495,-3.4723025592885017,0.7560804412431148,0.45239181094878783,-0.027832422973235484,-0.008876104096750484,0.8913406870518019,-0.47167805038262967,-0.004648444101455268,0.006491063030763427,0.6690905858286138,-0.2626336713395,0.1009346143661057,-0.5852490020047911,0.08306352883282969,-0.002476339777604511,1.1168182957553956,-0.5510932489415377,0.04821587074284701,1.3972345518508686,-0.30071670373523185,0.0241058211559725,0.2878909837837045,-0.07922061357049255,0.35303655031891906,-1.4832318224206318,1.171822493819791,-0.32949510913615354,-0.49454675041804474,1.98439281614904,-0.1408505219321648,1.8535766553182382,-1.2379508734257505,0.7483234289095296,1.8500312871114282,-1.5309338101322292,-0.5731189556486522,2.601054414734017,1.7834972240415332,-1.0914767477483958,-9.460708058415578,5.4937226917662265,8.834344088487276,0.4017023963894286,15.66784963698364,-3.9631701108256405,-14.865507983890806,-15.958695158426519,6.044042847454292,22.857368861259257,17.29042370728205,-14.01688502211511,-63.38452877530863,32.196686926380885,10.770061880697167,0.0
2.4243188000511826,-3.47791539321262,0.7564138068846669,0.44880669469597523,-0.025805869935123227,-0.006906508227036291,0.893229482281611,-0.4978497975693015,0.019067730450647254,-0.001940988146778999,0.6535942925872396,-0.2260328298144458,0.0957610071280281,-0.5407501473160469,0.06099203905076666,0.0134196964436836,1.136276354805839,-0.5835661082703044,0.035623235221834325,1.4273242813355644,-0.2687820080396368,0.005836289080393995,0.24044478780378586,-0.08812831289175167,0.44960048042171785,-1.2629649516159915,1.183247358713268,-0.49071885483478095,-0.8812563760148765,1.5507217392240842,-0.25057103917202833,2.39599510419304,-1.0014146341365802,0.7904495273167523,0.4470782338600381,-1.4376459393834213,-0.5558963535894863,2.020786619705641,0.9526721909401885,-1.5873337991898513,-1.564939160280332,3.596250634258732,3.872691409352168,-1.472020114727502,-1.4700740396963368,-7.559236505193088,-5.376723188080743,-36.16525648357975,5.515137585185679,8.23687485241461,10.894641101938209,-3.7174596312834183,-42.214453229183,28.56080641671284,10.789521072811644,0.0
2.4531095877626004,-3.482992599288873,0.75640159184263,0.4446699709149783,-0.02359664024442791,-0.004977030983856067,0.8953697809833839,-0.5198340784612316,0.04134408690208364,-0.01363062287095279,0.6318586720336862,-0.20367683799115383,0.08502839525085437,-0.48634730459613923,0.04311205715980598,0.03136442355597791,1.125680718995611,-0.6116936011375801,0.02522121454468169,1.4538282208647553,-0.2481464365331241,-0.013896814486637911,0.2933913449305169,-0.10731741382940582,0.47360089284502227,-1.0693754304280483,1.0513624318073576,-0.6162074824430955,-1.1603970279065767,0.78422022299255,-0.49551122682445387,2.7790473730051146,-0.8381400840637238,0.9237165002545215,-0.9169891858301784,-1.235126426662638,-0.4487070761233346,1.9422983244876753,0.1468638794323504,-2.0718838064954546,4.2820766233033645,4.190323167001336,-0.7301979446087727,-3.629220689013722,-7.3222001336473355,-1.7007577401503788,-2.8853279940930063,-35.73315055980057,13.491615199251118,-8.965483026637884,4.214144942092341,-1.772449243191903,-12.964675301056051,23.651954160945664,8.525679716596203,0.0
2.482443853493483,-3.487715830635576,0.75605947720189,0.4403016324552612,-0.020883477982586728,-0.002357265556149003,0.8976039193896607,-0.5383444711159543,0.06032686767992814,-0.027346568987467075,0.6056660538132596,-0.201645563948495,0.06847107069077975,-0.42346047251534535,0.028819234894119375,0.054075791586335485,1.08199586586218,-0.6332942451895185,0.019490829034938564,1.482454339832821,-0.23536034598657526,-0.03218407397434249,0.4119084619100969,-0.10807802767661245,0.4936773678610275,-0.9190627818162527,0.8615995199688877,-0.668632630907359,-1.3701321414219634,-0.26434338344577346,-0.7220913658251701,3.13867187816883,-0.6816571696549384,1.206528767874987,-2.5051036650443494,-0.9413797926828686,-0.23085657893453268,2.1838391404117607,-0.5632713710653032,-2.5565080324024323,8.583346662350483,6.4720690837767085,-2.0115993400631753,-6.779394447610315,-9.796914003596845,4.957735553153967,-2.8080348002273876,-32.559632257742635,22.503113094789185,-22.774186114409048,-0.8444866807124383,-0.42642792586319134,14.508165585602125,16.209024858189117,3.8192451506604024,0.0
2.5121319626716936,-3.4922955942291845,0.7551596161941382,0.43509706464337683,-0.017478278327334965,0.0015949354645934878,0.9002124806434827,-0.5572382452589086,0.07016935043283325,-0.04712974562976339,0.5835707188011722,-0.23213767346480813,0.05287703395014646,-0.3456271177084973,0.015406617642553105,0.0855290276793693,0.9739166596247119,-0.6470917487021703,0.022464524996570836,1.493242593276848,-0.2385576490815015,-0.07887491583580458,0.6166732418495846,-0.09394366847299201,0.5909572753260821,-1.0369563950793592,0.24386351781887128,-1.047534718491572,-1.0101898789081118,-1.9073216197151148,-0.5205159479516818,3.9129661493656283,-0.7574169569497701,1.7613802227411801,-6.148047973818797,-0.6322049863257977,0.1715021061642263,1.628808989227649,-2.1206240010511315,-5.337870801755319,16.628634071172883,10.157097478937454,-5.9901549691352916,-16.075808188989626,-22.00350436277658,6.350956689279952,5.3158549752922895,-13.034647415352175,31.829000028677896,-41.031155222479605,-16.17949533201804,9.88700032037509,32.8380668665019,3.1214821096894503,-5.096571469137829,0.0
2.5413167832447554,-3.4972003499052295,0.7524242291991212,0.4287867624235632,-0.012868204220098869,0.0076889805853279135,0.9032813522197981,-0.5912684613228145,0.06036583583688677,-0.07936667920690146,0.6137851234860695,-0.30318181358160473,0.03321037231621741,-0.23500572331072575,-0.018272794884601283,0.10223852692091266,0.7080262406830432,-0.6615425938560827,0.030846551933860794,1.4408207611979045,-0.27489309916570687,-0.23130312833073258,0.9758886277922425,-0.10733222476754267,0.48780191792593897,-1.872307886703541,-0.8438940401432582,-1.2496854086329579,2.7185055351717304,-3.4881688509004998,-0.5930024933399553,5.517684279073175,-2.2196254945859497,0.5484097708572311,-15.06090230442544,-0.8247246309815772,0.40605769922237656,-1.033254105279656,-5.036704333457149,-13.279640844861087,34.01614333631965,13.204828664098185,-48.566700436240474,7.4942076223293395,-20.771411150487168,88.27585519345891,66.86076136885563,65.67838211956895,35.57761096749383,-103.04226476616317,-41.14618169526093,1.2078613056482859,104.34783298679412,-12.013100192912308,-7.371931483524959,0.0
2.571180849449574,-3.502838827394426,0.7505206267666514,0.42765403801090207,-0.011784724948515053,0.01058263392032906,0.9038037131424974,-0.6284516269441326,0.06462761806288618,-0.08517674607175844,0.6873025886435904,-0.35040448115810746,0.020580726011675876,-0.23583514507421455,-0.0339479684072411,0.06852970290940735,0.6026155920093775,-0.4930156492576703,0.040884250963246875,1.4944312259957147,-0.24755626506651154,0.0012691413336570062,-0.10761499969601253,-0.11492905112644572,0.14338255862118393,-1.2461750798486564,0.5420920098736479,-0.021666226165339232,3.613967900960189,-1.71939957769742,-0.5441937927673682,-1.8459669746813352,0.15380621876386222,-2.4033114478614928,-1.2002486726430297,10.276960520330945,0.20076875761829124,-2.3751626148320737,5.879909874949502,9.032487178974073,-35.045437810554446,-29.757414491711685,19.163448424446386,100.93603414963236,1.7147160059977682,3.4920631031288623,-53.54116112808451,52.908424666950964,12.119326333715255,-38.94235144505068,78.79304672962327,-27.968560179773377,206.72881026925617,-62.925019534462145,-47.81513707082793,0.0
