floating_base_joint_x,floating_base_joint_y,floating_base_joint_z,floating_base_joint_qw,floating_base_joint_qx,floating_base_joint_qy,floating_base_joint_qz,left_hip_pitch_joint_q,left_hip_roll_joint_q,left_hip_yaw_joint_q,left_knee_joint_q,left_ankle_pitch_joint_q,left_ankle_roll_joint_q,right_hip_pitch_joint_q,right_hip_roll_joint_q,right_hip_yaw_joint_q,right_knee_joint_q,right_ankle_pitch_joint_q,right_ankle_roll_joint_q,floating_base_joint_vx,floating_base_joint_vy,floating_base_joint_vz,floating_base_joint_wx,floating_base_joint_wy,floating_base_joint_wz,left_hip_pitch_joint_dq,left_hip_roll_joint_dq,left_hip_yaw_joint_dq,left_knee_joint_dq,left_ankle_pitch_joint_dq,left_ankle_roll_joint_dq,right_hip_pitch_joint_dq,right_hip_roll_joint_dq,right_hip_yaw_joint_dq,right_knee_joint_dq,right_ankle_pitch_joint_dq,right_ankle_roll_joint_dq,floating_base_joint_acc_x,floating_base_joint_acc_y,floating_base_joint_acc_z,floating_base_joint_alpha_x,floating_base_joint_alpha_y,floating_base_joint_alpha_z,left_hip_pitch_joint_ddq,left_hip_roll_joint_ddq,left_hip_yaw_joint_ddq,left_knee_joint_ddq,left_ankle_pitch_joint_ddq,left_ankle_roll_joint_ddq,right_hip_pitch_joint_ddq,right_hip_roll_joint_ddq,right_hip_yaw_joint_ddq,right_knee_joint_ddq,right_ankle_pitch_joint_ddq,right_ankle_roll_joint_ddq,fallover
-0.0027421405855879875,0.0003080120810569175,0.7906007965580281,0.9999830866269841,0.0001796833260933547,0.0058110225810749675,-0.0001618345898316535,-0.057466018109122316,-0.0018175986656411994,-0.0028581122673156556,0.12564217608241926,-0.07615994531018457,8.807889189149331e-05,-0.05767610061832269,-0.00042100020789900133,0.0031173851278629076,0.12575107935396276,-0.07620356367320162,-8.485524516767965e-06,-0.16201260896075995,0.027551255831934972,-0.20887377181129302,0.029519253970033986,0.6749322990984785,-0.030278340946645922,-3.3186727397340894,-0.09467411905884793,0.030046714453921132,6.745251789343728,-4.849702932600763,0.020713307464559988,-3.3369383688325245,-0.09520798087425143,-0.008776029936821833,6.749804131643358,-4.856317834773203,-0.003180954953431415,1.2116845160246368,1.3198135176155776,-8.496394548513775,1.0543588259521544,-7.4556569255284275,-1.715584805248187,41.66086854487251,0.9124646786004535,18.605208075603755,-197.4824657058066,-59.86982647131663,3.5085910996004346,40.790802704248335,-8.760173896743805,-18.627232595902818,-197.98968188134654,-60.62058750990191,-0.5503953097679665,0.0
-0.005637381643587444,0.0014666264736350571,0.7873678504021382,0.999909463363152,0.002065629610637274,0.011512358413927485,-0.006653108662435159,-0.10860477326497422,0.0026549750224190483,0.027820071523910733,0.22087224910870926,-0.17461860924853448,0.005152019281533999,-0.13594019497830018,-0.0030355168158651916,0.026609391010599566,0.2638166201520092,-0.15145661738218563,0.02950472594962293,-0.1070335285159183,0.08509233717435469,-0.10949881812756028,0.38522292027072147,0.37194132829074156,-0.9497084846744532,-1.9410359902443246,0.1267130047863832,1.9919120264568426,3.7387049139778785,-3.868317984215191,0.12037315073654542,-3.680293195085517,-0.2749053743271791,1.566170961685101,6.3247209910139155,-2.60060844003466,1.8255548534188677,6.07159086484463,2.57169834899693,4.699239376217168,18.65169865074313,-31.067620384736255,-19.40818921688841,85.4481161535017,-17.725947903138323,15.733531680720382,-92.84129277069017,21.235672535479672,-5.829954370653709,76.63521692714586,-14.099460259220166,31.68408944842994,-113.31875578811525,117.72722550830568,11.533422328626802,0.0
-0.007462338296809074,0.0033710182487835757,0.7855401576359154,0.9996932073277348,0.0075485583827908116,0.014995564322137134,-0.01821108288347048,-0.14039688893403032,0.001989558267117578,0.06877966179431391,0.2840324382880127,-0.2551401900696544,0.004398750295202846,-0.22683646177254663,-0.013743829836866573,0.0578229154194359,0.45401085595422636,-0.2575364652543853,0.09689072592253241,-0.04232403264578893,0.09530055014779555,-0.06834258373369402,0.631407897598745,0.17613321700129603,-1.1228046267531873,-0.9793559120154467,-0.15441123863182918,1.8868863379520064,2.458047229500473,-4.015084621360804,-0.0745211117672196,-4.010433373335677,-0.8418237332712077,1.0402355662928038,8.879701660329173,-4.7828053381512765,3.1391305154909763,7.009505030913083,-0.6498383229536359,3.162006963829366,2.2574313009541895,-26.146241843077075,12.986491062149671,80.35826217360885,-11.093563822214092,-28.88215942293242,-84.97749430536801,7.633296227451834,0.037549763559899696,118.04655655738955,-33.030340458682716,-62.43649379906141,-221.18741596646652,116.8955421831751,-63.20031305145282,0.0
-0.00879256717388982,0.004812752288550457,0.7833557834806204,0.9993605726697483,0.012892996499543006,0.01946091187204313,-0.027083008392053267,-0.1655165396077928,-0.0016364396733409923,0.09527691484479463,0.32054227997523294,-0.2874601928147055,-0.0010915449436351456,-0.3260972456337009,-0.02737032561629709,0.07826059090015357,0.6855266580542783,-0.38019988266027144,0.1529470259331419,-0.05283383765613569,0.045646618802665,-0.11662464805059783,0.4041763268388831,0.5216767820590605,-0.5285586332346845,-1.2820450891936135,-0.14833780377126426,0.8204582826313169,1.459609674198791,-0.5516423920730633,-0.31683847812228066,-4.516120332750251,-0.6842935849010834,0.6531693505644387,10.616076658037082,-5.2749775485240225,2.353043972363279,3.1893969783913696,-3.4813050786601205,0.973627098065814,-19.32968859745138,-0.11204321102216944,45.69998545541125,8.715089774076443,9.639991460065902,-54.45159486627229,-33.920614440373924,69.9118203729664,0.07419990168478707,110.37239712630273,-2.953349581054207,-46.79104456994257,-257.37311677042015,128.39915921270105,-50.36657780712116,0.0
-0.009497567819804289,0.005322200267161771,0.7802891458975575,0.9991760580745744,0.016372595536473817,0.025080163237698665,-0.02738847381517544,-0.19616361503861432,-4.918697093993647e-05,0.11248750686705578,0.3506117572816078,-0.26986037804626134,-0.019589017525746204,-0.39403561527282654,-0.0377532643166083,0.09717794227896953,0.855959959378069,-0.48530978948815395,0.14148365127559262,-0.012328262170791767,0.010112838444665363,-0.17145712554535195,0.2627474646019392,0.5692238815406913,0.3821053504939189,-1.6076026452068768,0.16476679585578857,0.7097545537050158,1.5055246278116525,1.448351198134387,-0.9977910202106509,-2.2752228161606327,-0.5060195265373488,0.9495213322856518,6.324871363068793,-4.573292205171057,-0.9846791613098006,2.960990197592628,-1.6242949012251569,-1.2916113682214472,-8.065837556930683,-2.479431979248849,44.91937365750458,0.52139906556389,3.778248715310988,-24.729576648046177,-5.948537256861801,33.84595389630336,15.758723901705629,130.3982960549888,-4.625078832194437,-11.378517039632772,-252.6922360131005,89.06188023117542,10.201441085210593,0.0
-0.009775660656435144,0.0054021029133052975,0.776252020263739,0.9991213940822673,0.018511741358012264,0.032543313403266126,-0.018833164145687822,-0.24056564173126363,-0.00028417939315749003,0.1126067810186805,0.39309601327067356,-0.2464612959104768,-0.036667099337825484,-0.4148114798719712,-0.0523175966672629,0.10223225668150862,0.9009262297155882,-0.575205641414473,0.1033503599504968,-0.013367798235213231,0.0006106072592305283,-0.23019248002506298,0.1360330122493975,0.9079279829408959,1.1147582799429734,-2.4899649515210838,-0.11023349689956466,-0.267460911733878,2.200095890516837,1.3709973941757185,-0.5186954863393497,-0.3268196510356254,-0.75962424237935,0.012245130802468192,-0.03866568891142863,-4.024543061034834,-1.7941859141527476,0.15253437242217444,-0.21932386759016995,-3.361823050308285,-0.35460268159874886,14.483197725588559,22.117705248687816,-16.849213092348332,-9.285581252749532,-11.451252589395708,-13.637930546160245,39.39652466225313,45.24270355057305,56.821845418719846,5.183401119527943,-7.111655659778745,-175.10280960152045,66.84268346694982,34.38895349964234,0.0
-0.009610238561950254,0.005697783146923046,0.7708023500769089,0.9989687526190392,0.019601063429213056,0.040807828248543336,-0.0034569866709037765,-0.3108149119338072,-0.0025671770459285252,0.10167063558720969,0.49406210280108376,-0.29504189462318253,-0.05402980593619196,-0.37568232990388134,-0.08364983714781432,0.07596148388350268,0.7470185712272217,-0.6171727199921728,0.015672895606829558,0.025303643747058485,0.034787106420051034,-0.34185674126754906,0.10146332621863083,0.8015495062641932,1.560892520134571,-3.5911149343046986,-0.15653606049768207,-0.24440990255908895,5.435664236504422,-2.804146384561404,-1.0491783869383284,2.8400523155597597,-1.767708862343762,-1.4257613672728442,-10.461506917158383,-1.603065038453982,-4.198638360048483,1.6378671711403125,2.705941273578845,-10.469380065216928,14.091620983474732,-6.572492471567738,-14.533918633591592,43.94288454411736,2.9508888530160053,110.36220072766403,-79.74959851769722,3.1817435053939267,-83.10077918717725,24.792456439982818,7.922685869236379,51.05010845935209,-55.536742952218034,18.579099376148072,80.45603787176174,0.0
-0.009754615628249209,0.006588892292614613,0.763094509544668,0.9985375826963372,0.01774700929366709,0.050059295416597,0.01008992301655449,-0.4161947667917589,-0.013130197649003323,0.04933856201638451,0.7231104914111791,-0.37960097985428476,-0.0005886993919876913,-0.34593480144847794,-0.10239983069157974,0.05696962673432961,0.5773809045875644,-0.5518453388974492,0.01221707163243475,-0.003172490691031647,0.05605436708345594,-0.32528447214118594,-0.5839436089213424,0.9665766820573938,0.7302449926796184,-4.910136240432916,-0.15095689710053062,-2.7549601476939882,11.761215937274821,-3.4038267232070774,2.9351847415092704,-0.823909117972051,0.05717257789693633,-0.5609383923206733,-2.5052566789320276,7.359911694534199,0.8686459500720153,5.097117386754204,1.8559896996126493,10.748420465035629,-35.0155575907273,-16.970002799845012,-66.26062132465366,145.73137716380117,58.397439679499186,44.25415856019623,-200.874238480185,113.05854747269998,-45.88060857523309,-142.89271277618843,91.1620390263702,34.48304037636171,453.14757559145977,92.04748197817707,-23.24625458178799,0.0
-0.010038196487309047,0.008474460036566376,0.7564191947350131,0.9980000111347006,0.010222932086375276,0.0613587267536223,0.01125060380022115,-0.5101944303178462,-0.013936052159288495,-0.007895797953238496,0.9754973009640094,-0.46274558875644434,0.05428673502094242,-0.3994429848739943,-0.09600353163310704,0.046123132653054386,0.6093124376749122,-0.46216040643748363,0.035296191544725485,0.017776641394169585,0.13039561159316188,-0.31498744475868645,-0.7937749661977881,1.112710436746743,-0.449108945315432,-3.5923433173001116,0.13771372965665382,-2.5174073430327275,11.145190742730813,-3.598625888241791,2.3501119926730594,-3.0719647256715295,0.42236036955946493,-0.4746302613347689,2.7429196392255037,3.3099734058013888,1.1592897757133962,5.620849790095169,4.319974280110512,3.5953351172278687,-0.35786322081744837,-12.088207431405452,-51.991071881707896,167.4788780022176,23.399089201121196,54.049704025497086,-266.75786494950444,82.64149496952544,-46.970952317823524,18.203970545058045,4.568860710179349,10.639779862231578,8.226286477548513,-82.95962135483663,-9.932198027605953,0.0
-0.007842798948773986,0.012863268370589485,0.7499645185729544,0.9976925420044496,0.0047887636912418464,0.06748916402266539,0.0056455389938320725,-0.539437393431594,-0.032944560514595704,-0.06471445584068505,1.157952780152447,-0.6222148221576289,0.06884192729444537,-0.45085885074638476,-0.10701906948920714,0.025920619470342365,0.6773317367325432,-0.4362007922196411,0.06866967906677636,0.18776200197537318,0.283602159868815,-0.31789896411871593,-0.27987503942408937,0.21709670610993367,-0.7489072952200043,0.3168283866956586,-1.4873979128950785,-2.576339121766499,7.004015996615665,-7.924352042558775,0.3470576091433295,-1.9209480713237799,-1.1132241410036465,-1.1591523710942397,3.244160343176843,0.7690713122315932,1.7661500369101684,8.53003311540199,6.353611334590312,0.9869123459479046,21.44954722334024,-41.721757566557436,-19.659837970572447,190.75219395799817,-33.27730585001218,59.09310340403523,-245.0623039683566,127.05564775632837,-11.035167478419462,80.22398881910561,-41.13715164334182,7.123259585592966,-48.138575953317314,-11.67240227413323,-6.23502343185374,0.0
-0.0023688224823250966,0.019444151575447113,0.7442186092455316,0.9978108169177761,0.00392672953168191,0.06600848216845845,-0.0010172113255685583,-0.48992007711964497,-0.06249363332242386,-0.10168732465980493,1.1813622656689182,-0.8266199903099954,0.04355710983581376,-0.4700805679571703,-0.13799562446465588,0.004061300071228107,0.725617904896977,-0.4075505499922723,0.09670504128304148,0.3247889775230363,0.3546876919825058,-0.28245000083325494,0.05640228578158321,-0.36449782287741506,-0.5985257297951967,3.542870580940974,-1.284934325097875,-1.255529213191499,-2.05262344325083,-9.58910216127612,-1.3568293289902613,-0.3841313391488531,-1.6538780028411195,-0.9162140277079855,1.954379663849915,1.5611041427824914,1.2075269528391754,4.16123611693239,1.9847862784638557,-1.0846256838710877,2.9884970922492706,-16.721683999156426,8.820248330703617,66.71938316202527,34.49327172748613,64.98043249808232,-235.48148061231228,159.60677560962492,22.261811674673456,47.98780611266838,6.626147492771792,26.613881609233136,-36.89856430688767,0.4272722707119807,-16.58265750073896,0.0
0.0052915821995201855,0.02573396640003791,0.7390768256595598,0.9980637155464656,0.0021900192185889413,0.06128704104399954,-0.010388557430014551,-0.37227489372046885,-0.05668233711586478,-0.09736745969110783,0.9509894677785209,-0.9164465507596672,0.0020380762451141596,-0.47271021273439623,-0.146985716176663,0.0073682025816727975,0.7671338102897961,-0.4207239362309501,0.10770280856888241,0.3951942910345483,0.276143276215487,-0.2908953393005116,-0.4194900542312785,-0.4362425543168398,-1.0303871263822038,6.538995388402406,1.3123779750991607,0.9860409837500301,-15.22536744332386,-1.0892584509792294,-1.9553415706023358,-0.10475513686254904,0.398028749348009,0.5706391752721043,2.0751721290691765,-1.3226836359952026,0.37994837536151094,-1.5941022275815664,-4.355119377868203,-7.570085844204322,-45.872064688170134,15.729980674405589,7.15933774941117,-25.393941342964858,87.78463165469252,51.80412759094365,-95.96484343677227,239.64682501209904,32.441256429888135,-16.18632297592094,74.25674550989096,-0.4839329186163128,10.338944696148474,-37.434679998545505,-4.658372855554411,0.0
0.013588175751020736,0.03171490477175083,0.7336922956846375,0.9981433921676997,0.0008987960625390148,0.05675141937758528,-0.02209609097157175,-0.2729407927509712,-0.03484462681793078,-0.05387988107433641,0.7007736923154194,-0.7472035706271682,0.03400201621228506,-0.48697781573354765,-0.1475159991495774,0.015049824883821679,0.8532792186755239,-0.4676379428626678,0.08093087904389867,0.44178146894048975,0.33109671096261095,-0.17852475291416564,0.4068240121258375,-0.4785105300091805,-1.1383337390793231,2.1858965923194535,0.07212301250572045,2.1157454821360173,-4.932490229927768,12.773834395753084,1.3666701483954318,-0.5809662562887403,-0.5949206725884669,0.33459691022136645,4.584044774745314,-1.7778779294077114,-1.6317364108481787,6.967446064763424,3.473409942493452,12.14534372040085,51.15211396809829,-16.498000638433158,-10.559409379355479,-145.67695357644195,-82.82708241029744,18.893338919623876,509.22920719372974,142.31427982959437,-48.03294146209228,62.67366801019284,-48.159129329599345,13.573539125944876,-53.969286244868556,68.15086646478773,19.503231878507854,0.0
0.0223898799758588,0.037742528922464734,0.7309701564645443,0.9980510696965912,0.004513788135758417,0.05460834550376742,-0.029859949690097462,-0.2627027999106009,-0.04463485974434648,-0.028779104266031693,0.6864270170785735,-0.5750731272212779,0.04748175884299242,-0.502089714184264,-0.15415846072286246,0.018415904230887528,0.9669289075387341,-0.5127394405144579,0.04199661439382724,0.4611349595069141,0.27688537913237776,-0.0755952583536702,0.414407809339324,-0.05816789494461351,-0.5045148643755213,-0.037855687984108904,-0.7228369719242873,0.837146312034692,1.2518182238460944,3.0394604622075576,0.369079989339148,-0.4332209241574016,-0.07640329850032526,0.03533796676614678,5.363620268615167,-1.947023783630393,-1.7145208744140579,3.6067265382944873,-2.6115859424856933,8.478987494106056,1.884526685273937,12.721789185572085,22.89379880088404,-5.076869110772252,-14.90141712464854,-30.39969971864627,77.29185970414406,-500.7944521300395,-17.091372218848324,60.01494555707346,29.834579908891033,-13.936649311833023,-102.73538561795694,49.82214626024475,36.64410114883468,0.0
0.033276562494917956,0.04257207041411983,0.7314124547533001,0.9979700721488798,0.007917226014131076,0.052156500385503485,-0.03567565128961527,-0.246273009419434,-0.05744106672845905,-0.013493035186889638,0.6997553639438828,-0.566320881252789,0.05418162504277468,-0.4943641017996489,-0.15115639896149838,0.002002124437926908,1.0581563547811974,-0.5605630409500617,0.052189955646172806,0.6064291177094158,0.21045317710417707,0.09685627513458078,0.32244630485296033,-0.34223660090604047,-0.6245665331907908,1.5451062122659072,-0.5194533521274792,0.7194856540319665,-0.20615260914254754,-0.432650750561109,0.30637038508910136,1.0328477589300027,0.5034671004215023,-1.2983412001386274,3.638254313951989,-2.1482156563678854,0.8330210088347464,6.138834492357932,-3.5646542699742167,7.508882787920067,-8.359681263673977,-7.191397034565579,-7.540672047246192,74.38489508292899,16.26279850446152,-5.050390157099044,-110.53604165023154,-27.285003553610064,-3.5012156719519654,64.5685253522652,51.00585968327965,-35.65211858796406,-112.0061767978212,44.43030082103808,-6.797265025491117,0.0
0.04644631439282997,0.04620028269778583,0.7343908706818992,0.9978032822554256,0.009586609360770684,0.04799562357546566,-0.04464445048229698,-0.20146945333205352,-0.06366064328724433,0.002647950214668379,0.6751175287836413,-0.5746789669592957,0.06362746645692355,-0.4682854889965318,-0.1252662845188232,-0.012917851856154064,1.1070669301793439,-0.6220290250553987,0.057362915552997606,0.6894302394987216,0.15840798157625025,0.17873184304988382,0.13524757262310833,-0.415712842788432,-1.02744633018947,2.63345432834037,-0.15603357547281066,0.8242133116294572,-1.9410556021775889,-0.27134839073355715,0.49900022551278755,1.3760810391837146,1.8075677675282043,-0.4824263883020917,1.5769389378938832,-2.9025786751607905,0.0833187405077171,2.416041062885023,-2.4556302768984146,2.129399139691087,-11.429892012080137,5.2324694721035945,-9.501559239728405,27.694490905059908,15.041900385901712,-3.411234754069886,-64.53161399400453,21.736347104322714,-2.34644760683254,-4.7112388375823615,44.6552965152205,13.409510109522225,-83.00345974008238,49.682868582216905,-6.822782329029711,0.0
0.06115333019524469,0.048826797023512704,0.7382972717317456,0.9974983422793975,0.008289093972742202,0.04269474014108708,-0.055727078115139994,-0.1385359781771235,-0.0617459114861635,0.018647742210448744,0.6237328743496328,-0.575781224080285,0.06891391911721306,-0.43353501623943175,-0.0927397027678196,-0.0451406276639491,1.1031156526478565,-0.6548673082344333,0.04381127933443396,0.7555748680874056,0.11067932567715899,0.18936578499831092,-0.199885717012595,-0.5676177068751422,-1.149531871166509,3.331088845214941,0.2631284746534831,0.755590313347217,-2.843945095077955,0.05317812297529559,0.16407832903403946,1.7159980212386483,1.6034962443263767,-2.185588984950694,-0.9931771431603539,-1.1777398240043104,-0.6839934766149377,0.8446676927063665,-2.142411976663895,-2.1504360938610687,-15.95146890777058,4.108570190873536,-1.9316675769338543,1.3145258863199927,15.673954995868957,-7.145650970393192,-10.857112993435306,5.9194251015122505,-5.365397377710343,-26.313711560614806,7.008395783077438,-37.54533093467157,-41.502007215544886,29.580404857144345,15.663327844789764,0.0
0.07642608266633699,0.050920614102798585,0.7415108425538696,0.9970513346156428,0.004714473314704437,0.03757113511219578,-0.06674443564007612,-0.07172370825329691,-0.056014001804419275,0.03196718346655154,0.564700405344317,-0.5718652642269384,0.07036010187042843,-0.40348948049762895,-0.06649002131802723,-0.09711067476393101,1.0683962457996785,-0.6551022585157541,0.02469565288528589,0.756147074509358,0.10121780139848226,0.12330653305517068,-0.3413361737561001,-0.44915315560024444,-1.059354340973833,3.1377205556081607,0.2769180312650641,0.5351260549871378,-2.7804331531435866,0.21636019714745605,0.04193123615940236,1.0815415734207863,1.2224868469099561,-2.5939033973364523,-1.8121846668887287,0.2296638976267241,-0.8417831563071629,-1.8321264178256103,-0.22775205204050586,-5.017816608820879,-6.06243039294541,14.645018933513274,8.253161534170538,-38.846468724312544,-3.8963220279996804,-21.061656806561775,40.62088228122334,-4.310016270079343,-1.017228588442228,-63.61697960207802,-0.15887602358780814,25.114180899677883,24.757707758848547,0.9441963244107329,20.243170736258296,0.0
0.0914461592239391,0.05288520517544581,0.7432170945747401,0.9964186844105549,0.00020212797091281157,0.0340781961211262,-0.07738501825904423,-0.011425721784428668,-0.05032626751888903,0.041829515380569976,0.510667290930119,-0.5659099777633573,0.06718009256321002,-0.3917529037167039,-0.04291638553021553,-0.14952363402979582,1.0336257623875227,-0.6453018435839164,0.0041745433507764254,0.7384704701567081,0.09791506104687195,0.04741772903808193,-0.41418200093092483,-0.2871020062616616,-1.06918924086042,2.737073145913819,0.21800646287731298,0.24025821900339767,-2.368857047642912,0.2793452620684053,-0.2847960773135852,0.054538919323214335,1.2299416699567263,-2.388607932966465,-1.4434684185732767,0.4700141580864761,-0.8920750742913716,-1.8556149549026344,0.17059147653390824,-4.611641572859402,-2.13723524554312,12.62072780745679,2.865160365477673,-41.2586475433748,-14.441922593309206,-51.83718996166817,53.091643644958424,-8.524914110611745,-12.721094872383079,-66.39166369945094,10.796502791466562,43.06018922132629,44.64392249343728,-9.77755346413151,20.826673338680568,0.0
0.10613367098136914,0.05498377336183978,0.74335681366542,0.9955176048827863,-0.004256233500274697,0.03206387857182976,-0.08887345236775479,0.04172408602996375,-0.0513818028337082,0.030925068485661473,0.46466486670918045,-0.5604814596339676,0.06173816481991344,-0.39906032630963095,-0.016399007877020248,-0.18806748688557975,1.0042503555281133,-0.6330440614043107,-0.011390513601925905,0.7254103536197108,0.11291267158065361,-0.030918783227761898,-0.3606766017043199,-0.16168086592066208,-1.2365719036142644,2.4499202415409367,-0.26470486437542756,-1.115221872354701,-1.9838263412114818,0.17910391166828754,-0.12910151434057565,-0.7980291466370205,1.39056127328226,-1.4928402431393715,-1.289483401743248,0.5489493301679825,-0.6413284803123775,-1.2207198338393346,1.0668596015032397,-4.345875820300382,4.33332144878207,8.947321416390313,-6.50753373438021,-31.905996221493346,-19.170122223023654,-42.2143687659976,51.78146295173787,-13.71044783570004,18.30624462435894,-51.503611465268406,3.7336445838498418,49.12943228072538,29.94504237980371,-12.564419675661991,14.93299334359056,0.0
0.12068767000807165,0.05748951317522652,0.7423252299694658,0.9942925022130183,-0.007361070766165832,0.030996505532790222,-0.10182068220605545,0.08531792576610395,-0.05894330708497711,0.014190435594743192,0.4347405846203246,-0.5528780968485518,0.06299030670415309,-0.4185966830654952,0.011167505866671035,-0.21084361645458155,0.9729952848165189,-0.6256594600815146,-0.023519413319309228,0.7288778177182921,0.13825678976056133,-0.07188238211381878,-0.15916773168292364,-0.08830649382151702,-1.3626289438888057,1.9183177765002946,-0.5505413126351902,-0.754336734224706,-1.025473060181622,0.561663575748349,0.5770808005223861,-1.1845168199818366,1.300393065344179,-0.8666037358746161,-1.5174759648650078,0.25310858096491423,-0.5105100375715301,0.21821167589793586,1.4334779115697767,-2.381868414839256,11.669897858342166,3.5870726992887314,-4.720723677488816,-28.386894598164094,-5.740749558423705,43.55489635007905,50.86423204689544,-18.577343611243453,-76.37738625669736,-24.762889428770915,-12.98298220076066,27.288020844560414,20.755485575990367,-10.377769510796073,11.476574255995574,0.0
0.13559132649123354,0.0605875876353325,0.740855705096907,0.9928493258667422,-0.007853690043479905,0.029808650769664064,-0.1153255393134967,0.1161393876471698,-0.07331807793295736,0.006895726238779072,0.4301927051994159,-0.5366705092332235,0.07073734855829472,-0.43624241984747447,0.036528659460009445,-0.2182594102960009,0.9175369940205871,-0.6064600373312106,-0.02975007858295264,0.7596742734995982,0.17399803941561415,-0.08283475969970389,0.17269445678089518,-0.12460092960594257,-1.3678772028752457,1.3007966962254764,-0.9197554025318876,-0.0658997931507437,0.2769267589606539,0.9730204320295611,0.2709830304834661,-0.7990469783557822,1.0655998027899531,-0.08868753287411636,-3.033880436292301,0.9360281646449679,-0.23595729223385162,1.766632799429866,2.447488139550372,-1.542040662569024,20.80367813543327,-2.1764076865561393,-1.1457651186364204,-20.776853447654368,-25.189530287662357,34.52518404758264,43.5988873811545,14.074330145296866,-17.003518247482525,-1.1618963207924997,-34.50792701159781,21.26232295045086,21.709394983363307,-22.320355914266273,5.492074016169202,0.0
0.15146047377360344,0.0644436859829786,0.7393270644029407,0.9913523575417232,-0.0048763942741885625,0.026941482044326,-0.12833892831329818,0.13272927069411167,-0.09589656454424676,0.016998854248746018,0.45879830555506657,-0.5067057026027048,0.08364036273001364,-0.42800605935270997,0.058792770210495685,-0.2074138143080507,0.7929122280061375,-0.5434220090986446,-0.036518583853410905,0.821357003817476,0.22135525060543543,-0.09226599709747595,0.6126007301291496,-0.31272972250430947,-1.2993663042716719,0.6075897819992753,-1.4197122377156568,0.9427896892747634,1.997061493453573,1.8031378133759024,0.6651525499436843,0.7482405245151607,0.7908621271013137,1.053719481575432,-5.770305158895814,4.570748232222352,-1.1876074671389236,3.5614224734350284,4.036738779144636,-2.829246824594308,31.79464802777209,-9.713085393592708,0.8540183885380195,-9.716949845262075,-40.25605652175295,37.868184527412126,34.22717169315966,30.598927018485497,-9.060453687716006,-65.43190857382376,-65.78120653577321,120.7905860094689,705.5716528747456,755.9678987864004,-484.89295968548566,0.0
0.1688941794564361,0.06850047840357386,0.7385522060232987,0.9901151145527102,-0.001228637731722878,0.020656086300799036,-0.13872229987400245,0.14332432723069677,-0.11691504752692901,0.045941496093420846,0.5110840599286071,-0.46331179179303406,0.08737078275919385,-0.3954570426259301,0.07526953337175911,-0.16618743251363655,0.7245021739614858,-0.3866645691322135,-0.08121643235788048,0.8974838088675903,0.1868257584119537,0.035681980118488804,0.25492626555325776,-0.6971798322709617,-0.9159156828656976,0.5155196429688215,-0.6847157573743892,1.6158978704179234,2.7693929878008077,2.729020974447345,-0.02551863484507419,1.8844924396604246,0.4266178943635722,1.7698779893695646,-1.1511179979039623,3.512640288167392,-1.6787335668650678,2.0139385002728276,-2.468079667419635,10.586808777373474,-33.31574502146502,-9.94793927011171,8.578210562665989,4.718839218249711,48.54476360550163,-2.609807595508272,-8.301688837815774,75.1001341138353,-20.95227906601513,25.676625387242247,-41.71713629454692,-75.76139551854632,184.04110253902186,-643.003524179047,109.86470240873487,0.0
0.1861040035039585,0.07173224390916788,0.7411323365806423,0.9893581578751403,-0.0035017048366543044,0.01568669930484207,-0.14461016898567863,0.12887647377688935,-0.1140904547401396,0.071806923202256,0.5978779505799818,-0.4461098944186674,0.09314863264122787,-0.3550962573676375,0.08334835549163976,-0.14318759678880155,0.7071767515603845,-0.3793048689304846,-0.10162176570695503,0.8495062913114562,0.14280804480015336,0.20384112615997926,-0.41818915235529874,-0.4483970524913898,-0.4304433747891756,-1.1941542394826201,0.633334997090857,0.849031836941578,4.184303795565239,0.4284865513845324,0.30978228703436245,2.335817375980891,0.5134738427571086,0.8235524707044626,-1.318420329197556,-0.6138969471491188,-0.5996868225172862,-0.10134644395973688,-1.6419000793940102,7.716551773896063,-25.018976378078545,4.652295293729875,12.949334657999273,-23.579314257314955,39.02496071820789,-58.22341431796248,-93.63247291244235,-11.448469881417932,-4.293292230872731,43.895983129099065,16.02984592054073,-23.977412972608658,-81.87636352670324,-23.073778200222794,38.25194815670645,0.0
0.2023846143005693,0.07495325158627436,0.7460072191224821,0.9889051061405194,-0.008405367677750282,0.014340797591262274,-0.14761565759720865,0.08018941055499046,-0.09728291763269853,0.08221193101458096,0.7047000250494336,-0.49083208591633093,0.09792846804671825,-0.31014887216197834,0.09333057358507986,-0.1270265704292836,0.6717374361845166,-0.3909727036216645,-0.11078947399420697,0.8073039619342964,0.18037018238932476,0.27383553694975965,-0.43137531161970644,-0.0869178530783892,-0.33912122495233726,-2.8704759732126486,0.8597374315829465,0.2956398215672804,4.77371287029983,-2.4305960983081403,0.20523551805092924,2.2838900511512152,0.45893474369399195,0.9174348403630944,-2.1632862407924147,-0.38611072790277146,-0.27379131069175683,0.502036895361232,2.539078148489014,2.856863430358338,8.09899080841118,8.005587883087783,-10.452745080692072,-17.698575541071566,-8.236024731699747,-21.42963328088198,-138.04991985852195,39.248318923749494,-3.401261823586971,7.893400463608906,-7.585734292122821,19.954846299162586,-39.53467839657619,28.140349336718245,22.32163657628426,0.0
0.21825924265013047,0.07927318964709805,0.7513124259445236,0.9883001071429592,-0.011488876436691903,0.015323652797140284,-0.1513145386418313,0.008079328501405011,-0.08267833479830257,0.0814672948060419,0.808903884043132,-0.5476002478840825,0.10334243340189318,-0.2685197075456664,0.09892776329284406,-0.10585698460818764,0.6281982327394128,-0.3955967312816469,-0.11176823982219823,0.8010412002962207,0.24623890166825702,0.2581474247999029,-0.17920610246870394,0.09469868467867097,-0.5222970521473822,-3.7263802129479404,0.5970433767760489,-0.1133405576189361,4.438009062543044,-2.4934771359803776,0.25350653358369496,2.0050740706761427,0.1306132340822124,1.2866745445441816,-2.145713265394808,-0.13992335630387392,0.10387389158266944,1.855176697711084,3.4473447238624604,-0.945763763868805,17.546357760432794,-0.2990224659672638,-22.58281794691297,12.81136777002019,-16.107000967192253,2.635944172450863,-141.55613475046263,52.94291559422936,-4.178145357096075,-4.470696536108284,-17.48001516975593,31.61687376896977,8.676678514885571,5.7611940346013535,14.018980414842929,0.0
0.2343399580034425,0.08482911419781634,0.7558456805983919,0.9874310524176751,-0.011826857595903472,0.016911742284103297,-0.15669727225974325,-0.07146677878155915,-0.07245104451968983,0.07327834072991832,0.8897592358677866,-0.5894866144128325,0.10612929171381232,-0.2321881191315851,0.09552341606881205,-0.08070851674413193,0.5897203368855104,-0.398297576632466,-0.10433186843779611,0.8178762925470328,0.30281478487444563,0.20128923328399023,0.07349058008741097,0.15809227197741063,-0.6443610770538644,-3.885030096280799,0.48353947804511266,-0.442516043411244,3.1352335968445493,-1.7157737729993707,0.10943570546319456,1.7130340771459664,-0.3747783488867607,1.354778805947814,-1.6986785750997835,-0.18156219845116603,0.48619257574879615,2.199286809114394,2.729578897498123,-2.8740691357698798,14.785270280046129,-3.570713589132418,-16.055710131172933,26.815583159542125,-0.2548498796763643,7.71780361177256,-127.34760036824565,38.16707914008206,-1.7700039971928718,-8.879286909961088,-20.62824767672573,17.561500914253475,28.619191839914006,-8.042505078368857,7.352336651908848,0.0
0.2508856929514475,0.09128352237193042,0.759146588927234,0.9864326413448875,-0.010231196584395525,0.01848278984400459,-0.16280157611455087,-0.1499938397253358,-0.0606491935057436,0.06025366654419082,0.9415975762636053,-0.6166505765085003,0.10430463541616282,-0.2004961601194549,0.08327157387559757,-0.05613178534251462,0.5597539535892695,-0.4028742898220277,-0.09099829144220557,0.8426122875158557,0.33866362483432644,0.13530808652989748,0.21170161334674445,0.17447773966550612,-0.6546195857677172,-3.7651715896111626,0.7089787703165049,-0.6680250953160091,1.8437531866213996,-1.10401841058033,-0.10377240622264616,1.5060246879173025,-0.7714211110602767,1.230112404101942,-1.2796774102240436,-0.32564565463644246,0.7476937480266105,2.1722692602743843,1.7484997235174051,-3.345112351164809,8.451385728769061,-4.307385750832511,-8.74538310793993,29.352542011932346,15.042338417547255,6.600348552217521,-95.39807123676981,23.65092757493495,2.4457757480298112,-7.439275772631439,-15.466241388632222,6.1812933988957095,28.63555958621077,-14.933358427265059,3.8151546825917038,0.0
0.26799957453584156,0.09835764473459427,0.7611777783570314,0.9853931939492704,-0.0076779483163371305,0.0199544923610495,-0.16894709427130866,-0.22474564021490678,-0.04321631120801098,0.0439290794176658,0.9707738783367524,-0.6329909186489228,0.09593719084777429,-0.17225424363936784,0.06426046402700114,-0.03488828527509785,0.5372612996659456,-0.4100916637020057,-0.07562440137740901,0.8734385984533233,0.3677622343189405,0.07300012180706618,0.28029952451678714,0.17675715698683545,-0.6451868746024504,-3.562344263441067,1.0026645676621295,-0.819301438337112,0.9555373452440677,-0.6556640120147799,-0.40412664217530764,1.3632452296815318,-1.13789080747323,0.9205267679813378,-0.9793089398616982,-0.2489841202515984,0.6741765595816558,2.2322513208754504,1.3479738727590989,-3.101955905029584,4.32509696593475,-4.118547131686275,-7.534588942588887,28.34613683788793,17.98686259235115,7.388228278980385,-62.44731766939543,13.278921761020017,8.2590218151222,-9.642118786588728,-3.94593041673349,15.898531002824225,39.34644399778048,-71.88383019938483,27.035881431912532,0.0
0.285770026117072,0.1059789757342776,0.762030039734638,0.9843232617177177,-0.0047409874085288,0.02144254184907079,-0.17500130536323066,-0.2955060414696163,-0.02080819089976252,0.024756675226070127,0.9870505249492754,-0.6393430170391766,0.0822353493685029,-0.1465432783629025,0.040246435222322734,-0.017235837753969363,0.5206079402288522,-0.4220527075714709,-0.05690882837062208,0.9069610759625274,0.39247161653236484,0.019543996313714354,0.2835301916731401,0.19264704210578132,-0.6267977339051765,-3.378314364027023,1.2264514325596316,-0.9641608304708572,0.5318606314736913,-0.2095145202701392,-0.6270433911696873,1.2361330865284255,-1.2431611176986086,0.8913211326649828,-0.6776391817161784,-0.7901554686992961,0.8815955671110289,2.5193652025566355,1.3476416823521726,-2.477143824862422,1.980320633492204,-3.585780725570067,-5.487713781754908,27.178928367411253,11.140352041387548,5.54672919896157,-39.01572407562745,4.726625343827192,13.471052101079009,-3.6441313618927613,-4.92969909498695,3.9631079572453114,18.395066839724272,-14.86593817941736,-16.278421035584678,0.0
0.3043253067304596,0.11412576522407353,0.7619867844584997,0.9832695383543716,-0.001884076024801506,0.022996645748854086,-0.18068928990456448,-0.36219909729656846,0.004088961977493586,0.003397793892882097,0.9985419380932568,-0.6373627271965324,0.06651745106655528,-0.12238334844475672,0.014542274367088544,-0.0011284742332279148,0.5076186965108798,-0.43736493064652726,-0.04368885067404888,0.9510762908927914,0.42122498538058684,-0.019027719362061983,0.2729015236142864,0.19073527919226893,-0.5706909679592868,-3.164223855936809,1.252613306716227,-1.0463446006293573,0.4392779105614635,0.14568770301326192,-0.6921397139509301,1.2068464967028927,-1.3371910936522022,0.7871819816111034,-0.5860875982794436,-0.802765167989244,0.485288212497142,3.051673551540125,1.6911769603054077,-1.8283282706670458,2.4968855510178667,-4.078670024126976,-3.039408710369236,28.104730116900466,-0.47669962780642694,9.060047936272511,-24.102692123361088,-2.810557975268957,15.41533326199167,1.6525978615979253,-7.246943643993598,1.7782252911091418,9.312346041745705,-7.509640509427055,-18.200044437854693,0.0
0.3239193421666455,0.12290003928256361,0.7613506443948962,0.982304469682969,0.0008387695775671255,0.024329230535600457,-0.18570221820969965,-0.4239116453147174,0.028223644990892985,-0.01692151416536181,1.0107370181650621,-0.6271202294586622,0.05207053934097558,-0.0968184766119685,-0.013407809673345575,0.012508752751688786,0.4940238669883175,-0.45248794306118534,-0.03828167186354589,1.0082005037055366,0.45537371366356955,-0.04215276697858393,0.2671118462812485,0.15568964692116488,-0.49057840623509563,-2.8971870752409443,1.1442394408581285,-0.9145877957548934,0.5636128826223431,0.5202424869917615,-0.6177986303281715,1.342320761992299,-1.464239787358383,0.6590882100495316,-0.7084682850686914,-0.7856257898312208,0.10670705131339792,3.5227486213616044,2.066606570716918,-1.194389628382441,3.520451410025838,-4.542845218308137,-1.4956592521416745,29.25682094283305,-9.675096664921242,15.879420949469191,-16.023734995081348,-9.731742913383512,14.020402851174756,7.613407575206582,-9.453228547576735,1.6493965673320863,-0.6515304975777823,-6.283529824693621,-14.14966786357387,0.0
0.3447942701736143,0.13240324614511087,0.7603751006447395,0.9814767676168152,0.0034877548965457405,0.025059905907516784,-0.18990311032244073,-0.47884162597060825,0.048954425510508284,-0.03311454665735019,1.0248468789885679,-0.6106018192387329,0.041309915281457325,-0.06649971951838687,-0.04418831561983624,0.02370479310768179,0.4753271958571943,-0.46633247277236245,-0.03914152717186279,1.075194057145034,0.4945560913750678,-0.0560571707144354,0.2777324531115264,0.08832083014378407,-0.4076493065814517,-2.5317309904429246,0.9172920441696495,-0.6708832566569626,0.6619062598844777,0.7807227001519546,-0.4437107405527488,1.6243591535815378,-1.6219783518833384,0.5306095617240125,-1.0355866433930692,-0.6878179012516836,-0.23278264633828366,3.6230055962958883,2.424995327006094,-1.0069579620524904,4.559116630637288,-4.100512389211181,-1.6616346136277689,29.739806472650272,-15.99674202508156,18.586481860805048,-14.464025971362354,-15.274505238064405,10.311572670944054,9.146025346660236,-11.199320883207582,0.3262364602781551,-5.276785510838687,-3.2284081630243566,-25.057056420686255,0.0
0.3670283243049875,0.14271577801955546,0.7590941667653206,0.9807491826268991,0.006177390893283531,0.02497982129763811,-0.1935688227643097,-0.5246843441208066,0.06528564625681871,-0.04327887618218365,1.0367979966453176,-0.5882845211673395,0.03482010844271095,-0.029987699039489966,-0.07826085373310941,0.032384913447230226,0.4493064392809799,-0.47740770361969626,-0.04733117471153122,1.1405552272242934,0.5366132629176311,-0.07521668173817471,0.297869693667505,0.016094060734139527,-0.3754452940151419,-2.0615188963081565,0.7009222994306468,-0.3579327290128226,0.48851937080456914,1.0374589330256805,-0.25736816631164106,1.9155247344046984,-1.7856900669976512,0.4061221385600439,-1.3980898470150813,-0.5317893105872961,-0.6509008480239931,3.076739626158557,2.6444676723569995,-1.6596353258493595,4.510979693261182,-2.124498562930969,-4.256174928047687,27.379657083235127,-15.603910008792381,17.400094891840666,-15.125336586661096,-20.503095247418457,5.994585541005219,4.11431125755897,-10.787404543589805,0.68218641144586,-2.6387295754805993,-2.2569759266698446,-28.76442952830884,0.0
0.39043752865177,0.1538535712656073,0.7572191796242166,0.9800228049902882,0.00893272901023758,0.02420858604570561,-0.1972040882260425,-0.5592810641654568,0.0777791211250924,-0.04751527058716496,1.0371824277749886,-0.5566941207545038,0.031554930022856365,0.011413895129015878,-0.11540986072464735,0.038506445311660205,0.41728054351116045,-0.4858566465977049,-0.06416200276134716,1.1905801882369635,0.5772937903459395,-0.1170471701586353,0.3057660895196346,-0.03167994521178387,-0.392998073626494,-1.507894599319335,0.5381475917970565,-0.10460252687531403,-0.20525830025276587,1.4769037205999915,-0.1261153282885986,2.090178431140826,-1.9196064730285092,0.27179243600711855,-1.6246823828074688,-0.4328383167937814,-1.0706403733777148,1.8715028617776357,2.5719822784604522,-3.2274423627476456,2.2863700996833614,0.921726760359057,-6.5130975448756345,20.615812506830686,-11.435836577314298,10.648993412725217,-13.918170860271546,-29.326577972695898,2.763139229861129,-5.909935997823917,-7.715059918346781,-0.3393812754092189,7.231569161085769,-6.676211662494483,-24.53043136868712,0.0
0.4146327300448294,0.16570173796608445,0.7543463469209013,0.979206494485258,0.011313702711898884,0.023021248100543335,-0.201237828016334,-0.5792366613993477,0.08749383233809097,-0.04822915411204698,1.009597771451073,-0.5101393006453746,0.02919588970077359,0.052191178490102595,-0.1561394916008034,0.03293421643776145,0.38915111714794137,-0.4909169585955443,-0.08145640999264787,1.220233274710516,0.6068196860156321,-0.17445980469348457,0.2185517866666928,-0.07836755736288142,-0.4621073706940171,-0.7354099962542028,0.46303127542622985,-0.010153385600339116,-1.7903252387795519,2.1675595394884377,-0.10330646176870763,1.8939313124371775,-2.1113887267656652,-0.7951413738089114,-1.09633979221642,-0.21694307289170653,-0.8500624111386925,0.8273229156782064,1.75698816352054,-3.915897296836072,-6.834885608831705,0.9609594816063793,-10.253578399760112,18.387319251641934,-0.4570253546742786,1.013679587389407,-8.93496574118253,-45.26604105693038,1.9519732356566737,-23.862675864080924,-1.587915755649493,-35.82717004460135,42.36717334536642,-1.3082506812083992,-4.723215350559832,0.0
0.43931904180776127,0.17790223842702477,0.7503404318542548,0.9782173691571431,0.01183032647711411,0.021222380513179102,-0.20615633053601795,-0.5763405291114806,0.09488007763483586,-0.05130305593301169,0.9319046502170161,-0.4477890437887734,0.024920343961147628,0.08367351491924747,-0.19966342822891797,-0.0002960049025222031,0.3853835087596652,-0.490271615878144,-0.0853119788942619,1.2432640406843056,0.6116595876967917,-0.2338568407224494,-0.04874426162186872,-0.23036319458520693,-0.5308022120389158,0.5439968530472012,0.3522145102046273,-0.30021051244397917,-4.441012400257312,2.8199310156672714,-0.20125345578124906,1.3635190186289525,-2.0140373720292244,-1.7059941189737684,0.38085986059399474,0.08544674664728227,-0.15828927295209136,0.8446037557556157,0.161720154111315,-4.539624257524129,-19.691373470290362,-5.751622215625176,-3.258819640494802,20.798407716407702,2.1335387581928584,-17.15751190897089,17.37109918201003,-66.07976572011006,4.3277489755572525,-18.705392732314987,29.72592972795602,34.932648659216525,48.42570882596106,-0.0451826352595629,-10.635997530718054,0.0
0.4645859056536978,0.19000144653986809,0.7449781513296742,0.976960170755532,0.00888210407556199,0.017612089146719294,-0.2125082287827946,-0.535627570550467,0.09778453321841289,-0.06694503551204922,0.7809646883002783,-0.412156314417032,0.014869278966634305,0.10173062202882376,-0.23883055131979208,-0.035282490539876046,0.4195155795655725,-0.48344578561462115,-0.06507680530433992,1.2762415206892967,0.5943284885743936,-0.31764374796506023,-0.4110961047965544,-0.5583356548892073,-0.6844957349676654,2.6250131602292965,0.1337318382182915,-1.1246476094668627,-8.093847253900181,1.1153883054344105,-0.4669071600769411,0.752450648146797,-1.6500722395059768,-1.2988285841549445,2.3088741556370787,0.348757725914152,1.037734710249952,1.1380565530578302,-1.4416650512802387,-6.879572817831433,-29.186442519554177,-13.749079440160653,1.2033409698247866,18.705898506976332,11.255195247955626,-27.333778184254392,78.7994754806891,-59.08961625617655,11.274504691409215,-0.3935168727882097,47.33225720356183,70.64520285216615,31.007918060264778,-4.804542036457378,-21.071566547804807,0.0
0.49017468605787257,0.20201136590816876,0.739320361187873,0.9756750549983702,0.00464972136729278,0.011959488097675606,-0.21884592248788967,-0.4881191398996693,0.09323045326859553,-0.06319344050748242,0.6933180226563646,-0.3071892207490669,-0.03239777974738586,0.10864454606057589,-0.2708670093036456,-0.039236943448594255,0.48330367773500266,-0.46929058018646524,-0.03904669251410803,1.2735089834656803,0.6003440551988131,-0.22132990401834218,-0.13797998633941366,-0.6822964251332065,-0.46198870560322686,1.63284774707497,-0.8186111003232958,0.7516773245858286,-0.7408756420429348,7.195668753177088,-1.1869151137479177,0.29807685399174927,-1.517798318347923,0.550482710508325,3.227994997668906,1.1658607072029041,1.1665789311701824,-0.13778400336467103,-1.0610844854641863,8.252271720687709,15.229433380737534,-6.6401803428319806,22.766766071249883,-41.57325448010462,-71.09340384577244,3.3255582020985974,231.9662811308338,-40.110411381184136,166.61546941077816,18.792713937448852,17.4769146852101,75.22343696213392,-37.26513601993028,40.71781866178684,-20.9440965813587,0.0
0.513868109987195,0.2135558034998145,0.7376774733407309,0.9748961207615217,0.0036237339631188547,0.009169938914067814,-0.222441755290263,-0.4734453619116673,0.07200040014715352,-0.04590218835311318,0.7211081160383284,-0.276233946443223,-0.041331774423607574,0.09083347116010784,-0.27969052580402476,-0.002945681335399861,0.5688436201632151,-0.4734861612451358,0.0003336652864831635,1.1345238163604419,0.5491331413114466,0.04322123835052709,0.05813340928195697,-0.07948899225850353,-0.21433261068994877,0.5857006619889725,-1.2174583169301807,0.9351996793156302,1.6811765215135415,-1.1637879952084862,0.05112354492963887,-1.2479781678299782,0.15017551153166683,1.7949997200554348,3.8561260362279093,-0.38635093273960325,1.8187563019179311,-3.9355451188874206,-3.63466423746843,13.90185013399216,9.507084522001104,16.910714836087436,18.951103292762706,25.294298358289456,-15.015943195869516,3.7333149414325093,-69.93288117892506,-117.35416311151465,46.435636579391925,-6.494431647592502,50.8710189289192,-52.31958923941356,-108.00867473074803,6.194883964667329,-36.608622869672224,0.0
0.5353878193060374,0.2238287056823289,0.7400318403530508,0.974421669485155,0.0037868072233996322,0.010461886810135513,-0.2244518190017347,-0.46127092271731274,0.050158108447961335,-0.027701643954574817,0.7446098144976883,-0.309109414265898,-0.034754736550834414,0.050252671670386315,-0.2606562366538889,0.03223169697484012,0.6629638106422805,-0.5192358689595095,0.024837267726323536,1.048075235233324,0.4793308800597701,0.17968293529090792,-0.07047020796305786,0.21465818246188303,-0.1166326715808093,0.8259062606345133,-1.0477551006813284,0.8053202092511217,0.49690190108781185,-1.579753090166083,0.5218711268471338,-2.1204136154280455,1.418837602106992,1.1515458803931633,4.1728639413397985,-2.3292573473994698,0.9519204558445069,-1.981381300542968,-4.025993472804761,6.6288980433811,-7.03829261614808,4.838793294703898,13.898944665027534,32.79668357497658,2.236057841496386,-16.392578226989116,-84.89059789964078,30.13944939808856,18.093069870288623,17.220726503721842,42.7259119002623,-88.85245133576365,-118.29222836678593,40.87336991382403,-21.960584423605216,0.0
0.5558544131217494,0.23278206600103193,0.7441532330770598,0.9739278971995359,0.002892264542181387,0.012626750046844968,-0.22648763993993482,-0.43907765787542746,0.03235552274650633,-0.011447591469383601,0.7440152496262338,-0.3359182165738557,-0.02229184442335861,-0.0007677855240240793,-0.22321771079913394,0.04889711344883165,0.7629911748757617,-0.5520565948824907,0.03144956102066036,1.0197779719578297,0.4171212968480652,0.22836230157288062,-0.18815911251550999,0.10231656599793268,-0.19672410930172754,1.4300057256476437,-0.8265372395974458,0.7348843983762003,-0.47180795112269713,-1.1358181512494183,0.7016855737300371,-2.389342905462884,2.1237359135776925,0.25682539551540473,4.520926328790554,-1.1813126824355509,0.15589778770173507,0.526868892397457,-3.566458082499408,2.346950994435534,-6.337944523136815,-13.263402688984,6.138212085636998,38.91558032205729,3.815451673779331,-13.019726637088292,-47.1452871318679,21.74077254750473,7.400873920856533,44.23128680745739,23.113758754333272,-71.0152324247872,-113.64971795002103,38.028555488095535,-5.315411208313463,0.0
0.576101887615067,0.2407520163126567,0.7487646176053263,0.97300434690855,0.0008721384731623032,0.013387837598852667,-0.23039649753408775,-0.4050323580357914,0.018772609267294342,0.005647542256033353,0.7280947812420396,-0.35533581889623883,-0.0059908161356426225,-0.05246910897959859,-0.17555092731167155,0.051990149332296474,0.8546055746639029,-0.5823270370696498,0.02982889992030941,1.0176737507656874,0.38051350340758977,0.23192986095339055,-0.23073696583347528,-0.0758981574469248,-0.4876992533468537,1.9661544231301538,-0.6163171835885424,0.8740358856081746,-1.0421978422548457,-0.8683993147077399,0.8686106884339084,-2.4004847635625555,2.483165923113189,-0.1796944166762372,3.8476610595684493,-1.3521553467216016,-0.10315744306221435,1.18984008986316,-2.078651303176326,-0.08130756687654855,-2.817203762294181,-13.671127760623797,-3.964269331845793,29.948652957249543,3.428126784885986,-2.7201727844398738,-24.17667795094435,8.589888957364264,2.5976758444287675,37.92950076818613,4.448357819491314,-47.37907126734582,-119.56351860788337,28.00935541143726,2.417877561763207,0.0
0.5964920493491505,0.24819700348174556,0.7530927068947934,0.9716676003760074,-0.0016548149542927766,0.012584023107595686,-0.23601054707242292,-0.36244855210288407,0.006510289583147824,0.023724028438024885,0.7036153644146712,-0.37102424095923,0.01142776906279221,-0.1007710610091183,-0.12861856369126173,0.039208107942940475,0.9243181809182359,-0.60646067453833,0.025173269553126525,1.0267477289234255,0.3632915137428387,0.20165937013749677,-0.22222292705284238,-0.20643345812626251,-0.598988836634727,2.2687562624717375,-0.6388278954870852,0.8685210504243365,-1.3353491851430273,-0.73783196512979,0.8583515536324648,-2.2334601114401873,2.236028515808946,-0.9985408811899943,2.772907923769823,-1.004521331668039,-0.21028449092639556,1.0683184758783908,-1.0785605460941625,-1.9359470419433773,-1.1283506820863916,-8.813238474511747,1.606653591079679,14.135892772542146,-4.517424628607887,-8.02365872992922,-7.970361043794998,2.5250321578262565,-2.983711582058894,29.72476119117214,-11.03977781291482,-34.32463526598438,-98.16215657506389,21.992828786756977,5.832286670466538,0.0
0.6170991030659315,0.25544146728161865,0.756593970314072,0.9701577608955255,-0.004211679384885987,0.010880458112779181,-0.2421937166034557,-0.31607665051232053,-0.007162024802722037,0.041250768077889244,0.6752496496494426,-0.38506590122826656,0.028005413482919107,-0.14493256378703281,-0.08846049279136971,0.01517805275400717,0.9706566187340375,-0.6191922988176445,0.017851600172508263,1.0357411194737463,0.3596805141271862,0.15017525693743555,-0.19658880522792005,-0.24694615941247317,-0.6258175726873318,2.34297583928091,-0.7408002012206004,0.8194976821890702,-1.4322868000200628,-0.7077920356511638,0.8194151428708096,-2.0784659257188767,1.848726903151102,-1.311119633204537,1.7484213214083582,-0.472209375753441,-0.32903517010005495,0.6848742012490531,-0.36419920347829804,-3.093117945974675,-0.5678146651629172,-2.9875326358153704,5.024690009986341,0.47415013320664445,-7.476336928127295,-10.667664421496918,3.1749744544043286,-3.2552851097322275,0.220146139202137,19.83925079340117,-15.33773103695629,-6.525249653630247,-71.06111760533582,11.409101364766554,8.169681609501463,0.0
0.6378678907712144,0.2626766337195478,0.7589659224208359,0.9686529454506887,-0.00656136201806707,0.009041668741023988,-0.24816661343651789,-0.26989104364751637,-0.022975947956782643,0.057431111441862616,0.6462918251119881,-0.39890771774053524,0.04264171386267993,-0.1858452459026408,-0.056110700284694906,-0.009597435532941118,0.9986141414986325,-0.622111983741751,0.0037603833384218773,1.0414870052597878,0.3622865270874004,0.08982773994385931,-0.17500242267865956,-0.22271604979941798,-0.5647774025379375,2.2465529013096557,-0.8524405207813418,0.7274494918885636,-1.3839626686182869,-0.7202020274161428,0.6377139562538081,-1.9502920420531689,1.440201732953299,-1.1585004356317015,1.0122517255406946,-0.038647886839441016,-0.6598124447231034,0.34643070678334464,-0.002741881204024038,-3.441520610423564,-0.655708893239108,0.8629575192882479,9.852073408263323,-10.414065219788014,-7.86174807142879,-14.138019486049691,13.724404746082325,-6.010244235964765,-14.833413030328291,14.269310759458394,-19.03219692464397,10.585594868861042,-46.53616050043858,5.08921199042534,13.914693542040213,0.0
0.6587416932427,0.2700085324551366,0.7601561179234251,0.9673166297227325,-0.008535850993981214,0.007539700584323044,-0.25331567267889443,-0.22702089509066234,-0.040618587210102364,0.07197876532103908,0.6202262987856608,-0.4135692540594883,0.047020486502962186,-0.22446847232103045,-0.032337328853849066,-0.02889562661593981,1.0156121658415382,-0.615942279974761,-0.017399663577250576,1.0464379006741549,0.36898368308174373,0.03261228208495822,-0.142763866140834,-0.16846178258373676,-0.46093899197206173,2.0367359061514594,-0.9324544088291128,0.6560082340308006,-1.1847995726689646,-0.7702044756893063,-0.014524700394610061,-1.8499018923593384,0.9824007816928734,-0.8161144670490997,0.6319158366088138,0.3395330906990791,-0.9703812110278283,0.33489160289690595,0.17660850544945192,-3.1519907624075985,-0.23329406303165168,2.1278081222931524,11.998641148195205,-13.900648555181801,-6.7084053255112375,-12.935296289710088,17.541710895365423,-6.365603958696676,-21.93102865853039,13.07304414987664,-22.91378001966076,15.633414842462784,-28.45720656409166,-5.832494410099575,19.952106118888977,0.0
0.6797935246141945,0.2774723844542447,0.7604519226569707,0.9662124060869655,-0.009905670173291147,0.006361566381357288,-0.2574781437233663,-0.18770369138911422,-0.05970069889446468,0.0856888817481448,0.5976315650679187,-0.4291946204925814,0.03113513745402781,-0.2601297691396603,-0.017387861326829387,-0.04052732727875205,1.0256688790084671,-0.6035250235213432,-0.04274939103505077,1.058075344266452,0.375420390185454,-0.0030801848468779373,-0.08327205117111063,-0.12790417249512756,-0.36627332976882454,1.9031774456742077,-1.0044135842463748,0.629801259817155,-1.0722466465555827,-0.8112198957528544,-1.0900058795660845,-1.679188474732035,0.5553057513308561,-0.4215330320606198,0.3508483724051419,0.5946076208524177,-1.1363488436091844,0.5818971768433967,0.1416174659485593,-2.2419649647050224,0.38106353862726094,1.7723907123653118,10.836110099003713,-8.307935940292444,-6.903392705170591,-11.98586166677754,8.959049163858152,-5.5088367552929,-16.525558330552343,14.527059718059956,-21.084948540616406,14.997467678817367,-19.15812137358096,-11.723679985850127,23.387086674709053,0.0
0.7011974802050495,0.2850151519750711,0.7603896637261283,0.9652776023613073,-0.010483017006058675,0.005200426219263387,-0.26096400575787115,-0.1482262043692111,-0.08104466626872459,0.09824149920607425,0.5729863290657741,-0.44447565310495707,-0.00702251991014063,-0.2911879378935674,-0.009159626733696408,-0.0449123606296059,1.029612257199555,-0.5892166411498975,-0.06653793860533258,1.078164679679126,0.37746135888886123,-0.009171445650797586,-0.00244769669169578,-0.11213104718466022,-0.32021071252525524,1.9995575170742153,-1.1279683924987178,0.5636410523250319,-1.32589500854681,-0.7424291745242029,-2.1771422538439076,-1.4375628611305769,0.3022357944994331,-0.10598890964087154,0.08289445701171155,0.6377599053731712,-1.0303446451936207,0.66450867010327,-0.05588166301639208,-1.165952241912218,0.3176698309699733,1.992639653257901,7.919425124077446,-0.8761396871814239,-6.212141160437855,-11.626978516605462,-5.5703052471213805,1.3495722361563376,-11.971707182580307,13.025685699072936,-11.286396971516718,8.305890170209821,-10.87441325427354,-14.216776836957244,21.725766953007007,0.0
0.7231113440414731,0.2925797786406573,0.7605612822193134,0.9643069117373113,-0.009934013088295727,0.0037756130537484047,-0.26457369503728034,-0.10342735446772552,-0.10563595413416303,0.10972532487686346,0.5370345637418682,-0.4550632943080115,-0.06970365827637615,-0.31774544368988045,-0.0042014099626894496,-0.04644990494294682,1.031180921466158,-0.5784800591235901,-0.08411085424312724,1.1046894794325726,0.37733039778017113,0.013154777368339154,0.12489930731691065,-0.10447192131843738,-0.37884725272527353,2.3567024983701064,-1.2913726537820471,0.529615439372326,-2.0868007948662513,-0.3860396719614211,-3.4637477819861577,-1.249717782952723,0.2503508539053378,-0.09345153565423321,0.069763310656222,0.43531160923995843,-0.728402086196414,0.49770434626599536,-0.22812253693769,-0.3140364890577183,0.16004533673850063,3.4602752750232355,3.1776543210433923,5.137988011528714,-4.075802082778614,-9.566652469097841,-21.812321937904773,12.375999343680903,-15.847056464395266,7.38992829726789,4.206581695797553,-5.129974079644998,-1.3983808001233313,-11.105505314159641,16.16098966935527,0.0
0.745600222570454,0.3001114628738803,0.7614250026592188,0.9630577800737052,-0.007999331179830744,0.0019528869728492255,-0.26916892311827917,-0.048356359346923325,-0.1340428674730586,0.1197958646575784,0.4794781863100132,-0.4542655258853709,-0.16215924311895624,-0.3407510557815735,0.0021697832046961296,-0.05265358218650869,1.0328624776906032,-0.5771244506474593,-0.09543701185656962,1.1299288011327315,0.3743769162647754,0.051577705479243445,0.26233707574292975,-0.09147551255568434,-0.5129371961220618,2.9294849019046705,-1.470599012714831,0.4386978837752892,-3.339451007965008,0.29586192746154455,-5.046561292470558,-1.1259855018592568,0.47942494923558154,-0.47832792357697757,0.1028291302905573,-0.031440526456757434,-0.45442590210437084,-0.3302641623439582,-0.36540612202455947,-0.423057769161513,-2.211168237973387,6.631015650382942,0.23187163357382978,5.933859853686161,-0.35687146637622424,-11.774048722392562,-33.351069171812966,20.01973777963041,-21.03884217892621,-1.9133236126206425,25.94723580226646,-18.461201988333833,2.207532231660259,-3.1884816499466178,10.996050764904624,0.0
0.7682736826949493,0.30781207800560145,0.7627284520211791,0.961539153632823,-0.004652023625387572,0.0007948254638875732,-0.2746273528979685,0.011402900173958386,-0.16610671374467276,0.12399484835882184,0.40487911011643757,-0.4380618031122447,-0.28542521066177523,-0.35805767471836125,0.015960185094478253,-0.062214759907935714,1.0052229063162401,-0.5894505617676212,-0.11061517820519613,1.1249812590146544,0.40387971023723346,0.05568906809680697,0.42054165768872803,0.10805645415502751,-0.5998273826538262,2.728350898645335,-1.9268407318324263,-0.29183525300181534,-3.7064527509455045,1.5466088251511796,-4.239132226695519,-0.9292695004570503,0.8335418327191417,-0.48145547792091953,-1.9513658603344126,-0.7252397449948446,-0.6952908999460331,-1.6100112789482952,3.1457125170648013,-2.4244830442188436,8.189014040348885,18.19836849358738,-3.8610448363458945,-57.311759573914244,-64.151053187356,-89.78137502948789,34.87300794415152,127.170120109135,558.231640640948,-26.180231705433,10.992054845323343,-1.141341301106854,-17.952831937655763,2.884840252090137,14.774602241023297,0.0
0.7902311627820676,0.3174089478528254,0.7637134637433258,0.960501797230988,0.0035556413875383643,0.0026704928812354856,-0.27823824934422003,0.023760268418820157,-0.21633704259155914,0.1086045043631884,0.3930323607103686,-0.3841243778277878,-0.3101697773182036,-0.3704859868650194,0.026204565328580277,-0.055220590079247144,0.8996318987076833,-0.5900717351329351,-0.16126582388069416,1.0876457246196083,0.5432276492417697,0.027909460755884307,1.051376774245536,0.5975196656101762,-0.3164451430837995,-0.6159853322277693,-2.8757607885007372,-0.399342279183579,1.0972200242291095,3.347545183030835,-0.02347390960755885,-0.6964114710782527,0.12323531397999085,1.0277160862644041,-6.376405467294191,0.029959252772168675,-2.4836879182705043,-0.16653241568189592,6.888838250220166,-3.5333514275140634,37.46329076780171,15.732679927448798,-0.970186555204088,-99.3277609150955,-36.64918596120804,73.54013749815127,124.4760165395164,56.73322399643511,65.24464316245442,-29.234753438720855,-52.90056441071908,66.2592798019527,-7.109578386796529,-4.4716492316264365,45.853323224914014,0.0
0.8102379000035667,0.3294358496450731,0.7615859715448249,0.9640841823956683,0.016969221180186022,0.008037640613757295,-0.2649323142245538,-0.06958170176564463,-0.27154301088090416,0.04369210982954304,0.6240448044550173,-0.3359806247044437,-0.26642306535802796,-0.3862082694760652,-0.00884586631119197,-0.021092106090967132,0.7877986586060843,-0.5454054587954047,-0.21882590528634274,0.9929728263699743,0.6034252079079042,-0.20697577947600207,1.1860995108304204,0.7962690103968354,2.2663905557689175,-5.203635136923071,-1.7022140290834469,-2.4086751094893657,13.603554695171896,3.6903661085518156,2.228424547339293,-0.4487247339054003,-2.892789751234247,2.765041326097533,-4.5283045242487665,2.374565807676193,-2.555127861853539,2.8667455763689196,-2.0519500863333877,-10.018471397125754,7.326792712826677,-29.89205301870511,70.09444884436763,90.03370006810525,155.23645435647566,179.5797287727125,-141.80817455560424,45.23233682689456,-35.89476067407107,60.84048771392605,-111.82342845193841,132.0211406520264,138.94003225069125,-39.57965593505821,49.13198313042068,0.0
0.8289946380338654,0.33977427272031685,0.7566749223946034,0.9718856198334552,0.02545237425145209,0.013379032376607316,-0.23369107834611516,-0.18955921865067993,-0.26160663671849177,-0.004282607977096632,0.9186245273158921,-0.4010925878035218,-0.15512702992712465,-0.3715617406971419,-0.051728508340710085,0.04513748181132053,0.6852687712751241,-0.37699906005667544,-0.21101441211680858,0.9149015735721725,0.44983512338658094,-0.23385391826986449,0.2411558450169613,0.7222055043323903,3.4829536310473506,-5.726882046116045,2.592780149901666,-1.9073208897773783,12.438949608059676,-4.113487796922248,5.3498942068543105,0.6698098717213743,-2.207403242312574,0.8908201939720081,-2.2684527157360828,8.203950221707842,2.8800398317905964,-1.431604974909466,-5.002377644755875,6.89272658293463,-41.29858384795924,-6.298555732778121,-6.809094184040454,60.20003969650124,243.65056134109997,58.82381464899132,-408.64825547299967,55.47847070266481,-98.7557892468841,-84.83610316976873,-74.98414218123723,-299.94358465237116,568.0233115732684,-1384.127090679034,197.25808580355618,0.0
0.8465977175844144,0.34813682439954285,0.7530006962456826,0.9779216862225439,0.02516142757495975,0.02213953649417258,-0.20626662139539081,-0.29889404966028793,-0.17009346738905437,-0.033493644770767356,1.0986404489072557,-0.5161797811024798,-0.10102950822216895,-0.37302562247243765,-0.08841304608190402,0.03999200062600181,0.6934416239748099,-0.3520851996627943,-0.1308923841233438,0.8698279834522984,0.3908096355110184,-0.13258237660505565,-0.6719346065317159,0.9876364513376803,2.2044861338315407,-5.098057686613258,5.955707492936374,-1.411093144387293,5.88421701671095,-5.444560289924926,1.872930298053349,-0.17185373081284092,-1.261414525430295,-0.5529127614883201,1.0033523852390949,-1.3179765878669187,3.778149706485877,0.11811078263711583,-2.652290457629698,5.667587265385743,-38.67279960888758,3.263374480073497,-63.03630571982974,45.02017210666421,127.12969992957923,-16.329319813292507,-341.1562897385767,86.56278760001653,-49.35785185698703,16.198933390017586,73.5765836521438,4.857237480859821,-17.302374424289816,-108.6858215132822,-67.6631571310149,0.0
0.865484114214418,0.35630520695601803,0.7500349415634419,0.9809870635306241,0.021356501579204823,0.027980050727469247,-0.19085438896485785,-0.3672189404975145,-0.06802762700716648,-0.08563484504394189,1.1223488652717808,-0.6548167667097058,-0.09348604257088557,-0.3833363625700986,-0.09832053598904707,0.06449710753387751,0.7539824099465864,-0.39707480557038205,-0.11449379279065103,1.0048415520133835,0.4255920857629018,-0.16459880924005807,-0.44322951448513176,0.14122267726061774,1.1892028203862446,-2.3283950337945107,4.476140768379315,-3.2120011470553713,-1.487280574379998,-6.5109568762391214,0.07393355399961499,-0.35865602132852953,-0.13215663720297144,2.243110462567403,3.631771214886106,-2.2203834882155356,-0.003084997824826137,6.593094993073898,2.0777049983320586,-2.315445156051333,8.616840908425948,-42.57056233871465,-26.606590960966127,98.30222305359447,-64.5990455746004,-42.44536329043004,-200.24602226753862,104.35333897663526,-9.352187344424092,45.378067653884365,26.27117954242541,82.55397302906839,10.266477975436331,26.360738541527617,-28.43339491126388,0.0
0.8871585040133823,0.3641841128405503,0.7466169630920183,0.9826857146328231,0.016480324223578376,0.02582557289084277,-0.18272992353449563,-0.34908311600124514,0.007444633711287092,-0.17171215202231613,0.8939011387341788,-0.7473692087941708,-0.12842820647579464,-0.38515877153589523,-0.08466434402772871,0.12991503747546926,0.854770856313172,-0.4486753690924353,-0.10008667540556926,1.114062804541089,0.3729232861993899,-0.22249574572587053,-0.6489155777952116,-0.510758680543699,0.7448147018514832,2.288328534626041,3.5206301461989997,-4.819231523266564,-15.363480866689589,-3.7131925055309507,-1.708313424957848,0.17793263445751287,1.1136656922553747,3.1870185617850577,5.331364594818708,-2.200852966081395,0.6197356480475725,1.0217515351041002,-1.6925474798982068,-9.321902967592658,-30.932846139246703,-14.694336533711414,6.7071988541488565,51.78088493730973,-7.106873719872381,-31.30209276426004,-114.41760853022666,76.92481398449753,44.315378154767075,30.31170063627012,32.85246339576332,-60.45744226052646,-19.640372152383655,77.72837304850391,-29.52349035494609,0.0
0.9099409773758226,0.37186876510608907,0.7405369799845191,0.983484126050746,0.010225504498421837,0.020018057782421817,-0.1795931241071648,-0.2972303808592654,0.06634469258213496,-0.21391155985326918,0.6347328755629723,-0.55489192520895,-0.16516377119005524,-0.4012499999429101,-0.07440005659345103,0.1327229545609902,1.0209622491315815,-0.5577726517077491,-0.050492673144467405,1.1623578778075316,0.39462647402864215,-0.29761979424293594,-0.33552041928050197,-0.8126515849385417,0.1808247799199807,1.313105923726033,1.734169629224052,1.1865605812662428,-4.73306624147935,15.03904058894835,-1.7145353967472952,-0.8855871204956773,0.1462558315807573,-1.5457785172278513,8.36205878692925,-5.220821158749201,2.4677072975703496,4.762040322713686,0.05438524124326021,6.454393414685583,25.953181448838198,-21.98955329783343,-20.706011337274308,-57.38204730621099,-209.59842481865445,122.49114007011036,703.6166192562209,-15.883492529284386,150.2718868553267,44.99668636865617,-12.502062219718379,-104.53516922183628,-131.82119597238798,109.07186523826812,-41.884050366069935,0.0
0.9336084763538618,0.38032564701654087,0.7374004972662305,0.9833311160476764,0.010397586749194776,0.013111873899156455,-0.18105216144822883,-0.2742848494308738,0.05929980176170659,-0.18992285998161773,0.6214475036783986,-0.368244717996749,-0.15699818559590506,-0.41684423362449086,-0.08862371514296488,0.07846195504317707,1.1229051689718068,-0.616212181560761,-0.034715227096827124,1.1881228772751842,0.4225372454360041,0.00016984986048756978,0.5479251327471211,-0.5391131443786684,-0.4550612362290974,1.1975868794167261,-1.4092793747034005,1.349804260801066,1.5704187709527735,0.8806185127585531,1.3311801755786499,-0.7375364013215708,-0.8625023507085325,-2.839720379685955,2.6765592716189905,-2.071859221150672,0.39705508661196626,0.34068027827375813,-1.8522405740402703,17.926927216630826,40.973641956172926,14.027571082291246,-43.491984206822835,57.454450297316846,-48.29965978214435,54.88149168840232,16.06898652904219,-538.2802301977518,53.87119999407223,-0.9372344913350636,28.51013707348005,36.983578916555494,-232.61797089230728,50.23764926094454,-11.106962471190354,0.0
0.9574274468405841,0.3876042735642514,0.7394509446086299,0.9822229763311654,0.014573458991384184,0.006809102286863192,-0.18702747174203938,-0.2394095113219727,0.03232340322807924,-0.160742597926214,0.6471333518496104,-0.4046959940020082,-0.12609746053142054,-0.421967646250767,-0.08932205457789577,0.029012925229090325,1.1356761597953073,-0.6495535116400424,-0.04341918613920251,1.1895283031884811,0.31852147544187837,0.16923989138246331,0.5208706209436307,-0.531030146015059,-0.7294368105755699,2.2849780389646837,-1.2195734368425333,1.5540034549076744,0.423147325180795,-2.4765535895855626,1.579690159378011,-0.057112989251008085,0.7054883258869898,-2.0365647993282647,-0.5014430000756909,-1.4084135774038247,-0.49809270062224176,-0.5386418815549806,-4.676666815850754,5.77821522391742,-1.5655036325055343,4.619477677063064,-13.821422527127117,58.63286942952052,15.300744567070423,6.937139889906352,-119.90114924712535,9.729704383164137,-3.542394372199102,6.862469656781517,82.04524687227543,52.93986536701147,-85.95918337662305,25.021450924139423,9.45838102470019,0.0
0.9809544881966031,0.39305448078933836,0.7430719278243351,0.9805748933536083,0.01728040044451929,0.0015720373029760681,-0.19537603482452584,-0.1870655803862732,0.013512409079887275,-0.12975160472621625,0.6393883495974422,-0.4488987586701337,-0.09759983583410152,-0.4232020708535174,-0.0641438039902955,-0.012629201288385336,1.1124731509238288,-0.6529777439002626,-0.06217585875173683,1.1610259498289912,0.24044559568535406,0.176686481483041,0.2605893184733844,-0.39749799249627604,-0.8920848646232461,2.773835501167231,-0.776862187856241,1.475847819777555,-0.9563083994289195,-1.863375843452384,1.3051117997936081,-0.18775697253759105,1.6915541451153362,-2.016142183069579,-1.338824639415537,0.1084909780163229,-0.8613598788659445,-2.091170378236989,-3.0690820991750845,-1.59013209777388,-11.4666854342476,11.40979508821019,-1.3835186742421903,6.1747180006559645,12.994704903999246,-13.528107422124538,-51.233580834421566,41.96973828893909,-12.654438977109738,-23.419508231713348,44.41066900882203,12.724208497124417,4.439839249084949,4.0635849414061544,19.220854114024377,0.0
1.0039437397164492,0.39734766531657345,0.7463333792975393,0.9787891859320494,0.018326487549636103,-0.0018717567179952056,-0.20404010851633372,-0.12877758764189867,-0.0002068648317630397,-0.10252956764953688,0.608781909988489,-0.47607977392069206,-0.07556641901947858,-0.4272074266898053,-0.030169673560268777,-0.0597451664068393,1.0765136498608272,-0.6314514073599174,-0.08179411125575967,1.1336496184257143,0.1990109727644609,0.1384973895181058,0.11211397105365042,-0.23975065520179098,-0.8316558856069977,2.8723800545258023,-0.6596547275693299,1.2184878572356423,-1.790757845280618,-1.0440629408417954,0.9852234970818078,-0.3602223302501257,1.7542327524673402,-2.427115132656428,-1.768813204988721,1.1308283263174383,-0.8366216022032126,-2.2283165016344593,-1.315365890566575,-3.6818880715642286,-6.300702247936577,13.169537618693859,8.706114116434813,-17.104488164090768,-0.3730843650983991,-19.997545260219,-11.850485675241238,26.832078094303828,-10.850739718200604,-28.209633998286012,9.175938312791034,6.98441813279965,28.49770419385222,-19.496351793060033,20.871157923680798,0.0
1.0264048779202906,0.4009694838208028,0.7487043379468268,0.9770551027713144,0.01847092353602663,-0.0038654630902823016,-0.2121490262229856,-0.07076088745994454,-0.012357402608360907,-0.0803747139077281,0.5680810516779429,-0.4893184427122081,-0.06454222159505836,-0.4338056909795975,0.0032532452405286847,-0.11486761899289426,1.0315667213243023,-0.5999484009595835,-0.10132555165419661,1.1082874502417,0.17294696682572294,0.09058092007999219,0.029538493619505137,-0.141779733428765,-0.7976396513404481,2.758660107676863,-0.6595474401875343,0.8665430522098628,-1.9818724678764517,-0.4597841870580028,0.3512642997820365,-0.4857373919206806,1.6730983039267624,-2.748057497386389,-2.170032749152193,1.4382851569237713,-0.8324047843162878,-2.0194735287818864,-0.39906073999594716,-3.762472372299356,-1.2612089309290697,9.945338103902623,4.896392858127036,-28.942744979700457,-14.68143267752643,-44.36947073073067,28.215540775967863,15.796142902528114,-15.544709253778903,-29.33937076258031,4.271689320477887,21.27581957306937,37.44338892093771,-30.86690699434391,21.086525534782563,0.0
1.0483675226679934,0.4045558576142982,0.7501556741113491,0.975296560605756,0.019413853505661834,-0.00485396527374374,-0.21999127297182822,-0.022877274536836495,-0.03028332231990107,-0.06955050635074092,0.5395869665572535,-0.49017986430853105,-0.06624076873104896,-0.441895159234852,0.03399170053611888,-0.16453926147199394,0.9693175538765931,-0.5640336724441317,-0.12485272181921181,1.088650099952099,0.1906563645983512,0.04939481933691794,0.21741699936194844,-0.033304767255800824,-0.8203328929166306,2.0495315608247355,-1.139460505565752,0.32105299174190927,-0.920561041809067,0.2108007369467859,-0.22140831614908033,-0.5522254231476793,1.4272425571817253,-2.062335234384458,-3.1710661542595853,1.584183286384596,-1.0461900034137956,-1.0207845714372608,1.6054354895896659,-3.044253178183152,13.793556995557505,6.972819609570239,-2.724721200286478,-39.17037973294971,-28.118085791664814,-16.795105233031418,55.790997102850575,21.19012860170149,-7.676667281150133,-29.483141891659223,-13.009623152672205,58.956203102597115,39.47668172982287,-38.39518361462127,23.528235279904667,0.0
1.070200747323595,0.40892555541711584,0.7509924700780305,0.9735240601159405,0.024030400141666346,-0.005993200017361029,-0.2272389178771064,0.0027668249650913785,-0.060414326538089,-0.05785910288374074,0.5479658433459987,-0.47481435414056716,-0.07574407995327233,-0.44147658386457916,0.06016783906267643,-0.18363015733502333,0.8587773336416085,-0.5079817518711431,-0.1464482191971831,1.098501772430149,0.24975129961865786,0.021313936876513152,0.7492753473927203,-0.01644217192158453,-0.7276173084910799,0.8160786069659723,-1.874890318669345,0.8492910533256933,1.1819981345137616,1.1461474117151278,-0.5113846292147096,0.12089216943328968,0.9944440382690011,-0.1256016696770048,-5.947350226236938,2.587958196685998,-0.9246552080644931,1.1184515406453157,3.892027387733615,-3.141249344818714,33.63101422108301,0.2706214911607303,-0.5855894819380961,-38.03474155726053,-43.771763946467665,31.036483102569385,58.16575472521666,35.82562367023744,0.14555782185626032,-13.200009769947691,-50.16241484659126,81.43402458915318,53.6569972895013,-62.380185568086446,19.935773713209418,0.0
1.0927207191986692,0.41431681813325366,0.7506641677629982,0.972402678095562,0.033078233721686764,-0.009815848583763505,-0.23074338821082935,0.005357896593618657,-0.10139031248275329,-0.025411062072462083,0.6006505709985861,-0.44400480312936363,-0.07301834830640914,-0.4069672970022164,0.08158164777293009,-0.14521126189004657,0.6661409969803903,-0.39439292597596576,-0.1712875010458395,1.1482428449794557,0.3020222174561631,-0.06274484101608685,1.224088946225026,-0.27003871244970074,-0.14097682208309412,-0.1978741070891479,-2.294173531756478,2.0942064515553085,3.2828188698098435,1.812052178500523,0.3039243232461566,1.8384665957573731,0.5395499842259659,3.2855300651244,-7.4923852750520155,8.466388221907538,-2.2951853286889485,0.6434035412051936,3.726029258491871,-2.5980790384558983,18.536564253741698,-3.8869153624699067,13.436824754382014,-23.702620450480847,-11.90941157896195,42.38637972494309,27.41282461359878,38.52707689688756,-9.957322969246164,-156.3988331812227,-91.59559104270456,143.45202358002567,872.8684516660165,702.8891472016988,-41.43991577002086,0.0
1.1145579475702405,0.4196014423679432,0.7502550511172558,0.9730330735963039,0.03986045452595298,-0.013574949997263443,-0.22678955572355408,-0.020904164006026724,-0.12110721512415783,0.015075820003532704,0.704610904539419,-0.4535736374941355,-0.035545414522685746,-0.3824088205422672,0.0864157473705943,-0.08475382880474067,0.6081028101453416,-0.22339193264880045,-0.19917155937836128,1.05089475814684,0.22621886256363186,0.06570157015745841,0.27633801937571906,-0.1597189176228459,0.6760040092787052,-1.6621653733669426,0.10834169174243266,1.6781173000959453,5.047104582885345,-0.745167148804745,1.8602501451057272,0.911675971621428,-0.3637313554077881,1.6456858417567797,0.10072053751214943,2.67143691381239,-0.42763750188926275,-4.091789998853236,-5.177640632670773,13.061932741885087,-59.26612161852281,0.8159036682910535,19.330679000450058,-5.1666883699524835,122.70548071768908,-59.77627759672261,-109.80629462674096,16.145396430105354,-35.382466463169756,4.8411380334161604,-64.82443554326305,-193.07112632207821,188.75560908570984,-689.7898066711301,99.36643545086663,0.0
1.1345620352434558,0.42392732012244716,0.7531941062158232,0.9739214061663233,0.03936586108576587,-0.013006631686844806,-0.223065575838478,-0.06462341697085389,-0.10473270879830565,0.0467583638721897,0.7896895008373005,-0.49376976194393174,-0.01499269821256135,-0.3691369083179937,0.08496755696446882,-0.05436987031857818,0.6256570898582646,-0.24269656878385196,-0.19821365087132412,0.9755367455839397,0.20760989170238425,0.21210258536514698,-0.2854287403187147,0.17299290870490935,0.17624323513145887,-2.381502279612438,1.1456266231556989,1.145786154244816,3.1264602678774107,-2.0247497582874936,0.7347059714199498,0.86336674436554,0.1151189126384029,1.375281708220433,0.4658473421196815,-1.8666809725652969,0.3054836329491923,-1.7389998819535244,-0.7699249199626498,6.631879162492055,-20.73879909466201,8.685958624258042,-20.330653322079844,-11.14554822687244,18.705298627662792,-67.00911476775973,-141.88200073752702,30.265644675112014,-19.162420362581656,39.55640119948326,18.13229247971721,-12.886146595185602,-92.19835083783865,3.4314302482916847,21.36767004025313,0.0
1.154095821695901,0.42860239122783017,0.7577773203054141,0.9739280089860183,0.037413897312938864,-0.010565972736200765,-0.22350121659741964,-0.11603330828245607,-0.09164362356083534,0.052026164593431644,0.8444788380959455,-0.5328654077768588,-0.0025358334108116897,-0.3491270913543392,0.08521917513116531,-0.025937087671291666,0.6288858703826836,-0.27840110465285745,-0.18781891746720739,0.9858027114626496,0.25307282302878653,0.24171268648062197,-0.19496252606767375,0.17011513529243552,-0.2580271653491525,-2.539821974092976,0.332625594326538,-0.20364823656250816,2.070219673881515,-1.6774696006859837,0.5232199685496732,1.1907454261280896,-0.0676266386924868,1.5056915977236445,-0.18637795842007776,-1.514548805927964,0.6480224349767101,1.4833603576432934,2.0395869611333195,1.126526781387203,6.670583964165214,-4.782949507215509,-24.46800476360545,13.491672907510972,-28.939398948326392,-32.86246595033944,-88.91120226496787,34.373217464617966,-10.498465263776646,23.839573029359062,-8.977619100224564,12.218936630160124,-40.204823819913365,37.34671786139104,11.686741495159916,0.0
1.173846370712584,0.4342016731418993,0.7621123484390723,0.9733285786618284,0.036749837521047886,-0.008197171581179372,-0.2263045155987611,-0.17139610138568392,-0.0895656719217069,0.04038594097253981,0.8859089473166856,-0.5576399194144219,0.0041283929676336865,-0.32577545956946025,0.07707550871110692,-0.000998597109554467,0.6237460302730794,-0.30375559975350497,-0.171546100900418,0.9956974315631267,0.29772490656490075,0.1980473784512676,-0.05376349873099623,0.19460756250885136,-0.37622459695371785,-2.7481580539453563,0.02454734147356822,-0.6552945786239975,1.6919256795575879,-0.9661001599991478,0.26145160514439497,1.1870649604850214,-0.5839499937188071,1.191344550187284,-0.30052234083181256,-1.1256399212423236,0.8866734208055969,1.3345292446268566,1.7116881588510773,-2.015832592754926,7.1853436417624135,-3.666394051232221,-12.16204251034947,14.667722221784002,-2.4362682272402343,4.979305971859856,-61.933915329644314,23.673898136705823,-5.352043559663589,4.009139621917806,-13.374797361225399,3.263867753029575,-2.379323995390996,10.05971421696837,4.46640852375326,0.0
1.1937331388675452,0.4403667598754031,0.7654204924028432,0.9726141485668583,0.036737067144100036,-0.005648288707251147,-0.2294345282207857,-0.22801236006402395,-0.08565483033534342,0.026622276509911322,0.9148953419207002,-0.5681803352879676,0.004032808972362653,-0.30320455329294377,0.06250812478853253,0.01865547577838899,0.6174621890811722,-0.3249798135026065,-0.15268912702994245,0.9985399612412119,0.31501326818493247,0.13967296389199232,-0.057386475759914866,0.2392098163145778,-0.3323413423599521,-2.759060714693853,0.366552475485449,-0.6174871079753069,1.045784417927625,-0.36072712869950896,-0.04382522258255705,1.1085857892997009,-0.7956785791404486,0.9077996824822965,-0.3007249066686611,-1.0379621477829974,0.9514438454942957,0.8287482489561183,0.6512930849537621,-2.8264406015049888,0.5559982087062498,-1.7125340238308846,-2.846570931213707,16.575333872893474,20.115418011804657,12.446356995403724,-54.33042239522056,9.651380136999933,0.604301066284647,-0.6262690376530688,-4.706214337316367,-2.927997518328959,3.9139808947081485,0.4396750066540748,-2.2088924613195697,0.0
1.21371558879966,0.4467820451279049,0.7675816022557331,0.9719643358416437,0.03648599899133062,-0.0026952771501417604,-0.2322645844949273,-0.28294300994588023,-0.07254642943925833,0.016906093181223696,0.9311599950871291,-0.5711555718537135,-0.0021899091423660142,-0.2822671267598162,0.04568811957588498,0.03383140720874822,0.6119578839631085,-0.34551647838636607,-0.13595085444616448,1.0043604630571537,0.3253246340016992,0.08326400895046682,-0.10996145624077268,0.2716074207017468,-0.30231168596977515,-2.637224861184961,0.8530984007142097,-0.3944575590834656,0.5081529050574457,-0.08791923137112426,-0.3103233339212611,1.0158057164148453,-0.8591696621286395,0.6953297683948829,-0.22411050838219507,-1.0496532163065835,0.7330012892227902,0.9339960174627757,0.5189109051416168,-2.6897309240671436,-1.3818355355801863,-1.7338179403168872,-2.0254213284445237,18.60778955749879,18.202713674118893,7.4543624474906505,-38.53867552745926,1.7474597304942083,5.8952045024811754,-2.0411872388999517,-0.958543696292165,-3.2580596263047124,7.911915132371733,-4.827632354038981,-12.084196612695418,0.0
1.2339154751413965,0.4534564161590584,0.7687456072575592,0.9713260718119731,0.03585053214707539,0.0005610227471468025,-0.2350320974177161,-0.334388797724851,-0.05211951439009959,0.010174756686765393,0.9377642556643969,-0.5699206830454128,-0.01132255370198204,-0.2630328924195043,0.028289957983002843,0.04633529519962446,0.6083503230552598,-0.36667667256681424,-0.12556328297663252,1.0190787860028268,0.34112001238871525,0.0384164278516532,-0.14643165755295978,0.286044216732976,-0.308089560710042,-2.445618388430572,1.1059706018746098,-0.3232405983739953,0.13561126678645619,0.07535123317131859,-0.41493432307217565,0.9420842936620089,-0.8795756543997602,0.6076623560726442,-0.13157754643002062,-1.0943282341989917,0.41394347502192863,1.3328267845555084,0.8760512617368929,-2.1694220066559087,-0.4651864621893319,-2.192067758798176,-2.661150781506703,18.477673303187114,5.220094462856105,-1.4081197816551476,-20.84511718166988,-2.973037378147167,8.602605146658822,-0.49484877012456124,-1.1920724433319803,0.5758523924469849,6.536325346180995,-6.043565223576396,-8.53042806830072,0.0
1.2545403788248561,0.4605128182116606,0.7691593932370155,0.9706669740696502,0.03499410251411305,0.0037893928346703163,-0.2378375049096445,-0.38123897943964224,-0.029344887548309915,0.0033211881539276056,0.9384295635334785,-0.5642328070944805,-0.020854085924813855,-0.24425052276782638,0.010145358173962091,0.05775195838884477,0.6059359443842239,-0.38879190240474854,-0.12072309797366738,1.0450481273251397,0.3631683435851766,0.006437129982795501,-0.15436653029722358,0.26400685834945,-0.30863026385057724,-2.201362863050464,1.1244025939818036,-0.37095658392892533,-0.06538795842564821,0.28152307183662706,-0.41669669498443296,0.9567951639873287,-0.9341003185062973,0.5742771729543789,-0.1022348320612766,-1.1488553067454896,0.16351898132042766,1.8363291995744087,1.2223009506414086,-1.552715194995908,1.1080101637230704,-3.4653256978190226,-2.299321479621461,20.006151167478293,-4.752554387492463,-3.7765654045225365,-11.832156192778399,-6.346349774164892,9.10929800220109,3.4634774590716657,-3.529691671117129,2.569305551758311,2.6239546003552516,-6.425223529084152,-6.405427329986307,0.0
1.275817525056242,0.4680450805548082,0.7690561494389244,0.9700046814638935,0.03407000369495193,0.006500988017434682,-0.24059902315087114,-0.421770699453022,-0.007502091509983648,-0.004402624151696977,0.9342781901910234,-0.5557158253534755,-0.029457306918786594,-0.2237345356055206,-0.009672006212196885,0.06866389446590847,0.6028996298690822,-0.41162364071421575,-0.11936208244128936,1.0818025922865018,0.3889542159307397,-0.015750495152407052,-0.13765695127935906,0.19640552290806018,-0.29585061747999775,-1.8571788837556464,1.0327125207693233,-0.3997572120922792,-0.2875238032528005,0.38723485534394714,-0.36845439715432005,1.0872242641812153,-1.043830527212531,0.547994355485638,-0.17755488795817154,-1.162858974368281,0.020519192199726147,2.1913084273599717,1.493486162998558,-1.2715640109908943,2.3274365628308784,-4.562041995513873,-1.470940420723353,20.695313758268266,-9.121640778975758,-1.2741999568182223,-5.779260707510993,-9.393036238476945,8.274157845907155,7.0883138350103945,-6.653100905158115,2.044840713413638,-1.9208344776039032,-3.4578098356730425,-3.1711116367748584,0.0
1.297923271926191,0.4760936795358226,0.7684902077958488,0.9693555071837119,0.03318697549108614,0.008189679541315048,-0.24327238745770913,-0.45278410175963413,0.012225774013020725,-0.011926897343042298,0.9201942513739004,-0.5456368406159137,-0.038245273949524934,-0.19972858606146127,-0.03222385436249491,0.07891975300258212,0.5981735164760289,-0.434523786833509,-0.11954587940227793,1.124457253805037,0.4152973417476043,-0.04220166196290372,-0.10686491829683009,0.08666555092808231,-0.2782280037799079,-1.3477623598636712,0.9239994103232163,-0.36689124255644956,-0.8349233971752178,0.43782873550934187,-0.3865697845265029,1.2728324817611822,-1.1918350297184448,0.502008662090817,-0.2544916992291693,-1.1643642844255515,-0.058510435460890506,2.136907644038128,1.584036716918119,-1.803503721374658,2.0268006215366823,-4.901247472666702,-0.5826488147135189,19.29448057398753,-8.757061631931892,0.5266571016440258,-0.20192512418332154,-11.980011352292964,8.378694670641865,6.401439762773846,-6.976337335531457,0.11819757374862344,0.2124340682821776,-4.037733387326712,-7.926604659812837,0.0
1.3208885976214466,0.484593875134868,0.7671506320607864,0.9687340165911004,0.03228415497614731,0.00845163870136022,-0.24584692033867606,-0.468132295724669,0.029330350620800662,-0.019391698596293125,0.8787913377696003,-0.532367215013798,-0.05130925346690511,-0.17215819514767008,-0.05775246849128615,0.08804429647560877,0.5937725559422775,-0.45847182072934806,-0.11979215905053865,1.1631702711488645,0.43513747494451976,-0.09602797049104536,-0.09480839492688908,-0.055693037573260225,-0.251000615912579,-0.5105513857768889,0.8037696621593658,-0.3949488785571361,-2.4012361571851697,0.5674497166263769,-0.6017924656263514,1.4169457868354576,-1.318624758224515,0.4143528560449798,-0.15459753928908243,-1.263132100232811,-0.022157596070809717,1.355168532404034,1.2991060175072378,-3.7990976841561706,-1.787625854452246,-3.9694972113740197,1.7337207304520634,13.608412989431528,-5.336238986674641,-3.2350045316750204,8.699198204400728,-18.236067537310728,12.466893414582595,0.9652604259284674,-3.025292012752035,-4.948260633037214,9.505218559018868,-9.592095721073845,-3.982255513037238,0.0
1.344579844636432,0.49328745593971307,0.7644686391432768,0.9680011556574463,0.03059184991455169,0.007001651655946247,-0.24897565792410964,-0.45473302538972094,0.0430624840808317,-0.03325829505441474,0.7718882833725554,-0.5170675921579797,-0.0729353647996168,-0.14557647757188769,-0.08926137298548684,0.0806904984441723,0.6004103954712129,-0.4798653339081273,-0.10258989403825,1.191462021979835,0.43571740287146116,-0.18585180942863244,-0.2078905545967712,-0.256295911037187,-0.3683864143841316,1.0798977027314889,0.7047506682579865,-0.8843931986658863,-6.0345381849538775,0.5677084990981747,-0.9948506579095563,1.2626673401879223,-1.6827232630056694,-1.0597516445411799,0.6322701784521906,-1.1665758384294567,0.8474618569001049,0.007582858392169378,0.2677519495313507,-6.931919269421613,-13.53944134520186,-3.6036828247274086,-6.374862743155598,6.7725961907257055,10.916578476586912,-15.205937601018784,39.32070094380932,-29.730037874511638,21.480958890621935,-8.78268436331465,2.841714680269013,-49.351823643863476,27.011375669692,-20.259521945877037,-21.679940664047432,0.0
1.3689383410956466,0.5017891861796524,0.7597058062156832,0.9666821712214707,0.02688083445792281,0.0033292595527130158,-0.2545425634588843,-0.3982609160792391,0.054831071868294966,-0.05832717699088256,0.5706777747379431,-0.5279421407721382,-0.07821313311085938,-0.12466879197862385,-0.126063576736954,0.04783922934467292,0.6316877296928332,-0.4990817128540065,-0.06911864522393456,1.212150050707129,0.4258252298077721,-0.2862852402973049,-0.3526543783662875,-0.5078495408073432,-0.5295340688837815,2.3935777606336637,0.6505699425999786,-0.2787308632110763,-7.296460237180156,2.84083913065261,-1.7790531964857041,0.8624177269390942,-1.7263939548287695,-1.6118893296460592,2.0471639598360527,-0.9362412256712384,1.6255589722622805,-4.355641922732028,2.8768323370724107,1.0183305789955392,6.726968508189917,14.534390270558621,43.38424528573603,-319.1670928551231,-32.01662524666594,355.6590421701176,1126.2293111919882,1003.9160813714396,93.29319609600769,-23.7557208884965,-7.137359046375518,18.41998681627624,13.4615894139014,31.389222125328086,-21.782736639294445,0.0
1.3927857301858648,0.5105318418332648,0.7560153266588935,0.9659530441764246,0.025916537176145765,-0.0011251163232839497,-0.2574136431123174,-0.3743551727556691,0.0439534525285313,-0.04323561079971308,0.5308288657467415,-0.39492102740195173,-0.08105038052312677,-0.11028955926924723,-0.16266384349450605,0.02404507400670356,0.6796447573262829,-0.5138899313424177,-0.04086739916956063,1.1850141571419683,0.4277825011457021,-0.09358661283674356,0.28280933308637973,-0.481112812877119,-0.1652519844847228,0.9683316940993267,-1.3774008757111051,0.793084819589426,-0.045826392686840106,6.695623374546461,0.6896502687762425,0.8361706978366568,-1.6064568554056151,-0.534269185372007,2.189161084368916,-0.2136474951834807,1.1835085343874552,-0.25171901422645104,-2.250977238952898,9.942692353630203,23.570331654016478,-5.375810047052721,6.783753814283788,23.449535725762853,-69.820403913599,-18.927056927293776,67.90654144202875,-108.64932971821244,57.28001229344096,24.69867804830285,38.76365376084625,72.47716466969553,-48.563695930544,32.7668626274845,-26.79606689318769,0.0
1.415199986872925,0.518591276347253,0.7553758487782046,0.9655727073088166,0.027920284169597378,-0.003556693777857792,-0.25860617657276075,-0.3613948086406631,0.011241504104579435,-0.035424685993364596,0.5407501871903088,-0.2998959475613102,-0.06836450123473387,-0.10898802325973782,-0.1789832694739652,0.02195432002050397,0.7435032786429985,-0.5470479608671183,-0.022988634329145028,1.0794317992609317,0.37326187656523924,0.02187540210683369,0.19840364008357156,-0.002205130814306226,-0.0769049057359053,0.6582991212613559,-1.6751954227386299,0.1805237262805085,0.3311283031099342,3.580410824448817,0.6665344578854204,-0.21589111377569326,-0.17246560391781646,0.052393026197024704,3.1034141507687276,-1.7021623682964735,0.7140647231135387,-3.992807193613243,-3.7669657928185707,5.985355017396064,-8.896459565540832,17.65479236741363,5.0372389601376675,12.528347552846942,7.027911659003997,-14.596212921043202,-44.46679606421468,-111.59880339196008,5.559463114984091,-12.318470903339193,69.98171722125862,2.6233611488328963,-59.31373520431281,30.68111343046834,-16.530080480883928,0.0
1.4361726651319273,0.5254748920989993,0.7564365465204528,0.9651667372663069,0.0297081136135933,-0.0033063699005147517,-0.25992242146131717,-0.3482093379097924,-0.017327645240998737,-0.026127757913809033,0.5517920780137009,-0.2745087506611527,-0.05394817943968333,-0.11963360670122193,-0.1764003049467658,0.0138953352531222,0.8151214698610852,-0.5799005882501636,-0.007121509472190844,1.0321134181190637,0.3149697792600051,0.0818132656417428,0.12112951927834623,0.08677021926770008,-0.17457858765916906,0.8373134452674745,-1.2318173822347775,0.614997430167252,0.31947366647778425,0.3549002944489652,0.7488057331201237,-0.5174078511471263,0.4587675717374696,-0.6676123897407954,3.2567189200511173,-1.3603096989140349,0.7022904152126819,-1.4094379739150322,-3.4585321030449543,3.247833252608088,-6.3059754502960494,0.8561992439186935,-3.0158713533726536,26.15330119004512,20.699701542051393,10.423320659106107,-42.17181763030478,-56.027511780192484,1.8422844781260648,15.553237590275245,42.30135106599562,-20.499025959363372,-74.70098014006282,34.0642080819129,-13.37277779341561,0.0
1.456386132332176,0.5312221386726824,0.7584407757474723,0.964292112413275,0.030481652915542973,-0.0021197277304026065,-0.26307241878887366,-0.32968559241183554,-0.03828399801202987,-0.012935845038004486,0.5567147865814376,-0.2875597282017549,-0.037533067340579096,-0.1330509854301777,-0.15577017596392875,0.005266612377850502,0.8746679462343071,-0.6176406006537062,-0.002591371925074041,0.9985762562668374,0.2641491566593299,0.11572303994919285,-0.017405911084237433,0.13976689422510602,-0.4278986286724514,1.0595335115674407,-0.9206982458065349,0.6577814823451843,0.0397804389653328,-1.0646899609237546,0.8424574689415615,-0.6598402840848898,1.413679791836005,-0.4006408408367813,2.3832199627728206,-1.748738437418431,0.07860944366869871,-1.0583367363741958,-2.5007918168138303,1.5940424274417433,-6.76748447225926,1.1640840724824533,-8.719534710480971,15.853222363054103,11.967384031512081,-2.742212749335268,-27.051505809731346,-27.783603640153622,0.4612306298085933,7.350916319416904,35.46864858196827,-6.985326941785571,-82.3672178977291,32.461337634353306,-5.192930935738274,0.0
1.476193406156209,0.5361281351535883,0.760806711822571,0.9627843321063315,0.03018154061208628,-0.0005723582808139158,-0.26857974023154335,-0.3053459431737762,-0.05508369211732325,-0.00029029088211043365,0.5532007249160441,-0.3118842754048973,-0.02047254860942656,-0.14847344856333142,-0.12487104202710958,-0.006853023166580147,0.9173792644147486,-0.64627750879148,-0.0034159623554513977,0.9863529049906457,0.22959881902263043,0.11965232766180543,-0.10834852859907378,0.10529340641257255,-0.6698390475142426,1.3403588313974153,-0.7843365448133419,0.5969537698313773,-0.3361914323022555,-1.323253662698457,0.8528616396889951,-0.7708356096720607,1.6343170000060725,-0.7794511892601532,1.7034336137282562,-1.165468348788893,-0.04810575321913523,-0.30253745265021387,-1.6916187200695365,-0.005423087752522121,-4.681441071626997,-2.132931273447015,-8.747586324844677,12.226120820021633,5.221235443290607,-4.760262086150673,-15.56500014046175,-11.141479936051885,-0.41702928114616383,4.362313161969021,8.601877780592647,-17.829028635809262,-58.784425933788846,26.89275381267679,1.805511086750097,0.0
1.4959756075577497,0.5404489484124955,0.7630816696586402,0.9607595105403756,0.029001536374944726,0.0005608622014196243,-0.275861848082877,-0.27458147400346217,-0.072459588073317,0.007212648923982265,0.5405234558283898,-0.3319763992315345,-0.003569541561222851,-0.16369629001490812,-0.09367618403602847,-0.025887004772273414,0.9436132592812303,-0.6588194624475889,-0.007581598559109728,0.9906622178055843,0.2054416115220248,0.10633377806317956,-0.16756827669605473,0.02240808790492344,-0.8168608179288089,1.6332776085135063,-0.9093889974261679,0.2339391744923106,-0.7324305559167555,-1.0065259705399399,0.8178575262383342,-0.7374958941889566,1.518180565254097,-1.0289745293178516,0.9450599932727111,-0.42466023511533735,-0.19712232076897973,0.12793497809172724,-1.0877083806692158,-1.0653602924332217,-3.4482693364232566,-2.9112610387076154,-5.545149808777925,6.288744608013182,-3.553381822284718,-14.426825110382833,-3.004891300954936,-10.092974138459583,-6.979291572004379,2.6798945633937428,-3.5876648651409035,-3.413481056466645,-41.39294788507214,12.34467193184514,4.91357813323892,0.0
1.5159129777578109,0.544323183679586,0.764936528481782,0.95839068505379,0.026851252517155092,0.0010870082821310373,-0.2841920538181534,-0.23807163467051087,-0.09409584382214968,0.003781022353148657,0.5195683611519499,-0.33866105147360487,0.011689315980433275,-0.17798021294833183,-0.06540821466710992,-0.04679794556510856,0.9558461616234973,-0.660512494635091,-0.01657227062679955,0.9994163216065621,0.1849349354329711,0.07783456347863862,-0.25955660120493995,-0.06288071945050337,-0.9023569963034467,1.8895178088083362,-1.163336131108527,-0.41084856523711316,-1.0885221007172798,-0.2909060546082707,0.8249896283911632,-0.7187650397051645,1.3534647189219176,-0.9985724025969277,0.37484638648440216,-0.002215283461549385,-0.42127754057169337,0.11491854073061199,-0.9089294276956378,-1.952236752544635,-5.657332834271221,-2.2036570366669697,-3.518349398555455,1.7368098950499287,-4.650438871017776,-20.00403119144397,6.201050864353254,-16.86149386938357,11.725390612651811,-2.4380120097079994,-5.270614088149893,9.051503352319774,-23.033632236803513,1.6763603361376818,9.071021150456893,0.0
1.5360544091397983,0.5477859959913212,0.7660571578082073,0.9558318789673934,0.02340821178082137,0.0011275459067094497,-0.2929781620037794,-0.19637059338997867,-0.12111220203249863,-0.013628826881966571,0.49250681831670157,-0.3356140822638241,0.03542385955339097,-0.19190065556342523,-0.04099910283667535,-0.06671422998535445,0.9592260102240374,-0.6510247034856368,-0.027652909138762463,1.009546877979385,0.16355752370927537,0.03240426014814858,-0.3928017795746832,-0.14357778584590247,-0.9321457271039338,2.17182632212063,-1.4359345901729963,-1.1543909802863876,-1.386030529347127,0.03323876776754193,1.7540959516878964,-0.7168361278751654,1.163055987810614,-0.9225405062801724,0.06457854622064503,0.5158833651194844,-0.4917832333698262,-0.07750774168297483,-0.9889086620993448,-2.8519601645379353,-8.46912085556098,-1.040149442157449,-1.850851766725957,0.07562710671545175,-2.9682187550959394,-25.159089723993812,10.410343796637045,-16.020520321247133,25.744100778905548,-5.649300813605751,-4.292047217649466,11.808328015630522,-8.25780785434715,-7.504417912524002,10.860898716748538,0.0
1.5562535155707669,0.5508632153123952,0.766196759818331,0.9531785980105473,0.01859162348095819,0.0013178415587725304,-0.30183302523848277,-0.15257308275575082,-0.1506635306548783,-0.042414465871614994,0.46346109298497973,-0.3255524231355738,0.06519265696556843,-0.20738584660627052,-0.018888052873263488,-0.08266056247750012,0.9586158006496178,-0.632900342599827,-0.03846814508145293,1.004933528241053,0.1453169270409398,-0.010559554928591468,-0.5118636871367142,-0.12175249291258326,-0.8948345783118405,2.0630526483701375,-1.2254752449197326,-1.0949174553457721,-1.1549452026355291,-0.44174085024216764,2.0043996800648616,-0.8417133298431583,1.0528203840205688,-0.698654007627074,-0.09620174633573578,0.8787299329621454,-0.46809177533505075,-0.8994524828372183,-0.9544137891753699,-1.1785077977473848,-4.215231804497815,4.041468420249538,7.129446177269344,-23.833539504588586,50.927031720577176,83.29909963624834,48.76054694367356,-161.8269584990477,60.66437359574207,-7.912819436754729,-9.814457847889972,8.85702233074946,-8.394472082578815,-14.975051519042935,10.528606113643193,0.0
1.5762215497477385,0.5535984146985158,0.7660613839807424,0.9509042338049513,0.013647366476548876,0.0022846308886436306,-0.309175788155824,-0.115177711226009,-0.16546457402244916,-0.04845972886158649,0.44297357574437496,-0.34084084371034973,0.08769702515459099,-0.2260211688874843,0.000810884528280113,-0.09286971794933212,0.9550416891438944,-0.6108518686045464,-0.04683017239336685,0.9958362211145309,0.1318431519443993,-0.010826960820870344,-0.4858061692933308,-0.03187921983775362,-0.6454916608690924,1.7613482451658216,-0.5433430504765469,-0.007167700415373308,-0.9902330550044519,-0.7705964769307356,0.6492651705457352,-0.9934821142508554,0.8891919978890901,-0.4074561066596886,-0.19397120325294287,0.9962904299649923,-0.34803117540682876,-0.1193953001425068,-0.3699324475585906,-0.9313515140790053,0.7942446697093105,4.245100327412755,15.950646552222485,-11.078819235891203,7.711197415668682,7.6811660274595726,5.166319598958169,4.648592116937984,-40.30180961329463,-6.033293208998337,-13.688345739434775,7.78368568928214,1.0117981222761228,-20.792677873428953,7.957633427259826,0.0
1.596106916652344,0.5561589758767749,0.7657243473532664,0.9490220527179722,0.009189767458897869,0.003913979915709731,-0.3150513805559922,-0.08044653413045863,-0.17486164336977633,-0.0460486346421311,0.42095208294284936,-0.35344298542049596,0.09301528412327038,-0.25050103177237504,0.020440729886238348,-0.09349353509960728,0.956883400357562,-0.5923187750286517,-0.052609841477735016,0.9940374090506108,0.12477933041275237,-0.02477667281852656,-0.468214958223714,0.03969430591188168,-0.5473761538627984,1.6836884421826346,-0.4586829822559304,0.10695140425255614,-1.0947492417979177,-0.5893897534834205,0.012435499083326328,-1.3398508343623448,0.9698853331941311,0.08892316364278893,0.19568462928194494,0.788658513263579,-0.24217427323410948,0.045498083000222136,-0.3754417499794597,-1.099039555217659,-0.5383553782686405,3.10672796119941,11.974012690743042,-8.414834023997203,-1.1653978776239489,-8.312869491127266,7.807247040994565,-0.598426480936076,-25.74360647698523,-7.55178125968864,-7.554355790770154,0.23846445276083506,2.2313077615243486,-17.273074447959406,4.943202764294586,0.0
1.616039498467045,0.5586030080386242,0.7651264371428503,0.9473120665473908,0.0051525379062400175,0.0059680710614191225,-0.32021505594622174,-0.0457140505690701,-0.1842209120243559,-0.04314023449944757,0.394955808333731,-0.36180098699595836,0.09057502466626385,-0.28177725779853013,0.04185477231080291,-0.08625504814644444,0.966977628309856,-0.5802334939471516,-0.0565469444738731,0.9987966856794471,0.11903965623676442,-0.03634953170593349,-0.44136306046736007,0.07985149135115457,-0.48389200429783746,1.7211242717869413,-0.4822649458083603,0.0932886263871461,-1.3168571087877563,-0.40551897324000097,-0.3242677895137239,-1.652125195488303,1.0574797975244676,0.3581305580068058,0.5535418781214132,0.4868233646215638,-0.16737825408566281,0.2474108113504538,-0.4220831429704986,-0.9338163517617106,-0.9135173206701406,1.5478748538400169,11.530517312253375,-5.365290280327729,-1.7285448149543639,-11.032787770278512,7.361521710613362,-5.052580985261933,-25.400160642115722,-3.305898657265269,-7.925711423486288,-15.136057670147755,-7.736541499358083,-11.4645884335249,3.1250916245271148,0.0
1.6360835022805125,0.5609487579373905,0.7642873485958429,0.9458034736205645,0.0014044416098483348,0.00828766543646758,-0.3246307616857208,-0.009783944705297592,-0.1943190557257436,-0.041368715583056846,0.36393962539099395,-0.3662299976568951,0.08449628665241793,-0.3179035767758416,0.06466136412414213,-0.07735258959615421,0.9798295236672335,-0.5703630727068157,-0.05798080389044284,1.0038371396632177,0.11537429596367503,-0.049666348599695466,-0.43010500679328095,0.11421224417663611,-0.40077851737919823,1.7766830208855628,-0.5166057048610193,0.01755721789725885,-1.5552940968031872,-0.2133641337201826,-0.48083767506369224,-1.861900779987837,1.1247398429426108,0.32513194127724826,0.5664252111819489,0.4302387981899577,-0.04570073161339161,0.11165218343687848,-0.2385985212938649,-1.152889498515574,-1.7005625777809432,1.7681815495281208,11.551174607178874,-7.084804736807203,-0.6969002383289487,-11.839508951726225,10.613573303727094,-6.197319528025312,-25.62224836131351,-1.5126931250690667,-7.049173723414955,-24.806054209556038,-17.437433681157184,-9.392498895556702,1.0779586231909883,0.0
1.6561998994564884,0.5632280851905012,0.7631123482145582,0.9445757117255096,-0.00235329269263203,0.010906600122630374,-0.32810399708859667,0.02664673055643411,-0.20462752307170157,-0.04158034772508456,0.32991366190276383,-0.36774979889569265,0.07448831976506264,-0.3567544665152614,0.08912095558608278,-0.07121709090779253,0.9889185951369017,-0.5579404364214706,-0.06054801211562161,1.0059346325317833,0.11335109886982421,-0.07005609261986401,-0.4546933858523806,0.13949596432563152,-0.29993560598653646,1.7758750782654167,-0.5112293834774462,-0.087445771740252,-1.6427887875885794,-0.09307593075596565,-0.6679610359008056,-1.9704043979133734,1.2292638325620466,0.15390520610926273,0.3074843575758968,0.5760244025961831,-0.12509529063314256,-0.07542815138541442,-0.03576999393715109,-1.5947818410029075,-2.7348885970409413,1.5983402227088255,11.085237145995395,-9.957795502096621,0.6830131983639567,-11.695084445431768,17.205483898297807,-8.794455726916937,-22.063803704518612,-0.6083373995996078,-2.612654559689309,-22.033792020545004,-19.158480105445978,-11.90552890604685,2.8278636861213386,0.0
1.676331124900774,0.5654802115884889,0.7614493563564428,0.943679988206216,-0.006479188978980563,0.013809290290439794,-0.3305077963845393,0.061807963210376515,-0.21418828584942595,-0.04391283658455723,0.29749437785670974,-0.3688447798915005,0.05771649776966165,-0.39600107290888215,0.11639507421055625,-0.06811134469218416,0.9901027791997106,-0.5387128891952686,-0.06830905764259058,1.0078184770588179,0.11185998196093427,-0.09710702536666652,-0.4964997234727795,0.13552760211102627,-0.1604224783438166,1.6634100208617553,-0.463776916284216,-0.21095619192910792,-1.4173211810850745,-0.14140985324520045,-1.1824346536602899,-1.9346029557023212,1.6411114968199922,0.8230265298817447,0.35483676521114504,1.517627465110136,-0.6902956801632669,1.0043180392845374,-0.7945693202548292,-1.1401619273868153,4.064151760874803,-5.004799174947335,29.44582185126305,-23.256673174443186,0.06925873318696196,-23.447784655782446,57.47033015494965,-23.46307156349113,-124.3503430326756,13.248409662564605,139.1827253116436,432.97117833960425,248.00924567011643,325.99055554614057,-168.8021365949988,0.0
1.69665426150906,0.5677835591610345,0.7595118399006613,0.9436732354326471,-0.01082762811585541,0.016622668037348454,-0.3302836267585526,0.09232117272025621,-0.22395891056857412,-0.05139446880780771,0.27541887487107114,-0.36857303280682674,0.03436798394342621,-0.42860065710723616,0.1502871212158854,-0.03709906506093661,0.9924516212447585,-0.5076145137512518,-0.08541143018419557,1.0198770936900814,0.12348669061595677,-0.10342022541197117,-0.5236393890510455,0.13205829664586732,0.12252504546289132,1.4057265265461611,-0.4886992287201674,-0.2873250062066379,-0.9007556333590583,0.09522904654641753,-0.8962210842277658,-1.4624318911509708,1.1315852690316737,0.4270885197597855,-0.46926857285080265,0.9970453259271692,-0.454325353283025,0.3247875837916415,1.108441182701079,-1.1024939980673596,-1.7112720678054631,1.7713091720142684,8.777233316604663,-15.792937138221575,1.1640360045335942,20.198112045790236,25.08343446850055,2.2739393929484377,20.53355062633165,10.388845670726077,-64.1201891485451,-136.81555603837523,-48.78465662351866,-39.70196499091148,23.88015208430721,0.0
1.7172228889134513,0.5705791226587806,0.7574935403471693,0.9438315967289177,-0.014934710357229835,0.01955173124326903,-0.3295096375647888,0.11568997503908461,-0.23262460669907334,-0.03743339665146466,0.263906946502501,-0.36232437836133685,0.015124476877534166,-0.456386668599449,0.16518493747718446,-0.04846064139488865,0.9727189942029404,-0.4868401344320063,-0.09736945589936705,1.037188443711604,0.15215635488276433,-0.10236456081086118,-0.4452983232635258,0.13427794694036227,0.029804241537190104,1.0017382408925588,-0.47080186997389095,1.1075554227932503,-0.28952369751029683,0.4712004807076996,-0.8225105413445257,-1.3626609589147978,0.544883814256938,-1.1274362314156954,-1.1567931367917261,0.8769908090589931,-0.5172334539746086,1.1503358167017514,1.231344626395635,-0.39335623802610625,4.998099136042125,-1.8475615739668734,-5.2873968750627585,-15.129087235486075,-9.001891381379025,17.882563865846357,31.660002383860423,15.115364826139434,18.969793885982778,1.6577581636121403,-12.12885038249323,-40.81113055398938,-1.7206614860984875,-22.95989283606361,13.405871460778094,0.0
1.7383934350230839,0.5739626746935741,0.7557373615846912,0.9433735719365445,-0.017679067379116082,0.021649022213746944,-0.3305526798945652,0.1328668435740949,-0.2428934213846426,-0.00025812753611866674,0.2629561211901497,-0.3483468435739313,-0.020652734643649424,-0.4805611097916648,0.17442572897127362,-0.07945878763433142,0.9421549105374923,-0.4639457498926867,-0.11181993870595122,1.0782250653691807,0.1824610942601056,-0.08080620342832918,-0.22025258234022352,0.0784090598346702,-0.23951087406954105,0.7768311035764898,-0.6784742223802837,1.9191656033265225,0.15351900205386068,1.0176954616589717,-1.7689954476327083,-1.1272342867803395,0.49786135301548035,-1.656505557325293,-1.5363633271207675,1.015853570466952,-0.6350260604144148,2.3572448886452753,1.3638643218355548,0.4467451847977294,12.217807249632143,-4.5955896247951316,-14.092586210395062,-6.316939519882808,-23.93773935764297,-24.285020778338932,22.237115475340012,37.09846043462849,22.44906858635409,6.5816541215091835,11.738111454111817,5.483189672805795,17.68470441609888,-24.451754769914405,15.337265856467857,0.0
1.7605378242493541,0.5782589278706679,0.7547045941883971,0.942096650472782,-0.017281296778839876,0.022461620490739093,-0.33414178660343735,0.14020344501758433,-0.26077987062672325,0.04538834104302606,0.27905318587106626,-0.3204079575045325,-0.08365074104259265,-0.496513174381682,0.18104331176922261,-0.11644066711212732,0.8911960777269556,-0.43623718052179206,-0.12933079896830993,1.135699617599327,0.24100940030436185,-0.03760153843853882,0.22917803508161724,0.09507875977136465,-0.5322980214511456,0.16067953868665816,-1.2189133197226303,2.0955040948092836,1.1230799676695473,1.9631401865525875,-3.1477940389102415,-0.6639850751287305,0.2999721574411975,-1.7493215870767926,-2.7227322444705817,1.21181612440575,-0.7700535161749303,3.4761624072312967,2.7845317791878386,0.8751741545124931,24.358822674889403,-2.1713035064471415,-19.789865975253917,-13.730151755066995,-41.4225627849612,-43.420065672021074,20.602789254012777,69.75338981328117,28.739281168423155,5.92449169067544,4.318349812158742,28.365542674451905,23.156102931466016,-32.595671504121604,18.147675402153986,0.0
1.7837686358569973,0.5841115038585442,0.7543481205677701,0.9401511752091919,-0.011397261799931294,0.0222979544285362,-0.3398362420409914,0.12502627534484595,-0.2923260013192907,0.08592916356447419,0.3288385945346921,-0.27192090855536016,-0.17200975601946264,-0.5016415068664737,0.1830740905665169,-0.14352557119180698,0.8049754334037948,-0.3945781422157035,-0.15506292500160726,1.1937283386570974,0.3336607899337006,-0.01666195768633597,0.8790522614475667,0.22922345574204683,-0.7211591660245551,-1.1674896804170012,-2.0187276092228306,1.7317192783356838,2.954598478183822,3.210138456150857,-4.343299415195361,-0.1486087551651661,-0.03460777168049237,-0.8934882116949471,-4.488788657488807,1.8781349913175247,-1.1762412180145962,4.249341795730794,4.311420244186158,-0.8756763525402544,35.22203264923215,0.09372375658305288,-20.100207979136524,-22.36356676872854,-53.715794582784305,-39.82607681375079,8.978912447504118,103.34616737115064,34.74022918974939,-2.7561608156921125,-13.5193644933313,56.48526449802792,52.24815200663292,-49.70083293379974,24.507014065433758,0.0
1.8071076470704506,0.5917901865638762,0.7526886673105794,0.9405120238673739,-0.00023551055669017608,0.022168498930967277,-0.3390363330836712,0.05649596547103416,-0.3429947543151986,0.0763855061163448,0.4787679433543628,-0.2021837042049957,-0.23373242400796326,-0.49842464022565974,0.1784344140182648,-0.1169059304658038,0.6912607927017691,-0.3306773416383314,-0.18038724681853804,1.170059432114593,0.40165668405903565,-0.1560810891870931,1.1662296890559043,0.3138711679484463,0.5790209807197545,-3.9353928848477766,-2.423263680748014,-0.45398153344472114,8.365677141028735,6.990389781023572,-3.0553841496808083,0.36300540888109556,-0.48661613246884833,2.7832120883452456,-5.431663970635556,2.910122307540743,-1.1370334893393232,1.3757058200395222,-0.17175046219067075,-9.625117747486232,6.560703529212915,-16.73067683901072,41.511785747103424,28.47935742813717,61.19699352121477,101.27796872647231,-44.14407153918802,417.46633110307675,8.92292902363168,20.379397021060083,-35.25064872987456,117.51567570484839,102.09419961896997,-72.08907562049976,17.96208607338471,0.0
1.8296310163046157,0.5993207480813452,0.7490197118619918,0.9478833892597603,0.01072036468086539,0.02051112915198601,-0.3177757821600778,-0.049162353508298146,-0.35654763679971524,0.06983053285647778,0.7349848752092085,-0.2871930778517611,-0.17253047662304977,-0.46736770486140833,0.14739378571082845,-0.030577530480880036,0.5656588068716871,-0.19161285928774177,-0.23012195009561662,1.105142079253224,0.34701870098230353,-0.15916204681091525,0.8985986410908632,0.04385475960777654,2.97551445538335,-5.040554485207405,1.011146374706283,0.20415137095409386,11.954720730309255,-5.675603167370939,3.6435132939815986,1.3291272590138776,-3.0509303639494854,1.4818241399774346,-3.3728287116512066,10.97841471986884,-0.10942693532632963,-1.4335689519119228,-5.062078682564286,6.253404477276963,-21.10632745664022,-24.694614688180636,38.23842077399448,95.54011042751875,204.36168540198346,52.98177155398202,-303.4017281756676,75.8757077718117,-55.96981211246746,-51.78616173239408,-106.28706511988636,-340.0028359168633,367.2642772675245,185.61700521991818,163.42692175374467,0.0
1.8503235890054357,0.6047229667732563,0.7492340335630575,0.9552593999002934,0.01151618300007761,0.020001740457026834,-0.29486740547223866,-0.1346685551865657,-0.2891504755859898,0.06892624806032187,0.8813350499965606,-0.3765586683242644,-0.11662774474496292,-0.4566976074355781,0.10307782826034668,-0.03190895089280448,0.5767320036867858,-0.15277405297988725,-0.20253305030170982,0.9974354402030274,0.20175872474697454,0.13579914932243467,-0.606655034237278,-0.12481299765495729,2.084427838928559,-3.662391953269134,5.015655996369917,-0.5731599628791108,3.9443967431401856,-3.738538762566587,2.2690744781210404,0.8727173322769586,-1.4242394605607474,-0.6794560794995629,1.0307194450993027,-1.2777247613161555,1.7905294743520686,-2.7683196911522026,-7.34286268436699,11.846772137299599,-64.1026958227833,-16.845832999179535,-25.621629341833415,58.08510960406695,153.28162201467728,-79.04868664987966,-328.612416739695,68.34398369383399,-49.15397394438974,86.53468101203444,86.01525470520279,-37.37343319744538,-84.59535745815009,-129.9760050911692,2.61791953059391,0.0
1.8694993972660374,0.6088083861813823,0.7514482807255007,0.9609911387429794,0.003949832826260766,0.021649975449440997,-0.27570221007665957,-0.22388914487912165,-0.18447446716228477,0.037017763483831234,0.9840019228082869,-0.4600017844804878,-0.07896382206176807,-0.443890721470895,0.08076874514577267,-0.0487161486869976,0.6069931284946564,-0.19997252381355812,-0.17533044281398885,0.9579325615854793,0.20585092807014652,0.09718100672922299,-0.8946086012892679,-0.11231085167640228,1.7607338226252744,-4.520332821513369,5.274109504746638,-2.2823386721356953,4.699627528692261,-3.6035842730345,1.5723582042465623,0.7863735224392833,-0.8778436315291571,-0.7390728609385234,1.4379628267518603,-2.588572448190197,1.0855532376463937,1.9025985261834304,0.4498942104194194,-1.167274637851746,-1.3375992973217479,-13.806252638344189,-34.386544731346746,28.856170118605533,-4.647805602603813,-57.798234709093265,-124.4382252011822,82.66107080234606,-31.549432236850933,33.11332784390357,23.921525422283022,26.95693181162227,-28.983671078581054,7.910823112695563,-23.2222821339527,0.0
1.8892809603617275,0.6140237496268875,0.7527586194141872,0.9643655124711984,-0.0019137720058349452,0.02206994856015226,-0.2636444825962117,-0.30979762886083767,-0.09524528243972252,-0.01906941675100801,1.0511918421298823,-0.5250474716333717,-0.0649904950946983,-0.4313956155208135,0.06320823726993506,-0.05161843017371052,0.6420243416244173,-0.25337493207243084,-0.1729236902514369,1.0256285401034793,0.30788157755443896,0.04603329061946581,-0.32875940096991235,-0.18484198705707536,0.7696093555844802,-3.909845507962912,3.8564791769728815,-2.906435596240653,2.145305671656617,-2.7779734764014057,0.4668111737740606,0.6399541643532466,-0.9268204236871304,0.41648823233433463,1.8272021933920146,-2.591840898465683,-0.0537482203529269,4.742349109274471,5.451544121876054,-1.6779599913989323,32.74785622106884,-10.016941334903931,-54.74665387154077,55.026660442260585,-62.268103740510426,11.769513254902117,-131.117814992844,54.23271668831946,-10.09827234310985,9.550262820897162,-8.734702443919776,65.60819748705478,0.12157425888953277,13.530050997804956,5.13243183965264,0.0
1.9105978809569402,0.6214620975040845,0.7527952326032737,0.965198168476949,-0.002083713179082636,0.020170541158152634,-0.260732243839378,-0.37593473358606294,-0.03529559514786587,-0.07914227485824898,1.0567765164281544,-0.5928559788376458,-0.08511103172214939,-0.4229481143146734,0.04016854262335862,-0.03427897629627455,0.6868585776637315,-0.30679384880550137,-0.1820836045790404,1.0989111829960017,0.42306211633631874,-0.030204065533499046,0.2973025270278054,-0.209508565896345,-0.06640083530469039,-2.861353532766326,2.440276329882105,-2.8101516231834758,-0.7670473290560904,-3.1584326523055393,-1.0884048941946434,0.3350184006944107,-1.3165087110017932,1.2907974745158135,2.4034492361231883,-2.6432981637358184,-0.3703368715142408,3.6905171263971233,5.556707835482896,-3.1875668038324294,28.001223032137492,-3.280193722906319,-39.792904469902474,45.833638485232264,-51.58197166737243,38.24654289711944,-76.41495157442091,50.50844647717998,21.04014432559708,-4.29081841044473,-16.55576414512921,48.61122069372419,7.864860409917425,7.081386374190026,24.600653350788985,0.0
1.9334329187983046,0.630536622542851,0.7511694105917741,0.9644429037005281,0.0019694242922888984,0.015849432613668224,-0.26380826817117353,-0.4058876944659186,3.975370019286594e-05,-0.13797819878792444,0.9642646958635461,-0.6187352428047033,-0.1465469044288536,-0.4165006980025007,0.00915927014026686,-0.004995254263723711,0.7405344110764737,-0.36118870749403664,-0.18444982824633963,1.1621566851600846,0.47642356508576,-0.13513235407897928,0.5879841775280406,-0.34983014143175556,-0.45491820262082994,-0.8780503657771128,1.450062155749179,-2.7822567019148443,-6.023526096743567,-0.8117534974467491,-2.93244079043846,0.2798739291083074,-1.6299584516499064,1.5816861726976617,2.827682713047042,-2.7543191702654797,0.05337540689065105,1.3264515905527903,2.3579906560106423,-6.685161878981777,1.7390219260541722,-1.9403746108028874,-12.540621987246213,32.24521926393152,-19.413247924085056,34.79872742729441,-29.928998847921385,14.83205809332027,60.64593518218099,-6.0492390696524705,-1.7350089292598887,9.876025578670506,9.494901169020192,-1.549718747535537,21.232535657366704,0.0
1.956999210361818,0.6387863624208906,0.7478170242449036,0.9622240984399038,0.0038713552025638727,0.009655234154294631,-0.2720598710648707,-0.36618643616785806,0.043006184623570885,-0.18068508030065106,0.6887076382013995,-0.550335987220222,-0.1998802233036543,-0.41894704600505167,-0.006749770087619044,0.01091827821628271,0.8378301858299108,-0.4157265458079124,-0.14350879805329927,1.162027290851076,0.3616234913798739,-0.21543414049565404,0.05731520114889772,-0.6057002797396502,-0.7931919615260288,1.6142084953673734,3.0748969701433135,1.79789065041948,-9.698309126343593,10.086405925467313,-2.9644867363122227,-0.08610335269440837,-0.0375768156967945,-0.2271830530515894,5.184509726776642,-1.7787775311955478,2.153445976042566,-2.01629743021039,-4.068850707489574,-1.0127690382631294,-22.600186041469563,-2.3575272424934894,39.78891900623123,-225.20898253548708,9.315492599137865,587.4922967506707,1238.050571739794,718.7574069995063,-153.82240123694478,37.144030635744386,58.90661812324172,-112.08745029042404,-62.90523757042933,82.20514445339242,-33.37964073421413,0.0
1.9806817531871788,0.6466482880169087,0.7452198658055043,0.9604804014168405,0.007251502313993046,0.0037964795027045414,-0.2782272469613976,-0.3437358019092529,0.060157725554758575,-0.11957350111647215,0.6129222515075223,-0.31876389279080325,-0.21301038683963724,-0.41701709895536077,-0.027373073947215193,-0.024803916223934658,0.9113165342553514,-0.484515208199556,-0.08413754349756304,1.1897693002300043,0.41302392692270784,-0.016718750960907004,0.890046627625677,-0.3131341171618553,-0.5545375666371112,0.9409241179780384,-1.251967491174619,2.3477928148690457,-0.24492118526232148,4.955136172791654,1.654018821906678,0.2024378060831762,-1.4246060826299907,-2.1916591668934267,2.2641185528768113,-3.3454138122167825,2.716160291786691,-0.9820140803844726,0.6959227697191552,15.851588367143215,44.10804939869727,21.23538401619136,4.722639622675999,1.187530889648689,-178.59811700031972,-81.28051939108727,223.76148124397938,-828.5376730533189,205.24339274254183,5.734142122290466,-4.144506880612993,15.424055018936574,-157.68410799825654,56.55616559649009,-51.1613995211528,0.0
2.003817628911153,0.6538646970447641,0.7473716026446207,0.9590601415525534,0.015161914960721213,-0.0010284113441095997,-0.2827944546663288,-0.3195661609874901,0.02386020100606992,-0.084324513356228,0.6209728663308316,-0.30651227659351815,-0.16637359763104098,-0.40985996368696487,-0.04269650396780711,-0.06723796689441651,0.9359893897074133,-0.5287399966717246,-0.07024646240995756,1.1269516035443687,0.31310148760644363,0.19995356032225425,0.8712181736173094,-0.1826074553225799,-0.4447527485681243,1.6133710444182854,-1.9294105293733286,1.5042417169317104,-0.10131574878223087,-0.8227956156343563,2.395231222943393,0.4083824660690305,-0.0410814576528018,-1.8056638685378543,0.564131019791932,-1.6891817854059359,0.217503014972636,-3.522216581928241,-5.348116954804237,9.09581230729756,-4.987005326259009,8.486620207668455,1.3336276026893146,50.331012742810415,3.7097492059381456,-20.78688461830739,-104.20991212149036,-44.70329477057758,-23.151818071498496,-2.7084677621066016,88.5357463088377,45.86286328105689,-58.16147214221905,40.15264833803656,-14.549937851198402,0.0
2.0258011529210376,0.6591356803351386,0.7520222879465384,0.9571829135205596,0.02154909820262173,-0.004350613073876004,-0.28864784530085624,-0.2810584354925904,-0.00782914070881158,-0.053317374873751294,0.6071532420001521,-0.3289994491897762,-0.12733354971298388,-0.4001626497918238,-0.02998822952426651,-0.10665210360885835,0.9341477976060435,-0.5462935659159333,-0.06888590552735234,1.0740525675934005,0.22780732373467974,0.24675859820859988,0.5772677700887346,-0.09018562111556908,-0.7355405181267098,2.1119036397460853,-1.341693437382616,1.5080283911147343,-1.189259855617843,-1.0763052309088692,1.5499168152601008,0.4258853971667954,1.230345622298949,-1.9332883728698027,-0.36762522695971106,-0.5978478967843174,0.021074934552848052,-2.991762983612368,-3.521179046607606,0.5411584117995409,-14.419361405895115,8.889279110890733,-12.059140706780703,12.552613719287628,23.490578724875142,-10.152611650668858,-49.83681534567568,18.887330581840178,-46.84865631204995,-15.726312421370803,66.39199680208051,13.76465152599476,-12.897546196930062,16.243165884429683,-2.043906698198865,0.0
2.047032221438,0.6634975226109133,0.7570766565046798,0.9547859938174516,0.02736501702287978,-0.0058703991212674025,-0.29597364792750525,-0.2380391751456269,-0.03379594049820869,-0.024003702311484368,0.5750675655496782,-0.34518091301618886,-0.12944372064090093,-0.3888049058610936,-0.0056555607196384725,-0.142035821326167,0.9044744147064145,-0.5301390367128083,-0.08023303940254681,1.0477557510493085,0.21705004944018827,0.24057335909344557,0.6254500926952978,0.11898585478495177,-0.7911418719970501,2.0951990873827726,-1.3160250331535923,1.419402634638786,-1.8715646396349062,-0.578239663872737,-0.8240978647506877,0.4563998838319829,1.219381047854562,-1.492832719450361,-1.7561276371869572,0.9692033030220785,-0.5718419244447048,-1.872871844583611,0.3619160760435287,-2.567919988195714,2.116426014944519,15.403936136543505,-0.7328839551955479,-15.142575814919566,-4.674647864470024,-7.359933578137464,-19.9103661814141,22.913265493436487,-49.50477133569114,-27.960799880229903,0.6382073230085997,37.70162753853096,10.146083770182095,-15.973688116709567,11.736220066401373,0.0
2.0681194072135693,0.6680674902284339,0.7605964903425158,0.9528251629739264,0.0342562665490242,-0.006588180214528626,-0.30150839604776025,-0.2039405858902977,-0.06341972283713566,-0.0011852266048131585,0.5511065194145506,-0.359990625552593,-0.17660417843640314,-0.3644883448397766,0.020245388461737276,-0.1445337410543223,0.81811113916255,-0.493568146141358,-0.11990474851727399,1.0562733610916017,0.2528626492538546,0.10513035065342621,0.7797039869171212,0.17365838285846388,-0.44335796430221597,1.335973715564549,-1.75527088225341,0.8735241456072372,-0.7110705537830854,-0.7503244810011629,-2.5109832270927823,1.3581929884527135,1.0733585881235463,0.7912112068690162,-4.920413602754827,1.6569505603220003,-1.9485677279078335,-0.11727276199150061,3.6405586894103794,-8.821657527773063,13.896266482205215,9.775849536733505,14.716119810948188,-46.254509725355774,-36.94249889857775,-31.59829192484571,53.67133226671447,2.2712275459500866,28.894070218471587,-15.982305997700568,-44.896843368878706,80.74755351833885,30.587639935634567,-44.7117487286449,34.893649255078394,0.0
2.0890554857439505,0.673748553481442,0.7607265533666164,0.9529936210998513,0.043186650223270416,-0.006896628818015681,-0.29981745762452194,-0.2158407852788734,-0.09817172429067188,0.01341354682556035,0.6348893406430257,-0.39883811199799085,-0.1460429475545536,-0.3142481800094217,0.04204385208992474,-0.07634990255795747,0.6465796101782998,-0.44360343902923133,-0.17903445201749218,1.0417821486251515,0.3226275542404346,-0.059396372128015365,0.9860687761853849,0.3276346559752012,0.39138288547865946,-1.394148413087824,-1.5782550833055586,0.9494309383213615,5.627102149478344,-1.2572424918000162,1.9842675905462397,2.0192170104939624,0.25544543700595124,4.086903119173998,-6.798279180823685,5.187947978559148,-1.9769341603814132,-2.5622772455317855,4.459839856922037,-1.5284833024904094,0.5532306240703614,15.59566415061007,-6.734741175178711,-41.98739323065985,54.33006160830945,44.84955491489148,-12.124843851194104,81.24282650723661,-30.75392842997711,-258.4259389778358,-164.10748952914327,-159.8957209160156,773.5494686796206,704.4025317447023,233.2157536193597,0.0
2.108886684414613,0.679577385306599,0.7604482831541017,0.9540556196677645,0.04871348224346247,-0.004637311481663952,-0.2956067769356714,-0.25361915692208914,-0.10396372667196745,0.026654843785283513,0.7506699723712411,-0.4307494455824281,-0.09845378036415997,-0.29870766534731114,0.042596041921847384,-0.017901306406110352,0.5960210088467116,-0.3245203897913153,-0.18927591656128018,0.9637689464468134,0.25528602920099375,0.06427181612816321,-0.01945427084951666,0.39655257922768644,0.37828924189172297,-1.8433344341087607,0.8070336492034317,0.3484876858705789,4.813093587015962,-1.3653254327140618,2.106996099671036,0.2846454948107016,-0.408211899388243,1.3925322768950834,0.06620909591329216,1.2254534610565304,0.5652117860480104,-1.9916669432379348,-5.366932817606294,9.912032216091493,-54.106524187223485,-6.736321967341025,-3.385107364760325,29.90730846767346,119.39454956068343,-45.08865357289397,-156.01176939545195,31.585059253720576,-43.327235417224294,15.155777711616194,-18.95237294584693,-140.2489354968099,92.76967215367124,-362.5728578375195,82.2725112422319,0.0
2.1279797116413786,0.684911304975083,0.7625391601671316,0.9542391930700501,0.048608989571245306,0.0004034569509759839,-0.2950670529970631,-0.29359317898699827,-0.08561903013303836,0.02039623825645301,0.8326594952951447,-0.4742799026195221,-0.07268755139325628,-0.298310913403334,0.03412542855299001,0.006980538518510273,0.6121289064818177,-0.33961172482719054,-0.1696256478932942,0.9576090597045219,0.27065519722641435,0.13807198535439594,-0.2447493614342122,0.49799503305315207,-0.23086773084547857,-1.922149168470523,1.0307627165358422,-0.6606428615623773,3.0880655022785284,-2.065648200407795,0.9747863077329257,0.13867185393168485,-0.3872369343714311,1.2260137794047377,0.6221065612239058,-1.2184556701732283,1.1435547653377292,0.8915631960445544,0.24478706279166204,3.4626094448737446,-7.200245413671854,-0.8073554764092772,-27.667987658479735,17.624780764987108,13.73765017563953,-25.24971159460489,-127.56662378501254,35.389602313201,-22.471941082831265,28.80929156705048,8.00906848308481,7.484877664036338,-57.10418383229686,4.344651041636178,6.667162841125843,0.0
2.1475222143115866,0.6906941944764013,0.7652652157224334,0.9534302418822475,0.04825194687626256,0.005219487810173542,-0.2976831880271546,-0.3294753074572248,-0.0727942251918663,-0.0053377678466124,0.8781619402959515,-0.5131100346192986,-0.05681301987636893,-0.29247087052969695,0.021739080143744222,0.029003929568335796,0.6218742329150813,-0.3651760286412251,-0.15083367948201865,0.9949869619176536,0.30149489319909,0.13443920602540194,-0.11090636073151632,0.3707641572531409,-0.36835146111042133,-1.6232206452843125,0.4870098950755801,-1.4428777768195213,1.5219095211653118,-1.6720951580456347,0.6662875330658855,0.4660966077457849,-0.7445824693254629,1.1000296779578551,0.2893769169780158,-1.22011240373839,0.7370143329278648,2.067831403206728,1.247638640283262,-0.34447212553432066,6.8503230980501915,-8.05514654690918,-8.908235655458036,21.27123778411116,-5.993940595252115,6.275443418266579,-82.98533335576627,32.87996004757233,-12.785660913566996,20.761839442871864,-10.657806041156816,5.045808677445985,-24.51475765699772,10.816283479548506,-23.005697431262632,0.0
2.1676385324960092,0.6968999962752901,0.7674752364109891,0.9524731754813381,0.04841170191884804,0.008663757143284096,-0.3006261738737656,-0.3568829761278414,-0.06176000388390835,-0.03242262126020655,0.8857377675899839,-0.5402346629207211,-0.05316475899204947,-0.2817301411615378,0.003888917488583766,0.04669552610659382,0.6275113749087644,-0.38953644804824666,-0.14699515659839488,1.013904973762354,0.3175523559646181,0.08722862371690712,-0.06526094523892693,0.27721776221747796,-0.2871185693612435,-1.238689300119734,0.6584588817598582,-1.168929651591134,-0.2605042262963906,-1.1474106916190532,0.04971387260948354,0.610441932119533,-0.9817244947643525,0.7807251286849443,0.23653496960209908,-1.1972018277893208,0.013805792996337437,0.8505771436201208,0.835297639336741,-2.849111297680897,1.1244039306324176,-4.706850808764786,4.462321137104188,9.047073975350889,14.459780879022789,26.64457944826264,-48.80469404739089,20.663826117608217,-6.005211088589965,8.200567615296684,-7.979945943599997,-8.04811534579845,-5.356594870046693,1.9643210658189252,-7.791857596224801,0.0
2.1881703897545655,0.7032168887624162,0.7686962162045239,0.9517637444438035,0.048259473157587836,0.010764224279027759,-0.30282161331142426,-0.3704708735983285,-0.04185643428784473,-0.043657428677851294,0.8421096621774004,-0.554243924042182,-0.06498667771848085,-0.2665573660291433,-0.016909052647732428,0.059555424674436336,0.6311270550117736,-0.4130751916278628,-0.15197197755571404,1.031280615651159,0.3184572831546929,0.02943786896124042,-0.10401822326253593,0.13682661063424684,-0.15821906366286473,-0.5189905674559178,1.1731304566487866,-0.24108643379056827,-2.8305249856037986,-0.5874789871538723,-0.6179627906210571,0.8277190952744378,-1.0713841926138379,0.5155319502639252,0.17988950725423436,-1.1941667727451126,-0.2953594110243644,0.18355146521686244,0.579535179205581,-4.146648491886038,-5.222503838487338,-3.747648972295891,11.998612848343676,-2.054879572517577,11.500279016094423,21.175838728987486,-9.502191302712486,5.077871825830833,10.529328926091052,4.09955070039544,-2.452044884031394,-15.531198898362055,3.623507010088664,-4.528873654793461,2.980389770590059,0.0
2.209162555718922,0.7094463707342534,0.7684474084583345,0.9512209469128685,0.046973899016039565,0.011183852547021107,-0.3047081955045241,-0.35921320394523987,-0.016088299662275814,-0.04525588944260682,0.7232048916857357,-0.5628388645704957,-0.0837582827881556,-0.2489335802919305,-0.04034470807432659,0.06401503569578397,0.6395999122162884,-0.43512823853435845,-0.14483184479492878,1.0508151534375094,0.31128076839939905,-0.0663289510139825,-0.2167723116728372,-0.06694167411434918,-0.15903682647285527,0.8102971885920685,1.3377805113092032,-0.11065168067149289,-6.593996408715858,-0.4815405210947911,-0.8542219965404696,0.8689777945970883,-1.1609096763535143,-0.0441416937985694,0.6185351268008716,-1.2151772686147835,0.4237745913141456,-0.5471417317952586,0.48628945520948774,-7.312520923337257,-12.492341678706225,-3.1326518046850262,8.799903885155407,-14.976090786280631,-0.23611810825392388,-15.831519519072373,55.08049424277971,-8.775688098557202,18.042474565020157,1.0606828594521485,-5.235526072428511,-60.306873219430734,11.698051415396332,-28.034472780691402,-12.164287666981362,0.0
2.230594283240178,0.71539097823182,0.7657771624183412,0.9500506734403718,0.043434925929395844,0.009702861864969624,-0.3089061015529363,-0.30971102312712706,0.01169374536865674,-0.0523370874854641,0.511172017560532,-0.5786055479249201,-0.08318606372818084,-0.23964413069885038,-0.06701703131980166,0.04884899974305573,0.6773712048192317,-0.45437476136108307,-0.11188375178292465,1.0633766205005817,0.3005732628022452,-0.1855251433970373,-0.35788752772459076,-0.3070839121802336,-0.3947996924404249,1.942481233021658,1.398686527896097,0.7559529868954965,-7.572345372995578,2.6600747728465794,-0.6909901269811562,0.20044614889417803,-1.3395102960158338,-1.0066473160097602,2.4710390980283656,-0.8448470295299167,1.7310984939465115,-2.0160345457633393,2.984157251507682,0.7762777833472392,11.276633777579525,6.69417951650294,38.16472407014023,-267.79345878348715,-53.462739236191084,349.9124283018765,1088.308093236545,857.6798207066295,-157.09810386684305,-15.824907349167859,-28.239024881770238,-11.050245530111974,13.748819078784614,31.627446031491548,-10.033236211621272,0.0
2.252319091250261,0.7216042742367856,0.7636894479254509,0.9491631191563438,0.04283635732662797,0.005803158269669745,-0.31180241031538297,-0.2832571558435673,0.007891614025200645,-0.026279055473419653,0.45372710815788775,-0.4437523600045161,-0.07801994115509674,-0.23580522202413076,-0.10222564953180076,0.032558272479112915,0.74281505803938,-0.4823272449975936,-0.07777446770826224,1.1079665668612177,0.29880623850505494,-0.029290027777382963,0.34733287511340394,-0.5165828539075187,-0.2617861944608444,1.401215357492328,-1.2483858633437288,0.9910924036132184,-1.1507197931643112,6.777258178207417,0.9061786631996861,0.46476839679167836,-1.8266797486769448,-0.4016858528589775,3.1174182687069734,-1.2499673444214623,1.4500968633738636,2.3281814870569324,-2.7254000840521,8.111789912578246,22.905086470403827,-14.550221850762654,-2.370223706921547,44.4472189849653,-84.72671514564969,-49.50594298642348,60.1836709817183,-117.85116581686003,50.1584837044043,43.5275362031586,13.526381243758921,53.90825707088843,-59.58713425294816,31.000114930083416,-32.64185504242865,0.0
2.273620267786757,0.727010016960302,0.7639194692482946,0.9482853188044114,0.044577483189076186,0.0019239434331662988,-0.3142675620776171,-0.25777489558437017,-0.023200665955001136,-0.0189350235818385,0.4379852729742337,-0.33208793520278207,-0.06384274851061236,-0.23746307897253263,-0.1256987881053701,0.03192048826417841,0.8255459964345164,-0.5222299418451025,-0.057328471018702365,1.0342387416221133,0.23591829936028488,0.04730270346275589,0.18322067945544682,-0.20006133581008162,-0.21486200631472374,1.321756079908234,-1.5660534363686123,0.04329272445372043,-0.8522958363254787,4.492203977763266,0.6744685570906107,-0.1904351449758122,-0.5784414955196687,0.1300858685252253,3.982092710531072,-1.8181754110235013,0.7969645618070287,-3.2835550981745003,-4.377020665438674,3.9652189368134674,-16.07416904803554,12.585215584725944,4.3472341754302954,10.661185040774258,14.144314687874878,-23.54817651433288,-23.549121455553202,-121.3050986512672,0.34358860378157846,6.279284596052854,68.91883008493203,5.747400852394844,-72.27182205861772,40.69921943807132,-19.29351848949888,0.0
2.293664462933207,0.7311504074449312,0.7650933579866387,0.9475334680976302,0.0450712254299787,0.0009211265990208718,-0.3164617875809115,-0.23524004972878232,-0.04859234629622108,-0.013377554727423732,0.4314206827579285,-0.29060500883218926,-0.05079963262700762,-0.2449615382859575,-0.13179445058684458,0.024466508561166948,0.9062817426596886,-0.5574519771458893,-0.03460596361650031,0.9809271455536825,0.17806841511095575,0.07033327698505569,-0.026293473704559728,-0.02206592621737636,-0.23309315422217405,1.120721514149826,-1.0198185393746484,0.38853256767700417,-0.29438700946301355,1.017857559728995,0.6412003115848942,-0.32037574832315924,0.022929934154876916,-0.655780342183784,3.5011325638907542,-1.4758201460501439,1.039650311522139,-2.1539233272729947,-3.4083533335758562,1.3430467810478692,-13.449027014456668,6.788668906642421,-0.2718228756891562,4.630447491442837,27.20372418558574,6.1954632885586065,-12.156771656615746,-73.33416692579215,-1.151874389685432,15.912597239130625,43.19199113139199,-21.712603894125632,-90.07990472810981,34.974067978351776,-19.67044707846743,0.0
2.3127998913941155,0.7342059902265555,0.7664491123582403,0.9465654074958179,0.043820853230372894,0.002085296137368864,-0.3195141838705413,-0.21547036969771627,-0.06436668766920996,-0.0045825974890301175,0.43085374831478696,-0.2924886837656233,-0.03657136889894448,-0.2520498136769953,-0.1209809740109047,0.012592306339474219,0.9627050798748208,-0.5973173648822893,-0.02687923165562918,0.9398577168377007,0.13181920173770498,0.06573977773342125,-0.25390989712050144,0.1151917365126354,-0.3907563163030777,0.9473435762588656,-0.6152216230739904,0.44321279608963887,-0.003708558644331018,-0.5168272156084731,0.7257743955837227,-0.33133327965091713,0.9341441269323568,-0.5782199681915723,2.0892791211726274,-1.8532619270081128,0.20391936893408918,-1.725256185983635,-2.2209070088570098,-0.3296489812424355,-11.07840269955758,6.482955196691115,-6.276992396142031,-2.949811830466031,17.221723448414927,-2.3735819277342567,-4.262549129110972,-24.357426824453906,-0.5025245580914109,3.690522493727476,39.773766245422685,-1.6593398823781051,-86.41452550261361,33.06574258090906,-6.664299570970956,0.0
2.3314339794288927,0.7364590182930136,0.7675861998816783,0.9451653738476824,0.04116414473721788,0.0045325304245652535,-0.3239558387116605,-0.19564723468601175,-0.07474368772894627,0.003507916751565923,0.429819315803486,-0.3072457535846856,-0.023231908738476182,-0.2584221084183067,-0.0999035074563274,-0.0046099947838847246,0.9908355602575989,-0.6243437713658203,-0.026439659650433985,0.9253676112089629,0.09859953422913384,0.047738777423191284,-0.37277208387612065,0.1436345974469124,-0.5452308262518577,1.0130524029406907,-0.4527319535449815,0.3729621378780557,-0.09738093395800207,-0.8205775302927557,0.6403058641065366,-0.32397809610288164,1.168737809722226,-0.9955952520539713,0.8838583167749975,-1.0693943145860731,-0.006078069164140103,-0.6804634018523229,-1.386823792830416,-1.1934739319794523,-4.878455671211095,2.3674167146784306,-7.464437810984594,0.6755847447197945,5.969096721094013,-3.506256560206682,-4.192380618291554,-4.257148581845462,-1.7001198747069513,-2.714396766842067,13.270424569230805,-8.059112904324362,-52.67843283132068,24.554581652800753,-0.3071297613060311,0.0
2.349981151650009,0.7381765481674608,0.7682393653306658,0.9433007881353691,0.0377629770906887,0.007280276785832869,-0.3297037734609091,-0.17280070508797823,-0.08634849708135856,0.004361085062557056,0.42335760395401356,-0.31547944656200094,-0.012127082458354001,-0.2649308934081051,-0.0769708467619191,-0.027034202327179332,0.9979744485629899,-0.6362684051075171,-0.028896343252349185,0.9272401171675934,0.0777914522839232,0.017406799761904155,-0.41752106680351864,0.12696403054093486,-0.6816154372682025,1.1756549911873337,-0.650928559896533,-0.1312689063689696,-0.36343002901048693,-0.35377306909947026,0.5568385109988434,-0.38306229105443446,1.157213343258702,-1.1166837033830983,0.06637132855416164,-0.422772139469624,-0.11542170694211512,-0.09210234469221464,-0.7417021959227831,-1.9409744768638364,-1.575616960875008,0.8605873789298821,-7.787109052015275,0.20787894701054443,-5.678602619008096,-12.835538805043898,1.8803300064122455,-5.752825020147591,7.847498338193699,-10.10992657719069,2.794180147716033,7.744941084336858,-22.38640301072268,10.733691924513272,3.3429612551189622,0.0
2.3686636061719724,0.7394746172509071,0.7681832815074782,0.9410131489526091,0.0337339452707818,0.00980736701875755,-0.33654136445156824,-0.14559295883058038,-0.1036470057296691,-0.00769195030538569,0.4112919651474525,-0.31454019191834365,0.004282517552138073,-0.2728996831576855,-0.05493836454527153,-0.049777719283614665,0.9934374055000729,-0.6387743383379675,-0.03354617709284999,0.9356278219319225,0.05475777990858689,-0.0211360990586871,-0.4791785062722258,0.06205645315687199,-0.778743117225852,1.4315330613154604,-0.8697745112611751,-0.6070689029374127,-0.5719252884410908,-0.5275248224856437,1.6927449385555775,-0.4676227563251128,1.0995166654851016,-1.0618931159538076,-0.3459490270907137,-0.031704438007291405,-0.21132686667456105,-0.25243771677810506,-1.203297862779832,-1.6853691777720479,-2.715275821586685,-0.5276667756387359,-3.3413065268131383,0.8565330412400303,21.76792801454291,47.943187508525504,22.883865675178008,-156.55388204489236,152.53793544624338,-10.750294636275834,0.7707432475511002,12.74666001602694,-7.398903927263676,4.474415941527589,5.178943031128324,0.0
2.3873856449692887,0.7402803581532587,0.7677551031333565,0.9388178039512022,0.029434005457598722,0.012025639130657005,-0.3429433689553775,-0.11683403517935222,-0.11700274241208486,-0.012557320149539513,0.40083539062582035,-0.3347537301816921,0.035193895176849975,-0.2830850381736589,-0.03510776185628324,-0.06958411526357625,0.9836919766104635,-0.6316162633973956,-0.03960932004204409,0.936888810586258,0.030771558674495048,-0.025067455275550914,-0.44887378999125993,0.03757816875095536,-0.6035847665112127,1.4286387812196935,-0.5655497933751108,-0.06921305643595499,-0.5158814513043974,-1.0716578669549808,1.1758612281941372,-0.5761097771699042,0.9036028712572547,-0.8759301096374129,-0.486289369157361,0.38754967609538676,-0.268882004948388,0.11787974583879017,-0.9258343868786546,-0.8958913025531905,1.4629985945581787,-0.35938731306306354,9.92748785038389,-0.2737256916858807,5.805829178185942,8.49941403762859,-2.9131445531195914,9.280003360080624,-32.46043338643935,-9.538149723311658,-8.738423918504605,16.34442809900376,7.679407849285111,-6.836886005485513,6.2537674993511745,0.0
2.4061153373784183,0.7406549496097615,0.7670851856125314,0.9370347887763246,0.025261673140067036,0.013960821896308583,-0.34804130206780565,-0.08687171707795405,-0.12682688212608478,-0.011834543433764796,0.38713222364145294,-0.35092694770891186,0.05591897167013774,-0.29858668471351446,-0.01524173468367186,-0.07937264339661283,0.9793283654303956,-0.6187048790328357,-0.04546365742255662,0.9364208560666589,0.00952725665491437,-0.04340196025182007,-0.45168614789912126,0.01818681410859581,-0.4688254680823273,1.5117474314843287,-0.4723409168025197,0.012669977794347677,-0.7167273921831143,-0.72899782039667,0.9102911428787815,-0.8988516767463282,1.0034240720355738,-0.2890459978946177,-0.0694616889576602,0.6185163607075768,-0.2564899601956938,0.02149217195368421,-0.9911645227863342,-1.3071556951235548,-1.1290651624723562,-0.6891450785580016,11.902280645436639,-1.2721697483675414,0.13580581937940966,-8.51077430031441,3.2146078796242397,0.8570279986341673,-12.571395801468986,-10.328458556756912,-3.754809243549322,13.25337456481602,9.501647693441392,-10.991464285142397,5.24242981460451,0.0
2.4248487632378732,0.7406756437586148,0.766046082975244,0.935508476192349,0.021118110337485136,0.015792259168163795,-0.35231877744226187,-0.054801650779290674,-0.13597846600254568,-0.010361854064838728,0.36848851122082077,-0.3620487326273266,0.07579330625581729,-0.3220380733380532,0.006677592976201981,-0.07892183907095572,0.985697762280899,-0.605470534025788,-0.04884126259275289,0.9367291277679836,-0.006688219072420568,-0.060688687168486126,-0.4484730689338585,0.0177388378460307,-0.40419694294603103,1.620538230042617,-0.4531895904055359,0.03358580149908202,-0.966257338656033,-0.5575002129657587,0.9387817297245694,-1.3108491056894764,1.0875947179454828,0.08830673145484622,0.44538674506976533,0.5898261495777704,-0.134228972745553,0.010271260309568691,-0.9072466703244244,-1.1249172122592952,-1.6983381923616652,-0.22196475665751278,10.558382247279205,-1.6947562455966938,0.3078467884843589,-9.540745123178773,4.7650587837703675,-7.233839093122818,-10.833262820011774,-9.304981037278628,-6.848628747378264,-5.293596053560985,0.918011894133421,-11.502644208427327,2.780795750057717,0.0
2.4435945946594897,0.74039794903206,0.7646940010707012,0.9341424227185628,0.01701972634715761,0.017688091318660625,-0.3560553249399118,-0.02061219482410709,-0.14495294158278899,-0.00885389400205496,0.3446731035744208,-0.3704067036839045,0.09670687250978453,-0.3524970728896374,0.030157388718111047,-0.0739034818164349,0.9978603220053109,-0.5921424184239846,-0.04975585148547067,0.9366648909812724,-0.020512395167335155,-0.07642156248351391,-0.4537906585037624,0.03489847639794788,-0.35297581965451524,1.7173154663689076,-0.4443186271770159,0.015754115222620116,-1.223627183707872,-0.4212870501608509,1.013494310493004,-1.6204360595293832,1.1640301266365967,0.1967556216092255,0.5810854795624508,0.598080617361302,-0.014868697060733823,-0.18602955226110318,-0.824905843205731,-1.447853662856129,-3.3513465887654625,0.7845969547210181,9.964402726438564,-1.1834759695902322,0.4114231508087715,-14.65010010152781,1.949444708676666,-4.204364580411745,9.598988799669236,-5.916310307613514,-5.225126967980466,-17.627813259703988,-12.67533446739385,-12.170509606114933,1.4560883656058392,0.0
2.462300042734627,0.7398447771442144,0.7629742819426069,0.9329941017071331,0.012733873956445792,0.019894187209879583,-0.35911568602474153,0.014487473091625278,-0.15333045840453152,-0.008623010184593018,0.31773060641735135,-0.3770068635375909,0.11768902672412059,-0.3865746869224575,0.05506380638063776,-0.0699019022858965,1.0050714083350383,-0.5748868983913686,-0.04998248678228705,0.9335329249720719,-0.03218696526527611,-0.09594762222172407,-0.4871366981371577,0.06627360545253295,-0.2817571590563435,1.698665895848461,-0.4026356865962925,-0.04304471695816635,-1.2666005398765847,-0.3757269949894346,0.8391612156905833,-1.7449007922795923,1.2271741789617328,0.08171822823037919,0.1720829630930154,0.8010352716214918,-0.009931866848592734,-0.194332562458112,-0.4196558955116173,-1.3065620854984386,-1.7763492290500893,1.8212483731401177,9.137966458965678,-10.837869760846836,1.3054051555662867,-9.07652971334973,18.71750820488205,-10.762306239466739,-31.001148254583757,-2.6507397609559673,-6.809245540874231,-18.438535780612334,-20.565402462756005,-16.247027084525815,0.12035894101181334,0.0
2.4809699436862207,0.7390969149643104,0.7609030610002697,0.932081089684957,0.008270333212901139,0.0224382819888954,-0.36145949612873557,0.047865644474448125,-0.1605951230136706,-0.00915175674531411,0.2931136366866345,-0.3842960364097479,0.12782796132626806,-0.4207417265322641,0.08018209601515965,-0.07037227695035483,0.9986685742589028,-0.5505434560874701,-0.053909525947509265,0.9330748742472155,-0.03933196044604005,-0.11475143000626414,-0.5094692304875049,0.08791830215152194,-0.22222454794502094,1.5926159813098002,-0.35154532095266217,-0.05689067252398187,-1.0973095504057984,-0.4371060875260541,0.23247495140644925,-1.7048768730085981,1.2173229392296583,-0.16192149251802956,-0.5480195923061894,1.1290790894563822,-0.19699259261121477,-0.04072719327626095,-0.06814761070865946,-1.605186589328801,-0.5237529926000699,1.4416789036096973,6.619579863458346,-11.18295600876162,-0.13400709881347467,-6.34565759853333,20.59223312940893,-12.43544334376326,-27.44879435648942,-1.0754932488857862,-8.840071896819465,-18.99075342503758,-13.348501033453259,-23.760109353116096,4.021954572117852,0.0
2.499668515275041,0.7382457561694472,0.7584261228144333,0.9312971267980829,0.003670735668343321,0.025127259417853848,-0.3633741985219068,0.07939876906219578,-0.16700565065327358,-0.00977766094256351,0.2720566822812054,-0.393010606479316,0.1262797680427461,-0.45269564642088433,0.10426371519497951,-0.07779315865608863,0.9772945967452525,-0.5189652539750012,-0.06362237939313209,0.9359715030944339,-0.04211433088133993,-0.137425367691002,-0.520232337902457,0.08827112244941678,-0.20210503084920156,1.5158154635795182,-0.323773203346033,-0.04543626423771629,-0.9269467193754876,-0.5092949557047618,-0.2746359358195618,-1.5746803420611204,1.1573211456182166,-0.5301836333723999,-1.2051701437117568,1.4412280611588608,-0.4582727174283613,0.12314884513079276,0.24285792225109018,-1.9113540554422426,0.8072751666576632,0.6497429580847086,3.034264623656357,-9.374534811441738,-2.41303670777137,-4.088507320529808,19.238459330137474,-11.670113127595542,-15.64661260069466,-1.3030679585718576,-7.437921312177334,-15.985863269566467,3.4783950924003344,-31.207830829286348,9.822963310173323,0.0
2.518543048133799,0.737430251861523,0.7555950726390125,0.9304557779337416,-0.0006698639262257086,0.027553967818182066,-0.3653660841532946,0.10890943528759538,-0.17386273748037165,-0.006303461801105024,0.2557500472930222,-0.4006121544021599,0.11770834108770781,-0.48126356211378973,0.1259385031134786,-0.09371048197911241,0.9460853295874395,-0.48320668318848764,-0.0789324050794947,0.9509186079414582,-0.03694492098472151,-0.1488526816865382,-0.4420940869316413,0.05773850753106882,-0.24244433134167895,1.3984962210435685,-0.4076772627942769,0.2647944148916738,-0.6334402164733126,-0.30954618859109295,-0.42427163652531497,-1.3758324801321569,1.017601856045292,-0.9258900714063244,-1.5455297523499492,1.5958587456762023,-0.6971562871785593,0.9231922728366806,0.5719403760793961,-1.0050702712419828,6.286350392145862,-1.4202258354491188,-1.3349041084622757,-10.69921700603949,-10.606010497557598,2.7173072062840253,25.54896190222248,6.352915982544153,6.672376699666968,2.2014704382298707,-7.36772283945154,-7.344413754755786,20.380495929951266,-35.561058352348276,15.36920110633861,0.0
2.537959025025821,0.7368151714132788,0.7528466389761933,0.9292459874480704,-0.003726703126716168,0.028918744603589175,-0.3683092623136428,0.1352488044817215,-0.18371123732197117,0.011446353077174601,0.2469272648343094,-0.4004449298755051,0.10376222486289823,-0.5045671599549416,0.14379397923158443,-0.1177201193653345,0.9111308924582456,-0.4473355766342536,-0.09737881783474531,0.9878838404637741,-0.024583801897081092,-0.1320314795517187,-0.21959419360519505,-0.011832224524555207,-0.39032617919727153,1.2304086841644868,-0.6369205677242351,1.072947704789535,-0.21426690725914177,0.2576637203820339,-0.667893415148968,-1.058850504035655,0.8310497907516132,-1.2753152451163265,-1.6219329083349323,1.5661478026162963,-0.8147813170321776,1.9982423407349343,0.696675280886074,0.3683612167660008,12.475729181341254,-3.6751533880954974,-6.883535423074216,-9.63937298711418,-19.958794542567446,0.1583490513337198,28.071009602227434,25.72546933524609,9.228018012248862,8.290385459520435,-3.458285403680841,2.9038143646916215,31.15643315271311,-36.02765777121606,18.499067113620555,0.0
2.5583036574088087,0.7365480607854051,0.7507624897423647,0.927339782486356,-0.0043179313095368325,0.028577701735423684,-0.37310266449180773,0.15621591593709397,-0.20030255064457497,0.04143430846701826,0.25060046696153176,-0.3873307168086088,0.07556502815946098,-0.520016468601961,0.1575052865037169,-0.14794959787181483,0.8726090160819542,-0.4142910567256764,-0.11525416023267383,1.043713501227896,-0.003923565343222328,-0.08602552345382129,0.1398021719128664,-0.0795366971608882,-0.6366678751958424,0.9422264381194891,-1.0784327611563373,1.5016267070756883,0.4450829474510527,1.1075770419072346,-1.398351949152339,-0.6215575615235333,0.6352433773282835,-1.502063932757375,-1.8161601298876733,1.410609699034956,-0.763433517182635,3.0855257338714583,0.9865162413939974,1.6854989682030141,19.14793924336765,-4.226512259612896,-14.199952834140205,-8.701183041441096,-30.91574908570857,-18.353446121720513,24.88683295368422,50.996139758560915,12.18100756147853,11.598779451318123,-0.09927404497158121,15.26807888951151,33.97117703106174,-34.498540841086935,18.096495417254236,0.0
2.5797479708149007,0.7369543160190613,0.7496900376769163,0.9246117907397035,-0.001004179433137757,0.02668819122298251,-0.37997337867017905,0.1639214377449002,-0.22794432034377227,0.0698153384096315,0.27882084640527,-0.3588519730625021,0.025991416399096932,-0.5264506124634795,0.16732142299106756,-0.1763788862098643,0.820277263495528,-0.3784560823240651,-0.13017539806977893,1.1035946596584838,0.039767656940388564,-0.03405304553782534,0.6333220469811711,-0.03493963251847459,-0.866149286955957,0.13771580153582047,-1.7356735233434883,1.219940912559288,1.7857484769650716,2.041744370608195,-2.420308556257606,-0.20541595042083907,0.4018597979001933,-1.194306722023066,-2.634509186090137,1.566533625231735,-0.6228625542801645,4.040624520105352,2.0645975203232547,1.8082562519783894,27.777364654869583,-1.3102749734091645,-19.037028959553453,-13.470790103894467,-43.457208674091724,-24.627913667251754,13.941612381249856,85.5574599968556,33.65154966233643,5.007452678898301,-8.122067808669735,34.96269577271276,37.5488400003013,-39.604878915556625,14.908154648637506,0.0
2.6025109485662057,0.7382978032880967,0.7494886353964657,0.9211638492319569,0.007325080350462828,0.022774881631609997,-0.38843894093240816,0.14987413986330017,-0.26945194446209636,0.09167066069534163,0.34417629523301635,-0.30911933374887157,-0.03947415992258625,-0.513535300493019,0.17647796416701095,-0.18073706431295583,0.7211899816756011,-0.3034719368493774,-0.14533734878343305,1.1786365598596114,0.09246601400202688,-0.009166646850265952,1.2448347322622002,-0.06598496808052264,-0.9984000891768875,-1.0314615997341634,-2.4820592055042026,1.0210651714672292,3.7288273722226193,3.2480010560933033,-3.2507244843123715,0.9888999858197997,0.29428899050624074,0.3880302216288113,-5.273023023358599,3.5699442443766904,-0.6693445201692229,5.141837418153679,2.8570986818261357,-1.0885300657554124,35.480040525458826,-5.396450100506573,-17.387108980110156,-13.604866583975387,-49.605850401069674,-3.3587627525498673,2.7709070348591016,101.71436898613756,17.781208522645937,14.23767049804542,-30.995255991090737,50.29489384207035,63.15554364687941,-81.30943501945517,13.581700852664829,0.0
2.6259092144788765,0.7404207412954713,0.7480371902264181,0.9201334727267927,0.018699374185008916,0.016950712483807417,-0.3907907357130077,0.10215970087414,-0.3246021183679757,0.07760234100727995,0.4756556133288613,-0.25019971324331436,-0.08496174541681611,-0.47570426101493424,0.18345651613954317,-0.12631862154715032,0.5781580192252332,-0.21503343606694186,-0.1544797159947861,1.185530647432994,0.11539518374607174,-0.1402500461649955,1.3651857119961759,-0.19176299807546845,0.20843470829274902,-2.6102074766167043,-2.8673201663998875,-0.8158052532264661,6.885378522009706,3.484052980110768,-2.1459227717038765,2.29375758182762,-0.019363907769209,3.938150222424064,-6.875338710593456,3.79186814674156,-0.39615302680707115,2.9298382488785264,0.8201393518243721,-8.347565993437012,10.998057695066356,-15.443546307256833,36.14821021935139,27.31900083609364,-2.1977349887513253,63.475712263020995,-63.93648446200654,80.08855459811895,-3.3730206174013273,22.694056908164708,-69.28140206654139,71.29543038675797,138.45408492754115,-103.4307461317648,3.070591534126554,0.0
2.647847937172222,0.7419373098945128,0.7464154085207386,0.923439744824585,0.025578196684248693,0.0116045688578128,-0.38271415901990397,0.03426811106528337,-0.3328846337331277,0.08477156300412261,0.6533957713577188,-0.32365619667884815,-0.05360782000849103,-0.4430185413484217,0.1731480287918896,-0.07292562807575222,0.5232463545316086,-0.10539143889131214,-0.20668071873343347,1.0142336441110933,0.03432161765863208,0.04500368463736865,0.2101615737160892,-0.21143168191080378,1.0451729878861402,-3.3431112767084827,1.761187370383168,0.9268472165323897,7.882270124742535,-4.499510858013372,1.9666225778770996,0.8063866458703018,-0.9332271309350909,1.0076321763917169,0.5767046542605108,0.8050765697002957,-1.202461717567422,-8.020630027795502,-6.676499338297383,16.56997493162516,-71.94973444287004,-8.715855146584412,6.3455423821637424,56.14900872941034,230.48081665223327,1.1440676816209585,-233.88895914069948,62.235688652760246,-27.758204400240544,-17.068342161589754,-5.576410342351687,-150.31953639697434,175.04860660705347,-501.2996181929784,157.99808691736095,0.0
2.6669647065432676,0.7419748063568149,0.7492440981983555,0.925855987555752,0.022542965238531307,0.010349317062048054,-0.37706152901319356,-0.03247266384812802,-0.26939415136285333,0.10156567047733293,0.7771257537972108,-0.4109038932852273,-0.025446300822881043,-0.42816440740515227,0.1699137033664628,-0.04863981583179921,0.5479585242156442,-0.1424570752088743,-0.21522373404191789,0.9314356810409384,-0.027377917269373584,0.2095941348456608,-0.5259780045668887,-0.3076795786363462,0.3238849513301951,-3.057701344232276,3.966895974958167,0.32208235447039835,4.311431877288436,-3.7495301256324005,1.121318714672975,1.167681739283856,0.3135137188271986,1.3248355306629174,0.7673420853535685,-2.3998187713663577,-0.06783831478322433,-1.304097424918997,-3.0018202061288157,6.37400317790862,-23.594172538427294,-13.714449925561041,-27.470460045433033,40.32714730778162,62.26602041598616,-77.1996350031443,-219.22615943872373,76.13256787989384,-24.396495489842266,67.45159765719373,40.45705126634313,10.232597021827036,-95.44985714779706,20.68425845676311,25.565661680765217,0.0
2.6852923649885403,0.7417805895613565,0.7534387989666893,0.927040098073797,0.01666169539701523,0.00987336535250792,-0.37446169513908667,-0.10098602331178508,-0.1927491680378828,0.0861996508060848,0.8627309259333702,-0.482788642710838,-0.00264502631481933,-0.4041021657952249,0.17514554902141607,-0.023858551708104928,0.5591412807741661,-0.18822555759433013,-0.2125908209516616,0.9213776874088857,0.0020162822035158685,0.2108872255876956,-0.47880160102601926,-0.28928456393414725,0.1725555212617669,-3.3694761180819004,3.6677665449747723,-1.4244067400481468,3.4511474368019854,-3.034569356033653,1.0017003757054195,1.3642868792985496,0.160912909477342,1.2320780016191202,0.29863854428410136,-1.996634135668196,0.26547390695421036,1.6394348241030958,1.282873122585531,0.05790894852459566,10.202821278376456,-7.014546326590336,-16.581731135663414,25.862160787063196,-21.150991931818325,-51.41250247951991,-130.37136308415919,67.88787990798939,-18.344504461638717,23.373679715766137,-16.222008060660624,2.864009291106476,-29.192661229624076,39.78163951077252,14.732163787398946,0.0
2.70387777608039,0.7426315634030254,0.7571598576580068,0.9275414002078414,0.013173804774653769,0.009270063017905327,-0.37337309450451917,-0.17250441630180569,-0.12870159279248303,0.04829147652337569,0.9230912971519444,-0.5235857634137864,0.005669395277917193,-0.3797041075580905,0.16905531256919012,-0.004548247012461891,0.5650793838393295,-0.22110007948491087,-0.20257485762518462,0.9456313805090961,0.07163236270552548,0.16964977484211582,-0.13604271397475898,-0.15129277009967815,0.0006875962496724133,-3.497460836539333,2.868737256843737,-2.0020350573956516,2.2615214937182535,-1.5398482009905476,0.2613410460676441,1.1581856134533395,-0.6284200709275412,0.8984227441568134,0.3262299183253831,-1.3960700955974163,0.6685177330076749,2.400887482251298,2.9274413022611387,-1.538007038786412,19.574964535278134,0.31343810408658523,-17.374183700198216,23.469682671276022,-32.853323776810214,7.395419673902307,-101.66699683202769,38.57707668578041,-5.665813080844428,-4.112471554577798,-28.727055193607995,6.5671953559265495,7.302615844110431,20.11761518083152,15.613264678303182,0.0
2.723041036398587,0.744837379532999,0.7597803071024951,0.9271641897006846,0.013327801489952374,0.008642349556052436,-0.37431837363168363,-0.24308541399851452,-0.07782107694646674,0.01103129397269669,0.9574162529825753,-0.5475242849605904,-0.0039677682536771505,-0.3627947304826053,0.150453573429969,0.01237132246193393,0.5786495143851897,-0.24835240485813062,-0.1886612189201542,0.9747323965837884,0.13698649884286404,0.10583643827430536,0.18221491705573178,-0.017457149014127902,-0.21622488768134726,-3.396223888958036,2.3065663766766242,-1.6331084839560353,1.1083984306570702,-0.9767778526170462,-0.5288606702249562,0.6725270523919616,-1.1123747798308028,0.9277722408410074,0.9297917443838581,-1.42036753623427,0.7973343132076655,2.1838257966785375,2.561508522177815,-2.195283116631251,15.067269404755159,0.935655661440767,-14.528566704035383,24.584528210079746,-24.02605382035928,31.395843600303245,-72.23120613589596,19.789892122294084,9.85100977943284,-14.064392927832294,-13.398103018817007,19.273156174543686,27.76370411521343,-24.151826267686133,16.61707898391029,0.0
2.7427823131257743,0.7480556090927404,0.7612532637051949,0.9261669211971257,0.01581692661856851,0.007936133752380323,-0.3766983895554169,-0.30845557572692267,-0.03542053481050853,-0.01702596958850375,0.9701234365586714,-0.5633002291699616,-0.02878281551201805,-0.35388137433268246,0.12498517809523757,0.029105749603729286,0.6042718634205768,-0.282319842637344,-0.17727829189097694,1.0025157695372664,0.17607204832917414,0.052553763614935835,0.32110245362190104,0.02173295559150866,-0.2912449946459074,-3.066097750457195,1.9537134474354587,-1.189087354559985,0.23783928139883548,-0.6671199139715251,-1.1785749821043168,0.3803506827314413,-1.3576365607909655,0.874501933684495,1.408739150740433,-1.7559337041416572,0.5478786952141382,2.0961589848133584,1.4216976243070794,-1.9182216863280779,6.329188538288129,-2.99368455595793,-4.274299933123409,28.1952930016117,-20.39282653309471,23.778657427187852,-39.49799637333806,11.018120426185673,23.427447757909295,-0.12095755848354944,-8.352380220363752,7.267368660936235,6.553851596580745,-2.5339944819050517,2.665250615487535,0.0
2.7631323409112043,0.7518860720921413,0.761837927218102,0.9250952303538722,0.019131614126015828,0.00698460529322003,-0.3791886224642657,-0.3651341033719023,-0.0007897223651103001,-0.037777863543735475,0.9661516623681621,-0.5751798140566586,-0.06341339957049484,-0.34778698241294626,0.09585936413487804,0.04500964982759187,0.6345082820811998,-0.3184928825774729,-0.1712275888332927,1.0335083471633362,0.20149802255484386,0.013800286724888257,0.36198929724862716,0.016486246204202804,-0.2482235308670847,-2.601275558207007,1.5349951399785273,-0.8952088965414982,-0.4551019966721529,-0.5294861753943504,-1.5739265993912206,0.32626104556052915,-1.5210114571702873,0.7826506284874303,1.5007310225065753,-1.8101350228720283,0.2793921495532542,2.054030133549588,0.922652678942815,-1.4047738151858762,1.2427935273111477,-3.8082369361878543,1.83707579458167,28.723149272415842,-23.256890527747448,16.134121058625478,-19.39157057413814,6.976860072164563,32.34101572373731,7.719700780176815,-6.365981470934075,0.7231074417487688,-6.64341676500752,0.9871880404984489,3.2340222232295157,0.0
2.784187896917922,0.756164481061261,0.7617780977857831,0.9241903393686868,0.022632528147402558,0.005689183128075988,-0.38121859671661285,-0.40994302156488116,0.02383444844635347,-0.05390618176835413,0.9452857935492133,-0.5864545574369144,-0.10447728337859291,-0.3412065834400479,0.06399902577250328,0.06022321429359621,0.6645301556215433,-0.35485428316872764,-0.16848360221265912,1.0694338949378634,0.22265014946667486,-0.0157901029468364,0.3729886894171257,-0.008080627718630756,-0.18758650598513596,-1.9838472691348281,0.9974980423013572,-0.7004200644339775,-1.242225440899269,-0.5379547650372144,-1.8371814277778298,0.37968332732311666,-1.636651565366988,0.7533898855501114,1.4367494923159674,-1.811287695092018,0.12567909610301334,1.937777568261949,0.8457401930469117,-1.3101380602710442,-1.5019007955429553,-3.0092525461779327,3.3333587244237726,26.214018455300064,-24.848099271736874,13.510868045152924,-1.8668822829696863,5.158863693820938,38.268820543429136,9.095176841862024,-3.5756578038988693,-0.45983586946031424,-11.267125023785706,1.4607311404397891,2.622730594792546,0.0
2.8060367290672894,0.7607751402858696,0.7610333580719123,0.9234075104972975,0.026022453154573667,0.003789510893859466,-0.38291910515954425,-0.43679484583696326,0.03576957220707011,-0.069714106792796,0.8955477787675982,-0.5960162583612695,-0.14948620177295815,-0.33279732597106565,0.030200799958744737,0.07608909898237698,0.6936715876395521,-0.3916145475782607,-0.16367337785629407,1.107080459592766,0.23680655394693417,-0.05917139495411575,0.36180771690026875,-0.07508755043743304,-0.16258968667944365,-1.0211597336568579,0.3628219120743111,-0.7686849890540476,-2.7939425236402338,-0.4662929985987451,-1.9889796107644941,0.45965402317195064,-1.6944740307886235,0.7896882950785203,1.4332134642845673,-1.8501908994511853,0.2732652763916699,1.3648129524203447,0.6524228277277735,-2.671273705215054,-5.8424073276856925,-2.3871721228014238,2.591281691784251,21.966219433313345,-18.802251542599876,9.425996881742646,14.396305227178058,1.3608867461068614,42.54859300507953,5.251672273796539,2.3204607050171533,-2.8269859354276146,-5.9413575931153035,-0.1112906582825125,1.4543388661522578,0.0
2.8285714309176737,0.7653353200022033,0.759094141514943,0.9224801577181262,0.02840021705173785,0.0009831854835826112,-0.38499716834550873,-0.4297550773173151,0.034735850498221074,-0.09675652795399417,0.7714048949439298,-0.5920712646652768,-0.19996991372900183,-0.32248832079344875,-0.0038401222949534827,0.09106936952728495,0.7245838639171679,-0.42825630166618156,-0.14580709669864375,1.1285195420456686,0.22360702541317024,-0.1479762745914399,0.21049283418394535,-0.2027505081569358,-0.23061984562717305,0.8320730868391658,-0.1351103965280286,-1.5780482207767754,-7.021372655665298,0.19012990846955002,-2.215817288821576,0.5132654223477281,-1.5598802793550592,0.7198199458487704,1.6067152398878624,-1.916353073132346,0.922825295408839,-0.7376194264869388,-0.267852903893724,-6.877434580620412,-19.50410571925315,0.20064887464592338,1.1103638809923309,7.894535401208222,9.440059765567346,-2.39453824043072,44.55443037877581,-17.452090814410226,50.44874593542204,-2.323050720406804,23.47812568760865,-5.591407062788576,2.0857411812419615,-13.397795346666177,-9.861336118069747,0.0
2.8509605290238396,0.7689720174194472,0.7558522983066244,0.9209423828260134,0.028211906644349978,-0.0024720312580228864,-0.38866837393810877,-0.37803190588670205,0.03718895744270426,-0.11340809095231354,0.552361006087225,-0.5606062661139032,-0.2072408936296631,-0.31952536414649424,-0.03437120245255371,0.0732167312289226,0.7845248633230008,-0.4623970390431501,-0.09919881469313026,1.0843367732305935,0.1719093427054414,-0.12852684859586486,0.1332041822829672,-0.29094332984653287,-0.19743974793392954,1.3292851657677291,-0.2586635609493738,0.7068221655353394,-5.055827199466403,6.81101122590411,0.1254003763125649,0.06252545240020582,-1.4907533563515103,-1.9278391629611724,3.079215056796104,-1.2265519307623043,2.278474852280744,-4.0194327083863985,-0.7680628316899093,9.74816867663487,14.254700400467888,7.408180632138261,26.33049112097936,-164.23513209432366,-114.77188476111752,64.47051821291338,741.3914078111912,222.2963780653804,88.1980473880225,12.504888495992374,14.05744511999558,-47.15485268337015,-57.78161381364773,47.60581808077208,-38.90701871147554,0.0
2.871949184158854,0.7726654507607882,0.7551276881375132,0.9204247471827797,0.03172009308168248,-0.004742086318865186,-0.3896018905058701,-0.366837989764697,0.010322558194951753,-0.09924615495417406,0.5170015408097635,-0.4053197633976048,-0.18507827194738105,-0.3246992999884023,-0.07288935646917452,0.014432552676850438,0.8452939511758304,-0.514247931735625,-0.06373950073701584,1.0212074678078125,0.17609783288955944,0.04139415136055953,0.565968490155356,0.0478038596022182,-0.1509756693491858,0.51225810669311,-1.8581488850564007,0.5824428044181933,-0.8306246274509506,7.003700044172833,1.5824930305453744,-0.3188033396881764,-1.674302699980913,-2.8230906305527492,2.534923865711276,-2.5304630700160287,1.4584594009367433,-3.2338111008640493,-2.0927980083067004,8.257080461707318,11.083691698388124,10.96499623512198,-14.113728752386148,26.616045673419066,-27.475471415732713,-8.99771323378521,5.039931598144518,-139.65083983485073,27.960916821977907,2.018447110797157,67.32970527796192,66.22784933742146,-78.95657741861875,44.08199248213002,-30.22746078899163,0.0
2.8912313384009702,0.7755132599900196,0.756476172012588,0.9198663108847142,0.036357932182127385,-0.004889662080580619,-0.39051269130660043,-0.3584090199154688,-0.0232486100422845,-0.08921860490845142,0.5074277360076542,-0.2983077912481304,-0.15901929479369656,-0.3323854042805977,-0.0903383305253455,-0.04230278574001355,0.8980354050937113,-0.5541252958767553,-0.05706801361583742,0.9198855916480454,0.1100873638986331,0.08908234853972256,0.3062707838758502,0.24117652738436357,-0.1051815565342384,0.4823901633419013,-1.4417730321329387,0.47680259816034576,-0.5361428734061736,4.236845509867043,1.1419156726634387,-0.3061872318782181,-0.02123612831710689,-2.514769229067567,2.298711095751678,-1.5796572719793132,0.07835667800926625,-4.742230373808508,-3.6970271615299675,2.2901466368103534,-14.808944694101273,8.084475229741388,-1.4067828449377209,11.466525601705575,29.803075703604843,-1.6012284077769763,-21.125209310168344,-107.98221449256194,-15.861713698452608,14.234913969970945,103.17152855370608,50.95493654887278,-61.2660104357981,40.16135792810004,-9.852100862015034,0.0
2.909177367947608,0.7773742037595291,0.7589932251618794,0.9188487989604637,0.041212519315251855,-0.0035526169412227935,-0.3924357167912635,-0.35134741641176825,-0.0370156187354823,-0.05121760454448376,0.5078873779846994,-0.2857032504037447,-0.14379952370331223,-0.3313653986269842,-0.08856972676825184,-0.09117852863390505,0.9151724224020545,-0.5577680923382475,-0.05222607341773042,0.8827022756240152,0.08252237645684823,0.1480069237185079,0.48760384683252156,0.36009807485056555,-0.3244956956277276,0.4179618197211626,-0.307575603948377,2.6635155928107315,-0.07255684285613814,-0.7026351895004239,0.46029768789004155,0.223207692483647,0.2589156595816455,-2.1214065934303816,0.08611517534874875,0.12171982526213865,0.25547036409310064,-1.386520257097642,-0.80295531663679,1.7651668336418915,10.965983726273318,6.877171520086763,-9.951898523120786,13.4493433169708,21.582983752300958,52.107860202080616,-31.546588543563544,-77.77216698341303,-23.89933303637574,9.407800999695764,22.43725512366952,51.13922105696464,-56.73209344677651,3.2296750605373,-2.4351521619399934,0.0
2.9265985608820277,0.7790122929211704,0.7611422420677252,0.917471530064198,0.047320220892033076,-0.0014834150810606054,-0.3949741607954703,-0.3517188676757129,-0.037645136337117815,0.010780516299598888,0.5244081444304883,-0.3298756217375337,-0.13823375975187613,-0.3158588014298099,-0.07387879879720835,-0.10858875954226703,0.870547576398727,-0.5666543345720378,-0.09488244012436463,0.8665835450183539,0.09099239228240572,0.06358755091941179,0.5345826632748666,0.48078537167616053,-0.2768015236345529,-0.21279483882040956,-0.06878204283085305,3.1133551454979713,1.0844481589464543,-2.3734745529313623,0.052455384341528744,0.9080563797582479,0.8683147361931693,-0.004358766416410392,-3.0730598246149627,-0.6138654956919547,-2.2409910478904917,-0.16035915732072709,1.7220208287549832,-5.566476009737812,9.040499635289423,7.966624398076198,3.199429095632188,-14.323100479082319,-24.824717301676007,-25.086268453807243,6.821777637564032,30.49750481550109,-25.805274483018398,-6.724104229335948,-5.8086283366453815,78.37223985914319,-19.805497860182733,-4.702852355264607,37.92391296542651,0.0
2.9441478676903934,0.7813330362461821,0.7606904668027132,0.9168760494771194,0.05473560699093691,0.0011627644645766705,-0.39539976125607973,-0.3863371831953417,-0.051553857163556434,0.04549349489067075,0.6345777069337877,-0.38654139895473477,-0.10941701177996561,-0.27184516572888145,-0.046039992523298115,-0.059216055786649895,0.700241535181756,-0.6020063480711552,-0.13932765651404616,0.8952100361528066,0.15132339897558336,-0.0993015685728318,0.7304514600112316,0.5901269543177684,-0.14750287537674525,-2.1083485786085956,-1.1703470062323238,0.7695958989692935,6.556802816570842,-2.3059484970501214,1.4648535876891695,1.9614354069381652,1.2048695807504588,4.13017577605573,-8.50194660196785,-0.23770152211484685,-0.49429883154772525,-0.547922325707781,4.973620979078314,-3.9064234406311003,6.042177729554112,15.858148603151289,-35.18892302138514,1.385610155004785,-4.582710833568231,-50.343334021363866,-51.63590097524433,85.12973538488941,-28.555330715328736,-324.30010057860227,-34.75589440127939,191.81290825365357,947.2874512701911,1005.5714210402516,847.0221207744333,0.0
2.9620058516803223,0.7838413385459513,0.7590948119400822,0.9161221458374683,0.05917921319692197,0.004231591722544887,-0.39648471378230893,-0.42880768643357964,-0.06873163265727057,0.03057186164654951,0.7906417324582711,-0.4401113339823558,-0.05559716492359629,-0.25764576941179085,-0.03594645216780979,-0.00019291517117374542,0.6245463018979845,-0.4568711316672748,-0.12929012511032098,0.90397480107583,0.08544172396218906,-0.027075287930662967,-0.07800016079790704,0.26122193806637134,-0.2057080420723827,-1.4480118017822987,-0.2833285598049111,-1.237100498253729,7.060042387142723,-2.226489254269369,2.5298159463254515,0.2641132202868091,-0.16068519003154114,1.544281601262543,-0.5932605905457702,3.8559141594079582,1.2618980816612941,1.4112543276756766,-6.09841630560656,8.664279248828377,-45.166670908090666,-24.657495402184907,-9.158194268856425,109.89433343909421,88.5368246955581,-17.59729195411045,-170.9762486619309,59.91390893821323,-47.42115536833679,5.363000307715569,-44.22320980869754,-143.40328229713037,219.84760950111354,-599.6105457352709,65.62625664094547,0.0
2.980248279480359,0.7855213478130899,0.7590225421935589,0.9148428858697912,0.05840494044465873,0.007873879409934524,-0.39948636913933055,-0.45131871100056864,-0.06706109934115355,0.0035864707579616353,0.9046145735636758,-0.5094293167649155,-0.028997206378692048,-0.25922254322666727,-0.04499858550196615,0.020579918673108176,0.6416063185752932,-0.448260893727831,-0.09600026476374707,0.9208747994402207,0.07426148881454298,0.02004678417761891,-0.3060324537535262,0.2787234499650969,-0.4293943472798987,-0.7450848331049609,0.46655631702980566,-1.2625678625357444,4.221458075237205,-3.2995832601083372,0.9513032419046992,0.019573540671727223,-0.49811977245148303,0.8360140258119684,0.9794175800386913,-0.7960441237702458,1.7569830076793465,1.0576907987066209,-1.3395937201004722,2.5608355681595913,-9.983146103735558,-1.4457335664982351,-6.668171178423782,43.554278357941335,45.2004286235756,17.40702896023586,-172.51537842425287,55.31660098548074,-22.888894760769105,29.180153512065054,3.3293309881519697,-12.026713209471714,-40.20951272423723,-49.80749791934708,-3.6331781789586577,0.0
2.9992189135325202,0.7870507554226012,0.7595486123329159,0.9133987976307737,0.057295780355631445,0.010959608935856145,-0.40286439034998933,-0.45532789842720545,-0.05909257684268392,-0.019665711591046818,0.9438629429548828,-0.5661800113028554,-0.022282156049923313,-0.2537566248565029,-0.05924546144056759,0.035865931094490044,0.656482684065697,-0.470542799829623,-0.0681929671033572,0.9668395704992438,0.08038723014353011,0.02478786080025484,-0.15624718108042082,0.1925829118220388,-0.33220746126330186,0.053538590543209946,0.4093785321677732,-0.9879185711473082,0.6133176985114025,-2.4288084069250546,0.1640912639551432,0.4656172577106338,-0.8509069738778393,0.7103448299288817,0.4779490874323151,-1.1689079255568138,1.132150331220748,1.6980472384045355,0.6530444163701492,-0.7331149778082848,4.919021958369461,-1.1825129053569494,7.067216436639167,12.879127636800701,5.255860501208682,24.46241446839138,-109.1396230598836,44.67331454230648,-5.794367059582513,17.84217497420995,-12.951789521481713,-6.4393019288009405,-29.564892944183967,3.5392843436954537,-28.11037199424872,0.0
3.019044642154279,0.7883825815428172,0.7602066834698495,0.9123957993150685,0.0562146578047957,0.01208764623381308,-0.40525017760468957,-0.43580470594645115,-0.048103313585285426,-0.030294282902371968,0.892555692368744,-0.6010841816901363,-0.03187197856729016,-0.2371136073420218,-0.0771292048329763,0.04771882498571985,0.6598036116014417,-0.4919096441591446,-0.0678200713106506,1.0022666840356431,0.06412876385410292,0.019582458723030337,-0.16095299146168415,-0.01701721838559664,-0.16341840343602285,1.240207575503102,0.63118894369034,-0.2601180233850789,-3.77068477611552,-1.4701478318557073,-0.5228568398533084,1.0318990430411796,-0.9188299882268863,0.46208753856748697,-0.029098736493477138,-1.0027350883626223,-0.36569481493943257,0.5662195288185463,0.39275289610611813,-2.8311007508229302,-5.716790198790795,-2.9366035228537983,14.611462926942439,-5.453031107905427,6.075922371395776,21.81548647620934,-36.30160623994754,21.89714197449465,8.410743062960748,13.635827911243387,-1.4758953259192076,-17.329269679988933,-14.617205885300164,4.33569622896262,-17.589524702401427,0.0
3.039314973618635,0.7893544028082351,0.7598796445872701,0.9114331045031625,0.053507793045190696,0.011609117363633452,-0.40778896563442857,-0.38512088584901977,-0.03215693236459972,-0.03379025843161232,0.7389093067038371,-0.6314908956350889,-0.036335875866814166,-0.2169577010967539,-0.09392738731839516,0.05695645060696227,0.6667331681822188,-0.5072958701234027,-0.06898046121123247,1.0061665957498416,0.04599722870468565,-0.07194433512194447,-0.3612537779653664,-0.20859229407694635,-0.2592631387354682,2.7653051408577456,0.934661651612318,-0.26504063818338114,-8.494779066448581,-1.4793080370131013,-0.13463179844064546,0.8935803758307744,-0.6768482564306221,0.38272042666047695,0.679655841569798,-0.7452101452468918,0.010910908033549556,-1.8934918741826499,0.4625150469105883,-7.722247309499143,-21.555164548838135,0.9784423070019135,8.894824162612437,-32.39368214522344,14.63874538601986,-20.308352680328554,74.29879654362449,9.900014321635513,4.700278516034169,-17.131884059532002,23.344279295516323,-13.85855647837479,34.61288013939869,-7.4379846831292316,4.3149884449030935,0.0
3.059515458395462,0.790173957543189,0.7575938633129934,0.9095660103101672,0.04896253662756509,0.009853605524760537,-0.4125472692354178,-0.319012810850126,-0.013857687635070712,-0.02567754771933101,0.5620695213325513,-0.5817745319328448,-0.03875464685806918,-0.21592896421939778,-0.1142453325669617,0.04766269607525423,0.7325542001034601,-0.5162129401931007,-0.05436917086987459,1.0070163117669062,0.04965825130112697,-0.0946607295523277,-0.17171327602342873,-0.424263832646649,-0.39044094704825943,1.9554487263641425,0.29350016323362915,1.2835040911546691,-3.776687287840523,6.120480374913337,-0.4944434564134301,-0.17052078433990464,-1.2769766813207883,-0.7592310343961396,4.010842769405939,1.322316560633079,0.6199364921192889,0.5233943164187943,-0.32482994125237424,5.673967156178685,24.626640074790092,-10.74402259765508,19.174183217852526,-131.31234731391024,-105.41178986290058,19.53884105892392,498.4753732877047,92.53020196681197,74.06494651293858,21.554519114447995,-13.014344958539278,13.982590343570422,-4.889150008236482,221.6575851410651,-32.079849062760346,0.0
3.0795049403090187,0.7911763554181905,0.7571153444482097,0.9078437014388047,0.048232462792481855,0.006596361307218991,-0.41647320599093246,-0.2909895351252062,-0.02825972616543493,-0.0075872070527265145,0.5273010398442655,-0.452050248721808,-0.028872177845951565,-0.22556836881661188,-0.1351608779224462,0.05079234704128279,0.8257364754514642,-0.5487307432297811,-0.03906959249198937,0.9970383480409484,0.03201072204192448,0.03421957298069388,0.20067509926902602,-0.3358201278991579,-0.4459004149433908,1.416298702153012,-1.2563480191311165,0.5508186815510123,-1.1513597164205989,5.689650146032062,0.9418209600667482,-0.3856523773665595,-0.8015215853288343,0.626195503975972,4.197380533564203,-2.0181370630017907,0.6647901862801046,-0.2774962662849378,-3.0456885834104064,6.08519094416765,6.786463018843202,-1.5169056721834961,-4.5198006695060835,26.413021565206527,-35.952674407268894,-32.909155604875124,4.027954672470543,-131.1745037865202,26.480304427972793,27.713470460541267,31.225369190358848,30.896357851038974,-100.54119619029815,24.434339667483542,-15.652587490993707,0.0
3.0986715346933327,0.7913718718150854,0.7582161177632749,0.906115732390509,0.04815274000931012,0.004505191756422974,-0.42025622707015764,-0.2652309903383977,-0.054279905137900535,-0.0045088103337510175,0.509897035824219,-0.36793818940195594,-0.016267694086246166,-0.2396780424851066,-0.14581209500316575,0.053604347151051904,0.9167079952083204,-0.5821769899797977,-0.035096471602372746,0.9291259763146769,-0.017424362382776094,0.07490016158855048,-0.040914128012315566,-0.137100127669117,-0.36197080965706696,1.3095437129918404,-1.1956323281037675,-0.05560596443838748,-0.8902078747061775,3.2083020116868908,0.5360237159852878,-0.6903671953789963,-0.20495727189644988,-0.17585887273167042,4.078485529424871,-1.3219269229559611,0.05718181858447792,-3.1598188089920085,-3.4344636675115643,2.2761064663562873,-17.156873003334606,7.097470359578169,5.521434242397211,6.893196900136725,20.323296093619128,-16.511908884773902,-12.513688269330459,-97.24429243207902,-3.3336179357675655,16.036991107667664,42.51715345446014,-30.99176420803853,-93.8879204355097,35.14021150771887,-6.648153792380162,0.0
3.116784963968293,0.7904497255190508,0.7598124652984836,0.9042887174796088,0.04599650697869881,0.004246080582893204,-0.4244151359041359,-0.2390222186929494,-0.07232845757046465,-0.0028097412310701037,0.4984871959449536,-0.33914442783513077,-0.0032521777956774625,-0.2531388582769161,-0.14395285867420268,0.04315049452905291,0.986349617457487,-0.6140486516929826,-0.028421284811297583,0.8879466710582827,-0.07175548648233411,0.08440954444778485,-0.29550121923074363,-0.13577725422400683,-0.522108156937358,1.3780176494919711,-0.6623809386620592,0.15281738193999017,-0.5372515056562084,0.6579866212296542,0.6764524015445602,-0.5732291796056653,0.39534838178653736,-0.7237500845706155,2.718080346517768,-1.4401253119039361,0.34133200778236067,-1.9272527212733737,-2.8446699043184007,0.42470641837397943,-14.085047842965421,0.07400693854423215,-7.0531192089941435,8.353184975693186,25.743291491129604,4.027617430389402,-4.117105372226265,-55.839520168432955,-0.5839225065330611,13.882107869200711,37.1700251359612,-15.869412277255147,-96.25183503569524,27.576630934219754,-4.971580643617456,0.0
3.1342237508092134,0.7885088927660651,0.7615340654697111,0.9018560727820374,0.041614343895296606,0.005070340899689975,-0.4299978627987411,-0.21001370141650377,-0.08275379660345458,-0.001628297213525667,0.4876879070923198,-0.33843415566159946,0.011059376930025719,-0.26322348989776945,-0.13035229691278624,0.025092942759210708,1.0215959510181507,-0.6411951940119613,-0.02506162542505,0.85824396457697,-0.11560505514670433,0.08445342193159253,-0.5152017230706036,-0.12517013017117598,-0.6889230877079864,1.483132193236405,-0.39176997132652563,0.01697419882873858,-0.5532131558201168,-0.28871506109588446,0.7211104632204302,-0.4853741448024202,0.9349802084565115,-0.9695826010139417,1.0501316221894292,-1.1762768663242174,0.12369847916471212,-1.5469244690813784,-1.8294052363764897,-0.4739559943948609,-10.257121275489629,2.2485944131323548,-8.185100254027429,0.6649988567575551,14.479858043489923,-2.5870948839019507,-0.22581733681820043,-26.1157547948213,-0.8706839863535316,-1.7661686310940492,28.502764569762775,-2.294252784407131,-70.27263467678978,22.557766995191848,-1.937406804504653,0.0
3.1511792567417447,0.785895417010458,0.7631229171190191,0.899029800205381,0.03606094916854581,0.006849310021654537,-0.4363463225924593,-0.17988863761068175,-0.08864292678418598,-0.0010131603122025441,0.47551867525350866,-0.3493606374025979,0.023343784442363846,-0.2737611432911116,-0.11098793941356085,0.0025285888576263888,1.0323088406740906,-0.6506427960141652,-0.026016702491901064,0.8394562120457094,-0.1406829223456002,0.07106031323423304,-0.5968671287195664,-0.07697569302260553,-0.7139248965973413,1.5000036068867202,-0.2579394880413918,-0.007472315128676573,-0.6441635720686507,-0.62487990676267,0.6104530889965067,-0.5897002967641767,1.0231719232159808,-1.1540130147972982,0.21571090802195353,-0.25743888168163986,-0.059311876675488595,-1.0254117569752477,-0.856533293829735,-0.9641052149867443,-2.808471698015634,4.222750384891338,0.5002832287583852,-10.340437694477963,6.3181695690723725,4.937014241285225,20.138439697656167,-68.89924553708205,16.49727626955754,-9.73684371360408,6.344935621365643,3.4978140030150433,-28.597830263999455,9.863713767945798,2.14392278059331,0.0
3.167820465191131,0.7828397357750118,0.7643012646506673,0.8962521937195952,0.030190114414929914,0.009170288299761842,-0.442421143320394,-0.14975327955663628,-0.09221001459653635,0.000288741690113741,0.46209925681587627,-0.36361045200808556,0.03584179051500428,-0.2869032184339801,-0.09039742709241307,-0.0204562315191703,1.0325130943321699,-0.6468861733425143,-0.0319857346186383,0.8267984697629492,-0.16069284077847878,0.04394696535415017,-0.628527058780927,-0.054358331286481716,-0.6440896319941477,1.4931423008913831,-0.18796940030994902,-0.008048831364680313,-0.6955996063256386,-0.5926711901792874,0.5753474151686634,-0.7280302908889801,1.0468392226503793,-1.0764170643681368,-0.08739491541079061,0.2555519430615729,-0.2880260575817308,-0.6719044273114514,-0.6931170372460501,-1.6757455958246583,-0.7966089387304465,2.482630533584768,6.005722608756118,-10.790329391761693,2.8816906730892367,2.7044351308781707,21.39488894508204,-50.69148957483376,8.811104923295275,-9.030484144626925,1.1182450250396174,11.494917822370125,-8.010631556961265,-2.5280861827696075,6.448891100908189,0.0
3.1842573005789556,0.7793886824264826,0.764912209614976,0.8937106271055083,0.024214442200084046,0.01162693457702029,-0.4478390226185724,-0.11937334083696988,-0.09421860039788474,0.002922371810154186,0.4473340073648445,-0.3763543267157676,0.04840673818931385,-0.30302786051981995,-0.06826999894779706,-0.03868718470768002,1.0288858693609781,-0.6367342983558734,-0.038876883201650586,0.8184008741013213,-0.18034706675131504,0.016058454851327637,-0.630328572631004,-0.055722963921712894,-0.5578141105853098,1.5023439049422112,-0.08774344672202346,0.14114773248578963,-0.7098767669605464,-0.694183396271127,0.6386009790725288,-0.8744450995109664,1.120873216659711,-0.7885275443940881,-0.2102414011945135,0.489546974841377,-0.3002642107675841,-0.3317747727385571,-0.7367474916357328,-1.8724374971885196,0.3986610987978644,0.6841309187419,8.057105194925875,-4.444621300975326,-2.0417188259621586,-5.065577748198523,7.3275593513618,-7.2372426613352046,0.6416405455952674,-7.594472141088919,-1.3132849628072996,12.274743136549853,-0.3973000443243596,-9.588929835626967,6.8964019520767845,0.0
3.2005909258408365,0.7755967458425265,0.7649922572789323,0.8913663915278074,0.018473175724094792,0.014016528248258718,-0.4526899985301492,-0.08817483497520083,-0.09609203725985685,0.006724325611338719,0.4304920374035663,-0.3885969133136846,0.06208780228952666,-0.3228974300000714,-0.04448427074936112,-0.05009000999538459,1.02455208649749,-0.6235916589584263,-0.043901713822291674,0.8150688481344122,-0.19579436049042415,-0.009536681920961913,-0.5931388269623631,-0.04479234584385721,-0.5073481067329594,1.5528193225429523,-0.12172322364283064,0.16581581212472718,-0.8485647562082431,-0.6211036744954425,0.6819813104039482,-1.0798277043721127,1.188314601257699,-0.4691227703685198,-0.20385891369551398,0.6005508325505509,-0.20556721060068237,-0.17876698225698223,-0.5968655310571487,-1.773345974904497,1.6131027936505287,1.19057104296493,7.856181970059314,-4.46290801074041,-4.495184096113787,-6.723796352809757,5.9782541852135305,-5.185498790652245,-1.8051156459171525,-8.430296215752104,-4.5630156102026,5.517509328026907,2.091734607122856,-12.54247225550374,4.876190307153457,0.0
3.2169032313564503,0.7715295392232839,0.7646178009853618,0.889132232706506,0.013326648524374466,0.016335336958262864,-0.4571645545839156,-0.055663831709839705,-0.09926782783915276,0.010994216479905231,0.40971672103047746,-0.39883393524526783,0.07638220755872456,-0.3468285645958423,-0.020048312493935544,-0.056676736668812996,1.0202608910641136,-0.6081418877944514,-0.046643539959358236,0.8151395497918457,-0.20822917567913587,-0.030552671549289628,-0.5270380974880904,-0.014819431342440036,-0.4712850664539635,1.6175252333768362,-0.2022317546058553,0.18695948723907133,-1.0657518992304857,-0.5149992850182896,0.6847257301518087,-1.2780616209028135,1.1916247377956801,-0.30831597785198694,-0.20701022912538564,0.7008736184276314,-0.10500317487383341,-0.0975834520033119,-0.46796666679363763,-1.6369128323508342,2.438564440121884,1.9992678642962094,7.788260893689892,-5.12243065535923,-5.5378245956414025,-7.233627280988155,5.281473953604286,-5.06215828110969,-5.615835341021335,-7.444281272629198,-7.46714786272795,-3.8451517003692564,1.353501664001705,-14.76791471543049,2.752779855260162,0.0
3.2332423233589123,0.7672065111285293,0.7638660778405472,0.8869952148641728,0.008917138194565,0.018592663860391132,-0.4613179882738735,-0.021434838252089083,-0.10422865655870059,0.015416891375516785,0.3838082541450201,-0.40643321404142413,0.0903487501872124,-0.3736978856443369,0.004161348690013817,-0.062202367918087594,1.014286399298931,-0.5899671467694904,-0.04818077780773173,0.8165626079860552,-0.22072977580687103,-0.048812125802056114,-0.4605170429136327,0.015596086039507939,-0.43806934661615193,1.7028679095155563,-0.2913645693855569,0.18508034139918167,-1.3260906597868896,-0.3730779318022154,0.6398583096191958,-1.3989028151016745,1.180067152602706,-0.32546531992365474,-0.3194218404066488,0.8245752962723256,-0.05900457003614264,-0.16803744621372632,-0.37704591612652577,-1.651857718482744,2.1337049738124434,2.649883222421748,7.67063457149905,-6.792825402703538,-5.02509803946095,-8.100436112744278,7.037784839109221,-4.945270380246791,-8.963471493062556,-6.0200110294748646,-6.516341872035406,-10.042382662300811,0.8148752109497422,-17.42981203899552,1.7960055339658323,0.0
3.2496024870093287,0.7626139758989722,0.7627510310356679,0.8849982088902459,0.005102170865044506,0.020802197319798404,-0.4651015015028325,0.014522553822120638,-0.11074571153033941,0.019271722492645617,0.3530821781198381,-0.41127873867378145,0.10210174190925579,-0.40150286281075287,0.02838681226635934,-0.06986896742592516,1.0037288438717982,-0.5682278840179822,-0.05043656688444627,0.8168177895987302,-0.2337759375385477,-0.06754824833692856,-0.41285166525217554,0.038869996464394256,-0.3959064568291862,1.768658097527211,-0.3595944045277817,0.14155722837704207,-1.521079037732917,-0.2521345605502386,0.4546948988552618,-1.4157651487909821,1.1987534454263382,-0.47201836150150184,-0.574033421258823,0.9871702762079686,-0.10144242826195331,-0.2731345221717542,-0.2521059683393357,-1.7515056711930919,1.7124308180591588,2.9564216281653093,7.462937207614088,-10.09323319185999,-4.100659588202842,-9.446614569776552,13.572749159698816,-7.555822159999622,-17.345170629226335,-4.658575437061619,-3.9809485985008917,-11.921347720114847,2.539730869967789,-21.023409725295238,2.6992387147532497,0.0
3.265956837580913,0.7577651361665922,0.7612609236249979,0.8831670790248309,0.0017135831978278917,0.022987623106983757,-0.4684917751073798,0.05107160497512932,-0.11819097241773198,0.022215878549069937,0.320368856280387,-0.41464183259453324,0.10606211708357127,-0.4281719233091891,0.05330396570160791,-0.08170372801404449,0.9856889101511359,-0.5422626256682844,-0.05550660894959356,0.8165062535926819,-0.24527960126878812,-0.08701607436861464,-0.3754948732234104,0.0545945778473267,-0.3597299674433208,1.769431572060173,-0.3963382784630781,0.11029360905461025,-1.5548486799167314,-0.20721226360628575,-0.03619526361927563,-1.331768691058072,1.2507134310729464,-0.6907476957490162,-0.9534603693499685,1.1746486754564283,-0.23604386524028853,-0.24086254318959005,-0.03378959022254727,-1.8625899657101106,2.170888507378047,2.9256299959782086,6.076146195730616,-13.152809686479726,-3.544803606956029,-6.722537530425563,19.97378276969043,-10.784010792568242,-25.863889194230335,-3.80472280652104,-1.801302660512067,-10.389923265778615,7.7874081473217185,-25.461452107166718,5.564001807967124,0.0
3.282313951847057,0.7527192091841042,0.7593688751238592,0.8813809810051341,-0.0013002624794044213,0.025082775796672598,-0.47173798871645517,0.0871313808144382,-0.12613707125296825,0.025117762849026743,0.2884270580276778,-0.41797001717091226,0.09702326291606958,-0.45208928945193283,0.07947325540088764,-0.09904708876777069,0.959162231156242,-0.51243860236003,-0.06503242065839228,0.817189747126869,-0.2530138644555999,-0.10877185636542837,-0.334346360656717,0.06138232783466946,-0.36811760145987177,1.733321289287863,-0.4227947561610371,0.13219485073148396,-1.4822760942356237,-0.23093836370292173,-0.7116687591679253,-1.1801618511155259,1.3338183856005925,-0.9696633561484456,-1.3353730923734475,1.33648980248473,-0.4389363421126977,-0.16929691448917208,0.2554695144149327,-2.1160105982544115,2.924948373204318,2.7913265614455374,2.928299344529767,-13.857797323563968,-4.472999578597883,-4.008880792004486,21.96564628898331,-12.607208242408142,-21.266676705453584,-4.190960294527438,1.2376781952426579,-7.964889828639304,17.207883650516962,-29.651108805186606,9.977204865473063,0.0
3.2987434104541458,0.7476120850467105,0.7570699191639308,0.8793174386351841,-0.0036964078188155246,0.026890808983040315,-0.4754619470299749,0.12163845862467614,-0.13517887296425565,0.03071197336652639,0.2596139599856088,-0.4209102296952956,0.07432665401639074,-0.4726048162156696,0.10677100584598458,-0.12339183103257569,0.9262836856808924,-0.48086468995777043,-0.07992281871126072,0.8248895753817036,-0.25222440585061806,-0.12581813476446624,-0.23109049589093086,0.06191292626178581,-0.46672458168173403,1.6203471629691923,-0.5286512133292478,0.34529100488764075,-1.2533369940773955,-0.10803549774999147,-1.1874968008837592,-1.0005629679066723,1.3778258824116132,-1.3197027787477587,-1.576390998470967,1.3924233300081386,-0.676067361790397,0.4602948841029505,0.6493896736958262,-1.466247195999231,7.8041101523590966,1.969911178170661,-3.001137417829858,-18.169885992903417,-13.05034931565453,-1.4072828991937136,31.878713592314078,3.979218885452514,12.733835564819886,-2.9012484732468486,0.31174822130555313,-3.5049316460946938,26.446682522827892,-31.657251828365094,15.313146201175082,0.0
3.3156063429532594,0.742714341183968,0.7548827994945738,0.8767436082004109,-0.004144492609651918,0.027599762638333525,-0.4801476041417278,0.14863268409613026,-0.1496694735093975,0.044449365640058185,0.24503193523236322,-0.4148297160742506,0.04917873056422648,-0.48809962279975494,0.13124806874861325,-0.1540280238615418,0.8864489116035849,-0.4505430083107556,-0.09928938714116292,0.860328965997846,-0.23755556246506343,-0.10108524009983451,0.09600257213385086,0.040020799413508897,-0.6050303133579018,1.1452137053586533,-0.9435226220704727,0.7947793646737611,-0.32452148759219823,0.5976065565199061,-1.1660186782582866,-0.6923674687702631,1.131971508255042,-1.529579144798111,-1.9278244617865088,1.2997377138715367,-0.8635648041064043,2.0927482383457647,0.8353724348642719,0.5917608577154385,18.56144535108743,-1.4002592035650805,-8.714485505191618,-20.20480158515735,-27.451028681847024,1.2236973109971876,41.306115094610135,29.627720827259786,12.817252763143959,3.1351550839643747,-7.58070926375819,12.595632031824527,32.01514474801095,-32.15352349565204,19.517681341820698,0.0
3.33335795725546,0.7383631770186899,0.7534593624520229,0.873579663089009,-0.0007453415537693346,0.026386922420567727,-0.48596475903961656,0.15945281894408336,-0.17547116574677854,0.06160754491309382,0.2602162098800298,-0.3949844038450264,0.0195003023247235,-0.4968058281649531,0.14953408902700852,-0.181229571107772,0.8311085081437567,-0.4172598235714887,-0.11875286803347308,0.917032188431004,-0.2030545735467476,-0.053449030245003575,0.62454856236636,0.06733743272687054,-0.7438330370800544,0.24998096877509107,-1.6403356413412473,0.8761366973881168,1.2629602593172973,1.474009692727047,-1.3863885030407004,-0.35901202109235886,0.7340244386409511,-1.0972394258196125,-2.7897787364482185,1.452266970616989,-0.8409902399657703,3.7016357496683403,1.3972317114654462,1.5249288390761615,29.321650649195558,-1.9480313497035042,-13.19016640032514,-18.55014721757172,-41.15079123742792,1.0475683642552331,30.984291816970636,59.51312098045698,14.445520181926229,0.23745506784336357,-19.858517931701044,35.94985895552915,39.1785344267268,-37.49870628937458,18.907351261671973,0.0
3.3524238492379195,0.7346335957253487,0.7528388391700684,0.8698840157002012,0.007406198715938919,0.022195619736150304,-0.4927010269061754,0.15121625284733337,-0.21527844724868864,0.0803351991735936,0.31083136708999926,-0.3586375493019773,-0.018005931977580596,-0.49056142709872114,0.1625412847376598,-0.18733082422211297,0.7386402397686472,-0.353292141345296,-0.1330979785397614,0.9927829072300383,-0.17283036566224186,-0.02788953727688147,1.2288980358280424,-0.004979179059519544,-0.815712064038641,-0.6618871619461377,-2.3692737989807875,1.0044436015180431,2.975723241841569,2.36126794273051,-1.8721592962935,0.5621536939034013,0.4068352324246896,0.19426511264036325,-4.782819865737542,3.0271468691304664,-0.5905901915729728,4.886410646993949,1.4145392297332409,-0.5999984778219332,34.19349471640021,-6.642298327232161,-11.916972430528052,-8.66278976321614,-45.247745348234936,8.583457984668476,10.830829724186795,72.65636387716275,7.793371288566093,7.938957444865895,-37.132358785964534,42.928546575317945,65.48899578452637,-68.95333157728977,13.05310449209826,0.0
3.372754945609241,0.7310554849439622,0.7517968561003021,0.8671619319940779,0.018351660159062044,0.014149391290215864,-0.497486879219765,0.12739202297137409,-0.26654850841676175,0.0889823308235439,0.39650981817089115,-0.3092509204068828,-0.052802826741795046,-0.4559967675131727,0.17178668458070948,-0.1560590349762926,0.5976779473159889,-0.26721339632460356,-0.13851710946605472,1.048955266406089,-0.17957528765261724,-0.09024090119935013,1.5345574159652402,-0.29427430433959983,-0.3900632023013668,-1.2339651996185756,-2.783973362200189,0.4029620843487953,4.514359876700763,2.8357716449743204,-1.6561697634944383,2.1831631801443865,0.1520009710140138,2.2380856766326094,-6.948698279421551,3.7957803315169514,-0.18926326520142062,4.1754598037898685,0.14752159862957281,-5.244860160300016,21.347443668161688,-15.424526275547798,6.754447200634109,19.380306385480814,-25.36596288401648,23.114992861512224,-27.13331080065723,53.75930213853178,4.292463319973837,17.05641728074182,-55.454650300667424,37.59622930521973,129.38287854483957,-99.46245012739207,2.7918397786985594,0.0
3.3925045611100964,0.7273558690100035,0.7497376142954187,0.8692884922119226,0.027671919310707976,0.005158221693743507,-0.49350296345467026,0.08274942677404008,-0.29430087782104974,0.09461492214473508,0.5396888748043078,-0.3359054690987637,-0.027622257787557242,-0.41598518235825205,0.17283718885905974,-0.08425461126101441,0.503656554436909,-0.13936329495588323,-0.1754296931770836,0.9221063783289049,-0.18988054868936927,-0.0418882583933202,0.8319644586895679,-0.2836575693322553,0.7923458195910938,-2.3790503517406565,0.1262389182131315,0.5527248020379173,6.782406210659086,-1.7398732595576107,1.579034711697715,0.9977455638167605,-0.6278912360324417,2.3191410108210397,-0.7429172399453898,4.952402570748784,-1.8126201044552628,-9.597649749205084,-0.5380661562645233,14.253862469069466,-67.24477231763626,8.67848140610932,4.583669015306263,10.796362238577437,202.57172030132656,36.20733708131738,-168.46083329513476,38.77425756402315,-23.677485122786862,-139.92922751508075,-95.89366082449493,-276.82741625764186,477.61282900173467,-928.0996541153892,-26.832166551945285,0.0
3.408910711671704,0.7230983708061248,0.7515354323641495,0.8716890764602004,0.02762907109624969,0.002524427829791606,-0.48927335475626865,0.030752992634011475,-0.2506425006357853,0.11885476458386202,0.6591815205020807,-0.4099726814882515,-0.005395615581450308,-0.4024761594478113,0.17124980947945617,-0.050582951681954966,0.5195868011123334,-0.14267499556533475,-0.20025352470986219,0.7650931652332078,-0.2448637075113877,0.18339718742080582,-0.3500337303423977,-0.27393030371232435,0.3149390929650937,-2.3874220805862634,3.336404292096025,0.8907546943830673,4.471881885182156,-3.6088475871607124,0.8814564294351501,1.1088689522039537,0.30896179781619254,1.281816801134218,0.42952938021244746,-1.5567188390455393,-0.7812065921062247,-4.313477789292473,-3.8321532578280704,8.776323596988032,-42.00449423727863,-10.994607016108679,-15.208453425703167,38.09431684419654,90.23237928507302,-80.8218914066188,-195.45652857852014,61.337614983107564,-19.235278739175378,77.4663913056806,38.62388340352019,-30.587710647838065,-111.96338663932913,-16.94023145397932,45.12984035710671,0.0
3.4237157764435415,0.7183622183567901,0.7558680787792772,0.8724066521151773,0.02218805581578505,0.0025738524126787564,-0.4882701084523416,-0.023754869084083346,-0.1814988287383955,0.11856446653298759,0.7463896096093506,-0.4806198121099699,0.008836119667627105,-0.3764832366656758,0.18511360307231992,-0.017802786597715562,0.52065056801909,-0.17895700274291795,-0.21081702616534723,0.7374889765443425,-0.23442191939300444,0.239873483667681,-0.5088544122976637,-0.3031957762066547,-0.06311625573933184,-2.6703967569356695,3.4021848116194806,-0.673339504131429,3.480942024950317,-2.9953709377980426,0.5972587425361947,1.5858525917180788,0.8456924366392412,1.8744320346211523,-0.4014858864384838,-1.6084836555123636,-0.31743178017365764,0.8245668903636637,0.2227841981263268,2.095254559266402,2.4709345433838594,-7.791913109803623,-21.417067723971602,22.64643302980949,-16.12174681954959,-61.89582962230741,-133.1417376786131,66.6395291588578,-11.068126911985653,35.74166698566857,4.3417690307375905,21.771008674909663,-52.0806782900905,42.41742620387273,23.700991763306572,0.0
3.4386699018965707,0.7144944597780265,0.7602185126333603,0.8721544746858286,0.018345054744457582,0.0024602931207914694,-0.4888803311748886,-0.08666638787236404,-0.12518501555704648,0.08926525174264786,0.8192475520997634,-0.5253110795528311,0.017259735279842876,-0.34802996323904173,0.19501886760232345,0.018414338714081026,0.5124926860160289,-0.19969445305935682,-0.21108678334998385,0.7684103795127872,-0.16804446314031238,0.2014952230530078,-0.14395842931387176,-0.17608272745216375,-0.13974121892127797,-3.1739456883667008,2.387054949718199,-1.7249568173871368,3.0418838552516725,-1.727104278257992,0.35045272230026353,1.3731239469381742,0.18089144586042116,1.811981548194273,-0.39752682369935505,-0.5461907133188701,0.17876599944490776,2.987725633912951,2.3756486796473655,-1.519994297315848,22.371955664712853,-1.104217062270392,-12.933422567699735,17.227148742007437,-42.02648668209368,-1.2195629198761964,-103.76666789393036,44.686660894856736,-5.672827804233157,-3.719467855485297,-38.63092386856216,-1.1796793035920445,11.00623823933032,32.10333687263415,22.026642419242766,0.0
3.454296448837464,0.71196352723049,0.7637178222445835,0.8712756515423931,0.01828636732679322,0.0020972591683934253,-0.49044872239954795,-0.15474802344428937,-0.08412493515453155,0.05506874658881869,0.8717695253851693,-0.5480817457202268,0.018169230964387533,-0.32951143436696795,0.18819519626098935,0.0457402876540376,0.5164064303039806,-0.22451920840753908,-0.20101892292709578,0.7996737432496657,-0.10228890547457531,0.1573558389705338,0.15376832774925295,0.0145496966023409,-0.24848937953445135,-3.3487206578763207,1.8192442157442617,-1.5206753330671692,1.9290770940904998,-0.8533977089405708,-0.00410213442735823,0.7425375274757857,-0.7197237187703195,1.1211903636425489,0.4094674532821773,-1.2297404358554986,0.6632401246425224,2.5188719141293383,2.070521308097237,-1.697900213018399,15.91477018531439,1.5609997520650805,-9.972543497992557,20.498205938083835,-23.686105950156037,31.13450387583737,-92.61375266231921,20.818472771149413,-0.6401280814701324,-10.355775716505521,-37.92787863566601,-18.578696576472062,11.676162984030467,25.868894351532006,12.025113831019448,0.0
3.470555886943638,0.7104396355377628,0.7662156111381507,0.8698400745579928,0.020781092512464773,0.0016840841786660795,-0.49289304595156724,-0.22257469505474228,-0.050920734391189285,0.02970470207761196,0.9048497386399004,-0.5613595923750319,0.008580212146765614,-0.3209315031883562,0.1662537674978227,0.059752282655497584,0.5331738987638387,-0.2555978577008475,-0.18719000334889116,0.8307862300415708,-0.06333230452160495,0.1028626705448673,0.31851986461422305,0.08137874989148813,-0.33781523869108415,-3.2315257549990895,1.5199791096790396,-1.0131458828392508,1.1806203017354064,-0.5400841683793458,-0.48620334976170254,0.34076643501650833,-1.3650917587092026,0.4751235148094048,0.9605161130652519,-1.3880380972445074,0.7084475275095515,2.427753658689773,0.8603753212593652,-2.141167858934082,8.899339893338869,-3.980729563900163,-8.131633272461016,29.855466223888413,-16.890873482532808,29.727283497006276,-62.976791750254,10.554286368952967,9.280433002312362,-0.0002496289054061407,-26.023195526918695,-15.930182130668227,3.019859936384279,34.7250504150214,3.2495250792190133,0.0
3.487501487716043,0.7094534506773474,0.7676793537752521,0.8679377299581666,0.02433463017202562,0.000865831220969254,-0.4960757734719092,-0.28557539491419476,-0.023548597836914223,0.013232497223605841,0.9255984210407683,-0.5691505148386421,-0.009925516717709085,-0.3161960604613073,0.132587765560108,0.0610927578138077,0.5540020700926339,-0.2781749620090533,-0.17614170277001578,0.865739060754056,-0.04477930122469815,0.05249518324107082,0.3870634022854748,0.0659980173964216,-0.42547172455661275,-2.9271260451813585,1.2322792336479245,-0.6452985988349111,0.743193579777172,-0.3149130531391988,-0.8654561771460232,0.26274391658524,-1.8585434636466542,-0.061767208169272746,1.0148732626310757,-0.8959385768488846,0.7192732936883647,2.376394546395559,0.03201244296489261,-2.0515506677814455,3.8147062084596683,-6.6280627872791325,-8.725958238069557,34.797651629991385,-16.40631535700457,19.9455091341679,-40.41284308845291,5.351123941579841,17.172621363851366,9.611419109557655,-13.991174030990368,-2.8111124681811166,-7.595068103440686,27.117795322736136,25.638304394847218,0.0
3.5051211475016135,0.7087234430101331,0.7681825984182826,0.8655706399080616,0.027961749763973042,-0.00020842246824792952,-0.5000055644083987,-0.34177468522613696,-0.002116214771505228,0.0010558023262004549,0.9404364895129433,-0.5757158830119806,-0.033847845343369674,-0.31234244499390695,0.09054606074801734,0.052381281861673006,0.5748813464316729,-0.29175082247985806,-0.16588019889679628,0.8938362083451221,-0.03723563752964834,0.007688208578784404,0.3510396398628109,0.05071102035327048,-0.5166193035401965,-2.5796578136755706,0.9826946519644407,-0.5276786650212655,0.5759681453262947,-0.29775504030807554,-1.0804533026070617,0.20398642251108282,-2.039347974410543,-0.3022724097061624,1.077709963314555,-0.8310917882287376,0.7460845883444333,0.4462497880672237,-0.9759129147799862,-1.1229454579797875,-8.208179883127187,-4.646445546077694,-7.705804857140833,32.39609472119613,1.8790498562626592,10.887650497631912,-25.83461163480396,4.40694817513002,21.764463006586592,-0.7566167207684256,66.80499129484649,103.54783781374105,37.17506370876201,-185.02881873267552,139.41567786407174,0.0
3.522984694485394,0.7079213274853454,0.7681219812308842,0.8631793985157539,0.03028159691440272,-0.0006459805093966032,-0.5039880291985878,-0.3905140192591606,0.01614735262031511,-0.012501701765145137,0.9517465796218888,-0.584267987608755,-0.059055965788350435,-0.30926455030639816,0.057122670255514166,0.05295387612184978,0.5997705438438603,-0.327418252707047,-0.14772470387591852,0.897340983648108,-0.046472727275709315,-0.008043740622822758,0.13992392385209454,0.049525934242393696,-0.43126845287607357,-2.213460304210782,0.8543854798613991,-0.7262738411501753,0.4215578206559782,-0.40879893844667453,-1.1054011800346963,0.23637760290178858,-1.4083778591846525,0.25611828438212864,1.1204407096024436,-1.8308577068599394,0.7518654692965232,0.8663248076705647,-0.9094596963264346,-0.36741254872086015,-8.733458874422503,-3.972370104966755,2.5196439767038745,31.667603472011567,-7.690500496905283,-0.11047957813628773,-22.319616079901678,5.870632373862877,23.897250180175057,15.74428841095599,23.841030456859677,19.964472631289933,-25.553600239534973,27.918292668605467,-25.482140211618987,0.0
3.541286995479323,0.707000560491126,0.7678402401966874,0.8612330815673426,0.03149829719632417,-0.0008317273410115237,-0.5072324365785187,-0.42976297519110424,0.0286144437495807,-0.026932247134799813,0.9575421653280358,-0.594158661794034,-0.08134151321311175,-0.3024401728835722,0.02887018058322379,0.05803222959098039,0.617023263218618,-0.3524698955194544,-0.13865110572139394,0.9284146119429979,-0.04865167539746059,-0.015848120305968216,0.09161711865911137,0.012635874709584563,-0.34562786827662056,-1.7151213067768527,0.48745994976782625,-0.6426344694016747,0.1499637997338536,-0.4605966399697924,-0.9535162131297941,0.4306620606146973,-1.277590222010276,0.4492480680552629,0.7538273446358705,-1.2871173729080498,0.4609856069248296,1.6110531361412157,-0.3913006729620797,-0.016926252191054557,-3.1583896484136518,-3.272581849341524,2.8799334195599715,30.205710490793997,-13.85120503922213,13.026894712515087,-16.12796930542471,7.08357635586292,20.920147632387856,11.489062740618406,13.253243409446739,17.966109490659367,-13.89425064465444,1.3934447613789078,-10.340140005062647,0.0
3.560230798738187,0.7060322234356515,0.7674761495845079,0.859673521833935,0.03215532294551766,-0.0012452332600837229,-0.509829305216987,-0.45836566530812123,0.035530039790038284,-0.03794343836714974,0.9565485357288167,-0.6080315472845815,-0.09966827629600893,-0.2920786943920265,0.0037935134650995857,0.06870577929863941,0.6296951813698647,-0.376814645413174,-0.12939300712684895,0.9635867505888381,-0.04865461152218295,-0.019752052534980715,0.07304658504634738,-0.034225840934373655,-0.2735318334182386,-1.1935737146785068,0.245457382352471,-0.43573496641698156,-0.16757171707091303,-0.6700477340761956,-0.7776178795092819,0.5974190080570322,-1.2530722183447438,0.5630152729799766,0.5347777117761251,-1.1796483159622553,0.38398572518582985,1.8992019650924952,-0.05484866108514332,-0.17184024979811469,-1.2061068967628126,-2.907135301158048,2.4625876424568043,26.319250621790815,-10.173681006030069,14.994666454601298,-8.58581726136582,10.004703834316022,17.03114360387013,9.42422989885857,-0.935716361641169,1.1384830377905193,-11.336764138452265,3.3602007548714865,-11.24383746122757,0.0
3.5799005942158706,0.7050574952254298,0.7669461299952831,0.8582667588119305,0.03245943718124587,-0.002162258272037218,-0.51217172930132,-0.47404747692324234,0.038680819509157714,-0.045603552712480455,0.9412188805852909,-0.6243650294879407,-0.11374660726736234,-0.27876289883521277,-0.021881394327313577,0.08058090033893252,0.6392630977281248,-0.3994511038253344,-0.12177809414716255,0.998510694077401,-0.04772915676355006,-0.034969168415734414,0.06652925818740534,-0.09345477346045682,-0.2666929716620416,-0.5387401275052036,0.11268418905127113,-0.3205217351439576,-0.972515320119876,-0.7697776621440559,-0.5883585403185468,0.7116187910067456,-1.2941083201168115,0.6004284479914328,0.43418774807130184,-1.1170578951563814,0.315037001592575,1.5903597373226297,0.1907106750944557,-1.151273323256296,-2.215584980744457,-1.8899959830626971,0.31831585150590197,20.93080326197185,-3.0743069793651316,8.200875282771262,-2.7454343195323645,11.282863503293301,13.251177325333726,4.392748791413265,-0.117438698700773,-0.30523377193648943,-5.084217786838477,0.6847960321631581,-9.069565062245484,0.0
3.6001799068871962,0.7040530567820561,0.7658152417105447,0.856796350255825,0.03226732363842752,-0.0036193741977539073,-0.5146316489917102,-0.47231460944198533,0.038948245213181715,-0.05454837186493924,0.8942455682922333,-0.6374792382290888,-0.1254608099597435,-0.26412607303049684,-0.04800667344544497,0.09295098903363071,0.6494565745757318,-0.4225238669101762,-0.11500367990491467,1.0224197934028285,-0.04882478601118449,-0.08211513999799011,0.02367183402238911,-0.15996308534064543,-0.2815668533620669,0.3432927963941908,-0.001644283824306367,-0.5111141409498928,-2.7133185056612343,-0.5955211827080695,-0.49199273596942894,0.7142180935488252,-1.2797679299049327,0.6015240501700228,0.5769300133039016,-1.193776586980758,0.3098495875535973,0.6874169990293595,0.403087939606241,-3.324983604459594,-6.597648589380341,-0.15843691526023074,0.8773799849887393,10.923915412093292,2.380303680789983,-4.164074786397851,11.23685402874445,6.512596370633391,11.849923130609032,-4.101197341430585,5.043657296704748,-3.9217481051365506,7.327918461823243,-4.5392254453296355,-3.149192002689942,0.0
3.6207471394637416,0.7028155560861852,0.7633069923496539,0.8551874959706908,0.030910353833683495,-0.005572007253024022,-0.5173662624257859,-0.4405193390780574,0.035277414902537295,-0.07460162974382424,0.7717636516440595,-0.6417130267909514,-0.13646089767176844,-0.2496847687752759,-0.07266376868799347,0.1053969791813922,0.6651532727939828,-0.4487904149799264,-0.1033195990459153,1.0220388437099648,-0.06358736669173598,-0.1810275281514806,-0.1284997612432724,-0.2574393836723902,-0.3004962460418093,1.9429380059282375,-0.1372934250329525,-1.2610958566624497,-6.938647493186021,-0.17490078473368664,-0.4506521616901966,0.6201779456398165,-1.0985039785573694,0.5634449098332871,1.0209143517231336,-1.4340025029741796,0.6598353160430604,-1.4193116054232373,0.44570254384273417,-7.335194652888274,-18.757037745050837,2.97674299926292,3.927508992816011,-7.412801467167704,18.382572473806476,-15.144519143075048,44.74315671393741,-7.0352537109533415,13.270799482528762,-17.514846847268018,20.445113966214553,-11.837713184944546,28.306966788355766,-13.376403689750322,6.564212738260864,0.0
3.640758394755989,0.7011228842893328,0.759006704533421,0.8531602082732507,0.027448417872820194,-0.007482938535356027,-0.5208725842337039,-0.3742339004512384,0.036170886160962465,-0.09457157958697526,0.5548688873198773,-0.6436930225572312,-0.11678737589873307,-0.24666668069665407,-0.09447742282602131,0.09344601902118718,0.7156695593314611,-0.47658223310764924,-0.07434696328170984,0.960135668519477,-0.06198734465606967,-0.19621104120480196,-0.13805135254481793,-0.24493980708751636,-0.1154364079535424,1.4773675294378932,-0.3625476374327899,-0.0791871543582571,-5.261175637427705,4.543871702286366,0.48382684094115586,-0.0545437489194414,-1.1857608197432878,-1.4776250881476547,2.745229581607708,-0.9407758472387993,1.3691629907139486,-5.048012373115023,3.7915846475728405,9.51132102426767,23.456241221371155,18.023959297397205,45.141343421965054,-296.281379129006,-100.20006624554723,86.95022342260766,899.8597318934062,384.1077067827988,-59.767049894246,-1.4872978465946656,-15.455756847389026,-51.28935926046044,-49.22020373633463,45.56862965304115,-24.103007331682036,0.0
3.6592218218885253,0.7005452832549659,0.7571269437446243,0.8533724250937941,0.029055339839960323,-0.009058204035379077,-0.5204125673501486,-0.3727485134774704,0.012040007572851699,-0.08725959458066561,0.5316232469766897,-0.5118095305918766,-0.10228803979846743,-0.25489363239947443,-0.12429968794471902,0.05750268019950877,0.7793606958175275,-0.5210902745011543,-0.05487550209139482,0.8968203100673152,-0.027710144459424844,-0.009067319902390333,0.4384916338150024,0.009829600594028164,0.06371508583465657,-0.163350121783772,-1.5971698971710886,0.5586620351121463,0.07928654822789544,6.340047539470817,0.9057523853400544,-0.37149467528306335,-1.3523572981239385,-1.4994756647772878,2.8615573763580646,-2.177826057882915,0.7739254242303746,-2.802830264053554,-1.3575036121856334,8.960237595694545,18.323129344181282,1.2171565713308596,-6.711889378766358,25.392544458300325,-20.379094159234164,18.975781255560925,16.70378010187374,-105.0334515922423,14.4591313775165,20.92055352751127,40.47871117006434,60.88279875246499,-70.27279884575864,39.24060306323737,-17.35634638942737,0.0
3.675740766403851,0.6998041846005691,0.7577320502564885,0.8543887263767462,0.03290782732265161,-0.009708641085917982,-0.5185004546087566,-0.37623819052701407,-0.018055399219591785,-0.07909925410729021,0.5317095034499023,-0.3986941308092617,-0.09412872396885397,-0.26845974716212084,-0.13904678764896036,0.023671076250468902,0.8596687970148219,-0.5593748522495114,-0.045571672245169614,0.7712120050697556,-0.05593953049935245,0.06606275187812548,0.2593261456802754,0.22375788977913125,0.3320576030430719,-0.015500710391847118,-1.3333040597408858,0.32168882157628953,-0.29371915899026885,4.788251479612267,0.2716572858814705,-0.5684168627354163,-0.07784734257429088,-1.642210022230779,3.966520354569048,-1.5167879675864235,0.35895379468447725,-5.866742910831864,-2.6117170332722957,4.079087437814553,-13.428971669648075,6.144000233273389,12.603194422889318,24.45808038457321,23.991621411294183,-8.058723261725484,-43.55021344017346,-104.58143690630956,-2.637141982352856,31.50669220849673,81.80024760534872,15.479881043836674,-63.772502154288915,43.19536420200728,-6.88553034057822,0.0
3.690025969796876,0.6985634385816547,0.7594759061924643,0.8561223248879625,0.036870506838461645,-0.00799526304450681,-0.5153942241845096,-0.37801208300288636,-0.029896908259719895,-0.051955618980926564,0.525548454958437,-0.34044768168418993,-0.09762498569591398,-0.28205032268419067,-0.13303907078592733,-0.015809789416907284,0.9465955092638173,-0.5862135564135245,-0.03787488287685011,0.6741236995538076,-0.07283710246714137,0.10871554474637363,0.2306006678460426,0.4482770880879663,0.39361075671829115,-0.03287414939401151,-0.19453973968739025,1.8373148865994278,-0.5257269535013268,1.9664316674404725,-0.3646238995481138,-0.5049897452558492,0.7041177622551867,-2.0511602901735326,3.91944662530524,-1.0707974640032905,0.3538163725773574,-3.9726552382089797,-1.3895041501848397,2.4736821106626254,-1.7233854210664794,8.15410345850482,8.113916299187709,10.628663807984802,26.245228671360255,25.250732784457938,-30.396668081919735,-79.6802330381519,-7.365545898378939,32.748180332903374,49.9304561724385,4.112065985315694,-88.35402426880583,29.242400505537283,-4.596945914720942,0.0
3.7031208561298663,0.6973194623362404,0.7614997669753865,0.8575605307184705,0.04272772915892282,-0.004705666317607288,-0.5125837824388155,-0.38453288859901225,-0.022504303472458256,0.0062129978617659915,0.5230603539481204,-0.33116272641129907,-0.11565599842931684,-0.28672291618955703,-0.11544359637594193,-0.04813538250853203,0.9874105994702188,-0.6005244966969326,-0.07369310578550871,0.645801552249439,-0.051533856269593135,0.08983065934781347,0.43430403658445005,0.7055285191095424,0.2538988800480519,-0.43554481915000093,0.5152934518743241,3.351781577863203,-0.0665212835386389,-0.13490208083676244,-1.0146785269520464,-0.0885601810115725,0.954549579519867,-1.2149008613549266,0.8481678196803611,-0.5906890405894795,-1.891130391037728,-0.5220475514786802,1.3876064011476221,-1.7434321350998017,13.36217474962273,11.824184364876412,-1.6258286582320807,-5.5545732644624515,-8.175430254557515,16.19462913716909,-6.030890926501327,-36.73792092364364,10.4019337962026,9.445564804272923,1.6189179289501274,43.99574837268506,-103.4896700146316,7.972365274924099,33.51077486579972,0.0
3.7163107464039586,0.6965658105330576,0.7620721747786636,0.8588267682514648,0.05002502971764008,-0.0005592682793061433,-0.509817384712884,-0.42189626874122294,-0.015768395967210334,0.06828094578280394,0.6107627116202459,-0.3769295598116879,-0.12950797046888035,-0.2594310587093957,-0.09018843988550097,-0.054292718167271034,0.867153920945447,-0.6461167739293153,-0.1509556991587795,0.6862446108200889,-0.016394934055913257,-0.04336413141066313,0.5373146619923098,0.7660477185659126,0.07969418333501531,-2.1598282451604054,-0.05813736443123188,2.3923112332225163,5.8189570748722685,-2.1940702430328116,-0.6857306854489111,1.7315748241233941,1.2186363402655602,0.629405058922345,-8.829599268168847,-2.572669863648661,-3.651153749511654,3.9533069963462264,3.285701624673914,-9.511701078340911,24.632460114652794,3.2457224847941815,-36.93728745703867,21.646716450010693,-57.62110449858243,-94.0909262897832,13.413619485096088,66.6942926381643,6.018287189094247,-18.465316725809306,-32.40442578169616,104.45209739484204,-106.50045965646764,13.196904989225214,70.38800192344276,0.0
3.7303727861379588,0.6963008084369293,0.759315584242059,0.8582617645368871,0.05751115360194627,0.0033878488076999422,-0.5099683649265486,-0.4770505729986524,-0.032581193529283514,0.06405012143047895,0.7975759805864003,-0.444048337294573,-0.08870698291614343,-0.21714712396707805,-0.05577772348976438,-0.0019379174111871685,0.6452617146483719,-0.6501256887392838,-0.16429900619103888,0.7192812673167226,-0.0052013995274793005,-0.16819997094669875,0.3925637233599233,0.700106899082254,-0.36021085168368583,-2.3559910026685,-1.0244763275491613,-1.0108973403978945,9.314302613404614,-2.8073866290069094,2.212825143551409,0.4847182950627556,1.6929087763927941,4.179880661893215,-5.75724694761259,4.184787864822745,0.9894701906274479,2.4521097768162394,-0.8515851940349338,3.3856899523648836,-13.718323926769868,-8.177133361873874,-32.82121388785619,109.81794766223065,12.70363053505767,-23.70157838908648,-172.08578386548368,87.85882816148785,-36.438467297840454,-237.18715172093954,-71.99056586487957,11.714649241671857,864.294268634428,349.89000107265,-119.53909179715481,0.0
3.744784188466429,0.6959729416461955,0.7557767884511593,0.8565321701809165,0.06130682468380721,0.009110491653639795,-0.5123583839795989,-0.5161399666212374,-0.054093451734789404,0.020650400060815893,0.9857211863679599,-0.5129473616625309,-0.03170341758991454,-0.23402519502868468,-0.04154320099899183,0.05182599070321714,0.6253609139122488,-0.52766686902677,-0.12569731214435412,0.7255306508324695,-0.049655365350896694,-0.15672736666007067,-0.24353739698043417,0.5648061946319758,-0.3050085745383625,-1.0631397087982468,-0.7809774218342922,-2.439693280963684,8.110488371219025,-3.0299126030642123,2.579456294901192,-1.1979548499247357,-0.005317562642151011,1.2255284732497707,1.3536449675508562,3.4096079677639057,2.4514576928137837,0.09446633723878717,-5.321200028985115,4.5988021857666626,-36.09406957564631,-15.319822684554982,1.2290429459644039,125.87531273931108,61.321563305397554,4.9723612912481965,-212.17629539343037,66.39239474341402,-48.859848295929005,7.638273188307169,-45.735582566894635,-138.63941927015898,157.54150091385677,-508.403949805064,40.96522513109113,0.0
3.7602617885048724,0.6942088840236406,0.7530618298298895,0.8553858728718472,0.06138924015935685,0.012462460481775014,-0.5141897089233345,-0.5083410999776035,-0.07088982069831595,-0.02215284755783828,1.084982748687481,-0.6225171280599887,-0.014607471146357385,-0.2509969430135549,-0.05333867262249944,0.06560531850869866,0.6695509501187479,-0.5219468144041169,-0.07384992005767671,0.8036068415181676,-0.12121921664298736,-0.12011265660715954,-0.1314407258776956,0.07834668862568649,-0.14418631012361321,1.3358250800220577,-0.6907313701428056,-1.7462837413419725,2.7709295348391754,-5.4048637579770045,0.4249889067052411,-0.35877454009484144,-0.8287546356870842,0.4373746000247956,2.1331035350557896,-0.967725781382379,2.44165674324483,2.5916706562172065,-3.4341965245713153,1.286771276736583,-0.509517043633078,-18.84527380114957,11.956516226057936,82.25534076653365,29.036274522778616,51.22402996856273,-203.5873970652761,80.84429362135067,-14.750381758489246,60.54391584516608,-13.965538734405355,-19.481475952715343,-46.3938636367155,-66.08389795265121,-28.911630954384282,0.0
3.7769315988434733,0.6912466323479514,0.7510620629569088,0.8550396645412742,0.06101968359057395,0.011873815715122768,-0.5148230596778032,-0.45639450278430216,-0.07701192159461505,-0.03629067528662418,1.0441328160741747,-0.7325899122532803,-0.020775875685269223,-0.24726578147925035,-0.07445959179010184,0.07405815905662132,0.7012563266844322,-0.5466209019395877,-0.03359025184595932,0.8453813546375613,-0.15808380058717394,-0.10616489278712853,0.02445058236080577,-0.12130751755928337,0.05608467047334748,2.9830360876844213,-0.0032873405417978355,-0.06092848373916959,-4.2624225132540055,-4.9447984263086315,-0.40217506911332335,0.486178584395501,-1.1547636963526857,0.32150441764553056,1.2185577343519693,-1.3337616741342981,1.7227641850375164,0.4044183774693519,-0.14315798425023502,-2.3209896471342186,-3.7019157941039187,0.5070793009888654,18.794908867152802,-4.24609286388637,31.12656848111162,56.02451208680192,-118.23247441328942,85.3444323955332,3.8439914790993037,20.885191958742173,-4.960555837859987,-18.208088776726406,-31.399591756547185,-5.888259530391571,-27.693824091681673,0.0
3.793847098832406,0.6873052764996548,0.7491284860097266,0.8551148998779504,0.058632568937220894,0.010313084731102559,-0.5150090971525397,-0.36963132269894833,-0.06374665932228185,-0.02002194941899064,0.8586781202714364,-0.7924799145398729,-0.0160033627291763,-0.22806175633020392,-0.09163069861359781,0.08111290901224566,0.7140551925448828,-0.5697120618226672,-0.016530901976349526,0.8302345901976448,-0.20689624712902968,-0.12738351857804342,-0.3541175014295147,-0.2529747653570759,0.06397987061538515,4.481256752078864,1.0624819058301027,1.167080335228741,-10.538654283082906,-2.2357625064205062,0.2897092879333288,1.0992693545083498,-0.5707533144124173,0.20119623709700732,0.4067219348779785,-1.100264654058757,0.5130400229989287,-2.8287632000766005,0.6632091291650151,-5.8206877394828265,-32.21581719633836,9.567406568918978,16.954456663160776,-56.223493075912614,30.214370749796913,8.441905511549562,63.90810117351978,50.584120226630205,-6.8284482615736914,-3.3125995321927943,34.390273275965804,-28.569590531307124,-8.518691444341442,-0.18872895966540118,-16.25565275362848,0.0
3.8103373301037613,0.6831396579928767,0.745931903883671,0.8535554820860193,0.05381894611982452,0.00933577782595144,-0.5181306816738792,-0.274789141521399,-0.03979709529043204,0.012173119948802252,0.6326373360224361,-0.7369202639133197,0.010595363807773175,-0.22609594290743218,-0.10321314169230147,0.07949547328196356,0.7641528830295196,-0.5808210802311139,-0.014546022141960227,0.8210781534429364,-0.18282665506958748,-0.1205345553461655,-0.15697268410508425,-0.3128044335927563,-0.3302448184536525,2.3961475483759695,0.4871890973304836,1.6479486187241554,-5.033828145838871,6.286717968921999,0.4305039544717327,-0.4109226670119586,-0.9091952212284569,-0.2677138250549209,3.2361681846126205,0.14280115511674815,0.015069498767368825,1.358833134261203,1.313524431736832,9.320605765132216,34.41902862784625,-3.2491702777895055,4.727712949585912,-241.37774138583288,-108.47755980724979,-17.055622749728297,683.8191030343847,168.1563730831229,-74.87907654150519,-12.610537162968104,-46.961532551498294,7.426707068307287,10.449819066959149,83.46139557320596,-3.2420761842723587,0.0
3.8268548166317005,0.6796634193574199,0.7450584017678255,0.8508393369838155,0.054087947602209384,0.006588354833309346,-0.5225930636218893,-0.24898806467799106,-0.0521389843674549,0.03473236650247422,0.5880437595870952,-0.5664779600829379,0.026499086914368024,-0.24963309087843372,-0.12096195060286676,0.0867153735001157,0.863718686091202,-0.6034423084404054,-0.014531827239120259,0.8328872778548826,-0.1976475801043051,0.014474285315744583,0.3428782258400493,-0.2995788218281909,-0.6671477354642434,1.239764694403509,-1.1640466557179787,0.8021130642536934,-1.429116321570732,8.249667094274042,0.9654884667384371,-1.2143029250271944,-0.7479980696729367,0.6783165542271113,4.992393886760643,-1.1809230780847337,-0.0061258443046202414,0.6508904346688833,-4.3667149732374835,5.781003438192156,8.420843774019868,-11.991939040159188,-17.824150621442534,40.37909224973416,-34.27238268763911,-25.31919189143808,4.709541047620804,-126.5551560804525,8.892372321352603,28.044841701051144,24.781331232900666,18.936358856570358,-77.65096420388936,23.75629991231189,-0.47928522359670556,0.0
3.842830045974055,0.6751851177636985,0.7459973130154164,0.8473289957013583,0.054921342788762956,0.003941179748693678,-0.528206102058841,-0.22479109688956447,-0.07874600737762137,0.038727786513657575,0.5677477645941454,-0.45901373029901976,0.03902081662737213,-0.2812504842317371,-0.13234100769114449,0.08652510617970847,0.974451358076132,-0.6289315034432206,-0.01433678049150814,0.7691041786009626,-0.2580725209188102,0.07960395894675712,0.08656867642696267,-0.1754470909964202,-0.6059052096295604,1.3522565596099763,-1.2110762853390455,-0.031462896487183444,-0.9988235643152132,3.3954030493434657,0.46765580056081485,-1.514896927799993,-0.2691357155082011,-0.4330429822486368,5.004985818052337,-1.0695896593404772,0.017645076624452305,-3.8929590181885723,-4.301796665921502,4.850904478469182,-17.88411134363905,3.7662924145045755,9.799030951172119,6.319384494832744,52.7046314748674,28.046103771531875,48.04687009926222,-401.8550442080278,-27.5454133507438,27.003953118681036,40.21004340965287,-40.54816240005793,-116.88899302810006,28.16914667130658,0.9919038956208962,0.0
3.8576655667163378,0.6692980134438002,0.7481396146031025,0.8440482420469445,0.053542385152016876,0.0029539942801834283,-0.5335794711263622,-0.1938993805803595,-0.09442729759206163,0.04427196760865705,0.5490845608123137,-0.4372580474837842,0.047347160818778516,-0.31016053345725014,-0.134063710198104,0.06870839847179222,1.0608369376977564,-0.6524998465148706,-0.012657476822918875,0.7203086213014054,-0.32601945517613157,0.12876384958882317,-0.17208334030516187,-0.19770914570387363,-0.6173529452857519,1.756976897554195,-0.5215251233477088,0.3362056202368704,-1.1328094030780806,0.15348010055376204,0.37992658059917384,-1.269301648556591,0.1576968150595895,-1.1279193694052643,3.4145642124224223,-1.0437396543846498,0.09673973867147084,-2.4499677305735035,-3.4752506761269695,2.0766791658980415,-15.918368912029031,-0.8575259589787504,2.369619357031913,22.8326182534015,24.65909879643981,-5.113844097095252,-30.591680986537405,-52.11413753605507,-2.3737830676106273,24.088679542739506,34.864506848998865,-15.88603024134803,-115.41599743864329,20.25095669091479,0.21560874762872398,0.0
3.871536618631091,0.6620123067729453,0.7509122993969849,0.8408612578092083,0.048949734523924426,0.0031913280371946495,-0.5390232685431241,-0.15415320610741307,-0.09854891635135865,0.0501097191013188,0.5222067701430769,-0.44023071176648076,0.053817883646911514,-0.3303571261635397,-0.1232844020887388,0.04085724466704275,1.1031252871298094,-0.668723491728229,-0.017235002169887235,0.6703056092495233,-0.3906656721307087,0.13958031319003478,-0.5536674783605344,-0.2763428282274427,-0.625986949658622,2.0921105477484456,0.019211665110102243,0.20285627652805702,-1.4346455725734475,-0.30680601460182505,0.30745903098932964,-0.8618115911082352,0.9002358639939663,-1.4847978987851005,1.1918892793526537,-0.6724391806787843,-0.23618407791583668,-2.6720077027637976,-2.4766004835148676,-0.5178329915665252,-18.80159425580624,-0.5016382081347955,2.472934104148332,4.105507043496021,22.7239607553801,-12.783090026466496,-1.926488619516531,-13.371513378615964,-0.38553804626024296,10.231268942577868,42.141212313948664,-2.0870094784724387,-88.36327621256608,12.619651711301668,6.0027125454123516,0.0
3.884620271881382,0.6537728838438864,0.7535644845398194,0.8378149296232202,0.04179269219489913,0.004659617704402077,-0.5443324375254427,-0.11019745813547777,-0.09487478624760043,0.053856239450164246,0.4900401851499474,-0.44476736253900856,0.05794197004344842,-0.3460632369719065,-0.10225465536933305,0.008456129373112438,1.1099450335188115,-0.6678028733908704,-0.02394484206582998,0.6393957173591026,-0.4237373539306656,0.11831943089709156,-0.7519197527575435,-0.271717208447313,-0.5909306792567542,2.1768819933857113,0.2914195481445215,0.1362856591911067,-1.5985957477769648,-0.2419948221329824,0.18726943587430683,-0.8046438887513848,1.2093369103035991,-1.6119382441333685,-0.12205986171511339,0.1858073596453787,-0.29004014978122444,-1.7179207113479866,-0.8695052341517983,-2.217739525432496,-9.206880923701068,3.6151784244682625,5.55175646187903,-10.365263440597987,9.613137812802492,-8.671482874140867,12.37482523473162,-7.44609082285765,1.6097263230164622,-8.098573391561684,18.597927404730846,8.835167691427486,-35.09318505013344,-0.8592704126767969,7.856879584017019,0.0
3.8971861981691744,0.6451557843389627,0.7554837987782724,0.8349914975727007,0.033778113094249815,0.007260440652521662,-0.549177133590449,-0.06772564921182966,-0.08756560153315435,0.05682127470803215,0.4583834257418833,-0.44858912157890324,0.05947522352081085,-0.3635803209140017,-0.07669908974189422,-0.0230597626722657,1.098414462716702,-0.652437474719718,-0.030814191843760184,0.6187451219787652,-0.4323146735561062,0.07085771931263275,-0.8296279614642842,-0.19258745430334842,-0.5311797805264417,1.9956367786598306,0.39494335033019706,0.11797866730440625,-1.443223630401642,-0.23141389126515569,0.07122998457164263,-0.9938145091023989,1.3334919143655517,-1.4703714940637378,-0.7384860050488345,0.7828560355314284,-0.29175889717165465,-1.0449034554796528,0.13636794716980744,-3.2463979831159846,-2.557971690166997,6.027809213715285,7.350909624801076,-19.944331645973133,0.9059477046086243,-6.248791725127181,24.257021232352358,-9.926207458155625,3.7181575719616142,-16.84052627992591,4.921927299003978,16.55482658405764,-4.2186406739854725,-14.36165718707656,7.67098795458155,0.0
3.9094486533432558,0.6364426244034661,0.7564111914253319,0.8322672735577356,0.02597765719650086,0.010706031455866773,-0.5536621059651997,-0.029089213089512556,-0.07931428777830045,0.060551829202186956,0.43029412779215653,-0.45342892984607747,0.0602874716509989,-0.38518247032678143,-0.04913515485246369,-0.05023752163548829,1.0773082409245398,-0.6293300283695662,-0.0353323821956546,0.608852630426201,-0.43470464822227906,0.020910848927021525,-0.8144320504623791,-0.11026613312162473,-0.5175386639274694,1.8043456014186725,0.3837047277031471,0.1935817202648869,-1.245093067045165,-0.3839740596893197,0.17525638107759023,-1.2030555856610414,1.382699337731574,-1.2343102560913395,-1.0959099907513783,1.0680414016587332,-0.17322578592815724,-0.4290239765295312,0.3145893400833529,-3.1935229586212643,2.431672223130951,5.411108445153148,5.34717018153577,-18.25644006027674,-5.319936405424354,-2.522002308965683,24.00085321288583,-17.721003430313935,13.314005946911811,-16.441167375714347,-2.3800410695246423,15.83833443884743,9.339877428030203,-22.434773086774683,5.229076511191902,0.0
3.9216289197359773,0.6276434523794038,0.7564480706631245,0.8293722171569492,0.019037619894006198,0.014392181829376679,-0.5581864917203996,0.007441204088021401,-0.0726510570435566,0.06605483298386619,0.4036240734793877,-0.46083988424230715,0.06404405151476456,-0.40976778092568505,-0.021201312029372556,-0.07318865578142308,1.0497076319668637,-0.6028816138703706,-0.03707451296059206,0.6086293125977329,-0.44009375822301716,-0.02067427638468443,-0.725138802833015,-0.05179132541712982,-0.5477310326213464,1.7583037566338935,0.2660761045385032,0.2935754103847306,-1.272864033232816,-0.4243120844731353,0.2436186728426132,-1.316213264668572,1.372891829458536,-1.0643004615309417,-1.3583717480990374,1.1814307865559166,-0.051855041723248896,-0.053991782534411115,0.24365713105487233,-2.9613950840921546,5.468013032847096,4.600520965345931,3.701321325592229,-13.283504911465954,-9.16448635583673,-1.511808129137512,15.758591635919911,-10.031559676676565,8.41359608779831,-13.323001833004847,-5.683079086129641,9.960962992119054,18.214117986215175,-26.34364879918737,2.5793730182993704,0.0
3.933872550578196,0.6186790054144985,0.7557436255602207,0.8261517842612707,0.013242944418312034,0.01779002465982306,-0.5630109846243282,0.04469214260231591,-0.0691413130605245,0.07352544326114302,0.37395694313225264,-0.46740500134717744,0.06890293809681279,-0.43501465329741074,0.005901552168915667,-0.09503074138391755,1.0172061890941237,-0.5740002594251992,-0.03806811993048012,0.6134989745667233,-0.4495788391993389,-0.05531999112335085,-0.5979952694216961,-0.020903412523662818,-0.5954821858216612,1.8322194852199176,0.08400592692919644,0.3909611400618194,-1.4778846696376453,-0.34482899662236755,0.29521606948349205,-1.3059729989144133,1.3195350604803606,-1.084915974691805,-1.5528020564894849,1.2853797728492193,-0.03266756937329207,0.04975302176586455,0.17548717774717992,-2.783590792377356,6.765005619540807,3.8781930915044884,3.0277413759600673,-10.874979672890948,-11.062806636366636,-1.6009000202855674,12.544540604118037,-7.574770019123445,7.392618013064661,-9.803538947127109,-5.577073083760556,3.165753278326509,25.684643634715457,-28.884284130924332,2.0515230136144473,0.0
3.946211885765001,0.6094909732648061,0.7543896046889471,0.8225497124337525,0.008590189408219538,0.020604637663250398,-0.5682548971437449,0.08422882591945736,-0.06943010217417996,0.08283539105242994,0.3392205072903632,-0.47152246239843554,0.07390399757668088,-0.4585709122364172,0.031814137288554416,-0.12014408232704554,0.9807922654274188,-0.5423031615383154,-0.04076904167391192,0.6172207501459213,-0.460820446803845,-0.08724252599525681,-0.4706767636715184,-0.009474749211284213,-0.6541010056037619,1.9520303424022347,-0.10565912469913397,0.475788829143762,-1.7328222878165553,-0.2060478601970027,0.2586078901473225,-1.188715118930523,1.2811607139096626,-1.3162346703246814,-1.7107005546417737,1.4130512993592683,-0.12031770843663056,-0.13528884248462847,0.2743561118801525,-2.790270102606346,6.535006401715584,3.9480533138164002,2.355271934035928,-12.414866952041228,-10.636041392771956,-2.673372576067213,15.245420705037553,-7.134329282450018,2.2214535786448377,-8.224079763029952,-1.3435060044669427,-0.548651518998303,31.86425866091202,-31.541280356004222,3.984874868079237,0.0
3.958581965027902,0.6001272862691339,0.7523938182523685,0.8185181740287791,0.005030550179898979,0.02277244482714083,-0.5740070627667184,0.12502507088217685,-0.07340945563000598,0.09382332003401153,0.30166077333191765,-0.47256396412803864,0.07497780262876504,-0.4789197943310696,0.05753815597481061,-0.15131317023462879,0.9410440497892465,-0.509571921807156,-0.04724650359735217,0.6177269719421454,-0.4671686901437517,-0.11878907680940863,-0.3351387880221133,-0.00024905258628660915,-0.7289846003059219,1.9650928762537958,-0.29951969015534946,0.5337465534245889,-1.7740953307159268,-0.03849204615993436,-0.0018209644289093544,-1.0121534867721884,1.306480941278986,-1.6232960167354582,-1.8531464152480213,1.4376358098080968,-0.29611212942407295,-0.1355113559225082,0.5440915465271345,-2.538934328135526,8.258112997901836,3.9328633855287696,0.1058056400595247,-18.8731465218456,-13.493548774259274,-10.082856287606873,29.056566947059707,-4.836905684840097,-0.010802510076482592,-7.352594176570163,2.773046975458007,3.0261143462341735,35.9296925640286,-32.86729087579093,7.7871673111831745,0.0
3.971137640822468,0.5907245146090719,0.7501530487068526,0.8140514570863744,0.0033263730608768124,0.023599882599764838,-0.5803035464298734,0.1600967632439973,-0.08344623988593321,0.10589091782456485,0.27594976281241906,-0.4669119151494131,0.0713813104304723,-0.494263262353127,0.08208953803791545,-0.18593477326211866,0.8961432684220868,-0.47865349866258283,-0.0588632130798738,0.6384184994411491,-0.4698027475385712,-0.11175187433920535,-0.012004116069915582,-0.03161375379494053,-0.825362630880644,1.5494695664175824,-0.7229166157260966,0.5564152242498119,-0.842594465815327,0.47520608456272173,-0.19628466926798252,-0.6961989476567129,1.1760927025709962,-1.6489849804144,-2.1322546726619445,1.3231172671904035,-0.5306856744683157,1.3752215590137224,0.14678237655148685,-0.2767112441121969,19.03991582158445,-0.6525228971910203,-6.34656122244386,-23.145344292687835,-27.6951262272834,-10.606287904747699,49.480840226536465,17.844693727774725,3.8268969627768765,0.14707632790253156,-4.786832896210166,20.83290184287926,39.065087245769774,-32.677829046340726,12.297064284771638,0.0
3.9843452588997903,0.5813228547796303,0.7483519591718005,0.8088779326168,0.004814635577253597,0.021679632157405346,-0.5875570635771046,0.18222259555249973,-0.10548801715665204,0.1108164461652157,0.27876806870421866,-0.44855205204003384,0.06931454718710989,-0.5015556664393225,0.10402325967102623,-0.21197362293364683,0.8390125648910244,-0.4445882053305188,-0.0731123447104077,0.6837181293541001,-0.4708193435712665,-0.07992305789492389,0.49399413671339054,-0.08998270757549218,-0.9803104172089182,0.8717874478476565,-1.4385082210383677,0.15684964071634,0.6820565731646591,1.2597436270712707,-0.0718444614874031,-0.250206685770022,0.9820955756023005,-0.9607528192965579,-2.796436267309171,1.4974553856440065,-0.6343265304074307,2.9305902111012654,-0.1675633559172823,0.6485250029276849,28.21366138526053,-3.9682837642266615,-13.034831186656724,-16.92270980775462,-37.89869442127889,3.2031386807231113,41.23507468567172,35.806410498433415,-7.674249475257465,3.0628446638647877,-16.525760628656652,39.392564832409434,47.181511493161324,-37.27324135941315,13.659476687219401,0.0
3.998643457072972,0.571864262052868,0.7471193121143509,0.8030257163753349,0.010138021109760299,0.015806216566996115,-0.595648455790574,0.1882422121347333,-0.1406318978756486,0.11585056236588767,0.3175934205753193,-0.4196753065922696,0.0566191615465587,-0.48896658274896676,0.1230540036277749,-0.21547060338657964,0.738630152188044,-0.3778231549223077,-0.08181311251916377,0.7514890514363991,-0.4733151913069637,-0.06340866305395958,1.1035842323169835,-0.2110426321408902,-1.0553780947998168,0.07309959476147272,-2.1349558399077986,0.44297332437089126,2.4464177162770957,1.8070271722588216,-0.7448367756342126,0.9737769282325824,0.6842670690592509,0.30702427222316386,-5.2953476475762065,3.161504323146632,-0.3381702217479999,4.616176352015267,0.022917987068337316,-1.2284188190309386,36.69651397488915,-6.561942831757241,-12.388018547693028,-10.183199468816262,-47.170232091407335,26.787135204110243,22.22779191926092,50.41015993969448,-4.361358020513494,12.55657054794802,-44.273835360975646,39.921108211929365,66.40367290934887,-72.44262898959707,7.73952165196996,0.0
4.0141001484509005,0.5619309240639314,0.7456936775124001,0.797858966993642,0.01764882817871281,0.005144772217929203,-0.6025637883001115,0.1844356579889718,-0.18619210683824167,0.12087447386148535,0.3846424078864148,-0.3813536716405036,0.036083676691525006,-0.4443298655037661,0.13866586394862962,-0.17913169353693997,0.5957502068017052,-0.2640338682659504,-0.10545805370211271,0.791941431342227,-0.5023430919987365,-0.07609154709767392,1.3713709472617392,-0.5095771095074442,-0.7539083331553775,-0.2622626331722595,-2.392670513591555,0.33910885667001167,3.567552943979831,2.2630625948347984,-1.0931886255112533,2.0844367048949684,0.6110594902058272,3.3705135224526352,-4.535592893304184,8.315453340712192,-3.444840355195825,1.0942930445073884,-0.03388113360306083,1.668789871028447,2.9514666281462523,-7.049413801020514,6.092188270588189,0.25203960672980674,1.520684874898719,21.236044708460344,-10.374599286978059,55.39719568339508,-9.015656963252754,-72.65760237690392,-36.0090216687745,131.87140744814494,433.2676459282019,194.15104478356133,-179.66338007007522,0.0
4.028014852992715,0.5526779760541688,0.7463276765259206,0.7955009785342179,0.021756598760640334,-0.0017869693404113898,-0.6055589569167038,0.1530925988578024,-0.20360561919321563,0.12754417590946937,0.49558400257394836,-0.3820913250777344,0.03899415822065432,-0.41756306705413676,0.14276869034260015,-0.1296437672473803,0.5652454492990123,-0.17938529597530842,-0.16321581235517996,0.6184602611269711,-0.4505466418587363,0.14672612846610028,0.1889276372507864,-0.22970289441172287,-0.22224613182028863,-1.9074759371320842,0.4148825344770621,0.36262929730981086,5.18943788540229,-0.26229642844581946,0.3507868124261784,1.1680362569657365,-0.05345360042378043,1.3194991789165256,-0.2706703013396924,0.4304243645811003,-1.7603256795088262,-7.845512510909806,-0.8896575999423686,12.127757483907748,-58.62252659445117,-0.8695809961938177,14.149455867122121,8.553309332546657,130.40093576594234,-15.984270409124232,-137.15236106489618,13.285071151603896,-0.6308587042911227,40.471182010237214,8.8450082614719,-91.67557720016232,-18.538057302251158,-198.25341990280825,117.72841022413633,0.0
4.039137260923538,0.5441606657821789,0.7505076547671775,0.7948819532338296,0.019819327253801776,-0.0018930322182043762,-0.6064373760903919,0.09640839199357529,-0.17885809857927873,0.12442254721651348,0.6207000412640121,-0.44451121191186993,0.053474932158082564,-0.3933126316129054,0.14848609448524233,-0.1051088570029606,0.557415882295265,-0.19530289994865085,-0.18724111820427644,0.5243743410959493,-0.4263249707162089,0.25575783635646127,-0.3388764814664698,-0.15070108509476823,-0.11145705697919978,-2.91884960321471,1.762788764482595,-0.42861899505624323,5.418499871451774,-3.2079738056134284,0.7026073149764693,1.5274176029197188,0.534091886713811,1.2347472411996099,-0.8952222390211964,-1.0093507460644648,-0.8041795808886678,-2.214486519890881,-1.001557057526048,4.550924130210969,-14.647821169129507,-7.973613787585419,-5.619539362627673,23.37448533906689,45.825018911295025,-23.59562162908789,-171.91564560223392,56.32901861333919,-11.159432316433989,45.98014047477261,23.620698259616805,8.110419145255213,-69.67564026835129,13.841702577934353,38.64300100461034,0.0
4.049320188634678,0.5360717343065551,0.7557276612355464,0.7940617181286145,0.016315772360402398,-0.0004414636751621697,-0.6076179626086938,0.02906178844917453,-0.13968148505548447,0.11086718890920626,0.7313500942315649,-0.5083023691273612,0.05915895778972621,-0.3631546924441913,0.1646408931392237,-0.07192948486909322,0.5368994006528682,-0.21900360443770006,-0.19610435375814458,0.5115969451943803,-0.3999941410750845,0.2639450953793818,-0.32298285513041486,-0.13252645486993875,-0.23561157842610583,-3.282833560463233,2.0028429605383247,-0.7746074572790466,4.549210569349711,-2.6937147546359057,0.1739051151185986,1.640106983715716,0.9156222916139682,1.9867728056421925,-1.2454538945068785,-0.8882950198938683,-0.221149791985786,1.2993641765391537,-0.4153625317467324,-0.4080010690879565,10.515170129594487,-8.84718958509914,-10.677648197866949,33.49294436995187,-5.626407037664065,-6.8128308015506045,-158.0224670653264,60.29517992095365,-3.568392286264554,27.756887029680364,11.597310059695705,51.45560158919282,-46.600119447185406,121.5084416150664,30.1093936280585,0.0
4.059727801766777,0.5286378333834225,0.7606532129102356,0.7925836509921734,0.014274264639210317,0.000574312260289547,-0.6095958265230784,-0.041427113923110624,-0.10254980221243645,0.09079764870598951,0.8142333249735277,-0.5490617062961965,0.06040325625840377,-0.336280678218611,0.17815654773663317,-0.03325100049664068,0.5214770562174292,-0.25187064469532966,-0.1930608632105144,0.5356904335190885,-0.3595868042382864,0.23498282128651274,-0.11211313145269614,-0.03621907327145295,-0.3049015495779662,-3.4166934156587425,1.726201450568323,-1.0245502161289424,3.2010255181527,-1.596257580017403,0.02525991125407987,1.2571498241879526,0.41723292774268017,1.8505179827520035,-0.579107731840465,-1.77006666108805,0.31458855313140305,2.1911136421882884,0.7314812759726341,-1.1097266970033302,13.85456737884514,-2.470199914913714,-8.695420919222714,28.168494004329567,-15.280030457166221,7.712714074463563,-131.73460295215904,38.929151737240986,-1.0835662148897716,-1.8904797794347186,-32.8969666323862,-12.264770438966067,13.245395789640497,8.911237294135681,11.168647337654265,0.0
4.070738997368251,0.5219479203032805,0.7648975981947296,0.790518978186487,0.014523975770124424,0.0010077761208632514,-0.6122644719744181,-0.11153497703943623,-0.0710833823591118,0.07020160212268105,0.8668514914517308,-0.5720231973132602,0.055905809562457005,-0.31718124772451506,0.17935827549631775,-0.0017204023683502073,0.5189484833032489,-0.296917140419822,-0.18450478142882284,0.5673922809865801,-0.3234206262079145,0.19627152050587188,0.0955595983667366,0.06033826497264887,-0.3925116384164835,-3.3710064379173628,1.4517026150943093,-0.9343187823781923,1.8593078355019972,-0.8964281307265147,-0.22743106134711016,0.853950897977457,-0.2303730471081074,1.3839719930859384,0.029925754362431868,-2.1623979917235907,0.4946707761759935,2.152593763954953,0.6547183116771924,-1.6307001072568357,11.60277637862679,-1.860943232299661,-7.642733019618139,26.619659228575774,-13.610154468151247,16.0793152577461,-97.1895431758572,20.39138227114102,4.891365056725324,-3.672843363738882,-31.740829301444755,-19.064040395839896,8.47418214689363,30.429041769752704,6.237482279526977,0.0
4.082410134517732,0.5158281150926733,0.7682827169555367,0.7879177927832562,0.016596080145592804,0.0007562243163651985,-0.6155562931724016,-0.17975506881693593,-0.04489337260742155,0.05318962043456985,0.8994590639485738,-0.5851422129850645,0.0437422176447569,-0.3033714240091702,0.16881721814400683,0.02091501034265826,0.5223043172952948,-0.33381616698518884,-0.17473889323448366,0.600418251557676,-0.2998014994582644,0.1505193644568953,0.2621778363476007,0.09054948006920471,-0.4709691258070207,-3.260806071643294,1.1903752086366743,-0.717732876576246,1.1817511734981403,-0.5180728603843585,-0.5811736677661063,0.637186694825493,-0.7465320915622613,0.9909672914357108,0.23813111206932264,-1.5250354659161047,0.5194808072014253,2.100282064949912,0.13452283286601857,-1.8650584839839908,9.061862437573119,-4.629607092830813,-7.599132727652462,28.11708633484363,-13.756493586788698,17.578289392823912,-61.43221779572113,11.057666518706487,11.603402194161799,-0.8353755132601843,-22.357635887531426,-11.008509378312345,6.300695777128625,36.20248895847154,5.184163760867561,0.0
4.094700251674809,0.5100409877679248,0.7707476014399065,0.7849243798920746,0.019676019873829893,-0.00021533183769849236,-0.6192790370464413,-0.245062139161415,-0.02380335518625,0.03917800742885649,0.923356800620041,-0.5920566156389481,0.026456308832121005,-0.2924856110534713,0.14954977054975507,0.03626864008562506,0.5272265561362712,-0.35349409930053494,-0.1639487768876137,0.6290842168138804,-0.288283443689432,0.10467091580187661,0.35173946217422714,0.07771913046160865,-0.5154055307411429,-3.091449089821342,0.9498159964560031,-0.6139206926136149,0.9422443634549611,-0.2635880669228496,-0.7848697692106379,0.5237539764621137,-1.1017549141059364,0.6755927048314785,0.28419125159569075,-0.6819665602321985,0.5819033426003413,1.8242393591890074,-0.4126622316259392,-1.811071303865461,5.234794839692291,-6.385795332919928,-6.610343658157271,30.91977993388367,-11.587727723333414,13.190526913955399,-41.49735526227252,5.5223739361324515,16.279254272017177,2.0163593671372286,-12.736150641962995,-4.292660976705974,5.492469892964517,25.65489489891458,6.086971445032743,0.0
4.1074987446973115,0.504387624368274,0.7723009671796409,0.781702277827667,0.0229727456956533,-0.0015924719204789685,-0.6232264964099515,-0.3061357086291653,-0.006970743256539047,0.026027520629595326,0.9445343289602645,-0.595428919841714,0.008064338332612678,-0.28381728088943026,0.12415462457888296,0.04462397867734108,0.5338020252260144,-0.36076446842381216,-0.15127208739530829,0.6514048295428663,-0.28528534362871727,0.05951973311441712,0.356483373477672,0.05624677478449878,-0.5385375260828679,-2.850600030831169,0.7701208196373738,-0.6077751892144406,0.8919768151650407,-0.12712179840988047,-0.8070235285700765,0.42508471884318016,-1.354832256670643,0.32418557675648196,0.3666486409561618,-0.19092254466790745,0.6818094748540532,1.4538902107663554,-0.7940425173252272,-1.7487724106746956,1.1207251337425665,-6.438621334252596,-6.093571195626413,33.863916610115766,-7.1896473142464465,10.236135985803456,-32.683533469913684,2.253763549798317,17.33799247805624,3.8026454414397266,-5.890935676705467,-2.533185729800377,3.8507854435468394,14.078275455388576,5.369760925338794,0.0
4.120715976422462,0.4987159154242912,0.7729922125823583,0.7783149822003299,0.02590886532618478,-0.0029657898355767588,-0.6273322271895981,-0.361427924556187,0.006459726584128502,0.012593872540963114,0.9655712433432833,-0.597382261444229,-0.00849789591188925,-0.2768456958980124,0.09406426421898155,0.045075677727952866,0.5423474001687084,-0.3621319806099619,-0.1371770568015905,0.6703731011326098,-0.28881294712242145,0.01823942563390333,0.30071071408863,0.03760446871453977,-0.5634211790108667,-2.533582596517665,0.6206639429212653,-0.6287667265314278,0.9257939672678117,-0.07957237137983368,-0.7093550492781748,0.3526877166598754,-1.5465610629177777,-0.05700490398914776,0.4552454674140775,-0.01579947907423994,0.7495989170044576,1.1744448120134243,-1.0159582362217812,-1.53834756310049,-1.9926186484359323,-5.399756561665642,-6.5926910367398,35.86527164930077,-4.055883980438125,10.214058474208306,-28.22604689707034,1.0194966027006929,15.66354059171524,4.741326700298159,0.8200942156002171,2.2662258059682445,1.556968221132318,3.188906359542315,5.42334195819622,0.0
4.134330946440103,0.4928952164542695,0.772948676429329,0.7747831213852557,0.02814072789140415,-0.00407434355324499,-0.631587376358072,-0.40933698476782704,0.01649889359964098,-0.0013923838605977023,0.9872205838187608,-0.5996759266852247,-0.021292853835512028,-0.27043102966360844,0.059790039781817274,0.036982317633458404,0.5516368356956217,-0.36011400260091236,-0.12298769397481062,0.6898229579514203,-0.2983479751695078,-0.015281080588063411,0.215131026151802,0.0169210623796339,-0.5861384691619443,-2.1420141988088015,0.4525899669946358,-0.649019632157533,0.9712833627602854,-0.10822762208813025,-0.532590524110621,0.3477972306430319,-1.728376472011105,-0.4583540889881231,0.45026369704584535,0.14629299518995223,0.739528840892952,1.0429248206050261,-1.1639853326550504,-1.2237447498149827,-3.733319300720245,-4.483746876161779,-7.121761026415619,36.9921683840508,-2.663664275929739,11.917780644669723,-25.826298025618623,1.3509747091417996,12.183564855825312,6.215267876630314,6.809557909259408,9.418113908115725,-2.915820429761727,2.161162410567843,5.113164954447305,0.0
4.148389536568219,0.48680073647488753,0.7722917421960878,0.7710544232071841,0.029537988463614877,-0.004920812123556276,-0.636064752441295,-0.44816572483163436,0.02297654733977147,-0.015068362341631546,1.0085536348193713,-0.6041244668062121,-0.029168636229452972,-0.2624908335859254,0.020844361651120136,0.020483785169102462,0.5592115289582502,-0.3557975709393793,-0.10303786266083592,0.7132647695176176,-0.3135147488082229,-0.04510198600886567,0.1364745132085103,-0.014782031615454896,-0.6312960611753655,-1.6707383447192974,0.2808790554253739,-0.6018393479515568,0.9479078982998399,-0.220052804554077,-0.3109121396280511,0.46254007559296867,-2.0009724312424444,-0.9038311904822975,0.3215605867656371,0.19564588745107614,1.2317440645635536,1.010903784393104,-1.1756854336899984,-1.1569103714285047,-4.1802663632565515,-3.420769951843481,-9.853153125132035,36.56266653006516,0.24444303322423555,15.650657932822043,-24.334083057631904,3.205478528173438,7.507894060244344,6.1925335404966235,7.738787426447413,10.609573550943033,-4.521933030390339,1.4388360047400983,2.650498391092812,0.0
4.162874392097943,0.48033111587660565,0.7711208835177705,0.7668670768621644,0.029977785698219735,-0.005519089472985792,-0.6410817096446446,-0.4760943854826629,0.027373785682650472,-0.027015236713445814,1.0258438210660756,-0.6118027332640187,-0.03182641193877712,-0.2521476873372492,-0.0212597947364714,-0.0019686558269126748,0.5650802034721368,-0.35293978393156356,-0.076396720120275,0.7235306101062935,-0.33365723086433674,-0.06472379005156506,-0.0015180574112691296,-0.052602222035978294,-0.7022027814857513,-1.130848207445384,0.2948484648887683,-0.5228100638380191,0.6947352456338542,-0.37152454227481563,-0.08030475618784973,0.5229830232036765,-1.6846100820361625,-0.5600724954273427,0.4199177371182265,-0.7166882362521885,1.8072082029992003,-1.0369483074931347,-1.2789581416658031,-0.05477026013657535,-13.50502427987436,-1.7014900804985087,-5.531780008156504,31.06155043193398,17.236953865904393,9.667370601753028,-24.574424014802123,6.5262065959155064,2.6276830131471383,-0.7272225182836562,89.30452231880086,117.46831937589869,17.448468944867162,-132.12918688830104,49.825687397784435,0.0
4.1772583044674345,0.473395887586128,0.7699879370224014,0.763036542538975,0.02864948044808766,-0.005185299984759961,-0.6456992757346797,-0.4923971543462747,0.0339977171764026,-0.03825952708273295,1.0307280801360978,-0.6214526413048814,-0.0319015642032413,-0.24048623211917913,-0.04448445629514584,-0.0028630193783711418,0.5732625284239065,-0.37515961044364315,-0.05078871966284119,0.7204519297413357,-0.35694670858370353,-0.05356427621028641,-0.1863325174505459,-0.094874920829122,-0.5145444598608447,-0.5830539976570804,0.32896958076932664,-0.5550586154708388,-0.014879683595411558,-0.45816615899743157,0.01509590934144699,0.6851632039154694,-0.9125018345844297,0.15701686010636,0.262559327593013,-1.0433791977240539,0.9697358156036594,0.4909528428706273,-1.0252863429730634,0.06376346843437405,-6.522540522208163,-1.78038602346983,8.991085775161444,23.36302576412045,-2.0829492030100276,4.521571290928591,-20.36633306981034,6.795955844494116,0.6792660976985616,12.143114503903455,15.037831715087247,7.151273107356702,-18.80673980549058,18.372711197843625,-26.74380067865897,0.0
4.191974421728563,0.46607863611278516,0.7689813133143455,0.7600739444270648,0.026619805980019007,-0.004893522312067402,-0.6492726995431516,-0.4967506323778141,0.04058025828766445,-0.04387070323024207,1.0161013105653338,-0.6306027104515828,-0.031104621005909026,-0.22494120817001328,-0.06236826628320967,0.0021357738227096856,0.5760642736183507,-0.3920362793269437,-0.037067216670561155,0.7489257691416183,-0.37008554723491555,-0.05276663728245018,-0.15814402693030738,-0.1253688902265673,-0.4160563560863259,-0.03533359716812194,0.2994092337477452,-0.11148686997232554,-0.9947787906688285,-0.42054301626233287,0.03702807346038279,0.8162729477161818,-0.9073404968744523,0.27391842733578703,0.0814041314746575,-0.7588105662515573,0.5452160674010087,1.4790219643304332,-0.24800819744260494,-0.6086829924761361,0.31449682109115285,0.7005635349869278,5.5622245031186415,12.011071835965202,-5.404525273150584,14.215518107725504,-6.626408793643194,5.662327634301729,-0.9702599480950548,1.23929666288349,-2.1282204889317513,0.3414375637154242,-3.014135599035812,4.548712911057546,-13.71711185664051,0.0
4.207255513914974,0.4585024356732212,0.7678961492159233,0.7575124928257408,0.024549162175418054,-0.00515761854729972,-0.6523385323743633,-0.4878107165372522,0.04596090269177747,-0.044108256802806695,0.9727933330335744,-0.6356870712548448,-0.03215855469188594,-0.20772349810139326,-0.08031583310034979,0.009375086927759999,0.5777777032735394,-0.406136596662924,-0.033292408050407916,0.7754537525010264,-0.38118275911543553,-0.06437275419974811,-0.13940506071591025,-0.170493946624837,-0.3646131297896522,0.6147207352497862,0.23394638343526244,0.007166685338880421,-2.4637876243755583,-0.22466612845583592,-0.06007290584236355,0.856625322399644,-0.8861669971530277,0.3952375213506916,0.11550751607237983,-0.7112103344079728,0.05507156931844849,1.190177588052764,0.07734096483733355,-1.6973082298895679,-2.22194835011934,1.1435041115501932,4.747709291384925,2.6819148529657095,-3.6528615265015953,-0.8059405365775548,11.923172186132913,0.47603270483460935,1.1395078724715069,-3.561150617642106,1.8696686784052774,1.2316907573834293,5.337445129505329,-4.079054115863568,-6.877146692751504,0.0
4.22295075984361,0.450689761318349,0.7662375468555309,0.7551299198455702,0.022028599324494576,-0.005864792351408157,-0.6551787154483117,-0.46125413787166525,0.0489473864688947,-0.04633146884149992,0.8851363446962167,-0.6357139133239655,-0.037278362808480264,-0.1907153597491073,-0.09748040179965044,0.018607783305948554,0.58338466131563,-0.42273403967658973,-0.035191113306704436,0.7890293394952109,-0.39052461882368145,-0.1119320688960399,-0.19156650467116057,-0.23111889904288443,-0.33680192105523055,1.4959713441038842,0.1223243091487644,-0.24781020453035651,-4.740813963361351,0.008656241427212706,-0.24762742052022768,0.7885388515173798,-0.8066769973998805,0.4498259244027671,0.4347770693854258,-0.9401225406325828,-0.10207419332049467,0.23895551695870051,0.5600234337185642,-4.043577827436321,-9.17225363594507,2.3935474808568,5.755090323824998,-10.305109429243439,1.0024050330520717,-15.89248663555403,42.53685226856409,-1.5498462413584873,5.371977246306482,-10.548257191448355,7.805435314987571,-5.912727974310568,17.744148471985444,-12.198453211669236,6.189961283780151,0.0
4.238743301785005,0.442551875023868,0.7631654506744182,0.7525446469386391,0.018207853993250027,-0.006811875568959191,-0.6582542265479154,-0.4054933845364337,0.04801902033902322,-0.06183996749886317,0.7187882298656072,-0.6391742762290722,-0.03895753743800091,-0.1750655547482143,-0.11237671146392145,0.02938546462608202,0.5973918425845735,-0.4449007170671586,-0.03179382748553474,0.7818746098575913,-0.4048629143901397,-0.21149331286675838,-0.3476053724086537,-0.3339718515343743,-0.3873740497928732,3.020812187643358,-0.01095473453667991,-1.149326174606091,-8.872602409065935,-0.3216323422161288,-0.02338861819406972,0.6459880398293709,-0.6025680717685145,0.5085718264227508,1.0026163357037052,-1.2741372776849003,0.3504230275332982,-1.3932064301650555,1.308146796531027,-7.709647903760846,-20.245900367942003,5.056980359395247,6.027004787331947,-31.99688536414715,17.11870280032782,-30.51708566810583,100.46157978332383,-13.854280496496463,3.1585583041670806,-22.723225512983237,21.089281477675044,-10.835506326822912,36.22147672852558,-18.2707612949131,21.744464419620297,0.0
4.2542388254257535,0.4348385738514691,0.7593141527731011,0.7503450477742644,0.015227882649811668,-0.00835049158036315,-0.6608181975104868,-0.3582229323717677,0.0417049329839576,-0.06649144575875393,0.590157742935412,-0.5770791709098975,-0.05669411899769405,-0.1711001960328243,-0.131477436253335,0.029266516796589287,0.6415077700764519,-0.4696041105929981,-0.026137314138600858,0.7661439410928071,-0.36186738297621746,-0.12399802799023901,0.17587204758100006,-0.267663706695814,-0.14825086714081734,0.89674637353294,-0.9569800339641836,0.38779301425054913,-1.7739005789349873,5.549270216194425,-0.3156845839489072,0.12070966486149148,-1.2748617921199188,-0.27975281154823095,2.3292826632013113,-0.5541797988276126,0.1625306404045491,-1.27798960126776,0.8121209062102159,9.379033352994162,32.97283201364728,-1.0345103391718586,12.940820015274083,-86.13082325401257,-68.63400920934338,28.156308320913222,308.1628736378441,1.7726189771570837,129.5509943111651,16.58384412544272,-18.219431050467936,0.9757109686362533,-33.38248285333164,49.01001800746529,-6.747256162044676,0.0
4.268508954370519,0.4284546143373881,0.758166198781619,0.7496390633115962,0.017479116703501392,-0.010201778376859028,-0.6615373602106908,-0.3551063562394814,0.017965348279284483,-0.05697076870502698,0.5825889344192308,-0.4684447831494637,-0.0521096084060319,-0.18558388738404064,-0.1470984310903504,0.03361459251594747,0.7221830376865358,-0.515700065179149,-0.01985301256962423,0.6698965526669366,-0.30713450188463776,0.002423670970953839,0.3320185595636809,0.14104884848295496,-0.04515566328555834,0.03530084006847926,-1.2514249241850168,0.47978930425459176,-0.1248872175301123,4.733990069762371,0.4664041102598328,-0.8709987843816054,-0.37648889291527554,0.3632516655246407,4.077156065317224,-2.285493410103691,0.288429882652393,-4.896725822353213,0.10472882978133047,6.710186968084522,0.6367083194850929,9.883569671355176,6.60209823590986,12.703961419133162,1.9297472472449066,-1.4897500797218854,-20.38646403514157,-100.93598471696227,13.919865452531988,13.41427391052067,45.70200327594028,0.15968392236773354,-68.3997367533339,45.510665625422185,-6.223817832685474,0.0
4.280764462590125,0.4225902922813811,0.7586576097623723,0.7500581032938849,0.021412324692727202,-0.010193075731221779,-0.6609466356988074,-0.35553304142761355,-0.0026418386938437417,-0.04475608762623913,0.5788503250971377,-0.39195021581584505,-0.048539205625237676,-0.20992714284175917,-0.1490309030983065,0.02832627095113882,0.8281365442984266,-0.5538029972890511,-0.01897600500610066,0.5664277142039116,-0.2957933896365124,0.050028068612605024,0.23104180663922014,0.3074239784998197,0.202131824833815,0.07737064257015577,-0.8637594038726786,0.6144194804619147,-0.39692438818410153,3.0968206876443927,0.10351168715830768,-1.0288842942474399,0.2313059338962172,-0.6619403527298638,5.058048075259188,-1.4605671624630006,-0.00043974114755996555,-5.101341753262937,-0.988543188373313,3.1878261719382883,-8.901188353779498,2.4388639335038245,16.862835078089624,17.224798293527332,17.227108710795235,-6.34509174683075,-29.77666778125022,-77.35952455658126,-0.19965987841976066,46.03576401410063,44.29831821599975,-32.91350370003081,-95.67633848746962,44.5776273162826,-0.9601461556772467,0.0
4.291185261071149,0.4167754218178118,0.7599007898833665,0.7516140137838023,0.025467022727160997,-0.008636275671248429,-0.6590547926991714,-0.35513350599393295,-0.013776631582955584,-0.02642613275365059,0.5735691401030764,-0.36084617529668844,-0.047302584031958805,-0.22858907604696926,-0.13716743071791504,0.008216120007877678,0.9235034952137074,-0.5909259002309576,-0.02202809562695289,0.48651432184416793,-0.2927849946970647,0.07618035693489508,0.1688249644647964,0.43526547119809833,0.2866163781530066,0.06913136467608452,-0.39711236688855084,1.0051649921865105,-0.364985709994825,0.8703852464828503,0.07486052603633374,-0.6571423857119751,0.9384886721986234,-1.1809389873387992,3.950008910289882,-1.6702625134512894,-0.1436665119935805,-3.5980950531048412,-0.47157085330792164,1.6769052438310115,-3.296235638886952,4.138440908782442,6.52450198264658,8.71390844738741,10.654249149463624,-0.6090915927817244,-18.8771373861963,-49.90839118142347,3.903362116093079,39.03578391593841,40.8739115970437,-11.506838690764068,-118.77138761022232,34.038385669112465,4.471830615578975,0.0
4.300372145462221,0.4110372757469704,0.7614037823390051,0.7528990843009081,0.030181792526278155,-0.006038138061578735,-0.6574158266633876,-0.3556889834617432,-0.015963792347528098,0.0017404293542697324,0.5698191117555055,-0.3628446545086148,-0.048394971753033235,-0.23790792772481487,-0.11349288870114127,-0.01879549436276951,0.9772656822466144,-0.6246030433362612,-0.04148619532222499,0.44135702450667935,-0.2826344354495191,0.0728439497558962,0.2087796709400616,0.5686947806657028,0.13270525837208347,-0.04883475622287459,-0.01659067117418018,1.5648107568094132,-0.20512504226163986,-0.4499838892205258,-0.06261264898442684,-0.3234844466986516,1.38271007128899,-1.3650961601807279,1.7007668443221127,-1.4871717533925328,-0.9624602009072392,-1.6817621014648207,0.5224566219596842,-0.4664536037939873,4.438360685943905,6.355167318775032,-6.518162267167938,-0.3581696754806769,0.15302985855542905,5.73879077938633,-8.439739319442536,-18.584891912582805,5.042012611678314,12.619018208722604,20.79842900042997,6.0965183663267775,-100.12920524488482,27.38417947152026,19.253032438047768,0.0
4.309269240320933,0.4054441320017895,0.7622497822211608,0.7527055844354508,0.03604404327882393,-0.0034517562309580394,-0.6573607955169855,-0.3620557211125538,-0.011801409695346904,0.041999037940240326,0.5813793323339503,-0.40084549654679874,-0.057567292077666386,-0.23371558385423571,-0.09071954023927646,-0.04910285687596451,0.9516387363150632,-0.6432305161133901,-0.0850550917059747,0.4532826782353423,-0.2695167801180476,0.007049647452497303,0.3738930547330175,0.6127064552393687,-0.18944547803318273,-0.4332410432500172,0.22443729557342365,2.2545009775377314,0.8002774816621776,-2.0629372401878956,-0.5345201437440167,0.29390612994605864,0.9497775652584314,-1.3461343986810244,-2.6019002189621347,-0.7702165238328887,-2.0585987340049203,1.3309777545072399,1.6799140781139748,-4.63506004190308,14.701925601952572,5.169540982863153,-21.085783647649933,-8.24104252206026,-11.713780451318978,15.390094936930106,5.57425327020779,25.380782581741393,10.134534922001631,-14.826594218048612,-21.790393296463733,35.28881554255304,-66.9987154309356,8.798991151727293,41.587588106721086,0.0
4.318606702936268,0.39986141380457313,0.7610431990691863,0.7514476728784125,0.04239266935773613,-0.0015562767669572005,-0.6584275468971283,-0.3871868053609735,-0.014641526103034392,0.06263515299878744,0.654691832934786,-0.45561646322574917,-0.034062728831778695,-0.19671184253214696,-0.06231305814431951,-0.0455098341303669,0.7740320923273426,-0.6801586559576224,-0.13352244949924796,0.49436105006431996,-0.2695879540529111,-0.14289296767281248,0.49374999606118647,0.561806728972959,-0.38814377560203644,-1.3963782928285267,-0.4745883870319766,0.3845151135089111,4.5650139641880285,-2.305809037259165,1.3153204677385628,2.1346319665382083,1.3960448794351665,1.442248169584701,-10.891418898547933,-2.018617910550945,-2.148950508568151,4.158532114310955,2.4629091859702146,-10.77358816143102,25.342928308811945,5.1500392475118355,-37.77562125767433,15.100929653750969,-35.72660757796842,-32.85678562592563,-1.5321592491502578,70.53481217319664,-25.04630895828422,-38.79573490006836,-39.60047693652108,122.94374029879933,2.393767390865307,9.542122610549047,43.13453193523118,0.0
4.328850846198606,0.3942789173996024,0.7567797239388111,0.7486575761709102,0.04890037683390394,-0.0012381723989213975,-0.6611497967302961,-0.4139852953225328,-0.0334302510822563,0.043940067388649265,0.7631839455616392,-0.506434889121296,0.017741966787235164,-0.1608717218489949,-0.037987417722238,0.00844958661012554,0.5911384922832982,-0.6015752748228537,-0.11937763236560144,0.5197619199087073,-0.29303732676533556,-0.21335447032793003,0.3642456137011303,0.3339567022321659,-0.45725340349260457,-0.8577572082067823,-0.8545489753439932,-1.2670425867562716,4.841056435336461,-2.12228082155761,2.4510943756733448,0.31676149523952346,0.793571191701613,3.0581095487547536,-3.444947517234109,7.451927101520577,1.4933821142747963,0.4422993743114188,-3.964418782770216,3.715635043266922,-20.280228110718642,-19.895128087177408,-0.04807060644054592,87.73718881680996,32.9730047576594,-3.8608347520553097,-130.62767028246316,53.89553875174281,-45.52493434653067,-118.15620879369241,-77.77859282207197,-90.82932190930603,526.7921661248419,88.99578987986477,-60.92067830360356,0.0
4.339060564399153,0.3877649733938146,0.7530192503104932,0.7457785482495736,0.05051521621186828,5.5642528681283654e-05,-0.664275971871433,-0.42346053962024105,-0.03728224996326224,0.019635514860951532,0.8596269149977722,-0.5555086023257501,0.04796392437027685,-0.1693118430973372,-0.03389357225432067,0.044576378569058175,0.5960625169276605,-0.5170116095258002,-0.08214377895815499,0.49734047432957,-0.3701428202897213,-0.1441354033767271,-0.24374004042738545,0.017006637878999906,-0.3692815055071111,0.12592563581040755,0.4353360871935179,-1.0983453782271786,4.074761823868708,-2.150949526676713,1.1501841986714358,-0.39753144597897444,-0.06919443154337161,0.7959342201752613,1.7723339232206143,0.5057372615307458,1.8899011285617409,-1.9974226952213454,-5.875356069950076,5.360053278356905,-33.416102471350726,-21.09224714865848,11.625203424651653,77.21508330865635,71.45292984861817,12.58171130115912,-114.38212899653618,46.77928287314868,-26.238383451533206,53.06840855167967,2.5350909007667037,-74.42246216132916,22.60963116601862,-240.43034956450316,-19.387188852032818,0.0
4.349454108913459,0.3796719982468782,0.7507443996436456,0.7437724393086342,0.04878524689824531,0.0006634222316909324,-0.6666499216837162,-0.4000390260549156,-0.027688780976756873,0.009684390188848221,0.8719276200554931,-0.6154009894847425,0.036119602517236477,-0.17183990055020487,-0.04122549087379889,0.055852239396518615,0.6342755293459144,-0.5352721630753074,-0.05341293441315095,0.5328449084435651,-0.42449699479335057,-0.10076090769841836,-0.13426334911193033,-0.1180848503120231,-0.19148768453720222,1.588188505648752,0.48329056390105485,-0.17159375555018191,-1.1091661515917604,-2.9038905748304575,-0.810069580904641,0.15967728463107206,-0.5231128177695643,0.3794076941421063,1.6390584287863361,-1.38800251877997,1.2079879285073873,1.1370270756925493,-1.4744526466555952,0.5016292303354544,-0.36382729680259135,-0.3184107630875856,18.409325575880803,14.178345954299509,-2.605849876330179,22.56804859852476,-110.12905305172843,39.92558297759484,9.746666007968388,31.53252566416866,-12.264068468813486,-21.428170498396973,-46.616227490890786,-16.297298985713855,-18.315113644348088,0.0
4.360221942891235,0.37067478778405644,0.7487775300066701,0.7425625986249441,0.046473923891218454,0.00041654038119372044,-0.6681622467751639,-0.3462728422688324,-0.01882426039676147,0.010745513925257268,0.7713130269345845,-0.6712784285969804,0.022320550584952362,-0.16193519577327514,-0.051237984838601154,0.06379354985567129,0.6576607495987971,-0.5615547384251747,-0.03446821717511212,0.5354840500455821,-0.45118372542621943,-0.11923660957716034,-0.24017987835358204,-0.14262375174133882,-0.1091719622229159,2.830743659310133,0.4370768389034372,0.07624711586210224,-6.176215692779051,-2.5326619708746803,-0.5816757274207836,0.5967122999602561,-0.41797196333888714,0.29417378599344185,0.9132558824797216,-1.2629623160002594,0.7747716670479659,-0.7878237795719514,1.2327349784096617,-3.73620546201644,-15.077917308321165,10.404661595991092,14.581226374914698,-36.4160290496534,1.720220605982933,-7.1120952837199845,14.28365538552783,36.83198081135144,11.893759294527063,-1.4268059376606552,13.185649732160316,-18.733410025406336,-18.666437865324536,4.636570877822969,-12.823039667795795,0.0
4.370999056742835,0.3618355639085268,0.7466689630226084,0.7397782919540925,0.044811824734748616,-0.00012069289210490829,-0.6713568086722994,-0.2961984430188838,-0.014224670804819374,0.02325216632800538,0.667086405167288,-0.6319261391840445,0.002868664849285328,-0.16789140747432688,-0.06354229105901035,0.06644506065487354,0.7098282717668236,-0.5750409021544018,-0.030245302554096208,0.5455372271267284,-0.44059970210645,-0.05923763069910013,0.13153361678869419,-0.20226827379394519,-0.5207277962012615,1.5120391069440369,-0.23158685406803348,0.9983962761528089,-2.1024952692755527,4.098746193689755,-0.6055749875692057,-0.6012543418481656,-0.8832013253222087,0.09992317942107862,3.157806336708824,-0.0848793905878483,0.03431878078904363,0.6859543452047586,-1.9794175148805186,5.864209557094571,21.39928332407941,-11.982834315326876,-11.821189200493361,-48.28627687573043,-56.31783304952661,4.855111564457816,211.30185697237314,4.853039888154253,73.9308011852518,4.005329814398035,-23.53083742877883,12.162827008670025,6.291826709511016,60.533418265474495,-13.374756382094352,0.0
4.381577477529098,0.3531408648088424,0.7463207308194174,0.7344482784689561,0.04596601349579367,-0.0026514486954808615,-0.6771010424427859,-0.27061922734428856,-0.029291400697589898,0.03910619640883606,0.6357419760898704,-0.5266582560675233,0.011357172929021239,-0.20052987946588377,-0.07874125912659029,0.06759464915856596,0.8226145797999169,-0.6090759658615472,-0.025892725334670016,0.5069586587738921,-0.4544473577607948,0.021806182972615572,0.30679307404535777,-0.17252559127469977,-0.903931808786863,1.4173761699460918,-0.9850685558943635,0.5828305617319445,-1.483786273720929,4.903386376348697,0.7956264227266715,-1.7713611289364652,-0.5124533445892693,0.020323510448112814,5.8194189967948455,-1.7092356344135164,0.21165310527474787,-3.071754554559319,-3.499010047827638,4.47757490126034,-3.484866377323418,-8.726471693820086,-10.275750465609587,32.880728915387465,-10.892371592604212,-22.65688125256622,-12.90144360674903,-93.60914951960005,15.296622309314271,24.19811173651653,39.22997036924101,-2.9422954995909936,-84.57696107146701,36.82586073209739,-4.165412418808862,0.0
4.390952433676211,0.34405252090115185,0.7470740788402263,0.7283004239409312,0.04722687762565662,-0.004111517301272745,-0.6836162739012823,-0.24485592013819557,-0.051030213185364694,0.042570229602792414,0.610002903117757,-0.4575214227301481,0.026545031110742533,-0.2440034721213196,-0.08728699424355986,0.05419497062243109,0.9456837767926172,-0.6421827678479678,-0.026907741706365992,0.4320946204816068,-0.46717257798963363,0.05654368360845334,0.09448392617707144,-0.006767041554877486,-0.8460049977562176,1.3167625860194534,-1.0242871343177145,-0.07886201196913759,-1.307042443415066,2.5695353571893005,0.7052564181488201,-2.1011282885432636,-0.16676100963553347,-0.9899214533498629,5.3986915444302195,-1.3734737255421277,-0.07796708839681056,-4.3888903425631876,-2.0381710409978044,2.354525132553103,-16.698972885683716,2.7717919676084506,6.225614806122029,8.812345024022404,16.00649792655797,-22.69413587424793,-8.980788080498625,-83.8096279593028,-7.420403316912735,29.247544879725453,41.00914400779476,-20.803334260633278,-138.23804196408364,32.83451195417807,2.451393220245622,0.0
4.398795699078029,0.3342487974532472,0.748596365091944,0.7226342885319839,0.04667644796666445,-0.003858517430442508,-0.6896420129939362,-0.21678932218135002,-0.06143755246608771,0.048798692516617295,0.5900345119860836,-0.4463563769540801,0.03698071134708865,-0.28103534508783345,-0.08911118554814222,0.022955536409983913,1.0297700198791506,-0.6581966153033251,-0.028993771179602845,0.36034243524281406,-0.511065212655499,0.0916007730031174,-0.1436178868496799,-0.09299667054009772,-0.8047468842144373,1.5385398500359722,-0.23027163606873985,0.4350486974560884,-0.998744920647149,-0.237613052425817,0.3995668829823655,-1.5685208607046737,0.11375353978281565,-1.753958312435576,3.0579881588249656,-0.5725433137024324,-0.07411816993184019,-3.480917449948111,-2.278775432634536,1.454731073849441,-12.814161140990286,-4.487232101750503,2.9788598870505534,16.100656566107407,24.157212933928555,0.7782955958842837,-10.509839594349897,-42.909685871312426,-10.22760156408281,33.04893104815349,33.11574734884519,-2.358835305547845,-130.38554489668533,14.28294411710963,4.3290209361080585,0.0
4.405295972618806,0.3235590063824714,0.7506142875219065,0.7169363162486619,0.043500888180785076,-0.002616020777271584,-0.6957752134177931,-0.18223299894624678,-0.060196930594846265,0.058949387604362566,0.5674063096833395,-0.454086044342472,0.042402058704775224,-0.30610313544423756,-0.08059444018284705,-0.01442989900336365,1.061299996199829,-0.6619821592146898,-0.034710048052111066,0.2972163917944126,-0.5488836537473999,0.10112233643547111,-0.4055375373158312,-0.19626264952507322,-0.860455201852594,1.8157696429449157,0.24505333474316415,0.49813256004471157,-1.1723209389297338,-0.47067790653160313,0.22082022894896397,-1.0857493682523642,0.7486534575953446,-1.7920932435654064,0.6243847563898861,-0.06601269916319528,-0.2635761148789884,-2.951599699853133,-1.1905045213044543,-0.6039479913695099,-11.919506978166481,-2.3670569081924127,-0.8677522238571529,3.8718109930551305,15.886527532888728,-5.796452875768029,2.0329761671691697,-8.922173426719839,-2.3051773506236333,10.794395705484074,38.54303303504394,19.12439015892407,-83.12761282332212,3.5717448953067192,7.196936351454468,0.0
4.410829253906074,0.312317573457016,0.7525798869517305,0.710896402370779,0.03873739036646827,-0.0005601167486134232,-0.702228884305615,-0.1436817713793526,-0.05327783845236317,0.06967490870168397,0.5406574273861721,-0.46162152107564086,0.04402617281927772,-0.32540749219569426,-0.06395475616859823,-0.05208338562761755,1.0547558487837534,-0.6508745145087182,-0.041227875213785896,0.2606373189883792,-0.567297445633599,0.08687936198094838,-0.49821348165190166,-0.20629824461826723,-0.8985979231222994,1.9286669398800385,0.39790972441470707,0.5323414149121186,-1.3488921081402119,-0.36668284387259686,0.041074735914689096,-0.9739059074181936,0.9582421771484466,-1.7876978805506742,-0.7673356848347775,0.5996772265206749,-0.2733581398693372,-1.6913997937441991,-0.1826942141982494,-1.9444515056117575,-3.6242386378308433,2.3620074665950734,1.0939547429323973,-6.503870422488655,3.3190948602831813,-3.4511058561131067,7.673690616053662,-2.9173490797722974,-0.6329042361854488,-8.518654008482647,16.751620650449077,21.48054005962985,-25.136349209238656,-11.252914857711097,7.823412887797057,0.0
4.415775073146707,0.300874677021106,0.7540298977690298,0.7046386120988686,0.03388415253478792,0.00202911742239431,-0.7087539581750968,-0.10489591753559582,-0.044882715566505166,0.08120166159287333,0.5120955675197069,-0.46702821722264826,0.04173284611962728,-0.3451164130207078,-0.044672988022102025,-0.08825903924407093,1.02946891045857,-0.6292922047901354,-0.04695953029581292,0.23748787062230364,-0.5713881669401027,0.05261351227236673,-0.49901130760716095,-0.14528204588279311,-0.9017552480338443,1.861623842919354,0.40479322206164253,0.5724316382530851,-1.3654248046279085,-0.28047807336312663,-0.13887208675624427,-1.0891679068312794,1.0063519067061355,-1.6820815997601435,-1.3548205189695086,1.0218284280918952,-0.23290166110584382,-0.9955262551287877,0.3797866922525154,-2.7599263818682855,1.1038251976591993,5.155055028628298,3.689879317426122,-14.574758001816644,-3.941050590935189,-3.5498175292224223,15.926204920058517,-6.813388985888398,2.52852568074948,-17.30845972059096,6.283132342853608,23.446137348315645,10.076172478780858,-21.207672188321347,6.900652711799031,0.0
4.420322833513437,0.2893409742196874,0.7547708237290981,0.6981698290717443,0.029618209064785943,0.004787718861193935,-0.715303242837493,-0.06705188842875794,-0.036941667313285034,0.09436579763563833,0.482908595993943,-0.47053772873305383,0.0348817349544509,-0.36730815497027103,-0.024566397652678217,-0.12179274404850404,0.9970078508230257,-0.6040817101666361,-0.04998093694067896,0.22041114114299507,-0.576533227897494,0.016986625030055092,-0.4433291138242931,-0.09874142419396086,-0.9234617257014437,1.822169222121742,0.3500697238037638,0.6750750290467177,-1.3866596580635153,-0.21751949841618867,-0.3251051189308206,-1.2142562019209007,1.023296212883152,-1.5554827607945412,-1.5509659865962584,1.1228007970951188,-0.10199557991879152,-0.6925468931541445,0.27693719769375785,-2.7099350120785806,3.8299065995627517,4.2225162213769964,3.624523204997799,-13.801407241902055,-7.588005703712516,-2.034481073985528,17.554331519516268,-11.497094394321559,10.077230605312515,-16.560122071928276,2.6628501163567613,21.194154699118915,25.548875134569876,-25.39090077861754,4.2585316745564885,0.0
