floating_base_joint_x,floating_base_joint_y,floating_base_joint_z,floating_base_joint_qw,floating_base_joint_qx,floating_base_joint_qy,floating_base_joint_qz,left_hip_pitch_joint_q,left_hip_roll_joint_q,left_hip_yaw_joint_q,left_knee_joint_q,left_ankle_pitch_joint_q,left_ankle_roll_joint_q,right_hip_pitch_joint_q,right_hip_roll_joint_q,right_hip_yaw_joint_q,right_knee_joint_q,right_ankle_pitch_joint_q,right_ankle_roll_joint_q,floating_base_joint_vx,floating_base_joint_vy,floating_base_joint_vz,floating_base_joint_wx,floating_base_joint_wy,floating_base_joint_wz,left_hip_pitch_joint_dq,left_hip_roll_joint_dq,left_hip_yaw_joint_dq,left_knee_joint_dq,left_ankle_pitch_joint_dq,left_ankle_roll_joint_dq,right_hip_pitch_joint_dq,right_hip_roll_joint_dq,right_hip_yaw_joint_dq,right_knee_joint_dq,right_ankle_pitch_joint_dq,right_ankle_roll_joint_dq,floating_base_joint_acc_x,floating_base_joint_acc_y,floating_base_joint_acc_z,floating_base_joint_alpha_x,floating_base_joint_alpha_y,floating_base_joint_alpha_z,left_hip_pitch_joint_ddq,left_hip_roll_joint_ddq,left_hip_yaw_joint_ddq,left_knee_joint_ddq,left_ankle_pitch_joint_ddq,left_ankle_roll_joint_ddq,right_hip_pitch_joint_ddq,right_hip_roll_joint_ddq,right_hip_yaw_joint_ddq,right_knee_joint_ddq,right_ankle_pitch_joint_ddq,right_ankle_roll_joint_ddq,fallover
-0.0023944649095309794,8.126493536213684e-10,0.7906066230229524,0.9999850351300017,1.590703861567386e-08,0.005470787516274827,2.493208403436726e-08,-0.05583052689535867,-0.000692797259120891,-0.002994521483458999,0.12508975618423707,-0.07646444071835753,2.7707160281795663e-05,-0.05583049673453265,0.000692415614714898,0.0029946669688547226,0.12508972267377988,-0.07646446538000065,-2.77405148984155e-05,-0.1317167967387139,-1.425302885264094e-07,-0.20807519999559193,-8.355582209588791e-07,0.6204500071958281,2.6957583156635175e-06,-3.190073467258894,-0.0012101646661250923,0.012483007052059673,6.709640766692126,-4.900360464751776,0.007145798405560449,-3.19007172401425,0.00121500031132093,-0.012487674092126394,6.709637705067982,-4.90036417558382,-0.007158775663535802,2.536024502792048,-9.689980004271981e-06,-8.410056409045332,-0.0006698060282988149,-9.093663120400619,-9.755140542527296e-05,45.27846864066207,4.412431796822664,17.431395455074732,-198.22159312647,-65.33530044271821,1.4735079891810186,45.27846869158506,-4.410392079320191,-17.439162093059263,-198.22186829463809,-65.33537354843952,-1.4763472573745198,0.0
-0.0032348261038655985,0.00012462719842092144,0.7875889549228051,0.9999659304520164,0.0007295699496396789,0.007984568891491302,-0.0019627334353747358,-0.08663765120842287,0.0036205011319257944,0.014562246938864924,0.18903097923103687,-0.1251925101766584,-0.00402906689738401,-0.10247103297873117,-0.012209882544281996,-0.02138355147035793,0.22475068456959343,-0.14849311063679776,0.014331882851861016,0.02383837797706131,0.013197095141395169,-0.09046215079042348,0.16133491398491975,-0.020001153114244746,-0.32340721824056956,-0.6463056035774644,0.1033332842141092,0.8767390489381819,1.794454906814154,-1.2076185738028902,-0.21012547605042317,-1.7040505817627252,-1.0609960336352304,-1.778517402287607,3.8913556437201615,-2.384388119722612,0.9004424744869752,7.229960966717182,0.3709455777568631,5.300522212239343,6.903807223842968,-29.979243975059454,-12.613109721092904,86.93217401487325,-11.715403509436465,-7.9997811222471995,-100.66850308315621,45.66921096416882,-0.9380439271596557,74.51419336363963,-28.240248342398242,-22.288808130814868,-95.23151502932676,56.14250878267044,16.85156774349544,0.0
-0.002806610919444858,0.00023292254488858493,0.7865931656184804,0.9999339954129692,0.0026562340439206865,0.008592548030882146,-0.0071496403054329355,-0.09112292720068904,0.004272106453803568,0.030514210819800425,0.20163378311538566,-0.1327961652242195,-0.005633907125939186,-0.16430635752555175,-0.04333295078525886,-0.05287039258562772,0.37341206720405273,-0.23826174087822385,0.02230541495362074,0.05185680873604557,-0.007804919730946068,-0.026463900289575376,0.2063395403649806,-0.012865627742346918,-0.44764376946727125,0.1729130068760711,-0.02628985141384134,0.6113500921071294,0.000976209047564805,-0.04700946098340697,-0.02592043172327252,-2.9174723776566727,-1.9732416135681763,-1.449068589783103,7.807877805607674,-4.2282765703027305,0.4387417170764816,4.952572546375912,-2.358958040064718,2.5111345198639365,-4.573918261450739,-14.730316691134968,20.22108788930009,43.845329388528526,-0.5966183604552702,-29.059727633418163,-49.557205088401304,18.413526526133946,1.0877362919642122,88.70149201452978,-31.213282262893234,26.987089646490293,-124.98649837287817,106.49398117982662,-3.2986589497974035,0.0
-0.0016120312027664678,-0.0006304655028913687,0.7861461414180055,0.9999159888534335,0.004127903122697046,0.008840380679437227,-0.008533658096774347,-0.09185850091781174,0.0036236157224277983,0.03357933010694046,0.20663080990711863,-0.13510131109801032,-0.008418412375617097,-0.22273351989552825,-0.07853755948511512,-0.05484541351189553,0.5399086668858489,-0.3483027185038395,0.012982674610394046,0.08434511681241412,-0.07800527361914444,-0.010152992466061597,0.04577409516865631,-0.01888875448134674,0.19033224981707172,-0.027493866318743513,0.02714079732465301,-0.247080701615163,0.2928797247419867,-0.13555184985282814,-0.2086542153664328,-2.263171043027779,-1.664991988367252,0.3082154903844715,7.009254905032236,-4.883353405053227,-0.5554855215674624,3.465162733934838,-4.250576084463326,1.8560071672371754,-15.071419392793889,-7.848795257235028,38.785586536928264,8.833039999243896,11.499859374824844,-44.70804138087733,-2.9251676806665543,-0.20611550464480888,-6.8099437017012034,101.48872126817399,8.767144181108197,12.080100011588156,-219.5337012433513,104.96228083761257,8.10731292887913,0.0
0.00025246303402614646,-0.0028172985121948605,0.7859563743415172,0.9999313684209815,0.0039847751393637795,0.009477732786024524,-0.00561716975600303,-0.09669353001605907,0.00593046884188734,0.025481221241288248,0.21748050353678317,-0.1406452902667851,-0.015817706590574434,-0.25815043883287153,-0.09968001637333905,-0.018752126257406302,0.6314957841080874,-0.456979531544915,-0.002781651930307727,0.10303677900041523,-0.13214087909616984,-0.006855762146823674,-0.0673318229777622,0.1175442549928941,0.38097052760038813,-0.32819745636270337,0.17793890544296898,-0.5190659348659162,0.5969929682321891,-0.3154040042292758,-0.41149689966427305,-1.3584734254003268,-0.9038810822197433,2.116321575987094,2.6951201889765577,-4.9234474613892365,-0.7358570656851501,1.1581865246377716,-2.3311848809205515,0.35103610727192414,-5.019187522865689,5.1039268020716095,9.451420126790536,-4.561699994782469,6.1075902368186705,-10.90191718829939,-2.6429491419215103,0.11620472471964716,0.2624829212055779,40.80063206897844,-3.9767460136722566,-14.831443098506856,-184.97698219513444,85.34932270429265,12.127162348470728,0.0
0.002768584091340473,-0.005973984409278094,0.7858409413047723,0.9999366425843658,0.0026291300799069495,0.010770010344083661,-0.0019507355834690065,-0.10300214032302098,0.012175550603535912,0.015580202088064406,0.23024580562545427,-0.14987987975538247,-0.024415153205247706,-0.27450406005321876,-0.11680969310878536,0.018583293309098897,0.6408795339674318,-0.5137047120449524,-0.013683813945643821,0.1410151289646315,-0.17648905492028372,-0.00678367704690026,-0.1717318695530627,0.1501157617863563,0.32377093291413633,-0.3006478175768694,0.38987989527816347,-0.4567673468882783,0.6276801129785087,-0.514744906285279,-0.4078285738765435,-0.598223901824838,-0.9200380857063877,1.5238181398429171,-0.6130746462481711,-2.077695308753045,-0.4437340952125589,1.4819475091780983,-1.964882019485275,-0.19628922049610004,-1.8087362934470657,2.714204612075263,-6.7663859910088355,2.3466465508823577,6.8980870275157296,6.067824183191083,-4.16092608382383,-2.077151750014722,3.504935467061975,8.903645423966829,-11.646143438443932,-44.0320776349213,-69.96577899058668,48.38237268654268,9.225377153911424,0.0
0.006234324670626044,-0.010261362677654606,0.7859059423410617,0.9999277094887121,-4.100281441744109e-05,0.011966729069414714,0.0011711151971369495,-0.10548804505945694,0.023535609095683828,0.0061059602299467315,0.23916029070062414,-0.16082415223772462,-0.03341250707681451,-0.28044160922668004,-0.13078432003547838,0.04358078179499192,0.6165858626268526,-0.5241857991447859,-0.016677858230364235,0.1963629408862357,-0.24428513987672706,0.009888287621056339,-0.3345357027848137,0.10954954367430057,0.28866982108334444,-0.02429329849577675,0.6943132880723384,-0.4783048311327122,0.3393926961131043,-0.540103331028388,-0.477070241605231,-0.18898643592143738,-0.5714025278405855,0.937551340647301,-1.272050212200309,-0.118877722221227,-0.04871129721267314,2.370960709455887,-3.275620855631389,0.6693653525750785,-6.156392628613154,-0.33580803091792344,-2.9290520013412915,8.634235623001354,13.157667549166282,0.3446954287412673,-9.529543246197454,2.6041413144781713,-3.5895317377804674,3.5308903925438924,11.966552504127066,-38.59869632172903,18.576501392896947,15.790415031458103,4.314753074345365,0.0
0.01077951204518101,-0.015816015392248015,0.7862310887559245,0.9999022473284981,-0.003647591561396601,0.012899169683100425,0.003975208762458931,-0.10285118700757429,0.03943589036803544,-0.0029550385297054706,0.2421331737527426,-0.17125145927088878,-0.04330796687787605,-0.2851922186325895,-0.13897608479451398,0.05746846495612613,0.6078252267336867,-0.5191269454007105,-0.02528804774423497,0.25384305718314104,-0.30566979275981915,0.02181557753686523,-0.3961280180226446,0.07746728868147719,0.28276236457470605,0.24411977170506227,0.8875864071342596,-0.44342180979029183,0.024845508299323815,-0.49123517503275316,-0.5220830189723972,-0.19384277947520873,-0.28830238867638874,0.43647032432696736,0.008009717397020555,0.3258414795260982,-0.4350309555256295,3.0174938151509116,-3.1473107445340034,0.5881782515492718,-4.212276171864004,-1.8449777487503694,1.7793424674504603,11.076093734625813,11.170529965056184,0.5979714998012983,-11.270372768350603,3.586851976327713,-3.393304223380704,10.249274745093999,13.955221249064627,-29.998603314089106,32.919592481675934,-0.9540253982715821,7.868870653477858,0.0
0.016416524525190844,-0.022458057132238907,0.7866200636005062,0.9998578534271695,-0.0073902815853139955,0.01368902152482529,0.006501335846893102,-0.09705393137919896,0.059218752544373976,-0.007655353568894189,0.2428547842410613,-0.18365014186504425,-0.05293131064257129,-0.2906856467284354,-0.14122728689490865,0.06511184774422242,0.6241285798435029,-0.5137998043030376,-0.04238529984280976,0.30811302480770725,-0.3542807807869847,0.015906302969235505,-0.3785860929208736,0.06994520924205495,0.2502175866900763,0.36307738894169334,1.0958703059778205,-0.08160393987063969,-0.03596952698217676,-0.5308484741310249,-0.5119518213706789,-0.190935667016512,0.0006994713821346574,0.22731718753215513,1.0589814936504462,0.25430456774868504,-0.8058547540212927,3.064024607643714,-2.594198118331107,-0.8170557415783942,-2.1337467743073226,-1.4742277642174173,2.894863944431389,9.284708846339552,17.274094674843084,21.532521644064936,-13.816803963346796,32.62192568499172,-8.774557299883124,18.168994642036292,12.816131569207,-22.005685799809754,1.8824882574022723,-1.49572960922645,15.628203416907906,0.0
0.023088719087788943,-0.02991925256456258,0.7866146669945079,0.9997968480027566,-0.010798430864344013,0.014627694634613182,0.008699837026958143,-0.09012530312293054,0.08180717177466504,-0.006899305501098224,0.24293399524842513,-0.19225815481844338,-0.06272109747372916,-0.2934555706982163,-0.1378667161667907,0.0704324767927171,0.6468020829553829,-0.5124362843018606,-0.06189024146433924,0.3555097343663152,-0.3868594853163238,-0.012905842981525537,-0.3097171042815663,0.11386614557578452,0.20598356544988078,0.3376109960104712,1.1102610666619803,0.03735067702087482,0.03212906324164231,-0.40232776420685157,-0.4937367918502929,-0.03685316541289978,0.24325067056648,0.19104853879375164,0.9989259383390473,0.016146470956628647,-0.8664932188070358,2.452103472883797,-1.4213035827741782,-1.4085652406542368,4.182813768916615,2.41147260495601,-0.2721795282825173,-0.8926850350598206,-4.7037372984736185,-4.59419224862521,2.4049383162722022,1.0232717894134342,-1.2899481244696873,13.537712698136724,4.885542685768737,-13.354712094851994,-24.78047606597441,-2.325139617047763,17.86330694822774,0.0
0.03068049949394099,-0.03781491195401544,0.7859322879202633,0.9997301181528935,-0.013043401888452216,0.016163361558883822,0.010407029753729148,-0.08407426693952237,0.10126737788557055,-0.007907045825809006,0.24468557736218421,-0.1995892938293005,-0.07154013520681671,-0.29137587516862423,-0.13259850243488486,0.07386401092267152,0.6574043582470938,-0.5183466740389648,-0.07780629497549488,0.3981404476111731,-0.3998860679180003,-0.048696664230892514,-0.13880662601272956,0.19446738301263117,0.1369060379770301,0.25785690220924107,0.8246369382850196,-0.15237668782285868,0.17758155109677498,-0.5496879737555735,-0.44732306723670406,0.17477845943606318,0.23741921512759342,0.12461783122894107,0.2276514108785295,-0.3359645179398013,-0.6710201672116476,2.0119024409352173,-0.5058438437195472,-1.4333588738558238,10.880385003608296,5.0140177478801835,-4.184486036846046,-3.9861786457491064,-16.675139039075233,-7.702836179950964,8.157935285550074,-26.077256201904795,-2.337550116582609,4.275068326145145,-5.0878066993233935,-6.107045771905704,-25.786736886457607,3.1300115838315374,14.602489032263756,0.0
0.03914435794246098,-0.04587751365756731,0.784607269732766,0.9996736128943918,-0.013188900856504199,0.018464939537600512,0.011737401106918134,-0.07914656479006371,0.11419858793558964,-0.012110335877355046,0.249000319457552,-0.2131927500014826,-0.0800844076179329,-0.2835485634463389,-0.12959950978224627,0.07597481399524704,0.6475651767937884,-0.5310406879004821,-0.08316411298726299,0.4404506487407798,-0.40590614277645565,-0.08287160306474498,0.09613156649880292,0.2724172234387123,0.11694066574542802,0.22808804272747682,0.5157677195552848,-0.1932235872145527,0.2244324896012875,-0.7403638280060778,-0.42960540093982647,0.4299689486736593,0.0805366099160447,0.10754147655395363,-0.7388499763106636,-0.6517780670755998,-0.15126073218827166,1.7105085549601933,-0.31512602324248135,-1.9822970465634349,12.917633888115567,5.9407157502692876,-3.2249200937022415,-2.575917004453316,-13.957397555119712,5.384378843603401,-0.5711869307288747,-3.835586057561506,-1.2547557584968063,-4.779634401608822,-7.996001732085533,0.6953640535959142,-4.800394734868935,7.155998142649976,4.980752333230001,0.0
0.04846867765033008,-0.05405585013548475,0.7825505128542587,0.9996251280487647,-0.011031764569269823,0.021415850995429447,0.013010183323903942,-0.0740687524502522,0.12156627227481684,-0.01622449602168658,0.2529995489076971,-0.22766257222936234,-0.08938667097959385,-0.2692016154099371,-0.1302609568571251,0.07776332316440801,0.612811541844395,-0.5440743226907109,-0.0722931418765932,0.48104887281732595,-0.41162651411082474,-0.12267212432756655,0.3316813241797854,0.3342840887333536,0.11975429106114786,0.22863641424444148,0.24458724744243288,-0.16638160013017014,0.2133514204825826,-0.7447321043106844,-0.4938453736452984,0.7030020794958917,-0.1098734388435709,0.13029742478953477,-1.9067997738237117,-0.6217412723942207,0.5855690708460407,1.2864155745029775,-0.3247064416173599,-2.363444652878133,13.76927362882461,6.528654456417641,-3.585771488084054,-5.070263329722615,-14.008894941599678,7.245797254631214,2.475314313260342,-3.8424630564480635,-3.1743534151971913,-16.88272809747271,-8.216965699887439,6.43157354896338,21.11590915797595,6.113549197017234,-9.910607856099439,0.0
0.05859704155683909,-0.062420614225278434,0.7796806379544704,0.9995630363765813,-0.006858585937147062,0.024850546004696293,0.01446189724209315,-0.0693418830377767,0.12449979485000469,-0.020281330819237064,0.2580263438667522,-0.24259594157993986,-0.10148724753621817,-0.24756234017611933,-0.1359172959020787,0.07477219069742713,0.5460624364252258,-0.5472158505043832,-0.03808577009841528,0.5176522087651105,-0.4244975845805311,-0.1650620726890148,0.5155167301769932,0.37952219780081164,0.12997295714252063,0.1821552619509947,0.05786244966110275,-0.15492224674809985,0.3248200529781037,-0.8070528233206323,-0.6609158330894114,0.9903223581690522,-0.33183842573458916,-0.1367567152285577,-3.4170519618199813,-0.07370556034764456,1.6633569772335441,0.7348743619704907,-0.7665267967958405,-2.5471068958468472,12.161393319112518,7.07265661496551,-6.754310218333482,-8.216070725589447,-10.172908289583551,9.993729067847084,8.300705561977772,-8.478114672429239,-4.256091671692136,-33.92259721382993,-0.8392391964369188,13.924372170926734,55.94067627054633,-1.7768148521447746,-31.139156476362416,0.0
0.06944690877797019,-0.07129341377103245,0.7760636998676412,0.9994584734976398,-0.0015411208855203725,0.028505188042208716,0.01636578610584858,-0.06586242762253602,0.1255018502395977,-0.025217145352458316,0.26670962771182544,-0.26061886176585997,-0.11414288696593207,-0.22148386993038816,-0.14500953865445995,0.05906241704863541,0.4557015117926619,-0.5209305172731887,0.019261960315697862,0.5502918964230352,-0.46092580553673485,-0.1904520200728137,0.5349194316629579,0.3919290821900814,0.1815969904549893,0.1405337180614738,0.08540488864366666,-0.22984204463197222,0.45829011826029625,-0.9397067083430046,-0.6380595940692679,0.8521014651078078,-0.20217051851829493,-0.3370752502808537,-3.175491091221838,2.613603137611658,3.581639886294173,0.15280301030709292,-1.9579981292116935,0.7818949918900695,-7.534377192505277,7.158655449118066,-6.0962749345487595,0.3575466754696085,13.953805538380049,3.869108870992847,-15.62042493543742,7.757012494632822,0.849091416952164,-117.55099135577976,59.182555275363185,139.56830729301348,385.9489176123903,287.1519189237654,177.1481921527962,0.0
0.08110160741278488,-0.08099538168213173,0.7727729730515076,0.9993098676647438,0.0018136430845857928,0.03162393366505295,0.0194016985385888,-0.05928713851631684,0.13170719539023706,-0.03498116166873641,0.2717580047588733,-0.2767017081224216,-0.1245289912140054,-0.20846865144971272,-0.14364037909318636,0.05314085455503288,0.4220625152400275,-0.4149093674601274,0.09126059515559125,0.6091092258464865,-0.5033022684814271,-0.142048642462802,0.1532886513496974,0.24382409292545543,0.40267760862726787,0.48457727073164447,0.5099254590172341,-0.695259045701667,0.07492570852518096,-0.7117403262895567,-0.4023944939774688,0.48340439125964707,0.30028299416836723,-0.48636289790087406,-0.6136980965910634,5.521143215772316,2.107948772368831,3.1440387843093665,-1.8571543493750164,2.2275389702501966,-19.234456029371074,-7.312590478993107,10.22444272888868,16.977880898935762,21.33147024532574,-22.912393950992122,-17.31975985964722,6.204261842570661,17.395804521410028,-5.452658761071775,26.034149029553628,-22.956237501678377,83.71193704214227,-67.84534838869583,-166.62293146991206,0.0
0.09408088545125783,-0.09126515299872065,0.7702170895876561,0.999194478039204,0.0021975017409593183,0.03287799227758358,0.022904228121810363,-0.04337445546385483,0.14541227516049315,-0.048638962192067876,0.26893723472484926,-0.29022663267020415,-0.12762039227617694,-0.1965779172476003,-0.1318158472264212,0.044634018160551805,0.4188900732962663,-0.32320179211851574,0.10811178947793858,0.6792888377168782,-0.5197551455264351,-0.12217060251397382,-0.05165296511961236,0.047130459821464216,0.31791713373807756,0.9844842807696761,0.7821682441747051,-0.7993538509299649,-0.24543227579205618,-0.6933973567545119,0.06217836920150205,0.7324555490283836,0.7563988116480049,-0.4238364825802851,0.027678098808422095,3.732302076885461,0.24971075886275806,3.083083936702324,-0.5218311105244252,-0.05393935794062138,-8.067270773791606,-6.70915479851387,-4.984666612568763,18.343806588362515,2.100129768096366,-53.208415380915504,-12.849432889962825,-15.776005981250375,59.70066178978642,14.989286989384986,14.665552024056797,-1.373922754435582,10.893026666695134,-90.3223575099237,-40.375177210351104,0.0
0.10837495781025895,-0.1018267436307096,0.7683138081032589,0.9991638346212661,0.0004073045115251295,0.03242182251350955,0.024905644196918285,-0.019050239044388958,0.16491979961079925,-0.06673795870807983,0.26106309287328466,-0.29887187756253153,-0.12720839610407395,-0.18109751788777878,-0.11225717641315479,0.035721670433337877,0.4327307481275184,-0.3105812823606823,0.104304529726162,0.7411615787676507,-0.5323324412804441,-0.06867470469279903,-0.29263604545205707,-0.08803605818819027,0.10446893877555413,1.304901880561789,1.1360976470774824,-0.8484564970219011,-0.3667544286327701,-0.222658386109238,0.011438164992488224,0.9046359071163546,1.1100948775295534,-0.5305072337210506,0.8532213483512898,-1.1523873957069688,-0.4464073435959579,2.789601344563613,-0.3297842224638629,2.637589098168312,-9.790836336330196,-3.576547040441085,-8.512230584148021,2.7674310952707533,15.77150150719561,15.133139756158345,13.642468026219596,20.03302545537249,0.5808561753037157,25.012886309293144,12.823636960551777,-6.813788530931217,-23.10661268817216,-94.07907375628278,-22.340410448299274,0.0
0.12386628180245908,-0.11251441360964728,0.7676069837067313,0.999180335229854,-0.0024853634680362634,0.030826524931321604,0.026119073855055443,0.008196988538814731,0.1885705897760921,-0.08033964675863296,0.25489530984967135,-0.2925411044658334,-0.1341335708785649,-0.15485103100572714,-0.09008451050244055,0.023198413361104942,0.4393140260006023,-0.33956907490532595,0.09068377810815008,0.7958026805210772,-0.5337719135748046,-0.015838123775230566,-0.2670551135001648,-0.16834336431823405,0.10389691176744495,1.320341661327283,1.1593704371389577,-0.5301298074574886,-0.14347460671100537,0.5721340858503431,-0.3065956849869287,1.564378387481773,1.081971605508905,-0.636476344487276,-0.09150408373968962,-1.437754532603487,-0.7770117727952426,1.8893562247038855,0.24011683673673423,1.540285806995502,6.105418576834608,1.1484492051239172,-2.59574357154846,-9.374257976092485,-6.528264538902372,18.575232430146343,21.968956520683346,20.704016744783964,13.043885701586932,19.987942394435375,-5.098039410316336,4.2556009562833665,-42.14053950586443,13.58127271615506,-4.661438233341078,0.0
0.14019821825741705,-0.12302560941522235,0.7680621791844825,0.9991793372760193,-0.004040050444749813,0.029171305624685326,0.027809438707188924,0.029681999643628585,0.20881778907107396,-0.0884982272411616,0.2607444439321338,-0.2708947814112111,-0.1444042252604895,-0.11551335046781658,-0.0711478405189476,0.009818260687942669,0.42109507564571946,-0.3596906786595824,0.07431833798722451,0.8277236003378358,-0.5166499163643804,0.04349614260649378,-0.043358055262026934,-0.12323185231609998,0.1596513080211694,0.8809079991615032,0.8386412181705717,-0.2978873526216957,0.5894783418533481,1.3601269244771312,-0.4130641248708982,2.1302658034078714,0.8125173146996915,-0.6114096931972994,-1.3607341595320035,-0.7382795073551549,-0.8162934208366988,0.7500964079238457,1.1324529366005678,1.4224633438933978,16.36836594553871,7.052970085220462,-4.857774725932731,-20.337092252166954,-22.626499410463406,13.605031149699938,26.502986412795003,24.39771490245854,18.092177246440816,4.472288825027426,-16.80742220741123,12.688802866265545,-31.60886734272066,22.296065572354905,2.0500686901060825,0.0
0.1571362001749879,-0.13280567513079705,0.7699350506950586,0.9991293821377911,-0.0031278615630590994,0.02781844988629686,0.030932637729766385,0.035795775229364626,0.22048494171900812,-0.09127352312337962,0.2943783294754023,-0.2390208762532778,-0.14554626617975308,-0.06049657199807362,-0.05901831655311744,-0.004408584872982067,0.36975717521225177,-0.3609076177909457,0.059068841596569506,0.8585057860333548,-0.4642413603418803,0.11804558346366309,0.22904913677077163,-0.1287226567861381,0.32411436956634215,0.051882007579188816,0.3335367128465551,-0.038784172675878276,2.1251398836959545,1.8717436159341723,0.12032075379129262,3.006508971778053,0.41559205976507,-0.6509833695888289,-3.141637939672524,0.3029749025410139,-0.6957399058780723,0.8235992032407007,2.8956996794916265,1.307376352410743,20.707046461779264,3.6403108469578007,-7.911199971171882,-13.84881214380514,-31.6047814376118,6.628293329095218,18.37797660182079,33.089997574285825,15.9526342248824,7.638098083190287,-23.41490435118952,17.139393876513978,-31.426894298524637,26.300320200176245,8.88420614064009,0.0
0.17457099701568543,-0.14065065487791137,0.7729055145790025,0.999068914984769,0.0019512596665911815,0.026284184112785425,0.03415607357988671,0.030663419354112726,0.20882545937120814,-0.093094278018516,0.3597780131074449,-0.21927963349795465,-0.1494854277669476,0.007311802568759057,-0.058001519449361424,-0.01191698910133971,0.2923971716218618,-0.34307029636481445,0.04954151481334252,0.8791997673840561,-0.3274835309419614,0.16503266090009974,0.7384339396401975,-0.17909646773727503,0.20804197232549085,-0.17031685731952884,-1.6161244394404501,-0.4037904730804096,3.169879975111197,1.4529057081000667,-0.2704627988368605,3.3812518950400086,-0.2557867340381067,0.03456414377650195,-3.903539119209162,1.1656774301140218,-0.38230446394074713,0.32731252009683337,7.148974658692299,1.427591276846188,26.331690683235202,2.407214618823335,-22.56994679167969,22.972719158841596,-113.76860692824597,-9.990913960241366,-60.666919728297266,34.00828606369462,0.2579857229380263,-27.824589506021074,-33.69498916500605,45.97420879087791,39.339038975666114,18.810714497101948,7.387890204951576,0.0
0.19236157075408056,-0.14631436577454093,0.776652868380154,0.9989856498702149,0.010248538013984117,0.024368820645857506,0.03645270089157228,0.031110799467770484,0.17126446759636482,-0.08140139915223034,0.4021978628264687,-0.3079496275507054,-0.1507435887577468,0.06835793886253541,-0.06538763063703637,-0.004627561111004517,0.2301000318336742,-0.3133452496044113,0.04182628803594231,0.8924520424306314,-0.25075575335746086,0.2071290211989568,0.8652396748770537,-0.21595234400691038,0.30938206513909,0.08104404474323457,-2.1673824717666097,0.9759036433771855,1.1482588289044098,-5.207914807679158,-0.015855399907756248,2.6805241158120765,-0.4723237741367432,0.4609196759726096,-2.355498784188097,1.676497696934429,-0.36569008897327215,-0.09110423972004152,3.219582884710924,2.15805334657808,3.280044150824863,2.9265575086510456,8.774719093278957,-4.8930413572042895,-34.3856502073576,17.765148088794565,-94.62262366931466,55.703767619286964,1.8501903727178575,-46.86018225540411,-10.136362632265309,-1.0765565437612765,89.21065277534557,15.892271072224368,2.810884100810246,0.0
0.2105336007645012,-0.15105796874714053,0.7812199577646947,0.9987910643964867,0.017780719069159463,0.021732900380834565,0.040347698226216526,0.03579612266626485,0.12620669556488157,-0.06094336179791103,0.40325249414072983,-0.39046912454656485,-0.14597533698848156,0.11579076469143186,-0.07205981274807188,0.003010780243743938,0.19956515697813612,-0.2741417576460405,0.03281920653910277,0.916851320439427,-0.2299077302120053,0.2427477067042478,0.6033754716815982,-0.31448312971946574,0.5316830860034014,0.175003700239606,-2.2979423741702845,0.9430110307316469,-0.40061752359091374,-3.406245884979985,0.23969166110862247,2.0871018188370396,-0.1930242239538635,0.252093643057865,-0.8533148518393462,2.1627057128446197,-0.48547550963100244,0.695313622737828,0.48103394075427786,1.3608917303183725,-16.351673441862506,-1.6498714276268425,15.9609349497489,-17.40093787558074,-0.9836310784004905,-13.000497092065276,-22.624269071944738,70.98800011065326,-5.343263704115833,-31.652646884779735,18.49659010612671,-17.645311470879054,71.13677312568048,21.658878766419576,-2.500547378446204,0.0
0.22943678182457336,-0.15546261813942833,0.7864941878578549,0.998557530580819,0.02227705554356948,0.0174648195773377,0.04562423691171848,0.04599350484886187,0.08104447921666914,-0.03668025918032953,0.3738832236025977,-0.41865921636478337,-0.14078879812781306,0.15377448359124962,-0.07144368728039938,0.007586251779126073,0.19533077038638144,-0.22379351743048856,0.02398912467633179,0.9615086302671636,-0.21609359431325714,0.2758521166347816,0.24953393987460376,-0.49583550194428283,0.6261404372943751,0.5000276246214221,-2.2495302447762415,1.159683435810366,-1.5878409419425916,-0.8434443682545376,0.22148441969272556,1.732826729561453,0.24350480997915697,0.13179757650276996,0.2569291026075928,2.799448062236606,-0.4400884980248054,1.5074170021433002,0.15400973418562897,1.0079047756350998,-20.579586607294928,-4.902170057156883,13.03628087280609,-16.14897701851488,2.2220468155559097,-18.037463489972456,26.38059105508429,24.278382841852967,-5.527393718799314,-18.01067884911071,26.07193154678543,-14.901009179002976,46.32831446690417,32.294920278833985,-1.909276521084255,0.0
0.2491892010349574,-0.15945755394695066,0.7921744099896777,0.9984076677320108,0.023860720757431203,0.011683214641733658,0.04976241065802641,0.06809278736498128,0.03689374508219855,-0.0011600128181349818,0.3080146869950432,-0.4132209033088333,-0.13258247815209562,0.17871000634615744,-0.06260547540317665,0.020249339011653024,0.2214221838085745,-0.16575527103170562,0.016311890156975692,1.00082793518702,-0.19215294560078697,0.2847311617588907,-0.00808563531726881,-0.5991983155375356,0.42984059826713333,1.0973693926719355,-2.2723108463560706,1.6677132198940052,-3.3409497550268408,0.341750073105263,0.3794663404465094,0.9765518476955115,0.623319072769437,0.6885709736013,1.8263187520475213,3.1108020258250813,-0.38883851985594187,1.1632091398960902,0.40383244449661587,-0.29009999581277995,-16.750205078020564,-0.8885661491917081,9.629721960609745,-27.634198137572202,-8.208168688517437,-39.46332527246404,66.85233559342295,-15.552981447452002,-8.251310385384066,-19.63961650958312,21.995634976955316,-14.04340190388135,33.76615201454208,33.19043126925081,-4.310632804490618,0.0
0.26902272778006303,-0.16344478769605295,0.7972148448284048,0.9983986148250891,0.022156291458503737,0.006704119853042183,0.051617433500184974,0.09249780185142444,-0.003978574817261079,0.03771733632995108,0.21995714469047503,-0.353478602121923,-0.11639427526594674,0.1740847411614082,-0.04334932072263372,0.0428618889824354,0.2970689368800498,-0.10824208194365287,0.005021971935389337,0.9908300661750638,-0.2094899417312354,0.2204721277248517,-0.3745228456731438,-0.41960011529594204,0.21539911012920648,0.9534866754694258,-1.9393475338528992,1.5464057569206364,-3.9592025145072656,3.0440853341975194,0.7708064585245196,-0.6969353665827368,1.237005023656912,1.0289374854427493,4.427826606003051,3.112395982291233,-0.7432396653011308,0.6366380414820109,-1.3514867429748356,-3.7439873817941827,-20.483543764840423,3.9709781633903094,14.43311977206969,-44.59633525799647,11.647261766877431,-66.99313626092929,110.60700558318187,-59.86099818728147,-14.918270483531696,-15.47807631031497,28.834975438047096,-37.37317270164857,7.7096437567813005,54.258449576771866,-13.904716786943096,0.0
0.28815028849814905,-0.16834411578959088,0.7994178556028094,0.9985296132154529,0.01634802507101454,0.0044953138711437395,0.051489278119588866,0.10494853186114851,-0.03394200088859286,0.06523491575136832,0.14214495190935053,-0.17853703344008837,-0.09084692891510125,0.13148007210837417,-0.00815656366425198,0.06952072280868984,0.4378900349213164,-0.04483740482257183,-0.008148822432370178,0.9529033657604081,-0.2709242491195038,0.013628925465572456,-0.7587432252364641,-0.11822494184934447,-0.0018262080862988424,0.32061868762804846,-1.1935287189603145,0.8720815709824821,-3.0156174880264963,8.799874775535187,1.1925471442636175,-2.348316326270272,1.9420371513895427,0.7598798820196623,7.027890095935819,3.939364849127448,-0.44687190330243226,1.3409657463169105,-2.6249442134365673,-10.607572379938187,-17.98088097359152,0.26009263362721036,10.766688686615113,-26.828917067015663,34.333444769835694,-62.42201300734367,120.21543866276279,-146.9548177300186,-23.301345828434364,31.99333237684785,7.761394886210564,-89.20487601415898,-129.58905701759883,-0.6718058408522936,14.508825332617995,0.0
0.3076405492957859,-0.1746937458438526,0.7980983685532871,0.9986909275374415,0.006568085268796678,0.002787580652296237,0.05065097140642823,0.11292411242851724,-0.028824719406184605,0.10973066722889642,0.122046446594751,0.001816634139488289,-0.040165204862438554,0.08674000657651226,0.029012970721360835,0.05990610966731415,0.5601241298240562,-0.18491779583922602,-0.008211797498675963,1.019014364929202,-0.3496658758532506,-0.08164098132978857,-1.0522051048909749,-0.2148576038090409,-0.17279961285391876,1.1222262891372803,1.481155574426841,2.6632262571269827,0.3203164136593505,1.3704702430281006,2.2244647570284215,-1.7790124125994038,1.7161076610437338,-1.0538035355532342,4.169598732013024,-8.456145648547123,0.08904043456128391,5.631877010998029,-1.7861459589574231,1.0749334098386991,5.024333387966916,-12.208989552508704,-16.03104581202479,117.45946441871821,62.732420575289765,-154.08908673170032,6.315446516373187,-644.140704865674,-180.14997405752518,52.946391905442574,-28.78539374453762,-30.368097506282545,-230.02908678926678,88.43796320813924,2.7961231826707285,0.0
0.32846080594717564,-0.18153716736094938,0.797660709249275,0.9987420052050537,-0.0008173118901309428,0.00038092147897708054,0.050135755096446986,0.13531987401335346,-0.001389821304079564,0.11823637601781775,0.14543565075294224,-0.023844125864368248,-0.01876648609238573,0.06060114286125222,0.04380292664572689,0.0190484995390826,0.5881868902740958,-0.3930806558128451,0.013307488263584768,1.05250175835357,-0.3299215466687598,0.025271318687651922,-0.4785014375826278,-0.17011220859382473,-0.09217348313914077,1.2088469021938657,1.0985867700403487,-0.7593389521042445,1.159138152131157,-1.6356648625779973,0.40273436888196684,-1.2169988303555788,0.23679184510583498,-1.9664230853238998,-0.13647806159476114,-9.64153118211201,1.1119140710368394,0.6732578676701282,1.626044126052265,4.786610115670941,31.01484729222504,5.759870033341746,-12.987090487337628,9.67811877046325,-37.95052405968444,-79.76572161909571,-29.825662082057498,54.78052532248356,-52.37644484580747,-12.392117850180178,-35.95912968272754,62.2595984868451,-110.75660479608433,163.41147980458504,-18.22779819548421,0.0
0.34939805641069294,-0.18821157697363716,0.7989178754302404,0.9987351299921104,-0.0034596946694549244,-0.0006039245612914918,0.05015781003554829,0.1471355574800087,0.015894455441979434,0.08352820458603766,0.1871837920097633,-0.04843664132395465,-0.01752255081408892,0.032205980698409103,0.046808711573251706,-0.009967612580384753,0.5712706504650642,-0.538473253415911,0.02168567661589165,1.0499700338311169,-0.331161662376625,0.08935594139167329,-0.0805114303966935,-0.05882612609101759,-0.024133567610071384,0.36950329401676896,0.6353333349414252,-1.9910045761451918,2.3438121063790858,-0.5175066758163874,-0.11587449075237151,-1.6141534297873696,0.09382204252162565,-0.8356714466059356,-1.0654251287110228,-5.842743057078395,0.22109555942114612,0.9502260981449313,0.6216857758380883,2.516246101387843,21.456221204850067,-0.5225547214573301,-9.071881087416472,-6.398251985206575,-26.99837090339789,5.489087092035721,-0.43422164130179386,96.55260076253786,-12.1107863527276,-21.548814669513185,-7.605185638577826,72.56442561905507,-2.697978733151613,131.8969865853839,-8.43666201715997,0.0
0.370658781697217,-0.19495043946574758,0.8012616735992558,0.9986624821639137,-0.002888145215641617,-0.0010806259864032776,0.051611409425661545,0.14352277133024827,0.0247730389194398,0.03573182588305418,0.2512780583682285,-0.043558128960068436,-0.022328835390287596,0.006074256167646763,0.045299535104988936,-0.02682114422054061,0.5134442483031049,-0.58510254996728,0.010220060258011601,1.075527620250964,-0.33611552139775464,0.13085269771305072,0.19264956835804065,-0.0669642073365889,0.11515670114799732,-0.3295673490104475,0.26190648547569617,-2.192910058327494,3.3811044816519944,1.025155595688068,-0.25323203141169165,-1.3450273105205757,-0.17022302231686934,-0.5158094872575172,-3.2014959734886155,-1.3221657438285082,-0.6269438820988488,1.7308821870878732,0.4004253325651743,0.9198371048607655,16.421321536815633,-4.336310269734074,-13.338685732515197,4.298061327156757,-20.914125989114407,50.347736370930946,-13.654297554086504,94.17013511366277,3.2804020457381284,-18.897645129777082,-9.501905932901574,49.77464442532263,32.75074341030479,42.31540872874933,10.087050070786567,0.0
0.3923651011500218,-0.20160877146961445,0.8038538460576118,0.9985231513877361,0.0003862348332437349,-0.001050041258154839,0.05431633620482438,0.12573521877926902,0.024890077968303687,-0.01132383709684164,0.3339497091935275,-0.009696258817937745,-0.028023803509716973,-0.012985552424053064,0.029129166356047627,-0.06257578500713766,0.4042923700176849,-0.5220312220663808,-0.00593205477381838,1.0923955226943547,-0.3281286833923319,0.11613464693528923,0.4611356095589456,0.012722798249314663,0.15996657969236597,-1.0041716689002187,-0.184391615217096,-1.9412763640010855,4.153359311187984,2.3480142316728347,-0.2431990366140669,-1.1426853171845432,-0.9665709152475042,-1.6707136603509425,-5.4352981375421745,3.617793880999256,-0.7165609604493749,1.0863931659224684,0.6077728837261306,-2.1572072765816985,15.315262904378613,0.3729626093072369,-24.78125786824327,11.207254324989211,-18.602431831063747,70.94473519486515,-35.23695594944922,77.23562946927963,7.126572117940733,-46.35890275383121,1.5813079702139365,75.86644282999977,101.44733796837609,-59.048114503885266,14.640058171303734,0.0
0.41464693157867244,-0.20734478748530888,0.8043459257027521,0.9982821730065793,0.007772945254296203,-0.001268046833736238,0.05805752695873968,0.09588671477340939,0.003091048708267407,-0.07516652970410495,0.4490837059239206,0.045313278009783346,-0.04733448934414819,-0.01085944690538874,-0.004966141576894066,-0.11470641583494519,0.21585463554615425,-0.27689548279372167,-0.031205306895282177,1.1209630768634546,-0.25189505465202394,-0.07481217487229924,0.9764622164697636,-0.09660961444046981,0.19539061262354804,-1.370884926442363,-1.585968432807828,-2.8925441175106656,5.759719690434927,4.511930816764288,-0.8656132523806198,0.04045455673168959,-1.8822638807407557,-1.7563350060224792,-9.168098979028933,12.289937685420679,-1.1808361150582538,0.6240726291443004,3.711944320571445,-11.871712751573233,25.166286673556716,-4.249082642989875,-36.68574490622389,47.320654762399414,-30.269516194823822,109.66671759910099,-76.17826649252693,80.65619150242243,22.488353019636314,-61.45709603913741,-5.339653375653184,164.3495227787993,203.18720332091848,-233.29604680530974,20.926259364452527,0.0
0.4375496006336525,-0.21208315622934654,0.8004795961637154,0.9979178707204674,0.019382779246690376,-0.003804674911775708,0.061398335598110136,0.07827347664831971,-0.011299828311163225,-0.08254793623857656,0.5386745437657643,-0.08785570953655636,-0.06534652140208383,-0.02672630830246203,-0.04931708228326483,-0.12072276510620851,0.15221810840978667,0.003768055389942569,-0.056708502269855646,1.1907364954952337,-0.24498113996811194,-0.25048140289291493,1.1361458713832,-0.5828248506789573,0.6774726029686164,-0.3370680298562725,-0.008392693171776683,0.695225032988208,2.739843596035242,-8.242730384451571,-0.8084406455761391,-0.6490321100422587,-1.923807048635534,1.0689757711643062,1.6157003670732129,6.254741211755691,-0.812519259682785,7.473660122647658,-5.3099475960988425,1.0017475968456668,-32.450281237462725,-34.56747911743894,66.61099169444218,57.32765414137674,114.50782447936403,48.69753682503286,-194.82292016054282,84.77408304829778,11.910281745042495,112.40803304029859,163.42670131720442,211.0646972411223,624.9169950993107,-1896.2251069194392,99.55991902255155,0.0
0.46255710958357493,-0.218278569413579,0.7962737154963844,0.9971096103312085,0.026070641880859877,-0.010724444793587622,0.07055305025961081,0.09473301860335284,0.018646501762642376,-0.053126180083746075,0.4933158756380823,-0.27787074537660644,-0.06313715245454263,-0.022297170937784643,-0.05951609634285875,-0.07881519340663592,0.23417097080061594,-0.05286228364922438,-0.0556953291980778,1.2750783666768803,-0.3593188949281743,-0.17801416225038083,0.21554511824478229,-0.7046211898917174,1.395153270111987,0.857705949529858,2.249365000492337,1.040886788913414,-4.163338691044413,-8.890494668620777,0.23646890506268703,1.255995574036431,0.3065777573013512,1.5465718775009494,3.6002376425868774,-5.38973138061038,0.382579116159044,0.565760970877762,-4.993057297036385,3.010510793447489,-43.75277775091181,10.441697488700303,63.111165636512794,-60.436456813697795,52.1669578929031,-104.10280252998518,-61.148114893903596,131.3189769080618,-1.4949327316745746,107.69867159405453,69.57898648952356,-109.97893464938254,-151.8717955242195,-34.09191735300224,6.622055575420321,0.0
0.4879079824710656,-0.2246608337062902,0.7941949274220436,0.9961191255611429,0.028278375884131627,-0.016238282811008385,0.08175169307121337,0.10743944455704277,0.05058911906587884,-0.0326026346709188,0.3976060239651265,-0.3574876935019194,-0.07050431430812415,0.02260150026089169,-0.047429816158112245,-0.03888452945460583,0.25796955762231594,-0.13800369945837876,-0.04182954405374341,1.2392983755740006,-0.2869053655375704,-0.0554154092577239,0.19998845437023202,-0.3071480972858439,0.9640253599296337,0.003496227670487073,0.939123697580788,0.7374875694779459,-4.081708345187756,-2.498741755782523,-0.4084265933422019,2.5972612748441803,0.6804912088088493,1.9430224802846128,-0.2417609281562362,-3.1342605594153294,0.7219691873235675,-4.303690361040113,3.499111585223067,4.734919855007547,1.9186696142792017,30.463826816366502,-18.760461432673026,-90.41307095423275,-76.01973168240927,-38.953795119963466,130.5634485756713,74.18858690076183,7.979881729737113,7.58295200254028,-2.058595243658114,-26.514038690046494,-115.66727916384816,128.68446279576156,-7.457583554290972,0.0
0.5121593424202527,-0.22907567170020152,0.7940081955238568,0.9955061823292827,0.03211501881540754,-0.017822536531997606,0.08728358208866387,0.10594815103431617,0.04323250330711799,-0.022779907185903142,0.30493290917911614,-0.3928679036307301,-0.10887957105587688,0.0686487797842398,-0.03920795667718463,3.4180856794309954e-05,0.25352128151676107,-0.18223539447339626,-0.025032634156771223,1.1829009227578842,-0.17535240300494548,0.02380196411056308,0.4895898704654058,-0.030892064221252735,0.3154810881850727,-0.5051655138170643,-1.2516481991534971,0.5160092488598079,-4.075269256285883,-1.5079917145777508,-1.9046330300805627,1.9989570450293583,0.20401780322287172,1.7464765363827397,-0.20171221427269678,-1.4759185328703597,0.6720212926930909,-3.474298671070865,4.398865559402905,3.4523436460372783,9.117336603763027,16.972214713516657,-20.323885637138734,-64.91163901272266,-83.27174968678551,20.020833426542044,112.03619887185056,21.606854200044012,34.27005322410676,-35.600732686661935,-20.86542332904191,-32.82280964789609,3.597015523103115,77.98762591921572,-29.716598270171463,0.0
0.5354618462063907,-0.23170584284126053,0.7952227973617387,0.9952200868944757,0.03746495049403924,-0.01689662710732649,0.08858814886104913,0.08896489594050858,0.0026361126718100246,-0.009734878339353086,0.23180786132796685,-0.4002634840851507,-0.1306367735862027,0.10454545942816709,-0.03710566084667245,0.03808188779806121,0.24986403016290784,-0.1967748851380589,-0.014266116760870981,1.1506518101053913,-0.10299743861385946,0.08775319008902047,0.5487837536056736,0.11720393042777025,0.030601082683655037,-1.2704390533382208,-2.5239234914744326,0.843686444023415,-2.86495310226134,-0.0890193011880551,-0.8063015563628584,1.6216797345985225,0.040734419605650565,1.7539557449331746,-0.15090356779938624,-0.14506457910880605,0.34091743242473727,-1.320498844272482,2.6396323897715597,2.80526354942768,-2.609810735804695,6.5437482815312,-5.34471667301903,-49.43859649378139,-44.77836814147303,24.18175011671605,102.20020337070468,11.248265951646225,18.309127693403966,-17.85852153421222,-4.774315038061887,-32.05815265282239,4.759861875221096,62.15169249016284,-25.358790644559225,0.0
0.5584695338134354,-0.2335149518047713,0.7973463237495599,0.9951009501623576,0.041404628985160265,-0.015279335621534535,0.08846636415914862,0.05835008269218065,-0.050460523269567445,0.017888884208759514,0.18302233376077692,-0.3878192726396835,-0.15549143190346298,0.1331480082922107,-0.032607811548085244,0.07508926615434676,0.2524585878693813,-0.18919943773813794,-0.010224278337677969,1.1541373381359694,-0.08396583603071517,0.11776741861663956,0.2670037538412556,0.11474985112996912,-0.006247412740134033,-1.7722897297716143,-2.7893853650810727,1.4434025664687622,-1.8786083369052768,0.6668035774060309,-1.1475036151750189,1.3332678353775185,0.3749970729656609,1.660837221419561,0.2890650075693904,0.8220717155328043,0.045224460265414726,0.877322152266974,0.4234535905711416,1.0135914974100393,-17.398999565733025,-3.1925697391696004,5.486485061321466,-23.96760024613311,-13.58797007558973,-12.407129190551036,65.91469336078686,-11.674953955047336,21.64605830158223,-5.912013522342124,17.819216293843894,-35.57818163405309,13.598321244220179,49.91527893915718,-19.388351725086757,0.0
0.5815164913548235,-0.23584030457963331,0.7991697106912424,0.9952322609679483,0.040166835836372844,-0.013725862634641713,0.08781214450436155,0.019276531554139668,-0.09774891401567287,0.04208212321678408,0.14719242944022853,-0.3283432124945176,-0.16218241827244884,0.14432169145645585,-0.010444197333880854,0.12666000994408322,0.2887208820992586,-0.17301968991778902,-0.010580261543638506,1.1654271813257133,-0.14383057744650474,0.06800506192767299,-0.42862465677543155,0.13512261260698194,0.0072178279045848025,-2.05339528571299,-2.002554844587225,0.8695271662432003,-1.4434167047865585,3.0704160493520263,-0.10165648142965886,0.3369544287774694,1.693200158991864,2.8618034354863533,2.386626716592219,1.257097761484805,-0.8039214217172193,2.5204973975486595,-2.9501526362954267,-2.6487614007819005,-34.77102502722478,-8.153360527828172,16.772041423868895,-3.1126415005373143,40.8996449488756,-40.091715910358694,44.88983581289108,-49.52357178767025,8.953958012202316,2.5014796517981064,53.283732965246124,-25.69749105353811,19.47801657433364,51.89188857334202,-37.720241543699316,0.0
0.6048346570449864,-0.24040943073532398,0.7987213273310066,0.9957607528172971,0.029874582208691738,-0.012741961191122617,0.08605623110263297,-0.02011138811068099,-0.10782900844032695,0.06550529358488934,0.11339400901795468,-0.2082557963043405,-0.1298295351334269,0.12608487597181525,0.04320546638807716,0.1797627749592657,0.3853853838200784,-0.1654694606542075,0.006348095146905144,1.1900282910524964,-0.289844525827861,-0.09440755735243041,-1.4719631766533432,0.10464758996620442,-0.1669016641560443,-1.8092618487685248,0.5105946266121696,0.73333490753636,-1.4598421304338154,5.824993352841359,1.6984255713185614,-1.1662436710809196,3.2502633837385764,1.6775558768086656,5.324602645597553,0.625560069023704,1.2238589024384126,4.267933787999734,-6.091585684736381,-7.760696733033717,-46.51994384497539,-16.29108870099196,7.628755746356884,28.029354007247175,99.89158978400239,-74.5895200300964,39.089379647251704,-104.17524431462276,-28.137177769955315,19.321426966460713,48.43732107797206,-138.82218817996016,-25.72409186101325,58.014263087715726,11.19157374756874,0.0
0.6297030904708719,-0.24657166811462078,0.7948458995313951,0.9964488279889977,0.012852872209808198,-0.015444794829060639,0.08176793496230529,-0.046376631713379954,-0.0753234793972887,0.0776648503905076,0.10133973912396084,-0.033536775966492946,-0.08086672694517254,0.11577896013941044,0.07894010263033303,0.1376342972253337,0.4478079706206416,-0.2935109860149465,0.020771645049120515,1.2867412334553463,-0.32409289607320785,-0.2721163735593366,-1.9327857320398645,-0.3263119012272632,-0.7196622599604706,-0.8148969739607141,2.468863778313532,0.25928824614644236,-0.01879172391287051,8.285675048966695,2.2417233209661878,-0.04974496811565003,1.2266055726817948,-3.1004722352727576,1.519915135900651,-7.225600382734163,0.5654411027247485,4.547044443140017,-1.6277153504759059,-8.606457071454013,-21.04150703004231,-20.542419997175752,-44.909879240091975,62.82050543534933,88.22448298773507,-41.25961289150835,45.167812329905004,-142.9816225480461,-43.57826022059194,39.76788705183676,-25.364735089435367,10.027948599384999,-135.03760200389408,80.12618980777637,-9.816621703197308,0.0
0.6559576802643472,-0.2521885549326836,0.7888849747158426,0.9972328136427017,-0.003078378305922288,-0.021584577800636374,0.0710728146511386,-0.048861995955427215,-0.028122467970556436,0.06909534502077759,0.15636004321732824,-0.012730071826639284,-0.00705564658252706,0.11999956186481857,0.06023032158389776,0.01710451798598364,0.4624071251295678,-0.4628955050054727,0.037479336152805895,1.3387271864235986,-0.23897428466467893,-0.2765153116543133,-1.3117676609710982,-0.6241574319837453,-1.4992194177834681,1.2380313085981716,2.2208734055855337,-0.29501245921563934,3.1296706996538455,-5.686953296034787,2.3858649861094836,0.39391239814935397,-1.910544054269849,-5.609245874928794,0.3777757840111377,-7.658415412347342,0.7947731234087028,2.3271693306976964,4.686649472285803,3.42913283406496,40.9547367130503,-10.581892540522245,-58.22292196120161,174.81151929173333,-31.81523038856634,7.442184336192202,-154.0637919529955,-336.6833204314527,-223.02046560288673,4.341779287197456,-56.99223253301177,199.52997923006743,-14.394123300839148,146.45018773640672,-14.184266326044142,0.0
0.6823506151494566,-0.25671223755563843,0.7866367117323897,0.9979138801950544,-0.010602447039906584,-0.027214289471731504,0.057574805942926376,-0.017460861829950648,0.006072024027710994,0.07109363738433755,0.20766485378672148,-0.11720561414765626,0.017290242135146586,0.12493031696987433,0.01955388511186233,-0.06338922913896705,0.4605592489284554,-0.5412330266994343,0.057170052010723615,1.3054508934275817,-0.22493377180390298,-0.0010362127667195506,-0.5004348496855814,-0.3916181126513891,-1.1939992657864977,1.827024133605228,1.372203331712874,0.4670567469266394,1.7915725687456707,-4.015336826770216,0.31737556966896296,0.030508869585677452,-1.80123031278606,-2.26175462698955,-0.2250769896475091,-2.598617849528877,0.8613708677549305,-1.0981501014856387,-1.3204361102897513,7.84363586158017,19.63005385294802,11.736062062565958,18.794780801029773,36.6494139020097,-24.09728094106276,8.757930276939222,-113.02443388621859,133.88645656305408,-74.9835415404117,-27.438857845014134,54.63849025124025,199.92827225730554,-3.088583314801157,75.72660383314557,-20.532140441124284,0.0
0.7075177635183041,-0.2618638338138791,0.788076724704924,0.9983271451896755,-0.014086317010545173,-0.028331189369663876,0.048392463870027484,0.009353089040835422,0.02904453477131624,0.06578632258966789,0.24147273262687965,-0.17047778058066612,0.013661734262352539,0.11177121952558677,0.0063645983424368575,-0.04141402218729895,0.4525683818847041,-0.5815141283560291,0.06985991435541117,1.226172490692658,-0.2788393814743683,0.12485347290632288,-0.27762345677435896,0.14113529740505085,-0.6539779226838488,1.044880416671184,0.9119791916267594,-1.0531374457026994,1.445473663663746,-1.543544860542451,-0.37711182642001356,-1.105871038834311,-0.2920582307929315,2.23060388912127,-0.5166657097705255,-1.6446797352576528,0.4901878903528732,-3.0684315834211167,-2.054977519582985,5.2571301780668565,10.892053129718894,22.033815165337234,28.51602078237182,-24.782434555370507,-29.44281988023313,-101.4885096787903,-38.62036172658257,118.51131026807431,-6.2899806471692425,-41.842844822487336,5.565342646092267,23.098558437072523,-8.406364889183052,34.73957790357002,-13.18622147282328,0.0
0.7314919527064261,-0.26789437128602384,0.7913367628229181,0.9986115957688827,-0.016265953055610415,-0.025485900975382746,0.043136625025515477,0.023277576439234397,0.04378837323445405,0.030537164575654197,0.27147243799593823,-0.18353747032745518,0.008301531536513798,0.08186800417435255,0.001854095669918027,0.006064313814736387,0.4401302702632735,-0.5978052910375763,0.07729079374543157,1.1835031574763677,-0.3165056232728936,0.19395889334362487,-0.15810415863648547,0.39711782615795616,-0.42568234098883795,0.547548948823288,0.6403072456584873,-1.880930398739829,1.3981687736792476,0.10158970187018299,-0.32868177126807047,-1.7431227419132562,-0.38318892598586507,1.9336888202890794,-0.6534636043643868,-0.5333487996137064,0.2933278779529254,-1.0959426186758354,-1.4970395685398825,3.4326837977950744,7.257104413698241,7.379802825390584,7.994932249378537,-6.931026705551276,-7.62379921474793,14.247634050869008,-20.421894986952775,83.78951957877489,-13.059424536936021,-22.318472862212634,-26.657183526433077,-73.93878616150037,-0.42296239364482635,15.542162753356138,-7.31276904469489,0.0
0.754981582492931,-0.2747621979017884,0.795533877238252,0.9988210988223789,-0.018208180197663668,-0.0212413330208969,0.03966964195251769,0.028342300651541804,0.05812511168378667,-0.002315026981174642,0.30677790455557685,-0.17242457400674804,0.0012433982836870883,0.04207421158386686,-0.008093355782212597,0.0266800255396748,0.43157027702867023,-0.606505221456464,0.07638976438852642,1.1784886509253765,-0.36479026424888894,0.22290763917844,-0.20697914467344694,0.4171785882162041,-0.2961286252976695,0.22131868813254188,0.7979031578097192,-1.3456435123390142,1.808049828237531,0.9728978970373667,-0.4542493817740634,-2.060246904395623,-0.525974573343266,0.47906968769916475,-0.35536681770499223,-0.3579208575333046,-0.09646703783866815,1.2718991822287808,-2.3723421560390654,1.3989784335444093,-2.7848840193366833,-6.3564663328016175,2.009559573490909,10.243292399672843,10.052439419852334,36.057804996565324,-11.144074610659462,47.41122263110865,-12.735005860589917,1.515133337424766,3.011851217579816,-44.60063706322115,2.0906006208535395,7.364232060081866,0.7187949756189081,0.0
0.7789046743365708,-0.28269275626336055,0.7999794731967086,0.9989057405924778,-0.021186725787832837,-0.018002012741473786,0.037608132086573674,0.03248376061943156,0.07661769365020091,-0.027665196281344964,0.34572849870994377,-0.14770767547177424,-0.00964984496360898,0.003977598236790192,-0.014882488748551621,0.02771094711642001,0.4201847264110561,-0.6074959427529226,0.066104751674585,1.216828937598898,-0.421074637431759,0.22096460354473918,-0.3480225050658975,0.24486249183758668,-0.15413395035071653,0.33756182969852444,1.0392998979496866,-1.1208372592895928,1.8704745897477526,1.5143635873611365,-0.6877077974970133,-1.755396211109415,-0.1508318482213236,-0.12207882680301588,-0.6154530799602779,0.007131752352121665,-0.5111244960334265,2.744890767647288,-2.575313432144917,-0.23763443887036134,-5.7475604430409195,-12.653084314759493,1.6866547955928497,23.48634470817253,12.533039153117555,18.908539165171945,-19.88726957927156,33.74472136572902,-16.862276520714122,18.69320351982637,21.40188616982845,-11.414769434684832,2.704350772000534,0.06056280290549909,9.713605667060053,0.0
0.8038731746415446,-0.29152070837079386,0.804208051804245,0.9988791817165359,-0.024935901161879867,-0.01677130771959302,0.03656917286354876,0.04426506875159407,0.09796953028783133,-0.05064151753491724,0.3772793896017972,-0.1115263708542192,-0.02577822735291422,-0.023382843380935724,-0.017316072549295704,0.015051695964472572,0.3925132212127278,-0.5924969435534626,0.05601544388499295,1.2717983238673463,-0.45755233814655166,0.19962825215277133,-0.38152224735983725,0.06189243167919016,-0.09900466324935367,0.796494453896025,1.1073533541277116,-1.0683691050702577,1.3270171484447135,2.08236810066031,-1.0080735655102044,-1.2178052227225704,0.00801731484702483,-0.6738443317866378,-1.4664524766728853,0.7689993271022544,-0.43074079024403117,2.5012365720392666,-1.7682906050796938,-1.6507769888336414,-0.669753763689547,-8.227678670732185,-3.7529601224453284,23.398071062803265,5.152234544115777,-2.503504788100058,-34.19384291575112,52.95250543136653,-94.04927340036795,7.7816703645051,19.67593964607719,15.00343436096443,20.613600754960604,-16.77509328188337,9.357890604157319,0.0
0.82975056913513,-0.3007108089485402,0.8077849291981574,0.9988327971638253,-0.027835896673743667,-0.016278440406143006,0.03596134791969838,0.062138572809966715,0.1165509063410634,-0.0758152127669449,0.39883310354255713,-0.06428524058183369,-0.04826130843052319,-0.04018936222542594,-0.023498836043822087,-0.015214250714536493,0.33632277257908827,-0.547069748251598,0.047598533782086574,1.304462004342854,-0.46257300677283175,0.15549711255927817,-0.20527598621923437,0.0899942834986627,-0.10059059641157278,0.9380153818345001,0.8343459379686448,-1.106960049991491,0.9283323512091195,2.5093625578219907,-1.0366788296779241,-0.8853134437180334,-0.3066936388228343,-1.3699951565793276,-2.8418526000216695,2.2245253915724597,-0.3618787234528021,0.8662014542452369,-0.41936560055712246,-3.039703727837032,9.362074608379837,4.27113881490515,-9.774176536145442,4.73073766321849,-10.164338793076741,4.525504580348311,-23.553603622079116,39.18485483074385,-63.541556123890025,-23.122243463209944,12.427288620284465,56.11480935189091,51.64070785424959,-45.84062744366031,7.324177207818048,0.0
0.8562529926472966,-0.3094229037532075,0.8098048521288989,0.9988193492529972,-0.027279636185815706,-0.015070876412863733,0.03726389259774779,0.07565002813875554,0.12201071612473063,-0.11127141758938594,0.4241491778270828,-0.013309118125229879,-0.07118753348751297,-0.038162588829314927,-0.04236781769338085,-0.061705952542079515,0.21463177919028223,-0.4081845536673501,0.03697491382052098,1.3250369603899137,-0.41511462041788727,0.04472776268380435,0.30158411096568216,0.20078378952493056,0.11847794444442117,0.4837239028111138,-0.06442370859871001,-1.6381747135721136,1.4534093893457305,2.494223007234601,-0.9872568510819257,0.03503836032758102,-1.098255273586281,-1.7646145550887247,-6.174794968801752,6.881249155327642,-0.4977891174849361,-0.6541660057338093,2.181949746752925,-6.62129956432652,27.021470335529404,11.718421621926938,-11.57166055333925,-16.346006899584218,-26.89459635411094,64.66529880096233,14.177932876337557,-15.920041583309423,47.97946130625846,-50.89093887528052,-4.943703153636187,118.56494834142366,118.68682077374373,-135.1640933240186,7.9030273151377255,0.0
0.8830460170914313,-0.3165269997346441,0.8085966122838661,0.9989029090115332,-0.019979114585608256,-0.013173357040611,0.04025265224743132,0.08486820571281671,0.10285479030578204,-0.13587833469270666,0.4480573203352319,-0.03429419892633243,-0.10349394048134802,-0.03326208077843322,-0.07457234877399031,-0.0764306347855828,0.10022384962647585,-0.17038355784442116,0.029628489438190235,1.3443734432315921,-0.31273614192268806,-0.1492599632065647,1.0719215888129223,0.14580408747976134,0.42999820441547115,0.3769389777562275,-1.4849651387413347,-0.5278243967988099,0.6180526106985569,-1.6693615367081738,-1.4643869187788656,0.12985400788535062,-2.024150647680175,0.051106116393089485,-4.3521556328649895,11.344924142946908,-0.3091335622551356,0.2742489144352432,4.124164077245453,-9.856230162563437,32.937991250074,-0.09543116115784797,18.530195111675063,-17.316371755879953,-50.322121556439114,74.65114756733566,-57.789556697447814,5.26964971911662,28.349996460597776,-18.41535396825481,-45.24823727509604,69.60621273684828,177.5923303398729,-209.19909179571874,5.149146337592019,0.0
0.9102431457280831,-0.32349161849315866,0.8035177659059506,0.9987381130787953,-0.010416768860140846,-0.01197135608075721,0.04764828479504324,0.10039420435871889,0.10281990396055911,-0.0834466081391675,0.4045822397119295,-0.2066790323409699,-0.11529525444482483,-0.051286972268642254,-0.09864618526901113,-0.01736609987093935,0.13016615759753586,0.032829933027968716,0.01705254512914204,1.3821891409945122,-0.37344902903806176,-0.3378916727879528,0.8872916276511064,-0.03242395174814387,1.3461905299160508,0.6822620633794589,0.43035252689086906,3.0074244566385753,-3.2531261637097453,-9.296689681434577,-0.3883750133236269,-0.6982922343084833,-0.991955436692337,2.940593400466794,3.554950145998618,9.012536597137494,-0.565805308212839,2.855098284492188,-2.7097285336333456,-9.377130197353566,-9.711701446299466,-12.554425118207396,89.66180346742044,-42.2800813632654,5.788090589015609,-80.16879848665494,-25.0424906805974,106.06188113045329,7.886443813124205,81.81589182628,5.7975885234758175,-104.23447345165904,67.71437892697197,-140.15829046573666,12.470526263482364,0.0
0.937917165818031,-0.33155783447236226,0.7952063840247585,0.9979851021655263,-0.003677105130308965,-0.010469871385527407,0.06247076553633578,0.11454157541531387,0.11991937550084421,-0.012194069907440786,0.3088780059776352,-0.33939587257498127,-0.10982733802596137,-0.06692722630737578,-0.09812528930365616,0.07986728250326662,0.23605188344354708,0.005278549522126979,0.01327404904755328,1.3826685059345694,-0.42825940388584216,-0.45041786442240517,0.457412409359144,0.23161559216633687,1.8333790505031533,0.2174176636919637,0.8870676433078813,2.6330570601389702,-4.599157271408568,-5.3511461714809405,0.3496651105410706,-0.18240784732289175,0.4279380885040294,3.9416158405216684,5.220334504492742,-7.050583949594493,0.3440920581069603,-0.32430726437344576,-2.903646260604992,-2.1337937684952775,-31.555022973095433,15.720122585435336,47.358425505610235,-82.00317141916759,-5.095122399359953,-161.40278605747687,94.70396008026864,110.79276744882834,-3.017344214910157,94.46142074401601,24.151185311660374,-263.9288870106832,-101.61800417627063,-338.6033205254414,-98.85807061884475,0.0
0.965791224685961,-0.3396715142545532,0.7860928713181556,0.9967523515176739,-0.00047688375775632036,-0.007208961624061164,0.08020319942603442,0.11097665979188516,0.12445770332751478,0.010632306955786751,0.24253966555741518,-0.2985950766833354,-0.1144795435511585,-0.045375613344090314,-0.09237279950241084,0.11568710130003852,0.2950356794528302,-0.1474772836862659,0.02967401054653729,1.3946693990539372,-0.3874434330186163,-0.4660284851407158,0.2809408069646396,0.3924938847552297,1.6481212843920707,-0.5371236522482234,-0.15597534628970183,0.3832140305290139,-2.0180713335636407,3.432231583442402,-0.2821397099791953,1.8032688377414499,0.24497423606110447,0.8331767957079902,1.227228631207934,-7.094336978163475,1.610250596303958,-0.4519884207023489,2.0935580282010564,-1.8383685681739053,-6.674389719729029,13.334985200476249,-19.81001732912025,-35.8422439342081,-33.65977867523424,-48.26889127789227,132.7617743587537,-12.35898787196151,5.115394282326809,54.86769195975478,3.545832184629118,16.878891574038644,-187.8551226289477,169.88882006242537,298.5831260656778,0.0
0.9939397813146469,-0.34792280745819687,0.7766801494270759,0.9958577631380008,-0.001458905870924692,-0.004050672012479101,0.09082279035398955,0.10882236639737938,0.1330546795368512,0.01952382170961762,0.22812842007971437,-0.1681306146294989,-0.1085830349203098,-0.02319965608048678,-0.07563792594336297,0.1172111357667457,0.3436465209029548,-0.27202104522511483,0.05525782679427348,1.4440020017641275,-0.4343545934553203,-0.4396766196188951,-0.2861644583692215,0.18707424673192985,0.5932465884327862,0.7058227644850129,1.2964640159738174,0.8784931992323424,0.9120198548631059,0.027946546330330113,-0.42506708356460354,0.9663585036192297,1.269367863289648,-0.2923696757993275,2.779685186005299,-5.394269475105158,0.43422348971014874,5.675047263240847,-1.3939281905714704,6.191785468034088,-14.504142993203661,-19.423262708236276,-53.04222792489231,139.84278296209203,71.38457280679732,2.722902642101196,36.18508161098098,-658.9904799103073,-86.20549115806924,10.440932666287797,34.5606698532577,-12.1785397711282,-4.7237136208735695,117.03632317407676,-65.00018002445249,0.0
1.0236434807819927,-0.3568089254631021,0.7695910576388412,0.9959074336558714,-0.003225820425057493,-0.004477303526860074,0.09021048400651897,0.14970636649056648,0.16135941131812429,0.0387175953545127,0.23283213665681654,-0.21352507246301744,-0.11994235125897348,-0.021645611588106357,-0.0484322244341341,0.10932500539144935,0.4380508892146958,-0.35757261307596044,0.05981036895890982,1.5245417797638934,-0.44781726582459913,-0.28381388405078944,-0.0853165730315294,-0.20564244244308086,-0.4229109472708055,2.932890673973226,1.3464406969856517,0.7928378436816363,-0.5120820969686639,-2.3872371509295944,-0.7117557220468218,-0.12640333672420354,1.2759052097547976,-0.5813498831575099,5.319951887128219,-2.96314252641495,0.8066387614296697,4.4010260640079855,0.04432860903138982,7.391865573856741,11.686171068067866,-18.562003256140112,-29.38500257776625,74.82442363019658,-17.680246680688736,-28.000111841857766,-72.33720300250505,79.1818712450032,-14.150538972993452,6.830651668766852,-52.03689059903668,-97.14893253283222,-2.468550035570703,258.7002088193241,423.6392211987216,0.0
1.05406202410599,-0.3664641299348983,0.7642487291043228,0.996380230929363,-0.0034121450598336932,-0.005899331059888034,0.08473482502658922,0.19074736123836578,0.1848340178598831,0.026493326067303948,0.2558458566887101,-0.25787367609509876,-0.12389189519344783,-0.03218734975047852,-0.028410451845581518,0.07639450995471156,0.5418548809047117,-0.42106513936198975,0.08571899455354247,1.5367176719547406,-0.5064089926381684,-0.24889000917831475,0.007052012600768686,-0.1530569305966922,-0.725173714386055,1.7357345393590846,1.0603762122311968,-1.2259315102898427,1.8769760440659216,-1.5964932238624785,-0.04475476736464745,-0.4919799177048585,0.9914274483112651,-1.7659184593505566,4.234829759806579,-2.7088628243775577,1.195196923952923,2.789427083499899,-2.268344715311942,2.2605709381214196,4.977290634905947,-5.291268308570992,-25.582865894387943,-9.684103965158728,-12.422347689463665,-31.9033636477003,40.999202489456074,96.31053337179029,4.8947097750580335,19.89465401749958,11.343707747812251,29.12061377928284,-141.94837175073863,60.977842970345186,-22.36605133953833,0.0
1.0848025978471147,-0.3771047278039503,0.759981759786326,0.9967918224655009,-0.002776647213320027,-0.005750191608396214,0.07978275623607359,0.1959708809160508,0.20291325554528591,-0.016298668049620633,0.3377482071639993,-0.2724846357919726,-0.12615514100251382,-0.028806233308167412,-0.026608173186491765,-0.001604453614919692,0.5513340685393112,-0.5398135291093561,0.08043051886429858,1.5448513798999919,-0.5516109502548203,-0.1888335322154742,0.11616257585256118,0.11197222894801256,-0.6392738745834389,-0.2869198456325614,0.7768210940746011,-2.1561649989885274,4.88346900834799,0.3030588800872147,-0.29051829708006993,0.2994502640121744,0.04314506788509575,-3.8180210594065427,-1.285413387811251,-6.080768750391118,-0.4399657335968013,1.416972095053227,-1.9361983712031396,2.324847536327543,7.763000777781272,8.582053474447367,-37.26403889770538,-16.426528021982328,-15.504702360473265,45.56256597991073,19.57634339740045,135.04331940006185,-23.892077170911442,-14.405283025723925,30.39716828859065,108.50753554720416,-102.6762375293237,77.2869844377118,7.12286405914703,0.0
1.1169445901169546,-0.38844626376347546,0.7567751832429036,0.9972094869537088,-0.0015687911809552889,-0.005650540178418756,0.07442344670494436,0.18997826967061232,0.2135762537961514,-0.07038668362161032,0.4368261074014343,-0.24103214315001115,-0.12531233020909227,-0.0026219630889484495,-0.02411572566039982,-0.07317780748992321,0.49796192756407603,-0.5295796945410256,0.050484815975412385,1.662707433905391,-0.5783992181901645,-0.14215173708631795,0.12403491508885896,-0.09636175591081492,-0.5580084836083055,-0.056619912789721255,0.44055320677833565,-2.473328168734661,4.628959009038374,2.7048828494108315,0.19898698694743971,1.744464776093813,0.5116040463925869,-2.1026272251050235,-1.2354741565643153,3.000737967608226,-1.2349173464065966,6.8084446912399885,-1.1601980334335245,1.6007732238059529,0.740896694162596,-11.925371499529755,-6.077484774223577,42.41703628816963,-2.8085424148169564,64.7196524640264,-59.08496607002227,125.65615564507704,21.835576111316215,64.57224731782328,35.71845573529624,134.7898357622925,96.10865421594472,-31.885384220657095,83.68891279638963,0.0
1.151384983774978,-0.39967588898853507,0.7553589581152202,0.9971912113691686,0.0005354616331830449,-0.005847313522063102,0.07466733002795659,0.17445878424381628,0.21055882289218147,-0.1465887003801323,0.5390085364032919,-0.1495861968243833,-0.13049607790056125,0.0732574716314716,-0.009116494260674025,-0.1039717415732692,0.4128609802390023,-0.43141357124920254,0.02257982282113823,1.7600819993542456,-0.547705535274729,-0.007741673354494825,0.24601265255089005,0.07896516322232978,0.23906031887427467,-1.054330758780307,-0.4020004717311072,-3.7966023773674857,4.88744154559876,6.137656853001968,-0.06693370528247725,4.772164058985101,1.0589211217330319,-0.9310647653918348,-5.143626791115256,1.0405182485504032,-1.552739888843317,3.0070256377224864,2.1480148846208196,5.472435529413958,8.143533855027469,18.96872086372309,3.5782409294374187,-12.951898364494168,-21.055617878639357,68.92523327345364,-63.92466736383385,177.98678135525836,48.43469280755584,71.52668054791386,15.286486340022707,45.86484193302805,-115.73458688863225,-220.09201429789843,6.511755752741347,0.0
1.1871134532221796,-0.4090572051821872,0.7562719885033846,0.9969535367933021,0.005885848405706006,-0.004436992618426434,0.07764866618542074,0.15340482311952916,0.18617176071477043,-0.19767675725790734,0.6278830305617012,-0.12370491335732642,-0.13578274157671555,0.18527280711949126,0.006117428197907384,-0.11762625148901484,0.28226636793077475,-0.41718419282203717,0.0018094839201667071,1.788304205626816,-0.4054410863544703,0.0769610019008627,0.8374246325247717,0.2185656537202761,0.15021316516646716,-1.0332435178391934,-1.8445652484546415,-1.259654852236074,3.4808699447641374,0.09283436936328855,-0.26778076417808677,5.676546102862184,0.40304948524750267,-0.4013586590856083,-6.955073529804041,1.0851904787444058,-0.6841304263543059,-1.3803540457971764,6.739268158583262,3.118567139236276,32.688322248730294,21.41686386119724,-27.16232449260086,-3.936310665424148,-66.62522190738419,146.03437744253117,-126.65871935976065,-34.60909582271952,3.200931053256955,-43.80683762634189,-44.7327433913168,41.576348453083185,23.516079065732765,77.708972920822,27.98655401150049,0.0
1.222651710449555,-0.4162213415373291,0.7583041536923512,0.9968680913985747,0.0164492873770619,-0.00047166329785858343,0.0773511915220663,0.1354362750875174,0.15556264210160406,-0.16792029421903137,0.6490685802477614,-0.255637159263343,-0.13897006975453724,0.27134140008798,0.006208446173842535,-0.10608180642369537,0.1940142489082862,-0.38536501890886754,-0.006674917624227011,1.7661861175059288,-0.32140572721305927,0.1263363057326627,1.2647111990970135,0.40503378048619226,-0.031182921015372858,-1.0245674729638472,-1.6848776907701544,2.5384800334443978,-0.44594874582795363,-7.363518548585214,-0.16709322208015345,3.33436839741147,-0.34019305546568845,0.9128540157201523,-2.6936555443711008,2.0464594690593465,-0.2984450770680012,-1.1410353068593904,3.8542318863118616,2.840588957710872,17.419788946027495,10.542523866419293,12.461792374487128,-30.482328849743958,-42.66553862025538,37.89743722563081,-116.84899534356819,81.85675004826587,-2.197477388407117,-92.90968554056995,-36.15982003969852,3.899396846723585,160.5805011122094,49.46382392982742,7.3002432224758635,0.0
1.258734475249441,-0.42209673623817195,0.7614101324761728,0.9965674584786925,0.02889874353280469,0.0028504136175238957,0.07752443786158061,0.1280077739035437,0.11191959734030885,-0.11954435651678592,0.5900633854653738,-0.349707689900169,-0.13836832501090943,0.3264178208071898,-0.0024135579677430205,-0.08315951251098808,0.17217227155632964,-0.3308456313707361,-0.01597389014159526,1.8259488608835086,-0.2782131038021753,0.17146399144991575,1.2197820078647552,0.1442005937378479,0.22768058816236508,-0.33991958289725893,-2.60166622605579,1.9655149432035033,-3.6158201672707584,-3.6706479000246173,0.05571725442980389,2.375108247961517,-0.39889861030761825,1.1047498222284902,-0.08448012390164802,3.329681346850621,-0.7349073448944813,2.0479806024351794,1.102521478118903,1.2701383469713945,-9.373487556377585,-8.003087740122009,35.364944350373115,-26.880140695726418,-39.748856000189164,-62.780197365559204,11.003450494250686,74.32799390382219,-0.8054148988660943,-32.40970364776118,12.712759051419164,-20.719226373124663,86.72747688893921,72.17786446823318,-32.62719334640768,0.0
1.296349505402035,-0.42758070702748185,0.7650967082613063,0.9958467204990052,0.03916615402376746,0.0024232918039724318,0.0821550321477349,0.1314672004589919,0.05894899276982609,-0.07824297994531948,0.4919871006250333,-0.40097079675277947,-0.1345401047087837,0.3693426222584285,-0.0036691845978445064,-0.059194623113760905,0.19116446060707756,-0.2423040246274464,-0.050011510987183504,1.917284036225137,-0.2774153503866971,0.18883256672440205,0.8169327951954837,-0.2683918863920484,0.8292658145109532,0.1247988634857605,-2.6949495222735984,1.8306077257693296,-4.65337111783607,-2.1301694475882793,0.17953568959955907,2.049474736960729,0.22890736988920815,0.7444253310250237,1.4723924055110982,5.190223714238367,-1.4855476294158527,3.8412829329823355,-0.8597605209495679,0.18887624695178468,-25.70436306171163,-16.271129837173824,48.42827221044575,-29.247093001051272,-0.8861847549603972,-38.18677941611609,100.3919091153818,34.22913363187558,-4.544039980619451,-2.877536893751654,33.68543256790035,-83.6858441047437,34.35865742265956,74.5031721777393,106.55651324895729,0.0
1.3360964251844074,-0.43300244531705917,0.7691594660414994,0.9949492789473309,0.045408737800489395,-0.0028972545472343543,0.08947393346468084,0.15678141030336012,0.011656586030547002,-0.01471570747226819,0.35490623040215,-0.40970820595568613,-0.10436387976435525,0.40119970012425865,0.011528461148391586,-0.015835266754793423,0.24727629406443105,-0.10702982503108956,-0.10380056923278144,2.030591488974835,-0.27265094085941294,0.20617989258889396,0.35816699568219557,-0.7110114737954703,1.026630449194794,1.398210577025873,-2.3844387939546863,3.1085952632119485,-6.4767151095144495,-0.18056810424129127,1.5043736791157252,1.4007298851586043,1.269767873858529,2.522160866145197,3.283983838807639,8.500981984071819,-3.449674070104368,4.152403467645336,-0.6187196060792546,-0.10921012735848797,-25.766293942479777,-13.992142935578523,48.39837525897746,-29.40591518950954,-13.534483546507664,-69.98682774588693,160.07885447619657,-6.9306099137566335,-28.861300072308282,-10.198381278976195,55.86359641665605,-25.666067653758326,13.859381769043242,206.33120736717007,1.876619834257534,0.0
1.3766530649996516,-0.43896766979322493,0.772746962584355,0.9939886926099236,0.046300754960987914,-0.009273008793111192,0.09877616292193578,0.18614894927760114,-0.02716642926764517,0.07067730780191823,0.2196346387455913,-0.3381824774175982,-0.05648411677401174,0.39474147125549736,0.051016976320888266,0.0533186071757883,0.36725679116605364,0.11225153367455558,-0.12159382403496694,2.029727441546205,-0.32030245575997274,0.13759755592337614,-0.1896313695420504,-0.5331765038231793,1.1754812752149144,1.1073607626326063,-1.9777072036006507,3.679445510233363,-5.518241094767378,3.772694449916176,2.2067439142969802,-1.0836491351264266,2.4818198860975347,3.025844564827983,6.64790183539012,12.340241049634026,0.24285579025713303,1.55842501588636,-2.5811970998010305,-4.935009950119924,-25.308346694248584,1.6864658152564562,40.608074317440455,-51.094447705137675,-12.742637729191074,-137.1861994192795,194.88680426575817,-69.15596100270716,-43.41739273965271,-35.58889947823255,51.475756270384636,-115.05919246590818,-38.789410726157676,-108.55498958138989,14.155170034121175,0.0
1.4159103315967654,-0.44579468769026676,0.7735724078207293,0.9933203780902938,0.04369677640703934,-0.011175546245741411,0.10620887612765047,0.19399340356318298,-0.06449011296750048,0.15642331354379235,0.14736195496043752,-0.1901918667055979,-0.016389759912395913,0.33025490275448716,0.10093447422930664,0.10040976002525388,0.5579031121818636,0.39162530477696744,-0.052822968854193915,1.958371609170329,-0.35115337083217546,-0.032223378041047294,-0.24722975115038504,-0.021419552659809063,0.5496015258198388,0.38136745028536523,-1.3824557265875188,4.9075482274691895,-0.6410569969281301,1.0235372488021985,1.777155243989309,-3.666626668542354,2.1742938627879127,1.1553768121123464,9.255242238528831,14.579934305709697,3.971085830173856,5.937444823885857,-1.0499189701668263,-3.175190198283557,13.082661514085483,-12.819309532835828,-24.25651236025404,118.19486801441391,181.21656393985432,277.0777743310477,482.2580268363849,-1657.9989360308136,-8.627307050153165,45.68084609940276,-58.63674317966698,-121.52639867378701,-198.29305964220396,-167.8755485142931,-62.827818715259454,0.0
1.4557547379715268,-0.45298498529261755,0.7730658313717033,0.9935838988818533,0.04375473948368891,-0.011857136693573266,0.10361451136245343,0.24807422596576054,-0.057521289265556615,0.29481188351992665,0.12355172035645623,-0.1809105048221238,0.022037218821798668,0.23106104066344665,0.1212682085607215,0.09547632712000835,0.8085780142533759,0.4498685587143337,0.009028099849841965,2.04201952955655,-0.3557500740910436,-0.0190893325965991,0.1756809675195867,-0.21196795018279052,-0.4643785066364396,4.147629530633446,0.6029740213300228,4.930032057795523,-2.484470010544718,1.3637968751201726,0.8508544335046339,-4.829746758620374,0.25067436999953846,-0.9783130922252816,11.508950434032561,0.5791801938177681,2.510295451233514,5.75221392677255,0.3695223201374967,0.5603526986772662,16.21013111432086,-14.680341868738987,5.377293925416714,99.24045082423281,-17.134912874030302,-358.581401892229,-124.78684183381142,142.59053888636407,-190.99999266391364,62.381235667642684,-61.53482585094093,-43.0860173695961,-273.1048776834979,-41.04728734530818,-54.83446507352902,0.0
1.4964011305515614,-0.46095395134658096,0.7732155217313804,0.9939968240218496,0.04479018137844718,-0.011073530753365065,0.0992044878179255,0.3264923534071794,-0.04757986142516276,0.27856743516994076,0.061915923856363395,-0.13112718891373829,0.03199038504521589,0.11546427539560018,0.11246395082046333,0.05336550385357237,1.0324517122187062,0.23016756413911765,0.04398689242304732,2.044577989050661,-0.4351333102960708,0.037005029918476255,-0.005108445768390757,0.17027490858330332,-0.3764896490753653,3.698249333457212,0.6131210361197224,-4.28234625416243,-3.251897258179682,3.4367647500741856,-0.07096666270876217,-5.970804524826714,-0.6541941635762436,-2.360137458103014,8.85783387654143,-11.754893094605173,1.4129416898505858,2.2788281443626865,-4.0598429554235445,3.6299879688486563,-14.293791950772654,8.743828661128978,5.584122550356756,-24.991988791920583,27.875891170289265,-260.50529253535126,3.264990366093267,103.33320882750468,-66.07717256125993,1.3872765428961018,-0.014710475652087496,13.864109697456238,-329.6908313837793,182.93339220689734,-27.465587331344405,0.0
1.5368536994026423,-0.47072074984554846,0.7750153132055071,0.9942811413138457,0.04289551696719368,-0.00601756482992432,0.09761544737013575,0.3648289785887177,-0.02327963750034192,0.15474683340111672,0.048550371382757945,-0.06688349809056712,0.03244990419612143,-0.010704001579148633,0.09600030108461886,0.007725819317834272,1.1360621063990812,-0.08770287209403721,0.06477626087902053,2.02289395337229,-0.5169011653214197,0.1292374473916827,-0.2237461718638953,0.6793654374591424,-0.23940014036693408,1.1008525456530347,1.5168526230279897,-6.342086477573891,0.4784297281772357,3.619548377905614,-0.3139507834225769,-6.469995579690437,-0.8418071017443686,-1.8095411559800925,2.1472710124733,-14.878018353902725,0.8537543806746816,1.151596156564104,-1.901771313115536,3.673502801900338,-5.5781518980877784,9.983456066213481,-23.384172507739596,-46.806619892133675,15.532374674992452,79.15579761070666,62.98022135546221,80.91809795848488,-44.03250495940323,-14.093520923656351,4.737456277083494,78.69389927563208,-302.7036303184796,246.83061239615972,-17.31829374443989,0.0
1.5776688940634478,-0.4811263345953076,0.7780187240149712,0.9947938961827897,0.0407209963410129,0.0007152312450659961,0.09341516482203346,0.37672780314483323,0.006727604882830066,0.048738614913577796,0.07602962079920692,0.0278228612794837,-0.0033252273013481227,-0.1420829419054242,0.07376360897805781,-0.018367735301162928,1.1407430935439673,-0.35873966359324766,0.07370556593579122,2.0722914306141447,-0.51280986020817,0.16096657263668976,-0.07095466991802699,0.5632496286314169,-0.7220751850645364,0.5818747949621588,1.3316046668995056,-3.9917610033814293,1.5808884152469118,5.809168080176874,-2.1065928329504158,-6.505359694077896,-1.2406899422324098,-0.6879908710693756,-1.0851712136062988,-11.592824079421394,0.3175384444229116,4.822105000514333,1.4694978529767793,0.6337433373145873,11.216473670757766,-20.349943653510387,-35.11500764934594,24.849020951416353,-26.097043325234097,175.97743719193923,-8.913172293573743,136.02099858924333,0.8355666743782935,18.09526561287084,-7.887606559877255,77.7478722775647,-118.12978312961619,233.11913004264332,-8.642934086625878,0.0
1.620157591813978,-0.4913189729796688,0.7808216561951153,0.9952458831532162,0.04009848924856374,0.0038177749875308487,0.08867450490813943,0.3758726373641595,0.031153578649411182,-0.015442404542219549,0.14481706610964157,0.14232053625372304,-0.024773049333255436,-0.25305454359913493,0.040239060909130105,-0.04098518408788735,1.0693854399611273,-0.5363165497494711,0.06438428629575237,2.177920696774281,-0.5031373785713562,0.10450152367313663,0.0014428089502392574,0.005830866286763603,-0.4630389362149379,-0.05491539006349899,1.1711565414840934,-1.929309977635866,4.1098429619472725,6.473782400149542,-0.5010012361958691,-4.8817189523971205,-1.7926315457945101,-1.0728950854618913,-4.5108147100419,-7.256544746624876,-0.5195881791794221,6.712040300965095,0.6970901974932199,-5.510872675736925,3.1682980952327364,-37.0178496830159,-5.445875496141508,29.0930821646186,3.9422912677303263,176.1532054479294,29.976243880690767,128.5423298070643,66.4752075373177,64.17186132122485,6.343100451641483,33.6710559170227,-23.978672292359654,151.02319464061262,9.475166403012622,0.0
1.6646855944521983,-0.502183897963703,0.7807274602206182,0.9950748631278576,0.03747712528805718,0.001049023233568675,0.09176263619509947,0.36179150797057524,0.08659382975683907,-0.017128249125329502,0.2885713868571563,0.31806487035420045,0.024858954514896336,-0.31814442187529673,-0.008430643676774822,-0.10568774338604328,0.9125059707519985,-0.6256262832087364,0.056188771492849114,2.274823473652706,-0.5630049155179366,-0.12180068732289429,-0.4448090017469424,-0.4961835266098938,0.6063076448102865,-0.3211569798859286,3.6524060478346994,0.5385835525845336,7.372693738171021,8.629738694412442,2.667691513025001,-2.388633522178832,-2.4582544204309467,-3.8879056433792485,-8.47743733120534,-3.411892516239523,-0.28130149381648917,5.721063849953452,-1.1753157168768116,-14.601801233483531,-10.938524958519395,-30.891663707306584,9.03131018674572,93.74462800272909,63.26989049298187,9.29956053244345,-112.47646112602101,-107.56156093364338,-42.84420039866812,55.96353340500405,32.659614710140886,17.554085002735537,76.36089098950164,69.20457045103407,12.648712922083853,0.0
1.7110638156357219,-0.5127702611256486,0.7762940785432114,0.9943776318888723,0.035389155984198534,-0.005734930114943967,0.09963856389160292,0.3683984725847525,0.14809133238378783,-0.03324568541171265,0.40221999935391944,0.311064159547186,0.027117930126476095,-0.3371020187890929,-0.06584564438659529,-0.19500306960102334,0.6849930626028985,-0.5608532891802481,0.04508161433425548,2.3413659186120332,-0.4950253890066866,-0.32741085445338003,-0.017584462069902163,-0.6849461768646731,0.7701496205359275,0.9001715237641823,2.525290186401105,-1.1581959319517916,3.74784846764428,-2.264550368702929,-0.3209358075606868,-0.6587794122499059,-2.8098308873156634,-3.6979065786383725,-11.026526320478137,4.163709737286432,-0.49939649517267015,1.2903428656627036,3.969671165578911,-13.036807812466778,33.20364053397904,-2.0366259312450663,-14.930071678479987,51.85903484671577,-63.816215753736515,-2.0463030861402123,-204.1650795916542,-26.05493390025591,-0.7246393597500838,-34.675297585018626,29.94309917170882,179.56487775275167,210.46320308953955,-63.69088671947627,10.80446499435224,0.0
1.7584921095060888,-0.5215506072731035,0.7687225400936134,0.9935792106993693,0.03900169377311595,-0.01353852219262835,0.10533721263488187,0.39217529154238484,0.15723113161446847,-0.11153355034073942,0.4513142529987303,0.23314343225637676,-0.017907185236138504,-0.3452214356152495,-0.11485929873918205,-0.24223470095180474,0.5723564823899404,-0.13916941098450733,-0.013212642842926333,2.406675542384752,-0.41190146197755184,-0.3924571156588935,0.39319282419394525,-0.8950763227419719,0.48135360366129937,1.3979440730857735,-0.24994278919802357,-3.9387779821184616,1.3924281620515402,-3.7679206280299815,-2.211039840369183,0.16644638704197157,-1.9962494164556266,-1.4218030755899524,0.15385243367647428,16.49878789783439,-4.1709048220262295,2.9747661988709173,1.229570580509515,3.603918108167324,-4.97772726070385,-3.7963748259036287,-13.45388329329521,-1.6811031111560903,-13.601912801183724,114.44536162308727,-96.83642483318457,62.54930000918818,44.6401389162135,168.84591478519042,76.23721319137348,34.09395767476041,574.5669034312252,-4287.701515636652,-459.57940570333005,0.0
1.8063910199790345,-0.5317150362352641,0.7632705297278616,0.9928059709946783,0.03746172482589034,-0.021233713966028068,0.11172310648022692,0.40457257309053224,0.19485672450717575,-0.11785778886316287,0.4625149008216593,0.0371476749037723,-0.027062132627513783,-0.3219726494196774,-0.09639402045395366,-0.22044228549562733,0.6465814534804094,-0.12937839353412653,-0.05978840920013323,2.373225987098315,-0.5629500961427173,-0.1491332559120605,-0.6329915400910253,-0.5414029901200753,0.940164935249159,-0.2029448163113699,2.798237845670635,0.7967203424220586,-0.13273623849689695,-9.88275734588274,-0.0955006788844899,2.410634618692054,2.291587731179858,1.269854497723874,3.2578296466650034,-5.401009693117661,-1.4730161051290487,-2.873689165467026,-3.997868062353492,13.4954797127752,-34.09255049100585,21.51824554758245,35.75308559216661,-102.01356249676958,40.03020974669365,7.4736440413500205,-55.62642446752651,150.26611518123198,12.390988594817541,148.3878195164274,90.4125690399312,-60.077502684918244,-203.68046315929794,-260.87606618430266,57.13442498946832,0.0
1.8538857723022244,-0.5410043034793672,0.7634005044096084,0.9919781871450254,0.03620884915166085,-0.02848826389810774,0.11771412103759296,0.4073841875866872,0.20868122564847125,-0.11605509974035882,0.41843410856046115,-0.16416592966782617,-0.036221477458288034,-0.23093388564799286,-0.04818258852715599,-0.18902750866690754,0.6452571235781805,-0.2632737497670931,-0.07557150239985552,2.3540820667030693,-0.3828633818643734,0.10972296088163237,0.23681951675678092,-0.6925637363881715,0.44223744831133194,-0.12114724373071396,-0.9284055071219179,-0.08677330188501688,-2.7860690549969624,-9.00758570812915,-0.44509298865108393,5.803200520565063,2.1530946781724114,1.6399833974387785,-2.435353092176225,-6.595731594575665,-0.44584599440727235,-3.9052967082397987,9.031187343409522,9.374914720919227,51.7427529360881,7.893511661549512,-18.73379799854742,-64.64038505554952,-170.23493372451475,12.054879282788763,9.15571960529934,158.09976550864724,8.416998638287248,94.88006553991092,-52.55562431224716,2.33478578306085,-219.95700771105518,80.37403747573482,25.106845841227404,0.0
1.900474398262882,-0.546503482281774,0.7669486409884603,0.9912763812087314,0.04523385455543724,-0.03544184908448562,0.1186124352386895,0.39845596948198,0.14847163924855267,-0.1202675482962229,0.3699229841165328,-0.35467564213994524,-0.04883863140577502,-0.09937543285150156,-0.018010589668761234,-0.14850218739669435,0.5649606009065894,-0.37079908277071466,-0.08453383549697356,2.2941079886945728,-0.1972583571013898,0.22097254331817656,1.257834757860092,-0.7848589792869141,-0.1896778974227593,-0.9454151375150677,-4.3737548114548295,0.3533411828270287,-1.959662674675239,-8.42772586685867,-0.5947082908985852,6.658980818228195,0.790498987509643,2.013085854116882,-4.513194643676834,-4.019613777652355,-0.522802500036679,-5.769393174281765,7.146184739999788,5.956017870731304,38.62074666668063,11.254925494451781,-36.853631058562456,-73.8556102925114,-121.1694628674447,104.56417852644901,60.76559920505032,170.79678819831142,7.295567301692938,-78.1824765526277,-120.97240608780875,-135.36735469916812,88.66293774384553,219.96494478157473,-56.26272204148084,0.0
1.9460763233971636,-0.5500880952886538,0.772135530660017,0.9903912245555941,0.05884989866816678,-0.04172791658471559,0.11798598530129215,0.37321950630302747,0.055464069921482846,-0.10346888560975191,0.3027793008510669,-0.4707719438759342,-0.05232574118071605,0.0307214187021956,-0.010769288147456793,-0.12259741665378451,0.47666163242609366,-0.408553306077324,-0.09047564746531724,2.2527305700596427,-0.17292215847117884,0.27156864957211785,1.2746834326367384,-0.7095900383763665,0.08948180789779711,-1.9420974297597717,-4.818438029107644,1.1638659975995025,-3.3805314046129586,-4.600006491681527,-0.05209952872198784,6.143173289488804,0.2883081123565611,1.5582765265704253,-4.066653959436378,-0.3909814179256383,-0.12190788605726491,-3.798060715211408,-0.008357281986838461,-0.11840038360940239,-2.4562278375552977,13.38171719531574,24.810481506138657,-96.89001736832361,-12.195393727572238,29.378429811099846,56.6831553577364,98.50698072436573,5.358206219190594,-54.21156734407258,25.90917001792193,141.13647574439918,62.442840230505595,145.8140728950676,15.115585431146771,0.0
1.9905677065224883,-0.5539500116421712,0.7773796829299512,0.9891130226099717,0.0698066643334793,-0.0464330675229073,0.12093977161551388,0.3215426334723831,-0.03465344405920129,-0.05773423556392119,0.2285796561969153,-0.5083018755854822,-0.05366412168622881,0.13774451887716793,0.013380888698946436,-0.03442687928598682,0.42100888333315484,-0.37803560667268105,-0.1112911678220027,2.199655617560883,-0.21390836461178447,0.2527214530290916,0.8326727121501076,-0.46816394620140966,0.6441951806499839,-3.3109544294980147,-4.374020140181556,2.3285201719704927,-3.219640468351132,-1.0822763463604193,-0.06803476961991568,4.793403533951082,1.5140803890446721,4.832863175244183,-1.9159857621379879,2.705300994822761,-0.9977079750484854,-2.4363495162814592,-2.80313290676995,-1.2868513463749611,-27.821948167198144,11.36379101576961,50.05477733227687,-83.74249159261133,13.470075076290103,-38.94086491077556,83.31372863221905,35.859701068382414,0.14722158598921709,-56.5192025861276,13.466203639904336,-75.13000569640789,84.43796715034348,116.73284046879314,25.32598759642768,0.0
2.03449157668464,-0.5591165110151579,0.7820581817756561,0.9875484045152575,0.07349395566600686,-0.05085302264048733,0.1294633434925055,0.2506082286810974,-0.10922449698849421,0.010563094054899138,0.16353906634246235,-0.49964598183320236,-0.057073343828577865,0.21790956369853712,0.057112028292792494,0.06649520641449656,0.4099701781866797,-0.2976371586157663,-0.12724814820250374,2.201305498977205,-0.2985793272458358,0.21843136336757657,-0.045099785570061904,-0.4266232037478515,1.2325936102898194,-3.8069885090944338,-3.4262383417953175,3.040856020425178,-2.7554502413428166,0.6505672651458729,-0.1612346036626914,3.5214890703555852,2.577868193314192,4.001676009455959,0.1999790904573799,5.082603398296093,-0.5678676221524767,1.4902857472295943,-4.8208251203534385,-1.745490695101585,-47.36493183098044,-3.5131769866985296,48.27556547917045,-25.3312882841008,27.923607925276162,-97.24195370086083,72.62240819449225,-9.43760622380798,2.9255043171654473,-44.85550173582208,39.95958223804294,-179.0229679512807,61.03083671054809,122.945483635706,19.874980792975382,0.0
2.0789856577391452,-0.566111615271788,0.7861463804857419,0.9857917041669646,0.06777088190092435,-0.05727313337935052,0.14262402236255264,0.177930683918211,-0.16653978581968082,0.07907265186717723,0.11115732749045167,-0.4505530147097798,-0.05889510337966069,0.27090793165225363,0.12647391198749316,0.14480078442847627,0.44193587235308596,-0.16691698634941302,-0.13110245937648807,2.2591281870430384,-0.39281163071224123,0.19559663146560038,-1.0047065406773357,-0.5681953737181865,1.6949472658405733,-3.466222381792039,-2.5552682295469618,2.7697310444156145,-2.1477940744486723,2.4819437901443044,-0.062466657903773634,2.21169058440719,4.052847224715962,2.8537162896279664,2.1082046932806744,8.057299586074494,-0.02128211445753007,5.08301923267273,-4.818067466692005,-0.6857983092038652,-48.75777821990146,-15.855765200677324,41.252181342921396,26.779382300724862,31.31352788565012,-109.36584944855463,61.8654961203457,-44.719482692321705,1.2509913768737326,-33.00533596909998,58.198428479131756,-166.90769060073194,16.744314256292057,201.9461371444996,11.744429584070481,0.0
2.1245712244520116,-0.5748664543694091,0.7898983389103599,0.9845124679374602,0.05580114950832527,-0.06506074160828075,0.15293309677967576,0.11706374079106371,-0.1939961891983649,0.13917811200821864,0.10286995705620515,-0.33639371500659576,0.004811330487589413,0.28347028932606405,0.20961274368653288,0.17785777131154834,0.5209141960314061,0.041411942900692375,-0.09258140164938328,2.3062063749593515,-0.4577060282303275,0.14206033224186157,-1.386693335297274,-0.5625022228477594,0.8781112764557575,-2.296565816195948,-0.8847562169819502,2.9830635982457268,-1.2435888464725215,3.5308438860510867,1.4146344411302492,-0.12689897077463844,4.039111911342833,0.17539511823671772,4.360794161411683,13.176326290033034,3.1036895649156815,3.7010674465874804,-2.0644191742216074,-5.995468024265325,-17.580966671824182,-7.0129442212232505,-17.243294602889073,73.40580326316154,24.585102690995523,-81.52109896121613,-91.70219679589395,-192.9152149934142,-99.32598993725401,-48.39336457708182,9.269858884270057,-139.05188169242948,-3.525654635882752,-189.57242829391214,-23.69927757901064,0.0
2.169810737429456,-0.5840176999145156,0.7906330468974402,0.9847917556109538,0.04230783200080179,-0.07005047368274175,0.1532585285356441,0.07237137812708466,-0.19434322978671573,0.2239933070541989,0.07044157845526317,-0.18300972341359256,0.055410433123238845,0.24472234344926413,0.2467189653644941,0.10999507481311824,0.6613280403064866,0.1721335754940377,-0.05662874942519248,2.260302462398587,-0.4488475416108603,-0.036349190395058836,-1.440583725123238,-0.22143382635134154,-0.3169190783194072,-2.226909169223538,0.46714729929398274,3.209956004270985,-1.008252149542966,7.505589143077825,2.3336708904209056,-2.206058595297628,0.20967266426921322,-4.8273966817532195,6.5642152363469926,4.694384820687868,1.3751225756468999,2.004909943018906,1.7995913327104123,-7.194020307107756,-2.6512058686253974,-5.340729709791248,-51.5743676074468,13.383558277165964,51.963327109193706,-148.9047140483876,79.90992127614587,-125.01786004605215,-44.41486799243847,37.99604434592325,-155.8104989054854,-22.52446990824982,-160.87517117104116,-110.35162088808667,-26.570848174137645,0.0
2.2146206155947508,-0.5938638775639495,0.7878839500339738,0.9868089436255247,0.025506715181802756,-0.0726661684044876,0.142397837872353,0.022215180470441423,-0.1545559925779097,0.2645436393206204,0.05523964738210264,0.08911652959000282,0.10864086420577286,0.18200999350572308,0.23291331143431293,0.008650553478333897,0.8413611329683371,0.032135529152641756,-0.06319357367758581,2.262740369216798,-0.5234306800512986,-0.21007291167301467,-2.096883556643633,-0.05949385435363046,-1.4415264842379312,-2.0819297957232723,3.052816334475132,0.5163414727447071,-0.9762386159789376,13.180014941988851,2.350438826750736,-3.217128827253044,-0.890499047090406,-4.286285822764781,8.771112900719162,-8.191865241761386,-0.5615178985385024,4.612117052465479,-3.1192272262970295,-7.238529571501602,-36.29771565536129,-14.521292747181786,-48.01722929101255,73.94090643378492,119.54189107192332,-148.67171352083759,-15.228786957375856,-236.9471308488612,-49.090432229065215,36.03553062611892,4.330048868470646,129.4253432582377,-156.2571939461068,134.91967720648873,7.909729160626445,0.0
2.2593984437307886,-0.6040749833662634,0.7846548878163209,0.9895372416337378,0.008417645010110487,-0.0741772933728953,0.12346222021432074,-0.01454951112571706,-0.09170335103263058,0.20070211599943524,0.14095031184694315,0.12749802431636026,0.16895301688705597,0.11443521395144135,0.20518227935750843,-0.040153053661731476,0.9959513237079731,-0.20466837950053826,-0.0819794319921086,2.2399433149173755,-0.4541636227835203,-0.03724156694932178,-1.373962641559254,0.02644537057483519,-2.2296439788551314,0.12141693512554352,2.9701506100367063,-3.6086854391338017,5.283763859733217,-7.712877307410157,0.9481757917159819,-3.0851518221208685,-2.3379086477476525,-0.984969852769378,5.806943849165038,-11.017812857576319,-0.8802388172914624,0.0958599039394415,7.679665730805325,14.569042861648526,57.57336648316103,-5.284561705123631,-53.90857488125211,258.8589279859519,-84.77010280649813,-70.47782302655865,-243.72711586605644,-344.1985787491854,-258.574042235801,32.6928418076011,-112.65851481506598,152.82209745548718,-237.0849150880006,200.7313012510477,14.673943756452024,0.0
2.3039220537488285,-0.6128906415189357,0.7861943798967727,0.9921317859774641,-0.000973554283854437,-0.07352782253417658,0.10132734457493418,0.011202085123905347,-0.0439261131142752,0.10502529041401017,0.21520578375902708,-0.03604506399907535,0.15035270931492328,0.06032129637125504,0.16106118733972657,-0.02680518649799214,1.0311866555005094,-0.4524806245435752,-0.06009812899381734,2.2006408609046813,-0.43206882855147805,0.1464653202780805,-0.8813011539441763,0.37991790575372647,-2.1769257318885518,1.994710170895664,2.000848795978336,-4.757916938096477,2.1162357099302285,-6.917344876838609,-1.700286005669055,-2.7843224696665554,-2.1765497140682326,1.6403997429485024,-0.6864581573253797,-11.27778430957171,1.242705807540353,-3.9859660699165778,0.7704148695625266,5.924640811587365,21.990104404688207,27.28519809952552,-7.119203306082217,52.922490820693234,-32.88461423733374,70.62377707136284,-169.13932396067807,213.36755082835802,-48.229374032194684,-36.57448722169633,-3.701673786768522,79.80251632070456,-198.72153151188456,195.76319726786497,-23.540354368783063,0.0
2.347930783756703,-0.6216787649990162,0.7902299109276247,0.9940450825198297,-0.007244974037321735,-0.07046096669810802,0.08280782838181701,0.056238782964180355,-0.005890623944768384,0.034037594839494034,0.24641440266497916,-0.12964423677657333,0.09715580852693201,0.01635974783231117,0.12152569523138448,0.008192017443991883,0.9478691906013762,-0.5950838821357363,-0.04426527455025109,2.1824684892658706,-0.4422991836688356,0.2291626963953851,-0.5546898232204077,0.4641145296176632,-1.6349550738585126,2.2616717627341174,1.7533624649918955,-2.5478618837305596,1.2064225197084215,-2.9008944550859823,-2.9327255960187726,-2.189863430008032,-1.929049834492369,1.7625608438041482,-5.384913347678374,-5.413805542636181,0.5962136209542835,-2.9700158394590996,-0.19625396880318063,1.8701419712656442,22.046299006004848,13.003809164219511,11.260960143046487,-11.45243479006296,-22.966735764641264,88.9580029346026,-32.705787275473625,190.4382001142515,-16.192520701558514,-30.23841684641493,-0.619470515165143,-3.246256267132549,-24.586754442312703,125.24873059581401,-15.760215471661175,0.0
2.3917099649693574,-0.6308083468263886,0.7953166551277439,0.995171449388793,-0.010766554179633079,-0.06728866976654488,0.07064065793546866,0.09589569589167067,0.02376967325596606,-0.02279691242074542,0.2793783012095496,-0.15107610395903107,0.026612429842553572,-0.015185369198589427,0.08395214221462985,0.030363827293347922,0.8049541151275523,-0.6580663959674614,-0.05999143377613141,2.184478846017562,-0.4629662131763355,0.26179532509204784,-0.24073090817401935,0.3188030324095962,-1.0209756020767051,1.793357386557582,1.2254407081182597,-2.5435005750694892,1.9380972943511592,0.03834838775807445,-3.0482791293106097,-1.5509907713529696,-1.8274944031425304,0.8073514508841543,-6.95963676705837,-2.3392743630554103,-0.9032826219637448,-0.726309372691171,-0.6125010037730706,0.016913701131400255,20.254382347426986,-3.6966351935384445,7.206208897646862,-14.549770908882758,-26.9423419202201,70.49162039788557,23.79697416762219,102.37844570884599,83.91078924537797,-25.71641507711586,10.36448011547298,-17.11711944953951,123.5527664420963,49.78026104878018,14.350871735437266,0.0
2.4357080880904998,-0.6406505656357693,0.8009067077952295,0.9956759113808308,-0.012744210098594121,-0.06555074332307546,0.06457681205129447,0.12234483606594383,0.04508144016233763,-0.07712450964650844,0.3373195564979841,-0.1309704761675854,-0.017134066544114278,-0.03296011043671564,0.04819798115557481,0.02165846054436278,0.6368816612570224,-0.6788223219738021,-0.07518801685988566,2.207367179886069,-0.5142545691696291,0.2797833489899999,-0.1798879005745415,0.1202394729208691,-0.48675826833104635,1.1377547525741074,0.9726998961579797,-2.380470643816356,3.274881928092713,1.8801200736261876,-1.7435871982427367,-0.8986207541932748,-1.5327177871836328,-0.8429450818143033,-7.734012979057315,-0.7276666291415623,-0.6078439078978722,0.85768967779893,-2.413270463507532,-0.7236383053894534,5.8915474826680025,-8.582357117857402,-3.5409943904790726,-3.891010110237703,-9.72943219390145,52.66090149067236,12.14108406815087,105.2492935095202,53.14934092267323,-33.09800723875098,44.20275467949378,-1.8570403807343716,185.0015571448001,5.918402610804714,15.001759927295696,0.0
2.480069587284488,-0.651785491016111,0.8065780515406903,0.9959771364956744,-0.015223200855905939,-0.06477041891409979,0.06002158417827957,0.14138167131578694,0.06678978239125065,-0.11609938924595226,0.4053169455933638,-0.06674517668334748,-0.04612925731909798,-0.05246831820428019,0.02427324603859247,-0.015357177443521889,0.4890937441010536,-0.6690248384806168,-0.07569205420268485,2.2281189636227485,-0.5911364005708518,0.27783052445425477,-0.3359199111317418,0.07783861194663559,-0.5442607321389941,0.9482948862640257,1.175865782566953,-1.456456054891616,3.294103544313855,4.096206245717466,-0.9784305703314637,-1.3406508242659476,-0.6508543636736257,-1.9169008566589316,-5.997058404295613,0.5913355908926273,0.09020916872045137,1.5647852267844384,-3.7853044242075806,-0.9595945247418173,-7.013349942124939,-4.869883157163277,-19.19010788914712,12.042066178751053,10.574935121755136,61.687995206075904,-26.518554660215,82.10062162643936,69.85760823123205,-51.94227221746668,74.34567730491754,38.87671761986128,205.07471851182714,-18.41917321959562,0.667785952671788,0.0
2.524780774860607,-0.6640297634208705,0.8117055127447225,0.996332869013401,-0.01807185788514624,-0.0637541641773761,0.05412604388046372,0.15512780617583444,0.08751138070758048,-0.14516561650100623,0.4718580871342642,0.04072005691672307,-0.07439543482601822,-0.08016170640587647,0.01394748004414966,-0.06852348315767647,0.3655856947663297,-0.6178550065453184,-0.07538148438250476,2.242690221959033,-0.6281891323411346,0.227374895197426,-0.28825472900080185,0.16151835350448965,-0.7199672629401938,0.6350578971005255,0.9532827866509185,-1.2328530208531563,3.0773785208409796,6.504274577249524,-1.7322509472951713,-1.7341448072371797,-0.12401610346070295,-2.329212240957186,-5.189514915522892,2.5633427238329305,-7.728708956559745e-05,1.1176268635911664,-1.7768898794974675,-4.074751613546541,2.2506763458845853,1.5920889574825088,-22.53211274505716,7.730571797001156,0.7758245402020503,26.948091960686313,-63.89526455146398,201.4371248230612,-220.10415625463304,-51.37432633170553,56.112867215929676,83.1738656407036,160.51526423390246,-53.00649224650752,-0.7265663445014747,0.0
2.56982380161495,-0.6752276329007226,0.8143655344792492,0.9967551825966259,-0.0164872401874267,-0.06171322781376343,0.04897708025778055,0.16109442480749467,0.07219122858428333,-0.2027566802242875,0.5463919428573415,0.18149755906629728,-0.11246064466403088,-0.08888929043327365,-0.0058984724440648,-0.14182983751535638,0.175843102875887,-0.4083974125743977,-0.08381908167714434,2.2450025083589766,-0.5097413800207842,0.03424460871839834,0.4996258146842754,0.30772087431598905,-0.6664547954076954,0.20054084007918055,-1.699852927780407,-2.626560080087895,3.5329738771564023,6.610624966260605,-1.6159774626635157,-0.5810850336857156,-1.155398767012584,-2.7779369925359316,-9.371308305129658,10.620921669009773,-0.42530573579600106,-1.3813938576786113,5.087352542717861,-11.556058124886906,39.1581559904268,13.151980290164154,-29.86138845867548,-1.448985827873905,-69.45412402196297,111.53932296519177,-65.84417576847416,-107.67341088520233,36.94506428830877,-77.5366314372061,-0.7232261666598481,185.4892362160232,195.5738670851282,-200.09906605016792,5.554633424541164,0.0
2.6155473285091597,-0.6839327524181648,0.8128782795103527,0.996996036477255,-0.00553456786679355,-0.06153982784428691,0.046702477408238637,0.16677831364321238,0.04125007477845609,-0.19735412874093292,0.6097177013328339,0.09508485442532373,-0.13731342993626391,-0.09473238660979477,-0.051444636290926216,-0.17400077090691285,0.04543672809248039,-0.10188077110133606,-0.0885415394095207,2.3229525042369037,-0.3784890168914968,-0.15621617934380144,1.5264597435991778,-0.31206402158373936,0.08307782885808035,0.4504512521549432,-1.6581226783841085,1.6435440658786895,2.1430518839839467,-6.111082895936793,-1.0537964951149477,-0.03001482284851338,-3.144245074937658,-0.374147443299065,-4.0374658434469906,14.31322898352699,-0.19372576965315236,4.227327238096348,5.718244440291545,-8.621131179131446,45.15644176296426,-31.358818713874555,51.17272228388782,17.064793445329727,-26.423882181405517,80.0670485147042,-120.67058836444642,45.79005487841833,17.124666819858216,42.248944569796755,-94.50576379190264,124.48696315218636,245.8998945350125,-264.6163504510279,1.388892266250199,0.0
2.66354786170056,-0.6924492071503139,0.8081245398430337,0.9960150545607203,0.007714453299831292,-0.06915830107332488,0.05578196564608916,0.19478588598907054,0.04565909258498215,-0.12428865279607966,0.581536534372557,-0.13247335013135011,-0.1232132751303654,-0.09817699982701332,-0.10551396714521846,-0.12987450797872507,0.09305227838952057,0.23776183060620376,-0.0637243737679049,2.467764160418015,-0.4651900689748323,-0.30604757433651375,1.1789185907119768,-1.2483290882931768,1.8433256161973135,1.6891208937828834,1.060739282597432,3.4747881541976793,-2.902425965842178,-11.351720958212194,0.831788280039574,0.7898709431959913,-2.5409528170343503,2.3600402985352047,4.81050450041295,15.878961518593451,1.3387865219701107,7.374001088659139,-4.490967081353349,-7.86389780627407,-19.590728690998375,-43.99107424922443,137.70756259897215,-9.704250540865543,53.19016116074539,-127.80486253823514,-54.399770351774876,156.74688930484533,-17.64032846571758,170.18604261639848,15.147026415238262,-72.51946105958123,90.55491440707871,-241.1545177843644,-21.222780484936358,0.0
2.712569741090191,-0.7036347414006182,0.801094209800956,0.9936416489898507,0.012918779044728792,-0.07856987960757962,0.07959995326113095,0.223078010943034,0.09920551530825251,-0.03880196021573208,0.4713602714264311,-0.311494483297079,-0.08248402268502704,-0.08881638995696038,-0.11865066791729742,-0.03584060225940979,0.24810816538569042,0.2732043405656534,-0.033355933823911325,2.414111367348513,-0.6419828716232984,-0.3187354463673398,0.009900309233011745,-0.6361787441359923,3.0933673064051614,0.4369114909043765,3.517274386245904,3.096573074766853,-5.814790182334087,-7.452929786554985,1.9334006366675467,1.1020653552449284,0.6098760781323884,3.1003633967701556,8.399461672830405,-9.032677860571843,2.0184374538673553,-5.387718072507143,-8.420357481235774,7.246561535845984,-74.50658298479588,40.39925117384871,90.20691354155268,-153.7382729904523,54.43593197653884,-238.30956129658318,69.90215203779081,147.4603769633404,-34.60207497367719,115.62369741157674,100.14659111638237,-415.72882043897147,-109.78922711725619,-656.339785165236,-123.5498935923348,0.0
2.7592583798553534,-0.715449281486549,0.7970324398614662,0.990581213382178,0.010741321434044687,-0.08052440570776596,0.11022388032343147,0.207478116145072,0.14643148590854801,0.001259793893887347,0.3718540386714978,-0.4188697655043548,-0.08902080743826406,-0.04105572826909817,-0.10168721573144548,-0.010147821501605713,0.34896013356331246,0.0740855272756562,-0.0050048065012920345,2.26303289967645,-0.5424402306386495,-0.12603581252379295,0.09313260642675633,0.24894006310407135,3.014694013561521,-1.8685349100860398,1.2736312084055132,1.0256187772317626,-3.8504604098636084,-4.283580413762224,-0.6386560037779645,3.050487747765227,0.8833413304006227,0.21842701945672752,2.498193540714406,-8.826371657016269,1.0567505727738424,-8.077000586470737,5.675339357354493,7.056521703453989,13.496400957478183,45.98541187480949,-16.696877800059376,-116.81294678483319,-122.76174176895907,-91.63761222874024,135.56024872747602,95.19839225333342,8.546564749832399,41.030232354021486,-3.742033044816007,-76.47594441989781,-246.0711841712802,199.9704848609357,-38.29162093467347,0.0
2.8031775933349863,-0.7243091455926597,0.7959616291413227,0.987854081800458,0.012500554662965218,-0.07583699552952489,0.13504369408583072,0.16209000058142065,0.12539280256115465,-0.020755647936449066,0.3114792138164006,-0.40640902554899266,-0.11097111637788237,0.019214096195750513,-0.08897540926022839,-0.006857802732622047,0.3744563105252469,-0.0580775781792367,0.007581021978748143,2.1464252964931947,-0.37123964812069377,-0.0036557567998766072,0.6642043588168536,0.5925411076187252,1.9909118476188101,-2.5048344201914863,-2.318494408641153,-1.27278869985183,-2.138392717246308,1.6241668674564238,-1.017555502580318,2.8903291356162666,0.4950551422979027,0.3987213193771457,0.46702539729091896,-4.859986765432547,0.5068621844635671,-4.964431563959788,7.248584738400674,4.928501637648935,22.65444051350771,14.520138592686793,-53.852188804409444,-16.824829204483642,-102.13832561202916,70.10673162218784,95.46950469492728,2.2869029062111466,18.893116504754083,-20.137253408081495,-8.847993309922852,60.52526812661948,-74.91699604318154,188.9069315457978,20.504883187758193,0.0
2.8460564216107427,-0.7303839657220526,0.7965242949825655,0.9858961699091462,0.018718442430703572,-0.07035202009701062,0.15069490814129805,0.12211140353165191,0.06549706957070722,-0.020875420788752493,0.27020383011928706,-0.37006931578920754,-0.122877822672211,0.08259495727412906,-0.07526452152278514,0.031061877090070248,0.36544929272543886,-0.12032152246316569,0.03083665809320326,2.138305312436965,-0.25595917396966633,0.04812839769718575,0.8981560796083548,0.3864884608599113,1.1941335573160354,-1.7521374578621285,-3.488900144818278,0.7937187812224206,-1.6612526990704057,1.5779843763297123,-0.45430857247465795,3.2329478010162447,0.6134431146957213,1.8327534451325003,-0.681239163240076,-2.353481096994324,0.24606452613355856,-0.6940866681740533,4.815206133013982,1.8385796519803668,7.235367386345516,-6.50453794652333,-32.49719006329518,19.917575263876852,-50.65404328419118,67.8084128473758,57.27080141498142,-35.91401450011678,8.865394172887187,-1.9396384099794384,-18.70638864049827,-60.0219145669413,-4.513110072276551,74.998968456994,-91.51846408027566,0.0
2.8890065128951705,-0.7353712265529737,0.7973129402628235,0.9846086484848785,0.02466776165158224,-0.06645953781206262,0.15975118371295044,0.09783991604691802,0.0038952557161562925,0.024563648887716068,0.22520210448634406,-0.3285472000803309,-0.11585744141031362,0.13803595463627238,-0.05905863619831078,0.05681147344241526,0.3688172945601762,-0.15088292956129323,0.028041060993905402,2.1546416409696283,-0.24767521565273484,0.03035731814497591,0.5400908229353205,0.24890441717329134,0.6996853246942265,-1.018990805213783,-2.9687979627702474,2.377394283657907,-2.0558863974144983,1.8257077859384296,0.43051290259908465,2.477638281349499,0.9943474985367529,0.824591796396157,0.6753541173826152,-0.815074701773281,-0.4101275966990392,0.995473140490664,-0.10558637477979836,-1.111436157783477,-20.53455494294783,-5.50414301970961,-11.779975959709603,10.027869041481704,4.299519217471515,-44.126720875444505,53.01931453425605,-44.356333850631074,-7.483230742693867,-25.454903639404627,23.896145963293126,-46.41814563958754,42.15016832627504,79.62738136422308,-31.657793950099315,0.0
2.932296749666438,-0.7410595305727194,0.7970041474028835,0.9840087633452264,0.025560440241047245,-0.0638696384242055,0.16429877309962865,0.0856435172618377,-0.04175590849169375,0.07497031832121621,0.16730296907723027,-0.23045148021134432,-0.09724336574212852,0.16683183775694757,-0.027979539490846996,0.06753385980251464,0.41785189915525195,-0.15429119873280203,0.011630662239932551,2.1795925420283306,-0.3135810276781766,-0.05295933858286303,-0.1531826232412175,0.22235502948870833,0.3799027514864165,-0.5218100592614611,-1.8599556860599533,1.888752801786193,-2.6099906114696347,4.83388077681835,0.888547507705325,0.9784810435824647,1.9979017503589915,0.21792514836645993,3.2162386014986537,0.5441706178967893,-1.1980069186633369,2.370531550269986,-3.022068971903511,-4.0810641436296144,-34.25161217952386,-5.6108917967928775,0.33613098818064047,1.5576580973217586,43.14560719022344,-96.6117359955034,72.45971547252644,-90.07079060111293,-17.01587147912457,-22.943053921706795,47.34914299164398,-35.50469917797883,36.64453581823658,89.44324954577392,-34.5646566891128,0.0
2.97598464475714,-0.7484527660221707,0.7936565978142592,0.9841654649607098,0.019907877980610177,-0.06187666305187356,0.1649038888035811,0.07685403683208797,-0.060212764959551454,0.11226062155016346,0.11888004305411297,-0.03082876450787379,-0.05963442251682398,0.16420930190010138,0.01920613602602194,0.05927587304188089,0.5210603731471907,-0.13393323365472365,0.0004655922872754629,2.2055426215401033,-0.4076450764791602,-0.25829040646272056,-0.8073855641970572,0.2683558846814979,-0.037657454095122306,-0.3633523805994923,-0.29529093005928153,1.229678726636713,-1.7210585750718204,9.77693285195134,1.7936096176004166,-0.36980147446823286,2.606582578667513,-0.9547972973253764,5.217018713298086,1.6278157841842162,-0.25498966947068474,3.3226854498167695,-3.427855058104637,-9.877166098946727,-29.133224806371636,-7.5253043348414055,-9.931991603557263,15.25680351292302,61.340557295446715,-90.53941961508778,86.55945378611536,-167.07993878077173,-33.74003378454627,12.818509608643833,20.1572879486365,-51.25381836953174,-95.22578766024294,110.66991816779229,34.34491168598969,0.0
3.0207640781317244,-0.7572189698541254,0.7893861931273024,0.9847030410623602,0.01293904469295238,-0.061120739681370474,0.16265533260786724,0.09276025591996158,-0.02871014934360116,0.16613047445129916,0.14801469298090358,-0.04044316364246679,0.022107552552343347,0.1580563057216175,0.06013611381841826,0.023928559626726305,0.6084149934904132,-0.27224190565677564,0.015489779521257921,2.263858116846072,-0.4406670644804919,-0.15728770585085838,-0.49160408967659397,0.12013547888172676,-0.3967882775370144,2.1170218582493163,2.013242067731257,1.0580703026741378,1.3695371139176753,-4.584779179233138,1.1271481710145892,-0.18175000559603616,1.557625119060274,-1.8885413654559655,3.0526689694295848,-7.912087490973121,0.8411532017905342,1.4136992797822807,0.9855194040424197,6.30601266959548,27.00340467703442,-2.1865517744797502,-25.520144754120537,136.92668855919064,-15.203307624206921,-219.20030243482765,-146.78069051021419,-121.89493444069319,-249.47771416168513,2.0175829006287156,-52.83041270331353,21.89286451038699,-146.38584860828468,92.9588498801653,-11.043905289450723,0.0
3.065505371871214,-0.7664220109078672,0.7872572171910656,0.9853474228717656,0.009575943508643542,-0.058713217108770636,0.15984841470163877,0.1269420479102103,0.00910055013520373,0.13747572483468617,0.1908028872995714,-0.1397801309157759,0.020947785426759583,0.15101460538851855,0.08317018550198786,-0.018164368816609038,0.6319971115448993,-0.4578181860979611,0.04361652229286308,2.213427228285448,-0.4693570551150094,-0.07021849946511179,-0.14552794469623417,0.4352564206343878,-0.31844741641553004,1.542353011554683,1.6876086610434013,-2.6269960677029696,2.1181617759820597,-4.30529755103282,-0.49331176805447025,-0.6840688172589056,0.9546730095266227,-1.7590985981136642,0.10868302572781727,-8.48993747503545,1.3174478284860751,-2.7564486749360646,-0.5438969458498484,3.612025944820966,19.74047607969194,15.992995890628306,-16.21536723340872,-9.005673641000804,-26.76081034250531,-64.95950928976083,-34.462910852337984,126.32952476606242,-25.915677173401985,-50.409615744366405,-16.322773024811397,67.20722254981193,-80.27278003584385,149.2772943054804,-24.803058669378622,0.0
3.109228583493002,-0.7762909356333643,0.7864391139296477,0.9860584532039451,0.008404615131991816,-0.05322136837960901,0.15743435221490434,0.14126980606824574,0.04001414514804327,0.06520031383119705,0.25490855702190546,-0.20610116121072208,0.013756622835133164,0.13037643257762038,0.10226664404113198,-0.044680702812462864,0.6152520826035693,-0.5860128528591383,0.05100165856975201,2.1721877502928217,-0.5012944368275549,-0.018280801535342492,0.08011549461252485,0.6127702196587791,-0.35338765299741076,0.4567956420853596,1.3954146187527878,-3.5531259101406247,3.450124455852096,-2.1102453607261205,-0.5978288463333938,-1.3574320791682375,0.8795554566734957,-0.8153890234969785,-1.1622485682412824,-5.1700288869557305,0.10857861980704651,-0.8562857868336504,-0.030043840788404247,2.4363918366049795,16.293065112925333,1.4761985638596085,-22.438809990004746,-0.8477291312947126,-19.862818826581254,54.218328808519246,-14.739750996603709,158.862614320371,-52.711696370409804,-36.413512299337164,-16.262802010153532,60.002338079815736,-8.472159953948463,114.59892239967914,-10.438011853916834,0.0
3.1525990570106965,-0.7863632071447579,0.7866775716632254,0.9869232395937402,0.009655029545065077,-0.04682510345144361,0.15393735492414645,0.1401308041280228,0.06234320931295409,-0.0148350811568279,0.33727599453520934,-0.21193579504495358,-0.020531914988466467,0.10662164759227687,0.10692907070412357,-0.07748007795602144,0.5545741745776082,-0.623173473447385,0.037681750026409944,2.16737025196519,-0.49772748680212536,0.03159475145769486,0.34628127728614116,0.5899286302295522,-0.6303096396248051,-0.10780119397693697,0.8682900591874353,-3.581727711069792,4.139953860799825,1.179153718786026,-2.1878420071519487,-1.3523393861535156,-0.10915515208956549,-1.5082119040620423,-3.342766351019301,-0.9324607006403044,-0.6944991796551073,0.2417280972634491,1.1744967444924137,2.0022612829398905,18.04677523720311,-4.984848828893375,-43.3200688013124,18.98989790059854,-26.931997243760478,103.72395632544924,-28.545762312755016,157.18564474098307,-10.708239838704076,-33.74511750716554,-27.88366714077663,60.18006999952434,34.957361423833376,34.78361456397378,12.566117450236339,0.0
3.1959660676230137,-0.7960493058265445,0.7874837100863046,0.9881499827804969,0.014255675034548831,-0.03981460655695473,0.14755061628108457,0.128758209011221,0.07035978788709836,-0.08170928579627229,0.43324982200418255,-0.16380303045997208,-0.05248401710338546,0.08856657904753291,0.08855560180041883,-0.13525778638163108,0.43425745865283655,-0.5518971228185452,0.014782437470812834,2.165066179327928,-0.4728752336118565,0.03221531911015132,0.700117940998774,0.6529637832800963,-1.003754447976487,-0.614856079187393,0.12122852573953986,-2.4158007404571484,4.771416812938766,3.504896720598815,-1.1961675521812791,-1.1660885719365826,-1.1271802198820762,-2.569671828958573,-6.089619961241441,3.980493329787728,-1.0498168539849377,-0.18145633106014264,1.2784188449882228,-1.7841188101675314,18.48545249674202,2.1095523423135156,-51.13783481688765,18.460946464416345,-23.008150596790443,136.80508579574345,-41.73917226569744,132.5724353559545,52.27103038830512,-62.28066034569727,1.6874061943276715,117.8287967631135,105.80716914470679,-66.78891298004393,20.704001324094424,0.0
3.2394241143176457,-0.8044399442808884,0.7864686890737221,0.9894622125621033,0.024196078970898587,-0.032056951894718674,0.13910942279141694,0.10750416849363989,0.05162038495353404,-0.1421623073902614,0.5510087926093041,-0.057805432058737394,-0.06700483376252797,0.08901836385039157,0.05530035498832116,-0.1942263899030092,0.22946614955187733,-0.28926049888305794,-0.013922832503438828,2.163333459740095,-0.37612416203017884,-0.14033083949178085,1.383600702088246,0.6372045816470734,-1.1835550701337787,-1.0200526511744925,-1.5413440270298266,-2.430571357639508,5.710506239430016,6.461047612546503,-0.2786033258826822,-0.19182384396106572,-1.8535575104290354,-1.8115187212528563,-9.94292816228219,13.171316027184673,-1.3043909948701977,-1.4982665605612686,4.851450757436188,-11.285779878339886,33.51296674951119,3.736668872235167,-47.085030836717834,34.40350651169279,-60.43815983279574,88.17620133689668,-77.93591815482523,436.44622225860496,126.298069387364,-83.71484388251619,-15.21211696878366,189.31430188746333,220.39467505294715,-250.56107639350864,23.56855063608402,0.0
3.28404177157723,-0.8120185547563519,0.7829078211409835,0.9904260175782749,0.03748210419066515,-0.02742906659391772,0.12999631485263527,0.10113051979749237,0.04958610378290089,-0.13442918507416976,0.6368587682080078,-0.14098277981891932,-0.062031900943219066,0.08967056509741486,0.031338359405194346,-0.19740845033186338,0.19523941741208578,-0.16591029877589886,-0.062393153849979704,2.3235083214492147,-0.4000908482245694,-0.15202551903364486,1.1524134977461429,-0.15439708452900291,-0.4202974107932312,0.3603710030952145,0.9417901912209796,1.2595386771316537,2.628917937007934,-5.968768934719272,0.2734792205449181,1.7004657848012579,-0.13829170512160338,0.7592793328414145,1.4563683397902827,-1.6448616676786445,-2.2142170692543943,10.300039311009828,-2.125764407305125,4.417985303083386,-21.728854328585392,-42.983713376546625,75.16734375956821,60.18714488327681,81.60358316405735,7.228102089062379,-167.90054886115064,37.88327450700238,-6.98397168428212,251.78495040769573,94.84913825662524,7.06934410849707,-69.32333773658968,-366.9855360579542,75.00452153506427,0.0
3.331825008804049,-0.8199180476038505,0.781185017418592,0.9898655753771466,0.04876225029692046,-0.030160915139301425,0.12991806967166128,0.12800118284689915,0.06757597625272144,-0.11535766831071573,0.606529218614138,-0.27677483746692827,-0.06296444706782718,0.14818136683734598,0.035393356787602616,-0.18447171460307593,0.22220641814863068,-0.22246344493888395,-0.08681125776598285,2.410386753403955,-0.39277324064727137,-0.047620353141038976,1.0536808113632947,-0.4785938000126436,0.41076002769867553,1.3227522270603802,0.6625803428191356,0.4621219728363039,-3.1258621966799667,-6.369363057839605,-0.09464982248865227,3.5924416332612625,0.352527835743986,0.3177434461173013,0.8016466886354439,-2.534356006431667,-0.7815228357743296,0.0402923445078933,0.08451060726702808,3.2346540351241257,-1.7862979012574052,4.196009178724552,52.342216701307564,-57.50928461950819,-34.28530962222152,-59.79788981859908,-59.14064755348247,90.26282418391007,1.49866951132491,42.681567239351146,9.421796195833497,-42.274830311779475,-65.55307361886062,97.72130828344926,29.580691761203955,0.0
3.380283281450909,-0.827044407082531,0.7811114422300256,0.9886710060457108,0.06082761872665265,-0.034041008590166004,0.13293175820236008,0.16379348068635236,0.06315328308313353,-0.1060672053667331,0.4906944747821832,-0.34685052253692517,-0.07283917477621335,0.219748164432883,0.04187068982006431,-0.1538384698223236,0.2434767409815998,-0.25396734855691966,-0.08465177982504457,2.4103027114686815,-0.33963634313732644,0.019815708120129318,1.199897108145088,-0.4494915963562856,0.4013458597275306,1.3460255216555759,-0.8483279489911186,0.4296383234911064,-5.908603711904932,-2.6507442590654007,-0.4876204524815876,3.4107396364718134,0.2987627942747148,1.823273233002567,1.1557560459889873,-0.5354801407131331,0.3786857799628519,-2.559414583282198,0.9691228809179551,1.9667331521624287,1.615546062513714,15.499654405971368,23.842474029381293,-96.85113045295323,-58.73390883173517,2.8158683309344794,105.05762569431994,46.94353877248306,9.062140623181842,-27.381335739389495,-1.4617866522168157,-10.037952292250232,3.778908166440867,129.07653017531092,3.4441639728287576,0.0
3.428837497045372,-0.8332393919367055,0.7820787917477893,0.9873196617460709,0.07372316543927943,-0.037669325224774085,0.13544667712552474,0.1990026960086516,0.03648724215371783,-0.07382746004182605,0.3377318065972948,-0.38048623356977723,-0.07655109498032998,0.2840338909426556,0.05161557447384998,-0.08342538509746537,0.2754444438991955,-0.23109932680942183,-0.09682658706628812,2.4230188421815946,-0.2966440864089172,0.06406198978111617,1.2455065977774873,-0.47407736948720264,0.42095623638852675,1.2603272245193289,-1.83866839201541,1.9518136463561284,-6.97531334624134,-1.4884073295652034,-0.10450180269599213,3.0131242656096897,0.6361856176432484,3.9758354791457946,1.7590266209058683,2.59916886741582,-1.4589408893264144,-1.2457682293673549,0.6412447288228764,1.5417591985041597,-2.4756122177642945,9.617673389108518,37.65112117295995,-98.94142152835141,-57.123502310843904,4.7702572522391264,184.70650610496938,8.926625954366651,1.7447653623724038,-20.851545303719984,8.018769265452585,-49.15144839702312,-0.1740964255323707,140.7698825267765,-2.9403606483361813,0.0
3.47743225028015,-0.8394185190605761,0.7837189659649705,0.9854040055152549,0.08430388910873987,-0.040968033976948315,0.14210355515501996,0.21400551087117786,-0.003029939808660385,-0.02109860565651935,0.2190063902229695,-0.3799259834084525,-0.06698343416051848,0.3359244524585461,0.07405879267112966,0.003108944862340338,0.31935137440599853,-0.1455109101550754,-0.12675768574340346,2.4369391764966513,-0.32479352284226837,0.09603774409885733,0.8531000493606601,-0.3807902027020552,1.039352385819801,0.12600200345051438,-2.195292848830034,2.479778239950649,-4.419902609388719,0.27255142195466925,0.5016966587039227,2.3451046683728047,1.4491953622743625,3.625740308113821,2.2449352478712608,5.732890799648205,-1.2783150277080055,1.2935356290969342,-2.1656199991572027,1.599066379670423,-22.248953217369397,3.7695011233700573,50.43787278583163,-72.03505443168692,-24.93095742212147,-52.063156617405845,184.74178418142998,-2.799229334211348,-9.418513126272671,-22.750731172573992,34.62140563480907,-129.39716787307052,-12.450444823979478,175.2666267041976,24.499867434630247,0.0
3.5264781494990642,-0.8466546347284419,0.7860331203235809,0.9829462502794323,0.08918711278389847,-0.04448611251334325,0.15454227178453547,0.2085708724220948,-0.0433535403979665,0.03980468684933999,0.15827202565848394,-0.33553174419684145,-0.04159368038380057,0.3645942771246545,0.12025645800151737,0.08771660420013817,0.3855523913668,0.0072766211406445555,-0.13457289090724997,2.4776825056347582,-0.3916366325470893,0.12736905815157668,0.22565605422380453,-0.31785783920340005,1.603958691166136,-0.512611741984569,-2.0275856986107597,2.619450791833656,-1.8968703939737255,2.3667129154820215,1.2231234327969642,0.9691089616581093,2.8597754112608995,3.575071364937235,3.506784598835275,9.504054243713604,0.31521216765373816,3.5244319574195258,-3.091557191882877,0.573627944891788,-28.57385449513369,-2.6220591268172724,42.79314453561836,-16.739172404870345,-8.337103030217971,-84.5277317837396,110.6483975678583,-32.32731466764703,-23.097489865433815,-39.040770505606524,48.18562810824361,-135.12253708739277,-15.196851288102403,217.74004744199857,102.90782205613839,0.0
3.575845842516664,-0.855290516587394,0.7877931468633439,0.9804542331074754,0.08857234251435767,-0.04701917522773245,0.16927384347280053,0.1954878847387209,-0.07664544433745597,0.11511407914388394,0.13116112351728354,-0.263737629460587,0.005273752803015049,0.3518189646988501,0.18834762505653616,0.150788089953716,0.4841351619404465,0.26297174045943694,-0.06477875590855492,2.4719121505050667,-0.45312385724722154,0.037118028441432104,-0.13270276053740998,-0.022346541198533347,1.525775816067897,-0.6850886134075145,-1.7650080439057632,3.2845968516826103,-0.8686576045069592,3.3844683214121374,2.2111895848441248,-1.4326832053965217,3.589075359810138,1.9817986945524766,4.89771240169983,15.243194903163765,4.738807670376786,1.4702891722255633,-1.6722551187901116,-6.4873275769686,-10.015821083783983,4.685921870533526,6.875138325119322,7.159817139540386,-26.357220923810118,-113.42354851727002,45.7609169432692,-60.47184415013048,-42.80888639759314,-53.949192443548235,6.4643730363849325,-163.93441139679726,-78.58224865428058,76.07104399205761,33.32033955400462,0.0
3.6239951949241695,-0.8643898530694192,0.7862626584241668,0.9793407948740128,0.0869026423269138,-0.04426161194462046,0.17714527360389676,0.1835774328814208,-0.10761116784815249,0.20993895273889282,0.09699394097325134,-0.12546354739475046,0.07542214981213195,0.27785195376511757,0.23262477830020326,0.1408098665921287,0.6544634180499447,0.5173134941551628,0.034562729637723597,2.3949533871504904,-0.4486976452306746,-0.16617175824609165,-0.04611597178004414,0.48822989464833755,0.4605635598354281,-0.4987654709382851,-1.6583252491357605,3.9975768076712956,-1.6145601709387412,6.695137220392351,3.2314014373861486,-4.265370575444926,1.320852258768285,-1.641597178854414,8.518729466491791,11.041012829986794,4.303013282731357,1.2739887206401708,0.9648314864541743,-9.501609961437628,-0.5254849186726133,1.3874031794844885,-17.90472120918044,16.83071596097347,-17.078165820291147,-162.44863756766657,42.43971282705502,-123.09987961406304,-65.32076215766942,11.620439251473547,-76.37229689150236,-54.63207619905851,-157.06195885998343,-186.7784698234822,-90.3063515663115,0.0
3.6718807299642062,-0.8734696894131492,0.7817456142163338,0.9800101206841915,0.0855426351356144,-0.03851170289187406,0.17544078679422884,0.19754987863653428,-0.1100850811973947,0.3218162047178922,0.06451605622914001,0.0406811719555853,0.14622531211381448,0.16798995996127278,0.21875060531041893,0.06732416559199055,0.8822247192691004,0.4346912425372972,0.06302288431353219,2.4521526410312555,-0.4436109319630912,-0.20782036137450752,0.06694139312480507,0.3969413088789626,-0.5892047873271851,2.4745097985577043,1.11517027415547,5.651818290862704,-0.7341160048147819,0.3721548887558037,1.7239692438731604,-5.111607894891071,-2.0849758891850425,-3.8860329503955597,10.1357124564908,-6.2960988775218505,0.7587359407857939,7.877523793545119,2.3082793391540903,4.747221098552451,17.9210822165455,-26.19288411554693,-27.463375493900458,211.2466848456946,38.12188220984684,-301.5824485597596,-79.26856901048495,-562.8234396237107,-199.84027293259476,92.12124282092554,-129.14659495124815,56.4367831243725,-270.7180721135764,76.54198136783164,-20.213383662155437,0.0
3.7207714618863377,-0.8835460096502366,0.7793085269123149,0.9808728506781997,0.0847480190129045,-0.031088176985623904,0.1724521653314912,0.2379496597986778,-0.07942902687616528,0.28786602456835125,0.06668969474077689,0.00415571785821685,0.13090863448984477,0.056922778889395786,0.15197350169026577,-0.017217502523252104,1.0523189289679906,0.04750092356792309,0.02915744749081054,2.4494287820286464,-0.5487829363684348,-0.05750982273970807,-0.053103402731856306,0.9166853357301447,-0.3105677096045027,1.7906888588215184,1.7225122456209516,-6.110553750592018,0.09654601955050891,-1.8922374570897902,-1.7397652877216032,-5.644264494978575,-3.8102734362215975,-3.571467282149784,5.854614474850652,-19.561111630723026,-1.7983495383578862,0.9352720097546552,-4.79809032627029,6.116964790009435,-13.518490251880545,18.63303810730398,-8.580026646191277,-11.970253671017495,22.252307432339062,-354.5112950801648,-55.5086120873563,149.97325458701863,-249.09968762604433,-8.597630086141386,-12.275758677327556,126.93373813840402,-315.7000716383504,307.9527699481289,36.22665557025601,0.0
3.769808365275041,-0.8957003869078333,0.7788672402101305,0.9821193975890417,0.08112790994569775,-0.02056086054418939,0.16863274332365769,0.26252687544921827,-0.03721017281469632,0.13840314459265804,0.08028838588492167,-0.01021461689248075,0.06634858222370203,-0.06256572907286176,0.09357696979868485,-0.04297037085252709,1.1259146714028516,-0.2572828805627821,0.02269005460932528,2.465588171363729,-0.6397197736190056,0.003476194049698046,-0.28271594155200386,1.098282332139164,-0.7008253681172594,1.149649893503447,2.2935864307481824,-7.232458189091103,0.6525389814331011,0.5507966557092301,-3.5684734539301717,-6.088402515621526,-2.329925426268684,0.30914246966716685,1.9288679410428968,-12.37022241716776,-0.04591596968470054,2.4159299362010005,-2.373631467576796,2.4963445001595264,-7.219341639741122,-3.412652856879866,-30.25192501568728,15.877624768434313,12.928220822580208,122.02482859856477,-30.322449617308983,159.8113758815337,-1.0160399519853318,-0.707518997125559,52.45666088979623,151.17879014163267,-184.3169765795381,273.3725876100347,6.4915177461072355,0.0
3.8192609803698905,-0.9085792617317603,0.7792277007731463,0.9841106621482353,0.07793363233899765,-0.009209002711698201,0.15927255842005017,0.2816511791133204,0.006288256187223294,0.032278300071904645,0.0997227085933603,0.03428875674261943,-0.007347530020087796,-0.18903007557609025,0.05067999796737891,-0.009115854170902528,1.1453787005097376,-0.47183559488699706,0.03565228624610518,2.4952754959779373,-0.6410079868651819,0.025974607613515888,-0.059446515970957105,1.0008861740125798,-1.2671951492099618,1.0137200054291946,2.04364704859322,-3.547656640130589,1.0652438203446106,3.5287703762195326,-3.2355633916091544,-6.274921864035395,-2.1018229255947074,2.4554245017878724,0.10298882636653892,-9.007826488252862,0.6374869558862257,3.780296228507055,0.5651343779174224,0.23508954648177172,8.987007251859744,-17.751232871680955,-19.352194443466573,17.669779260415513,-14.275078286671008,197.82781974574982,7.10853356378392,131.6331968854856,82.12319941298168,22.465937363408635,-1.8830986335170574,53.20396274445521,-93.54861181561836,189.9787060609139,-16.101236777120494,0.0
3.8702074469143852,-0.9216367077892321,0.7792453885073255,0.9855669517272164,0.07545895914471301,-0.0014308786896825624,0.1515311246381238,0.290591751271464,0.04909494101958306,-0.015121064503753468,0.15543817805920923,0.10558796397808948,-0.04366279877938867,-0.2937535605090224,-0.0017833504156300212,0.015887004105218046,1.0992211967421843,-0.6087807523244884,0.035804436784083064,2.6018682026193343,-0.6594991077349982,-0.0323703056017407,-0.20294826516455777,0.4701497367176479,-0.6288790731722137,0.4174806702689274,2.2422153746921647,-1.1867463729516259,3.41130153183087,4.183008367210735,-1.1389116881730084,-4.4656705602545,-2.8367610437546094,0.5846653420567485,-3.354303101713516,-5.58123692836579,-0.08913899353593377,6.926347053340563,-0.7285403994984447,-4.7963577499230166,-8.174134200716763,-35.200417350339855,16.123296259994007,24.21855313786365,14.129583944665937,133.59067493164852,22.12019048836319,95.22453279654567,67.58170277728141,78.70430653610582,-4.171576744993516,-49.103980519486214,-45.48949483160467,116.38377978039155,1.025797561766798,0.0
3.9238042889550595,-0.9356283418435051,0.7766604299771699,0.9860890445937069,0.06994022719641185,-0.001230009662041764,0.15078212038639113,0.29743146913188645,0.12258107366302369,0.005574000408978764,0.25436578168445173,0.25131162044240735,-0.0008803132374500247,-0.3562096121568289,-0.06128101745242129,-0.005244019063068552,0.9969831624015275,-0.6694865149390232,0.04396179843902489,2.7417272600636435,-0.7370642317330193,-0.2448659668058509,-0.8602875459607229,-0.20267498940532247,0.2695022187678703,0.6004410403826366,4.887875521427972,1.896107076648661,5.3910142260432385,10.034640672647386,3.487915776868873,-2.326755061739209,-2.6636405015734965,-1.795899591313893,-5.232801569169068,-2.1690870888016933,0.4640780790555947,6.936623414920159,-3.413666459902054,-14.137833590248503,-31.45891553084043,-34.42290976411696,27.588203299006015,61.5190080924734,96.1460817904711,-30.068418979364417,-22.809145409425767,-11.979995849330233,-21.90587557755016,68.32629597323277,56.35368627379209,-27.746595354006715,72.0572412594248,49.83325065546521,-4.295459583143994,0.0
3.979556890886587,-0.9507598029217574,0.7691278398706718,0.9857920789289693,0.06014162621235517,-0.006380365431327889,0.15670434854973866,0.32109450204762274,0.23199884422038808,0.03056192010695907,0.3300924967939537,0.3523178586186954,0.05593907721130765,-0.39103517897676904,-0.11550167837543789,-0.05622625428850848,0.8880528407772511,-0.6730145316266668,0.051433589376840616,2.8160256417196767,-0.7668119648287358,-0.49009989677506693,-1.1188695217724378,-0.38206450230069616,0.8314482211983532,1.5703280989100716,5.627002868975519,0.3721510691465595,2.4146529869742683,3.269301514833754,2.332343025238967,-1.5601806354708407,-2.5032702169745984,-2.4285520669374674,-4.747271668861493,0.23637944432105945,0.3282061790778989,2.3691766812871937,-0.772886951705756,-12.86133090667971,-3.81698788445158,-4.0817777966267474,18.075687850232487,30.54565562310935,-0.8382877888260076,-104.58349413765447,-136.93829650137053,-110.72044269297355,-51.10568167293373,-1.1615451204734053,38.645815909110034,67.45903329632418,127.88477052195736,1.293533873560662,-5.127457715535615,0.0
4.035486912329909,-0.9661553639130179,0.7568500888326009,0.9848895607579491,0.050157691028974834,-0.009488729100469474,0.16548934455340447,0.34816724289567297,0.33599430312483675,0.018433508999150094,0.3469446315837438,0.3837463950157798,0.08820050876813455,-0.4369327128600356,-0.16179165510698873,-0.09304076088495465,0.8352477654632935,-0.5976989455955011,0.049506512459177664,2.7843679174515423,-0.7648109871305043,-0.7059782541617546,-0.9214951022900174,0.09088401283853469,0.9526129882428416,1.1113879318293602,4.820968371653785,-1.2014606056903796,-0.07149410374565535,0.8843835110740732,1.2817250029913265,-3.2442281352452413,-2.6627291226830616,-2.6651259259904663,2.91205512319394,8.629954502484425,-1.4003570788583115,0.1698471090562791,0.9109369069349684,-7.668714477559634,6.679198910595264,13.049137790572157,4.752154130655965,-22.755263011827203,-34.644452703253336,-43.47566693807271,-77.8932013046947,-44.97018810748506,-27.49898858325824,-93.34786071279198,-64.24947109965899,-202.87627601745424,886.4109141579268,541.9551148196742,-128.8397025289718,0.0
4.090627775490735,-0.9811048543688512,0.7420961316457583,0.9840725419290366,0.041933380874801814,-0.0068986383683135345,0.17261295599808865,0.3563637897073117,0.4111389188733504,-0.022937530598924685,0.34946713402004265,0.3704202815939712,0.08904569635458676,-0.4915088769945418,-0.19606637108230723,-0.11733345558811759,0.85895043790036,-0.3837076382297883,0.0384588567935243,2.73536718568899,-0.7245896100460042,-0.768368035968856,-0.5670571968610911,0.6686876383612144,0.44974889080490404,-0.006376366406879663,2.9704514852307713,-2.0396229641114134,0.08455469907869309,-0.9092789097122896,-0.14457612979103668,-2.7247694400461713,-1.3636790527972042,-0.8379007827476552,2.1456186131871933,12.691289220376825,-1.133939623813336,-1.6021887794655805,3.618441693147226,-2.3540968233475508,22.34046082541449,20.474773024346064,-33.92440872628155,-29.272620882976693,-84.0728765912139,45.0072996301711,-12.896881763829642,6.829591584384106,1.5441396218341479,-39.26667379274191,-27.89247628886472,-128.62565348146808,538.9660919044236,410.3490805590146,-112.83929802345384,0.0
4.144699984385412,-0.9942389198216687,0.7292199720304624,0.9847320786237966,0.037140328097003045,0.0004200914672912759,0.17006808307635027,0.35058275928895155,0.4224655646297696,-0.10204419506985235,0.3778757477496294,0.34017385262663724,0.04795435222695023,-0.5111817180924048,-0.1976800670769165,-0.13394190848843318,0.9051238783987178,-0.3268865846718234,0.015526934293075296,2.660719796268301,-0.625344171625551,-0.4980459366556809,-0.32431160599357517,1.0002738632974038,-1.1078127104175053,-0.3327950944716745,-0.6509486720278155,-3.396062012124978,1.7673734984648268,-1.267295187316164,-2.058779204893375,-0.3369707459992779,1.6925479137617365,-0.6184880748525667,4.313318303087246,-4.989641971421303,-1.166544496234238,-5.678981314234508,4.113695371687287,19.087248647410778,0.029943651476454183,26.588969655848626,-94.97920028144797,1.3725297589943994,-110.95140800299485,146.78413485272532,-1.4073166352297677,42.9374659062534,39.93235021583704,59.487340584287395,164.03264026515626,38.00801158199155,25.488865357341457,-296.8004809141493,-45.89867690904207,0.0
4.19818245757853,-1.0049118862514008,0.7254675054164531,0.9873213152524022,0.03226252605374028,0.005287092736655586,0.15533124769760387,0.35320875636350163,0.36132131673930545,-0.20556806780757142,0.4269740298671879,0.2575565955149674,-0.005263925017859055,-0.4730407975372071,-0.14495011925613444,-0.1464043427083095,0.9522262278939482,-0.43984292580778084,-0.010584080745826344,2.69578770565233,-0.46648831451732364,0.045756794710914525,-0.48910459074351637,0.11494870201818577,-1.8443849445531906,0.5778035480265612,-4.08557679493589,-4.188753864604097,2.2465371740214874,-4.0699887700045805,-2.346857566779,3.6201231922585357,3.2405490824701304,-0.5235421879773605,0.320177155201917,-5.226444519592293,-1.4025164449409733,2.9041507629427628,6.743962894578524,23.84588594052903,-9.733513316354594,-40.933204196833294,-31.45460414935526,37.16256824098807,-62.614931473387294,219.22300075322582,-52.34420118544368,79.14445785856809,50.52137223676188,177.88186926055425,52.93642928537558,16.608522486453385,-241.42317321996458,96.5000800001215,-7.270178485530298,0.0
4.253104690871957,-1.0126962539431694,0.7312967276284289,0.9893725095685395,0.02930185198917376,0.0017648833320264127,0.14240900240812995,0.3679811033109659,0.27554228542326376,-0.2355198833815144,0.4122486066043394,0.02807253239216695,-0.05139337216058543,-0.3586326479927546,-0.08717544287244176,-0.1620840405791404,0.9064596201855587,-0.5237970216655496,-0.03692926210975357,2.771580911121963,-0.32896802607001024,0.4635419919045994,-0.17009395389252718,-0.6227039134667135,-0.7473931939915367,0.28902299673296716,-4.568075022821166,0.20969383689139875,-2.3379825274993085,-11.835263235485238,-2.001915524563226,7.200490502169448,2.4726436014697994,-0.9513219845056772,-4.349238705307669,-3.253237357003571,-1.0787954928723629,1.4347720095107381,6.653666173030453,16.174675510320064,24.647553986156826,-22.337207126942868,67.21548486542812,-90.34808604494162,-43.37817726151065,155.9595317945481,-92.95387713836,156.8631665921822,37.03787232602522,143.2238379270899,-55.06435941008049,-15.34230836927841,-220.45225665786714,108.3837780040611,36.55306581507001,0.0
4.309084525547472,-1.017710208588223,0.7429783120361066,0.9893456637042853,0.03210020894723519,-0.007309297823045987,0.14181434504451476,0.36062139880138405,0.17835039026128885,-0.1873198499493123,0.34901659593351136,-0.2112381442531829,-0.05845551491307398,-0.18056707028541752,-0.04895478559772989,-0.184409661361368,0.7671548719994901,-0.5678915626514897,-0.057678017568520305,2.801659764791955,-0.18216248141699856,0.6394759644675698,0.5023364571985897,-1.0896564651617218,0.5431557796213666,-1.1182826450949177,-5.555348310514354,3.240208803083586,-3.1106374197508613,-10.563813619021841,-0.0540910291827799,10.014873894951993,1.472621668221805,-1.0767497665030608,-8.997038912906637,-1.078878125311761,-1.653305891390844,-1.4218853024805402,7.95709262292345,1.7660439219270176,47.05020493667297,-7.385370515621658,59.623564108996774,-94.18934987856159,-108.12654438210318,33.1405197919244,52.36419875539816,201.03475706061153,7.257336566199874,98.911002245723,-35.27083541023128,39.782775590873555,-216.02235856322005,152.93594192841934,-163.19916962925313,0.0
4.36483121740849,-1.02030135736719,0.7548866819077433,0.9881111630078099,0.04100170007833095,-0.018076421463813122,0.1470660841836168,0.33440734524708976,0.054736941677042704,-0.09587533502482243,0.27689460767286356,-0.3565438936729822,-0.056262045149581434,0.013805556002456084,-0.008930607643924695,-0.1521075456995355,0.5913414493581061,-0.4926955841716581,-0.06091577464933977,2.7479312618539846,-0.09698645534139914,0.5577561638855287,0.8690375899374546,-1.1020582434520332,0.6548499637939189,-1.8877383567310075,-6.903267673766494,4.488143882465465,-3.131747998796329,-5.664278349888987,0.0932310993847071,8.953878613206278,1.7949545325339937,2.3699475881946617,-7.677941716677897,3.62631234580922,0.930604152763365,-5.622120721958216,2.255695809408813,-4.466097970928488,6.8995011284037915,16.18060863893388,14.573227651288356,-83.9141108093676,-77.67074893279248,-68.55079542325572,87.47083332107557,134.5448969842017,-4.902918730519303,-116.5433674021502,-35.69460175572593,25.906899132395914,176.93083350235943,-134.09166955296865,34.33896125290727,0.0
4.418933446539901,-1.0231022204886615,0.7647668160637016,0.9866615519918327,0.04683562441629268,-0.026264110698194,0.15367368869080322,0.2914781231882976,-0.07642163848123182,-0.007768187712351092,0.1891721878738437,-0.4160768979550773,-0.04960370843008227,0.15313798028437162,0.0412612077223443,-0.07038955733442546,0.5000940051141349,-0.401695799113626,-0.04975568128942218,2.6706526482342037,-0.1884392149585294,0.4448093056317005,0.08770710166890362,-0.6630499216543674,0.9921667974181771,-2.787858565336718,-6.283016951390597,3.4554906491148296,-4.099920270062984,-2.146657665121837,0.31690259207450566,5.511409496585496,3.1607676916149585,4.8287730365757575,-2.4390807657281237,6.444910183841439,-1.5696241453375666,-3.0131031972098787,-6.0553090507940786,-4.984393199105174,-47.8103691850897,20.41106673437426,50.35765395086818,-85.86992095943444,41.10150524815605,-135.84324952027757,92.74873917903767,46.997737980222645,-7.055670912463952,-139.34096407038547,59.2727150272889,-13.6593613144793,194.49820995171385,224.77207749399884,-166.14495897939287,0.0
4.471864822111001,-1.0287776970633988,0.772688943816499,0.9849554942488788,0.04100119040007233,-0.031904265206737156,0.16481412134991166,0.2298653894650556,-0.176377767791937,0.06509319817096557,0.10158970864849609,-0.3773899383535577,-0.020355795809153872,0.21495928083712482,0.12438854337850858,0.028416412872897083,0.5219488406178998,-0.22044287655668818,-0.0928399136499055,2.6612897096999397,-0.3613531721979707,0.39193421061972755,-1.173022408930278,-0.3634722589489097,1.4070675395631649,-3.5904578532093567,-3.9765140700976023,1.7859493165165066,-1.4827402238502128,6.390380960432662,5.333856538175299,1.7950443661207938,4.656249330168154,3.5848553032093937,2.6056795669571633,11.597727991517457,-1.8887381064641484,9.107681350974447,-7.10856701572694,13.375737124341615,-30.55173444287898,-26.62507847960915,-28.702515314721268,-127.88493576358168,156.25824424755348,-682.5010852941757,1369.2249358710194,2184.5987544916948,2144.5696309702666,-68.57142888441659,-1.7293853905606256,-179.85852834491317,47.968965899916896,414.9403678046286,84.37385461506237,0.0
4.5258457620004275,-1.0362118168497119,0.7796758595918937,0.9838309147812293,0.02891280899579535,-0.039337887762980764,0.1723174720771254,0.17549650185986895,-0.2319095175202572,0.1098160584344676,0.08036502396310152,-0.23942421599010547,0.026657856629892007,0.22800273848019784,0.19758670491641733,0.05171633896226108,0.5993802499260573,0.09676778345012088,-0.07234726395194145,2.7290438709645324,-0.3629659303631259,0.30439135762149594,-1.393064189320052,-0.6492429054987688,0.3217764640064923,-1.8509068100455526,-2.2042819707864245,-1.3187721083053032,-1.512895657792492,4.491532082867897,0.08546446753820361,-0.04166435018150034,1.0669540353966265,-3.218401268984641,4.0024954166732964,19.9903235732126,3.0342222932530225,3.169809793878814,2.579196553037544,-4.92581400979056,-13.859696172676426,-18.782544388394157,-73.62928491394642,86.29623234144037,149.4931923397746,-323.5770034529222,68.06396256906406,-200.58200830517882,-73.36952699576841,-30.78683875330055,-462.18212896743717,-541.9586049339521,-136.9818828927141,1113.5865553469623,129.67737172486224,0.0
4.580460339652363,-1.0435428356477925,0.7838200889330703,0.9847609530372262,0.015482706105989232,-0.0488229292499657,0.16620009856886986,0.14855042317495326,-0.22768088109745246,0.16573318357123687,0.057814907460808,-0.04521752115356345,0.028855507526657862,0.2058771971283823,0.18026353819790994,-0.02743977096211967,0.7519935562540856,0.30696162200718524,-0.030352784199028093,2.771391647208487,-0.3639976746782052,0.1378885364785926,-1.5708847412224047,-0.9287785703478082,-0.9603743200014028,-0.543285857344632,1.7756145966501187,6.368236330360355,0.25895589657689877,6.076499753974769,2.0837865997083,-0.9565165863387316,-1.0073769435244646,-2.3210784694342137,7.954569082316225,7.476409806724806,1.5805006343653187,9.187487642930927,1.6769695455952272,-0.4891810525811624,8.665625283839299,-43.54627083611672,-23.28510087121654,164.99070216118093,304.6988988785672,939.143354704918,637.2429905292951,-2134.027236898968,1029.183802465345,119.20204538451729,17.066222882111454,234.23322066634915,-166.62670460847878,-181.88477109252278,-37.76109409298,0.0
4.636675174574255,-1.050726436714735,0.7878195395281057,0.9858888782310757,0.0037964281601859536,-0.0598376068235503,0.1562951301964504,0.16658898745392645,-0.16432860079343223,0.3152981423588651,0.13037156112177745,-0.039469189487868726,0.16400116410692783,0.1968434281283228,0.15739009078477245,-0.048539407911604854,0.89886133284315,0.17517586539396757,-0.037206601314854926,2.851215507891256,-0.3435849320969826,0.2608117026208964,-1.1963067336811035,-0.8962288788856188,-0.8992022533992324,2.471869733310272,3.4391436173580536,5.1164464455067,3.3601715700707224,-1.326521941216015,5.356060361093889,0.0861882541190154,-1.4352648894977376,-0.2889011220512539,5.5727332048115485,-8.550505357166127,-0.6427010709860632,3.8460867866576445,2.2549198291375,7.300858987087947,23.706473275572204,4.572163873100881,-13.941807677903844,233.5629519476216,-39.14351508982691,-572.2599202176424,-242.0114392188279,-167.34477456926578,-882.9087206007399,-20.910785718953036,-49.34329393758687,36.99558862700759,-169.97102071893616,155.43002590473967,-7.89418076372992,0.0
4.692837877040522,-1.0581232151083482,0.7944987777038383,0.9869040482217197,-0.00559149943880079,-0.06531015598006347,0.14738968167231858,0.2201362775263724,-0.10327103521010515,0.30294142005736296,0.18221659866915715,-0.07218859678867554,0.1869714386454332,0.17060628110846357,0.14276631405589607,-0.020095546941068423,0.9936152124911347,-0.10205266106979478,-0.013360714464605591,2.7702517393707127,-0.38340992772165544,0.3882924709924637,-0.964554791643921,0.020563676066571945,-0.7725470898249933,2.719781079989698,2.6256012803211797,-3.752552457507547,1.5330440696376395,-0.7809776893538123,-0.24760520786899834,-2.3388780597305985,-0.4666900837256902,2.1164140178314974,3.349174481084321,-13.176948307792598,1.282311909830154,-4.581622383817754,-1.0058274894416332,5.441459801971236,11.496513104047635,45.89237067503014,5.21829840238489,-6.371396269164173,-45.79914700909237,-211.4443629571185,-125.96696887412358,154.58744958312926,-73.34586869589383,-111.10262654429445,5.814675327595064,30.45327616403379,-171.334160057644,230.28313643041525,-27.070469480863785,0.0
4.746697593856409,-1.066156370211382,0.802949743928239,0.9884706437792332,-0.014002698293772462,-0.06041774353112903,0.13812822699857097,0.26303814873998904,-0.059743317064483714,0.18223374858507155,0.19400488230545745,-0.0414465185959375,0.12771447939369832,0.08859442805476725,0.13631455941197168,0.031011291964938976,1.0632485256352595,-0.3454757792717503,0.010555475222053896,2.6423034010642223,-0.4055386958590739,0.4507061583199205,-0.6918718190232387,1.030250597509111,-0.9616433943031195,1.76142252765858,1.8764897992273468,-6.440549553083314,0.011061516473123097,3.102118576988511,-3.1277468200454908,-5.184447562666474,-0.437427416539967,2.5090690423913573,2.849535044900206,-10.308446932161571,0.9811771336513498,-4.494540661923506,0.45180154256948013,2.9436721882879904,15.04125349101417,37.72494945581803,-6.780501257567681,-32.75133390785904,-18.409212205167336,160.05374490673233,-21.59600746762279,98.25743096707757,186.96287185541672,-93.13564829121677,-28.44255989914568,-32.672302396245705,-113.11191024591119,222.3194739434401,-24.769375072192858,0.0
4.799032222214152,-1.0744468017306743,0.8124956371689441,0.9900717152886085,-0.021426561237741663,-0.048397482153680935,0.13021745190328002,0.2837720106927714,-0.024493070707481877,0.060551222089099487,0.20891298383864684,0.04900711100471129,0.08334669483107232,-0.023881602898544126,0.12194109045679906,0.061896339557375335,1.0795805534074003,-0.5153799239551328,0.006734015981804076,2.607160311001433,-0.4196094126522306,0.4865983717046865,-0.5663277498529569,1.469551948872299,-0.692052674972125,0.6690819706048465,1.704500853530499,-5.237058022961827,0.9129428089575238,5.949108205430703,-1.2783534462641437,-5.909237824990114,-0.8609185062657018,0.9446969182613487,-0.503753514535197,-7.073617815991432,-0.36018212890219076,-0.060096950907846176,-0.3624347170942907,0.12212393153308959,4.833182328594233,11.122626862525838,-2.517080456167094,-22.868957372077173,12.24248515969071,188.82946188216263,-9.658493474369804,86.23352126005538,-103.37431403682227,-23.570508959087757,-8.661123296503773,-53.78487915010227,-117.89539568616347,146.3197969480226,3.822303176385631,0.0
4.8514162602174675,-1.0830304746170336,0.8219738598010031,0.9912210588548253,-0.028931268614109575,-0.03434038905517949,0.12435647091581609,0.2845170385043178,0.007917031956276084,-0.03737680498684584,0.24365683258314913,0.21246207966359562,0.07540141219286133,-0.13530178900704237,0.10126001936513618,0.0592275344980156,1.0163778912184311,-0.6071028674998138,-0.0027091781672551793,2.630707975488386,-0.44051332138819344,0.43320058820785806,-0.6263143618023137,1.5079348223969158,-0.5508068824618071,-0.28021434932313855,1.7723548530404187,-3.6665342812114567,2.077619537166951,11.490567629671695,-0.8676206093110477,-5.461907212637488,-0.9186308251832579,-0.6558968352155669,-4.195295329005494,-3.5486515883824397,-0.4074145709964975,1.997338183438908,-0.21158146331819694,-5.627094538197497,-0.034375565294033135,-6.386490032854476,-15.829873640768795,-8.012537574799822,1.0103634997064779,167.61931912497178,-4.721470985856805,-462.43588570489703,-203.11204261266872,8.561415290985352,20.203763482504684,-30.190175415923267,-39.54836522595351,76.38665092846023,10.825808304084827,0.0
4.904167458671055,-1.0918013611886532,0.8289902968016271,0.9919918391400114,-0.03694264246820305,-0.01996511714139042,0.11911686003507096,0.26937907099674846,0.04105662178579141,-0.09832037296302368,0.2963334561118491,0.41435396061237073,0.04455526618444362,-0.2354969265601019,0.07405170305120522,0.01579713726378434,0.8898799101952567,-0.6259436624020804,-0.013160058265095654,2.647030025648047,-0.4409442087300133,0.25424168623599125,-0.6387022662422116,1.527341359458372,-0.5732070722312681,-0.8642864261740609,1.7258895797722553,-2.0005700610373847,2.950240289236975,11.512239707155123,-1.2836920687392772,-4.883764574359747,-1.2601144647744948,-2.6687727198566127,-6.606111938160958,-0.2939175293547773,-0.42971895399907745,1.6448173468787632,-0.5648968896965193,-13.000495610695246,-2.027448882114597,-6.662758802908851,-23.675849049039446,13.453725402885611,20.794894683856544,140.5107683748097,38.75584953020663,146.45420194947766,-1.7467824929715583,-0.9054845979254909,45.69670520247517,0.7491236906063397,65.881339395822,14.654762222721647,13.319191713230373,0.0
4.957389344051562,-1.0998827534263693,0.8319392911129734,0.9926877346474535,-0.04347393192155869,-0.005812154942991991,0.11246020442229857,0.25175598401410887,0.06015493283245896,-0.14781795201823658,0.37403843159499917,0.5408633295524001,-0.006579189236941025,-0.31328423505522895,0.033313619007757624,-0.07456269477050936,0.6962098984040579,-0.5542342497969789,-0.03053322196603053,2.6766518624568887,-0.374066345038152,0.03630649804464478,-0.30419339076778484,1.4564841548978438,-0.9170324211717122,-0.4640561926164364,0.45269540962708604,-1.9188310216665638,3.561591032692867,3.3184903435478583,-2.3912632883634126,-3.630420525096319,-1.9725882829035895,-4.671308536522134,-9.815732500624293,3.8480539373746723,-0.7576094969517497,1.9290639434674084,3.2572208484907326,-13.741217702082993,23.87326991370955,-8.262638975477492,-50.5274082525237,66.59906324698224,-52.33665828055331,96.12813549166943,-71.32760658426015,-445.5991858876519,48.221619805375994,-13.493036230816713,54.57357212779008,86.00418973780702,138.87124147776794,-75.80609347414217,20.971368818235216,0.0
5.011645522257291,-1.1053072258642656,0.8305027047783615,0.9939848582231533,-0.042373818499969726,0.005663550891343228,0.1008289904746175,0.2486146121355765,0.025891382233854836,-0.21297728370435842,0.4747337953531366,0.505579843351385,-0.08095991410123031,-0.34722320203583235,-0.013254176164920622,-0.17019925560137394,0.4072110549350647,-0.29019711839639717,-0.06444069178176341,2.738441681548044,-0.1943251997809461,-0.19674430346842336,0.7504690527428798,0.9719181117731308,-1.5522063753169013,0.44913744639143083,-2.9888156092161724,-2.5561854290800876,4.683711880318884,-2.347138742513815,-3.3842606680392193,-1.3737889274390302,-2.0847650910599516,-3.339623202561591,-14.11317442956692,13.235208053445884,-1.5760542635970118,2.320086858634561,7.8168437695083135,-15.434427470841372,57.291720025747,-20.622019521084354,-58.87184128958046,75.4077394940597,-111.23850237626463,154.43150810504153,-105.71124807127768,42.9331446550923,69.7995657121421,-50.52042543911687,49.2530559713905,260.7738905395595,282.86556115769497,-266.4528078860766,30.409058075723948,0.0
5.068162641264313,-1.1082309783813382,0.8239882043364116,0.9951780300600298,-0.03148794950835583,0.00937415747680492,0.09241927663208667,0.26563023461864627,-0.021247399917464344,-0.20956409103008672,0.5699968905915651,0.3221160509700959,-0.09545969448526048,-0.3498004011044886,-0.0651808596748567,-0.21161070369807838,0.16231197146522053,0.02800717016173043,-0.13814870207799157,2.8904645104214617,-0.10937434196619583,-0.4280280544745841,1.432099070101847,-0.21134479801150285,-0.2519246654561944,1.3440395235421903,-2.042189387427912,1.4381639690026558,3.813970126764629,-9.29074582277899,-0.16490499401583636,0.32890100611994644,-2.9984833070048444,-0.12888352101537165,-9.122815320123761,14.055799396717829,-3.559643689396525,6.579092056620401,3.7200861413942725,-10.496539750778886,29.62037318673115,-52.46099179889884,66.81365720262295,54.83094996260415,24.518549265536393,72.5679236330173,-130.1819350543933,156.47034223356593,16.604192398201548,32.081465987507215,-57.15239659590115,225.06387387486265,391.8297904860784,-313.528288181862,60.18752960202941,0.0
5.12780812183754,-1.1105914198775135,0.8135004523342646,0.9948061711723646,-0.016636147054065405,0.0016626899843435665,0.1004049593924139,0.302233889001798,-0.0348071000854709,-0.15560415387266668,0.6330353808891251,0.037113061971361244,-0.09784690296861054,-0.33034406613747214,-0.13259503962311703,-0.17619712023905765,0.08606626783891548,0.3080609199727298,-0.18284237732436825,3.0628459416411964,-0.12645945623906976,-0.5896159274822028,1.3346222317317549,-1.4972359573565988,1.770800606246263,2.2596044166337346,0.16404640852497218,2.643362827108051,2.2520902415169863,-13.437857964559164,-0.14339504296667857,2.0501273280845336,-3.786779854049897,2.2932619569414845,-0.8596673849975371,12.38541804103463,-1.715809558315804,8.976035209549183,-1.2205575309887788,-6.509091181875196,-10.533728084325586,-60.38411987664261,118.00873256780638,38.15865022878853,77.69038438937766,-72.05919220756732,-91.01199514995146,240.05296900513508,-2.185049936570092,156.022581834543,-45.34551139980462,-3.5510571781317046,223.15159560606094,-220.8697806763865,38.66834570169678,0.0
5.189764797653588,-1.114213313851215,0.8002612226159226,0.9920579202313793,-0.00413017889947915,-0.011491844436345936,0.12518770722359324,0.3549683568114135,0.011423604378751534,-0.06405459652431775,0.5904131433006745,-0.25195683744991915,-0.09692038500162072,-0.29875831298935523,-0.2097446186890049,-0.13504399255062668,0.16467613280914786,0.5141131002522639,-0.207301636284545,3.1151491064320656,-0.22583919016062215,-0.7200558336036396,0.9187126226709944,-1.3791854969038164,3.3848373380937504,2.2287949745258633,3.2018141677314564,4.125759214601387,-3.737473213940281,-13.163540259990862,0.021657793371048315,1.974297271617993,-3.8914378700951553,1.4024917108805974,5.3566545258976515,9.03842013138033,-0.9545781955205812,0.9236769827458436,-5.082872422721532,-6.459764223864217,-21.435929226724706,16.20436420353962,120.16767013680267,-99.66765381463217,45.4093048544566,-179.0199809725273,-44.95363719677092,218.108327856815,-2.7223560827918925,88.34236183335635,6.114905152952959,-76.1464193405397,12.547176469236842,-136.07402737988676,23.505126740147396,0.0
5.248705159265215,-1.1199177355701362,0.7905567144850285,0.9867925423032536,-0.0011161602992165755,-0.015015847726347202,0.16128780784029212,0.3534038375136945,0.09167939107047886,0.023406506212074955,0.512931329506663,-0.46582097985643406,-0.09488943276953468,-0.26470104399661376,-0.23467329024722874,-0.061370569087255786,0.336520739002222,0.2986025014563874,-0.10886867068019984,2.8231119012636823,-0.30827883221266056,-0.30066658575936966,-0.07542732275027289,0.31760768822915997,4.025509230708594,-2.0048756267356764,3.824235720819192,2.915928602018285,-3.509516581554335,-8.8285126565618,0.11912707472442081,2.3738248491570606,-0.1780912848687826,2.175661152474582,7.2694956715584045,-15.328509409897668,5.1875956284083315,-12.27426161086384,-0.6968583004117321,17.80382208153731,-29.08541611813198,71.83281375997,47.81551442578191,-207.5769202881212,-71.95210872743034,-239.49750615522592,57.440393862690605,189.9084952427783,3.202321045056912,98.46013785887477,60.1672205235548,-251.21594053124483,-309.0538210863599,69.87169309811286,-137.55380871408312,0.0
5.304018865193481,-1.1240655691894594,0.7874747357448135,0.9787467200262276,-0.0003389028525203976,-0.010446284554894901,0.20480629463411382,0.3011277575877648,0.11962978312308722,0.013545654482610987,0.4179821880724253,-0.5368195536363756,-0.09240106900083069,-0.17646873219546633,-0.23504029081417854,-0.03273481815752181,0.39862495684262905,0.03187181185509276,-0.04266377057967244,2.710100894163109,-0.1302918616039234,-0.07392986238858672,0.50588455208304,0.5329522619713691,4.698476488154528,-3.3180528211466016,-0.08553990370976516,-1.733674947601401,-4.571446122319881,-2.0247782115820137,0.143421181971403,5.559720497140444,-0.089319401176133,0.7547354106834627,0.3281724949091273,-11.031114700856847,2.0604451678854216,-6.695827225597828,8.142815133405762,6.088167802077555,35.77867079666319,14.5599779334339,21.868390122214315,-83.05828796675817,-130.87595543420971,-18.192095993032098,82.38850535807397,65.68909964470683,-0.17291022175512438,83.11564255056294,-15.413228090890884,-59.43722799198319,-246.10806262418254,278.56872971090735,-105.66639118018992,0.0
5.356941939344225,-1.1245372397156959,0.7865539935214938,0.9691073789828591,0.007599771201075197,-0.003206596262073535,0.24650121545151787,0.23899181749484366,0.08312531487959468,-0.006966204058935799,0.3175086238090306,-0.5374425461585955,-0.07828247939943175,-0.06839082624570857,-0.23913425927157703,-0.014898138533373573,0.3911603061723155,-0.13470051857257848,-0.023007390464453735,2.587903419123253,0.05073122140456476,-0.0330261266513744,1.3077504245781295,0.5549686388766214,3.9790969400726683,-3.1963237215924902,-2.9816045732434118,-0.10530552128380197,-4.364803840238517,0.3168823079583849,0.6867845883090332,5.125729883569669,-0.3488536870927559,0.8694916742332139,-0.6615465584757975,-6.251405002000975,0.5806646442600187,-6.4616123098700795,7.317970715561084,0.9076018333810649,33.44000013294118,3.5855080517275186,-29.402490676725087,-18.987650396239637,-112.14795075874011,115.39541440525898,121.30568432201615,-3.965990407640539,-15.49062764721588,-39.21364623293808,-16.354888601111327,-8.570865421625493,-9.100254353759613,210.06397911306328,-24.43726425860155,0.0
5.407954282151096,-1.122334917557665,0.7859020174281822,0.9591766934302219,0.020650067853555346,0.004781560196649824,0.28201202484999427,0.18385140966224076,0.019046669872661424,0.053840429876538365,0.2307704624054838,-0.5743697341686518,-0.06238663911604812,0.023890640606604868,-0.2462462958550244,-0.003075644479409082,0.3886132229683936,-0.21839254023250076,-0.0057610550307973995,2.520637194643244,0.15264978121463907,-0.03129039843498301,1.5849330085371889,0.41852332674473564,3.5410963436328005,-2.623530333008874,-3.7882990515192905,3.7704736127486824,-3.6413211718205685,-2.1942896560052385,0.6820367557958729,4.245121550786521,-0.30925412096419885,0.38509931647827383,0.300298015920674,-2.7009001539431234,0.8160504887091085,-2.837725439167145,4.190706412823062,0.16129992075454003,7.346842807673469,-6.651958425032295,-8.924093514871506,6.606663653628398,-78.98322958404584,-23.662142443600608,108.57542132174302,17.164028360319342,-16.04744333623832,-35.27130487278486,10.759052445217312,-22.074201553567153,43.523667089597396,164.49586917313974,-19.613369228737298,0.0
5.458028832426354,-1.1190753054550635,0.7852585600792562,0.9490640968004938,0.0333356064631543,0.011895971722925341,0.3130887467839818,0.13833728461493958,-0.059578664753208645,0.1357511484266359,0.16134534765250275,-0.5498376349000005,-0.03966356101476666,0.08608914216244988,-0.24159111254396973,0.01488769479757443,0.42635189322767697,-0.2294256064570667,0.031525718454907585,2.5060054700185903,0.1682710306261439,-0.028779268883078954,1.2263449230123118,0.3346280841918403,3.1758889271791486,-2.1200006456942835,-4.063786133053405,3.375842830416412,-2.732901175042535,1.776148038757618,1.0506163032502691,2.551664676516303,0.7361425011222463,0.9494009510654403,2.7271499911280697,0.8360662485277968,2.1077389119539767,1.7726265614674892,0.5307054774806494,0.7868824320032075,-26.620792923935326,-10.938483241430516,-0.2846988703698021,17.15410857694959,-5.729876635192524,-118.22955709557415,100.45812967221077,-17.79280293644976,-21.70030874953309,-34.25074800578573,60.167624923219755,-20.673900974226086,59.898644980037474,126.9046810673203,5.356431804963001,0.0
5.5087277978438065,-1.116481878966987,0.7846098737635355,0.9393794798824593,0.03906524522383187,0.016427738070526873,0.3402502443985141,0.10551662569673904,-0.1276968520560753,0.19688186205005626,0.09724439203940377,-0.4229511231025026,-0.03221770749620129,0.10884315297826623,-0.20336178475205538,0.04539182930720703,0.5191113348280493,-0.17770218788249445,0.08237662426700533,2.5765346755792264,0.1026271245148741,-0.0383543780123204,0.2306598190990272,0.31293302916837074,2.8220871457248085,-1.4215423456195933,-2.8757634407738997,2.1524239122919893,-2.6965903683288817,6.4483452389793365,0.1810427040234333,0.5694274543259252,2.785707382678491,1.2906851210792036,5.303009322043463,4.215710243543313,2.2280624601576453,5.968451008526682,-2.356779006993447,-0.920247393296968,-49.55930022803649,-10.171847945972333,5.250604426078587,22.887745302443598,62.05656805370758,-117.31109707374176,88.93787386981583,-110.56482895699085,-7.55443613171965,-23.36552043743187,87.6826827152939,-69.95179383090588,10.34053966826988,200.3469538357964,-66.20840668621831,0.0
5.5613894793776355,-1.1154946965525656,0.7825622015276996,0.9302173299846502,0.035389819831824,0.017284787522780492,0.36488973097196364,0.08225873781752899,-0.16201854066752053,0.25388315912948034,0.05798477086351782,-0.2062467011058296,-0.03365233703949627,0.10340073472104647,-0.12640328275095525,0.06230581949229149,0.6407863075522964,-0.04698426038560716,0.09191733805566901,2.6913952595588415,0.02428800191786189,-0.1558285045535945,-0.7343688249284966,0.2466561503425366,2.571988719707759,-0.8891790681884055,-1.0354949549894448,2.2902192672495407,-1.159241260243975,10.401385286173777,-0.0848417273316113,-0.4526204713849722,4.474594943546448,-0.14147846436300182,6.222588704739931,6.8723027634877685,-1.5375288584874467,7.481611691195244,-1.301842996344611,-5.6935471357822065,-42.75222335123067,-14.446602577461169,2.2640375216823636,42.0768175112206,63.50445556677028,-107.86064846453225,80.63427484999477,-181.19528145956716,2.0271646803189625,19.704981785242516,71.2811807769016,-100.56121509047134,-54.82725870146386,65.9531474604124,-317.1540709791431,0.0
5.617115530627201,-1.1161079092492308,0.7784729307405852,0.9217457862496639,0.023829956035437912,0.013785003627424745,0.38681625147003557,0.09280419792883397,-0.12569466471076549,0.3824572148845078,0.05389812809307029,-0.06975729586999982,0.03396882317861475,0.08415078853744021,-0.02567499156809005,0.036826908566243016,0.7641432104468889,-0.05067977267953586,0.10665850054565693,2.868455329540831,-0.04139692483581156,-0.18529619460437405,-1.3593658654880492,0.08272781325014289,2.2356880305334483,2.3007480490446617,3.5881579352157966,6.7993511870270495,0.1447641667370709,-3.0018322925017897,1.844187402871801,-0.9632954005079775,5.137861304653223,-2.0955670446679164,4.63858923251774,-1.6234106980174905,1.1291822968367937,6.985884533459676,0.8326833614378846,4.597071292512964,1.6310927948647935,-8.648335758063947,-12.222891015669996,179.978026445195,67.07132184127448,-426.50407516405136,-72.62983676199795,-653.123000179414,-302.3009737579978,-2.2258200831973514,-19.76416504276477,-69.40188208469444,-197.22061747342107,-15.205742510249145,-8.532542838318477,0.0
5.675645998096536,-1.1178537976311511,0.7757555941092145,0.9128617515834078,0.010171844710277303,0.008495581491196069,0.40805364986284454,0.1395123589158077,-0.0364712643194746,0.3965884285564151,0.07582941946414384,-0.18235668944980743,0.039767676908195215,0.05314547170449358,0.09052729778098888,0.007252497096004319,0.8355035787965441,-0.178694552643131,0.13956629187636488,2.957786551402423,-0.1097421483108388,-0.10675769447008363,-1.4907988235087812,0.12090944922730903,2.2827463924848406,2.2971092007238414,4.827605344287985,-3.0976974013728746,1.0924251153957993,-5.69398245322625,-0.8001116167218112,-2.044323759496546,5.937225295778342,-1.3414818572951257,2.373222350507552,-6.642365818649662,1.5091815449491794,2.080075113676478,-1.3922477066755037,2.4013847449024963,4.7497250299606995,2.022647315190495,-9.231612682198293,-7.0425394666821415,16.369218273684652,-311.2524342278379,-40.13260117628911,93.24114670653864,-38.842297146544084,-59.25698868663319,-18.131886932223804,-2.3481134540244875,-131.96636032927958,94.98001859601706,-28.933126063878145,0.0
5.734318975877326,-1.1199010748001934,0.7749403874213999,0.9037653828078499,-0.00018438373182200438,0.005615012790874412,0.4279913205570617,0.17380427459796222,0.05814509573111749,0.32603521851128564,0.10742386214958848,-0.2541805844715054,0.005333899070023362,-0.007299285712070971,0.18887637948206826,-0.020002225932951437,0.8744359417059242,-0.3159800244893377,0.14199690811748922,2.918108808311419,-0.08353000903918587,0.0039755906800258995,-0.7169307222124979,0.16391229858598655,2.080864660882214,1.4989991962810476,4.461305870659577,-3.5367146244219527,1.5639912299436816,-1.7513646732111372,-1.5874031471326293,-3.593500071097121,4.017899707065716,-1.29240693342119,1.3524414173676724,-6.038273879580618,-0.11725286075837327,-1.0514496545495413,2.675782221684321,3.70678661969831,37.21888726642561,-8.109953771582017,-17.786321261340802,-5.677071900815822,-43.85111537392895,-55.49465689430292,-30.923577770999245,190.43657569552354,101.8226214925287,-47.362401731878684,-97.5834572377351,20.0133864002103,-73.03989015900866,118.0766079333562,-1.2708183700870124,0.0
5.791473357984514,-1.1213869607536255,0.7752543037719172,0.8963939713556445,-0.002796341821458794,0.007399827252501761,0.4431876252179272,0.19169180464398242,0.13113598874991148,0.21751251729316495,0.1426840856734387,-0.25884891079728756,0.012367156316877572,-0.10597355764788671,0.22956267154506277,-0.056754567664535516,0.9238476729785445,-0.4385899164843053,0.11699860438275243,2.82800436560199,-0.05070662143921329,0.01873052332332818,0.22646296671808946,0.23024877996681664,1.2620049078257367,0.8880994231618076,3.0402532428286198,-6.207701244114204,1.4716379889819173,1.320455018088962,0.7191852774575564,-5.4857191478950185,0.742177222928503,-1.6705420507212287,2.4853649446456916,-5.287097324572553,-1.2422626721476115,-2.243564134795138,4.01403241790204,0.3623774962232455,42.76015917780753,-14.48693143482555,-54.0450907586649,31.313842529065738,-62.72662890131797,24.483561742502715,-50.953999263568306,194.8169178341026,-41.66892676706186,-22.81064955898037,-123.3103081156823,60.59610159936791,-52.995518625433704,114.66763134207987,24.428792737546665,0.0
5.847143749190243,-1.1216728474749411,0.7752567916026636,0.8920562200790556,0.0028811353282472054,0.012002311345951611,0.45175584534108854,0.2007664183096361,0.17807204279173852,0.09819469012184345,0.18830141394149366,-0.2122382290973512,0.0426799618618133,-0.21556889589513514,0.20423546498251116,-0.09598125663862188,0.9472314784512247,-0.5201803111442924,0.08629267964466372,2.7575121569958503,0.027927904628850003,-0.024427977977564026,1.0790419098360307,0.009092027082883286,0.5888952689144542,0.5413700558330847,1.848540278927057,-4.785345057300774,2.5004139316433553,3.5148903932941553,1.569330117336395,-5.298464963389614,-2.474478287707549,-1.4708414770913867,0.21985723665682674,-3.3146061624938863,-1.3557921715897159,-2.051995670162519,5.447335309658135,-3.6677540996313622,39.41238026163918,-23.248994784595645,-49.480577977804984,37.355192606659884,-47.48532982170491,186.59357396690112,2.830608319747001,152.4596469612285,6.419961329078718,30.527110964619794,-101.2296274740462,98.32846002985201,-92.09957306854905,71.96176320151561,28.524291558408187,0.0
5.9025249414068375,-1.1202420549089063,0.7736183418515585,0.8879242313511324,0.014775837104286664,0.01523229879849944,0.4594999576612384,0.20219517379193905,0.22099939208508895,0.030362491740237203,0.2821744374887262,-0.0929177936817305,0.08237934311762297,-0.2867283648068266,0.12177330242750724,-0.1529136731346354,0.856896672131883,-0.5710650555477519,0.05348043602158495,2.7741171830378413,0.11000891997582324,-0.16267339226439356,1.3281461773335905,-0.4646102122949507,0.8388064508558727,0.27208533896464726,2.413900206963121,-1.7685645787249018,5.291674379907846,8.527977549982882,2.625978323874871,-2.6976526217985217,-4.811150931000507,-2.8593373327770393,-6.3090962380598805,-2.1958665949887073,-1.418330247557755,0.7935656386929476,3.6153274774778112,-12.704679226133171,11.136628095134837,-24.701192621916338,-20.478512695805165,53.625210314965855,70.84184069570443,238.59150324231103,14.666782875585024,636.8396901324783,240.2204797129888,48.79129729902662,-18.684650640908405,78.34781386565147,-51.09024095248803,29.645888200525313,33.24692709348902,0.0
5.9583364078085825,-1.1169218237897922,0.7684166569514985,0.8831339873431053,0.03117755412811558,0.015435304115094646,0.46782910544869843,0.2159186964178083,0.25934267973531344,-0.022839607052489976,0.3863147287653389,-0.009646811883543143,0.09292276856903493,-0.3017575519751516,0.02057067110944986,-0.21720816782218283,0.6341399296410799,-0.5287682171962997,0.042005915148006535,2.7852102907609644,0.20634672680325286,-0.36966631046429577,1.68333631476322,-0.8611653216471786,0.8139291244436057,1.2867367182703804,1.5518728125965309,-2.303859431827208,4.281911360109139,2.740962334351941,0.09706799045019116,-0.24955736043724436,-4.911984860806457,-2.4202795932787073,-11.795602666149476,2.6203342585527443,-0.32266890659791847,-1.7346670101187973,3.7532092354061857,-13.910091936918663,30.647482431549665,-10.816509511207347,-33.858415766000796,72.63980431816886,-39.00990571287185,83.21789421747141,-131.39341427358664,-81.92505630020047,-13.117059813919823,-24.942137023006556,37.38293456500481,174.1944073252478,143.60547388591158,-53.633057570385105,10.07783572801893,0.0
6.015329459421638,-1.1125343207211542,0.7603046223818614,0.8800244994213459,0.04917261793239391,0.012765693955625771,0.47220331544972743,0.24953365570446404,0.27541139174851326,-0.11163768213146424,0.46260457064887667,-0.013102444677731369,0.06906085547721816,-0.3004521948881887,-0.05556179312263902,-0.3305968060911501,0.5819511174088159,-0.244187113326504,-9.231103399673282e-05,2.938450886092204,0.20467613195447434,-0.3972491631413261,1.0763422255528785,-1.1852668437297456,0.35805750045893536,2.063727199950172,1.171921897384809,-4.203698098043812,2.887833094409609,-0.7048145931527765,-1.2166766168985115,0.8318087244460576,-0.6112342193577874,-3.620850490974577,2.551043426484995,4.298094292725591,-3.6421626396326396,10.320946789078656,-2.582987717454889,5.090111326116119,-51.83427153973269,-8.246299910116484,-14.479299952111269,26.7101184886928,78.0186097956828,96.80717949922038,-113.48954847245861,2.0214215972441973,26.26430552083726,167.3035228679732,383.29972311937144,311.6804973591179,224.3421008678916,-1419.2753948110153,-141.85468364601445,0.0
6.074796326250125,-1.1095722779920534,0.7552733504702475,0.8784035598472675,0.06030586566086166,0.00725892924826155,0.474043981673336,0.2761377545296955,0.2976106156537092,-0.1855716613062158,0.5059509981596851,-0.07810434832976794,0.016351211575778866,-0.2583062340787302,-0.003995216242880493,-0.31870765297868675,0.6220923246039914,-0.26929888808582536,-0.049759528205717635,2.992980021103292,0.11066627189853198,-0.1451938097773598,0.5594592849009203,-0.8377874253915519,0.36864153531344274,0.5872020139801049,1.0783515164213673,-2.8632800363063726,1.5083947598533658,-3.411475730653171,-2.4715329187367523,3.3127217978872125,4.585826894642084,3.4891500913420272,-0.06571567658675626,-3.247072248331997,-1.1482111314363173,0.9470798553247683,-3.630993245895171,10.39165307566962,-6.865187364224229,20.258123351268974,21.318122549653395,-98.73655558840474,-11.540315824652643,105.66830303909084,-65.07224488816513,46.519043411662906,50.99844994150596,127.44512144418695,156.43808882210402,233.06898448587629,-280.3051765628949,-60.13866520670259,119.62199568350786,0.0
6.1336131725066645,-1.1069723862698537,0.7546714538150066,0.8768082431295646,0.07304460134574806,0.005480146091707061,0.4752281125871027,0.2720969158590582,0.28917833869459464,-0.2095777322749173,0.5302129477324918,-0.17147326306994348,-0.06102696680886633,-0.16730578772866495,0.10162578263138411,-0.1869999742741402,0.5690638453758199,-0.3369253420429599,-0.025866575793220794,2.8848105598191034,0.14313046010843583,0.05293381619621204,1.5116127287835568,-0.6250710761607373,0.16593219061430184,-0.9818413685782525,-1.7792346485795858,-0.06308726184436056,0.9139010711684048,-4.348668082045563,-3.5690174501131637,5.348834853378316,4.888693000246077,7.358871287869158,-4.367015536167953,-2.6844716210272352,1.8971312628113506,-7.335200543899896,0.9768219619957403,8.168010055238486,56.41572280157715,19.657602588378147,2.3609489354199273,-95.72521014406254,-158.50895831708831,109.81240477793834,-35.05635540483436,78.61066761769892,68.66483579203238,60.08203924045728,-114.31548036750266,-38.82852355731052,-141.1453414982816,124.8995894750102,27.657824935912508,0.0
6.189657855495933,-1.10373109126497,0.7575529467642579,0.8783908992095623,0.0931692452649249,0.01178118509961875,0.4686257820481376,0.2571989995941568,0.21527235296891223,-0.18063702756353858,0.5059596214298209,-0.2549123079235442,-0.11406398072678997,-0.0701359230245017,0.16282935382975433,-0.08112992825413999,0.49354387812360045,-0.3474257881737115,0.016082614812525643,2.7368907002665654,0.1590490487541237,0.1970351381620709,2.450408293504565,-0.24023833892667867,-1.1483005801568726,-1.0867257189328892,-5.157521341463113,2.2151374510273105,-2.0143280645738617,-3.731083698723664,-2.151550624058437,4.356795114552389,2.196831310440651,5.547407854333057,-3.337561271595912,1.02891284480538,2.1977950779142987,-6.8774773757474215,-1.822851549989092,4.506127121076232,37.61155834517651,29.466917757460795,-30.844509026475833,-74.67387750294625,-145.50250516996252,57.705254560769056,-31.605922690557247,61.968427849349,44.864783854498526,-63.27265780689842,-81.6658270638928,44.68447588285666,47.61611686946701,157.95339904781454,1.2126253219927623,0.0
6.244562888453533,-1.1017761758432185,0.7618161114319151,0.8799010911064327,0.11286631833854145,0.02334493409915006,0.46096667786979784,0.21940277635638802,0.10968227358504667,-0.14175682630196024,0.4422474110118492,-0.31262950417895663,-0.12966787351793607,0.006395722252192566,0.1987435454787047,0.0068207821769241655,0.4294909288532145,-0.28475076496429225,0.06273296426962242,2.7511119623511977,0.03449910144403452,0.2150860362908781,2.0612644219530307,0.2673532255735827,-0.5239426151802858,-2.802815771548523,-5.249231786298807,1.725708518194438,-3.3266616721578255,-2.44307584011624,-0.42500256079985654,3.1407019370942284,1.4948864287953652,2.976441671895716,-2.836718148059252,4.893441039288234,2.1324567169114776,1.0003054594954877,-7.6960988858055694,-0.6390491982060422,-27.867989783039896,27.070391584567115,35.48197431516064,-109.8758691193602,16.048611365899855,-18.015744514952793,29.69817916322374,41.5497432392492,12.846158033496929,-89.81423664483573,-22.8148693612343,-176.01195012003458,54.58170418246256,205.14025903672825,-31.51587513099181,0.0
6.300637089835167,-1.102358185432799,0.7656602881313423,0.8797744754074459,0.125261267073283,0.033967430623056336,0.45733215615088263,0.16090068862515558,0.018400155915426788,-0.09565258561525466,0.3472636325478326,-0.32022404776458396,-0.13223077251368548,0.0529368277889989,0.23780087467001765,0.052577939274037075,0.3901435816880381,-0.11850254122456488,0.10500572732073991,2.835871422181441,-0.08131475765195643,0.1501307337724675,1.2427970432840119,0.37450220019894065,-0.22678207188715804,-3.3662143878297557,-4.261202484087127,2.1446549024202013,-4.595628848096066,-0.02873738420640045,-0.03614036745640652,1.6170561771025884,2.2482545999355383,1.3327821011731629,-1.2360406689170056,16.42592713679317,3.958966036762182,-0.6070198901704742,-2.607119479981394,-12.373817888939172,-8.513587067660668,2.6444495714972347,13.959356213233088,-58.16300397926572,-27.003379955470795,-56.584816325889086,92.2100887229807,-1.4816491284302296,4.590541821665225,-79.09780040553247,4.64744258002834,-121.81824525487102,129.8634801815537,3552.794143791259,1084.9281833284554,0.0
6.358304903808521,-1.1046343437708728,0.7671717880017482,0.8811702762189209,0.1314983081630955,0.04092722253648033,0.4522964754604704,0.10748604712317872,-0.05371453806273908,-0.03216204089946002,0.2166108417770828,-0.29455745971247504,-0.10427314236563796,0.0622656382986238,0.30466771631895295,0.11831730890320753,0.40805830347184735,0.13576532618278972,0.150152809386969,2.9206820630662467,-0.1415343430444809,0.006183203995368446,0.5611088230494354,0.14957126813220384,-0.5992867992735682,-2.6615827314313316,-3.379943580955516,2.804954676277957,-6.210782796429713,1.142947681391005,1.4387643823833531,-0.1874047238470084,3.8445983018477152,3.219602689034163,1.7623921400921145,12.247406191548881,2.3231604262400127,4.260612939086415,-2.6210419480170577,-8.576198813001543,-32.08049649457654,-15.909215810025431,9.875929746575176,-23.252208206071803,12.693530246747814,-94.58801572742823,133.01986999532397,-47.358091167666636,-25.772915413249464,-49.99952194255496,35.641433736877055,-98.2469754880967,49.166433986564215,85.04521462800685,58.025201218457354,0.0
6.417090146884508,-1.1067615043162835,0.7652267711138033,0.8854024491223247,0.13703911254326612,0.04381469818912653,0.441998933193441,0.07470551752000097,-0.11567002855404072,-0.008553366039447124,0.09288180634854533,-0.26257940511435673,-0.05313693995333443,0.051463320794945616,0.36146743969174167,0.16327789950627902,0.46663791322956477,0.39971768223218435,0.2211156820491198,2.9858166921089704,-0.07735771313835857,-0.14810818907063558,0.6250610285411599,-0.4696206678984901,-1.779619839688982,-0.5171666761888105,-2.309088338435676,-4.07873580172977,-4.661295930531773,0.9005205544998007,1.9187402466336365,-0.7846787033518486,0.9490981487972852,-0.3598780917073695,3.6624620796598264,10.94662667077139,7.3835638392057055,13.445468590438397,2.863977459309033,-2.39079685680454,2.1888532241367065,-52.36515825699359,-91.18390040793622,156.75617453993732,240.40773945947433,-440.24930204801046,183.55005551930438,-38.59708461616303,-85.56598578359902,65.38968386412981,-82.91624884012919,-313.4385786362873,82.72296284314065,-836.3477427531267,735.2829308450689,0.0
6.477169375314987,-1.1079442877544499,0.7609767875024767,0.8940654980162555,0.14491544614555738,0.04578874913996761,0.4213665733984798,0.07127545146341968,-0.11652643103926,0.009504992033542,0.010627158263817,-0.1858118756400666,0.022841652559370287,0.041191337615332134,0.33633025258118754,0.1063665977389421,0.5395688227490976,0.3610831571295477,0.2303342646205337,3.006589585852564,-0.045580870969745384,-0.27412008250920045,0.8741175050063035,-0.4771615097689106,-2.352049107770166,-0.3523801827416948,0.8439032963754121,3.7253588520882945,-2.991347376547167,4.030376421804659,3.760104902356644,-0.019051143098122822,-2.1071468169563383,-2.1512305151709312,2.1473686414138857,-4.791849026694154,-1.5915489863392989,0.13684902042391645,1.3023975471874132,-7.547685733420291,14.002642281375493,3.095825103514621,-8.58069892309499,-35.24215052425475,32.58317144342619,129.72977134799777,149.06411109068992,-56.24679172200101,-55.085493380921065,53.45238187112171,-34.36479353781689,160.68559950363203,-162.31057135595657,-17.018186701976646,-12.211493295635528,0.0
6.537204099155008,-1.1095617715830244,0.7535795640271328,0.9033089847955519,0.1516125608336737,0.05041678467909981,0.3981264336962651,0.04977024751003296,-0.07810381919142383,0.05891918788200711,-0.01974338067511702,-0.008911213877007378,0.0965920818459179,0.027437514199447063,0.2656179934093988,0.038653080771081864,0.6132627969032757,0.03646065253433232,0.1934947485764473,3.0182143734505686,-0.10034318151537838,-0.45099327214999924,0.6167424789606788,-0.15811603672691635,-2.661836256867238,-1.3591102769601302,2.845332615717625,1.1212662494245107,-0.46868012681068366,8.841606557318467,3.157103436786948,-0.7446907813271791,-4.0995386170516275,-2.97534394046287,3.2695896517892202,-16.376024331650484,-1.5660587538453576,2.8097690647399625,-1.489909217800228,-9.387384148964975,-18.882745810431647,4.332055580011136,-23.393339361963395,-5.214506252288693,106.52445193996,-142.80343282256652,82.35346974717474,-133.27297378226044,-67.41598209169575,10.436699138583164,-26.65073035670698,120.36429521343779,-98.18722574897123,273.96991536151825,36.79754791940949,0.0
6.596491317805972,-1.112188109316249,0.7424435473177181,0.9133082119082238,0.15505517022080265,0.05972990344100361,0.37183106766881485,0.00405837700760852,-0.0021764924022886403,0.06592074303467392,-0.0032194649437895283,0.17546703848856635,0.1301439594155042,-0.012786850110487507,0.13631470242034383,-0.0676394137254275,0.7137731885526452,-0.2601149287131493,0.12099297931847268,2.952722078337537,-0.1356633700886721,-0.6508578044421959,0.633059796338583,0.4164435411185946,-3.139693548178914,-2.430095271796861,4.662561295444755,-0.1513103306713074,1.1204501744974944,8.22541798143988,1.1876015937066131,-2.37152193213371,-7.345938443674036,-4.812280429321293,5.074905064668677,-12.300503436270033,-3.4165304949879074,0.6615428783084615,0.8036384757121783,-11.112126353343784,-6.839670384935819,6.770331433265212,-29.78341894177687,22.8853869083784,100.10715313539316,-46.926579396710174,-13.849624115828178,-152.69080840520087,-30.076852416721813,-6.3360894999233,-34.02440896176572,179.74910647501392,-74.97449661692626,292.57006633166856,68.63103308324324,0.0
6.658848894710324,-1.1158888212146503,0.7271785870793441,0.9235240430675926,0.153210760418429,0.06516135447075284,0.3455196125426632,-0.027452556227109938,0.10680099147804216,-0.017068772114653026,0.051527228082457494,0.26473320814305534,0.12332994117492335,-0.03082274931886434,0.06546311156712334,-0.14026082386005947,0.8189607715821948,-0.4250954919611081,0.13386218790561558,3.250091355408962,-0.20423562350480257,-0.8566264804075588,-0.4359277351657481,-0.21782127678087537,-2.7020006268933443,-0.46037200034669146,6.682553329151888,-3.7186319838722945,1.9780844498410883,6.290061907134761,0.6887970699992756,0.8079085586720705,-1.0949384810022418,-2.8328153370498916,3.331002847841758,-4.9929771785040735,-0.429454813834764,9.562287069822716,0.7506041277714482,-11.076266207526098,-39.24231779884481,-26.332693288721124,19.699491127614834,92.70750159265852,138.4053893435347,182.52188211764337,-123.55079233277667,185.9036184259112,101.23118946223192,186.9480224742648,90.63233672735258,99.89918755687425,-486.9404292800034,377.8261925318957,-259.4953760849238,0.0
6.725264419895833,-1.1192841186683788,0.7076662834051911,0.9332635083078406,0.14840346380473216,0.062206582719668314,0.32113233574033223,-0.021615902930103653,0.24415633153943916,-0.0974903963488084,0.09571103170005381,0.40204601355200703,0.13826406717699696,0.017454158411089327,0.053457500394117556,-0.20814923499303858,0.8505732236555901,-0.48335161796656767,0.1472520983309353,3.3754279347304923,-0.1487578334873493,-1.076789196656412,-0.5795165682815091,-0.7528901077911171,-2.609024496755478,0.9886198725723719,7.116239044623974,-3.3967016226449673,2.041875477752483,6.184384000665384,0.6793201065823166,3.4630598823442122,0.4366379871322167,-3.407172455618163,1.4264557179398023,-2.228144766072841,0.7890773191839979,3.0476002258926167,5.820330214651658,-8.676334758328611,14.53506779678803,-18.491071411944123,-5.314325617230457,79.79757187719633,-13.228835899017458,85.59853905525598,-37.67801162286954,-112.09113871617886,-4.94183500901778,141.43562984355782,-23.286874872467724,95.98386405650372,-394.3542388519433,444.28578731974847,-389.43115673706427,0.0
6.79376621438551,-1.1211657296621902,0.6844342097691982,0.9419537437281921,0.14626805396547857,0.05620382589355084,0.2969342200227599,0.0028167211442533552,0.3796024536262115,-0.14934589704536655,0.16275268552033018,0.46186882059004375,0.15544453566770933,0.13156170481271906,0.06557334574156523,-0.29704796772773784,0.7995113777371207,-0.48273381902313034,0.20800898940477988,3.4343889488725723,-0.056695772953338865,-1.2382222858316696,-0.0838664266971373,-0.8551122538340734,-2.649204178297058,1.5894631209268388,6.300126874472863,-1.8585087243159655,3.3849772566455183,2.129231982873473,0.7914179774705731,6.601139865529872,1.1353621930602968,-4.2514459728278915,-3.363145889467239,0.5523928529981881,3.0763133314385587,-2.0950795522214873,4.4323213246946205,-7.995493473892632,44.19267203676428,19.7841350822394,-39.099473635172004,45.87794959518122,-81.36008708586893,68.60692502978081,-43.88920220067486,-41.266735936349754,-12.755830774338955,37.82634618935308,37.197786715384936,121.1281813138574,-55.198914751767056,56.85432378528955,-108.1527594162463,0.0
6.862592692601106,-1.1209582348555,0.6595289384481763,0.948169710042996,0.15230461441590978,0.05543583750314164,0.27332100780021923,0.02263897001696062,0.4643828196822491,-0.20122954107430718,0.26432767430166354,0.44593271712430277,0.13678444811842955,0.2975166964570266,0.08605381371695497,-0.38800001703307635,0.6640675798695735,-0.460096709671214,0.22423630446417586,3.4075306277644404,0.059373410535700194,-1.2513620901672204,1.2431394834173095,-0.23671638259230604,-2.541632418783604,0.8301899755474533,2.6573799147937534,-2.057303004784127,4.962795628660216,-1.0112588547272368,-1.081836154656753,8.44266836435208,0.8895787572348234,-3.216103437898558,-7.982153261386385,1.6090641347811268,0.1776970805557519,-6.804267348388135,4.599429777840959,-0.47055186309381586,79.59010481117396,60.33109083130533,-45.455960531413,-7.411945051490535,-175.19086886301235,101.93848955627021,-82.63769147463202,35.01344048665182,17.540348654324248,-79.78382494338109,-24.023150423785804,249.7778126213181,-16.080895962847467,65.26872140294252,-23.24154136669968,0.0
6.9299251709565155,-1.1185720369380467,0.6357682707877929,0.9493328432491394,0.17190890314759583,0.06838024036051123,0.25404453246494996,0.006270330169472475,0.4528952772756572,-0.25658182435004406,0.394046084643959,0.2837044267327247,0.053002965622922095,0.46871258696159795,0.10065514274030615,-0.4225097353640094,0.44940316805735697,-0.3451790194830227,0.2184459808347662,3.3007707811800735,0.1644408646301589,-1.1375858668903538,3.229787432414387,1.0701913426016296,-1.8507628824153868,-1.6954783679887102,-2.83463924985959,-1.845952295714964,5.728306269232418,-8.251343331898706,-4.109917543953904,7.592636088074541,0.19566199439180537,0.1878774914813462,-10.912670216388028,7.0341938841284914,-0.31732741630171424,-7.935607125717715,4.187596368421547,6.355112621868521,100.69407842725023,81.03007189588544,-3.2228084763576104,-77.51217508009051,-223.83068451343365,151.4764508479635,-172.16241679783147,152.00558430627996,75.86816843348794,-170.16897304360197,-79.76444767919911,233.98542961787933,154.70353351740022,-258.3766910595387,-49.259341464054614,0.0
6.995304184165021,-1.1148768514036471,0.6138371379472382,0.9450093268518274,0.2036542360117699,0.09596275836991561,0.23722030546215178,-0.029023999336984078,0.38065455842464024,-0.23830512316921912,0.43110655530081915,0.030817023261383976,-0.02302521438610577,0.5690182310332548,0.09573718368118339,-0.3341777455564114,0.31783845390387055,-0.12711306804794228,0.21371797075977864,3.209431864957026,0.21370911050134284,-1.0763358186075567,4.553089736427627,2.042671657532374,-1.5799776173714724,-2.3262524612755238,-4.794120738234657,1.9506368232186095,-0.39737056325913295,-12.241046243963726,-3.23726159974325,3.3418468275375526,-1.6017071666272793,4.952358522579331,-3.6761841707962075,21.724156355771097,1.7853533664617816,-11.179001650290674,4.299692514632258,-0.047035534611429834,82.8634075046602,65.12724456710676,9.260685775166374,-100.08316407886237,-164.02520718019156,62.669209629502134,-166.38561808052708,180.09668861506984,65.64236298080142,-174.36805255240338,-228.61251676749043,-138.08534417237527,318.9015127461716,1291.7628816649592,221.37669933448043,0.0
7.057280326509168,-1.110727609921525,0.5912604239957382,0.9336304999456188,0.24313223692303715,0.13609847635707276,0.22516218526515144,-0.11053286941963866,0.268374980087705,-0.1789135505294746,0.4203051486896642,-0.08722506226065814,-0.0669812773549505,0.5951109583671781,0.062210430017574134,-0.18805002772507215,0.31416256996969216,0.29470642858436696,0.2412672901422887,3.037555275361827,0.2142426019097255,-1.1841158919407027,5.359949591096706,3.122328276914244,-0.9392884390143474,-5.1340697827708155,-6.319008195120529,3.1885539717285267,-0.6719045390377684,-3.751097878793187,-1.7448179616453217,0.6014312326857968,-2.094834245978999,6.513389920556999,1.3144355937599552,18.412101723294363,1.0844464173788857,-4.654955006448945,1.2422371553519918,-7.272059273094504,30.40458898277346,30.991943190982205,48.920240088038675,-87.14952926642299,-71.70470250654864,-7.035069706700469,-26.97770956846664,120.66068967428018,36.23056964722093,-21.723346428622314,-54.82400002947361,-213.08716049536812,71.8475728045729,-357.07193033308374,-30.102992268972848,0.0
7.117533454644097,-1.1071843409995055,0.564603740487139,0.9150081072699006,0.2838268595034994,0.1781454219998129,0.22464791580436377,-0.23276515310172557,0.1509772596456546,-0.10814357260569721,0.4053171257979852,-0.1049153121146714,-0.09598943678371351,0.6053187141122974,0.03895103549331849,-0.08441089173940015,0.36832061403471067,0.5716066968955287,0.25492924394534744,3.0093033369534914,0.1571913179797373,-1.4648032016010617,5.049561397083204,3.2428874166183452,0.5781026946530277,-6.519161927864847,-5.661941067510806,3.255321756160259,-0.8458564017150574,-0.16202049457001955,-1.219277521578572,0.9001265006135772,-0.46798175585766033,3.5464172819275914,3.0832916016937477,8.029104779227252,0.47833006754386687,0.7458700240097368,-1.519904044756387,-15.457409032801563,-18.48131391686877,-12.689717628998409,70.7469290930477,-16.391721857362658,16.6670607354029,-59.18318646173584,-17.012274265767324,22.201394307022067,23.795097906196627,68.42575392088477,76.9876484388881,-189.92917897454487,20.675540805008612,-1095.9398755845777,-17.99003164579171,1.0
7.178237503025011,-1.104212424045352,0.5321808265287531,0.8916529306299006,0.3234777497513594,0.21354598845452696,0.23391303411713968,-0.35963250986153705,0.04066427152232108,-0.03726181287715082,0.4006079875145705,-0.12913338220105622,-0.12447619875627691,0.6387291952419774,0.06350970751249853,0.004373028931920828,0.3974693424839015,0.6119267133019246,0.2483750228978311,3.055757251864717,0.14544988965304712,-1.7421000603661028,4.8341841501037655,2.8414584564060816,1.425369220886933,-6.000545965944174,-5.542005221101157,3.330687565994992,-0.12642962225993618,-1.2722744564131254,-1.2835347656026217,2.149999558253432,1.9795884425962493,3.68220147747755,0.4436145988838385,-0.40140875181646907,-0.46283795110768017,2.11489243621807,-0.3650263905085561,-12.977347232020707,-9.136476457774869,-22.72523670747151,31.093248483439726,49.37369530160648,-5.536847404213553,-44.799976946398424,-8.602244080104002,18.40134426876408,22.941107763267837,33.204359304529,48.039531808302016,-155.86077594273553,-79.13594711013988,-127.08533599321285,2.402577125452573,1.0
7.239921095795808,-1.101534113030359,0.4949256821718887,0.8658972377232215,0.3622771413447802,0.24325384763575789,0.24455022423369216,-0.46605658394923316,-0.06466669547495718,0.03860313835322453,0.4054615800725277,-0.16718856571711826,-0.12977568625243682,0.6778861199003281,0.11373348271007583,0.06650860483122359,0.3928507947670411,0.5931810906443178,0.23727258395582268,3.1097074452882825,0.12212129108292537,-1.9555062223595714,4.700787108077977,2.4627055339272323,1.3883827898005194,-4.6612658590528655,-5.150107115454154,3.6002168459922963,0.23103519150691407,-1.7821751753793391,-0.05508891596501693,1.6412445978774328,2.6175379582723095,1.9257667435641057,-0.49254899158069715,-1.0162729052969344,-0.5037959351578702,3.0890322441189486,-1.6807089995562348,-10.021398171858376,-8.352766006115079,-19.83871899447715,-7.067805166021497,78.78855403172113,12.263520353565882,-50.288681260787094,-16.17693498788327,31.750097421475093,7.089009191173435,-47.313600110998124,-2.0314220555728366,-156.34238104868865,-9.796100599247573,9.869437617067653,10.51684593193407,1.0
7.303589262096411,-1.1009121989506558,0.45354613327108145,0.8394011949077698,0.3981074346397644,0.2701661252711195,0.25283664534229183,-0.5269395300501534,-0.11351329820047976,0.13072899793638257,0.4657682612185872,-0.2292528717077489,-0.110545256982218,0.6901153077312461,0.17436218221100538,0.08900185489772967,0.37993880543189407,0.5716487138630753,0.23395313268582535,3.25835415865032,-0.04107540752655833,-2.1396667343077236,4.48859773650498,2.3334877743107487,1.165601188936442,-1.0252966895714555,-0.8664165612296469,3.7257044107512463,3.621136275525018,-3.6259290022116613,0.4906858493743186,-0.2641248827124736,3.030324175314266,0.15821408792621836,-0.7195534384919926,-0.9659168323373041,-0.049438178331241305,8.146252517312073,-5.9072190622599825,-5.514023320563795,7.7772745735916375,-8.125436183981474,-11.454553166094822,254.50862532053466,32.42106277936269,-250.11941213149896,-222.67749434869364,72.57683140505546,-100.91983674801399,-96.75699288610593,-27.698831415345897,-111.08175747373853,-2.7992463565864005,19.532231598912833,6.0492972179156705,1.0
7.369919755170689,-1.1032772869955418,0.4098225617041493,0.8092768432249565,0.43341543510350405,0.2977713145310565,0.2618287529595179,-0.5108659618565162,-0.1439576972169042,0.14957191855720997,0.4801930951316809,-0.25841425880034274,-0.10816947595614147,0.6521583475052707,0.23307066240691784,0.07229660755052755,0.3535434421800764,0.5349273286698842,0.23406479532649133,3.3522222367677075,-0.17431915526581138,-2.239239055938965,4.680283880606325,2.804578090501469,1.4870128105925033,1.9629569246630374,-1.8714292994193753,-0.3533692028838064,-1.5987132110456814,0.13263689593151512,0.14749210968220966,-3.27120950044007,2.9706246488501766,-1.1296343862527949,-1.556261073100837,-1.8857593531521684,0.0358234390867178,2.779803575984833,-5.503995704433184,-7.456837284216617,1.839461863193666,21.17729031689689,10.097760993375335,94.77819162245905,-17.803465206856266,-71.41523868572058,-219.73023793396354,162.18797410706892,24.594552312655026,-151.8707432587749,11.035903168675462,0.16949329715557226,-9.654544347864249,18.978432418493135,1.832062511559346,1.0
7.437584911727785,-1.107972645977632,0.3634100952110717,0.7753367724199733,0.4661054143680438,0.3289661097480876,0.2708873025215151,-0.4455272488878509,-0.17834104958477928,0.1412466257342162,0.3891971518858983,-0.2298326113269144,-0.08962705598963383,0.5475469907775098,0.28783219183470304,0.05121029952726072,0.339652419179873,0.4140499622300544,0.2435264232574405,3.3915361371075456,-0.2702422304494949,-2.410270214028136,4.588557568447498,3.2533833436024624,1.110282532965023,3.734202934002605,-1.462144589389628,-0.35683257779086586,-5.159295405810545,1.9252683281615792,1.1064772222621755,-6.523779282291526,2.6475078401458556,-0.8572181911546142,-0.7419770421801234,-6.101007123372874,0.4872906345740121,-0.40247351455418545,-2.8727199654895847,-11.13514485287603,-11.67517346662059,17.38129871843379,-9.942652389260774,11.377739790221854,30.765441631658327,1.1008783671315383,71.40429374345446,-9.681064619487557,-15.273209878867952,-124.78419694406854,-8.845317589039317,25.996370588113308,-33.96684026471896,97.93888710411524,-7.986368653265555,1.0
7.505879669990455,-1.1129989013098123,0.3132184250904198,0.740042349397972,0.4952050092627497,0.36250935282242397,0.2751295858588789,-0.34820816884163436,-0.20228899430559544,0.14995332507316741,0.26868054367575583,-0.18952072621936003,-0.07579258070722501,0.404214293953391,0.3209428092392418,0.03361339699108563,0.3119639758169936,0.28780811176118565,0.2634056993545943,3.4136256309206416,-0.2334391079076104,-2.6010306175726927,4.69466944930061,3.117545906409199,0.41457016899576343,5.2092002948442095,-1.0586810523370171,0.6135095232049625,-5.126075991941096,1.5887558240250068,0.5160563806854326,-7.6530680576008185,1.0796762591284912,-0.6016508974752045,-1.7746648548844621,-5.623467349353903,0.9447182109506151,-1.376046116891708,2.230756249980391,-10.590862914434313,-0.08482150332931493,-5.074623186682621,-23.66040922665996,6.8119913713151465,9.845133655810658,-9.554167396380613,182.5509711454617,-49.98634282947804,-12.997198604807672,-49.505452578608704,-52.75675029733239,42.35648031650989,-28.63219747168271,100.52163690714393,-17.929021154010382,1.0
7.5743588376424995,-1.1161557569317644,0.2590052360878124,0.7047622618072367,0.522752972864874,0.3953506221563336,0.2715462561956726,-0.22439659210421414,-0.22374053342596847,0.16971311581506535,0.17570908452473827,-0.17888203180138418,-0.0846861043851933,0.2614095714794595,0.32018622407502234,0.018944827148302045,0.2503871667169607,0.1919038773148953,0.2692038402234783,3.4123107235683223,-0.1054427839144156,-2.8037661194561583,4.880167457090477,2.559177077831912,-0.14642828537632288,6.5272845130295005,-1.1058835611528244,0.855126055700534,-3.353575606536764,0.1427845093835146,-0.5459475327981003,-6.997829170043295,-0.6300531044723098,-0.40909351690260665,-3.302780883842125,-4.182188187823189,0.022294613945944064,-2.486698786174158,5.296438437775992,-10.528917903053005,3.2678213666258875,-19.503893360171947,-21.74412883464943,13.57255760859838,-2.4491465882404246,-36.6010787907337,183.06831583977097,-18.882350527143267,8.424842939323163,1.6385873545941567,-47.967525114405476,52.21973251135368,23.712753038847172,68.2004952122765,-14.752324830814757,1.0
7.63475742327376,-1.1247717009871216,0.2120549872261759,0.6611012513661166,0.5605159153407083,0.4068425204694174,0.2885241889859768,-0.15468521689310516,-0.26233391589706373,0.165752362182244,0.21283199137450784,-0.1988647606726359,-0.11089409262034644,0.10766423994202994,0.2876644299878296,-0.029164647161181032,0.15694242055140845,0.13787212678812027,0.2679865286108927,2.2809079392052722,-1.1510656397805346,-1.3779941053058258,3.6797930362781375,2.7984220708125456,10.109737086134407,-3.782782915476324,-2.0875457864384095,0.19199658255491048,10.989032683381412,-0.11333596005146818,-1.3502725825486597,-8.73709174465528,-2.31041752383361,-2.9774153446771985,-6.875141215365848,-2.9332995198268144,-0.0646617260464012,-67.3923208569751,-60.000124544580785,79.54322974063959,-90.78010767128954,17.48549420160845,699.1047162780277,-737.1993893913357,150.93466082232004,332.8742774548807,443.30963128434075,403.3697364482547,-3.2282249375095664,317.1063601671614,-20.29006203694966,617.7452034871785,-607.6935617956682,-158.99508270706738,0.4979202655657595,1.0
7.675403498842864,-1.1505838556416488,0.18665287847543469,0.5917385645802429,0.6189423596583342,0.35819976124582587,0.37208702967521073,-0.2606925899087013,-0.26770998851981265,0.24577852779392156,0.29716028894430097,-0.1877207820469676,-0.12399222381515827,-0.010961280900982008,0.23855098522859064,-0.0046411568228249865,0.04237726612343264,0.05114388739945345,0.26879782293403276,2.0324170982261256,-1.2181523271768702,-1.427479421105579,2.3004852327984575,1.9044819204661445,12.651878884675238,-4.175204345828902,0.5081378928239221,4.601888003724783,-1.711588547336404,-0.40923317027135403,-0.5158289063811662,-4.106266822891179,-1.9795170151324948,3.727925005922013,-1.5393248980366356,-4.010755912162034,0.06307865451251582,5.707847370735898,12.463733399331794,-20.847388956140193,-65.3913541583965,-105.94140238482994,-47.26064921945319,155.99919853890194,-1.9934196955681553,-147.35313957515316,-436.21087759554507,-160.81835293273397,2.6097607710485144,149.6148496115507,43.85500885852261,64.97133673533432,548.0384874303792,141.15223200822913,1.0787998184082814,1.0
7.699563185434405,-1.1700869846154056,0.18208069875763955,0.556993932672977,0.6483022624185225,0.31876084257874254,0.4096992320556713,-0.3243062989189031,-0.28711232847189366,0.27653693314558375,0.21162158393065364,-0.19778290982769697,-0.10932745382095702,-0.06727939694317067,0.18230556209146392,0.11464850462953415,0.12803239492932258,-0.028214638181028796,0.26885232747634785,0.7283425082129817,-0.8097951532774296,0.45472568877473124,0.1747764722800104,-0.8527431799779094,4.086905495463424,-2.1532240209892084,-1.5132487059505166,0.08253696752809297,-5.463008227515599,-0.6814741536420303,0.8590606542952711,-1.5206274543575122,-3.432284447784879,4.784281942188918,5.768146776732386,-2.4232966047929283,-0.02795491833971398,-24.188653086344402,14.779154737258493,32.82266876697886,-57.47202590110416,-80.07240675214732,-133.8480205057869,149.61916005983315,-32.06252244593905,-125.8442552478237,-116.64701508937311,5.730495923477803,-12.646956109141573,144.6759044346724,-54.31503379069056,-273.4362710557348,6.523577106743896,163.47386150125251,-2.9006569320775317,1.0
7.712642323262107,-1.1838576673826047,0.19298143321288722,0.547839418605049,0.6648832361530073,0.287288477747168,0.4186497154649717,-0.33305444325275524,-0.3171963821292405,0.27163498141597586,0.09530429904496972,-0.22050677982644723,-0.10570282693323192,-0.07161235129591925,0.12170788175230084,0.24221595516133,0.25236259906490016,-0.16759500900379629,0.22570508139305673,0.6761817296915408,-0.610232260396852,0.49170005394464744,-0.22138384903749753,-2.119479428545195,3.338218834280964,0.8209010503136045,-1.2977697997144906,-0.5102398750381372,-5.17662561457944,-1.2716572974720006,0.02789866421635777,0.9999254519473351,-3.1559890507605646,5.123209606221503,5.334559281283781,-6.771021587396748,-2.2573803854927563,4.79898681122701,7.2178722677308205,-10.02094484742,-18.612350198088993,-54.29473002839635,4.7759519537084705,109.54023651738301,38.55173846837381,-26.747253104823578,146.880466012494,-3.5530033928700533,-4.949974945159156,126.07987678091939,-33.71193482462014,-230.3106570627514,-151.27833453026815,134.24011987062087,35.90728795222713,1.0
7.726871122552635,-1.1951666793858156,0.2004713547823981,0.5433468782747635,0.6821972585479475,0.24970513863999455,0.42074744685561194,-0.31156704872936614,-0.32355779142345137,0.28385040092666564,0.06425243665646027,-0.1930399370784003,-0.11146185985414772,-0.03330201803642902,0.06162987637740908,0.34074721554324705,0.34089236079270124,-0.2808695060377292,0.12488899634495104,0.7448282005810186,-0.531436674108803,0.2857577626288979,-0.521050793731711,-2.811013595555639,3.225267134738919,1.5220597003171814,0.2416030274891649,0.7317804397977754,0.3683395128643014,1.9658333277552231,-0.2792638260663005,2.5719819647984887,-3.2451287604520935,3.7104399146978135,3.3717338319878065,-4.6061265284342845,-4.809018895391535,3.790207745741316,3.3211488666742843,-9.62332731217534,-14.587183202224052,-28.73575007334935,-14.516532869244092,63.88042306230377,52.57341608746208,-24.183402947854432,135.3104364796079,5.254849896280199,7.223627422201847,56.78804835170567,-37.156868905457166,-165.17037321998987,-120.64460858453295,109.08291873991229,90.42720928993133,1.0
7.741802529123157,-1.2053433513480787,0.20302488980745506,0.5452835427700035,0.6953941139349683,0.21424250651858437,0.41616467016005715,-0.28328103171777635,-0.298792886941673,0.2751910737422249,0.11705018493603564,-0.1511084068289485,-0.11532494240018004,0.012556474808767575,0.003914936057998812,0.31278235830481094,0.3752448042471071,-0.4627582376391764,0.08019259432080802,0.7473074850808208,-0.4812270949212619,-0.01697308648530175,-1.0444103323904175,-2.8453765610859776,1.3471702247859851,1.7111309973023838,2.2380973280341943,-0.7190803085873323,3.1238446673014297,2.0634213894587887,-0.15520787183402587,2.0537723974704023,-1.7298193404084632,-5.551881366955028,-0.4754902633963861,-10.275787075957203,-0.07765455169724661,-0.09130670331170104,2.412362755341044,-17.014610275734498,-26.097633216055755,4.8558218613386,-138.8419418782919,45.24170264678248,114.89062797897891,-5.576003932588076,-20.29666118889371,-14.456344583854268,4.344515983666195,-42.98432080220196,289.57001613020816,89.97104826554164,-104.29992691803511,137.25748393609115,-45.31578623219606,1.0
7.756569571294955,-1.214946680554556,0.19921272721297123,0.5594379997442726,0.6995177068193188,0.1939350408675875,0.40011661076748206,-0.25086155141639954,-0.23413636821370706,0.2361623314527495,0.19570884913008643,-0.1014820728142727,-0.10129277061657008,0.03511941461869723,0.013215318600546215,0.22852720492256595,0.36518850082239834,-0.6586302894189696,0.031378160567112484,0.7342945790707048,-0.48121262987984836,-0.3162079182341552,-1.3655991397510194,-2.5913626204519313,-1.0608686446112812,1.9485111230592498,3.9827754731241223,-2.0732983314962685,3.6162172205353067,2.446604684895693,0.7614500079784305,0.29680009638743354,2.2499007021639414,-1.6285031029360884,0.023691190617656482,-7.859321009858537,-3.1754430910417,-0.32945050132445736,-0.32656083792080626,-12.245290104421473,-1.3696580123794488,9.346035882932417,-117.53952343929794,58.50894457732943,67.7139106227035,23.55709207026898,-85.30295387320693,-25.053022251221414,-9.807052455788845,-94.15452247745066,161.11514469163393,305.85960130452594,81.01008970484247,253.3362411285463,-45.88724846252422,1.0
7.771265597266374,-1.224839315562929,0.19058469178547882,0.5799762755186753,0.6982689303555967,0.1849513862931069,0.37661785067066994,-0.2160538051549025,-0.1440675666487671,0.18351087022476867,0.298330011197501,-0.05709769249592198,-0.086453352630451,0.03051237401175075,0.03877191765285448,0.1567227714563439,0.34999020879148907,-0.8027737960015681,-0.03670387110471549,0.7402949901212307,-0.5013312085344126,-0.5163284862827984,-1.3958100977157166,-2.4435027244472907,-2.0514611093991606,2.1207443052129484,4.907600629586613,-2.374697815678218,4.873736164120008,2.1436503648237832,0.6549275882899543,-0.6429026429025118,0.9729340935462172,-3.375434643448771,-0.9074646980426119,-6.178113627460749,-2.960950028051279,0.6614012645293506,-0.5934097974041149,-8.721023039501217,7.47662302586038,4.552939774933393,-63.10365701343449,68.55801990210676,35.71388248292623,52.90984453341289,-104.24350008175254,-17.15016987106359,-10.163119472303052,-46.79183203142628,-12.114725700690995,115.78135357972126,10.765531777621321,126.02995373015867,61.98359921638632,1.0
7.785351865952409,-1.2345659907889281,0.17905257584726145,0.6017888269733536,0.6940103079378763,0.18175058721131707,0.3509510282850738,-0.1796330953815751,-0.03888151486089538,0.13468249975653077,0.4139011158607371,-0.01573084363647671,-0.07459958818935185,0.00784847045395729,0.027657567208075332,0.017136234105925546,0.3292494258026565,-0.9068299476585652,-0.06866108115479867,0.5865277206841905,-0.36634763559625527,-0.37706038656631014,-1.4369732535690454,-1.6873018380022036,-1.4495138161212837,1.3082991253794147,4.498881238077619,-3.331937745367024,5.742553978739899,1.8599746815779163,0.6323292101229572,-1.4915884983457228,-1.4751092097630683,-7.31408266946406,-0.9494438685887499,-2.2643052264822114,-1.0714967080431412,-30.443037592288448,32.737296963994375,67.94066875160244,-6.541589335200401,128.04640109143463,240.0267190114213,-161.32744521513138,-252.92207431562687,-227.70615960644437,3.7145482698774197,-43.809012346760774,13.420217690081495,-49.98580053935526,-166.835939129582,35.568812835566966,10.785725333465527,345.7008044849871,43.127910824386085,1.0
7.794400750583262,-1.2374048233699666,0.17818255909443376,0.6155708428380611,0.6888370968721891,0.1701824926231802,0.342948845492872,-0.1498232899392138,0.03874518283484407,0.06789967085322261,0.49481924531656946,0.021008083248521863,-0.034157100090154977,-0.02768237239628023,-0.02004471745297231,-0.11009123228622293,0.3627248625401425,-0.9012374996746494,-0.08046824283299835,0.4274553177668212,-0.03282722990460021,0.035636378232981936,-1.6029835728518476,-1.3378028437388925,0.07492430583700826,2.1678032647622167,4.361905916195013,-2.1523004974231017,2.3583037948886254,1.6345733568226852,1.944432907272986,-1.581895891128277,-2.2141174806319803,-3.7588823894583188,2.5314682932841146,1.0827485624743447,-0.49089760877477817,4.558340920109074,3.9107289346281884,-10.560507874735466,-7.97007512489607,-27.90843083423025,-26.038741354226563,113.79770374341588,127.13643604006903,193.31049873483775,-200.73844023567744,-26.51473653044185,-43.51595307514935,42.70335216533436,81.77067558311504,354.0774281328485,8.168957315695001,40.09265230472422,2.2048577951311525,1.0
7.803496200433941,-1.2370681704129334,0.17685031194642117,0.6308993791480348,0.6838399310014088,0.15715807312933347,0.3311046091628546,-0.07120725660600531,0.14219325972489044,0.04866086056918455,0.4807692162723777,-0.003382436324534271,0.044037956499923855,-0.0755543679802213,-0.06341294788439751,-0.15453619844032956,0.5060913179545615,-0.81169584756452,-0.10972920626781996,0.4775507638323929,0.07605292242554217,-0.1587863679669844,-1.6417274520332146,-2.0246550301062163,-0.6458715075743414,4.911761607852857,5.5554814330227735,-0.8236267164854917,-1.9104354401227628,-1.9174395413997203,3.6842418584542105,-1.791686313170489,-2.5574129079264605,-4.777501489253367,7.481013039978039,4.948424077252162,0.770797673284694,0.9453579455551131,8.523967074477614,-12.012610862420352,-4.4467845555352135,-31.39314684143374,-33.815357820759644,77.22227407610391,32.74139312681218,-15.103730901255998,-41.707783226739714,-11.205465831812779,-72.08009006526181,152.06713580867935,-92.51127479802861,-863.2586735413257,-164.30606495806552,-27.742022812698153,516.1305631686932,1.0
7.8133904572734325,-1.2341427362775592,0.17086724507229506,0.6493489531504655,0.6788005667421189,0.14379513529955162,0.3112855388500339,0.04897713516275956,0.24122144352776037,-0.00885247499142583,0.4118894274133085,-0.05777762073684056,0.14298865098778057,-0.09745289820418286,-0.07376908931243158,-0.2489712865002562,0.6441053032024849,-0.7007172203713197,-0.10339907386873909,0.5034814686184599,0.18425020254136967,-0.420032624229078,-1.7847380918072386,-2.4602850595395926,-1.1214981355415818,6.301803459994407,4.765431074678377,-3.8143812493072273,-3.4246594967715183,-2.7035908062306486,4.51612136197503,-0.8126577313889679,2.020608990166461,-1.2972499038812217,6.744799194863838,5.013339728941515,-1.5426648282406141,1.039991881401818,2.38616561364048,-12.247330956847609,-3.748802428656723,-9.347430329470676,14.789805462602251,-10.09831734639932,-9.974918990075533,-49.48648986112263,79.96463130284842,32.9539991775909,-83.75046972134834,27.016762155106054,256.11492513942505,483.46868314300445,-41.32679888478381,1.830338349927878,-235.9192765032376,1.0
7.821092596202962,-1.2288956571223955,0.16752797099321187,0.6631750697933096,0.6778026140629921,0.12933988066412447,0.2899200552631756,0.1678958777676779,0.2895999970186821,-0.12828985894845268,0.3783726045598985,-0.08815912192961418,0.24898273453279224,-0.08776904798579008,-0.03734998121729536,-0.23979577259517346,0.7312346418812199,-0.623798876090463,-0.1654002900178164,0.30210640323780424,0.2939810134899648,0.0009772927390919034,-0.7249617828369757,-2.552046244860068,-0.7455363883048852,5.5560913542215635,1.5571877474499112,-5.179205893360366,-0.5064222181730571,-0.9557100201730461,4.682725243235513,1.4003555391615972,1.2723787070869685,1.2192584930546402,1.9962860456773126,3.8031374534893017,-3.1651666230206974,-5.855291414074413,-0.772962804003503,9.83834503299115,30.039305223230087,9.038124972018364,13.569798451132804,-64.29010593836017,-10.666768811060539,225.01962767955777,98.26999875118103,48.18357137849052,-100.31820448084243,87.64857845693793,-81.86735750523167,54.00820594865259,-335.244402501528,142.6731191891231,46.64001396651021,1.0
7.826727528978437,-1.224447137173714,0.16911287867001817,0.669406567330603,0.6823757724612387,0.11608920068146103,0.2697803741151777,0.25934367877564235,0.30132817734271417,-0.21687387563357144,0.3971560602770078,-0.09547136929760354,0.2848816824887102,-0.019585220641883023,-0.025076325791653552,-0.22606085176546184,0.6554577882869042,-0.5550724008432193,-0.19806996691005113,0.25863778532946324,0.15048779183379066,0.11414142663212042,0.09964847643752235,-2.2155802045775808,-0.4293996036460704,3.5643153666970404,0.26215728731159854,-2.842907537221355,1.5752131132342686,-0.10136822210698077,0.3096581982238672,4.120541996793568,0.4343489377259424,0.566345222731968,-5.779935682570966,2.700514040634401,-1.2482389268716998,-2.6241327129423277,-10.03790135728793,3.4305356796769644,43.87892823519873,36.748181732702335,15.646694376958674,-125.48944211398633,-34.47507008048259,195.14163950895207,30.690470804986724,16.930741880419376,-86.80247080597213,47.69223507881681,-144.85389108839058,-2.768478990503895,-358.9793617403372,509.63536856984064,50.353091950851045,1.0
7.83218912646649,-1.2239290408153294,0.17292488541496523,0.6669116057604538,0.6924162193753214,0.10711610919992416,0.25360368372298847,0.305360422469545,0.25909490859558254,-0.289696715294968,0.45952916327819393,-0.11541704277512638,0.247986314841372,0.08929129020898757,-0.040121020134226804,-0.24476904841571379,0.45628562298899294,-0.40504357736819874,-0.20543480351931542,0.26691085997748787,-0.06599677242400331,0.25692990516389697,1.204090466945114,-1.5035683531283266,-0.23271009359148048,1.1779733010103066,-3.2201330091635323,-2.572512554763579,3.3557459910457124,-0.9193527351246522,-1.9359904955746885,5.329833892716803,-1.306491658791088,-1.0323015543082326,-10.520981767427859,8.28644250692543,0.04807583686681213,-2.2140263802422284,-8.27071749777163,8.44750203451316,16.657625664721962,74.69030752286604,16.349956554374995,-150.55200102981865,-45.97849920485917,192.70430359625448,-28.43735183445869,25.73102898165272,32.8877308167938,-132.43051586995801,59.635178741866596,155.68228968786568,292.9535274508153,-717.0068802401087,-105.83053936169479,1.0
7.836743333322772,-1.2277886724198541,0.18029047796484157,0.6568441581525026,0.7052037606640368,0.10648219255839105,0.24475487842775984,0.29527184749163554,0.187646296616052,-0.26773537761886984,0.5095526288705777,-0.2809313919588976,0.13598159205065158,0.16655812357974953,-0.06948852153996249,-0.21487566876856865,0.30351463974064213,-0.17975236529350222,-0.17695920703079296,0.19243649494700668,-0.29902117270457734,0.44972577543696746,2.0097442282503017,-0.42989505903761116,-0.1631375420616918,-1.560004697928365,-4.338856900684111,2.774572492369847,1.299668314075168,-8.829522257610726,-5.452458859495747,2.751530061773594,-2.026240672675455,2.9075328836230545,-5.4985012739307715,11.178359585034674,1.6083067272784932,-3.81971367181025,-12.29918879448728,9.782655946722656,50.216079360780185,42.75569651972038,-1.6670500783098006,-97.57738981971879,-133.37142099136952,81.06676818029156,-139.14119640509452,123.80059999308752,98.95406837007073,-73.81508877090837,-267.1766157633954,-271.7987565179961,208.62773657861115,615.2095097741168,90.46435871362256,1.0
7.840314959659198,-1.2345304622321274,0.18956339751879783,0.6427588219617045,0.719051077968267,0.1119550635234172,0.2393589518161835,0.2744475304241599,0.1104955027634074,-0.15182224988110823,0.42188057480720786,-0.4221555493859762,0.025707961012976212,0.18862966859090768,-0.10608363268168441,-0.09934529498867943,0.3010283805691774,0.1022211431352989,-0.053295122188789665,0.13542382697065292,-0.35705297870785146,0.47522617089206015,2.0374647049405845,-0.02898112715225106,-0.2298760178412639,-1.2226095267710577,-4.308864129803613,5.897270523181649,-6.219899604975372,-6.1406031296948225,-4.814721551964355,0.6557199636138002,-2.0981082040898333,3.0756264256690726,0.3617234870115247,11.527698132156011,7.56309047509169,-8.181993172886045,0.43270721253498323,2.9784842873694775,-26.678436072208846,25.588354374159675,-2.8636967592204097,-63.345229399371945,-84.38199917849595,-125.9949601728798,-26.354732598848127,86.65935108491166,96.74516285645348,-49.83827550451975,5.482796487835658,-382.2893753686378,-90.44376965438897,-337.8152701677412,-81.61098122938591,1.0
7.841037495245443,-1.2413584838538465,0.19818423419732276,0.6309896082819509,0.7283824635203274,0.12212516758694397,0.2374795665275431,0.24470513767903906,0.0216925567720908,-0.026770470410943378,0.24581752097303097,-0.46060935774709477,-0.04126022221192285,0.16345726495685503,-0.11237204289554592,0.00444184647290486,0.37173220782189953,0.18648661008065778,0.06625228117539385,-0.03871523966998877,-0.3334448109134093,0.38312019431217365,1.4704296035302793,0.6017925527738479,-0.31898869483735803,-2.2139317263173757,-5.006881115043196,4.771703749884495,-8.50642555171437,-0.9280331262260783,-2.6229580741902514,-1.8333638532220364,0.6919597321816922,6.164405800264521,5.306350774420721,3.37901076171213,3.950184167251159,-7.003540446575959,1.2911361910477395,-6.400947921785062,-27.115366398790336,3.066413596503729,38.2184824431587,-103.68546107846299,-63.46237989196309,-231.73955135648922,161.1691312576806,21.66504441631911,63.62558971642647,24.38653357171438,62.427980007041334,-57.17064116265913,71.0455872349662,15.467192251215899,-147.26460139565003,1.0
7.838661303852226,-1.2481205507379012,0.2042652213853799,0.6217571448379373,0.7335375612045041,0.13059848831224657,0.24142231461834848,0.1705130496066152,-0.08260968419888627,0.049286950024515115,0.12387798274166038,-0.4131666853045509,-0.06427590768355086,0.1374086929586393,-0.09630104968773945,0.08578619881192585,0.4370449326714771,0.1559962621723504,0.13011194780911448,-0.17408518229781322,-0.3344320731033936,0.22886510530118215,0.8495559137151996,0.9354128679327124,0.1277750756622436,-4.805278693091265,-5.243615379343252,2.8324543463826157,-4.149044253013466,2.781888309633627,-0.7284455599323661,-0.8795663945124175,0.9117197019551575,2.4110337633925654,1.6071771783677147,-2.481503635572487,2.5995466495418507,-5.165836321157713,1.2671029960755265,-9.166152521058754,-36.07941584545808,9.37078279676602,24.34618219432859,-103.44193439744582,11.634229909975511,-102.96757301799653,188.30264791218073,-32.94622288666585,20.337406147119427,42.05382570978876,19.110209692677014,-164.15231855303688,-158.211783655087,-0.00607805867465494,-59.005392112045094,1.0
7.8341697918349915,-1.2546357244463962,0.20585420942192206,0.6156855524859154,0.7338892366138473,0.1365956228284624,0.2523480229099544,0.05552797978035626,-0.17339453836240948,0.11504618685395504,0.05394991162859546,-0.32806734295382545,-0.05853214145643485,0.1106129964882463,-0.07003964680334893,0.10662790515431815,0.47589968779106334,0.0531786613840369,0.17047959106141838,-0.24246896408478558,-0.310422466876579,-0.05638247300760921,0.15260413509990278,1.406262732051556,0.7001597371707172,-6.365024133115656,-4.086859863285959,2.748610452678735,-2.794024512923378,3.9924304415336445,0.41935499293445333,-1.3578048962599287,1.741057808936434,0.10427772639704255,1.4955658420205238,-4.98223628483188,1.648206434158156,-0.5572801376890973,2.6717488809232606,-15.099613235985617,-36.25008039049415,7.4343686630811066,31.94786004741667,-45.06607814349365,46.12644833358441,-94.88477581098547,72.08471534518999,-76.81504151310787,-5.783531710011331,19.038279265314657,53.79791624131698,-82.32920845080136,-74.28455404789997,87.54147179631585,-35.31741863970136,1.0
7.828701741335399,-1.260052661169344,0.20190712930763685,0.6151121326449915,0.7283771197303514,0.1418779652345902,0.2664103577324655,-0.07772172458545831,-0.23028873120748602,0.16909069005738697,0.018809423887477944,-0.20303518911777776,-0.004584435959590535,0.0640733207293177,-0.027094762230477302,0.09796108679976308,0.5454817133309763,-0.12844526768704337,0.164776878464174,-0.27214536401137385,-0.21715953467194016,-0.28072788463154247,-0.789235183294051,1.4089912955869366,0.19907293529505893,-6.461171675117209,-1.9491381003881232,2.0096082284384718,-1.1973950279117176,5.931441355942802,2.7013478842756795,-2.3672565223475437,2.3748737440238195,-0.8840017954448098,3.4017513035057116,-8.580923567023042,-0.5486827075396273,4.370463572849022,3.8946184648089766,-14.213236293070116,-39.7424839390446,-25.302131765475725,-23.59620522954366,55.690765674855456,102.16017287680009,-93.21066046173851,38.90872236795807,-101.46888980245585,-53.58657682629292,40.14105046963161,31.52477617966397,-24.84203704268247,-92.53027111844966,172.10665221500827,5.229212314914342,1.0
7.823367504840687,-1.2637079658268897,0.1941195457830676,0.6217732060819453,0.7173918873376678,0.14844979951438622,0.2769650107952558,-0.20626583749407082,-0.24122067455663257,0.2055936448096139,0.023414523171650412,-0.10729530695523805,0.05131704608794581,0.007266759187924195,-0.011514383700706721,0.00370793170988426,0.6267493175276737,-0.33477364837794893,0.10664076616134603,-0.2423759829453244,-0.12162579154116487,-0.4333248104513743,-1.4654833685249085,1.2835408423918708,-0.4133771954392133,-5.9475997721079965,0.44079731236092257,1.231398254055577,0.5384540747869779,3.963357905643081,2.4231361923639394,-2.6693383147388507,0.2469733667959325,-5.597245708057531,3.624854393789297,-9.265913119795098,-2.8187398769447007,7.136689915069832,2.7751924741665617,-11.586840795281992,-27.359031559086997,-39.66304491380974,-67.56316555894735,119.71447391089369,125.0626237978514,-43.270259012253774,-35.2355145294438,-75.34206737158777,-58.89667396469443,62.58736198664745,11.737913927888973,94.65753092412197,-97.03290515155815,199.92843795822168,54.81971570948083,1.0
7.819985063999547,-1.2648296818590479,0.18408476849366895,0.6350030421795786,0.7028778078896661,0.15315230312596267,0.2815640169590411,-0.30850710265395553,-0.20886329550784455,0.20849769079502495,0.06309015967137223,-0.035797605699984476,0.09895635899076231,-0.023379173856257613,-0.02552242871258129,-0.14259980668411465,0.6712516736805098,-0.4316457114745046,0.037311374897410654,-0.13252993037939617,0.07311700404791005,-0.43285971182786054,-1.9847731101261912,0.597999128960676,-0.468706737377223,-4.262210053247436,2.051542680027722,-0.46757034212560156,2.2181074880341805,3.1449726928542336,2.0854505338307945,-0.6572621132294308,-1.1981279168844867,-7.2404790343549,1.60755493330383,-3.344915334270361,-2.9958476753324934,3.4378743173998405,17.859875510721018,12.899140464200498,-19.118821052701303,-17.15355198192983,33.41712730209055,106.40337692492204,28.732940393898577,-23.301347145736226,-34.735453532331604,-51.21488184743796,-43.340865463852346,86.95619257998405,-15.61291332672269,134.3645592132581,-48.028182755927716,97.06537051132615,69.91494252714232,1.0
7.818514168805535,-1.2605028741694677,0.17575811938114932,0.65191061747174,0.6866352498962967,0.15180178618027249,0.28372662571557045,-0.3708912370572425,-0.15547069279632006,0.16963106048974286,0.09676234597371906,0.017070264632365464,0.1570065016933601,-0.026039013299439223,-0.03639502812932594,-0.23414930379222657,0.7226546271295549,-0.42017754676704366,-0.05880726190879823,-0.0011256344075417889,0.2834440667042202,-0.4698020133062715,-2.51168260084941,-0.16765989773129852,-0.9579191770989265,-1.8197805308734922,3.71416936811994,-1.865850389912821,0.9449281845092411,2.195583774160837,2.6099783303866597,0.4392354504492192,0.17451610380315602,-2.1120837256132936,2.6950841909147787,1.5605084602623793,-4.458294107297072,9.200630209167105,2.9851586201197895,-10.91031659940792,-20.96222747003935,-61.90735032914311,-90.69763104837143,164.33611015382283,147.4626909100933,53.06473484323759,-86.2472418893882,-52.67056037701954,-52.70330424244244,70.66001971859616,78.02282564645688,262.9918637498834,-26.39073079697933,19.461757346257155,84.41833354091183,1.0
7.819384130761624,-1.2523277518075433,0.1688971054859261,0.6729668069742593,0.6709679255307234,0.14755967442543932,0.27412380798341157,-0.3777732511368396,-0.08826196194764216,0.09071236701190233,0.0968755702246978,0.038510147902391524,0.21824741610117054,5.449191856256785e-05,-0.03406681761393929,-0.23054671771958474,0.790806920963139,-0.3637811723890349,-0.13709477607867993,0.06983720132929358,0.49032721094726667,-0.18575979042754745,-2.368145289560608,-1.134901569059682,-1.251128479626783,0.5448151353065529,3.3242709440137697,-3.8100325400130695,-0.4319477995049831,0.6627166664368598,2.7115720513813146,1.6767657601187487,1.6512846536004897,2.777270838233213,2.599762411229664,1.680236577567944,-1.195655619329029,6.373824797344236,-9.290444167748937,24.8875927367887,29.02778423722171,20.010735112880816,-56.38035261976816,45.40415291483356,-0.2594094352761974,122.68572624336136,-62.17251551852549,6.081407252483476,-53.65197363067822,-80.41234896102202,601.3426628141672,742.8681167323032,-331.79079625125524,-264.4638209113975,412.40869413815585,1.0
7.821858295447528,-1.244320275706912,0.17090912579455017,0.6922948325573229,0.6593096808313916,0.1503876436395493,0.25183757904050175,-0.34496679929520546,-0.03270030667828455,0.020991636504985492,0.06825912992748312,0.06119922591816128,0.269907928641797,0.02735398505363185,0.020394074666214533,-0.14828500330787753,0.8148842200710945,-0.35103946488891596,-0.14952081276925067,0.17332338200964115,0.3513142682578874,0.2164868481398911,-1.2810591879746485,-1.5274974175526805,-3.089846315273119,2.4398892436772113,2.824128562837073,-2.671298736142453,-1.413869738277137,0.9384905528768754,1.824393139735655,1.5893969640396268,2.6980503924441814,3.9157227606128813,0.5023708684071027,0.5380961923218066,-1.529822508419763,5.2388250614514345,-4.210147556623157,5.700096012189619,34.8542367509871,-36.503336474916736,-67.22749606005377,79.20623135255762,28.4685006681199,105.35652572692356,45.981177410280466,-32.38674935142301,-244.06734439839803,33.280171713595706,-39.444550367695896,-38.498435399294245,-27.57447138671595,27.008812515718805,-113.8090407846177,1.0
7.826931882172326,-1.237988697134539,0.17615434045592238,0.7097134435326548,0.6517042062457852,0.1566216581727913,0.21692881740741285,-0.2821403613108985,0.021290799074619667,-0.05488650159751131,0.05374815519182402,0.06553704498914288,0.2802087722811985,0.07792332532186316,0.053506743722085,-0.09884159036917944,0.8061210438204472,-0.34306704466987703,-0.17596448024687072,0.3038583428162549,0.30058598464414943,0.28079535978148373,-0.7492753577739749,-2.1917336889325894,-3.5791948870424344,3.5799158060651295,2.85214288542332,-3.3174673382236084,-0.2334480323221133,0.04292212983081865,-0.01479427530119258,3.0052779575286963,0.8448610218837792,1.7331824888719185,-0.7502283348723073,0.39952714905727604,-1.254526535620137,3.7792623321368657,-0.7083946482753416,1.2953117492284878,30.239119107751588,-19.94319672758642,-26.210926046148156,36.5127398462447,23.01188441701253,116.90736076301151,47.561561616618455,-5.651844302131692,-28.378265474427504,36.704553451921385,-115.52759309235603,-101.21565935724458,-17.986471408917534,-22.252550940298107,33.35238545084815,1.0
7.834648664888234,-1.2319121857302229,0.18183394470691397,0.7238825558147354,0.6473512540740918,0.16166152798738587,0.17548774773359907,-0.20070769179932302,0.07879390868598081,-0.12241839372850233,0.057997737272046955,0.10642627033509673,0.27734308928775636,0.15758054852921136,0.05048885505189686,-0.08071619663912644,0.766636217059609,-0.34922506410439147,-0.16892905937079591,0.4395058361748335,0.3017042562595083,0.2903871722462719,-0.2296940838885908,-2.577534178052038,-3.636713653259359,4.256101003898611,2.9586919670641114,-2.619952667997533,0.6217703878019376,2.285486586450919,-0.1716502315810495,4.353494427340696,-0.8463880937102006,0.6836644556424285,-2.2916489295103473,-0.413646764869357,0.663777306323882,3.9608688638759073,-1.2101863166006295,-0.39817618088599865,23.279078238065996,1.8303290420097391,-2.7228141627154088,-2.2435127825502796,20.383275982965007,117.88344723746965,41.57137295116103,-21.28357127826121,0.8736532725861895,-1.7103489495800202,-51.94553233764872,20.672085406370574,6.6789343698618975,9.98269337484688,5.422584986675548,1.0
7.844396996888344,-1.2261744461802766,0.18719299423213376,0.7335062106552549,0.6452413505141585,0.16667012027586514,0.13361627716735738,-0.1182803444425779,0.1391729131997515,-0.16656649273466081,0.07410678952128315,0.20401819184528197,0.27349805039090064,0.24565877538594513,0.023571242887273525,-0.0678800714775399,0.7123507878433419,-0.35433136344399213,-0.1437566902798247,0.5021449889212655,0.27146874187199904,0.2425195878029042,0.14812173616294558,-2.237751996598538,-3.5730521668467743,3.7858921264707646,3.163877904983177,-1.5524314572073359,1.0662505851543551,4.867353385938824,-0.17609710881462842,4.034930746415251,-1.714088629464019,0.7203777224709375,-2.5871946890639705,-0.20398455566063492,1.247757010338701,-0.18211764357902405,-1.9173901933335562,-3.828180255732611,15.207187959640208,35.333105851706755,-7.351689678042623,-50.680208507607546,23.432631338011163,80.11609114040817,22.408520688560017,-71.6292091779071,3.3812589767109196,-69.13183222515067,-34.10405603079878,18.520742451158767,38.78560967960601,13.610709975214608,-7.715387664971534,1.0
7.85410238541584,-1.2211423092388345,0.19233866853984283,0.7369953682653039,0.6457722130950954,0.1733512241756414,0.09882018531939758,-0.06137013128356894,0.19287120005761688,-0.19251084866650664,0.10382872732049894,0.31132248079413394,0.26993992589875904,0.31633219064826895,-0.02884477154393567,-0.07898076779461448,0.6500773520933293,-0.32123527349624836,-0.11798354028235657,0.36743968975569347,0.2213862423353657,0.3178329360504154,0.682297973777437,-1.1717663627367791,-1.9864003022048997,1.0980255480929357,2.281538247155242,-1.117891453496628,2.0042487898149286,4.917751688982807,-0.1555859381720184,2.461547233224341,-3.0575588017243427,-2.2224339987729955,-2.419506491328839,1.2225727379839417,1.0599233984704914,-16.72020996050556,-4.368533903113952,8.021078693010484,10.789937817007806,68.82701092964112,125.75039246377426,-196.09810497398612,-15.507846571557685,48.24291788986609,1.7434884706222427,-71.01503882286801,3.45629181907659,-131.22758024059394,22.566710904420816,-94.52334317274605,96.60715621923994,43.023858222228505,-31.392555031616247,1.0
7.859980975186507,-1.217526815315698,0.20001942408292772,0.7332333838662874,0.6517829560287063,0.17576676567456992,0.081570994224515,-0.05631625320238909,0.2247053857650431,-0.2043699659893997,0.14237004154682245,0.32040822088114473,0.25908792581297957,0.37362067947000344,-0.10797845995756432,-0.17813033370759435,0.5568748492863886,-0.20269039049164533,-0.08814399122811621,0.2539236683923772,0.14153052419517048,0.3975600904239718,1.1542820473110984,-0.7752583623846445,-0.9899332004925585,-0.09935597217995427,1.329360767825612,-0.18709160431024974,1.2415603116493232,-0.5486940753272713,-0.5331287432503466,2.7038862987406276,-3.5557434284216045,-4.810533853355246,-4.535251473716446,5.43210894079419,1.3952358004273622,-3.0516069862742343,-4.926171727670412,-1.0615691571994064,8.460005260117258,14.617601087055792,20.688587822433067,-25.760884375774186,-16.75417831863584,25.623385964633343,-88.60829066093441,-22.35644870097091,10.063275798624248,-50.66498784317225,131.06647953994283,193.98106467097261,101.01059779531623,-105.53315902755257,-20.055694113771597,1.0
7.865266599791168,-1.2153471995051,0.20800445353628255,0.7245496861527368,0.6629607556750177,0.17484666940333152,0.07028108514630046,-0.0648474870916543,0.23594113681370082,-0.1821024161064031,0.15650881235298428,0.18602585514180758,0.20411792534277473,0.4456335498012935,-0.17192192152361502,-0.26909579386275806,0.4063501474900676,0.05888301428748406,-0.03189298733518988,0.2562790481290705,0.07922655983193906,0.4105272451814907,1.9304716157615136,-0.7053479330630483,-0.2977235726046945,-0.6290548446921601,-0.29798655290711196,1.3717389359193242,0.07336743510011741,-7.221159339575765,-2.727568612547246,3.566038961902993,-3.3088998021781433,-3.2155568155609004,-7.935391718591698,14.503461040437188,2.804455056617598,-3.1164451333351524,-4.31446502615677,1.4049470093248937,34.24773186781229,9.585446240024481,16.711632915498942,-38.00046721431571,-100.43641060225411,-16.949951159564154,-53.687701443319625,96.70504054122733,49.90155535367413,-76.67025412120027,9.321455774480174,260.4058524422136,142.12007547381282,-223.65125636077022,-50.93128512507745,1.0
7.869339153962718,-1.214510278603343,0.21573931232360627,0.7097778141840181,0.6792734232323194,0.17583733573957946,0.062324171413746764,-0.0880747398671188,0.2187092529622649,-0.12156249783081079,0.12908397937282665,0.016346587568629202,0.1383227085940202,0.48136680176410196,-0.22861555833891764,-0.24648452901861373,0.3174048005178711,0.256308502878224,0.0400913980887502,0.16982976139424488,0.017989163332182225,0.3513207220766959,2.620687076687994,0.06015403184686599,-0.12634084756170744,-1.7996092127372811,-1.7219166532389467,2.8274938033634096,-1.9627123931813226,-7.809545463273591,-2.922094777239133,0.65607797754388,-2.6613445124990895,3.11334526014576,-2.259886421871363,7.204600022283252,3.1881017563735106,-2.859641135119874,-1.2963019588234277,-2.9750275888110083,39.45064923950683,35.81790623189144,26.382038689081103,-77.15946147384544,-122.80329063709917,-93.9697026227502,-22.639362187966025,129.27588394740798,62.18616507473331,-52.87076572868493,-81.97743742151484,-43.22510394069294,97.42014554104551,93.70951935088927,-86.56858575744934,1.0
7.8717863558720405,-1.2147097658076034,0.2215918808834173,0.6889151190302228,0.6993494541573027,0.18036426642870415,0.0614412820267562,-0.14489654135855576,0.16878912281251976,-0.05025773916794181,0.0984424876069461,-0.07674135137825956,0.07647659321178252,0.46969793400570703,-0.27778523914614794,-0.14927833745664182,0.3175423341197644,0.31880746603339377,0.0950996765891155,0.10435259257179351,-0.02221344446296857,0.23449864449718094,3.0605083667407276,0.740225895734782,0.4476974634279794,-3.457260494686199,-3.293442643605988,3.115562143286588,-1.2002899234129625,-3.360689420810697,-2.6924325872705346,-0.8722769060018262,-2.580261389684468,4.342258943058733,0.6361068443581545,1.9897155886816271,2.250568597033148,-0.7589916221188004,-0.6626752020359753,-7.522669597840236,14.213129699499387,16.808410810016056,43.84148800337016,-49.58452563846526,-86.42782098540525,-89.1989254909833,26.218313198730307,91.32213212566218,54.96555670809762,5.814097781263317,-19.471534451006786,-140.92200637079435,9.29604575762718,-51.905286421215756,-53.819641712334096,1.0
7.87344866717143,-1.2156969161943298,0.22380087409129193,0.6652951485973526,0.72055548636939,0.18232961808462567,0.07027137884596155,-0.22518552155931804,0.09503378970922545,0.020699127826709247,0.07171966648257344,-0.09741813134509089,0.029035520258658958,0.4460939405716678,-0.29766178935463855,-0.027064225004444727,0.3262626068748707,0.29509861357023426,0.12121133441635999,0.07631139455350529,-0.06300417406036629,0.008919280958602487,2.8812238969051536,1.2225479711596947,1.5212505285226572,-4.339629258687347,-4.207404420474059,3.0596612372894363,-1.2772186845769031,-0.3842796432347529,-1.9902061138898604,-1.123935011042847,-0.40757935648254634,5.156935406575566,0.07248651079072736,-1.7349450393105452,0.9173927901960158,-0.13825187779104028,-0.9627538248419893,-11.653532892498015,-11.696340793310869,11.985713957385432,59.61305254421354,-23.145406336956704,-59.51123535045333,-82.59588810487776,9.77577897455927,22.408745199986985,41.52444826629965,14.833054322118894,33.21741938713266,-212.0894478905282,-37.27321939908837,9.286789722258614,-27.07561146917119,1.0
7.875098098502193,-1.2174640167720698,0.22106008565066138,0.6430176418865433,0.7389059366876242,0.18336630073241808,0.08320534061081492,-0.29917392991805564,0.012462984548456499,0.07316074003400445,0.02788038371440068,-0.0785951833586752,0.03901514792780797,0.4039883300732916,-0.2829014226975406,0.10542951309911211,0.35523099753287446,0.23721770433975334,0.14864802037748098,0.09804098528062488,-0.10019357410314958,-0.25688759786511817,2.37233827986648,1.2476116937509505,1.2307452365367775,-3.2948924551836747,-4.1034974608094,1.9881808016919489,-2.2483366035547885,0.968021606025457,0.8375972496423146,-2.4108218630782328,0.9609259641824107,5.209845808280999,1.544983687005177,-2.603543832053319,1.222730540817228,2.304618585113747,-0.8273442734247599,-13.566088619903171,-25.969674506212566,-8.622327632307437,1.7622142913089267,41.111675247318,7.167290252887293,-71.99988895318445,29.128450330569358,-27.861417721991558,-10.907950365159795,-13.349788514017861,-4.1004690506954775,-259.7741699887288,-39.544630276087204,62.437395865688366,-26.984301295749624,1.0
7.876219589495383,-1.2183968400683527,0.21803204758885322,0.6336638269315227,0.7450576685026206,0.18874044213484403,0.08795607168740407,-0.34313550995396624,-0.03201633197702898,0.12757246824734983,-0.021107500371142604,0.0008498557424155007,0.09184600839952808,0.3258833801516304,-0.2599227945478451,0.16336039756094978,0.43728709287864614,0.12460268366856166,0.18593046606783686,0.03436636846623197,0.03845366304778493,-0.028827679415017765,0.03580798520616296,0.411303685618956,-0.541348508072709,-1.469869646376163,-1.172365520206216,2.12671028484174,-1.9615434523059918,4.039116362510028,2.591638156574269,-4.22870903663772,1.2480071989306043,0.8911310555021492,4.097387905294469,-5.258292979164603,1.735228338530886,0.7103295476725435,10.032169872842362,5.344179997268795,-72.18274694885814,-36.86050346008661,-35.47327658581348,72.64753838631758,66.80248897279931,-101.0377622881921,68.0965119863086,-61.33843354093943,-49.51792219383746,21.222144005682814,10.311485313818558,-180.80157042352374,-104.52255516457559,113.92890772857615,-31.81929423968632,1.0
7.876159750383613,-1.2166358240464472,0.21767116893787505,0.6373193875694884,0.7405608774423432,0.1941479999076901,0.08775043681784234,-0.3663308357163696,-0.034475261964925244,0.1502083233231717,-0.0449324799420357,0.1698676349667103,0.14638793774772432,0.2193013661183894,-0.2613656046124756,0.09347800202188833,0.5720836220330698,-0.10526615085467847,0.2207844553054087,-0.036683649665305684,0.11134675802649528,-0.027526362151448727,-0.8118477993630421,0.1715922111456237,-0.22878086546634951,-0.8915274523381882,0.4992341830240045,0.4150491100182951,-0.3970758529190797,8.383242861362767,2.357956777592065,-5.28613488602186,-0.44957430308417007,-4.752690360626168,6.581767611032759,-11.011532040755784,1.5770707527655337,-3.498219245988339,2.561268390720818,-1.93612065974048,-26.068992950111728,-6.969277972720543,22.835205996117224,35.39706275531172,67.8913788162351,-54.60887008180496,63.7536018154088,-131.10278301231097,-49.97175155766922,30.195458173733837,-2.2886153334891426,18.02839211668395,-119.65885416070367,215.6659730323949,-24.288502610058625,1.0
7.874493344321761,-1.2138731298814802,0.21624864841905653,0.6451212169104475,0.7333034682539818,0.19449930919428648,0.09085514658845552,-0.391823862024035,-0.006445223345090649,0.14770607911634834,0.003947394802593266,0.330963419230184,0.17193831864505782,0.11729771093772993,-0.28240533497285336,-0.03010920785589185,0.6857610608767638,-0.3960807846215717,0.25981257119289053,-0.10925407884238285,0.16610330635953835,-0.10015122148834182,-1.2842273909410908,0.13881405298773314,0.04974356776703888,-1.0531667501006523,2.067705802626922,-0.1670759765008647,3.2186760109904005,7.250451856014999,0.9182168644287155,-4.735185032835244,-0.9625867302251749,-5.73246075119981,4.234086755037267,-13.411705572266188,1.8186945170027644,-2.159719365459296,3.4736297681686605,-2.789338116970998,-17.09183784820294,-4.567446210694207,5.938342338463708,57.08879942170617,66.84996254185808,11.983469090911987,-8.114825127831853,-113.84252053845094,-22.16353039158286,46.487026984439325,44.54537038462009,136.28393951318648,-183.65962275672814,245.7793162691246,-28.94918023442063,1.0
7.871868590600692,-1.2099614890877923,0.21369704089722844,0.6549850804629131,0.7244148874493734,0.19290653453061415,0.0948930142217657,-0.4028798550988911,0.04108919492447191,0.13095982307210954,0.07244184660042223,0.3866763629898133,0.16084511558869982,0.02382180794471341,-0.2865396956570312,-0.0972127188437952,0.7536508990929331,-0.6514963434942385,0.2665004924315959,-0.14095015033297004,0.22134525126226798,-0.1417083994122803,-1.4101071884593193,-0.004662315309560468,0.1590154640460933,0.13203726917816602,2.582095513690419,-0.8507007436099172,2.751286743358813,1.5487641459630597,-0.710640780062076,-4.495348128489904,0.1801344847992368,-1.7558621008646769,2.3156567197535303,-10.990790137988046,-0.0030998238884875386,-0.5988047462747272,3.0550515604049187,-1.2193335628937516,2.156381026052084,-12.705615243457597,4.526131141359869,87.48894555281585,18.537197431638457,18.628149948792895,-103.37168101811776,-55.20327047461626,11.922424772719205,26.964618947137563,23.90645613389668,145.78492052463514,-130.3416776011318,224.877513048229,-14.086964755768816,1.0
7.869122451491182,-1.2050306376720783,0.21083663741290015,0.6641591232153603,0.716721180717892,0.18904509307873302,0.09729008656080158,-0.3832338443822944,0.092330215550342,0.12050573704293234,0.11080694516913644,0.35416153594511435,0.13195946796675753,-0.059004874889110645,-0.28094851738273385,-0.09081005717399296,0.770531723862638,-0.8186435919848706,0.23083719680095047,-0.1335478899065184,0.270122722620251,-0.14479914930778054,-1.0941155759232222,-0.35754047396567595,0.2478412036782165,1.6779280310707603,2.4544196760332078,-0.4095491056968493,1.1605131120094954,-2.120227913143169,-1.3527015939411733,-3.8155107126193064,0.022271770898749807,1.3729031377994467,-0.09129918609793086,-6.711997644729879,-1.8630622419243972,0.32436050800073846,2.88332469584385,-0.3997845050534303,18.72221789628673,-21.087630570844556,6.655160629261866,72.17016565867705,-16.80242886012843,1.702200653326499,-70.47461591778139,15.965222253699903,27.417733032318708,38.22518198746315,-51.54078468733613,69.70728061643553,-80.8748623387957,153.49536193256554,28.88840965578117,1.0
7.866449504754852,-1.1993383849665378,0.20762742729390185,0.6712723388214057,0.7118902886998578,0.18187521652307684,0.09760670879994586,-0.3412270994486365,0.13548519033754097,0.1022249581532256,0.13173532710319946,0.292782077839685,0.09147694172945545,-0.11073341733147501,-0.2732061519674722,-0.06089024951009829,0.7695856872164807,-0.9085000258313679,0.20000805920189402,-0.13050220305210145,0.26501215714282006,-0.17845807960272225,-0.8314378880879063,-0.6237945462303565,0.5383501633435447,2.357459565457842,2.0524752936725963,-0.9887820886398858,0.8020520278117724,-2.8174168185558925,-1.8407976259330703,-1.163032223379491,1.8533431076366558,1.4905163850134637,1.4065650664387126,-1.797147434309241,-1.3756213947457863,3.5755522080518145,-8.8302513148038,1.025189989237416,6.8940605557259955,-0.15760074487838946,20.486482541762435,25.20387088448851,-19.21828060370541,4.856572950827599,-41.756676703481496,59.15935252517159,39.67200770823521,207.03179056789477,199.86810081198146,55.150209620229205,-136.80961709698408,218.19783634156462,-137.4167885020525,1.0
7.865143067341373,-1.1953925051316676,0.2041079260895852,0.6757533844809553,0.7100846873365522,0.1725099662960354,0.09683703682592884,-0.28771562188752303,0.16103799126280458,0.06287776864809115,0.1547063952140964,0.23687069963790214,0.036646314597589366,-0.09304470376711144,-0.23297516488032,-0.05356081110885557,0.7459831270828873,-0.9222614036010508,0.16195516583535782,-0.05365913971905617,0.1460799492341012,-0.145174950969031,-0.1704911079037087,-0.674679870995234,0.5270351168333862,2.6817431058254075,0.6810305146048936,-1.8337586218971988,1.2981433308131851,-2.333744507561122,-2.486909669446771,1.7313407730079242,1.6394622551161242,-0.25636624570086686,-2.721402018132122,-0.15813368271281245,-2.009363068243909,-1.1437018746595944,-5.206552988689473,4.6698264644616065,43.28087772726778,17.78187762917146,-4.163373156413401,-10.580976774571125,-61.609137636782954,68.44254178473932,1.1457951416302181,61.19430922919869,50.50593858819746,44.96027650139551,-60.43157427455853,-33.57010541937658,-128.47903120305867,43.684350604879235,24.93237513895294,1.0
7.865573513604581,-1.19420130348338,0.20201108853181718,0.6726661365300853,0.7149147432289028,0.16510217436783672,0.09569979466359228,-0.2377827419032587,0.1369076275704737,-0.008269934343313856,0.20162017681647387,0.17644275892966452,-0.040545959692238696,-0.015319199315200946,-0.21854883959747787,-0.08436166627161205,0.5669060220112652,-0.8974366079876132,0.1458038778707221,0.0450113404123397,0.018972185544825743,-0.06558771492477954,1.1133907561284866,-0.43673493055926027,0.36801787210855486,2.4744332293749847,-2.286403513050598,-2.9268701386789115,2.5322948039764652,-2.6168367841787927,-3.5415233006929365,4.430123209952781,-0.5026171337106614,-1.4141520065874509,-12.375102912577255,3.9164961295766885,0.08764979474192378,-1.5372361178444764,-5.32231354676562,8.828162072134033,49.15858348411927,-11.837052364589626,58.32075517022669,-12.624827178890236,-113.7579172753047,101.22508840826133,11.909562874501628,72.87194945462119,73.21100868841312,47.69259153369992,-155.7733482928642,16.122807638415594,-208.9804515756522,215.55355747804578,51.0074730810665,1.0
7.865123581229765,-1.194580805775495,0.1999989690342181,0.6636264507676578,0.7238399603742668,0.16064802004616316,0.09923638073886522,-0.21334665467142616,0.07184344107096256,-0.09245584189802024,0.27765107299902203,0.0990853989308,-0.09559062703150788,0.07587913681136664,-0.22716101779980338,-0.11561284820034833,0.2435031632436979,-0.7022779411436338,0.2169934197391564,-0.10376878558844357,-0.04686117966146879,-0.10778092645640443,0.9715056004311451,0.39805914390990427,0.7483333203550073,0.5537848231498453,-3.1355392219024987,-3.2037354798973565,3.6910265694929687,-3.4604396143366642,-2.2339039592609984,3.2173021650913878,-0.09659597906749834,-0.7979188634304895,-14.912858616661433,9.713309921313938,3.568523910288519,-11.596023249229185,-4.926945556924025,13.95984962304659,-127.32104443609398,16.16181863016246,-47.79872368586851,-39.66737720436605,152.76249363436446,169.08335147694802,-44.79917424037152,62.08670071369626,48.96665176202693,-214.88538177303323,132.02418781849568,105.65715702319537,381.6116638263586,-168.18453875839197,-72.77232354369625,1.0
7.861048510437179,-1.195742827578672,0.1994312215754351,0.6610208340253407,0.7244665236494516,0.1640116971475539,0.10630087626403054,-0.2010453610644922,0.03690754615482151,-0.12387193113635923,0.29231844932578843,-0.04234579778016852,-0.08429114441554089,0.06190273894002674,-0.21373973443972655,-0.0813808899066039,0.1488704334036894,-0.5649010634492312,0.23959526587591837,-0.2619274768883893,-0.054205298866980764,-0.0048092323383093875,-0.2504141313493419,1.013979804126618,0.03294911859908056,0.4925551705213268,-1.02203127215496,-0.6775914927271715,-0.9602979227971988,-7.16682486301854,0.9522780577531175,-2.5686002113287056,0.6967862842599712,1.6948749662151947,-0.013184733222559752,5.496012340987774,0.6001762357326483,-4.985431500091762,1.2532356801519793,-0.5425037955373554,-30.68669734450095,18.386256263898918,-9.678726476564073,-25.188778978323825,55.80249735333965,67.19579696457566,-118.08543125119132,89.06647960210533,-11.284351962206735,-111.72534801125798,-14.414936295255579,-93.72953610253127,280.9086583783305,-102.94486033425243,-15.79062244376152,1.0
7.856125807199724,-1.1972362177209646,0.20004031533845387,0.6606150384574799,0.7224899832522884,0.16928589722124554,0.11374656067736043,-0.19017678551418604,0.03330229520311211,-0.03314447301290249,0.25105599397826894,-0.12315151250986132,-0.075595858510666,-0.0008208104278085264,-0.212466093057267,-0.04019115476965902,0.20884830627570025,-0.42544418145751883,0.20473850929115503,-0.225779407535486,-0.08717556042570018,0.03907181986855495,-0.08637738339071904,0.7073134725529091,0.2991528541548374,0.6021286786165758,-0.5603860653291158,5.313650518833798,-2.044855098201478,-2.959179003093387,0.2526449949223455,-2.7201763485580384,0.20778182221980912,3.1987299671579805,3.4946698581301345,3.7884080053494587,-1.7306346688579455,2.4675864221545702,-1.1736229820663515,-0.17932587463027405,9.587138671905448,-30.52440480378665,35.21392953283219,5.532476037400492,-96.1279438906644,-103.18257123080113,45.836292102298714,70.19168320567691,-9.603600700852548,100.73397329115485,47.31012762918201,106.84714949437826,-70.2129350150492,-394.94965762868003,51.73998657115353,1.0
7.852365168687537,-1.1985947980680034,0.20026110027781202,0.6599880585335093,0.7224171272636937,0.16745501072509844,0.12036642477160492,-0.16533226347600477,0.006616905837329083,0.06277813215890288,0.1909256310047902,-0.12906063432991113,-0.0781301165557933,-0.03220562260803369,-0.2036770816658491,0.001299884653133345,0.25818477085161895,-0.3836313449480955,0.20408178599601617,-0.1727018162619629,-0.05385885143314589,-0.010454081948321155,-0.11904635682841694,0.16325364310452878,0.7782568018159826,1.3550958607403865,-2.1202679686267976,3.5685676516194995,-2.7731934530706255,0.20153690909582478,-0.17537181399494028,-0.8040700130681162,0.5411772660963443,0.9707766660102164,1.6400417376450185,1.816202226388848,0.26183700888902384,0.6536694766860911,1.4797656742330791,-2.226794244940302,-5.026167647071062,-17.433286088708854,18.947190812711273,-11.186832659325413,-83.47556545046999,-156.94274799712557,73.81186425966791,1.9874821026030018,2.12119588776597,68.14439578041375,6.151692559927559,-124.1315033979929,-80.64783042742926,21.946455440875496,-0.9473624555979125,1.0
7.849487867323881,-1.198938888824744,0.19940929777440702,0.6607189687011054,0.7220228016163333,0.16226955101671273,0.12570644835282982,-0.12781032474496787,-0.047117538613907196,0.0968862225232494,0.11752257129586745,-0.07130283993710818,-0.06658926128702965,-0.041229473924516376,-0.18765481881083831,0.033136352697821114,0.2810919909173156,-0.32324080374313985,0.23962446651349353,-0.13513796228353608,0.012665375166270417,-0.07162913715341437,-0.3533090755346631,-0.0241699779082424,0.6735128387657529,1.895384073617681,-2.875674210661636,0.7577766759617031,-3.2270637126181,2.953213405595329,0.618053729547112,-0.2611125309862585,0.7587228039717077,1.2151448306546158,0.7832914385324642,3.2419551811129983,1.7876232224474378,0.2229766635269061,3.2962470533260695,-3.2728062695758333,-15.845779398359356,-4.053959549055999,-4.279134266387583,-17.234628771085614,-1.6717110245473155,-61.175898568085756,101.90270889705064,-56.76900415445059,-11.43310991820797,14.657372875434023,-8.91556032197658,-63.93742756160564,-32.43876379163886,-43.904383695765276,-32.94731129621679,1.0
7.846582592809224,-1.1975189832224344,0.19666869600993644,0.6649979817492352,0.7183053061521224,0.15755762785468275,0.1303486299427606,-0.09338792407163453,-0.08984153505756526,0.11053983702781287,0.07508514040937897,0.06806071871455374,-0.03567344011147448,-0.06076663010819513,-0.17026962888601221,0.04098954226637581,0.3387571980889962,-0.36742989346574656,0.2780304542689718,-0.14320679791238064,0.12236885911030368,-0.18949868831030714,-0.9550459859535474,-0.03750820415568317,0.44163932871802025,1.6732857033116602,-1.5692498182044579,0.4845788280680011,-1.0833178507636216,6.968596017155362,1.488121069779891,-1.0511364240113354,0.9730437439036699,-0.1720111622111854,3.074007657824601,-2.984632704993031,0.7322310197809616,0.833855920928364,5.853238161560275,-5.697362078718795,-28.352388239490914,-7.4048262201158295,-9.208305520480232,4.1412860207492805,60.207307634232215,-25.74195749799248,102.27596624700344,-107.5550136822808,-28.12276011904032,17.719140347403698,12.46148223179996,-46.96555906255391,-53.50483486428125,37.31809949431088,-120.75866897041293,1.0
7.843438150588922,-1.1938366795107869,0.19151337288383932,0.6736699213232183,0.7105269912866519,0.15227382528443453,0.13465850842316657,-0.06697484336345502,-0.1024158002198206,0.11394559909839957,0.09639218730527113,0.16862603841570334,-0.024452416591255823,-0.08562161600960509,-0.15205145590117805,-0.004536506762194847,0.40918678955451554,-0.4399179684853533,0.2806542440673619,-0.1559536599337513,0.2413015167089736,-0.3181510117352715,-1.5567732094385702,-0.17237712737316463,0.41704981529933144,1.435392583608514,0.1580734185846957,0.048743824327815835,1.7643300831841104,4.145413250460025,0.30868577518413814,-1.0669786743639227,1.796387841667622,-2.081803232252766,3.2008372485579235,-2.574965329687445,-0.054061694445232414,1.163802478033255,6.164901470973814,-6.074264368499513,-27.459686007298995,-13.558938131426139,-2.420968789131724,35.341134646920125,80.12525630755798,-6.620833853667186,15.425497477428534,-74.30848215920557,-9.329254596622023,35.5905465456724,67.52754343271266,-31.18958191769557,-50.92843838295196,69.54381624318395,-11.292144699231823,1.0
7.839432266191317,-1.1885396241779036,0.1842692399166166,0.6853945198752102,0.6992706296842468,0.14715246506151428,0.14000389498991334,-0.050716791721515685,-0.08368346257790162,0.11654117968069305,0.15413641625302835,0.21293821675302166,-0.026243797904076327,-0.1277064980014818,-0.10841293193051578,-0.04564372768925405,0.5030182851611577,-0.4812940703304049,0.27635123268537753,-0.20841716304317534,0.28476417064798853,-0.3924416503358335,-1.8626986404060806,0.02652048126772085,0.384105165305456,0.8044422966116034,1.453261335834379,0.11305106049780042,2.750773574765111,1.6817887489476862,-0.13556014270857406,-2.2813040295368765,2.2670444765421855,-2.452124109388294,4.902633459712684,-1.6824191298180076,-0.25467437131878656,0.7108474591520964,2.1059460881977374,-2.9128161216163333,-11.040559490441645,-5.2315005052082295,-0.682234226200913,24.205240593096082,48.51860998678193,-9.234519462070734,-64.72078734937531,-30.376098396496694,2.6952885402814415,21.73297704611623,-1.8819406124738307,-55.1512877647838,-38.38569951533865,38.430754130309765,0.6502903222929599,1.0
7.8347667856458285,-1.1835185739686844,0.1786955673248428,0.6966646225671353,0.6877868453478572,0.14125692237299098,0.1471534604130816,-0.039353910727956506,-0.056938095788048544,0.12719259087466464,0.19983761150853016,0.18642184358235336,-0.03499791520866487,-0.17293408728479812,-0.07009742231316478,-0.08833649684117297,0.5951044848474321,-0.5021863689057245,0.27164428553609105,-0.24315447029018433,0.21878851785129652,-0.20024058285361232,-1.6414245440080475,0.10220373361108581,0.7100448667850355,0.5022264533373825,1.1289883845336273,0.558589716192434,1.547526833844894,-1.787180240983685,-0.43549943897540944,-1.9979813782267948,1.569252342005462,-2.0611421612137204,3.949173606077943,-0.6269928312799353,-0.19801346705736583,-0.46961402326390966,-3.7248114953790297,5.230743266114456,15.978930320068118,-0.2821473426977387,11.946508707915775,-4.283512258523146,-22.61050260193909,-11.403839789621408,-85.23951691936043,13.885036164354226,6.508513521506534,42.439558780608884,-35.170777118730754,3.527983020345117,-94.61160267906445,33.16622232520618,4.647946610504041,1.0
7.829815565202433,-1.1804978451428534,0.17574712917960253,0.7042600543860017,0.6791254008033083,0.1355483723694231,0.15631092261250473,-0.036713899727441525,-0.04176957991996349,0.1424333067039934,0.22180857979408353,0.14261490290278483,-0.050089456353340334,-0.20003713115254626,-0.03907346488158769,-0.10716493844377747,0.6383715521605948,-0.510348259601876,0.25081325549454436,-0.25281020716255376,0.08727410676251664,-0.10848855095951147,-1.0470933753024716,0.41299477639634286,0.8726271665982263,-0.22798143924070058,0.33049409924834733,0.6671470835232891,0.681751306989434,-1.9910656634113764,-0.70571869105221,-0.9841930203182069,1.4414357194133276,-0.07890909963184761,0.9240148599576169,-0.2820505237378418,-1.2584690449435934,-0.8216662695338744,-6.85614548242434,3.365882078623271,31.586635998486578,16.758848432583566,9.962802533078545,-40.00779891536304,-46.45739345337304,-18.320587729703742,-42.58141418455454,35.76090315018276,12.889225657881152,13.955610713519414,-24.233882467067755,78.29180353506437,-78.83052265715683,15.30945437018157,46.296469300410436,1.0
7.824917350054955,-1.1798428655753763,0.17409788520703162,0.7072522061914887,0.6743028772137319,0.1312437432939219,0.166988102764103,-0.046302519980155686,-0.0489300916740908,0.1427837641838308,0.23248649710568986,0.10650791770882939,-0.0790777578005753,-0.21278316576930223,-0.011864963881998494,-0.08688957493178198,0.6360423433006708,-0.5145966580540251,0.24700377030763718,-0.23994708808357806,-0.010705624965350862,-0.06369787482889686,-0.5212746746775508,0.4813624258240673,0.9928469355201659,-0.6380632640143346,-0.7970533454402988,-0.10282761356250472,0.35148990774293576,-1.5228531893318162,-1.3716869240864646,-0.5058220010738553,1.1548594036454265,1.4494361900100179,-0.5580677919305435,-0.10258964668714651,0.016394395331561444,0.4530923274588331,-4.612167094562948,1.930773679912048,25.224159893394145,1.48645259203222,7.677689440129183,-14.103772508122878,-40.67266554618454,9.409969651520544,-21.4719592215295,32.42431919650556,26.086651314593077,6.251472567430614,-34.73609806086415,15.38041351532381,-22.576811371387702,10.287395922990884,10.605097664569849,1.0
7.820743493944664,-1.1812385580394469,0.17348663438269832,0.7060923884873871,0.6737720925304057,0.12695928827138153,0.17704814421224502,-0.05921842467916059,-0.08788954517274779,0.11567754341965351,0.24239445448517022,0.041879897359729135,-0.1346642242046649,-0.2005238671319128,0.006488986960601015,-0.05612914359017332,0.5499552466571342,-0.4814963515256644,0.25457231773983624,-0.1890256321269168,-0.11451530179293615,-0.004323144917570733,0.1202659793048419,0.3761306092560987,1.0143387464612459,-0.6231407486697061,-2.535679685747046,-1.185892902521657,0.38214106065347625,-3.157076188217917,-2.6274790663382372,0.8445323677011431,0.23996403394289675,0.47319618035939953,-5.130076386026781,1.6726661938908647,0.32703813159511896,2.0712992588169303,-4.4911739196188885,2.79480073669171,29.586421525621496,-0.6596472513989715,-1.5342499831697736,4.251609526667209,-44.344875927486044,76.61493844944849,-19.280664572027877,54.3743263231882,49.76319630269276,-18.248395470725324,-104.06083722287781,-183.86330645064112,42.450031943413805,-38.447280813733464,-4.389900854922374,1.0
7.817909475337409,-1.1837357853016983,0.17373324027247167,0.7022926702349807,0.6767150025800327,0.12213691195251304,0.18418573602760704,-0.0629223557027034,-0.15913902121577833,0.060981411592153124,0.2469661101656857,-0.0708663816643824,-0.1877999539302398,-0.15828495621120428,0.015440669220019526,-0.01915476999079501,0.38824210927234243,-0.42016262665145837,0.26942121972754324,-0.12040842378962582,-0.13308120867521633,0.022169138504787387,0.3993565816866265,0.04789418497798834,0.8834671883457954,0.0160495315609975,-3.846696057070192,-2.288098615739626,0.07845840455681624,-5.44840609805117,-2.29415746328171,2.325968034406991,0.35383137528317965,2.395511281229551,-8.149273356484054,2.7874781685674908,0.2603708016867038,1.2642844593257265,-0.24587723058010771,0.6973596340296424,7.737496457058822,-5.521782514884621,-3.3898898911079356,12.552290325275948,0.43839182329255466,128.81286338758366,-9.123725733465516,92.06160157074451,46.72478082887438,3.5132558005575447,-31.09691052508823,121.60264879293001,59.04013154466734,-65.98825331143159,-44.307184775052214,1.0
7.815613707888061,-1.1861004381941507,0.17396184326172356,0.6985753509138091,0.6798808645410819,0.11719575467717953,0.1897884195944691,-0.05566681746857795,-0.22989505200422045,0.03193255774934519,0.22429492992164562,-0.1828462306078938,-0.18125073856213758,-0.12412017804192423,0.02865421650516578,0.041867229447923995,0.2803661321305546,-0.3579571911408088,0.26923987294001434,-0.12140934090603142,-0.10581585492398655,-0.0003375560626853783,0.22359515364675345,0.028008602773585776,0.8397407170067276,0.36656362906943396,-3.1759495486319502,-0.6313563544134602,-1.4595191558151,-5.020871846131897,0.7103825186769691,1.1867855819476618,0.6410702074347224,2.756162242208198,-3.398210665732655,2.8898366227336534,-0.09452834128090624,-1.3665278715649016,1.509941596218887,-1.6162742521724098,-12.33888965999779,2.720624164371855,2.648849981444577,-16.421883271725612,42.94950389907175,84.0620735683105,5.859139108920334,87.30366948668029,-7.790411237990445,-70.15316911702374,-13.863486281675915,-153.66351304440974,204.35029063959428,-4.7267178477378335,0.04551476150196115,1.0
7.812465676114159,-1.1876227514775168,0.1733072437433274,0.696937533830631,0.6799478103464749,0.11388018315526165,0.19743442715908513,-0.05044122369050712,-0.2671372095550833,0.08623010737830734,0.1695467351210681,-0.24060724651097287,-0.13563708266773375,-0.1434917383736004,0.05760417788994551,0.09451123650516692,0.319877777386923,-0.38133587636730565,0.26453489976071765,-0.18261451992666872,-0.052852821259005575,-0.056374071835872286,-0.23168523622458959,0.42653761930897044,0.8154037250375289,0.022378050283256568,-1.4540742366091128,3.12752039697749,-2.780881292077853,-2.1920176619691705,2.2284844238806922,-1.8872110352830194,1.805281538377547,2.517690277736227,4.536276959143619,-0.7491633316569455,-0.6505543711738458,-2.2515620022142593,2.461627023410533,-2.3410977388673166,-19.640796812822426,4.179369688716747,6.198921410454757,-30.614517148713443,10.812065943507385,-76.62161754291996,47.25982363430589,43.67199627806963,-40.68701368138971,-39.86149485966625,9.79667307986418,-14.124416270218127,171.1039463239216,161.77727955225035,-45.544781422495376,1.0
7.80865530701453,-1.1885540053835597,0.17212918318185036,0.6964671223792704,0.6779214131357847,0.11215054639829698,0.206829301597432,-0.054457689142848875,-0.27660520510356196,0.1748288422239727,0.1265451913226084,-0.22320287939580966,-0.09320910128106635,-0.20164235901912458,0.09137980667851277,0.13144780852725102,0.4479564958998954,-0.4679893659464268,0.2605563006076653,-0.16556844377313243,-0.05919117697662058,-0.038509339491829615,-0.09178932848864965,0.5325875504002329,0.6756018385980419,-0.18461322534091243,0.24347571763245815,3.240031417319962,-1.1770561654174627,1.5665888929623344,1.741146350008392,-2.64545434484499,0.386895917811002,-0.13370504891766066,4.871619923203164,-4.697967203919753,1.3948399714464528,4.208234527950609,-1.7225156738424072,2.780539058203181,21.126123477784517,-9.871628767035395,-12.584762374845647,14.611905308511842,65.74047510984053,-176.58809395123984,79.5533133919859,96.23723118239316,33.70631434896222,67.95865933317901,-141.75308981806384,-198.81944129528267,-208.96490481111522,21.090792832072964,-117.53878982957193,1.0
7.805994860324115,-1.1895522761125736,0.17147854768779108,0.695315399396096,0.6772141939331494,0.11096175354493018,0.21355308508273785,-0.05803137839088533,-0.2548887210809731,0.22038478424230565,0.12911869912083998,-0.1706326199439404,-0.06878784562636309,-0.24523121357431302,0.09311453886902919,0.11404167748093673,0.5284387565739519,-0.581280928939794,0.2396774270685481,-0.10813807191006024,-0.03189403743913815,-0.033365621565029466,-0.11369202051621136,0.27348500803204134,0.47271521285669726,-0.04022491483538846,1.485451355183785,1.4306835255907173,0.5565341290031465,2.6479701193058576,1.0799537995119288,-1.8109085607077575,0.3626139220750576,-0.6321367930215149,3.4320003230656297,-4.934080072724819,-2.27582860853741,2.4982996064024197,2.582202744260813,-0.42191794402076643,-8.031840108301518,-15.047531546808928,-9.494054695558257,21.69063636800787,25.54569524725014,-86.84637462614324,13.862229211144047,-33.75611114356073,-10.318498480664468,36.961497332110945,55.89561507954359,65.30500208592147,-51.87885705874392,134.78431474958393,-94.53819944351099,1.0
7.80440645789178,-1.1896258859280668,0.17075096516920826,0.6956984482530358,0.676205489685427,0.10822430634498194,0.21688085285187295,-0.05146459820355455,-0.2199817393934957,0.23285692142821537,0.13996892355461,-0.1041800404759024,-0.0594470310544411,-0.26945144676843913,0.10533649497973045,0.1126256024049732,0.5837367013771319,-0.6549600590389094,0.18801764032640755,-0.05686227064636244,0.017322000783683608,-0.03696798456197847,-0.2377703534836031,-0.1263550185435679,0.34129324569235875,0.6322158078696295,1.93836895771477,0.09087092464162543,0.5205279120152513,3.0645353400529416,0.297108571598815,-0.6836115920908377,0.6078799941121469,0.03838169176657348,2.1017166419320503,-2.856152758822306,-2.2066755507174007,2.4903406074413557,2.2314286901019162,0.05299338353150436,-4.010377059560863,-19.226702273289526,-6.534371001993513,33.82908740494334,20.571746103989547,-47.45503014589526,-6.153317473907913,-54.77292065908555,-7.752403782038398,63.072102021554215,-20.06253518365864,-52.737143526743246,-99.8371834701584,57.23995693486559,78.29173538035487,1.0
7.803824473180505,-1.1888066964029356,0.17003498372787643,0.6973115651949305,0.6754487705786083,0.10293130423831613,0.21663491403059287,-0.030130414453690347,-0.1739878245296877,0.22611803609009118,0.1508671464124506,-0.03408655563047891,-0.05751281236243489,-0.2707464713608524,0.10624626346320266,0.09441148684252387,0.6103794812147165,-0.707069330718958,0.16150611958232836,-0.008399346667032952,0.05892118258689558,-0.035085769950541315,-0.3029857041668015,-0.5628912003552529,0.2523342058181926,1.377084027297143,2.5929740274871294,-0.5771763533030224,0.5527480964318756,3.171684329953963,0.02955420214508022,0.33102969983479336,-0.23773864922379437,-1.3802656368295831,0.8607195857211863,-2.2082631802461195,-0.9678024001361905,2.1064983713128234,1.824579045496845,0.07774855741817072,-2.962007152229962,-16.399869049374285,-5.6145572496295335,30.222831379086895,31.572090770440287,-18.902735196207164,-2.6810488210212657,-58.051477615916255,-3.0915575939724422,33.243380459269005,-17.62295189867015,-29.596633803141557,-35.943026282179694,50.36372073491364,26.17504775821538,1.0
7.803748605168127,-1.1877205379494462,0.16981403760179292,0.698774024279659,0.6755466575241044,0.09718212373452623,0.21425968199002876,-0.0012397828504885139,-0.11664384051746995,0.21704435304502573,0.16022361900288937,0.03716343098209678,-0.05292453795441773,-0.26657902507901554,0.08375321522578058,0.04532278196451085,0.6349142618798945,-0.7765340336206658,0.1556907316430874,0.00059952989768698,0.038813967276660866,0.01483638155119027,-0.04155262430818184,-0.512486608213251,0.11219986697304493,1.3883055603457115,2.950319147242286,-0.47065854945176683,0.413930220067226,3.2042594159479214,0.24085102421370913,0.11692741704091446,-1.6545150222061755,-2.8211047108098817,1.1859276827210528,-3.2656644928813723,0.054241953608261215,1.121726095984193,-1.481017992387426,1.5228388095179297,12.468274455012365,5.742865186419927,-7.885483377566907,-3.37829680344687,13.85984743048799,-7.875175862718812,-6.482642794802379,-62.783542306111116,-3.878055213670342,-1.360252511068107,-25.548780495497773,1.3652114157634578,-16.85322864065749,70.87420398013317,28.320123359994316,1.0
7.8039623318623415,-1.1868702748074982,0.16981871142347554,0.6995215714299045,0.6764102968244541,0.09198784572414295,0.21136915028717568,0.02683759922251228,-0.04809307665132255,0.20900704871799997,0.17083323019807997,0.0962908351403866,-0.0426401277290888,-0.2642899141618084,0.04349934849843401,-0.023127747568494218,0.6647543080248125,-0.8440893293295922,0.16902129584784875,0.02222156103552083,0.054869980282116856,-0.016508541193591554,-0.14923161546516545,-0.6809646672555111,0.1505790106688499,1.4899192251169282,3.803768335444332,-0.542155172077437,0.5183611070342201,2.5377598268675605,0.5001079326965353,0.22904220963685373,-1.9412039293816732,-3.4304275117795866,1.5533709908432154,-2.820002662397248,0.8485277610293159,1.1041142922237124,1.5673498622096755,-1.229475823619877,-7.635524082771828,-9.542580301400744,-1.2310482868991823,8.614605618997116,33.27179001047877,-25.094775813817417,-8.519701747030812,-50.52487776129239,-7.334186836929733,13.67305452338793,24.92982323594276,31.45072881159025,-0.0723085441981075,84.8045664880796,3.6827844166569843,1.0
7.804101025135015,-1.1858907676214985,0.16962581390265666,0.7004790194857689,0.6769696464303575,0.08658650909204954,0.20867203338124662,0.0510313179069198,0.031114784198672314,0.19552202731988402,0.17593300103487988,0.13980291372120865,-0.022303894161893777,-0.26863837625158843,0.0027611975010763228,-0.08630957302179104,0.7124629265891683,-0.8838872239132607,0.19124896984853343,-7.710113555302583e-05,0.043307267585536435,-0.007312259592856912,-0.09315440618695466,-0.5172427734237248,0.16777471221520884,0.9929147404847304,4.072824593373277,-0.8112962022165815,0.0901368069832763,1.7972598110245595,0.9725264502174078,-0.3441957189306401,-2.0299501830575983,-3.0629377975272694,2.2806970551789894,-0.7609970154921144,1.3934079033575264,-1.8624960302768627,-2.1649439333526734,3.708539012823128,18.056394467528914,18.41520207283668,-5.76794221352972,-41.47377077309265,-21.623704451930653,-22.539672662613444,-13.789316153918481,-37.78861176611783,-12.748423446610419,-20.095053222764538,-24.68695543644648,-10.419877891356517,-50.508958573006886,115.48111800294141,5.784454527617883,1.0
7.803824041109957,-1.1852185766077117,0.1694506822167981,0.7008202920571607,0.677530163947164,0.08219308321048813,0.20748034185193986,0.06329519179720836,0.11417993133119282,0.17748640104546723,0.17144135433117813,0.16966676850740178,0.0036981362485954254,-0.2811076211318881,-0.02794823272644524,-0.13504938965877375,0.7649214033888065,-0.8862722489171844,0.20067743063731347,-0.018131283109460952,0.031761082514843796,-0.012472505363911417,-0.05621153943527012,-0.4043824493549949,0.278824529190138,0.39434386519473796,4.219930093765802,-0.9949902305937812,-0.3787445526706724,1.194749925269161,1.183866038784518,-0.5601359538746818,-0.6021990860906038,-1.151413181255665,3.0687387569069036,0.19285494836944142,-1.4975799321894832,-0.46069284329468013,-0.5051576421538957,0.3376768110432367,4.533273396996276,-3.931859306600046,9.285238237223963,-23.183558174529864,-1.3699783098195342,-10.744997554870556,-9.118129765171545,-31.217559316206938,-21.742513378378977,22.262098741305003,118.18185801294811,197.459229636698,42.81415345754237,19.024669322801596,-102.37324257508217,1.0
7.80339605980954,-1.1849711318932836,0.16937379417900159,0.7001184833890196,0.6790703394187829,0.07648511750432922,0.20699664282076222,0.06622230194630166,0.19477418502533664,0.15280599064964473,0.16124973311500573,0.18662365004551998,0.02369333845069119,-0.28446079753737563,-0.028742876729084682,-0.12820564830649145,0.8147769105200221,-0.8809847554627531,0.19663044950868866,-0.026566005745036484,-0.011021780581393269,0.003966769797458668,0.13905383580113215,-0.4689298151625884,0.45475593936241954,-0.13172633674390452,3.8718689417005954,-1.227980265175459,-0.5203961581817547,0.63620305997027,0.8392514827385735,0.18136280066457416,-0.18225516508008638,0.1803564975473339,1.394805203229711,0.16911216122038028,0.9847590646590961,-0.7734308707892812,-3.076732976718054,0.9720641670109573,12.51158739082876,2.076152893351339,7.6166345215944045,-36.693758912618655,-19.845446852808905,11.548480639661701,4.244431048130007,-18.879695056845883,-16.767563748696826,27.359317622075473,-42.436536297919744,-51.308973636984334,-113.74615831798322,-13.020707501564761,51.8414928636376,1.0
7.802969655565962,-1.1858624431377747,0.16977464119577498,0.6974610203022522,0.6825628331182465,0.0700697069277685,0.2067518807062948,0.05831722492802718,0.26456090786486114,0.12072335870129548,0.15219191709245597,0.20719516726530804,0.03243840279332643,-0.2742915939226148,-0.040487424558306964,-0.1297035571375296,0.8256933971654401,-0.8799110374077781,0.22787440834839912,-0.015329512827573166,-0.07040722039921302,0.03585200165405714,0.4338660206488071,-0.5530203843389264,0.5213500933194414,-0.5791965154196509,3.233006874917792,-1.475326007116363,-0.3851061677471906,0.9659127884407557,0.3174312026696745,0.6750293364032303,-0.911880351022682,-0.2441051454408199,0.1707953985306696,0.014413930366082317,1.5361942048815236,0.8112228414962719,-2.77006492284615,1.915202227701191,16.669886730028065,-3.885244449997329,1.5113466465125747,-17.887809173502603,-27.666665396070076,34.88393475510561,6.640929481666767,-19.010539257774848,-6.855162560682711,13.52221594830104,-29.91408731282973,-7.79060443891994,-25.218505957887206,-1.668297231424451,-21.899071477246977,1.0
7.8029706371205405,-1.188001444853285,0.1709999418117596,0.6923114579558831,0.6887680194885346,0.06319649217471199,0.20569313039003478,0.04304290772482861,0.31996637331057604,0.08984518018262481,0.1496715578059659,0.22874495807534512,0.029518780791307042,-0.2556119346938075,-0.06772521284532448,-0.1381513601122829,0.8228618952266705,-0.8805201601685386,0.25553915612993244,0.015061948715489461,-0.1363238565809906,0.08210816553580919,0.8299923320761248,-0.7114186711904186,0.5387889960977572,-0.8457454599538259,2.4433211622844344,-1.248354636735661,-0.03171791762142087,0.9713537252654278,-0.19739253046254326,1.1059707917837531,-1.6766059283964467,-0.47342995608246097,-0.3192850085525413,-0.049361733057348825,1.3061755678929194,1.8397989933480534,-3.0852433397669143,2.3498118235575616,20.282860813215482,-7.246392598595175,-2.23319053803099,-4.676128468419083,-35.4116587657311,45.83345584708178,4.230864506747379,-18.94464568386333,3.3629678360397985,16.158535046047856,-21.158621099324556,11.780652322067311,-16.823835729783916,0.19033727864930228,-24.928948780404422,1.0
